poll_objective,keys_team,ballot_model,power_rating_vs_average,ballot_rank,poll_points,top25_vote,first_place_vote,model_id,model_level,model_family,objective,feature_config,fingerprint,checkpoint_sha256,training_end_season,selected_feature_count,calibration_status,calibrator_sha256
margin,Georgia,scientific_f0_m1,18.506113507252216,1,25,True,True,,,,,,,,,,,
margin,Texas,scientific_f0_m1,17.653642985903897,2,24,True,False,,,,,,,,,,,
margin,Oregon,scientific_f0_m1,17.614936216285923,3,23,True,False,,,,,,,,,,,
margin,Alabama,scientific_f0_m1,17.11727774976906,4,22,True,False,,,,,,,,,,,
margin,Ohio State,scientific_f0_m1,16.690581694218498,5,21,True,False,,,,,,,,,,,
margin,Notre Dame,scientific_f0_m1,16.17264825313984,6,20,True,False,,,,,,,,,,,
margin,Texas A&M,scientific_f0_m1,15.249676115701629,7,19,True,False,,,,,,,,,,,
margin,LSU,scientific_f0_m1,15.192537551027474,8,18,True,False,,,,,,,,,,,
margin,USC,scientific_f0_m1,13.682973535926337,9,17,True,False,,,,,,,,,,,
margin,Florida,scientific_f0_m1,13.317563198937574,10,16,True,False,,,,,,,,,,,
margin,Michigan,scientific_f0_m1,13.269179736915095,11,15,True,False,,,,,,,,,,,
margin,Miami,scientific_f0_m1,13.081175427342064,12,14,True,False,,,,,,,,,,,
margin,Tennessee,scientific_f0_m1,13.079332247836444,13,13,True,False,,,,,,,,,,,
margin,Ole Miss,scientific_f0_m1,13.071037940061164,14,12,True,False,,,,,,,,,,,
margin,South Carolina,scientific_f0_m1,12.018121647476885,15,11,True,False,,,,,,,,,,,
margin,Clemson,scientific_f0_m1,12.017200057724079,16,10,True,False,,,,,,,,,,,
margin,Oklahoma,scientific_f0_m1,11.47760925745441,17,9,True,False,,,,,,,,,,,
margin,Florida State,scientific_f0_m1,10.597369682210717,18,8,True,False,,,,,,,,,,,
margin,Auburn,scientific_f0_m1,10.42008501610609,19,7,True,False,,,,,,,,,,,
margin,Missouri,scientific_f0_m1,9.506328776195968,20,6,True,False,,,,,,,,,,,
margin,Mississippi State,scientific_f0_m1,9.329844338533043,21,5,True,False,,,,,,,,,,,
margin,Nebraska,scientific_f0_m1,8.542806689634165,22,4,True,False,,,,,,,,,,,
margin,Kentucky,scientific_f0_m1,8.5059430995218,23,3,True,False,,,,,,,,,,,
margin,Washington,scientific_f0_m1,8.090306121004945,24,2,True,False,,,,,,,,,,,
margin,UCLA,scientific_f0_m1,7.943773350308317,25,1,True,False,,,,,,,,,,,
margin,Penn State,scientific_f0_m1,7.9248807603757285,26,0,False,False,,,,,,,,,,,
margin,Virginia Tech,scientific_f0_m1,7.698169681184718,27,0,False,False,,,,,,,,,,,
margin,North Carolina,scientific_f0_m1,7.6414919113869635,28,0,False,False,,,,,,,,,,,
margin,Texas Tech,scientific_f0_m1,7.6414919113869635,29,0,False,False,,,,,,,,,,,
margin,Wisconsin,scientific_f0_m1,7.631815218982467,30,0,False,False,,,,,,,,,,,
margin,SMU,scientific_f0_m1,7.485282448285839,31,0,False,False,,,,,,,,,,,
margin,NC State,scientific_f0_m1,7.146137419252128,32,0,False,False,,,,,,,,,,,
margin,California,scientific_f0_m1,6.905602493768979,33,0,False,False,,,,,,,,,,,
margin,Georgia Tech,scientific_f0_m1,6.893161032106058,34,0,False,False,,,,,,,,,,,
margin,Syracuse,scientific_f0_m1,6.6148409267577435,35,0,False,False,,,,,,,,,,,
margin,Arkansas,scientific_f0_m1,6.608850593364485,36,0,False,False,,,,,,,,,,,
margin,Louisville,scientific_f0_m1,6.354952616465607,37,0,False,False,,,,,,,,,,,
margin,Stanford,scientific_f0_m1,6.247926843828656,38,0,False,False,,,,,,,,,,,
margin,Indiana,scientific_f0_m1,6.137918229679086,39,0,False,False,,,,,,,,,,,
margin,Colorado,scientific_f0_m1,5.970188894667849,40,0,False,False,,,,,,,,,,,
margin,TCU,scientific_f0_m1,5.931942919926275,41,0,False,False,,,,,,,,,,,
margin,Minnesota,scientific_f0_m1,5.839783944645375,42,0,False,False,,,,,,,,,,,
margin,Vanderbilt,scientific_f0_m1,5.775272661948747,43,0,False,False,,,,,,,,,,,
margin,Baylor,scientific_f0_m1,5.585885967746497,44,0,False,False,,,,,,,,,,,
margin,Iowa,scientific_f0_m1,5.560542249544252,45,0,False,False,,,,,,,,,,,
margin,Arizona State,scientific_f0_m1,5.5269042235667225,46,0,False,False,,,,,,,,,,,
margin,Northwestern,scientific_f0_m1,5.441996604997193,47,0,False,False,,,,,,,,,,,
margin,Maryland,scientific_f0_m1,5.41815663273526,48,0,False,False,,,,,,,,,,,
margin,Kansas State,scientific_f0_m1,5.373459529724023,49,0,False,False,,,,,,,,,,,
margin,Rutgers,scientific_f0_m1,4.929714063746491,50,0,False,False,,,,,,,,,,,
margin,West Virginia,scientific_f0_m1,4.863359601544246,51,0,False,False,,,,,,,,,,,
margin,Illinois,scientific_f0_m1,4.69793424091503,52,0,False,False,,,,,,,,,,,
margin,South Florida,scientific_f0_m1,4.688718343386938,53,0,False,False,,,,,,,,,,,
margin,Virginia,scientific_f0_m1,4.521449803252106,54,0,False,False,,,,,,,,,,,
margin,Arizona,scientific_f0_m1,4.494262905544244,55,0,False,False,,,,,,,,,,,
margin,Purdue,scientific_f0_m1,4.4362027511172775,56,0,False,False,,,,,,,,,,,
margin,UNLV,scientific_f0_m1,4.33021992954424,57,0,False,False,,,,,,,,,,,
margin,Houston,scientific_f0_m1,4.325611980780194,58,0,False,False,,,,,,,,,,,
margin,Utah,scientific_f0_m1,4.315935288375703,59,0,False,False,,,,,,,,,,,
margin,BYU,scientific_f0_m1,4.025634516240866,60,0,False,False,,,,,,,,,,,
margin,Michigan State,scientific_f0_m1,3.8228847706228883,61,0,False,False,,,,,,,,,,,
margin,Kansas,scientific_f0_m1,3.7993842319262594,62,0,False,False,,,,,,,,,,,
margin,Wake Forest,scientific_f0_m1,3.631654896915023,63,0,False,False,,,,,,,,,,,
margin,Pittsburgh,scientific_f0_m1,3.36208989421839,64,0,False,False,,,,,,,,,,,
margin,Oklahoma State,scientific_f0_m1,3.254724688016146,65,0,False,False,,,,,,,,,,,
margin,UCF,scientific_f0_m1,3.229380969813895,66,0,False,False,,,,,,,,,,,
margin,Memphis,scientific_f0_m1,3.14505550743187,67,0,False,False,,,,,,,,,,,
margin,Iowa State,scientific_f0_m1,3.1100350968251287,68,0,False,False,,,,,,,,,,,
margin,Duke,scientific_f0_m1,3.0602692501734463,69,0,False,False,,,,,,,,,,,
margin,Tulane,scientific_f0_m1,2.9054421717015346,70,0,False,False,,,,,,,,,,,
margin,Boston College,scientific_f0_m1,2.6699759898588353,71,0,False,False,,,,,,,,,,,
margin,UTSA,scientific_f0_m1,2.4773637315217574,72,0,False,False,,,,,,,,,,,
margin,UConn,scientific_f0_m1,2.3271446018138864,73,0,False,False,,,,,,,,,,,
margin,Boise State,scientific_f0_m1,1.802299237589164,74,0,False,False,,,,,,,,,,,
margin,Colorado State,scientific_f0_m1,1.7626708782183762,75,0,False,False,,,,,,,,,,,
margin,Oregon State,scientific_f0_m1,1.554391594083544,76,0,False,False,,,,,,,,,,,
margin,Cincinnati,scientific_f0_m1,1.4848115677464655,77,0,False,False,,,,,,,,,,,
margin,Georgia Southern,scientific_f0_m1,1.4806644138588285,78,0,False,False,,,,,,,,,,,
margin,Liberty,scientific_f0_m1,1.441957644240849,79,0,False,False,,,,,,,,,,,
margin,Temple,scientific_f0_m1,1.336896412420625,80,0,False,False,,,,,,,,,,,
margin,Washington State,scientific_f0_m1,1.3009544120610697,81,0,False,False,,,,,,,,,,,
margin,Texas State,scientific_f0_m1,1.0484388197914036,82,0,False,False,,,,,,,,,,,
margin,East Carolina,scientific_f0_m1,1.0014377423981462,83,0,False,False,,,,,,,,,,,
margin,Tulsa,scientific_f0_m1,0.9576622291397219,84,0,False,False,,,,,,,,,,,
margin,App State,scientific_f0_m1,0.9009844593419678,85,0,False,False,,,,,,,,,,,
margin,Miami (OH),scientific_f0_m1,0.8899253823082596,86,0,False,False,,,,,,,,,,,
margin,Western Kentucky,scientific_f0_m1,0.43604242904982815,87,0,False,False,,,,,,,,,,,
margin,Fresno State,scientific_f0_m1,0.35448173592623267,88,0,False,False,,,,,,,,,,,
margin,San Diego State,scientific_f0_m1,0.33005960747679586,89,0,False,False,,,,,,,,,,,
margin,Florida International,scientific_f0_m1,0.2535676579936448,90,0,False,False,,,,,,,,,,,
margin,Arkansas State,scientific_f0_m1,0.19182114455544585,91,0,False,False,,,,,,,,,,,
margin,UAB,scientific_f0_m1,0.18997796504982478,92,0,False,False,,,,,,,,,,,
margin,Jacksonville State,scientific_f0_m1,0.035611681454322586,93,0,False,False,,,,,,,,,,,
margin,Southern Miss,scientific_f0_m1,0.026395783926229655,94,0,False,False,,,,,,,,,,,
margin,North Texas,scientific_f0_m1,0.0010520657239840858,95,0,False,False,,,,,,,,,,,
margin,Troy,scientific_f0_m1,-0.27035611647826396,96,0,False,False,,,,,,,,,,,
margin,Marshall,scientific_f0_m1,-0.33855375818613087,97,0,False,False,,,,,,,,,,,
margin,Florida Atlantic,scientific_f0_m1,-0.4007610665007393,98,0,False,False,,,,,,,,,,,
margin,Louisiana,scientific_f0_m1,-0.5122734265906255,99,0,False,False,,,,,,,,,,,
margin,Rice,scientific_f0_m1,-0.5606568886131011,100,0,False,False,,,,,,,,,,,
margin,James Madison,scientific_f0_m1,-0.6334624790850141,101,0,False,False,,,,,,,,,,,
margin,UTEP,scientific_f0_m1,-0.7509651725681588,102,0,False,False,,,,,,,,,,,
margin,Eastern Michigan,scientific_f0_m1,-0.9868921492872618,103,0,False,False,,,,,,,,,,,
margin,Charlotte,scientific_f0_m1,-1.1652197664558024,104,0,False,False,,,,,,,,,,,
margin,Coastal Carolina,scientific_f0_m1,-1.294703126725464,105,0,False,False,,,,,,,,,,,
margin,Georgia State,scientific_f0_m1,-1.3006934601187226,106,0,False,False,,,,,,,,,,,
margin,South Alabama,scientific_f0_m1,-1.3214292295569274,107,0,False,False,,,,,,,,,,,
margin,Western Michigan,scientific_f0_m1,-1.3758030249726554,108,0,False,False,,,,,,,,,,,
margin,Middle Tennessee,scientific_f0_m1,-1.4080586663209722,109,0,False,False,,,,,,,,,,,
margin,San José State,scientific_f0_m1,-1.5117375135119842,110,0,False,False,,,,,,,,,,,
margin,Bowling Green,scientific_f0_m1,-1.554130642141196,111,0,False,False,,,,,,,,,,,
margin,New Mexico,scientific_f0_m1,-1.5605817704108587,112,0,False,False,,,,,,,,,,,
margin,Ball State,scientific_f0_m1,-1.7591843621412,113,0,False,False,,,,,,,,,,,
margin,Sacramento State,scientific_f0_m1,-1.8725399017367073,114,0,False,False,,,,,,,,,,,
margin,Hawai'i,scientific_f0_m1,-2.0845055448827727,115,0,False,False,,,,,,,,,,,
margin,Toledo,scientific_f0_m1,-2.1103100579614287,116,0,False,False,,,,,,,,,,,
margin,Sam Houston,scientific_f0_m1,-2.1927923408378307,117,0,False,False,,,,,,,,,,,
margin,Nevada,scientific_f0_m1,-2.3992284454670463,118,0,False,False,,,,,,,,,,,
margin,Missouri State,scientific_f0_m1,-2.4024540096018807,119,0,False,False,,,,,,,,,,,
margin,Buffalo,scientific_f0_m1,-2.4305624970625557,120,0,False,False,,,,,,,,,,,
margin,Akron,scientific_f0_m1,-2.5443788315344626,121,0,False,False,,,,,,,,,,,
margin,Old Dominion,scientific_f0_m1,-2.66372470452323,122,0,False,False,,,,,,,,,,,
margin,Utah State,scientific_f0_m1,-2.6761661661861504,123,0,False,False,,,,,,,,,,,
margin,Louisiana Tech,scientific_f0_m1,-2.7204024743209834,124,0,False,False,,,,,,,,,,,
margin,Central Michigan,scientific_f0_m1,-2.859101732118737,125,0,False,False,,,,,,,,,,,
margin,Northern Illinois,scientific_f0_m1,-3.017154374725478,126,0,False,False,,,,,,,,,,,
margin,Wyoming,scientific_f0_m1,-3.399153327264809,127,0,False,False,,,,,,,,,,,
margin,Massachusetts,scientific_f0_m1,-3.5074401232198626,128,0,False,False,,,,,,,,,,,
margin,Ohio,scientific_f0_m1,-3.6502865349052582,129,0,False,False,,,,,,,,,,,
margin,Kent State,scientific_f0_m1,-3.6507473297816633,130,0,False,False,,,,,,,,,,,
margin,North Dakota State,scientific_f0_m1,-3.984362820298519,131,0,False,False,,,,,,,,,,,
margin,UL Monroe,scientific_f0_m1,-4.449765645467063,132,0,False,False,,,,,,,,,,,
margin,Kennesaw State,scientific_f0_m1,-4.570954697961446,133,0,False,False,,,,,,,,,,,
margin,Delaware,scientific_f0_m1,-5.463975168433362,134,0,False,False,,,,,,,,,,,
margin,New Mexico State,scientific_f0_m1,-6.528411332927754,135,0,False,False,,,,,,,,,,,
margin,Army,scientific_f0_m1,-13.742155123040167,136,0,False,False,,,,,,,,,,,
margin,Air Force,scientific_f0_m1,-15.192737393961526,137,0,False,False,,,,,,,,,,,
margin,Navy,scientific_f0_m1,-18.72565171135481,138,0,False,False,,,,,,,,,,,
margin,Georgia,scientific_f0_m2,20.36984273333305,1,25,True,True,,,,,,,,,,,
margin,Texas,scientific_f0_m2,19.38553536823,2,24,True,False,,,,,,,,,,,
margin,Oregon,scientific_f0_m2,19.339569837988567,3,23,True,False,,,,,,,,,,,
margin,Alabama,scientific_f0_m2,18.738745254148807,4,22,True,False,,,,,,,,,,,
margin,Ohio State,scientific_f0_m2,18.217485804138796,5,21,True,False,,,,,,,,,,,
margin,Notre Dame,scientific_f0_m2,17.588002891482873,6,20,True,False,,,,,,,,,,,
margin,Texas A&M,scientific_f0_m2,16.475036522978886,7,19,True,False,,,,,,,,,,,
margin,LSU,scientific_f0_m2,16.406506106044326,8,18,True,False,,,,,,,,,,,
margin,USC,scientific_f0_m2,14.611608466273825,9,17,True,False,,,,,,,,,,,
margin,Florida,scientific_f0_m2,14.18165768854522,10,16,True,False,,,,,,,,,,,
margin,Michigan,scientific_f0_m2,14.124860846435123,11,15,True,False,,,,,,,,,,,
margin,Miami,scientific_f0_m2,13.904458285376787,12,14,True,False,,,,,,,,,,,
margin,Tennessee,scientific_f0_m2,13.902299788777363,13,13,True,False,,,,,,,,,,,
margin,Ole Miss,scientific_f0_m2,13.892587109831048,14,12,True,False,,,,,,,,,,,
margin,South Carolina,scientific_f0_m2,12.667001728250877,15,11,True,False,,,,,,,,,,,
margin,Clemson,scientific_f0_m2,12.665935425022,16,10,True,False,,,,,,,,,,,
margin,Oklahoma,scientific_f0_m2,12.043542587164742,17,9,True,False,,,,,,,,,,,
margin,Auburn,scientific_f0_m2,10.834901063230689,18,8,True,False,,,,,,,,,,,
margin,Florida State,scientific_f0_m2,10.80324342988539,19,7,True,False,,,,,,,,,,,
margin,Missouri,scientific_f0_m2,9.802477116805491,20,6,True,False,,,,,,,,,,,
margin,Mississippi State,scientific_f0_m2,9.60434473697532,21,5,True,False,,,,,,,,,,,
margin,Nebraska,scientific_f0_m2,8.725779624328567,22,4,True,False,,,,,,,,,,,
margin,Kentucky,scientific_f0_m2,8.684829777602252,23,3,True,False,,,,,,,,,,,
margin,Washington,scientific_f0_m2,8.224363347450497,24,2,True,False,,,,,,,,,,,
margin,UCLA,scientific_f0_m2,8.062570426208476,25,1,True,False,,,,,,,,,,,
margin,Penn State,scientific_f0_m2,8.041730989408128,26,0,False,False,,,,,,,,,,,
margin,Virginia Tech,scientific_f0_m2,7.792025772911998,27,0,False,False,,,,,,,,,,,
margin,North Carolina,scientific_f0_m2,7.729705629876807,28,0,False,False,,,,,,,,,,,
margin,Texas Tech,scientific_f0_m2,7.729705629876807,29,0,False,False,,,,,,,,,,,
margin,Wisconsin,scientific_f0_m2,7.719069849373574,30,0,False,False,,,,,,,,,,,
margin,SMU,scientific_f0_m2,7.558165035213834,31,0,False,False,,,,,,,,,,,
margin,NC State,scientific_f0_m2,7.186845097047394,32,0,False,False,,,,,,,,,,,
margin,California,scientific_f0_m2,6.924412053864328,33,0,False,False,,,,,,,,,,,
margin,Georgia Tech,scientific_f0_m2,6.910858733714812,34,0,False,False,,,,,,,,,,,
margin,Syracuse,scientific_f0_m2,6.608200816157023,35,0,False,False,,,,,,,,,,,
margin,Arkansas,scientific_f0_m2,6.601697912446175,36,0,False,False,,,,,,,,,,,
margin,Louisville,scientific_f0_m2,6.326510969656608,37,0,False,False,,,,,,,,,,,
margin,Indiana,scientific_f0_m2,6.091954123045941,38,0,False,False,,,,,,,,,,,
margin,Stanford,scientific_f0_m2,6.0618708803085415,39,0,False,False,,,,,,,,,,,
margin,Colorado,scientific_f0_m2,5.911109567408108,40,0,False,False,,,,,,,,,,,
margin,TCU,scientific_f0_m2,5.869925102099836,41,0,False,False,,,,,,,,,,,
margin,Minnesota,scientific_f0_m2,5.770764859768519,42,0,False,False,,,,,,,,,,,
margin,Vanderbilt,scientific_f0_m2,5.701419492540309,43,0,False,False,,,,,,,,,,,
margin,Baylor,scientific_f0_m2,5.49815912536965,44,0,False,False,,,,,,,,,,,
margin,Iowa,scientific_f0_m2,5.470994802371418,45,0,False,False,,,,,,,,,,,
margin,Arizona State,scientific_f0_m2,5.434953450781292,46,0,False,False,,,,,,,,,,,
margin,Maryland,scientific_f0_m2,5.3185385469499336,47,0,False,False,,,,,,,,,,,
margin,Kansas State,scientific_f0_m2,5.270735379947213,48,0,False,False,,,,,,,,,,,
margin,Northwestern,scientific_f0_m2,5.210779704183699,49,0,False,False,,,,,,,,,,,
margin,Rutgers,scientific_f0_m2,4.797585997743448,50,0,False,False,,,,,,,,,,,
margin,West Virginia,scientific_f0_m2,4.727058403330055,51,0,False,False,,,,,,,,,,,
margin,Illinois,scientific_f0_m2,4.55148261615808,52,0,False,False,,,,,,,,,,,
margin,South Florida,scientific_f0_m2,4.541711873118901,53,0,False,False,,,,,,,,,,,
margin,Virginia,scientific_f0_m2,4.364568001902894,54,0,False,False,,,,,,,,,,,
margin,Arizona,scientific_f0_m2,4.335810964982789,55,0,False,False,,,,,,,,,,,
margin,Purdue,scientific_f0_m2,4.274430345429225,56,0,False,False,,,,,,,,,,,
margin,UNLV,scientific_f0_m2,4.162501268716929,57,0,False,False,,,,,,,,,,,
margin,Houston,scientific_f0_m2,4.157638155309163,58,0,False,False,,,,,,,,,,,
margin,Utah,scientific_f0_m2,4.147426530773973,59,0,False,False,,,,,,,,,,,
margin,BYU,scientific_f0_m2,3.841653376017147,60,0,False,False,,,,,,,,,,,
margin,Michigan State,scientific_f0_m2,3.628758248196805,61,0,False,False,,,,,,,,,,,
margin,Kansas,scientific_f0_m2,3.6041169103081288,62,0,False,False,,,,,,,,,,,
margin,Wake Forest,scientific_f0_m2,3.428457400064241,63,0,False,False,,,,,,,,,,,
margin,Pittsburgh,scientific_f0_m2,3.146926598022204,64,0,False,False,,,,,,,,,,,
margin,Oklahoma State,scientific_f0_m2,3.0350630083163965,65,0,False,False,,,,,,,,,,,
margin,UCF,scientific_f0_m2,3.008679669974488,66,0,False,False,,,,,,,,,,,
margin,Memphis,scientific_f0_m2,2.920956232054457,67,0,False,False,,,,,,,,,,,
margin,Iowa State,scientific_f0_m2,2.884552265108674,68,0,False,False,,,,,,,,,,,
margin,Duke,scientific_f0_m2,2.8328482006805977,69,0,False,False,,,,,,,,,,,
margin,Tulane,scientific_f0_m2,2.672200477941132,70,0,False,False,,,,,,,,,,,
margin,Boston College,scientific_f0_m2,2.428489486778373,71,0,False,False,,,,,,,,,,,
margin,UTSA,scientific_f0_m2,2.2296779178417463,72,0,False,False,,,,,,,,,,,
margin,UConn,scientific_f0_m2,2.0749643082236595,73,0,False,False,,,,,,,,,,,
margin,Boise State,scientific_f0_m2,1.5367576199296664,74,0,False,False,,,,,,,,,,,
margin,Colorado State,scientific_f0_m2,1.4962682655101496,75,0,False,False,,,,,,,,,,,
margin,Oregon State,scientific_f0_m2,1.2838050276625808,76,0,False,False,,,,,,,,,,,
margin,Cincinnati,scientific_f0_m2,1.2129550494348482,77,0,False,False,,,,,,,,,,,
margin,Georgia Southern,scientific_f0_m2,1.2087342239634733,78,0,False,False,,,,,,,,,,,
margin,Liberty,scientific_f0_m2,1.169350816350562,79,0,False,False,,,,,,,,,,,
margin,Temple,scientific_f0_m2,1.0625528287917945,80,0,False,False,,,,,,,,,,,
margin,Washington State,scientific_f0_m2,1.0260501717871247,81,0,False,False,,,,,,,,,,,
margin,Texas State,scientific_f0_m2,0.7700770448160572,82,0,False,False,,,,,,,,,,,
margin,East Carolina,scientific_f0_m2,0.7225254578988753,83,0,False,False,,,,,,,,,,,
margin,Tulsa,scientific_f0_m2,0.6782634800345289,84,0,False,False,,,,,,,,,,,
margin,App State,scientific_f0_m2,0.6209934976742595,85,0,False,False,,,,,,,,,,,
margin,Miami (OH),scientific_f0_m2,0.6098238182067952,86,0,False,False,,,,,,,,,,,
margin,Western Kentucky,scientific_f0_m2,0.1527963586407317,87,0,False,False,,,,,,,,,,,
margin,Fresno State,scientific_f0_m2,0.07095925742674858,88,0,False,False,,,,,,,,,,,
margin,San Diego State,scientific_f0_m2,0.04647147030332022,89,0,False,False,,,,,,,,,,,
margin,Florida International,scientific_f0_m2,-0.030175107468012996,90,0,False,False,,,,,,,,,,,
margin,Arkansas State,scientific_f0_m2,-0.09199002417553714,91,0,False,False,,,,,,,,,,,
margin,UAB,scientific_f0_m2,-0.09383447088645624,92,0,False,False,,,,,,,,,,,
margin,Jacksonville State,scientific_f0_m2,-0.24814750445987066,93,0,False,False,,,,,,,,,,,
margin,Southern Miss,scientific_f0_m2,-0.25735025865808403,94,0,False,False,,,,,,,,,,,
margin,North Texas,scientific_f0_m2,-0.28265204362930874,95,0,False,False,,,,,,,,,,,
margin,Troy,scientific_f0_m2,-0.5530788224819485,96,0,False,False,,,,,,,,,,,
margin,Marshall,scientific_f0_m2,-0.6208767851375505,97,0,False,False,,,,,,,,,,,
margin,Florida Atlantic,scientific_f0_m2,-0.6826659039942307,98,0,False,False,,,,,,,,,,,
margin,Louisiana,scientific_f0_m2,-0.7933005818834715,99,0,False,False,,,,,,,,,,,
margin,Rice,scientific_f0_m2,-0.8412520980703899,100,0,False,False,,,,,,,,,,,
margin,James Madison,scientific_f0_m2,-0.9133493955283214,101,0,False,False,,,,,,,,,,,
margin,UTEP,scientific_f0_m2,-1.0295611575630943,102,0,False,False,,,,,,,,,,,
margin,Eastern Michigan,scientific_f0_m2,-1.2623450209886542,103,0,False,False,,,,,,,,,,,
margin,Charlotte,scientific_f0_m2,-1.4378086212831604,104,0,False,False,,,,,,,,,,,
margin,Coastal Carolina,scientific_f0_m2,-1.564948992450816,105,0,False,False,,,,,,,,,,,
margin,Georgia State,scientific_f0_m2,-1.5708255674903953,106,0,False,False,,,,,,,,,,,
margin,South Alabama,scientific_f0_m2,-1.5911638951071083,107,0,False,False,,,,,,,,,,,
margin,Western Michigan,scientific_f0_m2,-1.6444685165231032,108,0,False,False,,,,,,,,,,,
margin,Middle Tennessee,scientific_f0_m2,-1.6760714332090174,109,0,False,False,,,,,,,,,,,
margin,San José State,scientific_f0_m2,-1.7775590853812453,110,0,False,False,,,,,,,,,,,
margin,Bowling Green,scientific_f0_m2,-1.819015329610913,111,0,False,False,,,,,,,,,,,
margin,New Mexico,scientific_f0_m2,-1.8253218058522513,112,0,False,False,,,,,,,,,,,
margin,Ball State,scientific_f0_m2,-2.019202014193425,113,0,False,False,,,,,,,,,,,
margin,Sacramento State,scientific_f0_m2,-2.129628452496016,114,0,False,False,,,,,,,,,,,
margin,Hawai'i,scientific_f0_m2,-2.3356611423326292,115,0,False,False,,,,,,,,,,,
margin,Toledo,scientific_f0_m2,-2.36070282984587,116,0,False,False,,,,,,,,,,,
margin,Sam Houston,scientific_f0_m2,-2.440687760770823,117,0,False,False,,,,,,,,,,,
margin,Nevada,scientific_f0_m2,-2.640479296905003,118,0,False,False,,,,,,,,,,,
margin,Missouri State,scientific_f0_m2,-2.6435965697903825,119,0,False,False,,,,,,,,,,,
margin,Buffalo,scientific_f0_m2,-2.670755555010638,120,0,False,False,,,,,,,,,,,
margin,Akron,scientific_f0_m2,-2.7806204177300238,121,0,False,False,,,,,,,,,,,
margin,Old Dominion,scientific_f0_m2,-2.8956389218944842,122,0,False,False,,,,,,,,,,,
margin,Utah State,scientific_f0_m2,-2.907618430742211,123,0,False,False,,,,,,,,,,,
margin,Louisiana Tech,scientific_f0_m2,-2.950195668491544,124,0,False,False,,,,,,,,,,,
margin,Central Michigan,scientific_f0_m2,-3.0835253458464624,125,0,False,False,,,,,,,,,,,
margin,Northern Illinois,scientific_f0_m2,-3.235149161778896,126,0,False,False,,,,,,,,,,,
margin,Wyoming,scientific_f0_m2,-3.6002466831720135,127,0,False,False,,,,,,,,,,,
margin,Massachusetts,scientific_f0_m2,-3.703391452636236,128,0,False,False,,,,,,,,,,,
margin,Ohio,scientific_f0_m2,-3.839217659115686,129,0,False,False,,,,,,,,,,,
margin,Kent State,scientific_f0_m2,-3.8396553717077584,130,0,False,False,,,,,,,,,,,
margin,North Dakota State,scientific_f0_m2,-4.1558226374948735,131,0,False,False,,,,,,,,,,,
margin,UL Monroe,scientific_f0_m2,-4.594426855873721,132,0,False,False,,,,,,,,,,,
margin,Kennesaw State,scientific_f0_m2,-4.708167796411649,133,0,False,False,,,,,,,,,,,
margin,Delaware,scientific_f0_m2,-5.540318154363263,134,0,False,False,,,,,,,,,,,
margin,New Mexico State,scientific_f0_m2,-6.518428647968484,135,0,False,False,,,,,,,,,,,
margin,Army,scientific_f0_m2,-12.409065141127805,136,0,False,False,,,,,,,,,,,
margin,Air Force,scientific_f0_m2,-13.176296397477671,137,0,False,False,,,,,,,,,,,
margin,Navy,scientific_f0_m2,-14.281391189156011,138,0,False,False,,,,,,,,,,,
margin,Texas A&M,scientific_f0_m3,34.01178297258297,1,25,True,True,,,,,,,,,,,
margin,Georgia,scientific_f0_m3,28.969623499365877,2,24,True,False,,,,,,,,,,,
margin,Florida,scientific_f0_m3,28.862333976317817,3,23,True,False,,,,,,,,,,,
margin,Alabama,scientific_f0_m3,26.21456902251898,4,22,True,False,,,,,,,,,,,
margin,Ohio State,scientific_f0_m3,23.207257641661776,5,21,True,False,,,,,,,,,,,
margin,Arizona State,scientific_f0_m3,22.650933082859158,6,20,True,False,,,,,,,,,,,
margin,Florida State,scientific_f0_m3,22.43910015484419,7,19,True,False,,,,,,,,,,,
margin,Mississippi State,scientific_f0_m3,22.06817702637407,8,18,True,False,,,,,,,,,,,
margin,Syracuse,scientific_f0_m3,21.005930191050783,9,17,True,False,,,,,,,,,,,
margin,Kentucky,scientific_f0_m3,19.760341323178004,10,16,True,False,,,,,,,,,,,
margin,UNLV,scientific_f0_m3,19.322458516483533,11,15,True,False,,,,,,,,,,,
margin,Missouri,scientific_f0_m3,18.883606462328526,12,14,True,False,,,,,,,,,,,
margin,Rice,scientific_f0_m3,18.8427621933622,13,13,True,False,,,,,,,,,,,
margin,Notre Dame,scientific_f0_m3,18.23470767079698,14,12,True,False,,,,,,,,,,,
margin,Ole Miss,scientific_f0_m3,17.293603785103784,15,11,True,False,,,,,,,,,,,
margin,LSU,scientific_f0_m3,16.985858477521784,16,10,True,False,,,,,,,,,,,
margin,Tennessee,scientific_f0_m3,15.958962515262517,17,9,True,False,,,,,,,,,,,
margin,Georgia Tech,scientific_f0_m3,15.90264611832611,18,8,True,False,,,,,,,,,,,
margin,Miami,scientific_f0_m3,15.830295848595851,19,7,True,False,,,,,,,,,,,
margin,Maryland,scientific_f0_m3,15.584319480698511,20,6,True,False,,,,,,,,,,,
margin,Arkansas,scientific_f0_m3,14.483077089169,21,5,True,False,,,,,,,,,,,
margin,Houston,scientific_f0_m3,13.915284595959594,22,4,True,False,,,,,,,,,,,
margin,Utah,scientific_f0_m3,13.893451262626261,23,3,True,False,,,,,,,,,,,
margin,Virginia,scientific_f0_m3,13.742682887323912,24,2,True,False,,,,,,,,,,,
margin,Louisville,scientific_f0_m3,12.52780158730158,25,1,True,False,,,,,,,,,,,
margin,Washington,scientific_f0_m3,12.513585714285716,26,0,False,False,,,,,,,,,,,
margin,North Carolina,scientific_f0_m3,11.753491472868221,27,0,False,False,,,,,,,,,,,
margin,Texas Tech,scientific_f0_m3,11.753491472868221,28,0,False,False,,,,,,,,,,,
margin,Auburn,scientific_f0_m3,11.524070699256045,29,0,False,False,,,,,,,,,,,
margin,Miami (OH),scientific_f0_m3,11.488012898212896,30,0,False,False,,,,,,,,,,,
margin,Florida International,scientific_f0_m3,11.05163751647689,31,0,False,False,,,,,,,,,,,
margin,Michigan State,scientific_f0_m3,11.017328822055136,32,0,False,False,,,,,,,,,,,
margin,NC State,scientific_f0_m3,10.320546932879614,33,0,False,False,,,,,,,,,,,
margin,Rutgers,scientific_f0_m3,10.11060228405038,34,0,False,False,,,,,,,,,,,
margin,Oregon,scientific_f0_m3,9.495895208962978,35,0,False,False,,,,,,,,,,,
margin,Pittsburgh,scientific_f0_m3,9.453193489843493,36,0,False,False,,,,,,,,,,,
margin,Texas,scientific_f0_m3,9.443728542296313,37,0,False,False,,,,,,,,,,,
margin,Tulane,scientific_f0_m3,9.303306247255165,38,0,False,False,,,,,,,,,,,
margin,Central Michigan,scientific_f0_m3,8.910382233631855,39,0,False,False,,,,,,,,,,,
margin,Southern Miss,scientific_f0_m3,8.721977088973832,40,0,False,False,,,,,,,,,,,
margin,Colorado,scientific_f0_m3,8.63944918869394,41,0,False,False,,,,,,,,,,,
margin,UCF,scientific_f0_m3,8.595384937284937,42,0,False,False,,,,,,,,,,,
margin,Eastern Michigan,scientific_f0_m3,8.536546008145915,43,0,False,False,,,,,,,,,,,
margin,Indiana,scientific_f0_m3,8.488211062919795,44,0,False,False,,,,,,,,,,,
margin,Wisconsin,scientific_f0_m3,8.040415282392031,45,0,False,False,,,,,,,,,,,
margin,Kennesaw State,scientific_f0_m3,7.950040840044294,46,0,False,False,,,,,,,,,,,
margin,Oklahoma,scientific_f0_m3,7.866611488353519,47,0,False,False,,,,,,,,,,,
margin,Vanderbilt,scientific_f0_m3,7.761920992841578,48,0,False,False,,,,,,,,,,,
margin,Fresno State,scientific_f0_m3,7.694644610266493,49,0,False,False,,,,,,,,,,,
margin,USC,scientific_f0_m3,7.631980626989061,50,0,False,False,,,,,,,,,,,
margin,Michigan,scientific_f0_m3,7.4734253607503645,51,0,False,False,,,,,,,,,,,
margin,Northwestern,scientific_f0_m3,7.339718041905023,52,0,False,False,,,,,,,,,,,
margin,Nebraska,scientific_f0_m3,7.327442910492583,53,0,False,False,,,,,,,,,,,
margin,Memphis,scientific_f0_m3,7.3109207070707045,54,0,False,False,,,,,,,,,,,
margin,Florida Atlantic,scientific_f0_m3,7.216955145046521,55,0,False,False,,,,,,,,,,,
margin,Oregon State,scientific_f0_m3,7.133065080888871,56,0,False,False,,,,,,,,,,,
margin,California,scientific_f0_m3,6.562164444444448,57,0,False,False,,,,,,,,,,,
margin,UTEP,scientific_f0_m3,6.080605366395748,58,0,False,False,,,,,,,,,,,
margin,New Mexico State,scientific_f0_m3,6.0742928571428605,59,0,False,False,,,,,,,,,,,
margin,Troy,scientific_f0_m3,5.945885353535353,60,0,False,False,,,,,,,,,,,
margin,UAB,scientific_f0_m3,5.781353441477336,61,0,False,False,,,,,,,,,,,
margin,UCLA,scientific_f0_m3,5.663285185185187,62,0,False,False,,,,,,,,,,,
margin,Purdue,scientific_f0_m3,5.6082480604363,63,0,False,False,,,,,,,,,,,
margin,BYU,scientific_f0_m3,5.271060317460318,64,0,False,False,,,,,,,,,,,
margin,North Texas,scientific_f0_m3,5.225769415291998,65,0,False,False,,,,,,,,,,,
margin,Virginia Tech,scientific_f0_m3,5.178650000000003,66,0,False,False,,,,,,,,,,,
margin,Northern Illinois,scientific_f0_m3,5.015810325266407,67,0,False,False,,,,,,,,,,,
margin,East Carolina,scientific_f0_m3,4.691711652236649,68,0,False,False,,,,,,,,,,,
margin,Nevada,scientific_f0_m3,4.423669159665822,69,0,False,False,,,,,,,,,,,
margin,Baylor,scientific_f0_m3,3.7537280311285466,70,0,False,False,,,,,,,,,,,
margin,Arkansas State,scientific_f0_m3,3.508528907315843,71,0,False,False,,,,,,,,,,,
margin,Western Kentucky,scientific_f0_m3,3.500328699696095,72,0,False,False,,,,,,,,,,,
margin,Cincinnati,scientific_f0_m3,3.460935511896831,73,0,False,False,,,,,,,,,,,
margin,Boston College,scientific_f0_m3,2.932890897508922,74,0,False,False,,,,,,,,,,,
margin,Western Michigan,scientific_f0_m3,2.041944632617808,75,0,False,False,,,,,,,,,,,
margin,SMU,scientific_f0_m3,1.8988263347763348,76,0,False,False,,,,,,,,,,,
margin,San José State,scientific_f0_m3,1.7705920634920642,77,0,False,False,,,,,,,,,,,
margin,Stanford,scientific_f0_m3,1.5467898272197467,78,0,False,False,,,,,,,,,,,
margin,Minnesota,scientific_f0_m3,1.3428894214029705,79,0,False,False,,,,,,,,,,,
margin,Missouri State,scientific_f0_m3,1.2178851714318328,80,0,False,False,,,,,,,,,,,
margin,Buffalo,scientific_f0_m3,1.090057692243083,81,0,False,False,,,,,,,,,,,
margin,TCU,scientific_f0_m3,1.0041316673264198,82,0,False,False,,,,,,,,,,,
margin,New Mexico,scientific_f0_m3,0.7692376524644946,83,0,False,False,,,,,,,,,,,
margin,West Virginia,scientific_f0_m3,0.7514622542747927,84,0,False,False,,,,,,,,,,,
margin,Toledo,scientific_f0_m3,0.7258521808257102,85,0,False,False,,,,,,,,,,,
margin,Wake Forest,scientific_f0_m3,0.36910287747403875,86,0,False,False,,,,,,,,,,,
margin,Arizona,scientific_f0_m3,0.24751367127496143,87,0,False,False,,,,,,,,,,,
margin,Penn State,scientific_f0_m3,-0.5172174603174605,88,0,False,False,,,,,,,,,,,
margin,Temple,scientific_f0_m3,-0.5257992733611028,89,0,False,False,,,,,,,,,,,
margin,Georgia State,scientific_f0_m3,-0.7693467662139889,90,0,False,False,,,,,,,,,,,
margin,Wyoming,scientific_f0_m3,-1.3694234423270109,91,0,False,False,,,,,,,,,,,
margin,South Carolina,scientific_f0_m3,-1.447177350427351,92,0,False,False,,,,,,,,,,,
margin,Clemson,scientific_f0_m3,-1.5835440170940176,93,0,False,False,,,,,,,,,,,
margin,Duke,scientific_f0_m3,-1.7431047730047737,94,0,False,False,,,,,,,,,,,
margin,South Florida,scientific_f0_m3,-1.9258140470640484,95,0,False,False,,,,,,,,,,,
margin,Oklahoma State,scientific_f0_m3,-2.3881080943938526,96,0,False,False,,,,,,,,,,,
margin,Louisiana,scientific_f0_m3,-3.283093650793654,97,0,False,False,,,,,,,,,,,
margin,Ohio,scientific_f0_m3,-3.3033881112950834,98,0,False,False,,,,,,,,,,,
margin,Kent State,scientific_f0_m3,-3.3180976351046074,99,0,False,False,,,,,,,,,,,
margin,Jacksonville State,scientific_f0_m3,-3.679722375450635,100,0,False,False,,,,,,,,,,,
margin,Massachusetts,scientific_f0_m3,-3.869161121944566,101,0,False,False,,,,,,,,,,,
margin,Boise State,scientific_f0_m3,-4.061802927773981,102,0,False,False,,,,,,,,,,,
margin,UConn,scientific_f0_m3,-4.182823613375799,103,0,False,False,,,,,,,,,,,
margin,Iowa State,scientific_f0_m3,-4.216468506493507,104,0,False,False,,,,,,,,,,,
margin,Tulsa,scientific_f0_m3,-4.962284878340049,105,0,False,False,,,,,,,,,,,
margin,Washington State,scientific_f0_m3,-5.318608730158728,106,0,False,False,,,,,,,,,,,
margin,Iowa,scientific_f0_m3,-5.490713116123641,107,0,False,False,,,,,,,,,,,
margin,Kansas,scientific_f0_m3,-5.815405793329478,108,0,False,False,,,,,,,,,,,
margin,Kansas State,scientific_f0_m3,-5.874037712096333,109,0,False,False,,,,,,,,,,,
margin,Bowling Green,scientific_f0_m3,-6.005486157059318,110,0,False,False,,,,,,,,,,,
margin,Illinois,scientific_f0_m3,-6.10022357087357,111,0,False,False,,,,,,,,,,,
margin,App State,scientific_f0_m3,-6.231708458208457,112,0,False,False,,,,,,,,,,,
margin,Delaware,scientific_f0_m3,-6.345060317460322,113,0,False,False,,,,,,,,,,,
margin,Louisiana Tech,scientific_f0_m3,-6.350787227034152,114,0,False,False,,,,,,,,,,,
margin,Colorado State,scientific_f0_m3,-6.798348412698414,115,0,False,False,,,,,,,,,,,
margin,UL Monroe,scientific_f0_m3,-7.483210482412921,116,0,False,False,,,,,,,,,,,
margin,Utah State,scientific_f0_m3,-7.6106457528079,117,0,False,False,,,,,,,,,,,
margin,Sacramento State,scientific_f0_m3,-7.768266085557028,118,0,False,False,,,,,,,,,,,
margin,North Dakota State,scientific_f0_m3,-7.80267819259172,119,0,False,False,,,,,,,,,,,
margin,Middle Tennessee,scientific_f0_m3,-8.528193766908936,120,0,False,False,,,,,,,,,,,
margin,Coastal Carolina,scientific_f0_m3,-8.859816510147207,121,0,False,False,,,,,,,,,,,
margin,UTSA,scientific_f0_m3,-8.87212527999325,122,0,False,False,,,,,,,,,,,
margin,Old Dominion,scientific_f0_m3,-9.221729879792031,123,0,False,False,,,,,,,,,,,
margin,Navy,scientific_f0_m3,-9.238057719330655,124,0,False,False,,,,,,,,,,,
margin,Marshall,scientific_f0_m3,-9.474459523809527,125,0,False,False,,,,,,,,,,,
margin,Ball State,scientific_f0_m3,-10.2751873015873,126,0,False,False,,,,,,,,,,,
margin,Georgia Southern,scientific_f0_m3,-11.201626312062114,127,0,False,False,,,,,,,,,,,
margin,Sam Houston,scientific_f0_m3,-11.475825772765237,128,0,False,False,,,,,,,,,,,
margin,James Madison,scientific_f0_m3,-11.822550362494518,129,0,False,False,,,,,,,,,,,
margin,Texas State,scientific_f0_m3,-13.340019210906043,130,0,False,False,,,,,,,,,,,
margin,San Diego State,scientific_f0_m3,-13.476889646797613,131,0,False,False,,,,,,,,,,,
margin,Hawai'i,scientific_f0_m3,-15.12143509406978,132,0,False,False,,,,,,,,,,,
margin,South Alabama,scientific_f0_m3,-15.420945325307851,133,0,False,False,,,,,,,,,,,
margin,Air Force,scientific_f0_m3,-19.609796552446284,134,0,False,False,,,,,,,,,,,
margin,Liberty,scientific_f0_m3,-20.07634608750726,135,0,False,False,,,,,,,,,,,
margin,Charlotte,scientific_f0_m3,-21.179889524036934,136,0,False,False,,,,,,,,,,,
margin,Akron,scientific_f0_m3,-25.06985714285713,137,0,False,False,,,,,,,,,,,
margin,Army,scientific_f0_m3,-27.744476785714284,138,0,False,False,,,,,,,,,,,
margin,Georgia,scientific_f0_m4,19.520823568599734,1,25,True,True,,,,,,,,,,,
margin,Alabama,scientific_f0_m4,19.32523556903849,2,24,True,False,,,,,,,,,,,
margin,Oregon,scientific_f0_m4,19.32523556903849,3,23,True,False,,,,,,,,,,,
margin,Texas,scientific_f0_m4,19.32523556903849,4,22,True,False,,,,,,,,,,,
margin,Notre Dame,scientific_f0_m4,17.563174960920215,5,21,True,False,,,,,,,,,,,
margin,Ohio State,scientific_f0_m4,17.563174960920215,6,20,True,False,,,,,,,,,,,
margin,LSU,scientific_f0_m4,14.546117924627795,7,19,True,False,,,,,,,,,,,
margin,Texas A&M,scientific_f0_m4,14.546117924627795,8,18,True,False,,,,,,,,,,,
margin,Clemson,scientific_f0_m4,13.424130520966145,9,17,True,False,,,,,,,,,,,
margin,South Carolina,scientific_f0_m4,13.424130520966145,10,16,True,False,,,,,,,,,,,
margin,USC,scientific_f0_m4,13.341822833726642,11,15,True,False,,,,,,,,,,,
margin,Florida,scientific_f0_m4,12.695700548606617,12,14,True,False,,,,,,,,,,,
margin,Michigan,scientific_f0_m4,12.695700548606617,13,13,True,False,,,,,,,,,,,
margin,Miami,scientific_f0_m4,12.320882418526994,14,12,True,False,,,,,,,,,,,
margin,Ole Miss,scientific_f0_m4,12.320882418526994,15,11,True,False,,,,,,,,,,,
margin,Tennessee,scientific_f0_m4,12.320882418526994,16,10,True,False,,,,,,,,,,,
margin,Auburn,scientific_f0_m4,12.20606889291561,17,9,True,False,,,,,,,,,,,
margin,Oklahoma,scientific_f0_m4,12.150656714265114,18,8,True,False,,,,,,,,,,,
margin,Missouri,scientific_f0_m4,12.002763983851652,19,7,True,False,,,,,,,,,,,
margin,Arkansas,scientific_f0_m4,9.658109106416552,20,6,True,False,,,,,,,,,,,
margin,Syracuse,scientific_f0_m4,9.658109106416552,21,5,True,False,,,,,,,,,,,
margin,Florida State,scientific_f0_m4,9.621548026360113,22,4,True,False,,,,,,,,,,,
margin,Kentucky,scientific_f0_m4,9.603276450493789,23,3,True,False,,,,,,,,,,,
margin,Nebraska,scientific_f0_m4,9.603276450493789,24,2,True,False,,,,,,,,,,,
margin,Mississippi State,scientific_f0_m4,9.282052005787092,25,1,True,False,,,,,,,,,,,
margin,Penn State,scientific_f0_m4,8.596808261635848,26,0,False,False,,,,,,,,,,,
margin,UCLA,scientific_f0_m4,8.596808261635848,27,0,False,False,,,,,,,,,,,
margin,Washington,scientific_f0_m4,8.596808261635848,28,0,False,False,,,,,,,,,,,
margin,North Carolina,scientific_f0_m4,6.756659892248301,29,0,False,False,,,,,,,,,,,
margin,SMU,scientific_f0_m4,6.756659892248301,30,0,False,False,,,,,,,,,,,
margin,Texas Tech,scientific_f0_m4,6.756659892248301,31,0,False,False,,,,,,,,,,,
margin,Wisconsin,scientific_f0_m4,6.756659892248301,32,0,False,False,,,,,,,,,,,
margin,Louisville,scientific_f0_m4,6.724397050430815,33,0,False,False,,,,,,,,,,,
margin,Stanford,scientific_f0_m4,6.587791652499857,34,0,False,False,,,,,,,,,,,
margin,Virginia Tech,scientific_f0_m4,6.518747503008074,35,0,False,False,,,,,,,,,,,
margin,Arizona,scientific_f0_m4,6.339459248060154,36,0,False,False,,,,,,,,,,,
margin,Virginia,scientific_f0_m4,6.339459248060154,37,0,False,False,,,,,,,,,,,
margin,Rutgers,scientific_f0_m4,6.251331165921968,38,0,False,False,,,,,,,,,,,
margin,West Virginia,scientific_f0_m4,6.251331165921968,39,0,False,False,,,,,,,,,,,
margin,Illinois,scientific_f0_m4,6.06029108927192,40,0,False,False,,,,,,,,,,,
margin,South Florida,scientific_f0_m4,6.06029108927192,41,0,False,False,,,,,,,,,,,
margin,Colorado,scientific_f0_m4,5.812933468371711,42,0,False,False,,,,,,,,,,,
margin,Indiana,scientific_f0_m4,5.812933468371711,43,0,False,False,,,,,,,,,,,
margin,Arizona State,scientific_f0_m4,5.247405269085055,44,0,False,False,,,,,,,,,,,
margin,Minnesota,scientific_f0_m4,4.9348296543467685,45,0,False,False,,,,,,,,,,,
margin,TCU,scientific_f0_m4,4.9348296543467685,46,0,False,False,,,,,,,,,,,
margin,Vanderbilt,scientific_f0_m4,4.9348296543467685,47,0,False,False,,,,,,,,,,,
margin,Purdue,scientific_f0_m4,4.75867974165398,48,0,False,False,,,,,,,,,,,
margin,California,scientific_f0_m4,4.46250948489444,49,0,False,False,,,,,,,,,,,
margin,Georgia Tech,scientific_f0_m4,4.46250948489444,50,0,False,False,,,,,,,,,,,
margin,BYU,scientific_f0_m4,4.311936210242386,51,0,False,False,,,,,,,,,,,
margin,Wake Forest,scientific_f0_m4,3.887693823519859,52,0,False,False,,,,,,,,,,,
margin,Kansas,scientific_f0_m4,3.7645178816019023,53,0,False,False,,,,,,,,,,,
margin,Michigan State,scientific_f0_m4,3.7645178816019023,54,0,False,False,,,,,,,,,,,
margin,NC State,scientific_f0_m4,3.7219709392084495,55,0,False,False,,,,,,,,,,,
margin,Northwestern,scientific_f0_m4,3.531110584883531,56,0,False,False,,,,,,,,,,,
margin,Baylor,scientific_f0_m4,3.3083630474692476,57,0,False,False,,,,,,,,,,,
margin,Iowa,scientific_f0_m4,3.3083630474692476,58,0,False,False,,,,,,,,,,,
margin,Maryland,scientific_f0_m4,3.077913934496796,59,0,False,False,,,,,,,,,,,
margin,Kansas State,scientific_f0_m4,2.917782642655234,60,0,False,False,,,,,,,,,,,
margin,Arkansas State,scientific_f0_m4,2.873519567757668,61,0,False,False,,,,,,,,,,,
margin,Florida International,scientific_f0_m4,2.873519567757668,62,0,False,False,,,,,,,,,,,
margin,UAB,scientific_f0_m4,2.873519567757668,63,0,False,False,,,,,,,,,,,
margin,Pittsburgh,scientific_f0_m4,2.8280335266673537,64,0,False,False,,,,,,,,,,,
margin,UConn,scientific_f0_m4,2.786386305025427,65,0,False,False,,,,,,,,,,,
margin,Houston,scientific_f0_m4,2.690240290398403,66,0,False,False,,,,,,,,,,,
margin,UNLV,scientific_f0_m4,2.690240290398403,67,0,False,False,,,,,,,,,,,
margin,Utah,scientific_f0_m4,2.690240290398403,68,0,False,False,,,,,,,,,,,
margin,UTSA,scientific_f0_m4,2.339334340150175,69,0,False,False,,,,,,,,,,,
margin,Boston College,scientific_f0_m4,2.2432562512450755,70,0,False,False,,,,,,,,,,,
margin,Boise State,scientific_f0_m4,2.220172504830552,71,0,False,False,,,,,,,,,,,
margin,Colorado State,scientific_f0_m4,2.220172504830552,72,0,False,False,,,,,,,,,,,
margin,Duke,scientific_f0_m4,1.979213759530373,73,0,False,False,,,,,,,,,,,
margin,Iowa State,scientific_f0_m4,1.979213759530373,74,0,False,False,,,,,,,,,,,
margin,Memphis,scientific_f0_m4,1.979213759530373,75,0,False,False,,,,,,,,,,,
margin,Oklahoma State,scientific_f0_m4,1.979213759530373,76,0,False,False,,,,,,,,,,,
margin,UCF,scientific_f0_m4,1.979213759530373,77,0,False,False,,,,,,,,,,,
margin,Oregon State,scientific_f0_m4,1.8308705473600342,78,0,False,False,,,,,,,,,,,
margin,Tulane,scientific_f0_m4,0.12202647873767886,79,0,False,False,,,,,,,,,,,
margin,Florida Atlantic,scientific_f0_m4,-0.17708033707193402,80,0,False,False,,,,,,,,,,,
margin,East Carolina,scientific_f0_m4,-0.1944954426002933,81,0,False,False,,,,,,,,,,,
margin,Texas State,scientific_f0_m4,-0.1944954426002933,82,0,False,False,,,,,,,,,,,
margin,Eastern Michigan,scientific_f0_m4,-0.3468278338563827,83,0,False,False,,,,,,,,,,,
margin,Fresno State,scientific_f0_m4,-0.37198746130192895,84,0,False,False,,,,,,,,,,,
margin,San Diego State,scientific_f0_m4,-0.37198746130192895,85,0,False,False,,,,,,,,,,,
margin,Western Kentucky,scientific_f0_m4,-0.37198746130192895,86,0,False,False,,,,,,,,,,,
margin,Tulsa,scientific_f0_m4,-0.48096271092246634,87,0,False,False,,,,,,,,,,,
margin,Marshall,scientific_f0_m4,-0.5897073942069021,88,0,False,False,,,,,,,,,,,
margin,Troy,scientific_f0_m4,-0.5897073942069021,89,0,False,False,,,,,,,,,,,
margin,James Madison,scientific_f0_m4,-0.6179323142106102,90,0,False,False,,,,,,,,,,,
margin,Louisiana,scientific_f0_m4,-0.6179323142106102,91,0,False,False,,,,,,,,,,,
margin,Rice,scientific_f0_m4,-0.6179323142106102,92,0,False,False,,,,,,,,,,,
margin,UTEP,scientific_f0_m4,-0.6179323142106102,93,0,False,False,,,,,,,,,,,
margin,Charlotte,scientific_f0_m4,-0.6857764864626671,94,0,False,False,,,,,,,,,,,
margin,Coastal Carolina,scientific_f0_m4,-0.6857764864626671,95,0,False,False,,,,,,,,,,,
margin,Georgia State,scientific_f0_m4,-0.6857764864626671,96,0,False,False,,,,,,,,,,,
margin,South Alabama,scientific_f0_m4,-0.6857764864626671,97,0,False,False,,,,,,,,,,,
margin,Western Michigan,scientific_f0_m4,-0.6857764864626671,98,0,False,False,,,,,,,,,,,
margin,Buffalo,scientific_f0_m4,-0.731256161626534,99,0,False,False,,,,,,,,,,,
margin,Missouri State,scientific_f0_m4,-0.731256161626534,100,0,False,False,,,,,,,,,,,
margin,Nevada,scientific_f0_m4,-0.731256161626534,101,0,False,False,,,,,,,,,,,
margin,App State,scientific_f0_m4,-0.8741485092754695,102,0,False,False,,,,,,,,,,,
margin,Miami (OH),scientific_f0_m4,-0.8741485092754695,103,0,False,False,,,,,,,,,,,
margin,North Texas,scientific_f0_m4,-1.4611866007008676,104,0,False,False,,,,,,,,,,,
margin,Southern Miss,scientific_f0_m4,-1.4611866007008676,105,0,False,False,,,,,,,,,,,
margin,Navy,scientific_f0_m4,-1.4957348563875545,106,0,False,False,,,,,,,,,,,
margin,Temple,scientific_f0_m4,-1.7255755391752468,107,0,False,False,,,,,,,,,,,
margin,Washington State,scientific_f0_m4,-1.7255755391752468,108,0,False,False,,,,,,,,,,,
margin,Cincinnati,scientific_f0_m4,-1.8823685593617765,109,0,False,False,,,,,,,,,,,
margin,Georgia Southern,scientific_f0_m4,-1.8823685593617765,110,0,False,False,,,,,,,,,,,
margin,Liberty,scientific_f0_m4,-1.8823685593617765,111,0,False,False,,,,,,,,,,,
margin,Ball State,scientific_f0_m4,-2.0670836397430374,112,0,False,False,,,,,,,,,,,
margin,Sacramento State,scientific_f0_m4,-2.0670836397430374,113,0,False,False,,,,,,,,,,,
margin,Jacksonville State,scientific_f0_m4,-2.2813672706924897,114,0,False,False,,,,,,,,,,,
margin,Bowling Green,scientific_f0_m4,-3.601594159013933,115,0,False,False,,,,,,,,,,,
margin,New Mexico,scientific_f0_m4,-3.601594159013933,116,0,False,False,,,,,,,,,,,
margin,San José State,scientific_f0_m4,-3.601594159013933,117,0,False,False,,,,,,,,,,,
margin,Hawai'i,scientific_f0_m4,-3.7099695842274296,118,0,False,False,,,,,,,,,,,
margin,Sam Houston,scientific_f0_m4,-3.7099695842274296,119,0,False,False,,,,,,,,,,,
margin,Toledo,scientific_f0_m4,-3.7099695842274296,120,0,False,False,,,,,,,,,,,
margin,Central Michigan,scientific_f0_m4,-5.1500447849037085,121,0,False,False,,,,,,,,,,,
margin,Louisiana Tech,scientific_f0_m4,-5.1500447849037085,122,0,False,False,,,,,,,,,,,
margin,Northern Illinois,scientific_f0_m4,-5.1500447849037085,123,0,False,False,,,,,,,,,,,
margin,Utah State,scientific_f0_m4,-5.1500447849037085,124,0,False,False,,,,,,,,,,,
margin,Akron,scientific_f0_m4,-5.263020643576323,125,0,False,False,,,,,,,,,,,
margin,Old Dominion,scientific_f0_m4,-5.263020643576323,126,0,False,False,,,,,,,,,,,
margin,Wyoming,scientific_f0_m4,-5.5866867063192105,127,0,False,False,,,,,,,,,,,
margin,Kennesaw State,scientific_f0_m4,-5.954594328105805,128,0,False,False,,,,,,,,,,,
margin,UL Monroe,scientific_f0_m4,-7.338085465309362,129,0,False,False,,,,,,,,,,,
margin,Delaware,scientific_f0_m4,-7.656027402186539,130,0,False,False,,,,,,,,,,,
margin,New Mexico State,scientific_f0_m4,-7.656027402186539,131,0,False,False,,,,,,,,,,,
margin,Kent State,scientific_f0_m4,-7.678934155344127,132,0,False,False,,,,,,,,,,,
margin,Massachusetts,scientific_f0_m4,-7.678934155344127,133,0,False,False,,,,,,,,,,,
margin,Ohio,scientific_f0_m4,-7.678934155344127,134,0,False,False,,,,,,,,,,,
margin,North Dakota State,scientific_f0_m4,-7.774057647503172,135,0,False,False,,,,,,,,,,,
margin,Middle Tennessee,scientific_f0_m4,-9.150430911859058,136,0,False,False,,,,,,,,,,,
margin,Air Force,scientific_f0_m4,-12.045640220198141,137,0,False,False,,,,,,,,,,,
margin,Army,scientific_f0_m4,-12.045640220198141,138,0,False,False,,,,,,,,,,,
margin,Georgia,scientific_f0_m5,16.333066940307617,1,25,True,True,,,,,,,,,,,
margin,Texas,scientific_f0_m5,16.19695281982422,2,24,True,False,,,,,,,,,,,
margin,Oregon,scientific_f0_m5,16.19029998779297,3,23,True,False,,,,,,,,,,,
margin,Alabama,scientific_f0_m5,16.10073471069336,4,22,True,False,,,,,,,,,,,
margin,Ohio State,scientific_f0_m5,16.017494201660156,5,21,True,False,,,,,,,,,,,
margin,Notre Dame,scientific_f0_m5,15.907501220703125,6,20,True,False,,,,,,,,,,,
margin,Texas A&M,scientific_f0_m5,15.68309497833252,7,19,True,False,,,,,,,,,,,
margin,LSU,scientific_f0_m5,15.667848587036133,8,18,True,False,,,,,,,,,,,
margin,USC,scientific_f0_m5,15.193828582763672,9,17,True,False,,,,,,,,,,,
margin,Florida,scientific_f0_m5,15.054466247558594,10,16,True,False,,,,,,,,,,,
margin,Michigan,scientific_f0_m5,15.03515625,11,15,True,False,,,,,,,,,,,
margin,Miami,scientific_f0_m5,14.958118438720703,12,14,True,False,,,,,,,,,,,
margin,Tennessee,scientific_f0_m5,14.957345962524414,13,13,True,False,,,,,,,,,,,
margin,Ole Miss,scientific_f0_m5,14.953869819641113,14,12,True,False,,,,,,,,,,,
margin,South Carolina,scientific_f0_m5,14.453882217407227,15,11,True,False,,,,,,,,,,,
margin,Clemson,scientific_f0_m5,14.453387260437012,16,10,True,False,,,,,,,,,,,
margin,Oklahoma,scientific_f0_m5,14.143877029418945,17,9,True,False,,,,,,,,,,,
margin,Auburn,scientific_f0_m5,13.399660110473633,18,8,True,False,,,,,,,,,,,
margin,Missouri,scientific_f0_m5,12.565498352050781,19,7,True,False,,,,,,,,,,,
margin,Mississippi State,scientific_f0_m5,12.37917709350586,20,6,True,False,,,,,,,,,,,
margin,Nebraska,scientific_f0_m5,11.43142318725586,21,5,True,False,,,,,,,,,,,
margin,Kentucky,scientific_f0_m5,11.382023811340332,22,4,True,False,,,,,,,,,,,
margin,Washington,scientific_f0_m5,10.792322158813477,23,3,True,False,,,,,,,,,,,
margin,UCLA,scientific_f0_m5,10.569999694824219,24,2,True,False,,,,,,,,,,,
margin,Penn State,scientific_f0_m5,10.540792465209961,25,1,True,False,,,,,,,,,,,
margin,Virginia Tech,scientific_f0_m5,10.180768966674805,26,0,False,False,,,,,,,,,,,
margin,North Carolina,scientific_f0_m5,10.0880708694458,27,0,False,False,,,,,,,,,,,
margin,Texas Tech,scientific_f0_m5,10.0880708694458,28,0,False,False,,,,,,,,,,,
margin,Wisconsin,scientific_f0_m5,10.072137832641602,29,0,False,False,,,,,,,,,,,
margin,SMU,scientific_f0_m5,9.827234268188477,30,0,False,False,,,,,,,,,,,
margin,NC State,scientific_f0_m5,9.236072540283203,31,0,False,False,,,,,,,,,,,
margin,Florida State,scientific_f0_m5,9.03991985321045,32,0,False,False,,,,,,,,,,,
margin,California,scientific_f0_m5,8.799427032470703,33,0,False,False,,,,,,,,,,,
margin,Georgia Tech,scientific_f0_m5,8.776524543762207,34,0,False,False,,,,,,,,,,,
margin,Syracuse,scientific_f0_m5,8.258119583129883,35,0,False,False,,,,,,,,,,,
margin,Arkansas,scientific_f0_m5,8.246859550476074,36,0,False,False,,,,,,,,,,,
margin,Louisville,scientific_f0_m5,7.767802715301514,37,0,False,False,,,,,,,,,,,
margin,Indiana,scientific_f0_m5,7.358284950256348,38,0,False,False,,,,,,,,,,,
margin,Colorado,scientific_f0_m5,7.044201374053955,39,0,False,False,,,,,,,,,,,
margin,TCU,scientific_f0_m5,6.973058223724365,40,0,False,False,,,,,,,,,,,
margin,Minnesota,scientific_f0_m5,6.80253791809082,41,0,False,False,,,,,,,,,,,
margin,Vanderbilt,scientific_f0_m5,6.684024810791016,42,0,False,False,,,,,,,,,,,
margin,Baylor,scientific_f0_m5,6.340808868408203,43,0,False,False,,,,,,,,,,,
margin,Iowa,scientific_f0_m5,6.295462608337402,44,0,False,False,,,,,,,,,,,
margin,Arizona State,scientific_f0_m5,6.235499858856201,45,0,False,False,,,,,,,,,,,
margin,Maryland,scientific_f0_m5,6.043464660644531,46,0,False,False,,,,,,,,,,,
margin,Kansas State,scientific_f0_m5,5.965359687805176,47,0,False,False,,,,,,,,,,,
margin,Stanford,scientific_f0_m5,5.575257301330566,48,0,False,False,,,,,,,,,,,
margin,Rutgers,scientific_f0_m5,5.216291904449463,49,0,False,False,,,,,,,,,,,
margin,West Virginia,scientific_f0_m5,5.108209609985352,50,0,False,False,,,,,,,,,,,
margin,Northwestern,scientific_f0_m5,4.921639442443848,51,0,False,False,,,,,,,,,,,
margin,Illinois,scientific_f0_m5,4.842645645141602,52,0,False,False,,,,,,,,,,,
margin,South Florida,scientific_f0_m5,4.828001976013184,53,0,False,False,,,,,,,,,,,
margin,Virginia,scientific_f0_m5,4.564686298370361,54,0,False,False,,,,,,,,,,,
margin,Arizona,scientific_f0_m5,4.522290229797363,55,0,False,False,,,,,,,,,,,
margin,Purdue,scientific_f0_m5,4.432085037231445,56,0,False,False,,,,,,,,,,,
margin,UNLV,scientific_f0_m5,4.2684831619262695,57,0,False,False,,,,,,,,,,,
margin,Houston,scientific_f0_m5,4.2613983154296875,58,0,False,False,,,,,,,,,,,
margin,Utah,scientific_f0_m5,4.246526718139648,59,0,False,False,,,,,,,,,,,
margin,BYU,scientific_f0_m5,3.804063320159912,60,0,False,False,,,,,,,,,,,
margin,Michigan State,scientific_f0_m5,3.497959852218628,61,0,False,False,,,,,,,,,,,
margin,Kansas,scientific_f0_m5,3.4625771045684814,62,0,False,False,,,,,,,,,,,
margin,Wake Forest,scientific_f0_m5,3.210454225540161,63,0,False,False,,,,,,,,,,,
margin,Pittsburgh,scientific_f0_m5,2.806342840194702,64,0,False,False,,,,,,,,,,,
margin,Oklahoma State,scientific_f0_m5,2.645693302154541,65,0,False,False,,,,,,,,,,,
margin,UCF,scientific_f0_m5,2.6077980995178223,66,0,False,False,,,,,,,,,,,
margin,Memphis,scientific_f0_m5,2.481792449951172,67,0,False,False,,,,,,,,,,,
margin,Iowa State,scientific_f0_m5,2.4295010566711426,68,0,False,False,,,,,,,,,,,
margin,Duke,scientific_f0_m5,2.355236768722534,69,0,False,False,,,,,,,,,,,
margin,Tulane,scientific_f0_m5,2.1245734691619873,70,0,False,False,,,,,,,,,,,
margin,Boston College,scientific_f0_m5,1.775209665298462,71,0,False,False,,,,,,,,,,,
margin,UTSA,scientific_f0_m5,1.4911694526672363,72,0,False,False,,,,,,,,,,,
margin,UConn,scientific_f0_m5,1.2710421085357666,73,0,False,False,,,,,,,,,,,
margin,Boise State,scientific_f0_m5,0.5150314569473267,74,0,False,False,,,,,,,,,,,
margin,Colorado State,scientific_f0_m5,0.4589632749557495,75,0,False,False,,,,,,,,,,,
margin,Oregon State,scientific_f0_m5,0.16710402071475983,76,0,False,False,,,,,,,,,,,
margin,Cincinnati,scientific_f0_m5,0.07073388993740082,77,0,False,False,,,,,,,,,,,
margin,Georgia Southern,scientific_f0_m5,0.06500916182994843,78,0,False,False,,,,,,,,,,,
margin,Liberty,scientific_f0_m5,0.011681094765663147,79,0,False,False,,,,,,,,,,,
margin,Temple,scientific_f0_m5,-0.13208366930484772,80,0,False,False,,,,,,,,,,,
margin,Washington State,scientific_f0_m5,-0.18092603981494904,81,0,False,False,,,,,,,,,,,
margin,Texas State,scientific_f0_m5,-0.5188522934913635,82,0,False,False,,,,,,,,,,,
margin,East Carolina,scientific_f0_m5,-0.5806889533996582,83,0,False,False,,,,,,,,,,,
margin,Tulsa,scientific_f0_m5,-0.6379678845405579,84,0,False,False,,,,,,,,,,,
margin,App State,scientific_f0_m5,-0.7116701006889343,85,0,False,False,,,,,,,,,,,
margin,Miami (OH),scientific_f0_m5,-0.725989818572998,86,0,False,False,,,,,,,,,,,
margin,Western Kentucky,scientific_f0_m5,-1.2954339981079102,87,0,False,False,,,,,,,,,,,
margin,Fresno State,scientific_f0_m5,-1.3937857151031494,88,0,False,False,,,,,,,,,,,
margin,San Diego State,scientific_f0_m5,-1.4229893684387207,89,0,False,False,,,,,,,,,,,
margin,Florida International,scientific_f0_m5,-1.513716459274292,90,0,False,False,,,,,,,,,,,
margin,Arkansas State,scientific_f0_m5,-1.586125373840332,91,0,False,False,,,,,,,,,,,
margin,UAB,scientific_f0_m5,-1.58827543258667,92,0,False,False,,,,,,,,,,,
margin,Jacksonville State,scientific_f0_m5,-1.7659555673599243,93,0,False,False,,,,,,,,,,,
margin,Southern Miss,scientific_f0_m5,-1.7764132022857666,94,0,False,False,,,,,,,,,,,
margin,North Texas,scientific_f0_m5,-1.805084228515625,95,0,False,False,,,,,,,,,,,
margin,Troy,scientific_f0_m5,-2.103976011276245,96,0,False,False,,,,,,,,,,,
margin,Marshall,scientific_f0_m5,-2.1767170429229736,97,0,False,False,,,,,,,,,,,
margin,Florida Atlantic,scientific_f0_m5,-2.242236375808716,98,0,False,False,,,,,,,,,,,
margin,Louisiana,scientific_f0_m5,-2.3576934337615967,99,0,False,False,,,,,,,,,,,
margin,Rice,scientific_f0_m5,-2.4069936275482178,100,0,False,False,,,,,,,,,,,
margin,James Madison,scientific_f0_m5,-2.480271339416504,101,0,False,False,,,,,,,,,,,
margin,UTEP,scientific_f0_m5,-2.596242666244507,102,0,False,False,,,,,,,,,,,
margin,Eastern Michigan,scientific_f0_m5,-2.82059645652771,103,0,False,False,,,,,,,,,,,
margin,Charlotte,scientific_f0_m5,-2.9827396869659424,104,0,False,False,,,,,,,,,,,
margin,Coastal Carolina,scientific_f0_m5,-3.096524953842163,105,0,False,False,,,,,,,,,,,
margin,Georgia State,scientific_f0_m5,-3.1017091274261475,106,0,False,False,,,,,,,,,,,
margin,South Alabama,scientific_f0_m5,-3.1196024417877197,107,0,False,False,,,,,,,,,,,
margin,Western Michigan,scientific_f0_m5,-3.166125774383545,108,0,False,False,,,,,,,,,,,
margin,Middle Tennessee,scientific_f0_m5,-3.1934545040130615,109,0,False,False,,,,,,,,,,,
margin,San José State,scientific_f0_m5,-3.279949903488159,110,0,False,False,,,,,,,,,,,
margin,Bowling Green,scientific_f0_m5,-3.3147292137145996,111,0,False,False,,,,,,,,,,,
margin,New Mexico,scientific_f0_m5,-3.3199923038482666,112,0,False,False,,,,,,,,,,,
margin,Ball State,scientific_f0_m5,-3.4782302379608154,113,0,False,False,,,,,,,,,,,
margin,Sacramento State,scientific_f0_m5,-3.5653178691864014,114,0,False,False,,,,,,,,,,,
margin,Hawai'i,scientific_f0_m5,-3.722059488296509,115,0,False,False,,,,,,,,,,,
margin,Toledo,scientific_f0_m5,-3.740609884262085,116,0,False,False,,,,,,,,,,,
margin,Sam Houston,scientific_f0_m5,-3.799147129058838,117,0,False,False,,,,,,,,,,,
margin,Nevada,scientific_f0_m5,-3.9407026767730713,118,0,False,False,,,,,,,,,,,
margin,Missouri State,scientific_f0_m5,-3.9428598880767822,119,0,False,False,,,,,,,,,,,
margin,Buffalo,scientific_f0_m5,-3.961585283279419,120,0,False,False,,,,,,,,,,,
margin,Akron,scientific_f0_m5,-4.036128044128418,121,0,False,False,,,,,,,,,,,
margin,Old Dominion,scientific_f0_m5,-4.112133979797363,122,0,False,False,,,,,,,,,,,
margin,Utah State,scientific_f0_m5,-4.119933128356934,123,0,False,False,,,,,,,,,,,
margin,Louisiana Tech,scientific_f0_m5,-4.1474738121032715,124,0,False,False,,,,,,,,,,,
margin,Central Michigan,scientific_f0_m5,-4.23194694519043,125,0,False,False,,,,,,,,,,,
margin,Northern Illinois,scientific_f0_m5,-4.324831962585449,126,0,False,False,,,,,,,,,,,
margin,Wyoming,scientific_f0_m5,-4.535275936126709,127,0,False,False,,,,,,,,,,,
margin,Massachusetts,scientific_f0_m5,-4.591506481170654,128,0,False,False,,,,,,,,,,,
margin,Ohio,scientific_f0_m5,-4.663492202758789,129,0,False,False,,,,,,,,,,,
margin,Kent State,scientific_f0_m5,-4.663721084594727,130,0,False,False,,,,,,,,,,,
margin,North Dakota State,scientific_f0_m5,-4.822600364685059,131,0,False,False,,,,,,,,,,,
margin,UL Monroe,scientific_f0_m5,-5.024388313293457,132,0,False,False,,,,,,,,,,,
margin,Kennesaw State,scientific_f0_m5,-5.0734405517578125,133,0,False,False,,,,,,,,,,,
margin,Delaware,scientific_f0_m5,-5.395973205566406,134,0,False,False,,,,,,,,,,,
margin,New Mexico State,scientific_f0_m5,-5.7060394287109375,135,0,False,False,,,,,,,,,,,
margin,Army,scientific_f0_m5,-6.743788719177246,136,0,False,False,,,,,,,,,,,
margin,Air Force,scientific_f0_m5,-6.845268249511719,137,0,False,False,,,,,,,,,,,
margin,Navy,scientific_f0_m5,-7.028773307800293,138,0,False,False,,,,,,,,,,,
margin,Georgia,scientific_f0_m10,30.67861680871145,1,25,True,True,,,,,,,,,,,
margin,Oregon,scientific_f0_m10,25.267232713999125,2,24,True,False,,,,,,,,,,,
margin,Ohio State,scientific_f0_m10,21.245440003695983,3,23,True,False,,,,,,,,,,,
margin,Texas,scientific_f0_m10,20.742635421608348,4,22,True,False,,,,,,,,,,,
margin,Alabama,scientific_f0_m10,20.24006576078429,5,21,True,False,,,,,,,,,,,
margin,Florida State,scientific_f0_m10,19.455317212561894,6,20,True,False,,,,,,,,,,,
margin,Kentucky,scientific_f0_m10,18.795121116228447,7,19,True,False,,,,,,,,,,,
margin,Notre Dame,scientific_f0_m10,18.28263687019938,8,18,True,False,,,,,,,,,,,
margin,Michigan,scientific_f0_m10,17.976403487024804,9,17,True,False,,,,,,,,,,,
margin,Florida,scientific_f0_m10,16.222682925326442,10,16,True,False,,,,,,,,,,,
margin,West Virginia,scientific_f0_m10,15.988867859497292,11,15,True,False,,,,,,,,,,,
margin,Missouri,scientific_f0_m10,15.20322454824344,12,14,True,False,,,,,,,,,,,
margin,Syracuse,scientific_f0_m10,14.498908322533897,13,13,True,False,,,,,,,,,,,
margin,Oklahoma,scientific_f0_m10,14.19977243224646,14,12,True,False,,,,,,,,,,,
margin,Arkansas,scientific_f0_m10,14.099118203689766,15,11,True,False,,,,,,,,,,,
margin,Auburn,scientific_f0_m10,13.996977517726528,16,10,True,False,,,,,,,,,,,
margin,Houston,scientific_f0_m10,13.899685551063692,17,9,True,False,,,,,,,,,,,
margin,Mississippi State,scientific_f0_m10,13.819338151521881,18,8,True,False,,,,,,,,,,,
margin,LSU,scientific_f0_m10,13.488496807954645,19,7,True,False,,,,,,,,,,,
margin,Stanford,scientific_f0_m10,13.104639735387325,20,6,True,False,,,,,,,,,,,
margin,Texas A&M,scientific_f0_m10,12.911181282564344,21,5,True,False,,,,,,,,,,,
margin,UNLV,scientific_f0_m10,12.700661608656018,22,4,True,False,,,,,,,,,,,
margin,Virginia,scientific_f0_m10,12.399994652923725,23,3,True,False,,,,,,,,,,,
margin,Wisconsin,scientific_f0_m10,11.80021095548343,24,2,True,False,,,,,,,,,,,
margin,Arizona,scientific_f0_m10,11.504768221372398,25,1,True,False,,,,,,,,,,,
margin,USC,scientific_f0_m10,11.291982213487099,26,0,False,False,,,,,,,,,,,
margin,Maryland,scientific_f0_m10,10.502897762079279,27,0,False,False,,,,,,,,,,,
margin,Utah,scientific_f0_m10,10.30306539630117,28,0,False,False,,,,,,,,,,,
margin,Rice,scientific_f0_m10,9.900884052229546,29,0,False,False,,,,,,,,,,,
margin,Washington,scientific_f0_m10,9.822031361409627,30,0,False,False,,,,,,,,,,,
margin,Arizona State,scientific_f0_m10,9.701154825054177,31,0,False,False,,,,,,,,,,,
margin,North Carolina,scientific_f0_m10,9.598300602405683,32,0,False,False,,,,,,,,,,,
margin,Texas Tech,scientific_f0_m10,9.598300602405683,33,0,False,False,,,,,,,,,,,
margin,Rutgers,scientific_f0_m10,9.202026240694515,34,0,False,False,,,,,,,,,,,
margin,South Carolina,scientific_f0_m10,9.164816094193043,35,0,False,False,,,,,,,,,,,
margin,Clemson,scientific_f0_m10,9.164470867406482,36,0,False,False,,,,,,,,,,,
margin,NC State,scientific_f0_m10,9.006437732404018,37,0,False,False,,,,,,,,,,,
margin,Georgia Tech,scientific_f0_m10,8.991225450064452,38,0,False,False,,,,,,,,,,,
margin,Iowa State,scientific_f0_m10,8.897868810943171,39,0,False,False,,,,,,,,,,,
margin,UCLA,scientific_f0_m10,8.701735635707967,40,0,False,False,,,,,,,,,,,
margin,Louisville,scientific_f0_m10,8.301626718794218,41,0,False,False,,,,,,,,,,,
margin,Indiana,scientific_f0_m10,7.7978988589372005,42,0,False,False,,,,,,,,,,,
margin,Fresno State,scientific_f0_m10,7.3050382737156605,43,0,False,False,,,,,,,,,,,
margin,BYU,scientific_f0_m10,7.296077658657644,44,0,False,False,,,,,,,,,,,
margin,UTEP,scientific_f0_m10,7.198448009258348,45,0,False,False,,,,,,,,,,,
margin,Tennessee,scientific_f0_m10,7.122226445804582,46,0,False,False,,,,,,,,,,,
margin,Iowa,scientific_f0_m10,7.096990910260258,47,0,False,False,,,,,,,,,,,
margin,Ole Miss,scientific_f0_m10,6.820084221656233,48,0,False,False,,,,,,,,,,,
margin,Nebraska,scientific_f0_m10,6.802945009851306,49,0,False,False,,,,,,,,,,,
margin,Kansas State,scientific_f0_m10,6.591284304568267,50,0,False,False,,,,,,,,,,,
margin,UAB,scientific_f0_m10,6.499845970164807,51,0,False,False,,,,,,,,,,,
margin,Boise State,scientific_f0_m10,6.499731276446401,52,0,False,False,,,,,,,,,,,
margin,Miami,scientific_f0_m10,6.427854182712307,53,0,False,False,,,,,,,,,,,
margin,Penn State,scientific_f0_m10,6.2891738348883415,54,0,False,False,,,,,,,,,,,
margin,Eastern Michigan,scientific_f0_m10,6.201801929684827,55,0,False,False,,,,,,,,,,,
margin,Virginia Tech,scientific_f0_m10,5.903447362851967,56,0,False,False,,,,,,,,,,,
margin,Miami (OH),scientific_f0_m10,5.892133762590754,57,0,False,False,,,,,,,,,,,
margin,UCF,scientific_f0_m10,5.200324885691697,58,0,False,False,,,,,,,,,,,
margin,Marshall,scientific_f0_m10,4.9828975241045805,59,0,False,False,,,,,,,,,,,
margin,Jacksonville State,scientific_f0_m10,4.397703238647889,60,0,False,False,,,,,,,,,,,
margin,Arkansas State,scientific_f0_m10,4.200528792228157,61,0,False,False,,,,,,,,,,,
margin,California,scientific_f0_m10,4.013604626256237,62,0,False,False,,,,,,,,,,,
margin,Colorado,scientific_f0_m10,3.802941392143155,63,0,False,False,,,,,,,,,,,
margin,Baylor,scientific_f0_m10,3.500968067922537,64,0,False,False,,,,,,,,,,,
margin,Vanderbilt,scientific_f0_m10,3.2991400855132014,65,0,False,False,,,,,,,,,,,
margin,Temple,scientific_f0_m10,2.500897269328988,66,0,False,False,,,,,,,,,,,
margin,Purdue,scientific_f0_m10,2.4032410592103886,67,0,False,False,,,,,,,,,,,
margin,Boston College,scientific_f0_m10,1.9989919519274444,68,0,False,False,,,,,,,,,,,
margin,Nevada,scientific_f0_m10,1.8978526022563127,69,0,False,False,,,,,,,,,,,
margin,North Texas,scientific_f0_m10,1.8018073098869858,70,0,False,False,,,,,,,,,,,
margin,Oregon State,scientific_f0_m10,1.7007682681114542,71,0,False,False,,,,,,,,,,,
margin,Tulane,scientific_f0_m10,1.4051428232448653,72,0,False,False,,,,,,,,,,,
margin,Northwestern,scientific_f0_m10,1.2321783727913553,73,0,False,False,,,,,,,,,,,
margin,Tulsa,scientific_f0_m10,1.0986125500972301,74,0,False,False,,,,,,,,,,,
margin,Colorado State,scientific_f0_m10,0.8988185296129687,75,0,False,False,,,,,,,,,,,
margin,East Carolina,scientific_f0_m10,0.749620151952349,76,0,False,False,,,,,,,,,,,
margin,Duke,scientific_f0_m10,0.6012013570513148,77,0,False,False,,,,,,,,,,,
margin,Troy,scientific_f0_m10,0.502873379752187,78,0,False,False,,,,,,,,,,,
margin,Pittsburgh,scientific_f0_m10,0.4005138580928224,79,0,False,False,,,,,,,,,,,
margin,Florida International,scientific_f0_m10,0.30593644918354806,80,0,False,False,,,,,,,,,,,
margin,Cincinnati,scientific_f0_m10,0.0010344658587484238,81,0,False,False,,,,,,,,,,,
margin,UConn,scientific_f0_m10,-0.09985938140535877,82,0,False,False,,,,,,,,,,,
margin,Memphis,scientific_f0_m10,-0.19841824701119107,83,0,False,False,,,,,,,,,,,
margin,Florida Atlantic,scientific_f0_m10,-0.2008029560025756,84,0,False,False,,,,,,,,,,,
margin,Georgia Southern,scientific_f0_m10,-0.306533358694932,85,0,False,False,,,,,,,,,,,
margin,Western Kentucky,scientific_f0_m10,-0.39980205099731014,86,0,False,False,,,,,,,,,,,
margin,Southern Miss,scientific_f0_m10,-0.5970707295857658,87,0,False,False,,,,,,,,,,,
margin,Wake Forest,scientific_f0_m10,-0.5986133336309394,88,0,False,False,,,,,,,,,,,
margin,Georgia State,scientific_f0_m10,-0.5986889900321627,89,0,False,False,,,,,,,,,,,
margin,Central Michigan,scientific_f0_m10,-0.9885718370407932,90,0,False,False,,,,,,,,,,,
margin,Kansas,scientific_f0_m10,-1.1014327633004912,91,0,False,False,,,,,,,,,,,
margin,South Alabama,scientific_f0_m10,-1.4014366697883678,92,0,False,False,,,,,,,,,,,
margin,Texas State,scientific_f0_m10,-1.4025476466141016,93,0,False,False,,,,,,,,,,,
margin,Coastal Carolina,scientific_f0_m10,-1.6075591845056916,94,0,False,False,,,,,,,,,,,
margin,Michigan State,scientific_f0_m10,-1.6974425099295234,95,0,False,False,,,,,,,,,,,
margin,Wyoming,scientific_f0_m10,-1.7028513380599402,96,0,False,False,,,,,,,,,,,
margin,SMU,scientific_f0_m10,-1.801542474855948,97,0,False,False,,,,,,,,,,,
margin,Illinois,scientific_f0_m10,-2.0022290344593787,98,0,False,False,,,,,,,,,,,
margin,Missouri State,scientific_f0_m10,-2.2913283475992405,99,0,False,False,,,,,,,,,,,
margin,App State,scientific_f0_m10,-2.4031948350031946,100,0,False,False,,,,,,,,,,,
margin,Washington State,scientific_f0_m10,-2.6968460743344247,101,0,False,False,,,,,,,,,,,
margin,San José State,scientific_f0_m10,-2.900041556336128,102,0,False,False,,,,,,,,,,,
margin,Kennesaw State,scientific_f0_m10,-2.988706133010852,103,0,False,False,,,,,,,,,,,
margin,Bowling Green,scientific_f0_m10,-3.400960167316136,104,0,False,False,,,,,,,,,,,
margin,TCU,scientific_f0_m10,-3.6996336268395944,105,0,False,False,,,,,,,,,,,
margin,UTSA,scientific_f0_m10,-4.100089257951722,106,0,False,False,,,,,,,,,,,
margin,Sacramento State,scientific_f0_m10,-4.103856952997874,107,0,False,False,,,,,,,,,,,
margin,Louisiana Tech,scientific_f0_m10,-4.203587851134826,108,0,False,False,,,,,,,,,,,
margin,Minnesota,scientific_f0_m10,-4.301946556751606,109,0,False,False,,,,,,,,,,,
margin,Liberty,scientific_f0_m10,-4.407009406774939,110,0,False,False,,,,,,,,,,,
margin,Delaware,scientific_f0_m10,-4.582470982046546,111,0,False,False,,,,,,,,,,,
margin,Kent State,scientific_f0_m10,-4.610053717028057,112,0,False,False,,,,,,,,,,,
margin,Ohio,scientific_f0_m10,-4.61012322271124,113,0,False,False,,,,,,,,,,,
margin,Western Michigan,scientific_f0_m10,-4.787914667536042,114,0,False,False,,,,,,,,,,,
margin,Toledo,scientific_f0_m10,-4.79456754441297,115,0,False,False,,,,,,,,,,,
margin,New Mexico,scientific_f0_m10,-5.397200911437451,116,0,False,False,,,,,,,,,,,
margin,Louisiana,scientific_f0_m10,-5.695884023791501,117,0,False,False,,,,,,,,,,,
margin,South Florida,scientific_f0_m10,-5.798787724559298,118,0,False,False,,,,,,,,,,,
margin,San Diego State,scientific_f0_m10,-6.701195531272207,119,0,False,False,,,,,,,,,,,
margin,Akron,scientific_f0_m10,-6.71197488333107,120,0,False,False,,,,,,,,,,,
margin,Sam Houston,scientific_f0_m10,-6.996368088351957,121,0,False,False,,,,,,,,,,,
margin,Buffalo,scientific_f0_m10,-7.2059913679406655,122,0,False,False,,,,,,,,,,,
margin,Northern Illinois,scientific_f0_m10,-7.483488058937896,123,0,False,False,,,,,,,,,,,
margin,Ball State,scientific_f0_m10,-7.530552615655755,124,0,False,False,,,,,,,,,,,
margin,Oklahoma State,scientific_f0_m10,-8.499862775505825,125,0,False,False,,,,,,,,,,,
margin,Massachusetts,scientific_f0_m10,-8.885308663909644,126,0,False,False,,,,,,,,,,,
margin,UL Monroe,scientific_f0_m10,-9.50410361891689,127,0,False,False,,,,,,,,,,,
margin,Hawai'i,scientific_f0_m10,-10.607221413705009,128,0,False,False,,,,,,,,,,,
margin,New Mexico State,scientific_f0_m10,-10.711885029373162,129,0,False,False,,,,,,,,,,,
margin,James Madison,scientific_f0_m10,-11.091912596005262,130,0,False,False,,,,,,,,,,,
margin,Old Dominion,scientific_f0_m10,-12.19823021936873,131,0,False,False,,,,,,,,,,,
margin,North Dakota State,scientific_f0_m10,-13.094452327131906,132,0,False,False,,,,,,,,,,,
margin,Charlotte,scientific_f0_m10,-13.304327908344264,133,0,False,False,,,,,,,,,,,
margin,Utah State,scientific_f0_m10,-13.589794456004855,134,0,False,False,,,,,,,,,,,
margin,Navy,scientific_f0_m10,-15.288363659287818,135,0,False,False,,,,,,,,,,,
margin,Middle Tennessee,scientific_f0_m10,-18.99879187740436,136,0,False,False,,,,,,,,,,,
margin,Army,scientific_f0_m10,-19.627531386752135,137,0,False,False,,,,,,,,,,,
margin,Air Force,scientific_f0_m10,-28.49696012581278,138,0,False,False,,,,,,,,,,,
margin,Miami,scientific_f1_m1,33.04921753517112,1,25,True,True,,,,,,,,,,,
margin,Georgia,scientific_f1_m1,32.279119394437174,2,24,True,False,,,,,,,,,,,
margin,South Carolina,scientific_f1_m1,25.422127928049232,3,23,True,False,,,,,,,,,,,
margin,Texas A&M,scientific_f1_m1,24.691699513638635,4,22,True,False,,,,,,,,,,,
margin,Alabama,scientific_f1_m1,24.449960221227872,5,21,True,False,,,,,,,,,,,
margin,Florida,scientific_f1_m1,23.945402736722603,6,20,True,False,,,,,,,,,,,
margin,LSU,scientific_f1_m1,23.871420353357824,7,19,True,False,,,,,,,,,,,
margin,Virginia Tech,scientific_f1_m1,21.935692699001827,8,18,True,False,,,,,,,,,,,
margin,Mississippi State,scientific_f1_m1,21.8799130474878,9,17,True,False,,,,,,,,,,,
margin,Texas,scientific_f1_m1,21.58623701786477,10,16,True,False,,,,,,,,,,,
margin,Kansas State,scientific_f1_m1,21.417519411222656,11,15,True,False,,,,,,,,,,,
margin,Notre Dame,scientific_f1_m1,21.345052609336054,12,14,True,False,,,,,,,,,,,
margin,Tennessee,scientific_f1_m1,21.146580862342805,13,13,True,False,,,,,,,,,,,
margin,Indiana,scientific_f1_m1,20.229469450462126,14,12,True,False,,,,,,,,,,,
margin,Ohio State,scientific_f1_m1,19.879325393375208,15,11,True,False,,,,,,,,,,,
margin,Utah,scientific_f1_m1,19.408129614801645,16,10,True,False,,,,,,,,,,,
margin,Virginia,scientific_f1_m1,19.12146391894663,17,9,True,False,,,,,,,,,,,
margin,Houston,scientific_f1_m1,18.922068817542677,18,8,True,False,,,,,,,,,,,
margin,Maryland,scientific_f1_m1,18.822974557222512,19,7,True,False,,,,,,,,,,,
margin,Nebraska,scientific_f1_m1,17.492453985487273,20,6,True,False,,,,,,,,,,,
margin,Missouri,scientific_f1_m1,16.897521405826907,21,5,True,False,,,,,,,,,,,
margin,Penn State,scientific_f1_m1,16.107644552599133,22,4,True,False,,,,,,,,,,,
margin,New Mexico,scientific_f1_m1,15.724367727569028,23,3,True,False,,,,,,,,,,,
margin,BYU,scientific_f1_m1,14.653224732823261,24,2,True,False,,,,,,,,,,,
margin,Oklahoma,scientific_f1_m1,14.578330121378581,25,1,True,False,,,,,,,,,,,
margin,Ole Miss,scientific_f1_m1,13.860995100444274,26,0,False,False,,,,,,,,,,,
margin,Florida State,scientific_f1_m1,12.981279128779697,27,0,False,False,,,,,,,,,,,
margin,NC State,scientific_f1_m1,12.344270506468973,28,0,False,False,,,,,,,,,,,
margin,Cincinnati,scientific_f1_m1,11.99497427964122,29,0,False,False,,,,,,,,,,,
margin,SMU,scientific_f1_m1,11.97608553065766,30,0,False,False,,,,,,,,,,,
margin,Auburn,scientific_f1_m1,11.825375383087747,31,0,False,False,,,,,,,,,,,
margin,West Virginia,scientific_f1_m1,11.771397985103643,32,0,False,False,,,,,,,,,,,
margin,James Madison,scientific_f1_m1,11.734077034708278,33,0,False,False,,,,,,,,,,,
margin,USC,scientific_f1_m1,11.390606351223408,34,0,False,False,,,,,,,,,,,
margin,North Carolina,scientific_f1_m1,11.17811612099974,35,0,False,False,,,,,,,,,,,
margin,TCU,scientific_f1_m1,10.929923992226474,36,0,False,False,,,,,,,,,,,
margin,Iowa,scientific_f1_m1,10.590116459469904,37,0,False,False,,,,,,,,,,,
margin,Georgia State,scientific_f1_m1,10.57930445569039,38,0,False,False,,,,,,,,,,,
margin,UCF,scientific_f1_m1,10.536749020141592,39,0,False,False,,,,,,,,,,,
margin,Colorado State,scientific_f1_m1,10.203663683663535,40,0,False,False,,,,,,,,,,,
margin,Syracuse,scientific_f1_m1,10.105145516952977,41,0,False,False,,,,,,,,,,,
margin,Pittsburgh,scientific_f1_m1,9.915070263479635,42,0,False,False,,,,,,,,,,,
margin,Baylor,scientific_f1_m1,9.83545371570435,43,0,False,False,,,,,,,,,,,
margin,Michigan State,scientific_f1_m1,9.43815870729686,44,0,False,False,,,,,,,,,,,
margin,App State,scientific_f1_m1,9.156472421785356,45,0,False,False,,,,,,,,,,,
margin,Oregon,scientific_f1_m1,9.081825572616369,46,0,False,False,,,,,,,,,,,
margin,Texas Tech,scientific_f1_m1,8.867203350822706,47,0,False,False,,,,,,,,,,,
margin,Arizona State,scientific_f1_m1,8.062135449472724,48,0,False,False,,,,,,,,,,,
margin,UCLA,scientific_f1_m1,7.759473349503316,49,0,False,False,,,,,,,,,,,
margin,Michigan,scientific_f1_m1,7.609539024622694,50,0,False,False,,,,,,,,,,,
margin,Louisville,scientific_f1_m1,7.248826964762684,51,0,False,False,,,,,,,,,,,
margin,Colorado,scientific_f1_m1,6.776267038487989,52,0,False,False,,,,,,,,,,,
margin,Northwestern,scientific_f1_m1,6.158830281425926,53,0,False,False,,,,,,,,,,,
margin,Washington,scientific_f1_m1,5.58211365638226,54,0,False,False,,,,,,,,,,,
margin,Arizona,scientific_f1_m1,5.545381163933548,55,0,False,False,,,,,,,,,,,
margin,Jacksonville State,scientific_f1_m1,5.369930845934565,56,0,False,False,,,,,,,,,,,
margin,Minnesota,scientific_f1_m1,5.25502273906085,57,0,False,False,,,,,,,,,,,
margin,Vanderbilt,scientific_f1_m1,5.043699670416778,58,0,False,False,,,,,,,,,,,
margin,Purdue,scientific_f1_m1,4.779435368539536,59,0,False,False,,,,,,,,,,,
margin,Kansas,scientific_f1_m1,4.3076941845771515,60,0,False,False,,,,,,,,,,,
margin,South Florida,scientific_f1_m1,4.000599563251271,61,0,False,False,,,,,,,,,,,
margin,Toledo,scientific_f1_m1,3.910863265969324,62,0,False,False,,,,,,,,,,,
margin,UTSA,scientific_f1_m1,3.744260753380715,63,0,False,False,,,,,,,,,,,
margin,Wake Forest,scientific_f1_m1,3.1621595360468477,64,0,False,False,,,,,,,,,,,
margin,Illinois,scientific_f1_m1,2.667215503453941,65,0,False,False,,,,,,,,,,,
margin,Duke,scientific_f1_m1,2.642227850710505,66,0,False,False,,,,,,,,,,,
margin,Stanford,scientific_f1_m1,2.351489501782676,67,0,False,False,,,,,,,,,,,
margin,Louisiana Tech,scientific_f1_m1,2.2617898773197043,68,0,False,False,,,,,,,,,,,
margin,Kentucky,scientific_f1_m1,2.1280035938056043,69,0,False,False,,,,,,,,,,,
margin,Western Michigan,scientific_f1_m1,2.0185766869492747,70,0,False,False,,,,,,,,,,,
margin,Coastal Carolina,scientific_f1_m1,1.9418332414858122,71,0,False,False,,,,,,,,,,,
margin,Georgia Southern,scientific_f1_m1,1.508707515910996,72,0,False,False,,,,,,,,,,,
margin,UConn,scientific_f1_m1,1.2533750483268808,73,0,False,False,,,,,,,,,,,
margin,Iowa State,scientific_f1_m1,1.189810153592929,74,0,False,False,,,,,,,,,,,
margin,Tulsa,scientific_f1_m1,1.0467246675780952,75,0,False,False,,,,,,,,,,,
margin,Massachusetts,scientific_f1_m1,1.009998344469936,76,0,False,False,,,,,,,,,,,
margin,North Dakota State,scientific_f1_m1,0.9814224388441142,77,0,False,False,,,,,,,,,,,
margin,South Alabama,scientific_f1_m1,0.9616737795482573,78,0,False,False,,,,,,,,,,,
margin,Wisconsin,scientific_f1_m1,0.10226629568713363,79,0,False,False,,,,,,,,,,,
margin,Boise State,scientific_f1_m1,-0.24513302424565264,80,0,False,False,,,,,,,,,,,
margin,Arkansas State,scientific_f1_m1,-0.647020525624165,81,0,False,False,,,,,,,,,,,
margin,Memphis,scientific_f1_m1,-1.1467800807721282,82,0,False,False,,,,,,,,,,,
margin,Troy,scientific_f1_m1,-1.2147826461555296,83,0,False,False,,,,,,,,,,,
margin,Arkansas,scientific_f1_m1,-1.3413533789472742,84,0,False,False,,,,,,,,,,,
margin,Oklahoma State,scientific_f1_m1,-1.3997442205662525,85,0,False,False,,,,,,,,,,,
margin,Temple,scientific_f1_m1,-1.420426888482167,86,0,False,False,,,,,,,,,,,
margin,San Diego State,scientific_f1_m1,-1.5833199822478639,87,0,False,False,,,,,,,,,,,
margin,Army,scientific_f1_m1,-1.591825828898302,88,0,False,False,,,,,,,,,,,
margin,Kennesaw State,scientific_f1_m1,-1.9494840477755861,89,0,False,False,,,,,,,,,,,
margin,Fresno State,scientific_f1_m1,-2.061132181165082,90,0,False,False,,,,,,,,,,,
margin,Clemson,scientific_f1_m1,-2.1910185496592804,91,0,False,False,,,,,,,,,,,
margin,Southern Miss,scientific_f1_m1,-2.218329614622313,92,0,False,False,,,,,,,,,,,
margin,Florida International,scientific_f1_m1,-2.535583438840902,93,0,False,False,,,,,,,,,,,
margin,North Texas,scientific_f1_m1,-2.5653312546337217,94,0,False,False,,,,,,,,,,,
margin,California,scientific_f1_m1,-2.6228487799035003,95,0,False,False,,,,,,,,,,,
margin,Akron,scientific_f1_m1,-2.7017169906291194,96,0,False,False,,,,,,,,,,,
margin,Nevada,scientific_f1_m1,-2.7290425601093133,97,0,False,False,,,,,,,,,,,
margin,Louisiana,scientific_f1_m1,-3.1538294575515504,98,0,False,False,,,,,,,,,,,
margin,Middle Tennessee,scientific_f1_m1,-3.165222580186991,99,0,False,False,,,,,,,,,,,
margin,Delaware,scientific_f1_m1,-3.2447493398724374,100,0,False,False,,,,,,,,,,,
margin,Sacramento State,scientific_f1_m1,-3.832159615064321,101,0,False,False,,,,,,,,,,,
margin,Georgia Tech,scientific_f1_m1,-3.8970361463924936,102,0,False,False,,,,,,,,,,,
margin,New Mexico State,scientific_f1_m1,-4.174935316782473,103,0,False,False,,,,,,,,,,,
margin,Boston College,scientific_f1_m1,-4.199409043252866,104,0,False,False,,,,,,,,,,,
margin,Liberty,scientific_f1_m1,-4.344617289400635,105,0,False,False,,,,,,,,,,,
margin,UAB,scientific_f1_m1,-4.786854665487758,106,0,False,False,,,,,,,,,,,
margin,Rutgers,scientific_f1_m1,-5.194808977426743,107,0,False,False,,,,,,,,,,,
margin,Tulane,scientific_f1_m1,-5.260501204409166,108,0,False,False,,,,,,,,,,,
margin,Miami (OH),scientific_f1_m1,-5.607454242603274,109,0,False,False,,,,,,,,,,,
margin,Hawai'i,scientific_f1_m1,-6.413588873566803,110,0,False,False,,,,,,,,,,,
margin,San José State,scientific_f1_m1,-6.775825407296808,111,0,False,False,,,,,,,,,,,
margin,UTEP,scientific_f1_m1,-6.995028972765451,112,0,False,False,,,,,,,,,,,
margin,Air Force,scientific_f1_m1,-7.3939438975292555,113,0,False,False,,,,,,,,,,,
margin,Old Dominion,scientific_f1_m1,-7.5962215580374215,114,0,False,False,,,,,,,,,,,
margin,Sam Houston,scientific_f1_m1,-7.651596433744273,115,0,False,False,,,,,,,,,,,
margin,Rice,scientific_f1_m1,-7.821562739314712,116,0,False,False,,,,,,,,,,,
margin,Buffalo,scientific_f1_m1,-8.05801385383727,117,0,False,False,,,,,,,,,,,
margin,Eastern Michigan,scientific_f1_m1,-9.025138776057297,118,0,False,False,,,,,,,,,,,
margin,Wyoming,scientific_f1_m1,-9.101301726744712,119,0,False,False,,,,,,,,,,,
margin,Utah State,scientific_f1_m1,-10.409011942239204,120,0,False,False,,,,,,,,,,,
margin,UNLV,scientific_f1_m1,-10.651944237264605,121,0,False,False,,,,,,,,,,,
margin,Oregon State,scientific_f1_m1,-10.799444511279223,122,0,False,False,,,,,,,,,,,
margin,Washington State,scientific_f1_m1,-11.084410194292651,123,0,False,False,,,,,,,,,,,
margin,Missouri State,scientific_f1_m1,-11.488320200349484,124,0,False,False,,,,,,,,,,,
margin,Ball State,scientific_f1_m1,-11.851223895744095,125,0,False,False,,,,,,,,,,,
margin,Ohio,scientific_f1_m1,-12.000325759004344,126,0,False,False,,,,,,,,,,,
margin,Central Michigan,scientific_f1_m1,-12.473089044819496,127,0,False,False,,,,,,,,,,,
margin,Charlotte,scientific_f1_m1,-12.650718692654298,128,0,False,False,,,,,,,,,,,
margin,East Carolina,scientific_f1_m1,-13.242197138480709,129,0,False,False,,,,,,,,,,,
margin,Florida Atlantic,scientific_f1_m1,-13.617505910517426,130,0,False,False,,,,,,,,,,,
margin,Navy,scientific_f1_m1,-13.932860023694289,131,0,False,False,,,,,,,,,,,
margin,Kent State,scientific_f1_m1,-14.951297545205652,132,0,False,False,,,,,,,,,,,
margin,Marshall,scientific_f1_m1,-15.002982533974745,133,0,False,False,,,,,,,,,,,
margin,Northern Illinois,scientific_f1_m1,-16.526068459760985,134,0,False,False,,,,,,,,,,,
margin,Texas State,scientific_f1_m1,-16.886118156130376,135,0,False,False,,,,,,,,,,,
margin,Bowling Green,scientific_f1_m1,-18.248126231397496,136,0,False,False,,,,,,,,,,,
margin,UL Monroe,scientific_f1_m1,-20.09610156087615,137,0,False,False,,,,,,,,,,,
margin,Western Kentucky,scientific_f1_m1,-23.65773957178278,138,0,False,False,,,,,,,,,,,
margin,Georgia,scientific_f1_m2,36.30874892766971,1,25,True,True,,,,,,,,,,,
margin,Miami,scientific_f1_m2,34.53136433757298,2,24,True,False,,,,,,,,,,,
margin,Notre Dame,scientific_f1_m2,28.52762726331028,3,23,True,False,,,,,,,,,,,
margin,South Carolina,scientific_f1_m2,28.351104811291954,4,22,True,False,,,,,,,,,,,
margin,Florida,scientific_f1_m2,26.694677088052508,5,21,True,False,,,,,,,,,,,
margin,Texas A&M,scientific_f1_m2,26.68153782943795,6,20,True,False,,,,,,,,,,,
margin,Alabama,scientific_f1_m2,26.61284101915777,7,19,True,False,,,,,,,,,,,
margin,Virginia Tech,scientific_f1_m2,25.443008019301217,8,18,True,False,,,,,,,,,,,
margin,LSU,scientific_f1_m2,25.433982939339145,9,17,True,False,,,,,,,,,,,
margin,Kansas State,scientific_f1_m2,23.581740223715023,10,16,True,False,,,,,,,,,,,
margin,Mississippi State,scientific_f1_m2,23.130541017696054,11,15,True,False,,,,,,,,,,,
margin,Texas,scientific_f1_m2,22.83285252058493,12,14,True,False,,,,,,,,,,,
margin,Tennessee,scientific_f1_m2,22.082915286500622,13,13,True,False,,,,,,,,,,,
margin,Indiana,scientific_f1_m2,21.788010708578028,14,12,True,False,,,,,,,,,,,
margin,Ohio State,scientific_f1_m2,21.463892105023334,15,11,True,False,,,,,,,,,,,
margin,Utah,scientific_f1_m2,20.71731893443286,16,10,True,False,,,,,,,,,,,
margin,Virginia,scientific_f1_m2,20.551394369170808,17,9,True,False,,,,,,,,,,,
margin,Houston,scientific_f1_m2,20.124977417570697,18,8,True,False,,,,,,,,,,,
margin,Maryland,scientific_f1_m2,19.788814580637762,19,7,True,False,,,,,,,,,,,
margin,Nebraska,scientific_f1_m2,18.7108361957492,20,6,True,False,,,,,,,,,,,
margin,New Mexico,scientific_f1_m2,17.52887787931669,21,5,True,False,,,,,,,,,,,
margin,Missouri,scientific_f1_m2,17.25220698710431,22,4,True,False,,,,,,,,,,,
margin,Penn State,scientific_f1_m2,16.141600152138853,23,3,True,False,,,,,,,,,,,
margin,BYU,scientific_f1_m2,15.611415740492115,24,2,True,False,,,,,,,,,,,
margin,James Madison,scientific_f1_m2,14.484755781708571,25,1,True,False,,,,,,,,,,,
margin,Ole Miss,scientific_f1_m2,14.295425696531776,26,0,False,False,,,,,,,,,,,
margin,NC State,scientific_f1_m2,14.240645167335057,27,0,False,False,,,,,,,,,,,
margin,Oklahoma,scientific_f1_m2,14.154978222286239,28,0,False,False,,,,,,,,,,,
margin,Cincinnati,scientific_f1_m2,12.696977656749329,29,0,False,False,,,,,,,,,,,
margin,TCU,scientific_f1_m2,12.201438787672284,30,0,False,False,,,,,,,,,,,
margin,SMU,scientific_f1_m2,11.89361800985431,31,0,False,False,,,,,,,,,,,
margin,USC,scientific_f1_m2,11.318901187297636,32,0,False,False,,,,,,,,,,,
margin,Florida State,scientific_f1_m2,11.307888047646596,33,0,False,False,,,,,,,,,,,
margin,Georgia State,scientific_f1_m2,11.264317647216203,34,0,False,False,,,,,,,,,,,
margin,West Virginia,scientific_f1_m2,11.245658403779599,35,0,False,False,,,,,,,,,,,
margin,Iowa,scientific_f1_m2,11.14883765796606,36,0,False,False,,,,,,,,,,,
margin,Colorado State,scientific_f1_m2,11.078320484172611,37,0,False,False,,,,,,,,,,,
margin,Auburn,scientific_f1_m2,10.946246774262985,38,0,False,False,,,,,,,,,,,
margin,Syracuse,scientific_f1_m2,10.840346093552922,39,0,False,False,,,,,,,,,,,
margin,UCF,scientific_f1_m2,10.82934845523125,40,0,False,False,,,,,,,,,,,
margin,Pittsburgh,scientific_f1_m2,9.614784229008121,41,0,False,False,,,,,,,,,,,
margin,App State,scientific_f1_m2,9.596505289050144,42,0,False,False,,,,,,,,,,,
margin,North Carolina,scientific_f1_m2,9.28672475393562,43,0,False,False,,,,,,,,,,,
margin,Baylor,scientific_f1_m2,9.232339672317046,44,0,False,False,,,,,,,,,,,
margin,Oregon,scientific_f1_m2,8.541723815054755,45,0,False,False,,,,,,,,,,,
margin,Texas Tech,scientific_f1_m2,8.531606879658934,46,0,False,False,,,,,,,,,,,
margin,Michigan State,scientific_f1_m2,8.48870934494391,47,0,False,False,,,,,,,,,,,
margin,Arizona State,scientific_f1_m2,8.213045287135817,48,0,False,False,,,,,,,,,,,
margin,Louisville,scientific_f1_m2,7.6400429355944,49,0,False,False,,,,,,,,,,,
margin,Michigan,scientific_f1_m2,6.349350721688806,50,0,False,False,,,,,,,,,,,
margin,UCLA,scientific_f1_m2,6.272412683267279,51,0,False,False,,,,,,,,,,,
margin,Colorado,scientific_f1_m2,5.534101889582336,52,0,False,False,,,,,,,,,,,
margin,Vanderbilt,scientific_f1_m2,5.462884226038788,53,0,False,False,,,,,,,,,,,
margin,Minnesota,scientific_f1_m2,5.36482166105339,54,0,False,False,,,,,,,,,,,
margin,Purdue,scientific_f1_m2,5.338057948670429,55,0,False,False,,,,,,,,,,,
margin,Northwestern,scientific_f1_m2,4.987687628789742,56,0,False,False,,,,,,,,,,,
margin,Jacksonville State,scientific_f1_m2,4.767156301325062,57,0,False,False,,,,,,,,,,,
margin,Washington,scientific_f1_m2,3.734224364131333,58,0,False,False,,,,,,,,,,,
margin,Arizona,scientific_f1_m2,3.7053930776248984,59,0,False,False,,,,,,,,,,,
margin,Kansas,scientific_f1_m2,3.674408089574273,60,0,False,False,,,,,,,,,,,
margin,Toledo,scientific_f1_m2,3.3102094013143484,61,0,False,False,,,,,,,,,,,
margin,Wake Forest,scientific_f1_m2,3.1256804016352686,62,0,False,False,,,,,,,,,,,
margin,Louisiana Tech,scientific_f1_m2,2.7039869585735707,63,0,False,False,,,,,,,,,,,
margin,UTSA,scientific_f1_m2,2.518757917864241,64,0,False,False,,,,,,,,,,,
margin,South Florida,scientific_f1_m2,2.324700517361246,65,0,False,False,,,,,,,,,,,
margin,Army,scientific_f1_m2,1.655122360385727,66,0,False,False,,,,,,,,,,,
margin,Illinois,scientific_f1_m2,1.3755421067499638,67,0,False,False,,,,,,,,,,,
margin,Coastal Carolina,scientific_f1_m2,1.2754140980359088,68,0,False,False,,,,,,,,,,,
margin,North Dakota State,scientific_f1_m2,0.9819358298374836,69,0,False,False,,,,,,,,,,,
margin,Stanford,scientific_f1_m2,0.9406998290913213,70,0,False,False,,,,,,,,,,,
margin,Duke,scientific_f1_m2,0.9377411462616161,71,0,False,False,,,,,,,,,,,
margin,Kentucky,scientific_f1_m2,0.9269515806367568,72,0,False,False,,,,,,,,,,,
margin,Western Michigan,scientific_f1_m2,0.8157712592116413,73,0,False,False,,,,,,,,,,,
margin,Massachusetts,scientific_f1_m2,0.5164445133638829,74,0,False,False,,,,,,,,,,,
margin,Georgia Southern,scientific_f1_m2,0.49057590115770333,75,0,False,False,,,,,,,,,,,
margin,Iowa State,scientific_f1_m2,0.43948549639686263,76,0,False,False,,,,,,,,,,,
margin,UConn,scientific_f1_m2,0.2650895205184751,77,0,False,False,,,,,,,,,,,
margin,Arkansas State,scientific_f1_m2,-0.326843275135019,78,0,False,False,,,,,,,,,,,
margin,Tulsa,scientific_f1_m2,-0.4713173656339098,79,0,False,False,,,,,,,,,,,
margin,South Alabama,scientific_f1_m2,-0.7308022875051088,80,0,False,False,,,,,,,,,,,
margin,Wisconsin,scientific_f1_m2,-1.6377723744416963,81,0,False,False,,,,,,,,,,,
margin,San Diego State,scientific_f1_m2,-1.7781806560320321,82,0,False,False,,,,,,,,,,,
margin,Boise State,scientific_f1_m2,-1.9419910054516336,83,0,False,False,,,,,,,,,,,
margin,Kennesaw State,scientific_f1_m2,-2.682302346103276,84,0,False,False,,,,,,,,,,,
margin,Troy,scientific_f1_m2,-2.8701415630244096,85,0,False,False,,,,,,,,,,,
margin,Delaware,scientific_f1_m2,-3.02188850633323,86,0,False,False,,,,,,,,,,,
margin,Memphis,scientific_f1_m2,-3.058657194008389,87,0,False,False,,,,,,,,,,,
margin,North Texas,scientific_f1_m2,-3.11771592537659,88,0,False,False,,,,,,,,,,,
margin,Temple,scientific_f1_m2,-3.365676291013452,89,0,False,False,,,,,,,,,,,
margin,Oklahoma State,scientific_f1_m2,-3.599044773947485,90,0,False,False,,,,,,,,,,,
margin,Fresno State,scientific_f1_m2,-3.701629595552948,91,0,False,False,,,,,,,,,,,
margin,Clemson,scientific_f1_m2,-4.151952410840613,92,0,False,False,,,,,,,,,,,
margin,Southern Miss,scientific_f1_m2,-4.1698777890763505,93,0,False,False,,,,,,,,,,,
margin,New Mexico State,scientific_f1_m2,-4.213781570040513,94,0,False,False,,,,,,,,,,,
margin,California,scientific_f1_m2,-4.2817233022740275,95,0,False,False,,,,,,,,,,,
margin,Florida International,scientific_f1_m2,-4.343499599027073,96,0,False,False,,,,,,,,,,,
margin,Middle Tennessee,scientific_f1_m2,-4.472575045619297,97,0,False,False,,,,,,,,,,,
margin,Louisiana,scientific_f1_m2,-4.481819431652875,98,0,False,False,,,,,,,,,,,
margin,Akron,scientific_f1_m2,-4.532610360303668,99,0,False,False,,,,,,,,,,,
margin,Arkansas,scientific_f1_m2,-4.7867794952648435,100,0,False,False,,,,,,,,,,,
margin,Nevada,scientific_f1_m2,-4.862097513112887,101,0,False,False,,,,,,,,,,,
margin,Sacramento State,scientific_f1_m2,-5.229790616544918,102,0,False,False,,,,,,,,,,,
margin,Georgia Tech,scientific_f1_m2,-5.510460478958247,103,0,False,False,,,,,,,,,,,
margin,Air Force,scientific_f1_m2,-5.628569021694364,104,0,False,False,,,,,,,,,,,
margin,Boston College,scientific_f1_m2,-6.122933356707181,105,0,False,False,,,,,,,,,,,
margin,UAB,scientific_f1_m2,-6.1770640899376055,106,0,False,False,,,,,,,,,,,
margin,Miami (OH),scientific_f1_m2,-6.454763509269279,107,0,False,False,,,,,,,,,,,
margin,Rutgers,scientific_f1_m2,-6.813775465395203,108,0,False,False,,,,,,,,,,,
margin,Liberty,scientific_f1_m2,-6.998159903156386,109,0,False,False,,,,,,,,,,,
margin,Tulane,scientific_f1_m2,-7.8081941761551885,110,0,False,False,,,,,,,,,,,
margin,San José State,scientific_f1_m2,-7.984837581999171,111,0,False,False,,,,,,,,,,,
margin,Hawai'i,scientific_f1_m2,-8.343657706834074,112,0,False,False,,,,,,,,,,,
margin,UTEP,scientific_f1_m2,-8.83611309874989,113,0,False,False,,,,,,,,,,,
margin,Navy,scientific_f1_m2,-9.386206417946811,114,0,False,False,,,,,,,,,,,
margin,Old Dominion,scientific_f1_m2,-9.753584829405634,115,0,False,False,,,,,,,,,,,
margin,Buffalo,scientific_f1_m2,-9.761090111679925,116,0,False,False,,,,,,,,,,,
margin,Sam Houston,scientific_f1_m2,-9.905959627131613,117,0,False,False,,,,,,,,,,,
margin,Rice,scientific_f1_m2,-9.952125122083402,118,0,False,False,,,,,,,,,,,
margin,Wyoming,scientific_f1_m2,-11.094322428612976,119,0,False,False,,,,,,,,,,,
margin,Eastern Michigan,scientific_f1_m2,-11.162037105290162,120,0,False,False,,,,,,,,,,,
margin,Washington State,scientific_f1_m2,-11.788357543981721,121,0,False,False,,,,,,,,,,,
margin,Utah State,scientific_f1_m2,-12.034918152524536,122,0,False,False,,,,,,,,,,,
margin,Ohio,scientific_f1_m2,-12.140036995152272,123,0,False,False,,,,,,,,,,,
margin,UNLV,scientific_f1_m2,-12.376933361126156,124,0,False,False,,,,,,,,,,,
margin,Oregon State,scientific_f1_m2,-12.49575435651187,125,0,False,False,,,,,,,,,,,
margin,Ball State,scientific_f1_m2,-13.193165558856164,126,0,False,False,,,,,,,,,,,
margin,Central Michigan,scientific_f1_m2,-13.42034110738168,127,0,False,False,,,,,,,,,,,
margin,Florida Atlantic,scientific_f1_m2,-13.428400034984792,128,0,False,False,,,,,,,,,,,
margin,Charlotte,scientific_f1_m2,-13.489248598690251,129,0,False,False,,,,,,,,,,,
margin,Missouri State,scientific_f1_m2,-13.71146301065568,130,0,False,False,,,,,,,,,,,
margin,Kent State,scientific_f1_m2,-16.039977231138856,131,0,False,False,,,,,,,,,,,
margin,East Carolina,scientific_f1_m2,-16.081243895290378,132,0,False,False,,,,,,,,,,,
margin,Marshall,scientific_f1_m2,-16.131612091911904,133,0,False,False,,,,,,,,,,,
margin,Texas State,scientific_f1_m2,-17.78823239820384,134,0,False,False,,,,,,,,,,,
margin,Northern Illinois,scientific_f1_m2,-18.63517889227844,135,0,False,False,,,,,,,,,,,
margin,Bowling Green,scientific_f1_m2,-19.17527848515835,136,0,False,False,,,,,,,,,,,
margin,UL Monroe,scientific_f1_m2,-21.005997745788996,137,0,False,False,,,,,,,,,,,
margin,Western Kentucky,scientific_f1_m2,-21.42568953229791,138,0,False,False,,,,,,,,,,,
margin,South Carolina,scientific_f1_m3,28.926511904761874,1,25,True,True,,,,,,,,,,,
margin,Georgia,scientific_f1_m3,26.937309163059165,2,24,True,False,,,,,,,,,,,
margin,Miami,scientific_f1_m3,26.263468253968266,3,23,True,False,,,,,,,,,,,
margin,Notre Dame,scientific_f1_m3,25.489407936507934,4,22,True,False,,,,,,,,,,,
margin,Texas A&M,scientific_f1_m3,25.296365079365078,5,21,True,False,,,,,,,,,,,
margin,Alabama,scientific_f1_m3,25.152026911976915,6,20,True,False,,,,,,,,,,,
margin,Virginia,scientific_f1_m3,24.614191125541126,7,19,True,False,,,,,,,,,,,
margin,LSU,scientific_f1_m3,24.150793650793638,8,18,True,False,,,,,,,,,,,
margin,Utah,scientific_f1_m3,23.652223809523797,9,17,True,False,,,,,,,,,,,
margin,Kansas State,scientific_f1_m3,23.639340692640687,10,16,True,False,,,,,,,,,,,
margin,Houston,scientific_f1_m3,23.5560119047619,11,15,True,False,,,,,,,,,,,
margin,Indiana,scientific_f1_m3,22.771394083694062,12,14,True,False,,,,,,,,,,,
margin,Florida,scientific_f1_m3,21.015039393939396,13,13,True,False,,,,,,,,,,,
margin,Missouri,scientific_f1_m3,19.689298412698413,14,12,True,False,,,,,,,,,,,
margin,Mississippi State,scientific_f1_m3,19.592366666666678,15,11,True,False,,,,,,,,,,,
margin,Nebraska,scientific_f1_m3,19.240371428571425,16,10,True,False,,,,,,,,,,,
margin,Virginia Tech,scientific_f1_m3,19.148557647907648,17,9,True,False,,,,,,,,,,,
margin,Texas,scientific_f1_m3,18.83782626087007,18,8,True,False,,,,,,,,,,,
margin,BYU,scientific_f1_m3,18.646679365079372,19,7,True,False,,,,,,,,,,,
margin,Tennessee,scientific_f1_m3,18.34408095238093,20,6,True,False,,,,,,,,,,,
margin,Maryland,scientific_f1_m3,18.040435714285714,21,5,True,False,,,,,,,,,,,
margin,Ohio State,scientific_f1_m3,17.537742799070855,22,4,True,False,,,,,,,,,,,
margin,SMU,scientific_f1_m3,16.77970873015873,23,3,True,False,,,,,,,,,,,
margin,Penn State,scientific_f1_m3,16.620910966810968,24,2,True,False,,,,,,,,,,,
margin,Cincinnati,scientific_f1_m3,16.58628571428571,25,1,True,False,,,,,,,,,,,
margin,James Madison,scientific_f1_m3,16.19786031746032,26,0,False,False,,,,,,,,,,,
margin,Oklahoma,scientific_f1_m3,15.44000983044733,27,0,False,False,,,,,,,,,,,
margin,New Mexico,scientific_f1_m3,14.56761904761905,28,0,False,False,,,,,,,,,,,
margin,Colorado State,scientific_f1_m3,12.159203174603174,29,0,False,False,,,,,,,,,,,
margin,NC State,scientific_f1_m3,11.558325396825397,30,0,False,False,,,,,,,,,,,
margin,Texas Tech,scientific_f1_m3,11.387285646379764,31,0,False,False,,,,,,,,,,,
margin,Syracuse,scientific_f1_m3,11.132018253968253,32,0,False,False,,,,,,,,,,,
margin,TCU,scientific_f1_m3,10.88105793650794,33,0,False,False,,,,,,,,,,,
margin,Georgia State,scientific_f1_m3,10.632578571428565,34,0,False,False,,,,,,,,,,,
margin,Louisville,scientific_f1_m3,10.546746825396811,35,0,False,False,,,,,,,,,,,
margin,USC,scientific_f1_m3,10.43099682539682,36,0,False,False,,,,,,,,,,,
margin,Pittsburgh,scientific_f1_m3,10.396759523809518,37,0,False,False,,,,,,,,,,,
margin,West Virginia,scientific_f1_m3,10.324625396825398,38,0,False,False,,,,,,,,,,,
margin,Iowa,scientific_f1_m3,10.306523015873015,39,0,False,False,,,,,,,,,,,
margin,App State,scientific_f1_m3,10.290898412698409,40,0,False,False,,,,,,,,,,,
margin,Arizona State,scientific_f1_m3,10.070199236874227,41,0,False,False,,,,,,,,,,,
margin,Ole Miss,scientific_f1_m3,10.05999920634921,42,0,False,False,,,,,,,,,,,
margin,Florida State,scientific_f1_m3,9.640209523809522,43,0,False,False,,,,,,,,,,,
margin,UCF,scientific_f1_m3,9.299698412698419,44,0,False,False,,,,,,,,,,,
margin,North Carolina,scientific_f1_m3,9.13201125541125,45,0,False,False,,,,,,,,,,,
margin,Auburn,scientific_f1_m3,8.842209100031518,46,0,False,False,,,,,,,,,,,
margin,Michigan,scientific_f1_m3,8.58257044228173,47,0,False,False,,,,,,,,,,,
margin,Baylor,scientific_f1_m3,7.860298026048031,48,0,False,False,,,,,,,,,,,
margin,Michigan State,scientific_f1_m3,7.71708011063011,49,0,False,False,,,,,,,,,,,
margin,UCLA,scientific_f1_m3,7.236121620142304,50,0,False,False,,,,,,,,,,,
margin,Jacksonville State,scientific_f1_m3,6.692877489177488,51,0,False,False,,,,,,,,,,,
margin,UTSA,scientific_f1_m3,5.995743650793654,52,0,False,False,,,,,,,,,,,
margin,Louisiana Tech,scientific_f1_m3,5.456674603174604,53,0,False,False,,,,,,,,,,,
margin,Iowa State,scientific_f1_m3,5.376045705982718,54,0,False,False,,,,,,,,,,,
margin,Army,scientific_f1_m3,4.731688888888886,55,0,False,False,,,,,,,,,,,
margin,Northwestern,scientific_f1_m3,4.504037301587301,56,0,False,False,,,,,,,,,,,
margin,Toledo,scientific_f1_m3,4.39575476190476,57,0,False,False,,,,,,,,,,,
margin,Stanford,scientific_f1_m3,4.356059523809526,58,0,False,False,,,,,,,,,,,
margin,New Mexico State,scientific_f1_m3,3.982412265512263,59,0,False,False,,,,,,,,,,,
margin,Kansas,scientific_f1_m3,3.9675264069264085,60,0,False,False,,,,,,,,,,,
margin,Minnesota,scientific_f1_m3,3.7876873015873005,61,0,False,False,,,,,,,,,,,
margin,North Dakota State,scientific_f1_m3,3.3525777777777783,62,0,False,False,,,,,,,,,,,
margin,Arkansas State,scientific_f1_m3,3.2046492063492074,63,0,False,False,,,,,,,,,,,
margin,Coastal Carolina,scientific_f1_m3,3.1519476190476188,64,0,False,False,,,,,,,,,,,
margin,Oregon,scientific_f1_m3,3.1396674603174604,65,0,False,False,,,,,,,,,,,
margin,Purdue,scientific_f1_m3,2.773346031746029,66,0,False,False,,,,,,,,,,,
margin,South Alabama,scientific_f1_m3,2.6309007936507967,67,0,False,False,,,,,,,,,,,
margin,Western Michigan,scientific_f1_m3,2.475735328400364,68,0,False,False,,,,,,,,,,,
margin,Kentucky,scientific_f1_m3,2.2084642857142858,69,0,False,False,,,,,,,,,,,
margin,Air Force,scientific_f1_m3,2.058096825396825,70,0,False,False,,,,,,,,,,,
margin,Akron,scientific_f1_m3,1.760603968253969,71,0,False,False,,,,,,,,,,,
margin,Illinois,scientific_f1_m3,1.656338095238094,72,0,False,False,,,,,,,,,,,
margin,Washington,scientific_f1_m3,1.6314614718614713,73,0,False,False,,,,,,,,,,,
margin,Massachusetts,scientific_f1_m3,1.424638349885409,74,0,False,False,,,,,,,,,,,
margin,Arizona,scientific_f1_m3,1.2244817460317454,75,0,False,False,,,,,,,,,,,
margin,Colorado,scientific_f1_m3,1.211885714285715,76,0,False,False,,,,,,,,,,,
margin,UConn,scientific_f1_m3,1.1576650793650796,77,0,False,False,,,,,,,,,,,
margin,Kennesaw State,scientific_f1_m3,0.7352468253968257,78,0,False,False,,,,,,,,,,,
margin,Tulsa,scientific_f1_m3,0.4756682539682536,79,0,False,False,,,,,,,,,,,
margin,Wake Forest,scientific_f1_m3,0.47196818181818245,80,0,False,False,,,,,,,,,,,
margin,Vanderbilt,scientific_f1_m3,-0.4019595238095234,81,0,False,False,,,,,,,,,,,
margin,Boise State,scientific_f1_m3,-0.4161984126984136,82,0,False,False,,,,,,,,,,,
margin,San Diego State,scientific_f1_m3,-0.46283492063492043,83,0,False,False,,,,,,,,,,,
margin,South Florida,scientific_f1_m3,-0.466100793650794,84,0,False,False,,,,,,,,,,,
margin,Duke,scientific_f1_m3,-0.5836420634920638,85,0,False,False,,,,,,,,,,,
margin,Georgia Southern,scientific_f1_m3,-0.6066962830273177,86,0,False,False,,,,,,,,,,,
margin,Delaware,scientific_f1_m3,-1.7240311059907825,87,0,False,False,,,,,,,,,,,
margin,Arkansas,scientific_f1_m3,-1.783099206349207,88,0,False,False,,,,,,,,,,,
margin,Troy,scientific_f1_m3,-1.986950793650794,89,0,False,False,,,,,,,,,,,
margin,Liberty,scientific_f1_m3,-1.9921629148629172,90,0,False,False,,,,,,,,,,,
margin,Nevada,scientific_f1_m3,-2.079604761904762,91,0,False,False,,,,,,,,,,,
margin,Wisconsin,scientific_f1_m3,-2.7444691919191895,92,0,False,False,,,,,,,,,,,
margin,Middle Tennessee,scientific_f1_m3,-3.2299785714285676,93,0,False,False,,,,,,,,,,,
margin,Temple,scientific_f1_m3,-3.5957675324675313,94,0,False,False,,,,,,,,,,,
margin,Oklahoma State,scientific_f1_m3,-3.604327777777779,95,0,False,False,,,,,,,,,,,
margin,North Texas,scientific_f1_m3,-3.6568857142857123,96,0,False,False,,,,,,,,,,,
margin,Florida International,scientific_f1_m3,-4.583083982683985,97,0,False,False,,,,,,,,,,,
margin,Southern Miss,scientific_f1_m3,-4.655579870129866,98,0,False,False,,,,,,,,,,,
margin,Navy,scientific_f1_m3,-4.811434920634919,99,0,False,False,,,,,,,,,,,
margin,Sacramento State,scientific_f1_m3,-4.9963682539682495,100,0,False,False,,,,,,,,,,,
margin,Louisiana,scientific_f1_m3,-5.3458132034632015,101,0,False,False,,,,,,,,,,,
margin,Fresno State,scientific_f1_m3,-5.403939682539682,102,0,False,False,,,,,,,,,,,
margin,Buffalo,scientific_f1_m3,-6.009663492063495,103,0,False,False,,,,,,,,,,,
margin,UAB,scientific_f1_m3,-6.763145238095234,104,0,False,False,,,,,,,,,,,
margin,Hawai'i,scientific_f1_m3,-6.819933891033888,105,0,False,False,,,,,,,,,,,
margin,Memphis,scientific_f1_m3,-7.464241630591634,106,0,False,False,,,,,,,,,,,
margin,UTEP,scientific_f1_m3,-7.528185497835498,107,0,False,False,,,,,,,,,,,
margin,Tulane,scientific_f1_m3,-7.573530952380951,108,0,False,False,,,,,,,,,,,
margin,Clemson,scientific_f1_m3,-8.470122222222226,109,0,False,False,,,,,,,,,,,
margin,Rutgers,scientific_f1_m3,-8.780767460317463,110,0,False,False,,,,,,,,,,,
margin,Miami (OH),scientific_f1_m3,-8.99512619047619,111,0,False,False,,,,,,,,,,,
margin,Boston College,scientific_f1_m3,-9.489392857142857,112,0,False,False,,,,,,,,,,,
margin,California,scientific_f1_m3,-10.041142857142852,113,0,False,False,,,,,,,,,,,
margin,Old Dominion,scientific_f1_m3,-10.281913492063492,114,0,False,False,,,,,,,,,,,
margin,San José State,scientific_f1_m3,-10.342784920634928,115,0,False,False,,,,,,,,,,,
margin,Sam Houston,scientific_f1_m3,-10.343663203463205,116,0,False,False,,,,,,,,,,,
margin,Rice,scientific_f1_m3,-10.368461544011545,117,0,False,False,,,,,,,,,,,
margin,Utah State,scientific_f1_m3,-10.780455483405477,118,0,False,False,,,,,,,,,,,
margin,Georgia Tech,scientific_f1_m3,-11.268689971139967,119,0,False,False,,,,,,,,,,,
margin,Wyoming,scientific_f1_m3,-11.819378571428576,120,0,False,False,,,,,,,,,,,
margin,Central Michigan,scientific_f1_m3,-12.031367460317458,121,0,False,False,,,,,,,,,,,
margin,Ohio,scientific_f1_m3,-12.234741269841269,122,0,False,False,,,,,,,,,,,
margin,Oregon State,scientific_f1_m3,-13.068890476190479,123,0,False,False,,,,,,,,,,,
margin,Washington State,scientific_f1_m3,-15.466859451659463,124,0,False,False,,,,,,,,,,,
margin,Eastern Michigan,scientific_f1_m3,-15.958258730158736,125,0,False,False,,,,,,,,,,,
margin,East Carolina,scientific_f1_m3,-16.06378333333333,126,0,False,False,,,,,,,,,,,
margin,UNLV,scientific_f1_m3,-16.55111349206349,127,0,False,False,,,,,,,,,,,
margin,Missouri State,scientific_f1_m3,-16.608686507936504,128,0,False,False,,,,,,,,,,,
margin,UL Monroe,scientific_f1_m3,-16.752988095238095,129,0,False,False,,,,,,,,,,,
margin,Charlotte,scientific_f1_m3,-18.44517301587302,130,0,False,False,,,,,,,,,,,
margin,Ball State,scientific_f1_m3,-18.731210317460313,131,0,False,False,,,,,,,,,,,
margin,Florida Atlantic,scientific_f1_m3,-19.558454761904745,132,0,False,False,,,,,,,,,,,
margin,Marshall,scientific_f1_m3,-20.475211172161163,133,0,False,False,,,,,,,,,,,
margin,Kent State,scientific_f1_m3,-22.018288888888883,134,0,False,False,,,,,,,,,,,
margin,Northern Illinois,scientific_f1_m3,-22.896585569985568,135,0,False,False,,,,,,,,,,,
margin,Western Kentucky,scientific_f1_m3,-23.386621789321765,136,0,False,False,,,,,,,,,,,
margin,Texas State,scientific_f1_m3,-24.687215079365068,137,0,False,False,,,,,,,,,,,
margin,Bowling Green,scientific_f1_m3,-26.08979682539683,138,0,False,False,,,,,,,,,,,
margin,Georgia,scientific_f1_m4,29.263073852481817,1,25,True,True,,,,,,,,,,,
margin,Notre Dame,scientific_f1_m4,29.22351914233809,2,24,True,False,,,,,,,,,,,
margin,Texas A&M,scientific_f1_m4,27.604629983976398,3,23,True,False,,,,,,,,,,,
margin,Alabama,scientific_f1_m4,27.2746209174613,4,22,True,False,,,,,,,,,,,
margin,South Carolina,scientific_f1_m4,27.257144404309226,5,21,True,False,,,,,,,,,,,
margin,Florida,scientific_f1_m4,26.33529944525216,6,20,True,False,,,,,,,,,,,
margin,Miami,scientific_f1_m4,26.160524723071664,7,19,True,False,,,,,,,,,,,
margin,Virginia,scientific_f1_m4,24.926198623618475,8,18,True,False,,,,,,,,,,,
margin,Kansas State,scientific_f1_m4,24.896479001187934,9,17,True,False,,,,,,,,,,,
margin,Virginia Tech,scientific_f1_m4,24.27408881903683,10,16,True,False,,,,,,,,,,,
margin,Houston,scientific_f1_m4,24.189343214903037,11,15,True,False,,,,,,,,,,,
margin,LSU,scientific_f1_m4,23.86764011024769,12,14,True,False,,,,,,,,,,,
margin,Utah,scientific_f1_m4,23.698295076109233,13,13,True,False,,,,,,,,,,,
margin,Maryland,scientific_f1_m4,23.03678740509274,14,12,True,False,,,,,,,,,,,
margin,Indiana,scientific_f1_m4,21.158425670120007,15,11,True,False,,,,,,,,,,,
margin,Nebraska,scientific_f1_m4,20.38997931034554,16,10,True,False,,,,,,,,,,,
margin,Tennessee,scientific_f1_m4,19.85071498260496,17,9,True,False,,,,,,,,,,,
margin,Texas,scientific_f1_m4,19.703536414221656,18,8,True,False,,,,,,,,,,,
margin,BYU,scientific_f1_m4,19.27824734218168,19,7,True,False,,,,,,,,,,,
margin,Ohio State,scientific_f1_m4,19.091361363234128,20,6,True,False,,,,,,,,,,,
margin,Mississippi State,scientific_f1_m4,18.195931153112575,21,5,True,False,,,,,,,,,,,
margin,New Mexico,scientific_f1_m4,18.010383530588317,22,4,True,False,,,,,,,,,,,
margin,James Madison,scientific_f1_m4,17.098727180387392,23,3,True,False,,,,,,,,,,,
margin,Cincinnati,scientific_f1_m4,15.889521440486826,24,2,True,False,,,,,,,,,,,
margin,Missouri,scientific_f1_m4,14.871495340208572,25,1,True,False,,,,,,,,,,,
margin,SMU,scientific_f1_m4,14.634874629380803,26,0,False,False,,,,,,,,,,,
margin,Oklahoma,scientific_f1_m4,14.522604430547876,27,0,False,False,,,,,,,,,,,
margin,Ole Miss,scientific_f1_m4,14.278767806848498,28,0,False,False,,,,,,,,,,,
margin,Penn State,scientific_f1_m4,13.800547174085695,29,0,False,False,,,,,,,,,,,
margin,USC,scientific_f1_m4,13.063669244920272,30,0,False,False,,,,,,,,,,,
margin,TCU,scientific_f1_m4,12.5786335419153,31,0,False,False,,,,,,,,,,,
margin,Colorado State,scientific_f1_m4,12.121152617101135,32,0,False,False,,,,,,,,,,,
margin,West Virginia,scientific_f1_m4,11.490652582077143,33,0,False,False,,,,,,,,,,,
margin,Auburn,scientific_f1_m4,11.045380992397876,34,0,False,False,,,,,,,,,,,
margin,Iowa,scientific_f1_m4,10.991105848218892,35,0,False,False,,,,,,,,,,,
margin,NC State,scientific_f1_m4,10.34680185922995,36,0,False,False,,,,,,,,,,,
margin,Louisville,scientific_f1_m4,10.133789743163009,37,0,False,False,,,,,,,,,,,
margin,Pittsburgh,scientific_f1_m4,9.798874682417033,38,0,False,False,,,,,,,,,,,
margin,Michigan State,scientific_f1_m4,9.619533324741717,39,0,False,False,,,,,,,,,,,
margin,Syracuse,scientific_f1_m4,9.449960113985847,40,0,False,False,,,,,,,,,,,
margin,Georgia State,scientific_f1_m4,9.271444896239345,41,0,False,False,,,,,,,,,,,
margin,North Carolina,scientific_f1_m4,9.231370079057355,42,0,False,False,,,,,,,,,,,
margin,Baylor,scientific_f1_m4,9.019190357195612,43,0,False,False,,,,,,,,,,,
margin,Texas Tech,scientific_f1_m4,8.675628236101296,44,0,False,False,,,,,,,,,,,
margin,UCF,scientific_f1_m4,8.543136619812831,45,0,False,False,,,,,,,,,,,
margin,Florida State,scientific_f1_m4,8.36088196302463,46,0,False,False,,,,,,,,,,,
margin,Arizona State,scientific_f1_m4,8.29288373909617,47,0,False,False,,,,,,,,,,,
margin,App State,scientific_f1_m4,8.143160352406042,48,0,False,False,,,,,,,,,,,
margin,Jacksonville State,scientific_f1_m4,7.366231954449951,49,0,False,False,,,,,,,,,,,
margin,Purdue,scientific_f1_m4,6.769812676099734,50,0,False,False,,,,,,,,,,,
margin,UCLA,scientific_f1_m4,6.534421836921503,51,0,False,False,,,,,,,,,,,
margin,Minnesota,scientific_f1_m4,6.2539804226545295,52,0,False,False,,,,,,,,,,,
margin,Northwestern,scientific_f1_m4,6.236641360249256,53,0,False,False,,,,,,,,,,,
margin,Michigan,scientific_f1_m4,6.00611902358953,54,0,False,False,,,,,,,,,,,
margin,Colorado,scientific_f1_m4,5.693514718540809,55,0,False,False,,,,,,,,,,,
margin,Kansas,scientific_f1_m4,5.507627866711308,56,0,False,False,,,,,,,,,,,
margin,Iowa State,scientific_f1_m4,5.059138262623361,57,0,False,False,,,,,,,,,,,
margin,Arkansas State,scientific_f1_m4,4.764099056161648,58,0,False,False,,,,,,,,,,,
margin,Washington,scientific_f1_m4,4.442897205482729,59,0,False,False,,,,,,,,,,,
margin,UTSA,scientific_f1_m4,4.405977927991091,60,0,False,False,,,,,,,,,,,
margin,Toledo,scientific_f1_m4,4.217243915072566,61,0,False,False,,,,,,,,,,,
margin,Vanderbilt,scientific_f1_m4,4.091249972258103,62,0,False,False,,,,,,,,,,,
margin,Army,scientific_f1_m4,4.017493208894972,63,0,False,False,,,,,,,,,,,
margin,Wake Forest,scientific_f1_m4,3.0887383792429244,64,0,False,False,,,,,,,,,,,
margin,Coastal Carolina,scientific_f1_m4,2.996840941090211,65,0,False,False,,,,,,,,,,,
margin,Louisiana Tech,scientific_f1_m4,2.9011382791709774,66,0,False,False,,,,,,,,,,,
margin,UConn,scientific_f1_m4,2.44425734943931,67,0,False,False,,,,,,,,,,,
margin,Arizona,scientific_f1_m4,2.4148611564559292,68,0,False,False,,,,,,,,,,,
margin,Stanford,scientific_f1_m4,2.384296996939346,69,0,False,False,,,,,,,,,,,
margin,North Dakota State,scientific_f1_m4,1.5946364713304007,70,0,False,False,,,,,,,,,,,
margin,South Florida,scientific_f1_m4,1.2381264912537262,71,0,False,False,,,,,,,,,,,
margin,Georgia Southern,scientific_f1_m4,1.2368220064318436,72,0,False,False,,,,,,,,,,,
margin,Oregon,scientific_f1_m4,1.2155309942639876,73,0,False,False,,,,,,,,,,,
margin,Air Force,scientific_f1_m4,0.9689529457550413,74,0,False,False,,,,,,,,,,,
margin,Illinois,scientific_f1_m4,0.88116506520624,75,0,False,False,,,,,,,,,,,
margin,Duke,scientific_f1_m4,0.7815374818748663,76,0,False,False,,,,,,,,,,,
margin,Kentucky,scientific_f1_m4,0.5805373800299377,77,0,False,False,,,,,,,,,,,
margin,Boise State,scientific_f1_m4,0.24447071079808308,78,0,False,False,,,,,,,,,,,
margin,Massachusetts,scientific_f1_m4,0.122353889358506,79,0,False,False,,,,,,,,,,,
margin,San Diego State,scientific_f1_m4,0.02639768245616407,80,0,False,False,,,,,,,,,,,
margin,Tulsa,scientific_f1_m4,-0.054264310072930776,81,0,False,False,,,,,,,,,,,
margin,Western Michigan,scientific_f1_m4,-0.0807992257661967,82,0,False,False,,,,,,,,,,,
margin,South Alabama,scientific_f1_m4,-0.1257204615241855,83,0,False,False,,,,,,,,,,,
margin,Kennesaw State,scientific_f1_m4,-0.43996888321857075,84,0,False,False,,,,,,,,,,,
margin,New Mexico State,scientific_f1_m4,-0.8753362022291478,85,0,False,False,,,,,,,,,,,
margin,Wisconsin,scientific_f1_m4,-1.0153536117404636,86,0,False,False,,,,,,,,,,,
margin,Florida International,scientific_f1_m4,-2.567529366889199,87,0,False,False,,,,,,,,,,,
margin,Memphis,scientific_f1_m4,-2.670829880301245,88,0,False,False,,,,,,,,,,,
margin,North Texas,scientific_f1_m4,-2.805292222512534,89,0,False,False,,,,,,,,,,,
margin,Delaware,scientific_f1_m4,-2.810386504471846,90,0,False,False,,,,,,,,,,,
margin,Akron,scientific_f1_m4,-3.1103923982502213,91,0,False,False,,,,,,,,,,,
margin,Oklahoma State,scientific_f1_m4,-3.39194985953635,92,0,False,False,,,,,,,,,,,
margin,Temple,scientific_f1_m4,-3.8360903338738805,93,0,False,False,,,,,,,,,,,
margin,Middle Tennessee,scientific_f1_m4,-3.910098379908727,94,0,False,False,,,,,,,,,,,
margin,Fresno State,scientific_f1_m4,-3.9712967436165316,95,0,False,False,,,,,,,,,,,
margin,Troy,scientific_f1_m4,-4.043685871410214,96,0,False,False,,,,,,,,,,,
margin,Nevada,scientific_f1_m4,-4.0681571840903406,97,0,False,False,,,,,,,,,,,
margin,Navy,scientific_f1_m4,-4.440382876585709,98,0,False,False,,,,,,,,,,,
margin,UAB,scientific_f1_m4,-4.624034230161757,99,0,False,False,,,,,,,,,,,
margin,Liberty,scientific_f1_m4,-4.79321271925381,100,0,False,False,,,,,,,,,,,
margin,Southern Miss,scientific_f1_m4,-5.213438402690974,101,0,False,False,,,,,,,,,,,
margin,Sacramento State,scientific_f1_m4,-5.568033078199962,102,0,False,False,,,,,,,,,,,
margin,Clemson,scientific_f1_m4,-5.827765614447137,103,0,False,False,,,,,,,,,,,
margin,Hawai'i,scientific_f1_m4,-5.989291365669416,104,0,False,False,,,,,,,,,,,
margin,Georgia Tech,scientific_f1_m4,-5.990067661240866,105,0,False,False,,,,,,,,,,,
margin,Arkansas,scientific_f1_m4,-6.096967991957879,106,0,False,False,,,,,,,,,,,
margin,Louisiana,scientific_f1_m4,-6.328857006901826,107,0,False,False,,,,,,,,,,,
margin,Old Dominion,scientific_f1_m4,-6.329111101193469,108,0,False,False,,,,,,,,,,,
margin,Miami (OH),scientific_f1_m4,-7.732528446246263,109,0,False,False,,,,,,,,,,,
margin,Tulane,scientific_f1_m4,-7.864875326793269,110,0,False,False,,,,,,,,,,,
margin,Boston College,scientific_f1_m4,-8.030650907964507,111,0,False,False,,,,,,,,,,,
margin,UTEP,scientific_f1_m4,-8.353709777023093,112,0,False,False,,,,,,,,,,,
margin,Sam Houston,scientific_f1_m4,-8.961944691786824,113,0,False,False,,,,,,,,,,,
margin,San José State,scientific_f1_m4,-9.009246513986504,114,0,False,False,,,,,,,,,,,
margin,Rutgers,scientific_f1_m4,-9.687146707937462,115,0,False,False,,,,,,,,,,,
margin,Buffalo,scientific_f1_m4,-10.517919845010198,116,0,False,False,,,,,,,,,,,
margin,California,scientific_f1_m4,-10.756896329652326,117,0,False,False,,,,,,,,,,,
margin,Rice,scientific_f1_m4,-11.02905256283572,118,0,False,False,,,,,,,,,,,
margin,Eastern Michigan,scientific_f1_m4,-11.588743678333946,119,0,False,False,,,,,,,,,,,
margin,Ohio,scientific_f1_m4,-11.658900683973302,120,0,False,False,,,,,,,,,,,
margin,Oregon State,scientific_f1_m4,-12.324315817350046,121,0,False,False,,,,,,,,,,,
margin,Wyoming,scientific_f1_m4,-12.925454590891421,122,0,False,False,,,,,,,,,,,
margin,Utah State,scientific_f1_m4,-13.271681917468841,123,0,False,False,,,,,,,,,,,
margin,Central Michigan,scientific_f1_m4,-13.662057620316766,124,0,False,False,,,,,,,,,,,
margin,Washington State,scientific_f1_m4,-14.070521518067018,125,0,False,False,,,,,,,,,,,
margin,Missouri State,scientific_f1_m4,-14.50568116977083,126,0,False,False,,,,,,,,,,,
margin,Charlotte,scientific_f1_m4,-15.264286274782227,127,0,False,False,,,,,,,,,,,
margin,UNLV,scientific_f1_m4,-15.652027116398571,128,0,False,False,,,,,,,,,,,
margin,UL Monroe,scientific_f1_m4,-15.975478205160616,129,0,False,False,,,,,,,,,,,
margin,Florida Atlantic,scientific_f1_m4,-16.289393844679164,130,0,False,False,,,,,,,,,,,
margin,Texas State,scientific_f1_m4,-16.41251435853926,131,0,False,False,,,,,,,,,,,
margin,East Carolina,scientific_f1_m4,-16.916734356193707,132,0,False,False,,,,,,,,,,,
margin,Marshall,scientific_f1_m4,-17.069114805015126,133,0,False,False,,,,,,,,,,,
margin,Northern Illinois,scientific_f1_m4,-18.616978723228637,134,0,False,False,,,,,,,,,,,
margin,Ball State,scientific_f1_m4,-18.62383821958951,135,0,False,False,,,,,,,,,,,
margin,Bowling Green,scientific_f1_m4,-18.691967973090748,136,0,False,False,,,,,,,,,,,
margin,Kent State,scientific_f1_m4,-18.70784434113504,137,0,False,False,,,,,,,,,,,
margin,Western Kentucky,scientific_f1_m4,-23.25096371100318,138,0,False,False,,,,,,,,,,,
margin,Miami,scientific_f1_m5,29.54456329345703,1,25,True,True,,,,,,,,,,,
margin,Notre Dame,scientific_f1_m5,28.500669479370117,2,24,True,False,,,,,,,,,,,
margin,Georgia,scientific_f1_m5,26.94261932373047,3,23,True,False,,,,,,,,,,,
margin,Florida,scientific_f1_m5,24.814231872558594,4,22,True,False,,,,,,,,,,,
margin,South Carolina,scientific_f1_m5,24.76885223388672,5,21,True,False,,,,,,,,,,,
margin,Indiana,scientific_f1_m5,23.108745574951172,6,20,True,False,,,,,,,,,,,
margin,Texas A&M,scientific_f1_m5,22.974761962890625,7,19,True,False,,,,,,,,,,,
margin,Houston,scientific_f1_m5,22.77791976928711,8,18,True,False,,,,,,,,,,,
margin,Virginia,scientific_f1_m5,22.707290649414062,9,17,True,False,,,,,,,,,,,
margin,Texas,scientific_f1_m5,21.564579010009766,10,16,True,False,,,,,,,,,,,
margin,Ohio State,scientific_f1_m5,21.443660736083984,11,15,True,False,,,,,,,,,,,
margin,Alabama,scientific_f1_m5,21.341154098510742,12,14,True,False,,,,,,,,,,,
margin,Tennessee,scientific_f1_m5,21.15053939819336,13,13,True,False,,,,,,,,,,,
margin,Mississippi State,scientific_f1_m5,21.130382537841797,14,12,True,False,,,,,,,,,,,
margin,LSU,scientific_f1_m5,20.681781768798828,15,11,True,False,,,,,,,,,,,
margin,Utah,scientific_f1_m5,20.045196533203125,16,10,True,False,,,,,,,,,,,
margin,Virginia Tech,scientific_f1_m5,19.379486083984375,17,9,True,False,,,,,,,,,,,
margin,Missouri,scientific_f1_m5,19.260299682617188,18,8,True,False,,,,,,,,,,,
margin,Maryland,scientific_f1_m5,18.289941787719727,19,7,True,False,,,,,,,,,,,
margin,Nebraska,scientific_f1_m5,17.877168655395508,20,6,True,False,,,,,,,,,,,
margin,Penn State,scientific_f1_m5,17.448204040527344,21,5,True,False,,,,,,,,,,,
margin,Kansas State,scientific_f1_m5,16.88017463684082,22,4,True,False,,,,,,,,,,,
margin,SMU,scientific_f1_m5,16.32645034790039,23,3,True,False,,,,,,,,,,,
margin,Cincinnati,scientific_f1_m5,16.120126724243164,24,2,True,False,,,,,,,,,,,
margin,USC,scientific_f1_m5,14.908841133117676,25,1,True,False,,,,,,,,,,,
margin,Colorado State,scientific_f1_m5,14.467622756958008,26,0,False,False,,,,,,,,,,,
margin,TCU,scientific_f1_m5,14.410454750061035,27,0,False,False,,,,,,,,,,,
margin,Oklahoma,scientific_f1_m5,14.11913013458252,28,0,False,False,,,,,,,,,,,
margin,Iowa,scientific_f1_m5,13.808854103088379,29,0,False,False,,,,,,,,,,,
margin,New Mexico,scientific_f1_m5,13.043082237243652,30,0,False,False,,,,,,,,,,,
margin,Pittsburgh,scientific_f1_m5,12.682724952697754,31,0,False,False,,,,,,,,,,,
margin,Texas Tech,scientific_f1_m5,12.52294635772705,32,0,False,False,,,,,,,,,,,
margin,NC State,scientific_f1_m5,12.244424819946289,33,0,False,False,,,,,,,,,,,
margin,Auburn,scientific_f1_m5,12.21816349029541,34,0,False,False,,,,,,,,,,,
margin,Ole Miss,scientific_f1_m5,11.867688179016113,35,0,False,False,,,,,,,,,,,
margin,BYU,scientific_f1_m5,11.612517356872559,36,0,False,False,,,,,,,,,,,
margin,Syracuse,scientific_f1_m5,11.533223152160645,37,0,False,False,,,,,,,,,,,
margin,James Madison,scientific_f1_m5,11.465996742248535,38,0,False,False,,,,,,,,,,,
margin,Arizona State,scientific_f1_m5,11.092860221862793,39,0,False,False,,,,,,,,,,,
margin,Toledo,scientific_f1_m5,10.949725151062012,40,0,False,False,,,,,,,,,,,
margin,UCF,scientific_f1_m5,10.849799156188965,41,0,False,False,,,,,,,,,,,
margin,Louisville,scientific_f1_m5,10.569561958312988,42,0,False,False,,,,,,,,,,,
margin,App State,scientific_f1_m5,10.560123443603516,43,0,False,False,,,,,,,,,,,
margin,Georgia State,scientific_f1_m5,10.550113677978516,44,0,False,False,,,,,,,,,,,
margin,Baylor,scientific_f1_m5,10.39470386505127,45,0,False,False,,,,,,,,,,,
margin,West Virginia,scientific_f1_m5,9.416892051696777,46,0,False,False,,,,,,,,,,,
margin,Colorado,scientific_f1_m5,9.244441986083984,47,0,False,False,,,,,,,,,,,
margin,Michigan,scientific_f1_m5,8.921196937561035,48,0,False,False,,,,,,,,,,,
margin,Jacksonville State,scientific_f1_m5,8.354365348815918,49,0,False,False,,,,,,,,,,,
margin,Northwestern,scientific_f1_m5,8.003918647766113,50,0,False,False,,,,,,,,,,,
margin,Michigan State,scientific_f1_m5,7.213449954986572,51,0,False,False,,,,,,,,,,,
margin,UTSA,scientific_f1_m5,6.708741664886475,52,0,False,False,,,,,,,,,,,
margin,Florida State,scientific_f1_m5,6.621257781982422,53,0,False,False,,,,,,,,,,,
margin,North Dakota State,scientific_f1_m5,6.5580902099609375,54,0,False,False,,,,,,,,,,,
margin,Louisiana Tech,scientific_f1_m5,5.272908687591553,55,0,False,False,,,,,,,,,,,
margin,Kansas,scientific_f1_m5,5.210916519165039,56,0,False,False,,,,,,,,,,,
margin,Army,scientific_f1_m5,5.0870771408081055,57,0,False,False,,,,,,,,,,,
margin,Minnesota,scientific_f1_m5,5.047738075256348,58,0,False,False,,,,,,,,,,,
margin,Wake Forest,scientific_f1_m5,4.978541851043701,59,0,False,False,,,,,,,,,,,
margin,UCLA,scientific_f1_m5,4.851486682891846,60,0,False,False,,,,,,,,,,,
margin,North Carolina,scientific_f1_m5,4.850701808929443,61,0,False,False,,,,,,,,,,,
margin,Coastal Carolina,scientific_f1_m5,4.760395050048828,62,0,False,False,,,,,,,,,,,
margin,Vanderbilt,scientific_f1_m5,4.673151969909668,63,0,False,False,,,,,,,,,,,
margin,Purdue,scientific_f1_m5,3.801380157470703,64,0,False,False,,,,,,,,,,,
margin,Stanford,scientific_f1_m5,3.1810829639434814,65,0,False,False,,,,,,,,,,,
margin,South Florida,scientific_f1_m5,2.9239590167999268,66,0,False,False,,,,,,,,,,,
margin,Washington,scientific_f1_m5,2.7291736602783203,67,0,False,False,,,,,,,,,,,
margin,Illinois,scientific_f1_m5,2.0292482376098633,68,0,False,False,,,,,,,,,,,
margin,Arizona,scientific_f1_m5,1.6107187271118164,69,0,False,False,,,,,,,,,,,
margin,San Diego State,scientific_f1_m5,1.4381732940673828,70,0,False,False,,,,,,,,,,,
margin,UConn,scientific_f1_m5,1.355393886566162,71,0,False,False,,,,,,,,,,,
margin,Arkansas,scientific_f1_m5,1.291482925415039,72,0,False,False,,,,,,,,,,,
margin,Duke,scientific_f1_m5,1.2901158332824707,73,0,False,False,,,,,,,,,,,
margin,Oregon,scientific_f1_m5,-0.32190418243408203,74,0,False,False,,,,,,,,,,,
margin,Wisconsin,scientific_f1_m5,-0.7281191945075989,75,0,False,False,,,,,,,,,,,
margin,Iowa State,scientific_f1_m5,-1.2599339485168457,76,0,False,False,,,,,,,,,,,
margin,South Alabama,scientific_f1_m5,-1.551830768585205,77,0,False,False,,,,,,,,,,,
margin,Massachusetts,scientific_f1_m5,-1.578071117401123,78,0,False,False,,,,,,,,,,,
margin,Troy,scientific_f1_m5,-2.0816287994384766,79,0,False,False,,,,,,,,,,,
margin,Arkansas State,scientific_f1_m5,-2.5355610847473145,80,0,False,False,,,,,,,,,,,
margin,Boise State,scientific_f1_m5,-3.1333208084106445,81,0,False,False,,,,,,,,,,,
margin,North Texas,scientific_f1_m5,-3.374030351638794,82,0,False,False,,,,,,,,,,,
margin,Tulsa,scientific_f1_m5,-3.4200448989868164,83,0,False,False,,,,,,,,,,,
margin,Delaware,scientific_f1_m5,-3.4963889122009277,84,0,False,False,,,,,,,,,,,
margin,Georgia Southern,scientific_f1_m5,-3.8145432472229004,85,0,False,False,,,,,,,,,,,
margin,Akron,scientific_f1_m5,-4.048483371734619,86,0,False,False,,,,,,,,,,,
margin,Georgia Tech,scientific_f1_m5,-4.11381721496582,87,0,False,False,,,,,,,,,,,
margin,New Mexico State,scientific_f1_m5,-4.12140417098999,88,0,False,False,,,,,,,,,,,
margin,Western Michigan,scientific_f1_m5,-4.289575099945068,89,0,False,False,,,,,,,,,,,
margin,Kentucky,scientific_f1_m5,-4.626286029815674,90,0,False,False,,,,,,,,,,,
margin,Middle Tennessee,scientific_f1_m5,-5.238016605377197,91,0,False,False,,,,,,,,,,,
margin,Air Force,scientific_f1_m5,-5.3011651039123535,92,0,False,False,,,,,,,,,,,
margin,Memphis,scientific_f1_m5,-5.703437328338623,93,0,False,False,,,,,,,,,,,
margin,Liberty,scientific_f1_m5,-6.411558628082275,94,0,False,False,,,,,,,,,,,
margin,Clemson,scientific_f1_m5,-6.7465643882751465,95,0,False,False,,,,,,,,,,,
margin,California,scientific_f1_m5,-7.119213581085205,96,0,False,False,,,,,,,,,,,
margin,Southern Miss,scientific_f1_m5,-7.2654266357421875,97,0,False,False,,,,,,,,,,,
margin,Fresno State,scientific_f1_m5,-7.477694988250732,98,0,False,False,,,,,,,,,,,
margin,Florida International,scientific_f1_m5,-7.871497631072998,99,0,False,False,,,,,,,,,,,
margin,Louisiana,scientific_f1_m5,-7.967142581939697,100,0,False,False,,,,,,,,,,,
margin,Sacramento State,scientific_f1_m5,-8.626163482666016,101,0,False,False,,,,,,,,,,,
margin,Nevada,scientific_f1_m5,-8.781232833862305,102,0,False,False,,,,,,,,,,,
margin,Kennesaw State,scientific_f1_m5,-9.095386505126953,103,0,False,False,,,,,,,,,,,
margin,Rutgers,scientific_f1_m5,-9.373220443725586,104,0,False,False,,,,,,,,,,,
margin,Temple,scientific_f1_m5,-9.822007179260254,105,0,False,False,,,,,,,,,,,
margin,Tulane,scientific_f1_m5,-10.18656063079834,106,0,False,False,,,,,,,,,,,
margin,Navy,scientific_f1_m5,-10.635052680969238,107,0,False,False,,,,,,,,,,,
margin,Boston College,scientific_f1_m5,-10.776297569274902,108,0,False,False,,,,,,,,,,,
margin,Washington State,scientific_f1_m5,-11.309783935546875,109,0,False,False,,,,,,,,,,,
margin,Sam Houston,scientific_f1_m5,-12.175894737243652,110,0,False,False,,,,,,,,,,,
margin,Hawai'i,scientific_f1_m5,-12.347540855407715,111,0,False,False,,,,,,,,,,,
margin,Miami (OH),scientific_f1_m5,-12.382699966430664,112,0,False,False,,,,,,,,,,,
margin,Oklahoma State,scientific_f1_m5,-12.790336608886719,113,0,False,False,,,,,,,,,,,
margin,UTEP,scientific_f1_m5,-13.056906700134277,114,0,False,False,,,,,,,,,,,
margin,Missouri State,scientific_f1_m5,-13.100507736206055,115,0,False,False,,,,,,,,,,,
margin,Eastern Michigan,scientific_f1_m5,-13.70241641998291,116,0,False,False,,,,,,,,,,,
margin,UNLV,scientific_f1_m5,-13.829874992370605,117,0,False,False,,,,,,,,,,,
margin,Wyoming,scientific_f1_m5,-14.003417015075684,118,0,False,False,,,,,,,,,,,
margin,Old Dominion,scientific_f1_m5,-14.320279121398926,119,0,False,False,,,,,,,,,,,
margin,UAB,scientific_f1_m5,-14.378993034362793,120,0,False,False,,,,,,,,,,,
margin,Rice,scientific_f1_m5,-14.736947059631348,121,0,False,False,,,,,,,,,,,
margin,Buffalo,scientific_f1_m5,-14.954609870910645,122,0,False,False,,,,,,,,,,,
margin,Central Michigan,scientific_f1_m5,-15.043639183044434,123,0,False,False,,,,,,,,,,,
margin,San José State,scientific_f1_m5,-15.20416259765625,124,0,False,False,,,,,,,,,,,
margin,Florida Atlantic,scientific_f1_m5,-15.7360258102417,125,0,False,False,,,,,,,,,,,
margin,Ohio,scientific_f1_m5,-16.088163375854492,126,0,False,False,,,,,,,,,,,
margin,Utah State,scientific_f1_m5,-16.13153648376465,127,0,False,False,,,,,,,,,,,
margin,East Carolina,scientific_f1_m5,-16.965702056884766,128,0,False,False,,,,,,,,,,,
margin,Oregon State,scientific_f1_m5,-17.0557861328125,129,0,False,False,,,,,,,,,,,
margin,Ball State,scientific_f1_m5,-17.832117080688477,130,0,False,False,,,,,,,,,,,
margin,Marshall,scientific_f1_m5,-17.88023567199707,131,0,False,False,,,,,,,,,,,
margin,Charlotte,scientific_f1_m5,-18.410917282104492,132,0,False,False,,,,,,,,,,,
margin,Northern Illinois,scientific_f1_m5,-19.7813720703125,133,0,False,False,,,,,,,,,,,
margin,Kent State,scientific_f1_m5,-20.763896942138672,134,0,False,False,,,,,,,,,,,
margin,Western Kentucky,scientific_f1_m5,-21.41440200805664,135,0,False,False,,,,,,,,,,,
margin,Bowling Green,scientific_f1_m5,-22.242206573486328,136,0,False,False,,,,,,,,,,,
margin,UL Monroe,scientific_f1_m5,-23.29837417602539,137,0,False,False,,,,,,,,,,,
margin,Texas State,scientific_f1_m5,-23.645240783691406,138,0,False,False,,,,,,,,,,,
margin,Alabama,scientific_f1_m10,27.87680121755193,1,25,True,True,,,,,,,,,,,
margin,South Carolina,scientific_f1_m10,25.248613497861857,2,24,True,False,,,,,,,,,,,
margin,Houston,scientific_f1_m10,24.945924128866366,3,23,True,False,,,,,,,,,,,
margin,Utah,scientific_f1_m10,23.67503286802405,4,22,True,False,,,,,,,,,,,
margin,Miami,scientific_f1_m10,23.186037202725352,5,21,True,False,,,,,,,,,,,
margin,Ohio State,scientific_f1_m10,22.34641127873974,6,20,True,False,,,,,,,,,,,
margin,LSU,scientific_f1_m10,21.206316508794952,7,19,True,False,,,,,,,,,,,
margin,Notre Dame,scientific_f1_m10,19.377437828321483,8,18,True,False,,,,,,,,,,,
margin,Indiana,scientific_f1_m10,19.149386268179843,9,17,True,False,,,,,,,,,,,
margin,Florida,scientific_f1_m10,18.20421646148716,10,16,True,False,,,,,,,,,,,
margin,Virginia Tech,scientific_f1_m10,18.16139146411245,11,15,True,False,,,,,,,,,,,
margin,Maryland,scientific_f1_m10,17.90131997574684,12,14,True,False,,,,,,,,,,,
margin,Virginia,scientific_f1_m10,17.499580534605645,13,13,True,False,,,,,,,,,,,
margin,Mississippi State,scientific_f1_m10,16.747660126000305,14,12,True,False,,,,,,,,,,,
margin,James Madison,scientific_f1_m10,16.55758006447841,15,11,True,False,,,,,,,,,,,
margin,Georgia,scientific_f1_m10,16.50997527750344,16,10,True,False,,,,,,,,,,,
margin,Texas,scientific_f1_m10,16.454499244083387,17,9,True,False,,,,,,,,,,,
margin,SMU,scientific_f1_m10,15.998545304734611,18,8,True,False,,,,,,,,,,,
margin,NC State,scientific_f1_m10,15.91444080196232,19,7,True,False,,,,,,,,,,,
margin,New Mexico,scientific_f1_m10,15.67446466775494,20,6,True,False,,,,,,,,,,,
margin,Texas A&M,scientific_f1_m10,14.802928199510369,21,5,True,False,,,,,,,,,,,
margin,Kansas State,scientific_f1_m10,14.377898779685912,22,4,True,False,,,,,,,,,,,
margin,Massachusetts,scientific_f1_m10,13.339080106669321,23,3,True,False,,,,,,,,,,,
margin,Louisville,scientific_f1_m10,13.307601876873264,24,2,True,False,,,,,,,,,,,
margin,Pittsburgh,scientific_f1_m10,13.267899205951782,25,1,True,False,,,,,,,,,,,
margin,Tennessee,scientific_f1_m10,13.046803994483264,26,0,False,False,,,,,,,,,,,
margin,Nebraska,scientific_f1_m10,12.97293716265955,27,0,False,False,,,,,,,,,,,
margin,BYU,scientific_f1_m10,12.724936836127071,28,0,False,False,,,,,,,,,,,
margin,Missouri,scientific_f1_m10,12.713916110264142,29,0,False,False,,,,,,,,,,,
margin,Western Michigan,scientific_f1_m10,12.289634914220766,30,0,False,False,,,,,,,,,,,
margin,Penn State,scientific_f1_m10,11.652305290069005,31,0,False,False,,,,,,,,,,,
margin,Texas Tech,scientific_f1_m10,11.629386975845541,32,0,False,False,,,,,,,,,,,
margin,USC,scientific_f1_m10,11.48515192164707,33,0,False,False,,,,,,,,,,,
margin,Michigan State,scientific_f1_m10,10.990082096791284,34,0,False,False,,,,,,,,,,,
margin,Cincinnati,scientific_f1_m10,10.726449998402565,35,0,False,False,,,,,,,,,,,
margin,UCLA,scientific_f1_m10,10.34003929421034,36,0,False,False,,,,,,,,,,,
margin,Michigan,scientific_f1_m10,9.987463938202177,37,0,False,False,,,,,,,,,,,
margin,Vanderbilt,scientific_f1_m10,9.913554688731091,38,0,False,False,,,,,,,,,,,
margin,Iowa,scientific_f1_m10,9.82499763943575,39,0,False,False,,,,,,,,,,,
margin,Syracuse,scientific_f1_m10,9.556763068437126,40,0,False,False,,,,,,,,,,,
margin,Colorado State,scientific_f1_m10,9.030627243895283,41,0,False,False,,,,,,,,,,,
margin,South Alabama,scientific_f1_m10,8.886034433099047,42,0,False,False,,,,,,,,,,,
margin,Georgia Tech,scientific_f1_m10,8.313947060203212,43,0,False,False,,,,,,,,,,,
margin,West Virginia,scientific_f1_m10,8.249113831268495,44,0,False,False,,,,,,,,,,,
margin,App State,scientific_f1_m10,8.202398651953194,45,0,False,False,,,,,,,,,,,
margin,Minnesota,scientific_f1_m10,8.19609549518343,46,0,False,False,,,,,,,,,,,
margin,Ole Miss,scientific_f1_m10,7.491717201101851,47,0,False,False,,,,,,,,,,,
margin,Georgia State,scientific_f1_m10,7.309495149314983,48,0,False,False,,,,,,,,,,,
margin,Louisiana Tech,scientific_f1_m10,7.2929240768329535,49,0,False,False,,,,,,,,,,,
margin,Arizona State,scientific_f1_m10,6.758340455551502,50,0,False,False,,,,,,,,,,,
margin,Jacksonville State,scientific_f1_m10,6.607762534126876,51,0,False,False,,,,,,,,,,,
margin,Toledo,scientific_f1_m10,6.575634227750694,52,0,False,False,,,,,,,,,,,
margin,Middle Tennessee,scientific_f1_m10,6.187313950343079,53,0,False,False,,,,,,,,,,,
margin,Boise State,scientific_f1_m10,5.8753934940973975,54,0,False,False,,,,,,,,,,,
margin,UTSA,scientific_f1_m10,5.474060777442118,55,0,False,False,,,,,,,,,,,
margin,TCU,scientific_f1_m10,5.2181599678330555,56,0,False,False,,,,,,,,,,,
margin,Baylor,scientific_f1_m10,5.184814764732821,57,0,False,False,,,,,,,,,,,
margin,Arkansas,scientific_f1_m10,4.690566100443857,58,0,False,False,,,,,,,,,,,
margin,Colorado,scientific_f1_m10,4.631082935302511,59,0,False,False,,,,,,,,,,,
margin,Delaware,scientific_f1_m10,4.532225338130702,60,0,False,False,,,,,,,,,,,
margin,Stanford,scientific_f1_m10,4.431786023579722,61,0,False,False,,,,,,,,,,,
margin,Kentucky,scientific_f1_m10,4.241254076704855,62,0,False,False,,,,,,,,,,,
margin,Oklahoma,scientific_f1_m10,3.7738442867662565,63,0,False,False,,,,,,,,,,,
margin,UConn,scientific_f1_m10,3.676309966096721,64,0,False,False,,,,,,,,,,,
margin,Auburn,scientific_f1_m10,3.389511212061836,65,0,False,False,,,,,,,,,,,
margin,Coastal Carolina,scientific_f1_m10,3.2039621816820856,66,0,False,False,,,,,,,,,,,
margin,Wisconsin,scientific_f1_m10,1.9520084444872052,67,0,False,False,,,,,,,,,,,
margin,Northwestern,scientific_f1_m10,1.8722925676581113,68,0,False,False,,,,,,,,,,,
margin,UCF,scientific_f1_m10,1.7434416604967244,69,0,False,False,,,,,,,,,,,
margin,Illinois,scientific_f1_m10,1.2770495745496977,70,0,False,False,,,,,,,,,,,
margin,Purdue,scientific_f1_m10,1.1264198582052989,71,0,False,False,,,,,,,,,,,
margin,Kennesaw State,scientific_f1_m10,1.011842019775022,72,0,False,False,,,,,,,,,,,
margin,Florida International,scientific_f1_m10,0.9340832085563014,73,0,False,False,,,,,,,,,,,
margin,Louisiana,scientific_f1_m10,0.6113473968941665,74,0,False,False,,,,,,,,,,,
margin,Army,scientific_f1_m10,0.38331593047691453,75,0,False,False,,,,,,,,,,,
margin,Southern Miss,scientific_f1_m10,-0.18708278455663035,76,0,False,False,,,,,,,,,,,
margin,Wake Forest,scientific_f1_m10,-0.3176340473604419,77,0,False,False,,,,,,,,,,,
margin,Akron,scientific_f1_m10,-0.3287589470678066,78,0,False,False,,,,,,,,,,,
margin,Temple,scientific_f1_m10,-0.5282399383810341,79,0,False,False,,,,,,,,,,,
margin,Washington,scientific_f1_m10,-0.6574466052211939,80,0,False,False,,,,,,,,,,,
margin,Florida State,scientific_f1_m10,-0.7778542323429644,81,0,False,False,,,,,,,,,,,
margin,Kansas,scientific_f1_m10,-1.0483949956823397,82,0,False,False,,,,,,,,,,,
margin,Hawai'i,scientific_f1_m10,-1.141806711208563,83,0,False,False,,,,,,,,,,,
margin,Arkansas State,scientific_f1_m10,-1.4893281608406146,84,0,False,False,,,,,,,,,,,
margin,Oklahoma State,scientific_f1_m10,-1.512934357908047,85,0,False,False,,,,,,,,,,,
margin,Rutgers,scientific_f1_m10,-1.577646124171267,86,0,False,False,,,,,,,,,,,
margin,Oregon,scientific_f1_m10,-1.760126464859135,87,0,False,False,,,,,,,,,,,
margin,North Carolina,scientific_f1_m10,-1.897134074656115,88,0,False,False,,,,,,,,,,,
margin,Air Force,scientific_f1_m10,-2.8177685395490055,89,0,False,False,,,,,,,,,,,
margin,Clemson,scientific_f1_m10,-3.048122466805539,90,0,False,False,,,,,,,,,,,
margin,Iowa State,scientific_f1_m10,-3.081655840559206,91,0,False,False,,,,,,,,,,,
margin,North Texas,scientific_f1_m10,-3.355127595285219,92,0,False,False,,,,,,,,,,,
margin,UTEP,scientific_f1_m10,-3.5605129260454804,93,0,False,False,,,,,,,,,,,
margin,North Dakota State,scientific_f1_m10,-3.825554315749381,94,0,False,False,,,,,,,,,,,
margin,Duke,scientific_f1_m10,-3.9410977277037986,95,0,False,False,,,,,,,,,,,
margin,Georgia Southern,scientific_f1_m10,-4.658750846437777,96,0,False,False,,,,,,,,,,,
margin,California,scientific_f1_m10,-4.667219770871958,97,0,False,False,,,,,,,,,,,
margin,Troy,scientific_f1_m10,-4.775499355913543,98,0,False,False,,,,,,,,,,,
margin,Oregon State,scientific_f1_m10,-5.581112620821702,99,0,False,False,,,,,,,,,,,
margin,East Carolina,scientific_f1_m10,-5.955509170971231,100,0,False,False,,,,,,,,,,,
margin,San Diego State,scientific_f1_m10,-6.0511790342428275,101,0,False,False,,,,,,,,,,,
margin,Boston College,scientific_f1_m10,-6.057234358782342,102,0,False,False,,,,,,,,,,,
margin,South Florida,scientific_f1_m10,-6.0761775208933715,103,0,False,False,,,,,,,,,,,
margin,San José State,scientific_f1_m10,-6.107731644572056,104,0,False,False,,,,,,,,,,,
margin,Wyoming,scientific_f1_m10,-6.366442034127494,105,0,False,False,,,,,,,,,,,
margin,Arizona,scientific_f1_m10,-6.778144152815994,106,0,False,False,,,,,,,,,,,
margin,New Mexico State,scientific_f1_m10,-6.837543324549756,107,0,False,False,,,,,,,,,,,
margin,Navy,scientific_f1_m10,-7.072024835534654,108,0,False,False,,,,,,,,,,,
margin,Sacramento State,scientific_f1_m10,-7.185006942717057,109,0,False,False,,,,,,,,,,,
margin,Memphis,scientific_f1_m10,-7.6290633380980735,110,0,False,False,,,,,,,,,,,
margin,Sam Houston,scientific_f1_m10,-7.703236431430159,111,0,False,False,,,,,,,,,,,
margin,Eastern Michigan,scientific_f1_m10,-7.85285610915355,112,0,False,False,,,,,,,,,,,
margin,Fresno State,scientific_f1_m10,-7.9881389520461425,113,0,False,False,,,,,,,,,,,
margin,Ball State,scientific_f1_m10,-7.991357492213403,114,0,False,False,,,,,,,,,,,
margin,Tulane,scientific_f1_m10,-8.18480751597092,115,0,False,False,,,,,,,,,,,
margin,Nevada,scientific_f1_m10,-8.190180623588224,116,0,False,False,,,,,,,,,,,
margin,UAB,scientific_f1_m10,-8.353702726221767,117,0,False,False,,,,,,,,,,,
margin,Central Michigan,scientific_f1_m10,-8.9786334014641,118,0,False,False,,,,,,,,,,,
margin,Missouri State,scientific_f1_m10,-9.502105010015677,119,0,False,False,,,,,,,,,,,
margin,Buffalo,scientific_f1_m10,-9.886298392365404,120,0,False,False,,,,,,,,,,,
margin,UNLV,scientific_f1_m10,-10.107250596181583,121,0,False,False,,,,,,,,,,,
margin,Miami (OH),scientific_f1_m10,-10.565049363260242,122,0,False,False,,,,,,,,,,,
margin,Liberty,scientific_f1_m10,-11.43148588338397,123,0,False,False,,,,,,,,,,,
margin,Tulsa,scientific_f1_m10,-11.470485047126285,124,0,False,False,,,,,,,,,,,
margin,Utah State,scientific_f1_m10,-11.532006861539857,125,0,False,False,,,,,,,,,,,
margin,Old Dominion,scientific_f1_m10,-14.099059787888903,126,0,False,False,,,,,,,,,,,
margin,Ohio,scientific_f1_m10,-14.322087701148096,127,0,False,False,,,,,,,,,,,
margin,Charlotte,scientific_f1_m10,-14.541852460353992,128,0,False,False,,,,,,,,,,,
margin,Rice,scientific_f1_m10,-14.67619774432067,129,0,False,False,,,,,,,,,,,
margin,UL Monroe,scientific_f1_m10,-14.705053683300273,130,0,False,False,,,,,,,,,,,
margin,Bowling Green,scientific_f1_m10,-15.727686429507292,131,0,False,False,,,,,,,,,,,
margin,Kent State,scientific_f1_m10,-15.922772880267638,132,0,False,False,,,,,,,,,,,
margin,Texas State,scientific_f1_m10,-16.30455506175609,133,0,False,False,,,,,,,,,,,
margin,Florida Atlantic,scientific_f1_m10,-17.04969310008152,134,0,False,False,,,,,,,,,,,
margin,Marshall,scientific_f1_m10,-17.15459139782911,135,0,False,False,,,,,,,,,,,
margin,Northern Illinois,scientific_f1_m10,-18.228702864038244,136,0,False,False,,,,,,,,,,,
margin,Washington State,scientific_f1_m10,-19.309968538961684,137,0,False,False,,,,,,,,,,,
margin,Western Kentucky,scientific_f1_m10,-20.44539053875422,138,0,False,False,,,,,,,,,,,
margin,Georgia,scientific_f2_m1,30.940418614105802,1,25,True,True,,,,,,,,,,,
margin,South Carolina,scientific_f2_m1,29.824410259439446,2,24,True,False,,,,,,,,,,,
margin,Florida,scientific_f2_m1,26.17654401411886,3,23,True,False,,,,,,,,,,,
margin,Miami,scientific_f2_m1,26.029969808959017,4,22,True,False,,,,,,,,,,,
margin,Notre Dame,scientific_f2_m1,24.925504695005174,5,21,True,False,,,,,,,,,,,
margin,LSU,scientific_f2_m1,23.019147753144402,6,20,True,False,,,,,,,,,,,
margin,Texas A&M,scientific_f2_m1,22.677225591458523,7,19,True,False,,,,,,,,,,,
margin,Alabama,scientific_f2_m1,21.744387375269874,8,18,True,False,,,,,,,,,,,
margin,Houston,scientific_f2_m1,21.450619423640575,9,17,True,False,,,,,,,,,,,
margin,Ohio State,scientific_f2_m1,20.59148697646411,10,16,True,False,,,,,,,,,,,
margin,Indiana,scientific_f2_m1,20.409990452674087,11,15,True,False,,,,,,,,,,,
margin,Mississippi State,scientific_f2_m1,20.21877664718129,12,14,True,False,,,,,,,,,,,
margin,Virginia Tech,scientific_f2_m1,19.904285861651758,13,13,True,False,,,,,,,,,,,
margin,Penn State,scientific_f2_m1,19.610564217964928,14,12,True,False,,,,,,,,,,,
margin,Texas,scientific_f2_m1,19.34591588710583,15,11,True,False,,,,,,,,,,,
margin,Kansas State,scientific_f2_m1,19.245524166886163,16,10,True,False,,,,,,,,,,,
margin,Nebraska,scientific_f2_m1,19.21220028057828,17,9,True,False,,,,,,,,,,,
margin,Utah,scientific_f2_m1,18.70303148521134,18,8,True,False,,,,,,,,,,,
margin,Maryland,scientific_f2_m1,18.534581702032078,19,7,True,False,,,,,,,,,,,
margin,Tennessee,scientific_f2_m1,18.425130459773484,20,6,True,False,,,,,,,,,,,
margin,New Mexico,scientific_f2_m1,17.72018283824358,21,5,True,False,,,,,,,,,,,
margin,BYU,scientific_f2_m1,16.468367371599385,22,4,True,False,,,,,,,,,,,
margin,Missouri,scientific_f2_m1,15.180899515361856,23,3,True,False,,,,,,,,,,,
margin,North Carolina,scientific_f2_m1,15.177357071218706,24,2,True,False,,,,,,,,,,,
margin,Ole Miss,scientific_f2_m1,14.997962696412696,25,1,True,False,,,,,,,,,,,
margin,Oklahoma,scientific_f2_m1,14.984983751180174,26,0,False,False,,,,,,,,,,,
margin,Virginia,scientific_f2_m1,14.801313802611277,27,0,False,False,,,,,,,,,,,
margin,Washington,scientific_f2_m1,13.164005358679512,28,0,False,False,,,,,,,,,,,
margin,SMU,scientific_f2_m1,12.934374029114121,29,0,False,False,,,,,,,,,,,
margin,James Madison,scientific_f2_m1,12.609364826609392,30,0,False,False,,,,,,,,,,,
margin,USC,scientific_f2_m1,11.467094731342728,31,0,False,False,,,,,,,,,,,
margin,TCU,scientific_f2_m1,11.413904975267112,32,0,False,False,,,,,,,,,,,
margin,Pittsburgh,scientific_f2_m1,10.861671306536511,33,0,False,False,,,,,,,,,,,
margin,Northwestern,scientific_f2_m1,10.59160007391269,34,0,False,False,,,,,,,,,,,
margin,Baylor,scientific_f2_m1,10.571754503268217,35,0,False,False,,,,,,,,,,,
margin,West Virginia,scientific_f2_m1,10.063214531603059,36,0,False,False,,,,,,,,,,,
margin,Michigan State,scientific_f2_m1,10.029576844933088,37,0,False,False,,,,,,,,,,,
margin,Auburn,scientific_f2_m1,9.86335463588827,38,0,False,False,,,,,,,,,,,
margin,UCF,scientific_f2_m1,8.997705388528852,39,0,False,False,,,,,,,,,,,
margin,UCLA,scientific_f2_m1,8.953088761220409,40,0,False,False,,,,,,,,,,,
margin,Minnesota,scientific_f2_m1,8.90347937348783,41,0,False,False,,,,,,,,,,,
margin,Texas Tech,scientific_f2_m1,8.898138063127812,42,0,False,False,,,,,,,,,,,
margin,Colorado State,scientific_f2_m1,8.880083746455979,43,0,False,False,,,,,,,,,,,
margin,Iowa,scientific_f2_m1,8.776226791923676,44,0,False,False,,,,,,,,,,,
margin,Colorado,scientific_f2_m1,8.64400202995052,45,0,False,False,,,,,,,,,,,
margin,Georgia State,scientific_f2_m1,8.607732593946341,46,0,False,False,,,,,,,,,,,
margin,Syracuse,scientific_f2_m1,8.607607857306382,47,0,False,False,,,,,,,,,,,
margin,Florida State,scientific_f2_m1,8.336726028043426,48,0,False,False,,,,,,,,,,,
margin,Louisville,scientific_f2_m1,8.292471639718112,49,0,False,False,,,,,,,,,,,
margin,Michigan,scientific_f2_m1,8.045459076774591,50,0,False,False,,,,,,,,,,,
margin,Cincinnati,scientific_f2_m1,7.855193432727309,51,0,False,False,,,,,,,,,,,
margin,Vanderbilt,scientific_f2_m1,7.832901224194167,52,0,False,False,,,,,,,,,,,
margin,Arizona State,scientific_f2_m1,7.646896134783688,53,0,False,False,,,,,,,,,,,
margin,Kansas,scientific_f2_m1,7.2670209562738055,54,0,False,False,,,,,,,,,,,
margin,Oregon,scientific_f2_m1,6.892381975497046,55,0,False,False,,,,,,,,,,,
margin,Purdue,scientific_f2_m1,6.571603742558153,56,0,False,False,,,,,,,,,,,
margin,Wake Forest,scientific_f2_m1,6.496379188953593,57,0,False,False,,,,,,,,,,,
margin,Illinois,scientific_f2_m1,5.883530351784911,58,0,False,False,,,,,,,,,,,
margin,App State,scientific_f2_m1,5.728455957517928,59,0,False,False,,,,,,,,,,,
margin,NC State,scientific_f2_m1,5.431094878885461,60,0,False,False,,,,,,,,,,,
margin,UTSA,scientific_f2_m1,5.170742833048518,61,0,False,False,,,,,,,,,,,
margin,Arizona,scientific_f2_m1,5.026166435228729,62,0,False,False,,,,,,,,,,,
margin,Georgia Southern,scientific_f2_m1,3.594065433044441,63,0,False,False,,,,,,,,,,,
margin,Duke,scientific_f2_m1,2.7354820656542165,64,0,False,False,,,,,,,,,,,
margin,South Florida,scientific_f2_m1,2.468760902186397,65,0,False,False,,,,,,,,,,,
margin,Southern Miss,scientific_f2_m1,2.3017229065004203,66,0,False,False,,,,,,,,,,,
margin,Boise State,scientific_f2_m1,1.9178508124185578,67,0,False,False,,,,,,,,,,,
margin,Tulsa,scientific_f2_m1,1.6867998155025874,68,0,False,False,,,,,,,,,,,
margin,Kentucky,scientific_f2_m1,1.6389553484928854,69,0,False,False,,,,,,,,,,,
margin,UConn,scientific_f2_m1,1.326532546283079,70,0,False,False,,,,,,,,,,,
margin,Massachusetts,scientific_f2_m1,1.2719450498259457,71,0,False,False,,,,,,,,,,,
margin,Stanford,scientific_f2_m1,1.0823760634781587,72,0,False,False,,,,,,,,,,,
margin,Coastal Carolina,scientific_f2_m1,0.7371506799084608,73,0,False,False,,,,,,,,,,,
margin,Toledo,scientific_f2_m1,0.43372423784042713,74,0,False,False,,,,,,,,,,,
margin,Jacksonville State,scientific_f2_m1,0.4039762212315088,75,0,False,False,,,,,,,,,,,
margin,Iowa State,scientific_f2_m1,0.3764784158685033,76,0,False,False,,,,,,,,,,,
margin,Wisconsin,scientific_f2_m1,0.18147378630625255,77,0,False,False,,,,,,,,,,,
margin,Temple,scientific_f2_m1,0.03257111467982998,78,0,False,False,,,,,,,,,,,
margin,Florida International,scientific_f2_m1,-0.11480315403404706,79,0,False,False,,,,,,,,,,,
margin,Middle Tennessee,scientific_f2_m1,-0.3499583674655362,80,0,False,False,,,,,,,,,,,
margin,South Alabama,scientific_f2_m1,-0.4999634638002357,81,0,False,False,,,,,,,,,,,
margin,Liberty,scientific_f2_m1,-1.1593441071829504,82,0,False,False,,,,,,,,,,,
margin,North Dakota State,scientific_f2_m1,-1.7977702811270104,83,0,False,False,,,,,,,,,,,
margin,Louisiana,scientific_f2_m1,-2.2590745901168336,84,0,False,False,,,,,,,,,,,
margin,Troy,scientific_f2_m1,-2.5476258539884205,85,0,False,False,,,,,,,,,,,
margin,Arkansas State,scientific_f2_m1,-2.5495485161929414,86,0,False,False,,,,,,,,,,,
margin,Akron,scientific_f2_m1,-2.66986845672104,87,0,False,False,,,,,,,,,,,
margin,Delaware,scientific_f2_m1,-3.2026836844838975,88,0,False,False,,,,,,,,,,,
margin,Miami (OH),scientific_f2_m1,-3.3057531157559747,89,0,False,False,,,,,,,,,,,
margin,Memphis,scientific_f2_m1,-3.4425583996600615,90,0,False,False,,,,,,,,,,,
margin,Nevada,scientific_f2_m1,-3.992876803185453,91,0,False,False,,,,,,,,,,,
margin,San Diego State,scientific_f2_m1,-4.061424965420445,92,0,False,False,,,,,,,,,,,
margin,Western Michigan,scientific_f2_m1,-4.137259377735049,93,0,False,False,,,,,,,,,,,
margin,New Mexico State,scientific_f2_m1,-4.241484192924828,94,0,False,False,,,,,,,,,,,
margin,Boston College,scientific_f2_m1,-4.335360283302743,95,0,False,False,,,,,,,,,,,
margin,Kennesaw State,scientific_f2_m1,-4.398543489413367,96,0,False,False,,,,,,,,,,,
margin,Oklahoma State,scientific_f2_m1,-4.6885326695480725,97,0,False,False,,,,,,,,,,,
margin,North Texas,scientific_f2_m1,-4.857478334705283,98,0,False,False,,,,,,,,,,,
margin,Old Dominion,scientific_f2_m1,-5.313453450325918,99,0,False,False,,,,,,,,,,,
margin,UAB,scientific_f2_m1,-5.5637610998540445,100,0,False,False,,,,,,,,,,,
margin,Army,scientific_f2_m1,-5.634135165980613,101,0,False,False,,,,,,,,,,,
margin,Georgia Tech,scientific_f2_m1,-5.700557823337508,102,0,False,False,,,,,,,,,,,
margin,Clemson,scientific_f2_m1,-5.852453409961425,103,0,False,False,,,,,,,,,,,
margin,Fresno State,scientific_f2_m1,-5.911100669120328,104,0,False,False,,,,,,,,,,,
margin,Air Force,scientific_f2_m1,-6.018330255517158,105,0,False,False,,,,,,,,,,,
margin,Tulane,scientific_f2_m1,-6.259672987947718,106,0,False,False,,,,,,,,,,,
margin,San José State,scientific_f2_m1,-6.272242497822603,107,0,False,False,,,,,,,,,,,
margin,Rutgers,scientific_f2_m1,-6.574380006607228,108,0,False,False,,,,,,,,,,,
margin,Hawai'i,scientific_f2_m1,-6.865640583431761,109,0,False,False,,,,,,,,,,,
margin,California,scientific_f2_m1,-6.934306169653755,110,0,False,False,,,,,,,,,,,
margin,Louisiana Tech,scientific_f2_m1,-7.286352533900484,111,0,False,False,,,,,,,,,,,
margin,Sam Houston,scientific_f2_m1,-7.6620695095976945,112,0,False,False,,,,,,,,,,,
margin,Sacramento State,scientific_f2_m1,-8.370375020560024,113,0,False,False,,,,,,,,,,,
margin,Buffalo,scientific_f2_m1,-8.447349798916603,114,0,False,False,,,,,,,,,,,
margin,UTEP,scientific_f2_m1,-8.710173956519213,115,0,False,False,,,,,,,,,,,
margin,Arkansas,scientific_f2_m1,-9.174611257996732,116,0,False,False,,,,,,,,,,,
margin,Oregon State,scientific_f2_m1,-9.564721132433602,117,0,False,False,,,,,,,,,,,
margin,UNLV,scientific_f2_m1,-10.555051842594407,118,0,False,False,,,,,,,,,,,
margin,Eastern Michigan,scientific_f2_m1,-10.956217479513123,119,0,False,False,,,,,,,,,,,
margin,Rice,scientific_f2_m1,-11.243567603655661,120,0,False,False,,,,,,,,,,,
margin,Utah State,scientific_f2_m1,-11.67385137277513,121,0,False,False,,,,,,,,,,,
margin,East Carolina,scientific_f2_m1,-12.208553301720931,122,0,False,False,,,,,,,,,,,
margin,Wyoming,scientific_f2_m1,-12.556125355814968,123,0,False,False,,,,,,,,,,,
margin,Ohio,scientific_f2_m1,-13.370243305438718,124,0,False,False,,,,,,,,,,,
margin,Charlotte,scientific_f2_m1,-13.38742385205567,125,0,False,False,,,,,,,,,,,
margin,Florida Atlantic,scientific_f2_m1,-13.390762001772446,126,0,False,False,,,,,,,,,,,
margin,Washington State,scientific_f2_m1,-13.6178738961913,127,0,False,False,,,,,,,,,,,
margin,Navy,scientific_f2_m1,-14.28636251004294,128,0,False,False,,,,,,,,,,,
margin,Texas State,scientific_f2_m1,-14.442409549382335,129,0,False,False,,,,,,,,,,,
margin,Ball State,scientific_f2_m1,-14.66716071171136,130,0,False,False,,,,,,,,,,,
margin,Central Michigan,scientific_f2_m1,-15.483017045104516,131,0,False,False,,,,,,,,,,,
margin,Missouri State,scientific_f2_m1,-16.753870952304027,132,0,False,False,,,,,,,,,,,
margin,Marshall,scientific_f2_m1,-18.82652954765593,133,0,False,False,,,,,,,,,,,
margin,Kent State,scientific_f2_m1,-18.96923051019538,134,0,False,False,,,,,,,,,,,
margin,Bowling Green,scientific_f2_m1,-20.01026387730009,135,0,False,False,,,,,,,,,,,
margin,UL Monroe,scientific_f2_m1,-20.599610243883163,136,0,False,False,,,,,,,,,,,
margin,Western Kentucky,scientific_f2_m1,-26.343565226785508,137,0,False,False,,,,,,,,,,,
margin,Northern Illinois,scientific_f2_m1,-26.70856182116197,138,0,False,False,,,,,,,,,,,
margin,Miami,scientific_f2_m2,32.92368843678024,1,25,True,True,,,,,,,,,,,
margin,Georgia,scientific_f2_m2,32.676474608433836,2,24,True,False,,,,,,,,,,,
margin,South Carolina,scientific_f2_m2,30.308820188648248,3,23,True,False,,,,,,,,,,,
margin,Notre Dame,scientific_f2_m2,27.765352252708528,4,22,True,False,,,,,,,,,,,
margin,Florida,scientific_f2_m2,27.55040705653326,5,21,True,False,,,,,,,,,,,
margin,Texas A&M,scientific_f2_m2,23.965743829984568,6,20,True,False,,,,,,,,,,,
margin,Mississippi State,scientific_f2_m2,23.494406388355877,7,19,True,False,,,,,,,,,,,
margin,Alabama,scientific_f2_m2,23.231247796138216,8,18,True,False,,,,,,,,,,,
margin,Nebraska,scientific_f2_m2,21.479660442004526,9,17,True,False,,,,,,,,,,,
margin,LSU,scientific_f2_m2,21.237853454456854,10,16,True,False,,,,,,,,,,,
margin,Indiana,scientific_f2_m2,20.37121858161072,11,15,True,False,,,,,,,,,,,
margin,Ohio State,scientific_f2_m2,20.219918583233763,12,14,True,False,,,,,,,,,,,
margin,Texas,scientific_f2_m2,19.475329970549897,13,13,True,False,,,,,,,,,,,
margin,Houston,scientific_f2_m2,19.175194253774862,14,12,True,False,,,,,,,,,,,
margin,Tennessee,scientific_f2_m2,19.15363358078951,15,11,True,False,,,,,,,,,,,
margin,Utah,scientific_f2_m2,18.809173564705766,16,10,True,False,,,,,,,,,,,
margin,Kansas State,scientific_f2_m2,18.253437736994638,17,9,True,False,,,,,,,,,,,
margin,Maryland,scientific_f2_m2,17.398788289040024,18,8,True,False,,,,,,,,,,,
margin,Virginia,scientific_f2_m2,17.314008121716423,19,7,True,False,,,,,,,,,,,
margin,Ole Miss,scientific_f2_m2,16.776758832516084,20,6,True,False,,,,,,,,,,,
margin,Penn State,scientific_f2_m2,16.653821541593114,21,5,True,False,,,,,,,,,,,
margin,Virginia Tech,scientific_f2_m2,15.273638279407464,22,4,True,False,,,,,,,,,,,
margin,Oklahoma,scientific_f2_m2,15.067860729179593,23,3,True,False,,,,,,,,,,,
margin,James Madison,scientific_f2_m2,14.724068599566372,24,2,True,False,,,,,,,,,,,
margin,BYU,scientific_f2_m2,14.500142240877086,25,1,True,False,,,,,,,,,,,
margin,New Mexico,scientific_f2_m2,14.224149642809337,26,0,False,False,,,,,,,,,,,
margin,Missouri,scientific_f2_m2,14.107559912859148,27,0,False,False,,,,,,,,,,,
margin,West Virginia,scientific_f2_m2,13.37856974005679,28,0,False,False,,,,,,,,,,,
margin,North Carolina,scientific_f2_m2,13.039421548074731,29,0,False,False,,,,,,,,,,,
margin,SMU,scientific_f2_m2,12.673923481268552,30,0,False,False,,,,,,,,,,,
margin,Baylor,scientific_f2_m2,12.305264055958492,31,0,False,False,,,,,,,,,,,
margin,Georgia State,scientific_f2_m2,11.988823034796003,32,0,False,False,,,,,,,,,,,
margin,USC,scientific_f2_m2,11.105019224991562,33,0,False,False,,,,,,,,,,,
margin,TCU,scientific_f2_m2,11.051336031674442,34,0,False,False,,,,,,,,,,,
margin,Washington,scientific_f2_m2,10.640386246718887,35,0,False,False,,,,,,,,,,,
margin,Northwestern,scientific_f2_m2,10.028269831069068,36,0,False,False,,,,,,,,,,,
margin,Louisville,scientific_f2_m2,9.497767281125522,37,0,False,False,,,,,,,,,,,
margin,Pittsburgh,scientific_f2_m2,9.360017258553569,38,0,False,False,,,,,,,,,,,
margin,Colorado State,scientific_f2_m2,9.331233835527833,39,0,False,False,,,,,,,,,,,
margin,NC State,scientific_f2_m2,9.279603669195929,40,0,False,False,,,,,,,,,,,
margin,Cincinnati,scientific_f2_m2,8.999859677948606,41,0,False,False,,,,,,,,,,,
margin,Michigan State,scientific_f2_m2,8.242212330065271,42,0,False,False,,,,,,,,,,,
margin,Auburn,scientific_f2_m2,8.0702749034348,43,0,False,False,,,,,,,,,,,
margin,UCF,scientific_f2_m2,7.857673525015167,44,0,False,False,,,,,,,,,,,
margin,Purdue,scientific_f2_m2,7.601827391854678,45,0,False,False,,,,,,,,,,,
margin,Syracuse,scientific_f2_m2,7.55407210325767,46,0,False,False,,,,,,,,,,,
margin,UCLA,scientific_f2_m2,7.345005715526546,47,0,False,False,,,,,,,,,,,
margin,Texas Tech,scientific_f2_m2,7.310417351828778,48,0,False,False,,,,,,,,,,,
margin,Oregon,scientific_f2_m2,6.901759717476868,49,0,False,False,,,,,,,,,,,
margin,Iowa,scientific_f2_m2,6.798386563260686,50,0,False,False,,,,,,,,,,,
margin,Kansas,scientific_f2_m2,6.735962410089745,51,0,False,False,,,,,,,,,,,
margin,Arizona State,scientific_f2_m2,6.608627618821807,52,0,False,False,,,,,,,,,,,
margin,Michigan,scientific_f2_m2,6.525664026811138,53,0,False,False,,,,,,,,,,,
margin,Vanderbilt,scientific_f2_m2,5.862876090226217,54,0,False,False,,,,,,,,,,,
margin,App State,scientific_f2_m2,5.700564709989428,55,0,False,False,,,,,,,,,,,
margin,Minnesota,scientific_f2_m2,5.005189885693615,56,0,False,False,,,,,,,,,,,
margin,Illinois,scientific_f2_m2,4.896575091564499,57,0,False,False,,,,,,,,,,,
margin,Florida State,scientific_f2_m2,4.890718127534778,58,0,False,False,,,,,,,,,,,
margin,Wake Forest,scientific_f2_m2,4.804864126585088,59,0,False,False,,,,,,,,,,,
margin,Arizona,scientific_f2_m2,4.682774078658743,60,0,False,False,,,,,,,,,,,
margin,Colorado,scientific_f2_m2,3.954574191560739,61,0,False,False,,,,,,,,,,,
margin,Army,scientific_f2_m2,1.544875013812252,62,0,False,False,,,,,,,,,,,
margin,Georgia Southern,scientific_f2_m2,1.5212147862580165,63,0,False,False,,,,,,,,,,,
margin,UTSA,scientific_f2_m2,1.4766230070306916,64,0,False,False,,,,,,,,,,,
margin,Toledo,scientific_f2_m2,1.2420696339023296,65,0,False,False,,,,,,,,,,,
margin,South Florida,scientific_f2_m2,0.7286887800250748,66,0,False,False,,,,,,,,,,,
margin,Iowa State,scientific_f2_m2,0.5893668034474837,67,0,False,False,,,,,,,,,,,
margin,UConn,scientific_f2_m2,0.2403757940404203,68,0,False,False,,,,,,,,,,,
margin,Duke,scientific_f2_m2,0.2324659119489989,69,0,False,False,,,,,,,,,,,
margin,Kentucky,scientific_f2_m2,-0.32604588446834715,70,0,False,False,,,,,,,,,,,
margin,Southern Miss,scientific_f2_m2,-1.5332332667424728,71,0,False,False,,,,,,,,,,,
margin,Massachusetts,scientific_f2_m2,-1.6018688192113721,72,0,False,False,,,,,,,,,,,
margin,Middle Tennessee,scientific_f2_m2,-2.103634231319909,73,0,False,False,,,,,,,,,,,
margin,Tulsa,scientific_f2_m2,-2.188388865221568,74,0,False,False,,,,,,,,,,,
margin,Jacksonville State,scientific_f2_m2,-2.4246534419625814,75,0,False,False,,,,,,,,,,,
margin,Air Force,scientific_f2_m2,-2.4613669139985825,76,0,False,False,,,,,,,,,,,
margin,Coastal Carolina,scientific_f2_m2,-2.5480397005824615,77,0,False,False,,,,,,,,,,,
margin,Temple,scientific_f2_m2,-2.758928452616883,78,0,False,False,,,,,,,,,,,
margin,Wisconsin,scientific_f2_m2,-2.820444906127376,79,0,False,False,,,,,,,,,,,
margin,South Alabama,scientific_f2_m2,-2.9222391664619707,80,0,False,False,,,,,,,,,,,
margin,North Dakota State,scientific_f2_m2,-3.436826494153041,81,0,False,False,,,,,,,,,,,
margin,Florida International,scientific_f2_m2,-3.5104980024447587,82,0,False,False,,,,,,,,,,,
margin,Troy,scientific_f2_m2,-4.184824192354759,83,0,False,False,,,,,,,,,,,
margin,Stanford,scientific_f2_m2,-4.237600045543204,84,0,False,False,,,,,,,,,,,
margin,New Mexico State,scientific_f2_m2,-4.238079315667548,85,0,False,False,,,,,,,,,,,
margin,Delaware,scientific_f2_m2,-4.2426281380954896,86,0,False,False,,,,,,,,,,,
margin,Boise State,scientific_f2_m2,-4.534334685049836,87,0,False,False,,,,,,,,,,,
margin,Louisiana Tech,scientific_f2_m2,-4.859376981675229,88,0,False,False,,,,,,,,,,,
margin,Kennesaw State,scientific_f2_m2,-4.886170896085158,89,0,False,False,,,,,,,,,,,
margin,Memphis,scientific_f2_m2,-4.972189592835578,90,0,False,False,,,,,,,,,,,
margin,Miami (OH),scientific_f2_m2,-5.16031068388099,91,0,False,False,,,,,,,,,,,
margin,Nevada,scientific_f2_m2,-5.323321892854148,92,0,False,False,,,,,,,,,,,
margin,Akron,scientific_f2_m2,-5.390915156937817,93,0,False,False,,,,,,,,,,,
margin,Liberty,scientific_f2_m2,-5.845715272858481,94,0,False,False,,,,,,,,,,,
margin,Louisiana,scientific_f2_m2,-6.169116082078123,95,0,False,False,,,,,,,,,,,
margin,Western Michigan,scientific_f2_m2,-6.578842236327006,96,0,False,False,,,,,,,,,,,
margin,Arkansas State,scientific_f2_m2,-6.932176125421181,97,0,False,False,,,,,,,,,,,
margin,Old Dominion,scientific_f2_m2,-6.957540202886419,98,0,False,False,,,,,,,,,,,
margin,Oklahoma State,scientific_f2_m2,-7.082783684551993,99,0,False,False,,,,,,,,,,,
margin,Boston College,scientific_f2_m2,-7.3401179176856175,100,0,False,False,,,,,,,,,,,
margin,Sam Houston,scientific_f2_m2,-7.773630991612166,101,0,False,False,,,,,,,,,,,
margin,Navy,scientific_f2_m2,-8.133673448602181,102,0,False,False,,,,,,,,,,,
margin,Georgia Tech,scientific_f2_m2,-8.167631694992775,103,0,False,False,,,,,,,,,,,
margin,UAB,scientific_f2_m2,-8.550253212482243,104,0,False,False,,,,,,,,,,,
margin,San Diego State,scientific_f2_m2,-8.698033444719112,105,0,False,False,,,,,,,,,,,
margin,North Texas,scientific_f2_m2,-8.783216076761807,106,0,False,False,,,,,,,,,,,
margin,Clemson,scientific_f2_m2,-8.920630410564485,107,0,False,False,,,,,,,,,,,
margin,Rice,scientific_f2_m2,-9.105250593266177,108,0,False,False,,,,,,,,,,,
margin,Hawai'i,scientific_f2_m2,-9.112625208269833,109,0,False,False,,,,,,,,,,,
margin,Arkansas,scientific_f2_m2,-9.158658174969581,110,0,False,False,,,,,,,,,,,
margin,Fresno State,scientific_f2_m2,-9.32710822869463,111,0,False,False,,,,,,,,,,,
margin,Oregon State,scientific_f2_m2,-9.441972557551193,112,0,False,False,,,,,,,,,,,
margin,Sacramento State,scientific_f2_m2,-9.753505247083659,113,0,False,False,,,,,,,,,,,
margin,Tulane,scientific_f2_m2,-9.862378932079244,114,0,False,False,,,,,,,,,,,
margin,California,scientific_f2_m2,-11.120908504622259,115,0,False,False,,,,,,,,,,,
margin,Rutgers,scientific_f2_m2,-11.177859499194437,116,0,False,False,,,,,,,,,,,
margin,Utah State,scientific_f2_m2,-11.68130578980708,117,0,False,False,,,,,,,,,,,
margin,San José State,scientific_f2_m2,-12.207518326231298,118,0,False,False,,,,,,,,,,,
margin,UTEP,scientific_f2_m2,-12.791249901738112,119,0,False,False,,,,,,,,,,,
margin,Buffalo,scientific_f2_m2,-13.00477440672988,120,0,False,False,,,,,,,,,,,
margin,Eastern Michigan,scientific_f2_m2,-13.628108817262206,121,0,False,False,,,,,,,,,,,
margin,Ohio,scientific_f2_m2,-13.741048023608123,122,0,False,False,,,,,,,,,,,
margin,East Carolina,scientific_f2_m2,-15.109103807520945,123,0,False,False,,,,,,,,,,,
margin,Charlotte,scientific_f2_m2,-15.218182590524936,124,0,False,False,,,,,,,,,,,
margin,Central Michigan,scientific_f2_m2,-15.448921132725115,125,0,False,False,,,,,,,,,,,
margin,UNLV,scientific_f2_m2,-15.75762278874026,126,0,False,False,,,,,,,,,,,
margin,Wyoming,scientific_f2_m2,-15.783735391969518,127,0,False,False,,,,,,,,,,,
margin,Florida Atlantic,scientific_f2_m2,-16.159148171559018,128,0,False,False,,,,,,,,,,,
margin,Texas State,scientific_f2_m2,-17.92987135935434,129,0,False,False,,,,,,,,,,,
margin,Washington State,scientific_f2_m2,-18.0064257036913,130,0,False,False,,,,,,,,,,,
margin,Ball State,scientific_f2_m2,-18.819242151102227,131,0,False,False,,,,,,,,,,,
margin,Missouri State,scientific_f2_m2,-19.080204157210495,132,0,False,False,,,,,,,,,,,
margin,Kent State,scientific_f2_m2,-22.466185661536848,133,0,False,False,,,,,,,,,,,
margin,UL Monroe,scientific_f2_m2,-23.73698224683723,134,0,False,False,,,,,,,,,,,
margin,Marshall,scientific_f2_m2,-23.889351485509792,135,0,False,False,,,,,,,,,,,
margin,Bowling Green,scientific_f2_m2,-25.46644866433755,136,0,False,False,,,,,,,,,,,
margin,Northern Illinois,scientific_f2_m2,-26.734490912990157,137,0,False,False,,,,,,,,,,,
margin,Western Kentucky,scientific_f2_m2,-27.21130132084831,138,0,False,False,,,,,,,,,,,
margin,Georgia,scientific_f2_m3,31.618716666666657,1,25,True,True,,,,,,,,,,,
margin,Kansas State,scientific_f2_m3,26.32879761904764,2,24,True,False,,,,,,,,,,,
margin,Miami,scientific_f2_m3,25.81615634920636,3,23,True,False,,,,,,,,,,,
margin,Houston,scientific_f2_m3,24.999706349206335,4,22,True,False,,,,,,,,,,,
margin,LSU,scientific_f2_m3,24.540204761904736,5,21,True,False,,,,,,,,,,,
margin,South Carolina,scientific_f2_m3,23.76061666666666,6,20,True,False,,,,,,,,,,,
margin,Indiana,scientific_f2_m3,23.48700634920636,7,19,True,False,,,,,,,,,,,
margin,Florida,scientific_f2_m3,23.430190476190486,8,18,True,False,,,,,,,,,,,
margin,Mississippi State,scientific_f2_m3,22.747058730158734,9,17,True,False,,,,,,,,,,,
margin,Texas A&M,scientific_f2_m3,22.724781746031745,10,16,True,False,,,,,,,,,,,
margin,Virginia,scientific_f2_m3,22.653572222222227,11,15,True,False,,,,,,,,,,,
margin,Alabama,scientific_f2_m3,22.398623015873017,12,14,True,False,,,,,,,,,,,
margin,Notre Dame,scientific_f2_m3,21.47478882783882,13,13,True,False,,,,,,,,,,,
margin,James Madison,scientific_f2_m3,20.73033412698414,14,12,True,False,,,,,,,,,,,
margin,Maryland,scientific_f2_m3,19.243720634920628,15,11,True,False,,,,,,,,,,,
margin,Ohio State,scientific_f2_m3,18.583066359609383,16,10,True,False,,,,,,,,,,,
margin,Virginia Tech,scientific_f2_m3,18.529250305250315,17,9,True,False,,,,,,,,,,,
margin,Nebraska,scientific_f2_m3,18.459692063492067,18,8,True,False,,,,,,,,,,,
margin,Utah,scientific_f2_m3,18.416581746031728,19,7,True,False,,,,,,,,,,,
margin,Missouri,scientific_f2_m3,16.8914,20,6,True,False,,,,,,,,,,,
margin,Louisville,scientific_f2_m3,16.800209523809524,21,5,True,False,,,,,,,,,,,
margin,Tennessee,scientific_f2_m3,16.26798253968254,22,4,True,False,,,,,,,,,,,
margin,New Mexico,scientific_f2_m3,15.996162698412705,23,3,True,False,,,,,,,,,,,
margin,Texas,scientific_f2_m3,15.071820677833543,24,2,True,False,,,,,,,,,,,
margin,SMU,scientific_f2_m3,15.053323015873026,25,1,True,False,,,,,,,,,,,
margin,Georgia State,scientific_f2_m3,14.810331746031736,26,0,False,False,,,,,,,,,,,
margin,Oklahoma,scientific_f2_m3,14.331923520923525,27,0,False,False,,,,,,,,,,,
margin,BYU,scientific_f2_m3,14.215452525252525,28,0,False,False,,,,,,,,,,,
margin,USC,scientific_f2_m3,14.143839178163471,29,0,False,False,,,,,,,,,,,
margin,Ole Miss,scientific_f2_m3,11.921597619047624,30,0,False,False,,,,,,,,,,,
margin,UCLA,scientific_f2_m3,11.882633333333338,31,0,False,False,,,,,,,,,,,
margin,TCU,scientific_f2_m3,11.807867532467537,32,0,False,False,,,,,,,,,,,
margin,Colorado State,scientific_f2_m3,11.695811904761904,33,0,False,False,,,,,,,,,,,
margin,Penn State,scientific_f2_m3,11.57204177489178,34,0,False,False,,,,,,,,,,,
margin,NC State,scientific_f2_m3,11.507490476190473,35,0,False,False,,,,,,,,,,,
margin,North Carolina,scientific_f2_m3,11.484997335344389,36,0,False,False,,,,,,,,,,,
margin,Auburn,scientific_f2_m3,10.65386924938648,37,0,False,False,,,,,,,,,,,
margin,Syracuse,scientific_f2_m3,10.41114567099567,38,0,False,False,,,,,,,,,,,
margin,Arizona State,scientific_f2_m3,10.212090476190475,39,0,False,False,,,,,,,,,,,
margin,Cincinnati,scientific_f2_m3,10.067055494505498,40,0,False,False,,,,,,,,,,,
margin,App State,scientific_f2_m3,9.851784559884564,41,0,False,False,,,,,,,,,,,
margin,Baylor,scientific_f2_m3,9.59597402597403,42,0,False,False,,,,,,,,,,,
margin,UCF,scientific_f2_m3,8.773188167388168,43,0,False,False,,,,,,,,,,,
margin,Pittsburgh,scientific_f2_m3,8.734239571366809,44,0,False,False,,,,,,,,,,,
margin,Army,scientific_f2_m3,8.625968253968251,45,0,False,False,,,,,,,,,,,
margin,West Virginia,scientific_f2_m3,8.573690255921736,46,0,False,False,,,,,,,,,,,
margin,Northwestern,scientific_f2_m3,7.853300000000001,47,0,False,False,,,,,,,,,,,
margin,Texas Tech,scientific_f2_m3,7.851843506493508,48,0,False,False,,,,,,,,,,,
margin,Iowa,scientific_f2_m3,7.573715873015868,49,0,False,False,,,,,,,,,,,
margin,Massachusetts,scientific_f2_m3,7.349001659451661,50,0,False,False,,,,,,,,,,,
margin,Kansas,scientific_f2_m3,6.779991991341992,51,0,False,False,,,,,,,,,,,
margin,Air Force,scientific_f2_m3,6.691954980842906,52,0,False,False,,,,,,,,,,,
margin,Toledo,scientific_f2_m3,6.507597948992331,53,0,False,False,,,,,,,,,,,
margin,UTSA,scientific_f2_m3,6.166908730158731,54,0,False,False,,,,,,,,,,,
margin,Washington,scientific_f2_m3,6.128733333333334,55,0,False,False,,,,,,,,,,,
margin,Michigan State,scientific_f2_m3,5.8018272005772,56,0,False,False,,,,,,,,,,,
margin,Arizona,scientific_f2_m3,5.4825539682539715,57,0,False,False,,,,,,,,,,,
margin,Michigan,scientific_f2_m3,5.164220542750779,58,0,False,False,,,,,,,,,,,
margin,Minnesota,scientific_f2_m3,4.729981746031746,59,0,False,False,,,,,,,,,,,
margin,Wake Forest,scientific_f2_m3,3.9755744164332407,60,0,False,False,,,,,,,,,,,
margin,Colorado,scientific_f2_m3,3.837448107448105,61,0,False,False,,,,,,,,,,,
margin,Purdue,scientific_f2_m3,3.6020546882670605,62,0,False,False,,,,,,,,,,,
margin,Vanderbilt,scientific_f2_m3,3.498759523809523,63,0,False,False,,,,,,,,,,,
margin,Jacksonville State,scientific_f2_m3,3.0839700380381077,64,0,False,False,,,,,,,,,,,
margin,Arkansas State,scientific_f2_m3,3.002428066378067,65,0,False,False,,,,,,,,,,,
margin,Louisiana Tech,scientific_f2_m3,2.959966666666668,66,0,False,False,,,,,,,,,,,
margin,UConn,scientific_f2_m3,2.7126515873015893,67,0,False,False,,,,,,,,,,,
margin,Iowa State,scientific_f2_m3,2.3171935786435784,68,0,False,False,,,,,,,,,,,
margin,South Alabama,scientific_f2_m3,2.2528650793650775,69,0,False,False,,,,,,,,,,,
margin,Delaware,scientific_f2_m3,2.1676519480519496,70,0,False,False,,,,,,,,,,,
margin,Georgia Southern,scientific_f2_m3,2.124023809523811,71,0,False,False,,,,,,,,,,,
margin,Florida State,scientific_f2_m3,1.9689079365079367,72,0,False,False,,,,,,,,,,,
margin,Oregon,scientific_f2_m3,1.7594595238095232,73,0,False,False,,,,,,,,,,,
margin,Middle Tennessee,scientific_f2_m3,1.741937733148079,74,0,False,False,,,,,,,,,,,
margin,Coastal Carolina,scientific_f2_m3,1.6377295634920643,75,0,False,False,,,,,,,,,,,
margin,Illinois,scientific_f2_m3,1.2972492063492058,76,0,False,False,,,,,,,,,,,
margin,Kennesaw State,scientific_f2_m3,0.915200701365817,77,0,False,False,,,,,,,,,,,
margin,North Dakota State,scientific_f2_m3,0.8611448615337102,78,0,False,False,,,,,,,,,,,
margin,Boise State,scientific_f2_m3,0.6793118437118435,79,0,False,False,,,,,,,,,,,
margin,Kentucky,scientific_f2_m3,0.5563428571428568,80,0,False,False,,,,,,,,,,,
margin,Navy,scientific_f2_m3,0.34476746031746053,81,0,False,False,,,,,,,,,,,
margin,Akron,scientific_f2_m3,-0.050051515151515194,82,0,False,False,,,,,,,,,,,
margin,Troy,scientific_f2_m3,-0.22496666666666681,83,0,False,False,,,,,,,,,,,
margin,Duke,scientific_f2_m3,-0.9623753968253969,84,0,False,False,,,,,,,,,,,
margin,Temple,scientific_f2_m3,-1.008923015873016,85,0,False,False,,,,,,,,,,,
margin,Southern Miss,scientific_f2_m3,-1.225379365079365,86,0,False,False,,,,,,,,,,,
margin,Old Dominion,scientific_f2_m3,-1.5973456441491327,87,0,False,False,,,,,,,,,,,
margin,Florida International,scientific_f2_m3,-1.8092087301587296,88,0,False,False,,,,,,,,,,,
margin,Miami (OH),scientific_f2_m3,-1.8410111111111112,89,0,False,False,,,,,,,,,,,
margin,Nevada,scientific_f2_m3,-1.9489627705627701,90,0,False,False,,,,,,,,,,,
margin,Sam Houston,scientific_f2_m3,-2.1628224574941983,91,0,False,False,,,,,,,,,,,
margin,Western Michigan,scientific_f2_m3,-2.3105674603174595,92,0,False,False,,,,,,,,,,,
margin,New Mexico State,scientific_f2_m3,-2.967093515704153,93,0,False,False,,,,,,,,,,,
margin,South Florida,scientific_f2_m3,-3.218376984126985,94,0,False,False,,,,,,,,,,,
margin,Tulsa,scientific_f2_m3,-3.258342857142856,95,0,False,False,,,,,,,,,,,
margin,Louisiana,scientific_f2_m3,-3.7122893986594896,96,0,False,False,,,,,,,,,,,
margin,North Texas,scientific_f2_m3,-4.783520634920636,97,0,False,False,,,,,,,,,,,
margin,Arkansas,scientific_f2_m3,-4.860989682539685,98,0,False,False,,,,,,,,,,,
margin,Wisconsin,scientific_f2_m3,-4.880524242424245,99,0,False,False,,,,,,,,,,,
margin,Fresno State,scientific_f2_m3,-5.427167460317459,100,0,False,False,,,,,,,,,,,
margin,Clemson,scientific_f2_m3,-5.651665079365076,101,0,False,False,,,,,,,,,,,
margin,Stanford,scientific_f2_m3,-6.160590476190475,102,0,False,False,,,,,,,,,,,
margin,Liberty,scientific_f2_m3,-6.173732539682539,103,0,False,False,,,,,,,,,,,
margin,Memphis,scientific_f2_m3,-6.417518253968255,104,0,False,False,,,,,,,,,,,
margin,UAB,scientific_f2_m3,-7.394028066378069,105,0,False,False,,,,,,,,,,,
margin,Oklahoma State,scientific_f2_m3,-7.7799571428571435,106,0,False,False,,,,,,,,,,,
margin,San Diego State,scientific_f2_m3,-7.813790476190476,107,0,False,False,,,,,,,,,,,
margin,Georgia Tech,scientific_f2_m3,-8.141313492063494,108,0,False,False,,,,,,,,,,,
margin,UTEP,scientific_f2_m3,-8.291385714285719,109,0,False,False,,,,,,,,,,,
margin,Tulane,scientific_f2_m3,-8.452615873015871,110,0,False,False,,,,,,,,,,,
margin,Rutgers,scientific_f2_m3,-8.790899206349208,111,0,False,False,,,,,,,,,,,
margin,Hawai'i,scientific_f2_m3,-8.957245238095236,112,0,False,False,,,,,,,,,,,
margin,California,scientific_f2_m3,-9.153563636363641,113,0,False,False,,,,,,,,,,,
margin,San José State,scientific_f2_m3,-9.386876984126983,114,0,False,False,,,,,,,,,,,
margin,Boston College,scientific_f2_m3,-9.47441933621934,115,0,False,False,,,,,,,,,,,
margin,Sacramento State,scientific_f2_m3,-9.787770634920633,116,0,False,False,,,,,,,,,,,
margin,Utah State,scientific_f2_m3,-10.566669913419913,117,0,False,False,,,,,,,,,,,
margin,Wyoming,scientific_f2_m3,-10.968778571428565,118,0,False,False,,,,,,,,,,,
margin,Buffalo,scientific_f2_m3,-11.21512402597402,119,0,False,False,,,,,,,,,,,
margin,Rice,scientific_f2_m3,-11.855818181818183,120,0,False,False,,,,,,,,,,,
margin,Florida Atlantic,scientific_f2_m3,-12.265404256854255,121,0,False,False,,,,,,,,,,,
margin,Central Michigan,scientific_f2_m3,-12.800699927849926,122,0,False,False,,,,,,,,,,,
margin,Oregon State,scientific_f2_m3,-13.49592453102453,123,0,False,False,,,,,,,,,,,
margin,Eastern Michigan,scientific_f2_m3,-14.15670952380951,124,0,False,False,,,,,,,,,,,
margin,Ohio,scientific_f2_m3,-14.459779365079354,125,0,False,False,,,,,,,,,,,
margin,Ball State,scientific_f2_m3,-15.609202380952388,126,0,False,False,,,,,,,,,,,
margin,Texas State,scientific_f2_m3,-15.89955252525253,127,0,False,False,,,,,,,,,,,
margin,Missouri State,scientific_f2_m3,-16.127020634920644,128,0,False,False,,,,,,,,,,,
margin,Charlotte,scientific_f2_m3,-16.45522763347764,129,0,False,False,,,,,,,,,,,
margin,Northern Illinois,scientific_f2_m3,-17.44982619047619,130,0,False,False,,,,,,,,,,,
margin,Kent State,scientific_f2_m3,-17.857732247284872,131,0,False,False,,,,,,,,,,,
margin,UNLV,scientific_f2_m3,-18.01129365079365,132,0,False,False,,,,,,,,,,,
margin,Bowling Green,scientific_f2_m3,-18.310494588744593,133,0,False,False,,,,,,,,,,,
margin,Marshall,scientific_f2_m3,-18.411193650793663,134,0,False,False,,,,,,,,,,,
margin,UL Monroe,scientific_f2_m3,-18.42044285714286,135,0,False,False,,,,,,,,,,,
margin,East Carolina,scientific_f2_m3,-18.753131746031734,136,0,False,False,,,,,,,,,,,
margin,Washington State,scientific_f2_m3,-18.761434487734473,137,0,False,False,,,,,,,,,,,
margin,Western Kentucky,scientific_f2_m3,-23.072022222222227,138,0,False,False,,,,,,,,,,,
margin,Georgia,scientific_f2_m4,31.107190347420897,1,25,True,True,,,,,,,,,,,
margin,Miami,scientific_f2_m4,27.5600625628312,2,24,True,False,,,,,,,,,,,
margin,Florida,scientific_f2_m4,26.125478054430843,3,23,True,False,,,,,,,,,,,
margin,Alabama,scientific_f2_m4,23.776002402195342,4,22,True,False,,,,,,,,,,,
margin,Texas A&M,scientific_f2_m4,23.760845756616284,5,21,True,False,,,,,,,,,,,
margin,Notre Dame,scientific_f2_m4,23.540189306222107,6,20,True,False,,,,,,,,,,,
margin,Kansas State,scientific_f2_m4,22.998178248632463,7,19,True,False,,,,,,,,,,,
margin,South Carolina,scientific_f2_m4,22.901871756275778,8,18,True,False,,,,,,,,,,,
margin,Houston,scientific_f2_m4,21.972130102584885,9,17,True,False,,,,,,,,,,,
margin,LSU,scientific_f2_m4,21.611244006832802,10,16,True,False,,,,,,,,,,,
margin,Virginia,scientific_f2_m4,21.554996823453155,11,15,True,False,,,,,,,,,,,
margin,Indiana,scientific_f2_m4,21.026279660752728,12,14,True,False,,,,,,,,,,,
margin,Maryland,scientific_f2_m4,20.054677145320074,13,13,True,False,,,,,,,,,,,
margin,Tennessee,scientific_f2_m4,19.559928034379567,14,12,True,False,,,,,,,,,,,
margin,Nebraska,scientific_f2_m4,19.464862940215593,15,11,True,False,,,,,,,,,,,
margin,Utah,scientific_f2_m4,18.906835315961263,16,10,True,False,,,,,,,,,,,
margin,Ohio State,scientific_f2_m4,18.678191802759496,17,9,True,False,,,,,,,,,,,
margin,Mississippi State,scientific_f2_m4,17.505487765182536,18,8,True,False,,,,,,,,,,,
margin,BYU,scientific_f2_m4,16.811720671382755,19,7,True,False,,,,,,,,,,,
margin,SMU,scientific_f2_m4,16.740992708192223,20,6,True,False,,,,,,,,,,,
margin,Texas,scientific_f2_m4,16.297945348650725,21,5,True,False,,,,,,,,,,,
margin,Missouri,scientific_f2_m4,16.223264663651115,22,4,True,False,,,,,,,,,,,
margin,James Madison,scientific_f2_m4,16.17015674385667,23,3,True,False,,,,,,,,,,,
margin,Virginia Tech,scientific_f2_m4,14.869353868310306,24,2,True,False,,,,,,,,,,,
margin,USC,scientific_f2_m4,14.851821155220955,25,1,True,False,,,,,,,,,,,
margin,Penn State,scientific_f2_m4,14.313423997490132,26,0,False,False,,,,,,,,,,,
margin,West Virginia,scientific_f2_m4,13.723926207985674,27,0,False,False,,,,,,,,,,,
margin,Ole Miss,scientific_f2_m4,13.580125570694296,28,0,False,False,,,,,,,,,,,
margin,Oklahoma,scientific_f2_m4,13.35676061016435,29,0,False,False,,,,,,,,,,,
margin,Georgia State,scientific_f2_m4,12.983559142339011,30,0,False,False,,,,,,,,,,,
margin,TCU,scientific_f2_m4,12.930834292454188,31,0,False,False,,,,,,,,,,,
margin,Cincinnati,scientific_f2_m4,12.147069741642866,32,0,False,False,,,,,,,,,,,
margin,New Mexico,scientific_f2_m4,11.881218477762964,33,0,False,False,,,,,,,,,,,
margin,UCLA,scientific_f2_m4,11.748368002833244,34,0,False,False,,,,,,,,,,,
margin,Baylor,scientific_f2_m4,11.66120467486039,35,0,False,False,,,,,,,,,,,
margin,Auburn,scientific_f2_m4,11.55197752446557,36,0,False,False,,,,,,,,,,,
margin,Syracuse,scientific_f2_m4,11.4923234889321,37,0,False,False,,,,,,,,,,,
margin,Colorado State,scientific_f2_m4,11.206836181584269,38,0,False,False,,,,,,,,,,,
margin,Louisville,scientific_f2_m4,11.16231030718481,39,0,False,False,,,,,,,,,,,
margin,UCF,scientific_f2_m4,9.487982277123628,40,0,False,False,,,,,,,,,,,
margin,Iowa,scientific_f2_m4,9.367021590332108,41,0,False,False,,,,,,,,,,,
margin,Texas Tech,scientific_f2_m4,9.164736020026083,42,0,False,False,,,,,,,,,,,
margin,NC State,scientific_f2_m4,9.040706687990136,43,0,False,False,,,,,,,,,,,
margin,Washington,scientific_f2_m4,7.8886658419611155,44,0,False,False,,,,,,,,,,,
margin,Northwestern,scientific_f2_m4,7.773426348042462,45,0,False,False,,,,,,,,,,,
margin,Pittsburgh,scientific_f2_m4,7.65921670190468,46,0,False,False,,,,,,,,,,,
margin,Arizona State,scientific_f2_m4,7.375108140614064,47,0,False,False,,,,,,,,,,,
margin,North Carolina,scientific_f2_m4,7.156783333651625,48,0,False,False,,,,,,,,,,,
margin,Michigan,scientific_f2_m4,7.022967619351912,49,0,False,False,,,,,,,,,,,
margin,Kansas,scientific_f2_m4,6.947789620460928,50,0,False,False,,,,,,,,,,,
margin,App State,scientific_f2_m4,6.461949322423874,51,0,False,False,,,,,,,,,,,
margin,Arizona,scientific_f2_m4,6.391151847168229,52,0,False,False,,,,,,,,,,,
margin,Michigan State,scientific_f2_m4,6.387705885379678,53,0,False,False,,,,,,,,,,,
margin,Vanderbilt,scientific_f2_m4,4.88110993972818,54,0,False,False,,,,,,,,,,,
margin,Colorado,scientific_f2_m4,4.618314337832697,55,0,False,False,,,,,,,,,,,
margin,Iowa State,scientific_f2_m4,4.58259981752206,56,0,False,False,,,,,,,,,,,
margin,UTSA,scientific_f2_m4,4.564520948621422,57,0,False,False,,,,,,,,,,,
margin,Purdue,scientific_f2_m4,4.4201138957707755,58,0,False,False,,,,,,,,,,,
margin,UConn,scientific_f2_m4,4.176221005491518,59,0,False,False,,,,,,,,,,,
margin,Georgia Southern,scientific_f2_m4,3.572010741417461,60,0,False,False,,,,,,,,,,,
margin,Minnesota,scientific_f2_m4,3.49760719811415,61,0,False,False,,,,,,,,,,,
margin,Massachusetts,scientific_f2_m4,3.2417583797177367,62,0,False,False,,,,,,,,,,,
margin,Army,scientific_f2_m4,3.0684646535542845,63,0,False,False,,,,,,,,,,,
margin,Duke,scientific_f2_m4,2.9235410575641794,64,0,False,False,,,,,,,,,,,
margin,Jacksonville State,scientific_f2_m4,2.849874087373475,65,0,False,False,,,,,,,,,,,
margin,Illinois,scientific_f2_m4,2.2499231898369327,66,0,False,False,,,,,,,,,,,
margin,Florida State,scientific_f2_m4,2.012449497583554,67,0,False,False,,,,,,,,,,,
margin,Oregon,scientific_f2_m4,1.9673279234223688,68,0,False,False,,,,,,,,,,,
margin,Boise State,scientific_f2_m4,1.801451209097615,69,0,False,False,,,,,,,,,,,
margin,Arkansas State,scientific_f2_m4,1.5918504870974837,70,0,False,False,,,,,,,,,,,
margin,Wake Forest,scientific_f2_m4,1.387688772758723,71,0,False,False,,,,,,,,,,,
margin,Coastal Carolina,scientific_f2_m4,0.6833018337067771,72,0,False,False,,,,,,,,,,,
margin,Delaware,scientific_f2_m4,0.6087223205617761,73,0,False,False,,,,,,,,,,,
margin,Toledo,scientific_f2_m4,0.48859621518141916,74,0,False,False,,,,,,,,,,,
margin,Tulsa,scientific_f2_m4,0.19778218730401176,75,0,False,False,,,,,,,,,,,
margin,South Alabama,scientific_f2_m4,0.12407564760990328,76,0,False,False,,,,,,,,,,,
margin,Kennesaw State,scientific_f2_m4,-0.19063724741521765,77,0,False,False,,,,,,,,,,,
margin,Kentucky,scientific_f2_m4,-0.32550578172037153,78,0,False,False,,,,,,,,,,,
margin,Stanford,scientific_f2_m4,-1.1034902012272276,79,0,False,False,,,,,,,,,,,
margin,Air Force,scientific_f2_m4,-1.1245154945589109,80,0,False,False,,,,,,,,,,,
margin,Western Michigan,scientific_f2_m4,-1.1840675348086018,81,0,False,False,,,,,,,,,,,
margin,Troy,scientific_f2_m4,-1.2048529061705255,82,0,False,False,,,,,,,,,,,
margin,Louisiana Tech,scientific_f2_m4,-1.207707970432835,83,0,False,False,,,,,,,,,,,
margin,Nevada,scientific_f2_m4,-1.818479280682084,84,0,False,False,,,,,,,,,,,
margin,South Florida,scientific_f2_m4,-2.0404454445243996,85,0,False,False,,,,,,,,,,,
margin,Clemson,scientific_f2_m4,-2.7025582106488484,86,0,False,False,,,,,,,,,,,
margin,Old Dominion,scientific_f2_m4,-2.7041786760535196,87,0,False,False,,,,,,,,,,,
margin,Middle Tennessee,scientific_f2_m4,-2.7359606237071423,88,0,False,False,,,,,,,,,,,
margin,North Dakota State,scientific_f2_m4,-2.870192211541483,89,0,False,False,,,,,,,,,,,
margin,Temple,scientific_f2_m4,-2.934905209544129,90,0,False,False,,,,,,,,,,,
margin,Wisconsin,scientific_f2_m4,-3.124468213988051,91,0,False,False,,,,,,,,,,,
margin,Memphis,scientific_f2_m4,-3.134928214879425,92,0,False,False,,,,,,,,,,,
margin,Miami (OH),scientific_f2_m4,-3.2291134391366327,93,0,False,False,,,,,,,,,,,
margin,Akron,scientific_f2_m4,-3.2411799179303764,94,0,False,False,,,,,,,,,,,
margin,Liberty,scientific_f2_m4,-3.7780469402449017,95,0,False,False,,,,,,,,,,,
margin,Florida International,scientific_f2_m4,-3.846552329821837,96,0,False,False,,,,,,,,,,,
margin,Navy,scientific_f2_m4,-3.9746062123309285,97,0,False,False,,,,,,,,,,,
margin,Sam Houston,scientific_f2_m4,-4.150450734374155,98,0,False,False,,,,,,,,,,,
margin,New Mexico State,scientific_f2_m4,-4.528003708796843,99,0,False,False,,,,,,,,,,,
margin,Oklahoma State,scientific_f2_m4,-4.912548282309429,100,0,False,False,,,,,,,,,,,
margin,Southern Miss,scientific_f2_m4,-5.328001195559533,101,0,False,False,,,,,,,,,,,
margin,Arkansas,scientific_f2_m4,-5.371932511581741,102,0,False,False,,,,,,,,,,,
margin,Boston College,scientific_f2_m4,-5.4019246083219095,103,0,False,False,,,,,,,,,,,
margin,San Diego State,scientific_f2_m4,-5.630363605987129,104,0,False,False,,,,,,,,,,,
margin,Fresno State,scientific_f2_m4,-5.698132580775666,105,0,False,False,,,,,,,,,,,
margin,North Texas,scientific_f2_m4,-6.408241004925167,106,0,False,False,,,,,,,,,,,
margin,Georgia Tech,scientific_f2_m4,-6.8605528871876444,107,0,False,False,,,,,,,,,,,
margin,Louisiana,scientific_f2_m4,-7.818754306405092,108,0,False,False,,,,,,,,,,,
margin,California,scientific_f2_m4,-8.361875489984136,109,0,False,False,,,,,,,,,,,
margin,Hawai'i,scientific_f2_m4,-9.261715143415252,110,0,False,False,,,,,,,,,,,
margin,Tulane,scientific_f2_m4,-9.513083383946253,111,0,False,False,,,,,,,,,,,
margin,Rice,scientific_f2_m4,-10.549066327475527,112,0,False,False,,,,,,,,,,,
margin,UTEP,scientific_f2_m4,-10.834259742211525,113,0,False,False,,,,,,,,,,,
margin,San José State,scientific_f2_m4,-11.122088364402424,114,0,False,False,,,,,,,,,,,
margin,UAB,scientific_f2_m4,-11.148258420741099,115,0,False,False,,,,,,,,,,,
margin,Rutgers,scientific_f2_m4,-11.390933802657576,116,0,False,False,,,,,,,,,,,
margin,Sacramento State,scientific_f2_m4,-11.78869961754731,117,0,False,False,,,,,,,,,,,
margin,Oregon State,scientific_f2_m4,-12.112258128365536,118,0,False,False,,,,,,,,,,,
margin,Utah State,scientific_f2_m4,-12.435008177988639,119,0,False,False,,,,,,,,,,,
margin,UNLV,scientific_f2_m4,-13.334358990534573,120,0,False,False,,,,,,,,,,,
margin,Ohio,scientific_f2_m4,-13.397154078193791,121,0,False,False,,,,,,,,,,,
margin,Texas State,scientific_f2_m4,-13.732267812336211,122,0,False,False,,,,,,,,,,,
margin,Buffalo,scientific_f2_m4,-13.855901257055026,123,0,False,False,,,,,,,,,,,
margin,Charlotte,scientific_f2_m4,-14.246589463401156,124,0,False,False,,,,,,,,,,,
margin,Florida Atlantic,scientific_f2_m4,-14.537536398369337,125,0,False,False,,,,,,,,,,,
margin,Marshall,scientific_f2_m4,-14.596600679496907,126,0,False,False,,,,,,,,,,,
margin,Central Michigan,scientific_f2_m4,-14.717153343736364,127,0,False,False,,,,,,,,,,,
margin,Ball State,scientific_f2_m4,-15.25365087634833,128,0,False,False,,,,,,,,,,,
margin,Wyoming,scientific_f2_m4,-15.711650435990533,129,0,False,False,,,,,,,,,,,
margin,Eastern Michigan,scientific_f2_m4,-15.94081786594304,130,0,False,False,,,,,,,,,,,
margin,Kent State,scientific_f2_m4,-16.7754073161876,131,0,False,False,,,,,,,,,,,
margin,East Carolina,scientific_f2_m4,-17.144268576771463,132,0,False,False,,,,,,,,,,,
margin,Washington State,scientific_f2_m4,-17.20085460437189,133,0,False,False,,,,,,,,,,,
margin,UL Monroe,scientific_f2_m4,-17.24739056488799,134,0,False,False,,,,,,,,,,,
margin,Missouri State,scientific_f2_m4,-17.30356042212558,135,0,False,False,,,,,,,,,,,
margin,Bowling Green,scientific_f2_m4,-17.457455323581645,136,0,False,False,,,,,,,,,,,
margin,Northern Illinois,scientific_f2_m4,-18.577190826056228,137,0,False,False,,,,,,,,,,,
margin,Western Kentucky,scientific_f2_m4,-18.606053796708505,138,0,False,False,,,,,,,,,,,
margin,Georgia,scientific_f2_m5,36.92945098876953,1,25,True,True,,,,,,,,,,,
margin,South Carolina,scientific_f2_m5,35.167945861816406,2,24,True,False,,,,,,,,,,,
margin,Florida,scientific_f2_m5,26.921762466430664,3,23,True,False,,,,,,,,,,,
margin,Miami,scientific_f2_m5,26.577308654785156,4,22,True,False,,,,,,,,,,,
margin,Houston,scientific_f2_m5,25.076433181762695,5,21,True,False,,,,,,,,,,,
margin,Mississippi State,scientific_f2_m5,24.57944107055664,6,20,True,False,,,,,,,,,,,
margin,Maryland,scientific_f2_m5,23.95935821533203,7,19,True,False,,,,,,,,,,,
margin,Utah,scientific_f2_m5,22.377695083618164,8,18,True,False,,,,,,,,,,,
margin,Indiana,scientific_f2_m5,21.90247344970703,9,17,True,False,,,,,,,,,,,
margin,Notre Dame,scientific_f2_m5,21.871318817138672,10,16,True,False,,,,,,,,,,,
margin,Ole Miss,scientific_f2_m5,20.192970275878906,11,15,True,False,,,,,,,,,,,
margin,Kansas State,scientific_f2_m5,20.05608367919922,12,14,True,False,,,,,,,,,,,
margin,Texas,scientific_f2_m5,19.957046508789062,13,13,True,False,,,,,,,,,,,
margin,Illinois,scientific_f2_m5,19.857101440429688,14,12,True,False,,,,,,,,,,,
margin,James Madison,scientific_f2_m5,19.61553955078125,15,11,True,False,,,,,,,,,,,
margin,App State,scientific_f2_m5,19.0986385345459,16,10,True,False,,,,,,,,,,,
margin,Minnesota,scientific_f2_m5,18.466384887695312,17,9,True,False,,,,,,,,,,,
margin,Tennessee,scientific_f2_m5,17.903310775756836,18,8,True,False,,,,,,,,,,,
margin,Texas A&M,scientific_f2_m5,17.8912353515625,19,7,True,False,,,,,,,,,,,
margin,BYU,scientific_f2_m5,16.72928237915039,20,6,True,False,,,,,,,,,,,
margin,Penn State,scientific_f2_m5,15.774483680725098,21,5,True,False,,,,,,,,,,,
margin,Virginia Tech,scientific_f2_m5,15.638877868652344,22,4,True,False,,,,,,,,,,,
margin,Syracuse,scientific_f2_m5,15.557792663574219,23,3,True,False,,,,,,,,,,,
margin,Missouri,scientific_f2_m5,15.450502395629883,24,2,True,False,,,,,,,,,,,
margin,Nebraska,scientific_f2_m5,14.937196731567383,25,1,True,False,,,,,,,,,,,
margin,Baylor,scientific_f2_m5,13.01146125793457,26,0,False,False,,,,,,,,,,,
margin,LSU,scientific_f2_m5,12.733606338500977,27,0,False,False,,,,,,,,,,,
margin,Alabama,scientific_f2_m5,12.167132377624512,28,0,False,False,,,,,,,,,,,
margin,Florida State,scientific_f2_m5,12.15649127960205,29,0,False,False,,,,,,,,,,,
margin,SMU,scientific_f2_m5,11.958882331848145,30,0,False,False,,,,,,,,,,,
margin,TCU,scientific_f2_m5,11.642378807067871,31,0,False,False,,,,,,,,,,,
margin,Arizona State,scientific_f2_m5,11.333413124084473,32,0,False,False,,,,,,,,,,,
margin,North Carolina,scientific_f2_m5,11.053953170776367,33,0,False,False,,,,,,,,,,,
margin,Auburn,scientific_f2_m5,10.971942901611328,34,0,False,False,,,,,,,,,,,
margin,Pittsburgh,scientific_f2_m5,10.963033676147461,35,0,False,False,,,,,,,,,,,
margin,Kansas,scientific_f2_m5,10.300033569335938,36,0,False,False,,,,,,,,,,,
margin,Virginia,scientific_f2_m5,9.750324249267578,37,0,False,False,,,,,,,,,,,
margin,Ohio State,scientific_f2_m5,9.445425033569336,38,0,False,False,,,,,,,,,,,
margin,Georgia State,scientific_f2_m5,9.406561851501465,39,0,False,False,,,,,,,,,,,
margin,USC,scientific_f2_m5,9.324506759643555,40,0,False,False,,,,,,,,,,,
margin,Colorado,scientific_f2_m5,8.787327766418457,41,0,False,False,,,,,,,,,,,
margin,Northwestern,scientific_f2_m5,8.691387176513672,42,0,False,False,,,,,,,,,,,
margin,Purdue,scientific_f2_m5,8.69070816040039,43,0,False,False,,,,,,,,,,,
margin,NC State,scientific_f2_m5,8.342304229736328,44,0,False,False,,,,,,,,,,,
margin,Michigan,scientific_f2_m5,8.074488639831543,45,0,False,False,,,,,,,,,,,
margin,New Mexico,scientific_f2_m5,7.709171295166016,46,0,False,False,,,,,,,,,,,
margin,Wake Forest,scientific_f2_m5,7.664502143859863,47,0,False,False,,,,,,,,,,,
margin,Akron,scientific_f2_m5,7.594175338745117,48,0,False,False,,,,,,,,,,,
margin,Colorado State,scientific_f2_m5,7.406229496002197,49,0,False,False,,,,,,,,,,,
margin,Oklahoma,scientific_f2_m5,7.001717567443848,50,0,False,False,,,,,,,,,,,
margin,Air Force,scientific_f2_m5,6.845000267028809,51,0,False,False,,,,,,,,,,,
margin,Massachusetts,scientific_f2_m5,6.649310111999512,52,0,False,False,,,,,,,,,,,
margin,Iowa,scientific_f2_m5,6.626859664916992,53,0,False,False,,,,,,,,,,,
margin,Washington,scientific_f2_m5,6.4398193359375,54,0,False,False,,,,,,,,,,,
margin,Louisville,scientific_f2_m5,4.907223224639893,55,0,False,False,,,,,,,,,,,
margin,Florida International,scientific_f2_m5,4.497933864593506,56,0,False,False,,,,,,,,,,,
margin,Vanderbilt,scientific_f2_m5,4.434889316558838,57,0,False,False,,,,,,,,,,,
margin,New Mexico State,scientific_f2_m5,4.063319206237793,58,0,False,False,,,,,,,,,,,
margin,South Alabama,scientific_f2_m5,4.025503158569336,59,0,False,False,,,,,,,,,,,
margin,Wisconsin,scientific_f2_m5,3.386859655380249,60,0,False,False,,,,,,,,,,,
margin,Michigan State,scientific_f2_m5,3.361534595489502,61,0,False,False,,,,,,,,,,,
margin,Arizona,scientific_f2_m5,3.264016628265381,62,0,False,False,,,,,,,,,,,
margin,Oregon,scientific_f2_m5,3.1836886405944824,63,0,False,False,,,,,,,,,,,
margin,Cincinnati,scientific_f2_m5,2.7897143363952637,64,0,False,False,,,,,,,,,,,
margin,UCLA,scientific_f2_m5,2.1318211555480957,65,0,False,False,,,,,,,,,,,
margin,Georgia Tech,scientific_f2_m5,2.121248960494995,66,0,False,False,,,,,,,,,,,
margin,Texas Tech,scientific_f2_m5,2.1078104972839355,67,0,False,False,,,,,,,,,,,
margin,West Virginia,scientific_f2_m5,1.8483831882476807,68,0,False,False,,,,,,,,,,,
margin,Kentucky,scientific_f2_m5,1.5658321380615234,69,0,False,False,,,,,,,,,,,
margin,Louisiana,scientific_f2_m5,1.34226655960083,70,0,False,False,,,,,,,,,,,
margin,Army,scientific_f2_m5,0.5412457585334778,71,0,False,False,,,,,,,,,,,
margin,Hawai'i,scientific_f2_m5,0.35670560598373413,72,0,False,False,,,,,,,,,,,
margin,Clemson,scientific_f2_m5,-0.9249162077903748,73,0,False,False,,,,,,,,,,,
margin,Nevada,scientific_f2_m5,-1.0087823867797852,74,0,False,False,,,,,,,,,,,
margin,Boise State,scientific_f2_m5,-1.1807198524475098,75,0,False,False,,,,,,,,,,,
margin,Sacramento State,scientific_f2_m5,-1.4355857372283936,76,0,False,False,,,,,,,,,,,
margin,South Florida,scientific_f2_m5,-1.4633021354675293,77,0,False,False,,,,,,,,,,,
margin,UConn,scientific_f2_m5,-1.5803182125091553,78,0,False,False,,,,,,,,,,,
margin,Navy,scientific_f2_m5,-1.7971549034118652,79,0,False,False,,,,,,,,,,,
margin,California,scientific_f2_m5,-2.2910311222076416,80,0,False,False,,,,,,,,,,,
margin,Boston College,scientific_f2_m5,-2.3187296390533447,81,0,False,False,,,,,,,,,,,
margin,Memphis,scientific_f2_m5,-2.910360336303711,82,0,False,False,,,,,,,,,,,
margin,Temple,scientific_f2_m5,-3.0011749267578125,83,0,False,False,,,,,,,,,,,
margin,UCF,scientific_f2_m5,-3.1607844829559326,84,0,False,False,,,,,,,,,,,
margin,UAB,scientific_f2_m5,-3.4495086669921875,85,0,False,False,,,,,,,,,,,
margin,Duke,scientific_f2_m5,-3.688629150390625,86,0,False,False,,,,,,,,,,,
margin,Toledo,scientific_f2_m5,-3.6903257369995117,87,0,False,False,,,,,,,,,,,
margin,Stanford,scientific_f2_m5,-3.8345799446105957,88,0,False,False,,,,,,,,,,,
margin,Sam Houston,scientific_f2_m5,-4.227167129516602,89,0,False,False,,,,,,,,,,,
margin,Arkansas State,scientific_f2_m5,-4.560111999511719,90,0,False,False,,,,,,,,,,,
margin,Coastal Carolina,scientific_f2_m5,-6.005152702331543,91,0,False,False,,,,,,,,,,,
margin,Liberty,scientific_f2_m5,-6.2976837158203125,92,0,False,False,,,,,,,,,,,
margin,Delaware,scientific_f2_m5,-6.302562236785889,93,0,False,False,,,,,,,,,,,
margin,Jacksonville State,scientific_f2_m5,-6.752381801605225,94,0,False,False,,,,,,,,,,,
margin,San Diego State,scientific_f2_m5,-7.174806594848633,95,0,False,False,,,,,,,,,,,
margin,North Dakota State,scientific_f2_m5,-7.31781005859375,96,0,False,False,,,,,,,,,,,
margin,Miami (OH),scientific_f2_m5,-7.432794570922852,97,0,False,False,,,,,,,,,,,
margin,Arkansas,scientific_f2_m5,-7.470376014709473,98,0,False,False,,,,,,,,,,,
margin,Oklahoma State,scientific_f2_m5,-7.724006652832031,99,0,False,False,,,,,,,,,,,
margin,San José State,scientific_f2_m5,-7.728418350219727,100,0,False,False,,,,,,,,,,,
margin,UTEP,scientific_f2_m5,-7.850653648376465,101,0,False,False,,,,,,,,,,,
margin,Southern Miss,scientific_f2_m5,-8.06214427947998,102,0,False,False,,,,,,,,,,,
margin,Fresno State,scientific_f2_m5,-8.116209030151367,103,0,False,False,,,,,,,,,,,
margin,Old Dominion,scientific_f2_m5,-9.020851135253906,104,0,False,False,,,,,,,,,,,
margin,Troy,scientific_f2_m5,-9.157240867614746,105,0,False,False,,,,,,,,,,,
margin,Louisiana Tech,scientific_f2_m5,-9.2490873336792,106,0,False,False,,,,,,,,,,,
margin,Kennesaw State,scientific_f2_m5,-9.32336711883545,107,0,False,False,,,,,,,,,,,
margin,Rutgers,scientific_f2_m5,-10.350321769714355,108,0,False,False,,,,,,,,,,,
margin,Tulane,scientific_f2_m5,-11.804096221923828,109,0,False,False,,,,,,,,,,,
margin,Tulsa,scientific_f2_m5,-12.204935073852539,110,0,False,False,,,,,,,,,,,
margin,Middle Tennessee,scientific_f2_m5,-12.409708976745605,111,0,False,False,,,,,,,,,,,
margin,Washington State,scientific_f2_m5,-12.85690689086914,112,0,False,False,,,,,,,,,,,
margin,Georgia Southern,scientific_f2_m5,-13.5056734085083,113,0,False,False,,,,,,,,,,,
margin,Missouri State,scientific_f2_m5,-13.535228729248047,114,0,False,False,,,,,,,,,,,
margin,North Texas,scientific_f2_m5,-13.586987495422363,115,0,False,False,,,,,,,,,,,
margin,Ball State,scientific_f2_m5,-13.618586540222168,116,0,False,False,,,,,,,,,,,
margin,Florida Atlantic,scientific_f2_m5,-13.914482116699219,117,0,False,False,,,,,,,,,,,
margin,Western Michigan,scientific_f2_m5,-13.979910850524902,118,0,False,False,,,,,,,,,,,
margin,Rice,scientific_f2_m5,-14.23609447479248,119,0,False,False,,,,,,,,,,,
margin,UTSA,scientific_f2_m5,-14.240431785583496,120,0,False,False,,,,,,,,,,,
margin,East Carolina,scientific_f2_m5,-14.58088493347168,121,0,False,False,,,,,,,,,,,
margin,Buffalo,scientific_f2_m5,-15.444316864013672,122,0,False,False,,,,,,,,,,,
margin,UNLV,scientific_f2_m5,-16.190519332885742,123,0,False,False,,,,,,,,,,,
margin,Charlotte,scientific_f2_m5,-17.10359764099121,124,0,False,False,,,,,,,,,,,
margin,Ohio,scientific_f2_m5,-17.11448097229004,125,0,False,False,,,,,,,,,,,
margin,Eastern Michigan,scientific_f2_m5,-17.27251625061035,126,0,False,False,,,,,,,,,,,
margin,Oregon State,scientific_f2_m5,-17.5205135345459,127,0,False,False,,,,,,,,,,,
margin,Northern Illinois,scientific_f2_m5,-17.549083709716797,128,0,False,False,,,,,,,,,,,
margin,Kent State,scientific_f2_m5,-17.625164031982422,129,0,False,False,,,,,,,,,,,
margin,Marshall,scientific_f2_m5,-18.658954620361328,130,0,False,False,,,,,,,,,,,
margin,Utah State,scientific_f2_m5,-19.09784698486328,131,0,False,False,,,,,,,,,,,
margin,Wyoming,scientific_f2_m5,-19.18515396118164,132,0,False,False,,,,,,,,,,,
margin,Iowa State,scientific_f2_m5,-21.146862030029297,133,0,False,False,,,,,,,,,,,
margin,Central Michigan,scientific_f2_m5,-21.7725830078125,134,0,False,False,,,,,,,,,,,
margin,UL Monroe,scientific_f2_m5,-22.47390365600586,135,0,False,False,,,,,,,,,,,
margin,Western Kentucky,scientific_f2_m5,-25.002120971679688,136,0,False,False,,,,,,,,,,,
margin,Texas State,scientific_f2_m5,-28.016559600830078,137,0,False,False,,,,,,,,,,,
margin,Bowling Green,scientific_f2_m5,-29.20189094543457,138,0,False,False,,,,,,,,,,,
margin,Kansas State,scientific_f2_m10,38.75783033148859,1,25,True,True,,,,,,,,,,,
margin,LSU,scientific_f2_m10,30.65906426951541,2,24,True,False,,,,,,,,,,,
margin,Virginia,scientific_f2_m10,30.081234776525125,3,23,True,False,,,,,,,,,,,
margin,SMU,scientific_f2_m10,26.91639882366334,4,22,True,False,,,,,,,,,,,
margin,Houston,scientific_f2_m10,25.23385220416447,5,21,True,False,,,,,,,,,,,
margin,Georgia,scientific_f2_m10,25.16460186372097,6,20,True,False,,,,,,,,,,,
margin,Virginia Tech,scientific_f2_m10,24.174232184365135,7,19,True,False,,,,,,,,,,,
margin,Miami,scientific_f2_m10,24.084869442028708,8,18,True,False,,,,,,,,,,,
margin,Nebraska,scientific_f2_m10,21.995342351958534,9,17,True,False,,,,,,,,,,,
margin,Indiana,scientific_f2_m10,21.825461045454507,10,16,True,False,,,,,,,,,,,
margin,South Carolina,scientific_f2_m10,21.317531075820767,11,15,True,False,,,,,,,,,,,
margin,Florida,scientific_f2_m10,20.649714310241684,12,14,True,False,,,,,,,,,,,
margin,Georgia State,scientific_f2_m10,20.323777283281636,13,13,True,False,,,,,,,,,,,
margin,Mississippi State,scientific_f2_m10,19.71856902877735,14,12,True,False,,,,,,,,,,,
margin,Cincinnati,scientific_f2_m10,19.375105681995134,15,11,True,False,,,,,,,,,,,
margin,NC State,scientific_f2_m10,19.199273403387252,16,10,True,False,,,,,,,,,,,
margin,Utah,scientific_f2_m10,18.983035857036857,17,9,True,False,,,,,,,,,,,
margin,BYU,scientific_f2_m10,18.64097946593757,18,8,True,False,,,,,,,,,,,
margin,Maryland,scientific_f2_m10,18.63836627205894,19,7,True,False,,,,,,,,,,,
margin,New Mexico,scientific_f2_m10,18.28895044217346,20,6,True,False,,,,,,,,,,,
margin,Tennessee,scientific_f2_m10,17.986775563060604,21,5,True,False,,,,,,,,,,,
margin,App State,scientific_f2_m10,17.979777197273986,22,4,True,False,,,,,,,,,,,
margin,Notre Dame,scientific_f2_m10,17.95335988786532,23,3,True,False,,,,,,,,,,,
margin,Louisville,scientific_f2_m10,17.136075784742737,24,2,True,False,,,,,,,,,,,
margin,UCF,scientific_f2_m10,16.59553788648056,25,1,True,False,,,,,,,,,,,
margin,James Madison,scientific_f2_m10,15.836587866820208,26,0,False,False,,,,,,,,,,,
margin,Ohio State,scientific_f2_m10,15.345688394128311,27,0,False,False,,,,,,,,,,,
margin,Baylor,scientific_f2_m10,14.980646270629448,28,0,False,False,,,,,,,,,,,
margin,Alabama,scientific_f2_m10,14.750688317120227,29,0,False,False,,,,,,,,,,,
margin,Auburn,scientific_f2_m10,13.655230156702428,30,0,False,False,,,,,,,,,,,
margin,Texas A&M,scientific_f2_m10,13.571658258745575,31,0,False,False,,,,,,,,,,,
margin,UCLA,scientific_f2_m10,13.19042030309036,32,0,False,False,,,,,,,,,,,
margin,Massachusetts,scientific_f2_m10,12.8889968518144,33,0,False,False,,,,,,,,,,,
margin,Syracuse,scientific_f2_m10,12.308555139567302,34,0,False,False,,,,,,,,,,,
margin,Oklahoma,scientific_f2_m10,11.186238459265986,35,0,False,False,,,,,,,,,,,
margin,Army,scientific_f2_m10,11.175093426576023,36,0,False,False,,,,,,,,,,,
margin,Colorado,scientific_f2_m10,10.685633100858627,37,0,False,False,,,,,,,,,,,
margin,Kansas,scientific_f2_m10,10.237749381229174,38,0,False,False,,,,,,,,,,,
margin,Arizona,scientific_f2_m10,10.211344296913301,39,0,False,False,,,,,,,,,,,
margin,Texas,scientific_f2_m10,10.153113583279008,40,0,False,False,,,,,,,,,,,
margin,Kennesaw State,scientific_f2_m10,10.088556357882432,41,0,False,False,,,,,,,,,,,
margin,West Virginia,scientific_f2_m10,9.638531273076339,42,0,False,False,,,,,,,,,,,
margin,Missouri,scientific_f2_m10,8.961198613822274,43,0,False,False,,,,,,,,,,,
margin,Akron,scientific_f2_m10,8.768889204083706,44,0,False,False,,,,,,,,,,,
margin,Air Force,scientific_f2_m10,8.682644766321886,45,0,False,False,,,,,,,,,,,
margin,Minnesota,scientific_f2_m10,8.55541187037712,46,0,False,False,,,,,,,,,,,
margin,USC,scientific_f2_m10,8.259917892048875,47,0,False,False,,,,,,,,,,,
margin,Troy,scientific_f2_m10,8.115264041761208,48,0,False,False,,,,,,,,,,,
margin,North Dakota State,scientific_f2_m10,7.872732473109188,49,0,False,False,,,,,,,,,,,
margin,Iowa,scientific_f2_m10,7.579542722963365,50,0,False,False,,,,,,,,,,,
margin,Purdue,scientific_f2_m10,7.066089855509793,51,0,False,False,,,,,,,,,,,
margin,Louisiana Tech,scientific_f2_m10,6.793388192847853,52,0,False,False,,,,,,,,,,,
margin,Washington,scientific_f2_m10,6.055569959817314,53,0,False,False,,,,,,,,,,,
margin,Arizona State,scientific_f2_m10,5.1647213525044995,54,0,False,False,,,,,,,,,,,
margin,Middle Tennessee,scientific_f2_m10,5.094950103041251,55,0,False,False,,,,,,,,,,,
margin,Georgia Southern,scientific_f2_m10,4.540123554617561,56,0,False,False,,,,,,,,,,,
margin,Western Michigan,scientific_f2_m10,4.257385025053862,57,0,False,False,,,,,,,,,,,
margin,TCU,scientific_f2_m10,4.064300944676208,58,0,False,False,,,,,,,,,,,
margin,Ole Miss,scientific_f2_m10,3.7684032790691653,59,0,False,False,,,,,,,,,,,
margin,Temple,scientific_f2_m10,3.47080482620935,60,0,False,False,,,,,,,,,,,
margin,Boston College,scientific_f2_m10,3.166704476682448,61,0,False,False,,,,,,,,,,,
margin,Navy,scientific_f2_m10,3.1249234219235618,62,0,False,False,,,,,,,,,,,
margin,Duke,scientific_f2_m10,2.9022869593237646,63,0,False,False,,,,,,,,,,,
margin,Colorado State,scientific_f2_m10,2.608015889604614,64,0,False,False,,,,,,,,,,,
margin,Jacksonville State,scientific_f2_m10,2.583438750601307,65,0,False,False,,,,,,,,,,,
margin,New Mexico State,scientific_f2_m10,2.3349098992552046,66,0,False,False,,,,,,,,,,,
margin,Pittsburgh,scientific_f2_m10,2.109461372293215,67,0,False,False,,,,,,,,,,,
margin,Illinois,scientific_f2_m10,2.0808971520920894,68,0,False,False,,,,,,,,,,,
margin,Southern Miss,scientific_f2_m10,1.937240249471964,69,0,False,False,,,,,,,,,,,
margin,Michigan State,scientific_f2_m10,1.8274712274059002,70,0,False,False,,,,,,,,,,,
margin,UTSA,scientific_f2_m10,1.802031712029642,71,0,False,False,,,,,,,,,,,
margin,Tulsa,scientific_f2_m10,1.28800002001567,72,0,False,False,,,,,,,,,,,
margin,Sam Houston,scientific_f2_m10,1.0538822356992563,73,0,False,False,,,,,,,,,,,
margin,Penn State,scientific_f2_m10,0.6219915717567599,74,0,False,False,,,,,,,,,,,
margin,Nevada,scientific_f2_m10,0.37841890728462524,75,0,False,False,,,,,,,,,,,
margin,Memphis,scientific_f2_m10,-0.32693116778442477,76,0,False,False,,,,,,,,,,,
margin,Liberty,scientific_f2_m10,-0.5535238034314534,77,0,False,False,,,,,,,,,,,
margin,South Florida,scientific_f2_m10,-0.9170554932483503,78,0,False,False,,,,,,,,,,,
margin,North Carolina,scientific_f2_m10,-1.090826669859732,79,0,False,False,,,,,,,,,,,
margin,Northwestern,scientific_f2_m10,-1.216817477754255,80,0,False,False,,,,,,,,,,,
margin,Iowa State,scientific_f2_m10,-1.256544421506287,81,0,False,False,,,,,,,,,,,
margin,Wake Forest,scientific_f2_m10,-1.404907446672771,82,0,False,False,,,,,,,,,,,
margin,Texas Tech,scientific_f2_m10,-1.4334018475816157,83,0,False,False,,,,,,,,,,,
margin,Wyoming,scientific_f2_m10,-2.4816667085067916,84,0,False,False,,,,,,,,,,,
margin,Toledo,scientific_f2_m10,-2.802317025363097,85,0,False,False,,,,,,,,,,,
margin,Louisiana,scientific_f2_m10,-3.6930730339151685,86,0,False,False,,,,,,,,,,,
margin,Boise State,scientific_f2_m10,-3.700964049037899,87,0,False,False,,,,,,,,,,,
margin,Michigan,scientific_f2_m10,-4.414749525979532,88,0,False,False,,,,,,,,,,,
margin,Coastal Carolina,scientific_f2_m10,-4.65611202041763,89,0,False,False,,,,,,,,,,,
margin,UConn,scientific_f2_m10,-4.676761712445044,90,0,False,False,,,,,,,,,,,
margin,North Texas,scientific_f2_m10,-4.809699936891426,91,0,False,False,,,,,,,,,,,
margin,Florida International,scientific_f2_m10,-4.858408823744976,92,0,False,False,,,,,,,,,,,
margin,Delaware,scientific_f2_m10,-5.381444889347454,93,0,False,False,,,,,,,,,,,
margin,Wisconsin,scientific_f2_m10,-5.811761664384303,94,0,False,False,,,,,,,,,,,
margin,Old Dominion,scientific_f2_m10,-5.991387575696817,95,0,False,False,,,,,,,,,,,
margin,Vanderbilt,scientific_f2_m10,-6.025853019066978,96,0,False,False,,,,,,,,,,,
margin,UAB,scientific_f2_m10,-6.8036655916654665,97,0,False,False,,,,,,,,,,,
margin,San José State,scientific_f2_m10,-7.1830662496575775,98,0,False,False,,,,,,,,,,,
margin,Arkansas State,scientific_f2_m10,-7.29292890253985,99,0,False,False,,,,,,,,,,,
margin,Rice,scientific_f2_m10,-7.781524663800179,100,0,False,False,,,,,,,,,,,
margin,Florida State,scientific_f2_m10,-8.016373254556857,101,0,False,False,,,,,,,,,,,
margin,South Alabama,scientific_f2_m10,-8.29689127057634,102,0,False,False,,,,,,,,,,,
margin,Miami (OH),scientific_f2_m10,-8.408001560721592,103,0,False,False,,,,,,,,,,,
margin,Arkansas,scientific_f2_m10,-9.277452167120027,104,0,False,False,,,,,,,,,,,
margin,Oregon,scientific_f2_m10,-9.436335512402726,105,0,False,False,,,,,,,,,,,
margin,Fresno State,scientific_f2_m10,-9.920461058805541,106,0,False,False,,,,,,,,,,,
margin,Georgia Tech,scientific_f2_m10,-10.31632844212479,107,0,False,False,,,,,,,,,,,
margin,Sacramento State,scientific_f2_m10,-10.816872198321411,108,0,False,False,,,,,,,,,,,
margin,Texas State,scientific_f2_m10,-11.065859608442748,109,0,False,False,,,,,,,,,,,
margin,Eastern Michigan,scientific_f2_m10,-11.40073222431872,110,0,False,False,,,,,,,,,,,
margin,Kentucky,scientific_f2_m10,-11.455867946685018,111,0,False,False,,,,,,,,,,,
margin,UTEP,scientific_f2_m10,-11.803554147544666,112,0,False,False,,,,,,,,,,,
margin,Stanford,scientific_f2_m10,-11.860436194064523,113,0,False,False,,,,,,,,,,,
margin,Kent State,scientific_f2_m10,-12.401506794565313,114,0,False,False,,,,,,,,,,,
margin,Florida Atlantic,scientific_f2_m10,-12.40990115976476,115,0,False,False,,,,,,,,,,,
margin,Ball State,scientific_f2_m10,-13.885978207368183,116,0,False,False,,,,,,,,,,,
margin,Oklahoma State,scientific_f2_m10,-14.010482164525827,117,0,False,False,,,,,,,,,,,
margin,Buffalo,scientific_f2_m10,-14.145424985538021,118,0,False,False,,,,,,,,,,,
margin,UNLV,scientific_f2_m10,-14.399992890281053,119,0,False,False,,,,,,,,,,,
margin,Rutgers,scientific_f2_m10,-14.472758763041007,120,0,False,False,,,,,,,,,,,
margin,California,scientific_f2_m10,-14.639471188427164,121,0,False,False,,,,,,,,,,,
margin,Central Michigan,scientific_f2_m10,-15.708704428058295,122,0,False,False,,,,,,,,,,,
margin,Hawai'i,scientific_f2_m10,-15.783083922288824,123,0,False,False,,,,,,,,,,,
margin,Ohio,scientific_f2_m10,-15.860012063602644,124,0,False,False,,,,,,,,,,,
margin,Clemson,scientific_f2_m10,-16.979867689404976,125,0,False,False,,,,,,,,,,,
margin,San Diego State,scientific_f2_m10,-17.561952342336724,126,0,False,False,,,,,,,,,,,
margin,Northern Illinois,scientific_f2_m10,-18.012419578440028,127,0,False,False,,,,,,,,,,,
margin,Bowling Green,scientific_f2_m10,-19.04293132124568,128,0,False,False,,,,,,,,,,,
margin,Oregon State,scientific_f2_m10,-20.475440290876133,129,0,False,False,,,,,,,,,,,
margin,East Carolina,scientific_f2_m10,-21.60121174924604,130,0,False,False,,,,,,,,,,,
margin,UL Monroe,scientific_f2_m10,-21.946260149907143,131,0,False,False,,,,,,,,,,,
margin,Tulane,scientific_f2_m10,-22.36871189797885,132,0,False,False,,,,,,,,,,,
margin,Missouri State,scientific_f2_m10,-22.765664868251086,133,0,False,False,,,,,,,,,,,
margin,Utah State,scientific_f2_m10,-23.396504911635592,134,0,False,False,,,,,,,,,,,
margin,Charlotte,scientific_f2_m10,-23.690934764129416,135,0,False,False,,,,,,,,,,,
margin,Western Kentucky,scientific_f2_m10,-24.09233383970209,136,0,False,False,,,,,,,,,,,
margin,Marshall,scientific_f2_m10,-24.884240825697642,137,0,False,False,,,,,,,,,,,
margin,Washington State,scientific_f2_m10,-28.13060553938175,138,0,False,False,,,,,,,,,,,
margin,Georgia,scientific_f3_m1,35.73931114241028,1,25,True,True,,,,,,,,,,,
margin,LSU,scientific_f3_m1,26.395494411830477,2,24,True,False,,,,,,,,,,,
margin,Alabama,scientific_f3_m1,26.020263125044607,3,23,True,False,,,,,,,,,,,
margin,Notre Dame,scientific_f3_m1,25.959466669041227,4,22,True,False,,,,,,,,,,,
margin,Texas,scientific_f3_m1,25.047678758439197,5,21,True,False,,,,,,,,,,,
margin,South Carolina,scientific_f3_m1,24.4338170160974,6,20,True,False,,,,,,,,,,,
margin,Ohio State,scientific_f3_m1,24.127630953944873,7,19,True,False,,,,,,,,,,,
margin,Ole Miss,scientific_f3_m1,23.647198064345517,8,18,True,False,,,,,,,,,,,
margin,Texas A&M,scientific_f3_m1,23.183951734579914,9,17,True,False,,,,,,,,,,,
margin,Miami,scientific_f3_m1,21.04418216267147,10,16,True,False,,,,,,,,,,,
margin,Kansas State,scientific_f3_m1,20.094028869770703,11,15,True,False,,,,,,,,,,,
margin,Indiana,scientific_f3_m1,19.936407461691687,12,14,True,False,,,,,,,,,,,
margin,Florida,scientific_f3_m1,19.926113578324394,13,13,True,False,,,,,,,,,,,
margin,BYU,scientific_f3_m1,19.77088317128561,14,12,True,False,,,,,,,,,,,
margin,Tennessee,scientific_f3_m1,19.566098400580437,15,11,True,False,,,,,,,,,,,
margin,Utah,scientific_f3_m1,19.13433952296932,16,10,True,False,,,,,,,,,,,
margin,Oklahoma,scientific_f3_m1,19.037858917592928,17,9,True,False,,,,,,,,,,,
margin,Houston,scientific_f3_m1,18.820134554685666,18,8,True,False,,,,,,,,,,,
margin,Penn State,scientific_f3_m1,16.972125506953027,19,7,True,False,,,,,,,,,,,
margin,Mississippi State,scientific_f3_m1,16.706914087328734,20,6,True,False,,,,,,,,,,,
margin,SMU,scientific_f3_m1,16.622636335302296,21,5,True,False,,,,,,,,,,,
margin,Missouri,scientific_f3_m1,16.030792868334615,22,4,True,False,,,,,,,,,,,
margin,James Madison,scientific_f3_m1,15.833802361384459,23,3,True,False,,,,,,,,,,,
margin,New Mexico,scientific_f3_m1,15.270275775894122,24,2,True,False,,,,,,,,,,,
margin,Nebraska,scientific_f3_m1,15.177983144445461,25,1,True,False,,,,,,,,,,,
margin,North Carolina,scientific_f3_m1,14.822037258151889,26,0,False,False,,,,,,,,,,,
margin,Washington,scientific_f3_m1,14.690201755039384,27,0,False,False,,,,,,,,,,,
margin,Louisville,scientific_f3_m1,14.256566521521242,28,0,False,False,,,,,,,,,,,
margin,Virginia Tech,scientific_f3_m1,13.760735549189672,29,0,False,False,,,,,,,,,,,
margin,Iowa,scientific_f3_m1,12.64038530901306,30,0,False,False,,,,,,,,,,,
margin,Virginia,scientific_f3_m1,12.274951837558556,31,0,False,False,,,,,,,,,,,
margin,Maryland,scientific_f3_m1,11.809373676568065,32,0,False,False,,,,,,,,,,,
margin,Oregon,scientific_f3_m1,11.737797170796306,33,0,False,False,,,,,,,,,,,
margin,Arizona State,scientific_f3_m1,11.3208976118152,34,0,False,False,,,,,,,,,,,
margin,Texas Tech,scientific_f3_m1,11.176084295007183,35,0,False,False,,,,,,,,,,,
margin,Pittsburgh,scientific_f3_m1,11.042470401474404,36,0,False,False,,,,,,,,,,,
margin,Vanderbilt,scientific_f3_m1,11.017796978281766,37,0,False,False,,,,,,,,,,,
margin,UTSA,scientific_f3_m1,10.8205030533863,38,0,False,False,,,,,,,,,,,
margin,Michigan,scientific_f3_m1,10.648762582518529,39,0,False,False,,,,,,,,,,,
margin,Florida State,scientific_f3_m1,10.590652758280292,40,0,False,False,,,,,,,,,,,
margin,Kansas,scientific_f3_m1,10.16650923814575,41,0,False,False,,,,,,,,,,,
margin,Michigan State,scientific_f3_m1,9.61859561992393,42,0,False,False,,,,,,,,,,,
margin,TCU,scientific_f3_m1,9.434384548411735,43,0,False,False,,,,,,,,,,,
margin,USC,scientific_f3_m1,9.318488251372159,44,0,False,False,,,,,,,,,,,
margin,Boise State,scientific_f3_m1,7.986947253207131,45,0,False,False,,,,,,,,,,,
margin,Kentucky,scientific_f3_m1,7.985635243992852,46,0,False,False,,,,,,,,,,,
margin,Auburn,scientific_f3_m1,7.951041456918306,47,0,False,False,,,,,,,,,,,
margin,Minnesota,scientific_f3_m1,7.879943667656782,48,0,False,False,,,,,,,,,,,
margin,NC State,scientific_f3_m1,7.721713645260518,49,0,False,False,,,,,,,,,,,
margin,Northwestern,scientific_f3_m1,7.555895654442096,50,0,False,False,,,,,,,,,,,
margin,UCLA,scientific_f3_m1,6.893315231231767,51,0,False,False,,,,,,,,,,,
margin,Cincinnati,scientific_f3_m1,6.863377297355554,52,0,False,False,,,,,,,,,,,
margin,Illinois,scientific_f3_m1,6.750259101297065,53,0,False,False,,,,,,,,,,,
margin,UCF,scientific_f3_m1,6.359198565529017,54,0,False,False,,,,,,,,,,,
margin,Stanford,scientific_f3_m1,6.269691148901229,55,0,False,False,,,,,,,,,,,
margin,Duke,scientific_f3_m1,6.212811479152066,56,0,False,False,,,,,,,,,,,
margin,Wake Forest,scientific_f3_m1,6.168232408585057,57,0,False,False,,,,,,,,,,,
margin,Syracuse,scientific_f3_m1,6.047030658536501,58,0,False,False,,,,,,,,,,,
margin,Colorado State,scientific_f3_m1,5.485292474883416,59,0,False,False,,,,,,,,,,,
margin,Baylor,scientific_f3_m1,5.284769569072116,60,0,False,False,,,,,,,,,,,
margin,West Virginia,scientific_f3_m1,4.759600823951092,61,0,False,False,,,,,,,,,,,
margin,Arizona,scientific_f3_m1,4.70743991078184,62,0,False,False,,,,,,,,,,,
margin,Colorado,scientific_f3_m1,4.330646344281376,63,0,False,False,,,,,,,,,,,
margin,Georgia Southern,scientific_f3_m1,2.3258551020691494,64,0,False,False,,,,,,,,,,,
margin,Georgia State,scientific_f3_m1,2.1103913664881144,65,0,False,False,,,,,,,,,,,
margin,Tulane,scientific_f3_m1,1.855132602722648,66,0,False,False,,,,,,,,,,,
margin,Clemson,scientific_f3_m1,1.6402066121252235,67,0,False,False,,,,,,,,,,,
margin,Purdue,scientific_f3_m1,1.4884080892159681,68,0,False,False,,,,,,,,,,,
margin,Iowa State,scientific_f3_m1,0.9479740975969806,69,0,False,False,,,,,,,,,,,
margin,South Florida,scientific_f3_m1,0.5782507456170394,70,0,False,False,,,,,,,,,,,
margin,Wisconsin,scientific_f3_m1,-0.08336606275894898,71,0,False,False,,,,,,,,,,,
margin,Arkansas,scientific_f3_m1,-0.7319371218602466,72,0,False,False,,,,,,,,,,,
margin,Kennesaw State,scientific_f3_m1,-0.9062698143749781,73,0,False,False,,,,,,,,,,,
margin,Jacksonville State,scientific_f3_m1,-1.1987602749358475,74,0,False,False,,,,,,,,,,,
margin,North Texas,scientific_f3_m1,-1.2350211697466769,75,0,False,False,,,,,,,,,,,
margin,New Mexico State,scientific_f3_m1,-1.2389305064705853,76,0,False,False,,,,,,,,,,,
margin,San Diego State,scientific_f3_m1,-1.2931365166116198,77,0,False,False,,,,,,,,,,,
margin,App State,scientific_f3_m1,-1.4046717373688278,78,0,False,False,,,,,,,,,,,
margin,Georgia Tech,scientific_f3_m1,-1.426147910229675,79,0,False,False,,,,,,,,,,,
margin,Louisiana,scientific_f3_m1,-1.6225411354880936,80,0,False,False,,,,,,,,,,,
margin,UConn,scientific_f3_m1,-1.8950657454921096,81,0,False,False,,,,,,,,,,,
margin,Troy,scientific_f3_m1,-2.0329793747699885,82,0,False,False,,,,,,,,,,,
margin,Southern Miss,scientific_f3_m1,-2.151063496584193,83,0,False,False,,,,,,,,,,,
margin,Toledo,scientific_f3_m1,-2.3527231000553464,84,0,False,False,,,,,,,,,,,
margin,Temple,scientific_f3_m1,-2.405325616472706,85,0,False,False,,,,,,,,,,,
margin,Coastal Carolina,scientific_f3_m1,-2.4130410232120134,86,0,False,False,,,,,,,,,,,
margin,Arkansas State,scientific_f3_m1,-2.5296102381275825,87,0,False,False,,,,,,,,,,,
margin,Miami (OH),scientific_f3_m1,-2.696494705730302,88,0,False,False,,,,,,,,,,,
margin,Air Force,scientific_f3_m1,-2.9672283030421553,89,0,False,False,,,,,,,,,,,
margin,South Alabama,scientific_f3_m1,-3.26971663172559,90,0,False,False,,,,,,,,,,,
margin,Old Dominion,scientific_f3_m1,-4.419268615729598,91,0,False,False,,,,,,,,,,,
margin,Delaware,scientific_f3_m1,-4.611375169436611,92,0,False,False,,,,,,,,,,,
margin,San José State,scientific_f3_m1,-4.948397683718156,93,0,False,False,,,,,,,,,,,
margin,Fresno State,scientific_f3_m1,-5.182861030085549,94,0,False,False,,,,,,,,,,,
margin,Memphis,scientific_f3_m1,-5.502136702063501,95,0,False,False,,,,,,,,,,,
margin,Hawai'i,scientific_f3_m1,-5.90483261199881,96,0,False,False,,,,,,,,,,,
margin,Liberty,scientific_f3_m1,-6.1090946996415845,97,0,False,False,,,,,,,,,,,
margin,East Carolina,scientific_f3_m1,-6.183209143960376,98,0,False,False,,,,,,,,,,,
margin,Western Michigan,scientific_f3_m1,-6.259401891532837,99,0,False,False,,,,,,,,,,,
margin,Rutgers,scientific_f3_m1,-6.260128949712,100,0,False,False,,,,,,,,,,,
margin,Army,scientific_f3_m1,-6.504790456955696,101,0,False,False,,,,,,,,,,,
margin,North Dakota State,scientific_f3_m1,-6.6438827748005895,102,0,False,False,,,,,,,,,,,
margin,Tulsa,scientific_f3_m1,-6.948163069108366,103,0,False,False,,,,,,,,,,,
margin,Akron,scientific_f3_m1,-7.197122429885406,104,0,False,False,,,,,,,,,,,
margin,Utah State,scientific_f3_m1,-7.281775685710997,105,0,False,False,,,,,,,,,,,
margin,Oklahoma State,scientific_f3_m1,-7.437728289119683,106,0,False,False,,,,,,,,,,,
margin,Boston College,scientific_f3_m1,-7.880325473205641,107,0,False,False,,,,,,,,,,,
margin,Washington State,scientific_f3_m1,-8.102492916507833,108,0,False,False,,,,,,,,,,,
margin,Florida International,scientific_f3_m1,-8.181315541948134,109,0,False,False,,,,,,,,,,,
margin,California,scientific_f3_m1,-8.373848718391619,110,0,False,False,,,,,,,,,,,
margin,Oregon State,scientific_f3_m1,-8.669565604013481,111,0,False,False,,,,,,,,,,,
margin,Louisiana Tech,scientific_f3_m1,-8.86061078344749,112,0,False,False,,,,,,,,,,,
margin,Buffalo,scientific_f3_m1,-9.288679593678642,113,0,False,False,,,,,,,,,,,
margin,Ohio,scientific_f3_m1,-9.420657606384918,114,0,False,False,,,,,,,,,,,
margin,UTEP,scientific_f3_m1,-9.580991418735868,115,0,False,False,,,,,,,,,,,
margin,Middle Tennessee,scientific_f3_m1,-9.711260386077845,116,0,False,False,,,,,,,,,,,
margin,UAB,scientific_f3_m1,-9.77789166571671,117,0,False,False,,,,,,,,,,,
margin,Texas State,scientific_f3_m1,-9.821487418588196,118,0,False,False,,,,,,,,,,,
margin,Sacramento State,scientific_f3_m1,-10.133039771287521,119,0,False,False,,,,,,,,,,,
margin,Nevada,scientific_f3_m1,-11.053613392034212,120,0,False,False,,,,,,,,,,,
margin,Massachusetts,scientific_f3_m1,-11.073477606363006,121,0,False,False,,,,,,,,,,,
margin,Rice,scientific_f3_m1,-12.48317448566427,122,0,False,False,,,,,,,,,,,
margin,Florida Atlantic,scientific_f3_m1,-13.717680353930804,123,0,False,False,,,,,,,,,,,
margin,Eastern Michigan,scientific_f3_m1,-13.949847138206069,124,0,False,False,,,,,,,,,,,
margin,UNLV,scientific_f3_m1,-13.972683813803437,125,0,False,False,,,,,,,,,,,
margin,Ball State,scientific_f3_m1,-14.408342934425209,126,0,False,False,,,,,,,,,,,
margin,Charlotte,scientific_f3_m1,-14.67285296861233,127,0,False,False,,,,,,,,,,,
margin,Western Kentucky,scientific_f3_m1,-14.729406409203447,128,0,False,False,,,,,,,,,,,
margin,Kent State,scientific_f3_m1,-15.127341607531418,129,0,False,False,,,,,,,,,,,
margin,Wyoming,scientific_f3_m1,-15.577710704232926,130,0,False,False,,,,,,,,,,,
margin,Sam Houston,scientific_f3_m1,-15.663121496777235,131,0,False,False,,,,,,,,,,,
margin,Marshall,scientific_f3_m1,-15.861015169826624,132,0,False,False,,,,,,,,,,,
margin,Navy,scientific_f3_m1,-16.358669783981163,133,0,False,False,,,,,,,,,,,
margin,Bowling Green,scientific_f3_m1,-16.51683674053956,134,0,False,False,,,,,,,,,,,
margin,Missouri State,scientific_f3_m1,-17.67859847226152,135,0,False,False,,,,,,,,,,,
margin,Central Michigan,scientific_f3_m1,-18.140449961097225,136,0,False,False,,,,,,,,,,,
margin,Northern Illinois,scientific_f3_m1,-22.31708462446393,137,0,False,False,,,,,,,,,,,
margin,UL Monroe,scientific_f3_m1,-25.461832814878825,138,0,False,False,,,,,,,,,,,
margin,Georgia,scientific_f3_m2,35.491102240077396,1,25,True,True,,,,,,,,,,,
margin,Notre Dame,scientific_f3_m2,26.307446235637205,2,24,True,False,,,,,,,,,,,
margin,Miami,scientific_f3_m2,24.756813160996455,3,23,True,False,,,,,,,,,,,
margin,Alabama,scientific_f3_m2,23.880847124101944,4,22,True,False,,,,,,,,,,,
margin,Ohio State,scientific_f3_m2,22.024659221141885,5,21,True,False,,,,,,,,,,,
margin,Texas A&M,scientific_f3_m2,21.461921296353264,6,20,True,False,,,,,,,,,,,
margin,Tennessee,scientific_f3_m2,20.906431704401033,7,19,True,False,,,,,,,,,,,
margin,South Carolina,scientific_f3_m2,20.697095661179898,8,18,True,False,,,,,,,,,,,
margin,Ole Miss,scientific_f3_m2,20.559815881251613,9,17,True,False,,,,,,,,,,,
margin,LSU,scientific_f3_m2,20.460010749438933,10,16,True,False,,,,,,,,,,,
margin,Texas,scientific_f3_m2,20.071792166509713,11,15,True,False,,,,,,,,,,,
margin,Florida,scientific_f3_m2,19.972008555465433,12,14,True,False,,,,,,,,,,,
margin,Mississippi State,scientific_f3_m2,19.837397478815138,13,13,True,False,,,,,,,,,,,
margin,Utah,scientific_f3_m2,19.66647765042373,14,12,True,False,,,,,,,,,,,
margin,Indiana,scientific_f3_m2,19.3550443724348,15,11,True,False,,,,,,,,,,,
margin,Nebraska,scientific_f3_m2,18.35968778230586,16,10,True,False,,,,,,,,,,,
margin,SMU,scientific_f3_m2,17.386138561647492,17,9,True,False,,,,,,,,,,,
margin,BYU,scientific_f3_m2,17.114015826846,18,8,True,False,,,,,,,,,,,
margin,Missouri,scientific_f3_m2,17.017149096260507,19,7,True,False,,,,,,,,,,,
margin,Virginia,scientific_f3_m2,16.815975674807262,20,6,True,False,,,,,,,,,,,
margin,Kansas State,scientific_f3_m2,16.39666015187835,21,5,True,False,,,,,,,,,,,
margin,Oklahoma,scientific_f3_m2,16.38081938229401,22,4,True,False,,,,,,,,,,,
margin,Houston,scientific_f3_m2,15.898402784410425,23,3,True,False,,,,,,,,,,,
margin,Louisville,scientific_f3_m2,12.460626383997933,24,2,True,False,,,,,,,,,,,
margin,Penn State,scientific_f3_m2,12.157515953088033,25,1,True,False,,,,,,,,,,,
margin,James Madison,scientific_f3_m2,11.817723650618106,26,0,False,False,,,,,,,,,,,
margin,Pittsburgh,scientific_f3_m2,11.627284249910744,27,0,False,False,,,,,,,,,,,
margin,North Carolina,scientific_f3_m2,10.752872100857594,28,0,False,False,,,,,,,,,,,
margin,New Mexico,scientific_f3_m2,10.623524574415203,29,0,False,False,,,,,,,,,,,
margin,NC State,scientific_f3_m2,10.50737290800258,30,0,False,False,,,,,,,,,,,
margin,USC,scientific_f3_m2,10.353853569208962,31,0,False,False,,,,,,,,,,,
margin,Washington,scientific_f3_m2,10.272602799638815,32,0,False,False,,,,,,,,,,,
margin,Arizona State,scientific_f3_m2,10.256765699367548,33,0,False,False,,,,,,,,,,,
margin,Texas Tech,scientific_f3_m2,9.939388637983907,34,0,False,False,,,,,,,,,,,
margin,Maryland,scientific_f3_m2,9.196605936480935,35,0,False,False,,,,,,,,,,,
margin,Michigan State,scientific_f3_m2,9.185221509946931,36,0,False,False,,,,,,,,,,,
margin,Kansas,scientific_f3_m2,8.795269832526753,37,0,False,False,,,,,,,,,,,
margin,Northwestern,scientific_f3_m2,8.503449681361964,38,0,False,False,,,,,,,,,,,
margin,Iowa,scientific_f3_m2,8.357307254344384,39,0,False,False,,,,,,,,,,,
margin,Vanderbilt,scientific_f3_m2,8.289115519066005,40,0,False,False,,,,,,,,,,,
margin,Michigan,scientific_f3_m2,7.504413199809736,41,0,False,False,,,,,,,,,,,
margin,UCLA,scientific_f3_m2,6.894178483369419,42,0,False,False,,,,,,,,,,,
margin,Arizona,scientific_f3_m2,6.882444940285996,43,0,False,False,,,,,,,,,,,
margin,Cincinnati,scientific_f3_m2,6.793267370021905,44,0,False,False,,,,,,,,,,,
margin,West Virginia,scientific_f3_m2,6.713751717324406,45,0,False,False,,,,,,,,,,,
margin,Auburn,scientific_f3_m2,6.565965994682941,46,0,False,False,,,,,,,,,,,
margin,Florida State,scientific_f3_m2,6.54722030040282,47,0,False,False,,,,,,,,,,,
margin,Illinois,scientific_f3_m2,6.496204620187541,48,0,False,False,,,,,,,,,,,
margin,Oregon,scientific_f3_m2,6.426741000537554,49,0,False,False,,,,,,,,,,,
margin,UTSA,scientific_f3_m2,6.397347962817729,50,0,False,False,,,,,,,,,,,
margin,TCU,scientific_f3_m2,5.927530944127827,51,0,False,False,,,,,,,,,,,
margin,Virginia Tech,scientific_f3_m2,4.778017311174313,52,0,False,False,,,,,,,,,,,
margin,Baylor,scientific_f3_m2,4.6296584042004305,53,0,False,False,,,,,,,,,,,
margin,Duke,scientific_f3_m2,4.579326881224361,54,0,False,False,,,,,,,,,,,
margin,Wake Forest,scientific_f3_m2,4.533622277162358,55,0,False,False,,,,,,,,,,,
margin,Colorado State,scientific_f3_m2,4.15352123314409,56,0,False,False,,,,,,,,,,,
margin,Purdue,scientific_f3_m2,3.5874040672782197,57,0,False,False,,,,,,,,,,,
margin,Georgia State,scientific_f3_m2,3.5248130779593314,58,0,False,False,,,,,,,,,,,
margin,Minnesota,scientific_f3_m2,3.4979213815509276,59,0,False,False,,,,,,,,,,,
margin,Syracuse,scientific_f3_m2,3.404876300132152,60,0,False,False,,,,,,,,,,,
margin,UCF,scientific_f3_m2,3.0683603809770403,61,0,False,False,,,,,,,,,,,
margin,Iowa State,scientific_f3_m2,2.127854207621141,62,0,False,False,,,,,,,,,,,
margin,Kentucky,scientific_f3_m2,2.0189954664320364,63,0,False,False,,,,,,,,,,,
margin,Colorado,scientific_f3_m2,0.6003009788304592,64,0,False,False,,,,,,,,,,,
margin,Boise State,scientific_f3_m2,-0.14025755934203232,65,0,False,False,,,,,,,,,,,
margin,Air Force,scientific_f3_m2,-0.22394897139287906,66,0,False,False,,,,,,,,,,,
margin,App State,scientific_f3_m2,-0.5878755943791756,67,0,False,False,,,,,,,,,,,
margin,South Florida,scientific_f3_m2,-1.0785526737973594,68,0,False,False,,,,,,,,,,,
margin,Army,scientific_f3_m2,-1.153806527040917,69,0,False,False,,,,,,,,,,,
margin,Georgia Southern,scientific_f3_m2,-1.7040872197797015,70,0,False,False,,,,,,,,,,,
margin,Stanford,scientific_f3_m2,-1.8016648461706914,71,0,False,False,,,,,,,,,,,
margin,Tulane,scientific_f3_m2,-2.037507316296974,72,0,False,False,,,,,,,,,,,
margin,Memphis,scientific_f3_m2,-2.0810037358617546,73,0,False,False,,,,,,,,,,,
margin,Wisconsin,scientific_f3_m2,-2.0937213800778824,74,0,False,False,,,,,,,,,,,
margin,New Mexico State,scientific_f3_m2,-2.2575729823953807,75,0,False,False,,,,,,,,,,,
margin,Kennesaw State,scientific_f3_m2,-2.8741685349931583,76,0,False,False,,,,,,,,,,,
margin,Toledo,scientific_f3_m2,-3.7514683743841797,77,0,False,False,,,,,,,,,,,
margin,Miami (OH),scientific_f3_m2,-4.141150823398108,78,0,False,False,,,,,,,,,,,
margin,Arkansas,scientific_f3_m2,-4.218212773918214,79,0,False,False,,,,,,,,,,,
margin,Georgia Tech,scientific_f3_m2,-4.521236442067977,80,0,False,False,,,,,,,,,,,
margin,UConn,scientific_f3_m2,-4.83891308384334,81,0,False,False,,,,,,,,,,,
margin,South Alabama,scientific_f3_m2,-5.015813035628155,82,0,False,False,,,,,,,,,,,
margin,North Texas,scientific_f3_m2,-5.209633555533364,83,0,False,False,,,,,,,,,,,
margin,Louisiana,scientific_f3_m2,-5.3115771275276895,84,0,False,False,,,,,,,,,,,
margin,Clemson,scientific_f3_m2,-5.4062472603264995,85,0,False,False,,,,,,,,,,,
margin,Temple,scientific_f3_m2,-5.414326410591436,86,0,False,False,,,,,,,,,,,
margin,Troy,scientific_f3_m2,-5.855340230516837,87,0,False,False,,,,,,,,,,,
margin,Jacksonville State,scientific_f3_m2,-5.879453623361528,88,0,False,False,,,,,,,,,,,
margin,Western Michigan,scientific_f3_m2,-6.3809312486454575,89,0,False,False,,,,,,,,,,,
margin,Coastal Carolina,scientific_f3_m2,-6.399921242828523,90,0,False,False,,,,,,,,,,,
margin,Southern Miss,scientific_f3_m2,-6.913188130465135,91,0,False,False,,,,,,,,,,,
margin,Delaware,scientific_f3_m2,-7.081248756452532,92,0,False,False,,,,,,,,,,,
margin,Arkansas State,scientific_f3_m2,-7.104333508497017,93,0,False,False,,,,,,,,,,,
margin,Navy,scientific_f3_m2,-7.268866650306727,94,0,False,False,,,,,,,,,,,
margin,Fresno State,scientific_f3_m2,-7.592313898748351,95,0,False,False,,,,,,,,,,,
margin,San Diego State,scientific_f3_m2,-7.869718792619808,96,0,False,False,,,,,,,,,,,
margin,Utah State,scientific_f3_m2,-8.254381218762237,97,0,False,False,,,,,,,,,,,
margin,North Dakota State,scientific_f3_m2,-8.276656030726322,98,0,False,False,,,,,,,,,,,
margin,Old Dominion,scientific_f3_m2,-9.110798675369871,99,0,False,False,,,,,,,,,,,
margin,Hawai'i,scientific_f3_m2,-9.232374766235116,100,0,False,False,,,,,,,,,,,
margin,Oregon State,scientific_f3_m2,-9.669154824200751,101,0,False,False,,,,,,,,,,,
margin,Louisiana Tech,scientific_f3_m2,-9.828348697595198,102,0,False,False,,,,,,,,,,,
margin,Oklahoma State,scientific_f3_m2,-9.940837408273504,103,0,False,False,,,,,,,,,,,
margin,Liberty,scientific_f3_m2,-10.066200768951973,104,0,False,False,,,,,,,,,,,
margin,Akron,scientific_f3_m2,-10.360158952610227,105,0,False,False,,,,,,,,,,,
margin,Rutgers,scientific_f3_m2,-10.445358074084984,106,0,False,False,,,,,,,,,,,
margin,Rice,scientific_f3_m2,-10.507021652046042,107,0,False,False,,,,,,,,,,,
margin,Boston College,scientific_f3_m2,-10.608851188140713,108,0,False,False,,,,,,,,,,,
margin,Florida International,scientific_f3_m2,-11.867369365426459,109,0,False,False,,,,,,,,,,,
margin,Ohio,scientific_f3_m2,-12.185492803163392,110,0,False,False,,,,,,,,,,,
margin,San José State,scientific_f3_m2,-12.468422514559018,111,0,False,False,,,,,,,,,,,
margin,Massachusetts,scientific_f3_m2,-12.945861367181326,112,0,False,False,,,,,,,,,,,
margin,East Carolina,scientific_f3_m2,-13.22897887788313,113,0,False,False,,,,,,,,,,,
margin,UTEP,scientific_f3_m2,-13.62815909063419,114,0,False,False,,,,,,,,,,,
margin,Texas State,scientific_f3_m2,-13.698004584717724,115,0,False,False,,,,,,,,,,,
margin,Nevada,scientific_f3_m2,-13.71144013889006,116,0,False,False,,,,,,,,,,,
margin,Washington State,scientific_f3_m2,-13.99130016179069,117,0,False,False,,,,,,,,,,,
margin,Tulsa,scientific_f3_m2,-14.033450063999762,118,0,False,False,,,,,,,,,,,
margin,California,scientific_f3_m2,-14.398422601382741,119,0,False,False,,,,,,,,,,,
margin,Middle Tennessee,scientific_f3_m2,-14.459081523559039,120,0,False,False,,,,,,,,,,,
margin,UAB,scientific_f3_m2,-14.844996718546017,121,0,False,False,,,,,,,,,,,
margin,Buffalo,scientific_f3_m2,-15.564990597473487,122,0,False,False,,,,,,,,,,,
margin,UNLV,scientific_f3_m2,-15.642754886281134,123,0,False,False,,,,,,,,,,,
margin,Sacramento State,scientific_f3_m2,-15.908844047412462,124,0,False,False,,,,,,,,,,,
margin,Sam Houston,scientific_f3_m2,-15.915470752686549,125,0,False,False,,,,,,,,,,,
margin,Florida Atlantic,scientific_f3_m2,-16.787282975788713,126,0,False,False,,,,,,,,,,,
margin,Charlotte,scientific_f3_m2,-18.756038153754474,127,0,False,False,,,,,,,,,,,
margin,Eastern Michigan,scientific_f3_m2,-18.942892388420223,128,0,False,False,,,,,,,,,,,
margin,Ball State,scientific_f3_m2,-19.81846228142355,129,0,False,False,,,,,,,,,,,
margin,Missouri State,scientific_f3_m2,-20.247540884106577,130,0,False,False,,,,,,,,,,,
margin,Wyoming,scientific_f3_m2,-20.444580776882084,131,0,False,False,,,,,,,,,,,
margin,Central Michigan,scientific_f3_m2,-21.495276765903228,132,0,False,False,,,,,,,,,,,
margin,Kent State,scientific_f3_m2,-21.5810139965934,133,0,False,False,,,,,,,,,,,
margin,Marshall,scientific_f3_m2,-22.134257538365645,134,0,False,False,,,,,,,,,,,
margin,Bowling Green,scientific_f3_m2,-22.43602762360479,135,0,False,False,,,,,,,,,,,
margin,Western Kentucky,scientific_f3_m2,-23.86368407596764,136,0,False,False,,,,,,,,,,,
margin,Northern Illinois,scientific_f3_m2,-24.76464955869757,137,0,False,False,,,,,,,,,,,
margin,UL Monroe,scientific_f3_m2,-33.96514666107254,138,0,False,False,,,,,,,,,,,
margin,Georgia,scientific_f3_m3,33.601849206349186,1,25,True,True,,,,,,,,,,,
margin,Miami,scientific_f3_m3,26.381376984126984,2,24,True,False,,,,,,,,,,,
margin,LSU,scientific_f3_m3,24.972784920634936,3,23,True,False,,,,,,,,,,,
margin,Alabama,scientific_f3_m3,24.294395363408533,4,22,True,False,,,,,,,,,,,
margin,Notre Dame,scientific_f3_m3,22.38307380952381,5,21,True,False,,,,,,,,,,,
margin,Kansas State,scientific_f3_m3,22.244711904761903,6,20,True,False,,,,,,,,,,,
margin,Indiana,scientific_f3_m3,22.130234126984128,7,19,True,False,,,,,,,,,,,
margin,Texas A&M,scientific_f3_m3,22.070978571428576,8,18,True,False,,,,,,,,,,,
margin,Ohio State,scientific_f3_m3,22.002897309330233,9,17,True,False,,,,,,,,,,,
margin,BYU,scientific_f3_m3,21.086259523809534,10,16,True,False,,,,,,,,,,,
margin,Florida,scientific_f3_m3,21.01289761904762,11,15,True,False,,,,,,,,,,,
margin,Utah,scientific_f3_m3,20.956038888888887,12,14,True,False,,,,,,,,,,,
margin,South Carolina,scientific_f3_m3,20.240911904761905,13,13,True,False,,,,,,,,,,,
margin,Houston,scientific_f3_m3,19.92494841269841,14,12,True,False,,,,,,,,,,,
margin,James Madison,scientific_f3_m3,19.875286435786435,15,11,True,False,,,,,,,,,,,
margin,Tennessee,scientific_f3_m3,19.855535978835977,16,10,True,False,,,,,,,,,,,
margin,Virginia,scientific_f3_m3,19.809632034632028,17,9,True,False,,,,,,,,,,,
margin,USC,scientific_f3_m3,18.422172943722945,18,8,True,False,,,,,,,,,,,
margin,Louisville,scientific_f3_m3,18.22751587301586,19,7,True,False,,,,,,,,,,,
margin,Texas,scientific_f3_m3,17.81276854256854,20,6,True,False,,,,,,,,,,,
margin,Mississippi State,scientific_f3_m3,17.5984018037518,21,5,True,False,,,,,,,,,,,
margin,Nebraska,scientific_f3_m3,17.522318253968244,22,4,True,False,,,,,,,,,,,
margin,SMU,scientific_f3_m3,16.863627128427133,23,3,True,False,,,,,,,,,,,
margin,Ole Miss,scientific_f3_m3,15.99696582792207,24,2,True,False,,,,,,,,,,,
margin,Missouri,scientific_f3_m3,15.818373665223666,25,1,True,False,,,,,,,,,,,
margin,Maryland,scientific_f3_m3,15.210242857142845,26,0,False,False,,,,,,,,,,,
margin,Oklahoma,scientific_f3_m3,14.27055371540135,27,0,False,False,,,,,,,,,,,
margin,Virginia Tech,scientific_f3_m3,14.119375036075036,28,0,False,False,,,,,,,,,,,
margin,Penn State,scientific_f3_m3,14.035526984126985,29,0,False,False,,,,,,,,,,,
margin,Arizona State,scientific_f3_m3,13.396025396825403,30,0,False,False,,,,,,,,,,,
margin,TCU,scientific_f3_m3,11.610383333333324,31,0,False,False,,,,,,,,,,,
margin,NC State,scientific_f3_m3,11.13434444444444,32,0,False,False,,,,,,,,,,,
margin,UCLA,scientific_f3_m3,11.00607222222222,33,0,False,False,,,,,,,,,,,
margin,New Mexico,scientific_f3_m3,10.79136031746031,34,0,False,False,,,,,,,,,,,
margin,Cincinnati,scientific_f3_m3,10.351808524808517,35,0,False,False,,,,,,,,,,,
margin,Syracuse,scientific_f3_m3,9.906792640692634,36,0,False,False,,,,,,,,,,,
margin,North Carolina,scientific_f3_m3,9.782220851370857,37,0,False,False,,,,,,,,,,,
margin,Pittsburgh,scientific_f3_m3,9.717130158730154,38,0,False,False,,,,,,,,,,,
margin,Texas Tech,scientific_f3_m3,9.505003174603175,39,0,False,False,,,,,,,,,,,
margin,West Virginia,scientific_f3_m3,9.310130891330891,40,0,False,False,,,,,,,,,,,
margin,Auburn,scientific_f3_m3,9.047472611678142,41,0,False,False,,,,,,,,,,,
margin,Iowa,scientific_f3_m3,8.983565873015875,42,0,False,False,,,,,,,,,,,
margin,Michigan,scientific_f3_m3,8.928552213868002,43,0,False,False,,,,,,,,,,,
margin,UCF,scientific_f3_m3,8.885187301587303,44,0,False,False,,,,,,,,,,,
margin,Washington,scientific_f3_m3,8.659427777777777,45,0,False,False,,,,,,,,,,,
margin,Georgia State,scientific_f3_m3,8.121284920634926,46,0,False,False,,,,,,,,,,,
margin,Kansas,scientific_f3_m3,7.700524603174603,47,0,False,False,,,,,,,,,,,
margin,Arizona,scientific_f3_m3,7.3449976190476125,48,0,False,False,,,,,,,,,,,
margin,Northwestern,scientific_f3_m3,7.195401481708564,49,0,False,False,,,,,,,,,,,
margin,UTSA,scientific_f3_m3,6.791338827838822,50,0,False,False,,,,,,,,,,,
margin,Colorado State,scientific_f3_m3,6.709576695526696,51,0,False,False,,,,,,,,,,,
margin,Toledo,scientific_f3_m3,6.241810461760458,52,0,False,False,,,,,,,,,,,
margin,Baylor,scientific_f3_m3,6.198464285714289,53,0,False,False,,,,,,,,,,,
margin,Air Force,scientific_f3_m3,6.168060989010991,54,0,False,False,,,,,,,,,,,
margin,App State,scientific_f3_m3,5.354183694083693,55,0,False,False,,,,,,,,,,,
margin,Vanderbilt,scientific_f3_m3,5.176600000000001,56,0,False,False,,,,,,,,,,,
margin,Minnesota,scientific_f3_m3,5.094997548304374,57,0,False,False,,,,,,,,,,,
margin,Boise State,scientific_f3_m3,4.8912015873015875,58,0,False,False,,,,,,,,,,,
margin,Iowa State,scientific_f3_m3,4.715536507936508,59,0,False,False,,,,,,,,,,,
margin,Oregon,scientific_f3_m3,4.629034458025636,60,0,False,False,,,,,,,,,,,
margin,Colorado,scientific_f3_m3,4.205099999999999,61,0,False,False,,,,,,,,,,,
margin,Kentucky,scientific_f3_m3,3.8717682539682547,62,0,False,False,,,,,,,,,,,
margin,Illinois,scientific_f3_m3,3.6248642857142843,63,0,False,False,,,,,,,,,,,
margin,Michigan State,scientific_f3_m3,3.299238888888886,64,0,False,False,,,,,,,,,,,
margin,Wake Forest,scientific_f3_m3,3.2568072150072185,65,0,False,False,,,,,,,,,,,
margin,Army,scientific_f3_m3,3.1529981240981213,66,0,False,False,,,,,,,,,,,
margin,Florida State,scientific_f3_m3,2.995548412698413,67,0,False,False,,,,,,,,,,,
margin,Massachusetts,scientific_f3_m3,2.543231746031743,68,0,False,False,,,,,,,,,,,
margin,Duke,scientific_f3_m3,1.9482714285714293,69,0,False,False,,,,,,,,,,,
margin,Navy,scientific_f3_m3,1.810651587301588,70,0,False,False,,,,,,,,,,,
margin,Arkansas State,scientific_f3_m3,1.0924960317460333,71,0,False,False,,,,,,,,,,,
margin,UConn,scientific_f3_m3,1.0729189033189037,72,0,False,False,,,,,,,,,,,
margin,Louisiana Tech,scientific_f3_m3,0.8969509443439821,73,0,False,False,,,,,,,,,,,
margin,Coastal Carolina,scientific_f3_m3,0.7856066666666656,74,0,False,False,,,,,,,,,,,
margin,Troy,scientific_f3_m3,0.6607741984652578,75,0,False,False,,,,,,,,,,,
margin,Jacksonville State,scientific_f3_m3,0.3396610837438432,76,0,False,False,,,,,,,,,,,
margin,South Alabama,scientific_f3_m3,0.286975396825397,77,0,False,False,,,,,,,,,,,
margin,Delaware,scientific_f3_m3,-0.3622404761904762,78,0,False,False,,,,,,,,,,,
margin,Kennesaw State,scientific_f3_m3,-0.4414166666666671,79,0,False,False,,,,,,,,,,,
margin,Purdue,scientific_f3_m3,-0.5466714285714286,80,0,False,False,,,,,,,,,,,
margin,North Dakota State,scientific_f3_m3,-0.7263836277692893,81,0,False,False,,,,,,,,,,,
margin,Akron,scientific_f3_m3,-0.7476595238095238,82,0,False,False,,,,,,,,,,,
margin,South Florida,scientific_f3_m3,-0.9486906204906198,83,0,False,False,,,,,,,,,,,
margin,Georgia Southern,scientific_f3_m3,-1.1639389880952382,84,0,False,False,,,,,,,,,,,
margin,Louisiana,scientific_f3_m3,-1.235262698412699,85,0,False,False,,,,,,,,,,,
margin,Old Dominion,scientific_f3_m3,-1.46674072039072,86,0,False,False,,,,,,,,,,,
margin,Tulane,scientific_f3_m3,-2.009924747474748,87,0,False,False,,,,,,,,,,,
margin,Western Michigan,scientific_f3_m3,-2.281986974789915,88,0,False,False,,,,,,,,,,,
margin,Middle Tennessee,scientific_f3_m3,-2.3210059754095083,89,0,False,False,,,,,,,,,,,
margin,Memphis,scientific_f3_m3,-2.5997166666666667,90,0,False,False,,,,,,,,,,,
margin,New Mexico State,scientific_f3_m3,-2.6633628430646668,91,0,False,False,,,,,,,,,,,
margin,Clemson,scientific_f3_m3,-2.9637904761904768,92,0,False,False,,,,,,,,,,,
margin,Wisconsin,scientific_f3_m3,-2.970895238095237,93,0,False,False,,,,,,,,,,,
margin,Nevada,scientific_f3_m3,-3.2961423461622092,94,0,False,False,,,,,,,,,,,
margin,Southern Miss,scientific_f3_m3,-3.5543513708513688,95,0,False,False,,,,,,,,,,,
margin,Arkansas,scientific_f3_m3,-3.6497611111111117,96,0,False,False,,,,,,,,,,,
margin,Miami (OH),scientific_f3_m3,-4.556222366522368,97,0,False,False,,,,,,,,,,,
margin,Fresno State,scientific_f3_m3,-5.428675396825397,98,0,False,False,,,,,,,,,,,
margin,Temple,scientific_f3_m3,-5.6791269841269845,99,0,False,False,,,,,,,,,,,
margin,North Texas,scientific_f3_m3,-5.791470634920637,100,0,False,False,,,,,,,,,,,
margin,Florida International,scientific_f3_m3,-5.8789702020202,101,0,False,False,,,,,,,,,,,
margin,Liberty,scientific_f3_m3,-5.971465873015875,102,0,False,False,,,,,,,,,,,
margin,Hawai'i,scientific_f3_m3,-6.346171428571429,103,0,False,False,,,,,,,,,,,
margin,Georgia Tech,scientific_f3_m3,-6.374942857142856,104,0,False,False,,,,,,,,,,,
margin,Tulsa,scientific_f3_m3,-7.4769761904761936,105,0,False,False,,,,,,,,,,,
margin,Sam Houston,scientific_f3_m3,-7.643966666666667,106,0,False,False,,,,,,,,,,,
margin,San Diego State,scientific_f3_m3,-7.660127777777775,107,0,False,False,,,,,,,,,,,
margin,Stanford,scientific_f3_m3,-8.129610317460317,108,0,False,False,,,,,,,,,,,
margin,San José State,scientific_f3_m3,-9.325210317460327,109,0,False,False,,,,,,,,,,,
margin,Rutgers,scientific_f3_m3,-9.385939682539687,110,0,False,False,,,,,,,,,,,
margin,Boston College,scientific_f3_m3,-9.527552380952386,111,0,False,False,,,,,,,,,,,
margin,Oklahoma State,scientific_f3_m3,-9.58002063492064,112,0,False,False,,,,,,,,,,,
margin,Ohio,scientific_f3_m3,-10.170573015873012,113,0,False,False,,,,,,,,,,,
margin,UTEP,scientific_f3_m3,-10.247033333333333,114,0,False,False,,,,,,,,,,,
margin,Utah State,scientific_f3_m3,-10.510693939393944,115,0,False,False,,,,,,,,,,,
margin,Washington State,scientific_f3_m3,-10.63565476190476,116,0,False,False,,,,,,,,,,,
margin,California,scientific_f3_m3,-10.726161111111118,117,0,False,False,,,,,,,,,,,
margin,Sacramento State,scientific_f3_m3,-11.158281746031737,118,0,False,False,,,,,,,,,,,
margin,Rice,scientific_f3_m3,-11.32011103896104,119,0,False,False,,,,,,,,,,,
margin,Oregon State,scientific_f3_m3,-11.524917604617608,120,0,False,False,,,,,,,,,,,
margin,UAB,scientific_f3_m3,-11.567914285714279,121,0,False,False,,,,,,,,,,,
margin,Buffalo,scientific_f3_m3,-11.89263304473304,122,0,False,False,,,,,,,,,,,
margin,Wyoming,scientific_f3_m3,-12.495708297258302,123,0,False,False,,,,,,,,,,,
margin,Missouri State,scientific_f3_m3,-12.586697619047623,124,0,False,False,,,,,,,,,,,
margin,Eastern Michigan,scientific_f3_m3,-12.721673809523812,125,0,False,False,,,,,,,,,,,
margin,Marshall,scientific_f3_m3,-13.326366666666669,126,0,False,False,,,,,,,,,,,
margin,UNLV,scientific_f3_m3,-13.394692063492064,127,0,False,False,,,,,,,,,,,
margin,Texas State,scientific_f3_m3,-13.751884126984134,128,0,False,False,,,,,,,,,,,
margin,East Carolina,scientific_f3_m3,-14.652146825396814,129,0,False,False,,,,,,,,,,,
margin,Central Michigan,scientific_f3_m3,-15.808582539682542,130,0,False,False,,,,,,,,,,,
margin,Florida Atlantic,scientific_f3_m3,-16.206456349206345,131,0,False,False,,,,,,,,,,,
margin,Western Kentucky,scientific_f3_m3,-17.297234920634924,132,0,False,False,,,,,,,,,,,
margin,Bowling Green,scientific_f3_m3,-17.34925555555555,133,0,False,False,,,,,,,,,,,
margin,Charlotte,scientific_f3_m3,-18.28315836940837,134,0,False,False,,,,,,,,,,,
margin,Northern Illinois,scientific_f3_m3,-18.52238968253969,135,0,False,False,,,,,,,,,,,
margin,Ball State,scientific_f3_m3,-18.576676190476192,136,0,False,False,,,,,,,,,,,
margin,Kent State,scientific_f3_m3,-18.67942380952381,137,0,False,False,,,,,,,,,,,
margin,UL Monroe,scientific_f3_m3,-18.73924155844155,138,0,False,False,,,,,,,,,,,
margin,Georgia,scientific_f3_m4,38.163958752254764,1,25,True,True,,,,,,,,,,,
margin,Alabama,scientific_f3_m4,28.611388345050674,2,24,True,False,,,,,,,,,,,
margin,Miami,scientific_f3_m4,28.495807464334852,3,23,True,False,,,,,,,,,,,
margin,Notre Dame,scientific_f3_m4,27.20991970779861,4,22,True,False,,,,,,,,,,,
margin,LSU,scientific_f3_m4,26.06679277404135,5,21,True,False,,,,,,,,,,,
margin,Texas A&M,scientific_f3_m4,24.580315358453912,6,20,True,False,,,,,,,,,,,
margin,Ohio State,scientific_f3_m4,24.26988859614961,7,19,True,False,,,,,,,,,,,
margin,Texas,scientific_f3_m4,22.7439134972883,8,18,True,False,,,,,,,,,,,
margin,Indiana,scientific_f3_m4,22.179299361102004,9,17,True,False,,,,,,,,,,,
margin,SMU,scientific_f3_m4,22.05073939946525,10,16,True,False,,,,,,,,,,,
margin,Utah,scientific_f3_m4,21.299676700147142,11,15,True,False,,,,,,,,,,,
margin,Houston,scientific_f3_m4,21.22350197610401,12,14,True,False,,,,,,,,,,,
margin,Ole Miss,scientific_f3_m4,21.054105065115277,13,13,True,False,,,,,,,,,,,
margin,BYU,scientific_f3_m4,20.876952223287176,14,12,True,False,,,,,,,,,,,
margin,Virginia,scientific_f3_m4,20.556828116320055,15,11,True,False,,,,,,,,,,,
margin,Florida,scientific_f3_m4,19.73934712532912,16,10,True,False,,,,,,,,,,,
margin,Kansas State,scientific_f3_m4,19.6028418787088,17,9,True,False,,,,,,,,,,,
margin,Tennessee,scientific_f3_m4,18.83430700960034,18,8,True,False,,,,,,,,,,,
margin,James Madison,scientific_f3_m4,18.301769108351685,19,7,True,False,,,,,,,,,,,
margin,Missouri,scientific_f3_m4,18.205299905703196,20,6,True,False,,,,,,,,,,,
margin,Louisville,scientific_f3_m4,17.94099952827853,21,5,True,False,,,,,,,,,,,
margin,South Carolina,scientific_f3_m4,17.44590479646348,22,4,True,False,,,,,,,,,,,
margin,USC,scientific_f3_m4,16.844944041007636,23,3,True,False,,,,,,,,,,,
margin,Mississippi State,scientific_f3_m4,15.858509672503349,24,2,True,False,,,,,,,,,,,
margin,Nebraska,scientific_f3_m4,15.832986893880847,25,1,True,False,,,,,,,,,,,
margin,Penn State,scientific_f3_m4,14.370610778988487,26,0,False,False,,,,,,,,,,,
margin,Pittsburgh,scientific_f3_m4,13.815246270772144,27,0,False,False,,,,,,,,,,,
margin,NC State,scientific_f3_m4,13.601517818402685,28,0,False,False,,,,,,,,,,,
margin,Oklahoma,scientific_f3_m4,13.51843503970924,29,0,False,False,,,,,,,,,,,
margin,West Virginia,scientific_f3_m4,13.094894496566193,30,0,False,False,,,,,,,,,,,
margin,Kansas,scientific_f3_m4,12.412582753629998,31,0,False,False,,,,,,,,,,,
margin,Maryland,scientific_f3_m4,11.839296727582331,32,0,False,False,,,,,,,,,,,
margin,Arizona State,scientific_f3_m4,11.199477079531166,33,0,False,False,,,,,,,,,,,
margin,Cincinnati,scientific_f3_m4,10.758551346804763,34,0,False,False,,,,,,,,,,,
margin,North Carolina,scientific_f3_m4,10.686975871879469,35,0,False,False,,,,,,,,,,,
margin,Boise State,scientific_f3_m4,10.464587935214729,36,0,False,False,,,,,,,,,,,
margin,Iowa,scientific_f3_m4,10.424183643160585,37,0,False,False,,,,,,,,,,,
margin,TCU,scientific_f3_m4,10.334023069569296,38,0,False,False,,,,,,,,,,,
margin,UCLA,scientific_f3_m4,9.766970301485822,39,0,False,False,,,,,,,,,,,
margin,Washington,scientific_f3_m4,9.568383462266869,40,0,False,False,,,,,,,,,,,
margin,Texas Tech,scientific_f3_m4,9.517047938367229,41,0,False,False,,,,,,,,,,,
margin,Florida State,scientific_f3_m4,9.354351409149276,42,0,False,False,,,,,,,,,,,
margin,UTSA,scientific_f3_m4,9.271183112193773,43,0,False,False,,,,,,,,,,,
margin,Michigan State,scientific_f3_m4,9.267066329374526,44,0,False,False,,,,,,,,,,,
margin,Michigan,scientific_f3_m4,8.221885612864144,45,0,False,False,,,,,,,,,,,
margin,Auburn,scientific_f3_m4,8.160470580978169,46,0,False,False,,,,,,,,,,,
margin,Virginia Tech,scientific_f3_m4,8.066725316220515,47,0,False,False,,,,,,,,,,,
margin,Duke,scientific_f3_m4,7.949514152182177,48,0,False,False,,,,,,,,,,,
margin,Oregon,scientific_f3_m4,7.614917592982411,49,0,False,False,,,,,,,,,,,
margin,Colorado,scientific_f3_m4,7.569456037238861,50,0,False,False,,,,,,,,,,,
margin,UCF,scientific_f3_m4,7.024607008020553,51,0,False,False,,,,,,,,,,,
margin,Kentucky,scientific_f3_m4,6.828374861059105,52,0,False,False,,,,,,,,,,,
margin,Iowa State,scientific_f3_m4,6.817527186298569,53,0,False,False,,,,,,,,,,,
margin,Northwestern,scientific_f3_m4,6.7026377323083866,54,0,False,False,,,,,,,,,,,
margin,Syracuse,scientific_f3_m4,6.549900328328523,55,0,False,False,,,,,,,,,,,
margin,Arizona,scientific_f3_m4,6.543531844849397,56,0,False,False,,,,,,,,,,,
margin,Minnesota,scientific_f3_m4,5.901248403062952,57,0,False,False,,,,,,,,,,,
margin,Baylor,scientific_f3_m4,5.599145397881877,58,0,False,False,,,,,,,,,,,
margin,New Mexico,scientific_f3_m4,5.529131200103785,59,0,False,False,,,,,,,,,,,
margin,Colorado State,scientific_f3_m4,5.343302517068992,60,0,False,False,,,,,,,,,,,
margin,Vanderbilt,scientific_f3_m4,4.72620076654615,61,0,False,False,,,,,,,,,,,
margin,Wake Forest,scientific_f3_m4,4.588575973730053,62,0,False,False,,,,,,,,,,,
margin,Illinois,scientific_f3_m4,4.148017937447296,63,0,False,False,,,,,,,,,,,
margin,Army,scientific_f3_m4,4.129308717042486,64,0,False,False,,,,,,,,,,,
margin,Purdue,scientific_f3_m4,3.675248445085922,65,0,False,False,,,,,,,,,,,
margin,Arkansas State,scientific_f3_m4,3.490585425343446,66,0,False,False,,,,,,,,,,,
margin,Georgia State,scientific_f3_m4,1.7448771282507873,67,0,False,False,,,,,,,,,,,
margin,South Alabama,scientific_f3_m4,1.2788381268608378,68,0,False,False,,,,,,,,,,,
margin,Toledo,scientific_f3_m4,1.1558558353187567,69,0,False,False,,,,,,,,,,,
margin,Clemson,scientific_f3_m4,0.9363675898038146,70,0,False,False,,,,,,,,,,,
margin,Georgia Southern,scientific_f3_m4,0.7758403589558183,71,0,False,False,,,,,,,,,,,
margin,Air Force,scientific_f3_m4,0.45486250523606053,72,0,False,False,,,,,,,,,,,
margin,Tulane,scientific_f3_m4,0.08571616209189026,73,0,False,False,,,,,,,,,,,
margin,Troy,scientific_f3_m4,-0.13983777732594507,74,0,False,False,,,,,,,,,,,
margin,Navy,scientific_f3_m4,-0.6646792434882308,75,0,False,False,,,,,,,,,,,
margin,App State,scientific_f3_m4,-0.7838458746877287,76,0,False,False,,,,,,,,,,,
margin,Jacksonville State,scientific_f3_m4,-1.0977706652467492,77,0,False,False,,,,,,,,,,,
margin,North Texas,scientific_f3_m4,-1.1341324321449937,78,0,False,False,,,,,,,,,,,
margin,UConn,scientific_f3_m4,-1.375128637675844,79,0,False,False,,,,,,,,,,,
margin,Delaware,scientific_f3_m4,-1.788928352880673,80,0,False,False,,,,,,,,,,,
margin,Wisconsin,scientific_f3_m4,-1.8256412432713405,81,0,False,False,,,,,,,,,,,
margin,Kennesaw State,scientific_f3_m4,-1.9574374256919167,82,0,False,False,,,,,,,,,,,
margin,Massachusetts,scientific_f3_m4,-2.088564659912779,83,0,False,False,,,,,,,,,,,
margin,Louisiana,scientific_f3_m4,-2.354769193534936,84,0,False,False,,,,,,,,,,,
margin,Stanford,scientific_f3_m4,-2.562838040109424,85,0,False,False,,,,,,,,,,,
margin,South Florida,scientific_f3_m4,-2.6191436800657084,86,0,False,False,,,,,,,,,,,
margin,Coastal Carolina,scientific_f3_m4,-2.7534512794985577,87,0,False,False,,,,,,,,,,,
margin,Old Dominion,scientific_f3_m4,-3.40723959336677,88,0,False,False,,,,,,,,,,,
margin,Memphis,scientific_f3_m4,-3.6531966847490294,89,0,False,False,,,,,,,,,,,
margin,Western Michigan,scientific_f3_m4,-4.143825008405901,90,0,False,False,,,,,,,,,,,
margin,Louisiana Tech,scientific_f3_m4,-4.183230388567423,91,0,False,False,,,,,,,,,,,
margin,San Diego State,scientific_f3_m4,-4.264787378935742,92,0,False,False,,,,,,,,,,,
margin,New Mexico State,scientific_f3_m4,-4.338663957520425,93,0,False,False,,,,,,,,,,,
margin,Fresno State,scientific_f3_m4,-4.388739909494109,94,0,False,False,,,,,,,,,,,
margin,Arkansas,scientific_f3_m4,-4.396124942411617,95,0,False,False,,,,,,,,,,,
margin,Southern Miss,scientific_f3_m4,-4.885260896913334,96,0,False,False,,,,,,,,,,,
margin,Oklahoma State,scientific_f3_m4,-5.243958169640214,97,0,False,False,,,,,,,,,,,
margin,Miami (OH),scientific_f3_m4,-5.3246773205153,98,0,False,False,,,,,,,,,,,
margin,Akron,scientific_f3_m4,-5.9881151043661855,99,0,False,False,,,,,,,,,,,
margin,North Dakota State,scientific_f3_m4,-6.148513784841028,100,0,False,False,,,,,,,,,,,
margin,Temple,scientific_f3_m4,-6.224647835465205,101,0,False,False,,,,,,,,,,,
margin,Florida International,scientific_f3_m4,-6.230853118870389,102,0,False,False,,,,,,,,,,,
margin,Oregon State,scientific_f3_m4,-6.445790438677461,103,0,False,False,,,,,,,,,,,
margin,Hawai'i,scientific_f3_m4,-6.56186194300671,104,0,False,False,,,,,,,,,,,
margin,Liberty,scientific_f3_m4,-6.7043162432762715,105,0,False,False,,,,,,,,,,,
margin,Tulsa,scientific_f3_m4,-6.73871418940661,106,0,False,False,,,,,,,,,,,
margin,Middle Tennessee,scientific_f3_m4,-6.805380670825133,107,0,False,False,,,,,,,,,,,
margin,Georgia Tech,scientific_f3_m4,-7.262857065556787,108,0,False,False,,,,,,,,,,,
margin,UTEP,scientific_f3_m4,-7.7179594914411,109,0,False,False,,,,,,,,,,,
margin,UAB,scientific_f3_m4,-9.319204851478583,110,0,False,False,,,,,,,,,,,
margin,San José State,scientific_f3_m4,-9.567054555337801,111,0,False,False,,,,,,,,,,,
margin,Nevada,scientific_f3_m4,-9.660232409786502,112,0,False,False,,,,,,,,,,,
margin,Boston College,scientific_f3_m4,-9.791794483991259,113,0,False,False,,,,,,,,,,,
margin,East Carolina,scientific_f3_m4,-10.531285810258371,114,0,False,False,,,,,,,,,,,
margin,Washington State,scientific_f3_m4,-11.419585218426102,115,0,False,False,,,,,,,,,,,
margin,California,scientific_f3_m4,-11.506169693046226,116,0,False,False,,,,,,,,,,,
margin,Texas State,scientific_f3_m4,-11.73899284807558,117,0,False,False,,,,,,,,,,,
margin,Rutgers,scientific_f3_m4,-12.05659655290655,118,0,False,False,,,,,,,,,,,
margin,Missouri State,scientific_f3_m4,-12.144348924915892,119,0,False,False,,,,,,,,,,,
margin,Buffalo,scientific_f3_m4,-12.192926042146786,120,0,False,False,,,,,,,,,,,
margin,Sacramento State,scientific_f3_m4,-12.220123649993827,121,0,False,False,,,,,,,,,,,
margin,Utah State,scientific_f3_m4,-12.671165212809182,122,0,False,False,,,,,,,,,,,
margin,Rice,scientific_f3_m4,-12.958572982165169,123,0,False,False,,,,,,,,,,,
margin,Ohio,scientific_f3_m4,-13.204172195988631,124,0,False,False,,,,,,,,,,,
margin,UNLV,scientific_f3_m4,-14.216326587615,125,0,False,False,,,,,,,,,,,
margin,Eastern Michigan,scientific_f3_m4,-14.814415364918366,126,0,False,False,,,,,,,,,,,
margin,Marshall,scientific_f3_m4,-15.914514699203066,127,0,False,False,,,,,,,,,,,
margin,Sam Houston,scientific_f3_m4,-16.325698702793296,128,0,False,False,,,,,,,,,,,
margin,Wyoming,scientific_f3_m4,-16.8892270477163,129,0,False,False,,,,,,,,,,,
margin,Central Michigan,scientific_f3_m4,-17.72348932354247,130,0,False,False,,,,,,,,,,,
margin,Ball State,scientific_f3_m4,-17.744258293067254,131,0,False,False,,,,,,,,,,,
margin,Bowling Green,scientific_f3_m4,-17.766068209999087,132,0,False,False,,,,,,,,,,,
margin,Northern Illinois,scientific_f3_m4,-18.005628395914588,133,0,False,False,,,,,,,,,,,
margin,Western Kentucky,scientific_f3_m4,-18.033595428996726,134,0,False,False,,,,,,,,,,,
margin,Florida Atlantic,scientific_f3_m4,-18.422015082119746,135,0,False,False,,,,,,,,,,,
margin,Charlotte,scientific_f3_m4,-19.815482899808025,136,0,False,False,,,,,,,,,,,
margin,Kent State,scientific_f3_m4,-21.174608829784233,137,0,False,False,,,,,,,,,,,
margin,UL Monroe,scientific_f3_m4,-26.417887010699353,138,0,False,False,,,,,,,,,,,
margin,Georgia,scientific_f3_m5,45.952640533447266,1,25,True,True,,,,,,,,,,,
margin,Notre Dame,scientific_f3_m5,34.446800231933594,2,24,True,False,,,,,,,,,,,
margin,South Carolina,scientific_f3_m5,33.37352752685547,3,23,True,False,,,,,,,,,,,
margin,Indiana,scientific_f3_m5,30.831897735595703,4,22,True,False,,,,,,,,,,,
margin,Ole Miss,scientific_f3_m5,29.763229370117188,5,21,True,False,,,,,,,,,,,
margin,Minnesota,scientific_f3_m5,24.450366973876953,6,20,True,False,,,,,,,,,,,
margin,Kansas State,scientific_f3_m5,24.05490493774414,7,19,True,False,,,,,,,,,,,
margin,Penn State,scientific_f3_m5,24.025897979736328,8,18,True,False,,,,,,,,,,,
margin,Syracuse,scientific_f3_m5,22.382404327392578,9,17,True,False,,,,,,,,,,,
margin,Arizona State,scientific_f3_m5,21.96971893310547,10,16,True,False,,,,,,,,,,,
margin,Texas,scientific_f3_m5,21.78640365600586,11,15,True,False,,,,,,,,,,,
margin,Colorado State,scientific_f3_m5,20.077960968017578,12,14,True,False,,,,,,,,,,,
margin,SMU,scientific_f3_m5,19.6115665435791,13,13,True,False,,,,,,,,,,,
margin,James Madison,scientific_f3_m5,19.452302932739258,14,12,True,False,,,,,,,,,,,
margin,Illinois,scientific_f3_m5,19.367656707763672,15,11,True,False,,,,,,,,,,,
margin,Vanderbilt,scientific_f3_m5,19.337234497070312,16,10,True,False,,,,,,,,,,,
margin,North Carolina,scientific_f3_m5,19.25803565979004,17,9,True,False,,,,,,,,,,,
margin,NC State,scientific_f3_m5,18.999950408935547,18,8,True,False,,,,,,,,,,,
margin,Maryland,scientific_f3_m5,17.471332550048828,19,7,True,False,,,,,,,,,,,
margin,Miami,scientific_f3_m5,17.32430648803711,20,6,True,False,,,,,,,,,,,
margin,Tennessee,scientific_f3_m5,16.389890670776367,21,5,True,False,,,,,,,,,,,
margin,Auburn,scientific_f3_m5,16.164775848388672,22,4,True,False,,,,,,,,,,,
margin,LSU,scientific_f3_m5,15.707135200500488,23,3,True,False,,,,,,,,,,,
margin,Alabama,scientific_f3_m5,15.395430564880371,24,2,True,False,,,,,,,,,,,
margin,Ohio State,scientific_f3_m5,13.69062614440918,25,1,True,False,,,,,,,,,,,
margin,USC,scientific_f3_m5,13.40444564819336,26,0,False,False,,,,,,,,,,,
margin,Kentucky,scientific_f3_m5,12.719813346862793,27,0,False,False,,,,,,,,,,,
margin,Arizona,scientific_f3_m5,11.156078338623047,28,0,False,False,,,,,,,,,,,
margin,Army,scientific_f3_m5,10.718512535095215,29,0,False,False,,,,,,,,,,,
margin,Iowa,scientific_f3_m5,10.194915771484375,30,0,False,False,,,,,,,,,,,
margin,Texas A&M,scientific_f3_m5,10.182249069213867,31,0,False,False,,,,,,,,,,,
margin,Colorado,scientific_f3_m5,9.716606140136719,32,0,False,False,,,,,,,,,,,
margin,Pittsburgh,scientific_f3_m5,9.707332611083984,33,0,False,False,,,,,,,,,,,
margin,Kennesaw State,scientific_f3_m5,9.096548080444336,34,0,False,False,,,,,,,,,,,
margin,Georgia Tech,scientific_f3_m5,8.765167236328125,35,0,False,False,,,,,,,,,,,
margin,New Mexico State,scientific_f3_m5,8.680798530578613,36,0,False,False,,,,,,,,,,,
margin,Florida,scientific_f3_m5,8.245999336242676,37,0,False,False,,,,,,,,,,,
margin,Washington,scientific_f3_m5,7.506862640380859,38,0,False,False,,,,,,,,,,,
margin,South Alabama,scientific_f3_m5,7.480477809906006,39,0,False,False,,,,,,,,,,,
margin,Missouri,scientific_f3_m5,7.374850749969482,40,0,False,False,,,,,,,,,,,
margin,West Virginia,scientific_f3_m5,6.991209506988525,41,0,False,False,,,,,,,,,,,
margin,Hawai'i,scientific_f3_m5,6.981341361999512,42,0,False,False,,,,,,,,,,,
margin,Houston,scientific_f3_m5,6.600101947784424,43,0,False,False,,,,,,,,,,,
margin,Georgia State,scientific_f3_m5,6.429249286651611,44,0,False,False,,,,,,,,,,,
margin,BYU,scientific_f3_m5,6.15238618850708,45,0,False,False,,,,,,,,,,,
margin,Wisconsin,scientific_f3_m5,6.112634181976318,46,0,False,False,,,,,,,,,,,
margin,Jacksonville State,scientific_f3_m5,5.886571884155273,47,0,False,False,,,,,,,,,,,
margin,Utah,scientific_f3_m5,5.61814022064209,48,0,False,False,,,,,,,,,,,
margin,UCLA,scientific_f3_m5,4.88253116607666,49,0,False,False,,,,,,,,,,,
margin,Louisiana,scientific_f3_m5,4.638129234313965,50,0,False,False,,,,,,,,,,,
margin,Florida State,scientific_f3_m5,4.572568416595459,51,0,False,False,,,,,,,,,,,
margin,Navy,scientific_f3_m5,4.019546985626221,52,0,False,False,,,,,,,,,,,
margin,Toledo,scientific_f3_m5,3.716310739517212,53,0,False,False,,,,,,,,,,,
margin,App State,scientific_f3_m5,3.196856737136841,54,0,False,False,,,,,,,,,,,
margin,Stanford,scientific_f3_m5,3.0560495853424072,55,0,False,False,,,,,,,,,,,
margin,Michigan,scientific_f3_m5,3.01401686668396,56,0,False,False,,,,,,,,,,,
margin,Liberty,scientific_f3_m5,2.9627249240875244,57,0,False,False,,,,,,,,,,,
margin,Kansas,scientific_f3_m5,2.548454523086548,58,0,False,False,,,,,,,,,,,
margin,Missouri State,scientific_f3_m5,1.972097396850586,59,0,False,False,,,,,,,,,,,
margin,Baylor,scientific_f3_m5,1.8467109203338623,60,0,False,False,,,,,,,,,,,
margin,UTEP,scientific_f3_m5,1.8312880992889404,61,0,False,False,,,,,,,,,,,
margin,Wake Forest,scientific_f3_m5,1.7264702320098877,62,0,False,False,,,,,,,,,,,
margin,UCF,scientific_f3_m5,0.8848998546600342,63,0,False,False,,,,,,,,,,,
margin,Boise State,scientific_f3_m5,0.04307485371828079,64,0,False,False,,,,,,,,,,,
margin,Florida International,scientific_f3_m5,-0.2983417510986328,65,0,False,False,,,,,,,,,,,
margin,Louisville,scientific_f3_m5,-0.30072522163391113,66,0,False,False,,,,,,,,,,,
margin,Old Dominion,scientific_f3_m5,-0.6633031368255615,67,0,False,False,,,,,,,,,,,
margin,Tulane,scientific_f3_m5,-0.7364141941070557,68,0,False,False,,,,,,,,,,,
margin,Mississippi State,scientific_f3_m5,-0.8241629600524902,69,0,False,False,,,,,,,,,,,
margin,Nebraska,scientific_f3_m5,-1.1034424304962158,70,0,False,False,,,,,,,,,,,
margin,Air Force,scientific_f3_m5,-1.2179205417633057,71,0,False,False,,,,,,,,,,,
margin,Virginia,scientific_f3_m5,-2.205209255218506,72,0,False,False,,,,,,,,,,,
margin,South Florida,scientific_f3_m5,-2.287076473236084,73,0,False,False,,,,,,,,,,,
margin,Georgia Southern,scientific_f3_m5,-2.4201202392578125,74,0,False,False,,,,,,,,,,,
margin,Purdue,scientific_f3_m5,-2.4475295543670654,75,0,False,False,,,,,,,,,,,
margin,Clemson,scientific_f3_m5,-2.4727678298950195,76,0,False,False,,,,,,,,,,,
margin,Duke,scientific_f3_m5,-2.554305076599121,77,0,False,False,,,,,,,,,,,
margin,UConn,scientific_f3_m5,-2.830212354660034,78,0,False,False,,,,,,,,,,,
margin,Troy,scientific_f3_m5,-3.429331064224243,79,0,False,False,,,,,,,,,,,
margin,Arkansas,scientific_f3_m5,-3.6499035358428955,80,0,False,False,,,,,,,,,,,
margin,Oklahoma,scientific_f3_m5,-3.8628876209259033,81,0,False,False,,,,,,,,,,,
margin,UTSA,scientific_f3_m5,-4.480049133300781,82,0,False,False,,,,,,,,,,,
margin,Northwestern,scientific_f3_m5,-4.572607040405273,83,0,False,False,,,,,,,,,,,
margin,Fresno State,scientific_f3_m5,-5.187096118927002,84,0,False,False,,,,,,,,,,,
margin,Ohio,scientific_f3_m5,-5.245861530303955,85,0,False,False,,,,,,,,,,,
margin,TCU,scientific_f3_m5,-5.298096656799316,86,0,False,False,,,,,,,,,,,
margin,Cincinnati,scientific_f3_m5,-5.411678791046143,87,0,False,False,,,,,,,,,,,
margin,Texas Tech,scientific_f3_m5,-5.662980079650879,88,0,False,False,,,,,,,,,,,
margin,Coastal Carolina,scientific_f3_m5,-5.677757740020752,89,0,False,False,,,,,,,,,,,
margin,North Dakota State,scientific_f3_m5,-6.140210151672363,90,0,False,False,,,,,,,,,,,
margin,Akron,scientific_f3_m5,-6.201379776000977,91,0,False,False,,,,,,,,,,,
margin,Buffalo,scientific_f3_m5,-6.24472713470459,92,0,False,False,,,,,,,,,,,
margin,Iowa State,scientific_f3_m5,-6.844429969787598,93,0,False,False,,,,,,,,,,,
margin,Michigan State,scientific_f3_m5,-6.951632499694824,94,0,False,False,,,,,,,,,,,
margin,Tulsa,scientific_f3_m5,-7.234480381011963,95,0,False,False,,,,,,,,,,,
margin,San José State,scientific_f3_m5,-7.380903244018555,96,0,False,False,,,,,,,,,,,
margin,Louisiana Tech,scientific_f3_m5,-7.487514495849609,97,0,False,False,,,,,,,,,,,
margin,Boston College,scientific_f3_m5,-7.866829872131348,98,0,False,False,,,,,,,,,,,
margin,Miami (OH),scientific_f3_m5,-8.021196365356445,99,0,False,False,,,,,,,,,,,
margin,Temple,scientific_f3_m5,-8.062829971313477,100,0,False,False,,,,,,,,,,,
margin,Oklahoma State,scientific_f3_m5,-8.08254623413086,101,0,False,False,,,,,,,,,,,
margin,Sacramento State,scientific_f3_m5,-8.91790771484375,102,0,False,False,,,,,,,,,,,
margin,Virginia Tech,scientific_f3_m5,-9.262361526489258,103,0,False,False,,,,,,,,,,,
margin,Central Michigan,scientific_f3_m5,-9.267826080322266,104,0,False,False,,,,,,,,,,,
margin,New Mexico,scientific_f3_m5,-9.54465103149414,105,0,False,False,,,,,,,,,,,
margin,UNLV,scientific_f3_m5,-9.889094352722168,106,0,False,False,,,,,,,,,,,
margin,East Carolina,scientific_f3_m5,-11.492835998535156,107,0,False,False,,,,,,,,,,,
margin,Rice,scientific_f3_m5,-11.727039337158203,108,0,False,False,,,,,,,,,,,
margin,Oregon,scientific_f3_m5,-12.387458801269531,109,0,False,False,,,,,,,,,,,
margin,Ball State,scientific_f3_m5,-12.685182571411133,110,0,False,False,,,,,,,,,,,
margin,San Diego State,scientific_f3_m5,-13.086320877075195,111,0,False,False,,,,,,,,,,,
margin,UL Monroe,scientific_f3_m5,-14.01241397857666,112,0,False,False,,,,,,,,,,,
margin,Eastern Michigan,scientific_f3_m5,-14.149015426635742,113,0,False,False,,,,,,,,,,,
margin,California,scientific_f3_m5,-14.175939559936523,114,0,False,False,,,,,,,,,,,
margin,Massachusetts,scientific_f3_m5,-14.531795501708984,115,0,False,False,,,,,,,,,,,
margin,Sam Houston,scientific_f3_m5,-14.538076400756836,116,0,False,False,,,,,,,,,,,
margin,Western Michigan,scientific_f3_m5,-14.746634483337402,117,0,False,False,,,,,,,,,,,
margin,Washington State,scientific_f3_m5,-15.222434997558594,118,0,False,False,,,,,,,,,,,
margin,Northern Illinois,scientific_f3_m5,-15.929792404174805,119,0,False,False,,,,,,,,,,,
margin,Florida Atlantic,scientific_f3_m5,-17.803281784057617,120,0,False,False,,,,,,,,,,,
margin,Utah State,scientific_f3_m5,-18.130443572998047,121,0,False,False,,,,,,,,,,,
margin,North Texas,scientific_f3_m5,-18.428434371948242,122,0,False,False,,,,,,,,,,,
margin,Wyoming,scientific_f3_m5,-18.745153427124023,123,0,False,False,,,,,,,,,,,
margin,Delaware,scientific_f3_m5,-19.089054107666016,124,0,False,False,,,,,,,,,,,
margin,Charlotte,scientific_f3_m5,-19.73937225341797,125,0,False,False,,,,,,,,,,,
margin,Kent State,scientific_f3_m5,-20.12735366821289,126,0,False,False,,,,,,,,,,,
margin,Memphis,scientific_f3_m5,-20.491987228393555,127,0,False,False,,,,,,,,,,,
margin,Texas State,scientific_f3_m5,-21.352720260620117,128,0,False,False,,,,,,,,,,,
margin,Arkansas State,scientific_f3_m5,-21.36046600341797,129,0,False,False,,,,,,,,,,,
margin,Rutgers,scientific_f3_m5,-21.730182647705078,130,0,False,False,,,,,,,,,,,
margin,Bowling Green,scientific_f3_m5,-21.88050079345703,131,0,False,False,,,,,,,,,,,
margin,Oregon State,scientific_f3_m5,-22.655284881591797,132,0,False,False,,,,,,,,,,,
margin,Middle Tennessee,scientific_f3_m5,-23.140504837036133,133,0,False,False,,,,,,,,,,,
margin,Southern Miss,scientific_f3_m5,-23.661823272705078,134,0,False,False,,,,,,,,,,,
margin,Marshall,scientific_f3_m5,-25.157014846801758,135,0,False,False,,,,,,,,,,,
margin,Nevada,scientific_f3_m5,-26.870189666748047,136,0,False,False,,,,,,,,,,,
margin,UAB,scientific_f3_m5,-36.3586540222168,137,0,False,False,,,,,,,,,,,
margin,Western Kentucky,scientific_f3_m5,-36.66610336303711,138,0,False,False,,,,,,,,,,,
margin,LSU,scientific_f3_m10,35.29268960937992,1,25,True,True,,,,,,,,,,,
margin,Kansas State,scientific_f3_m10,27.00997677172262,2,24,True,False,,,,,,,,,,,
margin,Virginia Tech,scientific_f3_m10,24.964953232537137,3,23,True,False,,,,,,,,,,,
margin,SMU,scientific_f3_m10,24.519985559696163,4,22,True,False,,,,,,,,,,,
margin,Alabama,scientific_f3_m10,24.261831892150898,5,21,True,False,,,,,,,,,,,
margin,Georgia State,scientific_f3_m10,24.23188001960967,6,20,True,False,,,,,,,,,,,
margin,Utah,scientific_f3_m10,23.097776176730658,7,19,True,False,,,,,,,,,,,
margin,Houston,scientific_f3_m10,22.266996698951385,8,18,True,False,,,,,,,,,,,
margin,Ohio State,scientific_f3_m10,21.56376950938885,9,17,True,False,,,,,,,,,,,
margin,Miami,scientific_f3_m10,21.000064071045795,10,16,True,False,,,,,,,,,,,
margin,Texas A&M,scientific_f3_m10,20.734282168597463,11,15,True,False,,,,,,,,,,,
margin,South Carolina,scientific_f3_m10,19.515273367573656,12,14,True,False,,,,,,,,,,,
margin,NC State,scientific_f3_m10,19.303732471216748,13,13,True,False,,,,,,,,,,,
margin,Georgia,scientific_f3_m10,19.15699387158321,14,12,True,False,,,,,,,,,,,
margin,Indiana,scientific_f3_m10,18.614961679616187,15,11,True,False,,,,,,,,,,,
margin,Virginia,scientific_f3_m10,18.599966069127408,16,10,True,False,,,,,,,,,,,
margin,Syracuse,scientific_f3_m10,18.469878382299157,17,9,True,False,,,,,,,,,,,
margin,Colorado State,scientific_f3_m10,18.26229641311867,18,8,True,False,,,,,,,,,,,
margin,BYU,scientific_f3_m10,18.202606924727554,19,7,True,False,,,,,,,,,,,
margin,Maryland,scientific_f3_m10,17.858425823738976,20,6,True,False,,,,,,,,,,,
margin,Florida,scientific_f3_m10,17.477077180978142,21,5,True,False,,,,,,,,,,,
margin,New Mexico,scientific_f3_m10,17.030059320936157,22,4,True,False,,,,,,,,,,,
margin,Ole Miss,scientific_f3_m10,16.934378883135484,23,3,True,False,,,,,,,,,,,
margin,Cincinnati,scientific_f3_m10,16.83102523924028,24,2,True,False,,,,,,,,,,,
margin,Penn State,scientific_f3_m10,16.197090998039524,25,1,True,False,,,,,,,,,,,
margin,TCU,scientific_f3_m10,15.949458344744674,26,0,False,False,,,,,,,,,,,
margin,Oklahoma,scientific_f3_m10,15.945876141218465,27,0,False,False,,,,,,,,,,,
margin,James Madison,scientific_f3_m10,15.265044359976116,28,0,False,False,,,,,,,,,,,
margin,Mississippi State,scientific_f3_m10,15.152830998436079,29,0,False,False,,,,,,,,,,,
margin,USC,scientific_f3_m10,14.936108331604878,30,0,False,False,,,,,,,,,,,
margin,Texas,scientific_f3_m10,14.65026985559876,31,0,False,False,,,,,,,,,,,
margin,Duke,scientific_f3_m10,14.609063531976595,32,0,False,False,,,,,,,,,,,
margin,Nebraska,scientific_f3_m10,14.581334670329777,33,0,False,False,,,,,,,,,,,
margin,Auburn,scientific_f3_m10,14.256151174371288,34,0,False,False,,,,,,,,,,,
margin,Tennessee,scientific_f3_m10,14.199410130337222,35,0,False,False,,,,,,,,,,,
margin,Notre Dame,scientific_f3_m10,14.07328811112339,36,0,False,False,,,,,,,,,,,
margin,App State,scientific_f3_m10,13.259461213075705,37,0,False,False,,,,,,,,,,,
margin,UCLA,scientific_f3_m10,11.538411623336486,38,0,False,False,,,,,,,,,,,
margin,Louisville,scientific_f3_m10,11.413102206439154,39,0,False,False,,,,,,,,,,,
margin,Missouri,scientific_f3_m10,11.005070810251013,40,0,False,False,,,,,,,,,,,
margin,Massachusetts,scientific_f3_m10,10.366764750656088,41,0,False,False,,,,,,,,,,,
margin,Baylor,scientific_f3_m10,9.793433863292012,42,0,False,False,,,,,,,,,,,
margin,Kansas,scientific_f3_m10,9.750556726105117,43,0,False,False,,,,,,,,,,,
margin,West Virginia,scientific_f3_m10,9.528919930002294,44,0,False,False,,,,,,,,,,,
margin,Northwestern,scientific_f3_m10,9.256142614982974,45,0,False,False,,,,,,,,,,,
margin,Arizona State,scientific_f3_m10,9.195000696209988,46,0,False,False,,,,,,,,,,,
margin,Wake Forest,scientific_f3_m10,9.004063724547525,47,0,False,False,,,,,,,,,,,
margin,Pittsburgh,scientific_f3_m10,8.933651283179259,48,0,False,False,,,,,,,,,,,
margin,UCF,scientific_f3_m10,8.797995628438148,49,0,False,False,,,,,,,,,,,
margin,Minnesota,scientific_f3_m10,8.46242777776429,50,0,False,False,,,,,,,,,,,
margin,Wisconsin,scientific_f3_m10,7.53113006168059,51,0,False,False,,,,,,,,,,,
margin,Illinois,scientific_f3_m10,6.514960693725813,52,0,False,False,,,,,,,,,,,
margin,Middle Tennessee,scientific_f3_m10,6.471631834602615,53,0,False,False,,,,,,,,,,,
margin,UTSA,scientific_f3_m10,6.238007733793479,54,0,False,False,,,,,,,,,,,
margin,Kennesaw State,scientific_f3_m10,5.904539186753443,55,0,False,False,,,,,,,,,,,
margin,Kentucky,scientific_f3_m10,5.738889528106679,56,0,False,False,,,,,,,,,,,
margin,Jacksonville State,scientific_f3_m10,5.630529147180354,57,0,False,False,,,,,,,,,,,
margin,Akron,scientific_f3_m10,5.503885560675533,58,0,False,False,,,,,,,,,,,
margin,Colorado,scientific_f3_m10,5.233947953376193,59,0,False,False,,,,,,,,,,,
margin,South Florida,scientific_f3_m10,5.0837102835554955,60,0,False,False,,,,,,,,,,,
margin,Vanderbilt,scientific_f3_m10,5.066343501872213,61,0,False,False,,,,,,,,,,,
margin,Sacramento State,scientific_f3_m10,5.029117647850883,62,0,False,False,,,,,,,,,,,
margin,Delaware,scientific_f3_m10,4.807995537276485,63,0,False,False,,,,,,,,,,,
margin,Louisiana,scientific_f3_m10,4.799542630661888,64,0,False,False,,,,,,,,,,,
margin,Navy,scientific_f3_m10,4.631611341709892,65,0,False,False,,,,,,,,,,,
margin,Michigan State,scientific_f3_m10,4.28768906106121,66,0,False,False,,,,,,,,,,,
margin,North Dakota State,scientific_f3_m10,3.98247484508696,67,0,False,False,,,,,,,,,,,
margin,Iowa,scientific_f3_m10,3.939861295329588,68,0,False,False,,,,,,,,,,,
margin,Georgia Southern,scientific_f3_m10,3.8431097837650303,69,0,False,False,,,,,,,,,,,
margin,Louisiana Tech,scientific_f3_m10,3.4657242765053384,70,0,False,False,,,,,,,,,,,
margin,Miami (OH),scientific_f3_m10,3.176278323681973,71,0,False,False,,,,,,,,,,,
margin,Michigan,scientific_f3_m10,2.5919513072696194,72,0,False,False,,,,,,,,,,,
margin,North Texas,scientific_f3_m10,2.312549599626915,73,0,False,False,,,,,,,,,,,
margin,Boise State,scientific_f3_m10,2.2238609544916703,74,0,False,False,,,,,,,,,,,
margin,UAB,scientific_f3_m10,1.801598063060543,75,0,False,False,,,,,,,,,,,
margin,Air Force,scientific_f3_m10,1.7878468175772348,76,0,False,False,,,,,,,,,,,
margin,Temple,scientific_f3_m10,1.7035729309039231,77,0,False,False,,,,,,,,,,,
margin,Florida International,scientific_f3_m10,1.6125776967649577,78,0,False,False,,,,,,,,,,,
margin,Texas Tech,scientific_f3_m10,1.5008306705390968,79,0,False,False,,,,,,,,,,,
margin,Toledo,scientific_f3_m10,1.495040314910432,80,0,False,False,,,,,,,,,,,
margin,Arkansas,scientific_f3_m10,1.4733065076578449,81,0,False,False,,,,,,,,,,,
margin,Stanford,scientific_f3_m10,1.3699688284057057,82,0,False,False,,,,,,,,,,,
margin,Oregon,scientific_f3_m10,1.2683695348572563,83,0,False,False,,,,,,,,,,,
margin,Southern Miss,scientific_f3_m10,0.9588364501949367,84,0,False,False,,,,,,,,,,,
margin,Liberty,scientific_f3_m10,0.9213880996129351,85,0,False,False,,,,,,,,,,,
margin,North Carolina,scientific_f3_m10,0.9132883219583459,86,0,False,False,,,,,,,,,,,
margin,Eastern Michigan,scientific_f3_m10,0.7531325798899902,87,0,False,False,,,,,,,,,,,
margin,UConn,scientific_f3_m10,0.7359371949030413,88,0,False,False,,,,,,,,,,,
margin,Washington,scientific_f3_m10,0.2682260562766755,89,0,False,False,,,,,,,,,,,
margin,Purdue,scientific_f3_m10,-0.519310022440962,90,0,False,False,,,,,,,,,,,
margin,New Mexico State,scientific_f3_m10,-0.7283446561701202,91,0,False,False,,,,,,,,,,,
margin,Oklahoma State,scientific_f3_m10,-0.949633887211721,92,0,False,False,,,,,,,,,,,
margin,Old Dominion,scientific_f3_m10,-1.0489453412498835,93,0,False,False,,,,,,,,,,,
margin,San José State,scientific_f3_m10,-1.4184367180078663,94,0,False,False,,,,,,,,,,,
margin,Nevada,scientific_f3_m10,-1.5724806901360253,95,0,False,False,,,,,,,,,,,
margin,Tulsa,scientific_f3_m10,-1.892756444414648,96,0,False,False,,,,,,,,,,,
margin,Western Michigan,scientific_f3_m10,-1.9327889973692622,97,0,False,False,,,,,,,,,,,
margin,Sam Houston,scientific_f3_m10,-2.1647249893262015,98,0,False,False,,,,,,,,,,,
margin,Florida State,scientific_f3_m10,-2.176642588717333,99,0,False,False,,,,,,,,,,,
margin,Georgia Tech,scientific_f3_m10,-2.3467739146949382,100,0,False,False,,,,,,,,,,,
margin,Army,scientific_f3_m10,-2.50781414978544,101,0,False,False,,,,,,,,,,,
margin,Troy,scientific_f3_m10,-3.474969273418714,102,0,False,False,,,,,,,,,,,
margin,Arkansas State,scientific_f3_m10,-3.6504913956232055,103,0,False,False,,,,,,,,,,,
margin,Memphis,scientific_f3_m10,-3.7643303375738055,104,0,False,False,,,,,,,,,,,
margin,Clemson,scientific_f3_m10,-4.3816687873146964,105,0,False,False,,,,,,,,,,,
margin,South Alabama,scientific_f3_m10,-5.104358507496698,106,0,False,False,,,,,,,,,,,
margin,Arizona,scientific_f3_m10,-5.58839311713943,107,0,False,False,,,,,,,,,,,
margin,Boston College,scientific_f3_m10,-5.719114735749458,108,0,False,False,,,,,,,,,,,
margin,Iowa State,scientific_f3_m10,-5.960473540751925,109,0,False,False,,,,,,,,,,,
margin,Wyoming,scientific_f3_m10,-6.068961064791608,110,0,False,False,,,,,,,,,,,
margin,Coastal Carolina,scientific_f3_m10,-7.657873116172328,111,0,False,False,,,,,,,,,,,
margin,Ohio,scientific_f3_m10,-7.939312531126606,112,0,False,False,,,,,,,,,,,
margin,San Diego State,scientific_f3_m10,-8.60842871347806,113,0,False,False,,,,,,,,,,,
margin,Central Michigan,scientific_f3_m10,-8.790593095250966,114,0,False,False,,,,,,,,,,,
margin,Texas State,scientific_f3_m10,-9.139016732991072,115,0,False,False,,,,,,,,,,,
margin,Fresno State,scientific_f3_m10,-9.845214538507857,116,0,False,False,,,,,,,,,,,
margin,UNLV,scientific_f3_m10,-10.743099286793372,117,0,False,False,,,,,,,,,,,
margin,Tulane,scientific_f3_m10,-11.58805744608904,118,0,False,False,,,,,,,,,,,
margin,Hawai'i,scientific_f3_m10,-11.640627447090784,119,0,False,False,,,,,,,,,,,
margin,Rice,scientific_f3_m10,-12.63239447943419,120,0,False,False,,,,,,,,,,,
margin,Oregon State,scientific_f3_m10,-12.894845134517182,121,0,False,False,,,,,,,,,,,
margin,Bowling Green,scientific_f3_m10,-13.591283464303443,122,0,False,False,,,,,,,,,,,
margin,Buffalo,scientific_f3_m10,-13.70472088495303,123,0,False,False,,,,,,,,,,,
margin,UTEP,scientific_f3_m10,-16.706600999650064,124,0,False,False,,,,,,,,,,,
margin,Rutgers,scientific_f3_m10,-17.2202752926955,125,0,False,False,,,,,,,,,,,
margin,Ball State,scientific_f3_m10,-17.501067365603046,126,0,False,False,,,,,,,,,,,
margin,Washington State,scientific_f3_m10,-17.618323984335245,127,0,False,False,,,,,,,,,,,
margin,Northern Illinois,scientific_f3_m10,-19.096411375539617,128,0,False,False,,,,,,,,,,,
margin,Utah State,scientific_f3_m10,-19.559666979998703,129,0,False,False,,,,,,,,,,,
margin,Marshall,scientific_f3_m10,-19.991737169552096,130,0,False,False,,,,,,,,,,,
margin,Missouri State,scientific_f3_m10,-20.070345852502815,131,0,False,False,,,,,,,,,,,
margin,Florida Atlantic,scientific_f3_m10,-20.68721761345358,132,0,False,False,,,,,,,,,,,
margin,East Carolina,scientific_f3_m10,-21.117042145001896,133,0,False,False,,,,,,,,,,,
margin,Kent State,scientific_f3_m10,-21.229072843399305,134,0,False,False,,,,,,,,,,,
margin,UL Monroe,scientific_f3_m10,-22.676893120811634,135,0,False,False,,,,,,,,,,,
margin,Charlotte,scientific_f3_m10,-23.329282894571772,136,0,False,False,,,,,,,,,,,
margin,California,scientific_f3_m10,-24.018518776421587,137,0,False,False,,,,,,,,,,,
margin,Western Kentucky,scientific_f3_m10,-24.721871667083644,138,0,False,False,,,,,,,,,,,
margin,Georgia,scientific_f4_m1,36.173225721720335,1,25,True,True,,,,,,,,,,,
margin,Notre Dame,scientific_f4_m1,28.468408053013654,2,24,True,False,,,,,,,,,,,
margin,Ohio State,scientific_f4_m1,26.768725928839338,3,23,True,False,,,,,,,,,,,
margin,LSU,scientific_f4_m1,26.641753874542786,4,22,True,False,,,,,,,,,,,
margin,South Carolina,scientific_f4_m1,25.99286204839791,5,21,True,False,,,,,,,,,,,
margin,Texas A&M,scientific_f4_m1,25.81707162303783,6,20,True,False,,,,,,,,,,,
margin,Alabama,scientific_f4_m1,25.538552359923784,7,19,True,False,,,,,,,,,,,
margin,Texas,scientific_f4_m1,25.04919188183836,8,18,True,False,,,,,,,,,,,
margin,Ole Miss,scientific_f4_m1,23.139476416981832,9,17,True,False,,,,,,,,,,,
margin,Kansas State,scientific_f4_m1,22.189346118132953,10,16,True,False,,,,,,,,,,,
margin,Florida,scientific_f4_m1,22.043966765247085,11,15,True,False,,,,,,,,,,,
margin,Miami,scientific_f4_m1,21.668847275180383,12,14,True,False,,,,,,,,,,,
margin,Tennessee,scientific_f4_m1,21.086361188867812,13,13,True,False,,,,,,,,,,,
margin,Indiana,scientific_f4_m1,20.825293796080913,14,12,True,False,,,,,,,,,,,
margin,Oklahoma,scientific_f4_m1,20.818870799357832,15,11,True,False,,,,,,,,,,,
margin,Utah,scientific_f4_m1,20.620920964059884,16,10,True,False,,,,,,,,,,,
margin,BYU,scientific_f4_m1,19.82042538875936,17,9,True,False,,,,,,,,,,,
margin,Houston,scientific_f4_m1,18.641002184667627,18,8,True,False,,,,,,,,,,,
margin,Mississippi State,scientific_f4_m1,18.190094604120965,19,7,True,False,,,,,,,,,,,
margin,Missouri,scientific_f4_m1,17.498560109069082,20,6,True,False,,,,,,,,,,,
margin,SMU,scientific_f4_m1,17.217592913365102,21,5,True,False,,,,,,,,,,,
margin,Virginia Tech,scientific_f4_m1,17.215610863552367,22,4,True,False,,,,,,,,,,,
margin,New Mexico,scientific_f4_m1,16.99872399309757,23,3,True,False,,,,,,,,,,,
margin,Nebraska,scientific_f4_m1,15.794107346042479,24,2,True,False,,,,,,,,,,,
margin,James Madison,scientific_f4_m1,15.722871142262894,25,1,True,False,,,,,,,,,,,
margin,Penn State,scientific_f4_m1,15.224255596234212,26,0,False,False,,,,,,,,,,,
margin,Washington,scientific_f4_m1,14.133163667227322,27,0,False,False,,,,,,,,,,,
margin,Oregon,scientific_f4_m1,14.131504211801543,28,0,False,False,,,,,,,,,,,
margin,Louisville,scientific_f4_m1,13.924088956538426,29,0,False,False,,,,,,,,,,,
margin,Texas Tech,scientific_f4_m1,13.662265402719495,30,0,False,False,,,,,,,,,,,
margin,USC,scientific_f4_m1,12.899953581657538,31,0,False,False,,,,,,,,,,,
margin,Iowa,scientific_f4_m1,12.795850437295687,32,0,False,False,,,,,,,,,,,
margin,North Carolina,scientific_f4_m1,12.493994778279173,33,0,False,False,,,,,,,,,,,
margin,Pittsburgh,scientific_f4_m1,12.374125092126613,34,0,False,False,,,,,,,,,,,
margin,Maryland,scientific_f4_m1,11.625347745373077,35,0,False,False,,,,,,,,,,,
margin,Florida State,scientific_f4_m1,11.379081100120027,36,0,False,False,,,,,,,,,,,
margin,Northwestern,scientific_f4_m1,11.273280070510587,37,0,False,False,,,,,,,,,,,
margin,Virginia,scientific_f4_m1,11.214749558706005,38,0,False,False,,,,,,,,,,,
margin,UCLA,scientific_f4_m1,10.79593310632098,39,0,False,False,,,,,,,,,,,
margin,Arizona State,scientific_f4_m1,10.708016673234958,40,0,False,False,,,,,,,,,,,
margin,Vanderbilt,scientific_f4_m1,10.600432195227736,41,0,False,False,,,,,,,,,,,
margin,UTSA,scientific_f4_m1,10.52145319413804,42,0,False,False,,,,,,,,,,,
margin,Michigan,scientific_f4_m1,10.227962601402924,43,0,False,False,,,,,,,,,,,
margin,Michigan State,scientific_f4_m1,9.682655910065439,44,0,False,False,,,,,,,,,,,
margin,Minnesota,scientific_f4_m1,9.285504633922168,45,0,False,False,,,,,,,,,,,
margin,Boise State,scientific_f4_m1,8.765946299047002,46,0,False,False,,,,,,,,,,,
margin,Auburn,scientific_f4_m1,8.32037316057233,47,0,False,False,,,,,,,,,,,
margin,TCU,scientific_f4_m1,8.236863647809102,48,0,False,False,,,,,,,,,,,
margin,Kansas,scientific_f4_m1,7.474135798538233,49,0,False,False,,,,,,,,,,,
margin,UCF,scientific_f4_m1,7.386863691644827,50,0,False,False,,,,,,,,,,,
margin,NC State,scientific_f4_m1,7.1720229607747745,51,0,False,False,,,,,,,,,,,
margin,Illinois,scientific_f4_m1,7.007378595945899,52,0,False,False,,,,,,,,,,,
margin,Colorado State,scientific_f4_m1,6.854282649190763,53,0,False,False,,,,,,,,,,,
margin,Baylor,scientific_f4_m1,6.574122875858178,54,0,False,False,,,,,,,,,,,
margin,Cincinnati,scientific_f4_m1,6.561386376978787,55,0,False,False,,,,,,,,,,,
margin,Duke,scientific_f4_m1,6.425768987648749,56,0,False,False,,,,,,,,,,,
margin,Wake Forest,scientific_f4_m1,6.076798824440386,57,0,False,False,,,,,,,,,,,
margin,Stanford,scientific_f4_m1,5.982874490941698,58,0,False,False,,,,,,,,,,,
margin,Kentucky,scientific_f4_m1,5.865355942274724,59,0,False,False,,,,,,,,,,,
margin,Syracuse,scientific_f4_m1,4.926246287108233,60,0,False,False,,,,,,,,,,,
margin,Colorado,scientific_f4_m1,3.8825141748288274,61,0,False,False,,,,,,,,,,,
margin,West Virginia,scientific_f4_m1,3.5884288149057735,62,0,False,False,,,,,,,,,,,
margin,Purdue,scientific_f4_m1,3.385581143868768,63,0,False,False,,,,,,,,,,,
margin,Arizona,scientific_f4_m1,3.133316363391426,64,0,False,False,,,,,,,,,,,
margin,Georgia Southern,scientific_f4_m1,2.65667668305822,65,0,False,False,,,,,,,,,,,
margin,Clemson,scientific_f4_m1,2.511198667441527,66,0,False,False,,,,,,,,,,,
margin,Georgia State,scientific_f4_m1,0.8292907714380404,67,0,False,False,,,,,,,,,,,
margin,Louisiana,scientific_f4_m1,0.28867536024896445,68,0,False,False,,,,,,,,,,,
margin,Southern Miss,scientific_f4_m1,0.1548605284707829,69,0,False,False,,,,,,,,,,,
margin,Iowa State,scientific_f4_m1,0.11771492918399584,70,0,False,False,,,,,,,,,,,
margin,Jacksonville State,scientific_f4_m1,-0.0483647687934754,71,0,False,False,,,,,,,,,,,
margin,South Florida,scientific_f4_m1,-0.38596159570939736,72,0,False,False,,,,,,,,,,,
margin,App State,scientific_f4_m1,-0.45622689684889295,73,0,False,False,,,,,,,,,,,
margin,Kennesaw State,scientific_f4_m1,-0.7916285823403566,74,0,False,False,,,,,,,,,,,
margin,Wisconsin,scientific_f4_m1,-0.8737566221475008,75,0,False,False,,,,,,,,,,,
margin,South Alabama,scientific_f4_m1,-1.0008125103144154,76,0,False,False,,,,,,,,,,,
margin,Arkansas,scientific_f4_m1,-1.3692969270515594,77,0,False,False,,,,,,,,,,,
margin,Toledo,scientific_f4_m1,-1.503337010573789,78,0,False,False,,,,,,,,,,,
margin,Tulane,scientific_f4_m1,-1.7635117517089531,79,0,False,False,,,,,,,,,,,
margin,San Diego State,scientific_f4_m1,-1.9081748995292172,80,0,False,False,,,,,,,,,,,
margin,Delaware,scientific_f4_m1,-2.054123101103026,81,0,False,False,,,,,,,,,,,
margin,Arkansas State,scientific_f4_m1,-2.2301950130981254,82,0,False,False,,,,,,,,,,,
margin,Fresno State,scientific_f4_m1,-2.3515887164706237,83,0,False,False,,,,,,,,,,,
margin,Temple,scientific_f4_m1,-2.362659481057035,84,0,False,False,,,,,,,,,,,
margin,Georgia Tech,scientific_f4_m1,-2.5828028712744366,85,0,False,False,,,,,,,,,,,
margin,New Mexico State,scientific_f4_m1,-2.624225736875326,86,0,False,False,,,,,,,,,,,
margin,North Texas,scientific_f4_m1,-2.735206157619853,87,0,False,False,,,,,,,,,,,
margin,UConn,scientific_f4_m1,-3.141235459503177,88,0,False,False,,,,,,,,,,,
margin,Air Force,scientific_f4_m1,-3.4019718959759775,89,0,False,False,,,,,,,,,,,
margin,Coastal Carolina,scientific_f4_m1,-3.7963478238776123,90,0,False,False,,,,,,,,,,,
margin,Troy,scientific_f4_m1,-3.8177587163637003,91,0,False,False,,,,,,,,,,,
margin,Akron,scientific_f4_m1,-4.448866572582249,92,0,False,False,,,,,,,,,,,
margin,Western Michigan,scientific_f4_m1,-4.553042693730291,93,0,False,False,,,,,,,,,,,
margin,North Dakota State,scientific_f4_m1,-4.623436765320481,94,0,False,False,,,,,,,,,,,
margin,East Carolina,scientific_f4_m1,-4.643390212007098,95,0,False,False,,,,,,,,,,,
margin,Rutgers,scientific_f4_m1,-5.108821720164341,96,0,False,False,,,,,,,,,,,
margin,Liberty,scientific_f4_m1,-5.259185716998381,97,0,False,False,,,,,,,,,,,
margin,Old Dominion,scientific_f4_m1,-5.430133980169957,98,0,False,False,,,,,,,,,,,
margin,Army,scientific_f4_m1,-5.5863569952483605,99,0,False,False,,,,,,,,,,,
margin,Texas State,scientific_f4_m1,-6.119000453389621,100,0,False,False,,,,,,,,,,,
margin,Florida International,scientific_f4_m1,-6.142729943785639,101,0,False,False,,,,,,,,,,,
margin,Miami (OH),scientific_f4_m1,-6.1631597975164745,102,0,False,False,,,,,,,,,,,
margin,San José State,scientific_f4_m1,-6.5642846572525375,103,0,False,False,,,,,,,,,,,
margin,Utah State,scientific_f4_m1,-6.673181358942534,104,0,False,False,,,,,,,,,,,
margin,Oklahoma State,scientific_f4_m1,-6.783528791228225,105,0,False,False,,,,,,,,,,,
margin,Hawai'i,scientific_f4_m1,-6.944500358395347,106,0,False,False,,,,,,,,,,,
margin,Ohio,scientific_f4_m1,-7.093884915176183,107,0,False,False,,,,,,,,,,,
margin,Washington State,scientific_f4_m1,-7.281606760945326,108,0,False,False,,,,,,,,,,,
margin,Tulsa,scientific_f4_m1,-7.354611652760228,109,0,False,False,,,,,,,,,,,
margin,Memphis,scientific_f4_m1,-7.73726500678079,110,0,False,False,,,,,,,,,,,
margin,Boston College,scientific_f4_m1,-7.787566607614506,111,0,False,False,,,,,,,,,,,
margin,Louisiana Tech,scientific_f4_m1,-8.077178256773038,112,0,False,False,,,,,,,,,,,
margin,UAB,scientific_f4_m1,-8.59408167224388,113,0,False,False,,,,,,,,,,,
margin,Sacramento State,scientific_f4_m1,-8.709004440324508,114,0,False,False,,,,,,,,,,,
margin,Oregon State,scientific_f4_m1,-9.013606029285114,115,0,False,False,,,,,,,,,,,
margin,California,scientific_f4_m1,-9.056472205906218,116,0,False,False,,,,,,,,,,,
margin,Middle Tennessee,scientific_f4_m1,-9.150211856614318,117,0,False,False,,,,,,,,,,,
margin,UNLV,scientific_f4_m1,-10.044425133461937,118,0,False,False,,,,,,,,,,,
margin,Buffalo,scientific_f4_m1,-10.79743968065489,119,0,False,False,,,,,,,,,,,
margin,UTEP,scientific_f4_m1,-11.034454928147591,120,0,False,False,,,,,,,,,,,
margin,Florida Atlantic,scientific_f4_m1,-11.506070329556923,121,0,False,False,,,,,,,,,,,
margin,Nevada,scientific_f4_m1,-11.9137038146634,122,0,False,False,,,,,,,,,,,
margin,Western Kentucky,scientific_f4_m1,-12.054576354987091,123,0,False,False,,,,,,,,,,,
margin,Marshall,scientific_f4_m1,-13.203657557555324,124,0,False,False,,,,,,,,,,,
margin,Rice,scientific_f4_m1,-13.60227300475173,125,0,False,False,,,,,,,,,,,
margin,Eastern Michigan,scientific_f4_m1,-13.71836125314637,126,0,False,False,,,,,,,,,,,
margin,Charlotte,scientific_f4_m1,-15.536210063579794,127,0,False,False,,,,,,,,,,,
margin,Massachusetts,scientific_f4_m1,-15.692228552798252,128,0,False,False,,,,,,,,,,,
margin,Central Michigan,scientific_f4_m1,-15.974115752514695,129,0,False,False,,,,,,,,,,,
margin,Wyoming,scientific_f4_m1,-16.165950662314913,130,0,False,False,,,,,,,,,,,
margin,Missouri State,scientific_f4_m1,-16.44006731093434,131,0,False,False,,,,,,,,,,,
margin,Navy,scientific_f4_m1,-17.020414180282522,132,0,False,False,,,,,,,,,,,
margin,Kent State,scientific_f4_m1,-17.28112800951511,133,0,False,False,,,,,,,,,,,
margin,Sam Houston,scientific_f4_m1,-17.387824377183808,134,0,False,False,,,,,,,,,,,
margin,Ball State,scientific_f4_m1,-17.845341883844362,135,0,False,False,,,,,,,,,,,
margin,Bowling Green,scientific_f4_m1,-18.562277562062103,136,0,False,False,,,,,,,,,,,
margin,Northern Illinois,scientific_f4_m1,-21.24221022598454,137,0,False,False,,,,,,,,,,,
margin,UL Monroe,scientific_f4_m1,-26.088754995207715,138,0,False,False,,,,,,,,,,,
margin,Georgia,scientific_f4_m2,38.24133606829598,1,25,True,True,,,,,,,,,,,
margin,Notre Dame,scientific_f4_m2,31.19362149170295,2,24,True,False,,,,,,,,,,,
margin,Ohio State,scientific_f4_m2,27.03304135611295,3,23,True,False,,,,,,,,,,,
margin,Texas A&M,scientific_f4_m2,25.888242959441303,4,22,True,False,,,,,,,,,,,
margin,Miami,scientific_f4_m2,25.45574113952137,5,21,True,False,,,,,,,,,,,
margin,Alabama,scientific_f4_m2,23.9894287911253,6,20,True,False,,,,,,,,,,,
margin,Tennessee,scientific_f4_m2,23.867641781217262,7,19,True,False,,,,,,,,,,,
margin,Florida,scientific_f4_m2,23.71077488643548,8,18,True,False,,,,,,,,,,,
margin,South Carolina,scientific_f4_m2,22.717768133206317,9,17,True,False,,,,,,,,,,,
margin,Utah,scientific_f4_m2,22.37911233705083,10,16,True,False,,,,,,,,,,,
margin,Indiana,scientific_f4_m2,21.577474041619784,11,15,True,False,,,,,,,,,,,
margin,Ole Miss,scientific_f4_m2,21.56830711996471,12,14,True,False,,,,,,,,,,,
margin,Texas,scientific_f4_m2,21.439407403076462,13,13,True,False,,,,,,,,,,,
margin,Mississippi State,scientific_f4_m2,21.10655703290452,14,12,True,False,,,,,,,,,,,
margin,LSU,scientific_f4_m2,20.9151021097967,15,11,True,False,,,,,,,,,,,
margin,Kansas State,scientific_f4_m2,19.852826147134518,16,10,True,False,,,,,,,,,,,
margin,Missouri,scientific_f4_m2,19.820339138704117,17,9,True,False,,,,,,,,,,,
margin,Nebraska,scientific_f4_m2,19.72218958798421,18,8,True,False,,,,,,,,,,,
margin,Oklahoma,scientific_f4_m2,19.420606774532082,19,7,True,False,,,,,,,,,,,
margin,BYU,scientific_f4_m2,18.42475300555767,20,6,True,False,,,,,,,,,,,
margin,SMU,scientific_f4_m2,18.248024466448783,21,5,True,False,,,,,,,,,,,
margin,Virginia,scientific_f4_m2,16.074759041902073,22,4,True,False,,,,,,,,,,,
margin,Houston,scientific_f4_m2,15.141150575066327,23,3,True,False,,,,,,,,,,,
margin,USC,scientific_f4_m2,14.672231241676869,24,2,True,False,,,,,,,,,,,
margin,Texas Tech,scientific_f4_m2,14.01473977373232,25,1,True,False,,,,,,,,,,,
margin,Pittsburgh,scientific_f4_m2,13.597321201393754,26,0,False,False,,,,,,,,,,,
margin,Northwestern,scientific_f4_m2,13.425539377168992,27,0,False,False,,,,,,,,,,,
margin,New Mexico,scientific_f4_m2,13.384294541266893,28,0,False,False,,,,,,,,,,,
margin,James Madison,scientific_f4_m2,12.664224924324255,29,0,False,False,,,,,,,,,,,
margin,Louisville,scientific_f4_m2,12.521192448458862,30,0,False,False,,,,,,,,,,,
margin,UCLA,scientific_f4_m2,12.039086057154396,31,0,False,False,,,,,,,,,,,
margin,Arizona State,scientific_f4_m2,11.009858206310803,32,0,False,False,,,,,,,,,,,
margin,Oregon,scientific_f4_m2,10.92498264207932,33,0,False,False,,,,,,,,,,,
margin,Penn State,scientific_f4_m2,10.490059447676355,34,0,False,False,,,,,,,,,,,
margin,Washington,scientific_f4_m2,10.089479623286458,35,0,False,False,,,,,,,,,,,
margin,NC State,scientific_f4_m2,9.792341378824787,36,0,False,False,,,,,,,,,,,
margin,Maryland,scientific_f4_m2,9.769732845108232,37,0,False,False,,,,,,,,,,,
margin,Michigan,scientific_f4_m2,9.378952475251364,38,0,False,False,,,,,,,,,,,
margin,Vanderbilt,scientific_f4_m2,9.358195387292007,39,0,False,False,,,,,,,,,,,
margin,Michigan State,scientific_f4_m2,9.231347477816911,40,0,False,False,,,,,,,,,,,
margin,Iowa,scientific_f4_m2,9.17696031203349,41,0,False,False,,,,,,,,,,,
margin,North Carolina,scientific_f4_m2,8.619451791127988,42,0,False,False,,,,,,,,,,,
margin,Florida State,scientific_f4_m2,8.040603070009261,43,0,False,False,,,,,,,,,,,
margin,Cincinnati,scientific_f4_m2,7.4485619448047125,44,0,False,False,,,,,,,,,,,
margin,Illinois,scientific_f4_m2,7.3098916266378176,45,0,False,False,,,,,,,,,,,
margin,Auburn,scientific_f4_m2,7.2184178322776855,46,0,False,False,,,,,,,,,,,
margin,Colorado State,scientific_f4_m2,7.005006357845666,47,0,False,False,,,,,,,,,,,
margin,Baylor,scientific_f4_m2,6.842633276295599,48,0,False,False,,,,,,,,,,,
margin,UTSA,scientific_f4_m2,6.654357806832277,49,0,False,False,,,,,,,,,,,
margin,Arizona,scientific_f4_m2,6.483181953824122,50,0,False,False,,,,,,,,,,,
margin,Virginia Tech,scientific_f4_m2,6.255138290470693,51,0,False,False,,,,,,,,,,,
margin,Kansas,scientific_f4_m2,6.202508321297179,52,0,False,False,,,,,,,,,,,
margin,Purdue,scientific_f4_m2,5.508902252618364,53,0,False,False,,,,,,,,,,,
margin,Duke,scientific_f4_m2,5.44343466460565,54,0,False,False,,,,,,,,,,,
margin,West Virginia,scientific_f4_m2,4.936408681713795,55,0,False,False,,,,,,,,,,,
margin,Wake Forest,scientific_f4_m2,4.670449473670555,56,0,False,False,,,,,,,,,,,
margin,Minnesota,scientific_f4_m2,4.447047357155226,57,0,False,False,,,,,,,,,,,
margin,UCF,scientific_f4_m2,4.330678308345674,58,0,False,False,,,,,,,,,,,
margin,TCU,scientific_f4_m2,4.1669952000371335,59,0,False,False,,,,,,,,,,,
margin,Syracuse,scientific_f4_m2,3.4281304674071125,60,0,False,False,,,,,,,,,,,
margin,Georgia State,scientific_f4_m2,3.009195498917464,61,0,False,False,,,,,,,,,,,
margin,Iowa State,scientific_f4_m2,2.773797247775538,62,0,False,False,,,,,,,,,,,
margin,Boise State,scientific_f4_m2,2.0818249619109466,63,0,False,False,,,,,,,,,,,
margin,App State,scientific_f4_m2,0.9637287867846585,64,0,False,False,,,,,,,,,,,
margin,Army,scientific_f4_m2,0.8836115118970707,65,0,False,False,,,,,,,,,,,
margin,Kentucky,scientific_f4_m2,0.668664121518308,66,0,False,False,,,,,,,,,,,
margin,Air Force,scientific_f4_m2,0.23440730863436965,67,0,False,False,,,,,,,,,,,
margin,Colorado,scientific_f4_m2,-0.6575508357696718,68,0,False,False,,,,,,,,,,,
margin,Wisconsin,scientific_f4_m2,-1.614590053521301,69,0,False,False,,,,,,,,,,,
margin,South Florida,scientific_f4_m2,-1.845825204343004,70,0,False,False,,,,,,,,,,,
margin,Stanford,scientific_f4_m2,-1.8732714258946117,71,0,False,False,,,,,,,,,,,
margin,Georgia Southern,scientific_f4_m2,-2.3736291047364615,72,0,False,False,,,,,,,,,,,
margin,Louisiana,scientific_f4_m2,-2.7157302805763113,73,0,False,False,,,,,,,,,,,
margin,Memphis,scientific_f4_m2,-2.7997262128473466,74,0,False,False,,,,,,,,,,,
margin,South Alabama,scientific_f4_m2,-3.037915143786201,75,0,False,False,,,,,,,,,,,
margin,New Mexico State,scientific_f4_m2,-3.047491848643349,76,0,False,False,,,,,,,,,,,
margin,Toledo,scientific_f4_m2,-3.118250431879569,77,0,False,False,,,,,,,,,,,
margin,Kennesaw State,scientific_f4_m2,-3.1607464724665943,78,0,False,False,,,,,,,,,,,
margin,Clemson,scientific_f4_m2,-3.300610876731084,79,0,False,False,,,,,,,,,,,
margin,Western Michigan,scientific_f4_m2,-3.5118495850831173,80,0,False,False,,,,,,,,,,,
margin,Georgia Tech,scientific_f4_m2,-3.6131004924607226,81,0,False,False,,,,,,,,,,,
margin,Southern Miss,scientific_f4_m2,-3.653152924692265,82,0,False,False,,,,,,,,,,,
margin,Jacksonville State,scientific_f4_m2,-4.1119603167106185,83,0,False,False,,,,,,,,,,,
margin,Delaware,scientific_f4_m2,-4.123325665581513,84,0,False,False,,,,,,,,,,,
margin,Arkansas,scientific_f4_m2,-4.163947150137596,85,0,False,False,,,,,,,,,,,
margin,Tulane,scientific_f4_m2,-4.606824800690525,86,0,False,False,,,,,,,,,,,
margin,Temple,scientific_f4_m2,-4.849097794931064,87,0,False,False,,,,,,,,,,,
margin,Fresno State,scientific_f4_m2,-5.180349563486109,88,0,False,False,,,,,,,,,,,
margin,UConn,scientific_f4_m2,-5.571155140997393,89,0,False,False,,,,,,,,,,,
margin,North Dakota State,scientific_f4_m2,-5.793612825331218,90,0,False,False,,,,,,,,,,,
margin,Arkansas State,scientific_f4_m2,-6.065104862664805,91,0,False,False,,,,,,,,,,,
margin,North Texas,scientific_f4_m2,-6.258083904690959,92,0,False,False,,,,,,,,,,,
margin,Utah State,scientific_f4_m2,-6.789633489180288,93,0,False,False,,,,,,,,,,,
margin,San Diego State,scientific_f4_m2,-6.905973701336627,94,0,False,False,,,,,,,,,,,
margin,Navy,scientific_f4_m2,-7.028257422367208,95,0,False,False,,,,,,,,,,,
margin,Rutgers,scientific_f4_m2,-7.168442288224249,96,0,False,False,,,,,,,,,,,
margin,Coastal Carolina,scientific_f4_m2,-7.542952914444374,97,0,False,False,,,,,,,,,,,
margin,Miami (OH),scientific_f4_m2,-7.56875459753271,98,0,False,False,,,,,,,,,,,
margin,Akron,scientific_f4_m2,-7.695246648130019,99,0,False,False,,,,,,,,,,,
margin,Liberty,scientific_f4_m2,-7.880356025440775,100,0,False,False,,,,,,,,,,,
margin,Oklahoma State,scientific_f4_m2,-8.185652741952985,101,0,False,False,,,,,,,,,,,
margin,Louisiana Tech,scientific_f4_m2,-8.26241713134036,102,0,False,False,,,,,,,,,,,
margin,Troy,scientific_f4_m2,-8.378789598627199,103,0,False,False,,,,,,,,,,,
margin,Hawai'i,scientific_f4_m2,-8.562787999961582,104,0,False,False,,,,,,,,,,,
margin,Boston College,scientific_f4_m2,-8.842784645707123,105,0,False,False,,,,,,,,,,,
margin,Ohio,scientific_f4_m2,-9.154490000882168,106,0,False,False,,,,,,,,,,,
margin,Oregon State,scientific_f4_m2,-9.503049444477528,107,0,False,False,,,,,,,,,,,
margin,Texas State,scientific_f4_m2,-9.564256591113892,108,0,False,False,,,,,,,,,,,
margin,Old Dominion,scientific_f4_m2,-10.23241510284506,109,0,False,False,,,,,,,,,,,
margin,Florida International,scientific_f4_m2,-10.591792089495037,110,0,False,False,,,,,,,,,,,
margin,Rice,scientific_f4_m2,-10.789306765403479,111,0,False,False,,,,,,,,,,,
margin,East Carolina,scientific_f4_m2,-11.688265825775392,112,0,False,False,,,,,,,,,,,
margin,California,scientific_f4_m2,-12.02230529038213,113,0,False,False,,,,,,,,,,,
margin,UNLV,scientific_f4_m2,-12.044237886457868,114,0,False,False,,,,,,,,,,,
margin,UAB,scientific_f4_m2,-12.337616403032996,115,0,False,False,,,,,,,,,,,
margin,Washington State,scientific_f4_m2,-12.363863373552485,116,0,False,False,,,,,,,,,,,
margin,Middle Tennessee,scientific_f4_m2,-13.111708281464935,117,0,False,False,,,,,,,,,,,
margin,Tulsa,scientific_f4_m2,-13.209862821579957,118,0,False,False,,,,,,,,,,,
margin,San José State,scientific_f4_m2,-13.549738001842922,119,0,False,False,,,,,,,,,,,
margin,Nevada,scientific_f4_m2,-13.748668475147015,120,0,False,False,,,,,,,,,,,
margin,Florida Atlantic,scientific_f4_m2,-13.923940530409224,121,0,False,False,,,,,,,,,,,
margin,UTEP,scientific_f4_m2,-14.463599306802987,122,0,False,False,,,,,,,,,,,
margin,Sacramento State,scientific_f4_m2,-14.475765789363603,123,0,False,False,,,,,,,,,,,
margin,Buffalo,scientific_f4_m2,-16.325957104893703,124,0,False,False,,,,,,,,,,,
margin,Missouri State,scientific_f4_m2,-17.02138404715481,125,0,False,False,,,,,,,,,,,
margin,Sam Houston,scientific_f4_m2,-17.173994741096465,126,0,False,False,,,,,,,,,,,
margin,Massachusetts,scientific_f4_m2,-18.388233054640644,127,0,False,False,,,,,,,,,,,
margin,Eastern Michigan,scientific_f4_m2,-18.459843333451673,128,0,False,False,,,,,,,,,,,
margin,Charlotte,scientific_f4_m2,-19.187700927700504,129,0,False,False,,,,,,,,,,,
margin,Central Michigan,scientific_f4_m2,-19.346446441075067,130,0,False,False,,,,,,,,,,,
margin,Marshall,scientific_f4_m2,-19.369455115681305,131,0,False,False,,,,,,,,,,,
margin,Western Kentucky,scientific_f4_m2,-20.82577465609568,132,0,False,False,,,,,,,,,,,
margin,Wyoming,scientific_f4_m2,-20.96415196079796,133,0,False,False,,,,,,,,,,,
margin,Kent State,scientific_f4_m2,-21.492793348472066,134,0,False,False,,,,,,,,,,,
margin,Ball State,scientific_f4_m2,-21.62437972647764,135,0,False,False,,,,,,,,,,,
margin,Northern Illinois,scientific_f4_m2,-23.759539656650897,136,0,False,False,,,,,,,,,,,
margin,Bowling Green,scientific_f4_m2,-24.118774017571447,137,0,False,False,,,,,,,,,,,
margin,UL Monroe,scientific_f4_m2,-32.63516609793106,138,0,False,False,,,,,,,,,,,
margin,Georgia,scientific_f4_m3,32.646100000000004,1,25,True,True,,,,,,,,,,,
margin,Miami,scientific_f4_m3,25.9535753968254,2,24,True,False,,,,,,,,,,,
margin,LSU,scientific_f4_m3,25.363770634920634,3,23,True,False,,,,,,,,,,,
margin,Indiana,scientific_f4_m3,25.00058174603174,4,22,True,False,,,,,,,,,,,
margin,Notre Dame,scientific_f4_m3,24.33667539682539,5,21,True,False,,,,,,,,,,,
margin,Kansas State,scientific_f4_m3,23.547120274170286,6,20,True,False,,,,,,,,,,,
margin,Alabama,scientific_f4_m3,23.23194134199136,7,19,True,False,,,,,,,,,,,
margin,Texas A&M,scientific_f4_m3,23.074484306195597,8,18,True,False,,,,,,,,,,,
margin,Ohio State,scientific_f4_m3,22.50948854785062,9,17,True,False,,,,,,,,,,,
margin,Utah,scientific_f4_m3,21.820609451659458,10,16,True,False,,,,,,,,,,,
margin,James Madison,scientific_f4_m3,19.982428571428564,11,15,True,False,,,,,,,,,,,
margin,Tennessee,scientific_f4_m3,19.964311111111115,12,14,True,False,,,,,,,,,,,
margin,South Carolina,scientific_f4_m3,19.903774542124527,13,13,True,False,,,,,,,,,,,
margin,Florida,scientific_f4_m3,19.59950634920636,14,12,True,False,,,,,,,,,,,
margin,BYU,scientific_f4_m3,19.192151587301577,15,11,True,False,,,,,,,,,,,
margin,Houston,scientific_f4_m3,19.092867604617602,16,10,True,False,,,,,,,,,,,
margin,SMU,scientific_f4_m3,18.265518037518035,17,9,True,False,,,,,,,,,,,
margin,Virginia,scientific_f4_m3,18.198667460317466,18,8,True,False,,,,,,,,,,,
margin,Nebraska,scientific_f4_m3,17.564850432900432,19,7,True,False,,,,,,,,,,,
margin,USC,scientific_f4_m3,17.507431890331898,20,6,True,False,,,,,,,,,,,
margin,Ole Miss,scientific_f4_m3,17.1613649891775,21,5,True,False,,,,,,,,,,,
margin,Louisville,scientific_f4_m3,17.123616450216442,22,4,True,False,,,,,,,,,,,
margin,Texas,scientific_f4_m3,16.946540022039827,23,3,True,False,,,,,,,,,,,
margin,Mississippi State,scientific_f4_m3,16.568949927849914,24,2,True,False,,,,,,,,,,,
margin,Missouri,scientific_f4_m3,16.047395004668537,25,1,True,False,,,,,,,,,,,
margin,Virginia Tech,scientific_f4_m3,15.518365873015885,26,0,False,False,,,,,,,,,,,
margin,Oklahoma,scientific_f4_m3,13.718775396825393,27,0,False,False,,,,,,,,,,,
margin,Penn State,scientific_f4_m3,13.699080158730148,28,0,False,False,,,,,,,,,,,
margin,Maryland,scientific_f4_m3,13.146029365079361,29,0,False,False,,,,,,,,,,,
margin,UCLA,scientific_f4_m3,12.981961965811957,30,0,False,False,,,,,,,,,,,
margin,TCU,scientific_f4_m3,12.544566666666665,31,0,False,False,,,,,,,,,,,
margin,New Mexico,scientific_f4_m3,11.672051207729462,32,0,False,False,,,,,,,,,,,
margin,Cincinnati,scientific_f4_m3,11.191407539682546,33,0,False,False,,,,,,,,,,,
margin,Arizona State,scientific_f4_m3,10.540993650793641,34,0,False,False,,,,,,,,,,,
margin,West Virginia,scientific_f4_m3,10.525859307359308,35,0,False,False,,,,,,,,,,,
margin,NC State,scientific_f4_m3,10.509693510737623,36,0,False,False,,,,,,,,,,,
margin,Pittsburgh,scientific_f4_m3,10.39883976008976,37,0,False,False,,,,,,,,,,,
margin,Texas Tech,scientific_f4_m3,10.034471428571427,38,0,False,False,,,,,,,,,,,
margin,Iowa,scientific_f4_m3,9.966738095238096,39,0,False,False,,,,,,,,,,,
margin,Michigan,scientific_f4_m3,9.136782783882783,40,0,False,False,,,,,,,,,,,
margin,UCF,scientific_f4_m3,8.698630158730154,41,0,False,False,,,,,,,,,,,
margin,Auburn,scientific_f4_m3,8.461095477608062,42,0,False,False,,,,,,,,,,,
margin,North Carolina,scientific_f4_m3,8.295288095238089,43,0,False,False,,,,,,,,,,,
margin,Syracuse,scientific_f4_m3,7.863415079365079,44,0,False,False,,,,,,,,,,,
margin,Colorado State,scientific_f4_m3,7.76391976911977,45,0,False,False,,,,,,,,,,,
margin,Baylor,scientific_f4_m3,7.685741269841271,46,0,False,False,,,,,,,,,,,
margin,Georgia State,scientific_f4_m3,7.517956277056279,47,0,False,False,,,,,,,,,,,
margin,Toledo,scientific_f4_m3,7.44727222222222,48,0,False,False,,,,,,,,,,,
margin,Washington,scientific_f4_m3,7.301815079365086,49,0,False,False,,,,,,,,,,,
margin,Oregon,scientific_f4_m3,7.299556349206346,50,0,False,False,,,,,,,,,,,
margin,Northwestern,scientific_f4_m3,6.807563186047671,51,0,False,False,,,,,,,,,,,
margin,Air Force,scientific_f4_m3,6.640053101276741,52,0,False,False,,,,,,,,,,,
margin,Kansas,scientific_f4_m3,6.0492948051948074,53,0,False,False,,,,,,,,,,,
margin,Boise State,scientific_f4_m3,5.95247243867244,54,0,False,False,,,,,,,,,,,
margin,UTSA,scientific_f4_m3,5.682745887445887,55,0,False,False,,,,,,,,,,,
margin,Army,scientific_f4_m3,5.574212026670642,56,0,False,False,,,,,,,,,,,
margin,Minnesota,scientific_f4_m3,5.454657142857145,57,0,False,False,,,,,,,,,,,
margin,Arizona,scientific_f4_m3,5.1058254742547415,58,0,False,False,,,,,,,,,,,
margin,Vanderbilt,scientific_f4_m3,4.730517713344661,59,0,False,False,,,,,,,,,,,
margin,Duke,scientific_f4_m3,4.547738095238096,60,0,False,False,,,,,,,,,,,
margin,Iowa State,scientific_f4_m3,4.140384920634923,61,0,False,False,,,,,,,,,,,
margin,App State,scientific_f4_m3,4.100824242424243,62,0,False,False,,,,,,,,,,,
margin,Illinois,scientific_f4_m3,4.033565873015876,63,0,False,False,,,,,,,,,,,
margin,Michigan State,scientific_f4_m3,3.863283333333337,64,0,False,False,,,,,,,,,,,
margin,Wake Forest,scientific_f4_m3,3.659643498716852,65,0,False,False,,,,,,,,,,,
margin,Kentucky,scientific_f4_m3,3.4478615440115443,66,0,False,False,,,,,,,,,,,
margin,Florida State,scientific_f4_m3,2.6739746031746026,67,0,False,False,,,,,,,,,,,
margin,Colorado,scientific_f4_m3,2.499542063492065,68,0,False,False,,,,,,,,,,,
margin,Arkansas State,scientific_f4_m3,1.815180952380953,69,0,False,False,,,,,,,,,,,
margin,Navy,scientific_f4_m3,1.3890634920634923,70,0,False,False,,,,,,,,,,,
margin,South Alabama,scientific_f4_m3,1.1452095238095243,71,0,False,False,,,,,,,,,,,
margin,Purdue,scientific_f4_m3,1.0772198490957081,72,0,False,False,,,,,,,,,,,
margin,Kennesaw State,scientific_f4_m3,0.8909667727697136,73,0,False,False,,,,,,,,,,,
margin,Jacksonville State,scientific_f4_m3,0.7522999202551828,74,0,False,False,,,,,,,,,,,
margin,Coastal Carolina,scientific_f4_m3,0.3120773448773444,75,0,False,False,,,,,,,,,,,
margin,UConn,scientific_f4_m3,0.09413511904761895,76,0,False,False,,,,,,,,,,,
margin,Troy,scientific_f4_m3,0.042642857142856844,77,0,False,False,,,,,,,,,,,
margin,Georgia Southern,scientific_f4_m3,-0.38801753246753257,78,0,False,False,,,,,,,,,,,
margin,North Dakota State,scientific_f4_m3,-0.5186669382904675,79,0,False,False,,,,,,,,,,,
margin,Louisiana Tech,scientific_f4_m3,-0.7007365079365073,80,0,False,False,,,,,,,,,,,
margin,Clemson,scientific_f4_m3,-0.7092485569985577,81,0,False,False,,,,,,,,,,,
margin,Massachusetts,scientific_f4_m3,-0.7694833333333344,82,0,False,False,,,,,,,,,,,
margin,Delaware,scientific_f4_m3,-1.2580661616161621,83,0,False,False,,,,,,,,,,,
margin,Louisiana,scientific_f4_m3,-1.2594769841269828,84,0,False,False,,,,,,,,,,,
margin,Akron,scientific_f4_m3,-1.757746031746032,85,0,False,False,,,,,,,,,,,
margin,Wisconsin,scientific_f4_m3,-1.8283992063492054,86,0,False,False,,,,,,,,,,,
margin,Old Dominion,scientific_f4_m3,-2.1105436507936517,87,0,False,False,,,,,,,,,,,
margin,South Florida,scientific_f4_m3,-2.169408369408369,88,0,False,False,,,,,,,,,,,
margin,New Mexico State,scientific_f4_m3,-2.5270474926465982,89,0,False,False,,,,,,,,,,,
margin,Western Michigan,scientific_f4_m3,-2.5477221500721496,90,0,False,False,,,,,,,,,,,
margin,Southern Miss,scientific_f4_m3,-3.1221619047619042,91,0,False,False,,,,,,,,,,,
margin,Arkansas,scientific_f4_m3,-3.8051287157287144,92,0,False,False,,,,,,,,,,,
margin,Middle Tennessee,scientific_f4_m3,-4.076126815053506,93,0,False,False,,,,,,,,,,,
margin,Temple,scientific_f4_m3,-4.2051036075036095,94,0,False,False,,,,,,,,,,,
margin,Memphis,scientific_f4_m3,-4.254877777777774,95,0,False,False,,,,,,,,,,,
margin,Fresno State,scientific_f4_m3,-4.451149206349206,96,0,False,False,,,,,,,,,,,
margin,Tulane,scientific_f4_m3,-4.8269575901875905,97,0,False,False,,,,,,,,,,,
margin,Miami (OH),scientific_f4_m3,-5.128907936507934,98,0,False,False,,,,,,,,,,,
margin,Florida International,scientific_f4_m3,-5.159150432900434,99,0,False,False,,,,,,,,,,,
margin,Liberty,scientific_f4_m3,-5.434642857142855,100,0,False,False,,,,,,,,,,,
margin,North Texas,scientific_f4_m3,-5.71852857142857,101,0,False,False,,,,,,,,,,,
margin,Georgia Tech,scientific_f4_m3,-5.824577991091035,102,0,False,False,,,,,,,,,,,
margin,Nevada,scientific_f4_m3,-6.222480158730163,103,0,False,False,,,,,,,,,,,
margin,Tulsa,scientific_f4_m3,-7.46600079365079,104,0,False,False,,,,,,,,,,,
margin,San Diego State,scientific_f4_m3,-7.647917388167394,105,0,False,False,,,,,,,,,,,
margin,Hawai'i,scientific_f4_m3,-7.776962337662342,106,0,False,False,,,,,,,,,,,
margin,Stanford,scientific_f4_m3,-7.84365656565657,107,0,False,False,,,,,,,,,,,
margin,Sam Houston,scientific_f4_m3,-8.159981746031745,108,0,False,False,,,,,,,,,,,
margin,Oklahoma State,scientific_f4_m3,-8.214589682539684,109,0,False,False,,,,,,,,,,,
margin,Boston College,scientific_f4_m3,-8.738524603174602,110,0,False,False,,,,,,,,,,,
margin,UNLV,scientific_f4_m3,-8.83443650793651,111,0,False,False,,,,,,,,,,,
margin,Utah State,scientific_f4_m3,-9.552756349206346,112,0,False,False,,,,,,,,,,,
margin,Ohio,scientific_f4_m3,-9.672126190476186,113,0,False,False,,,,,,,,,,,
margin,UAB,scientific_f4_m3,-9.927076984126982,114,0,False,False,,,,,,,,,,,
margin,California,scientific_f4_m3,-9.954226984126985,115,0,False,False,,,,,,,,,,,
margin,San José State,scientific_f4_m3,-10.344258730158733,116,0,False,False,,,,,,,,,,,
margin,Sacramento State,scientific_f4_m3,-10.361570634920641,117,0,False,False,,,,,,,,,,,
margin,Rutgers,scientific_f4_m3,-10.930949711399712,118,0,False,False,,,,,,,,,,,
margin,Oregon State,scientific_f4_m3,-11.348652380952382,119,0,False,False,,,,,,,,,,,
margin,Washington State,scientific_f4_m3,-11.621139682539692,120,0,False,False,,,,,,,,,,,
margin,UTEP,scientific_f4_m3,-11.867946031746033,121,0,False,False,,,,,,,,,,,
margin,Buffalo,scientific_f4_m3,-11.971823015873017,122,0,False,False,,,,,,,,,,,
margin,Texas State,scientific_f4_m3,-12.453928787878786,123,0,False,False,,,,,,,,,,,
margin,East Carolina,scientific_f4_m3,-12.657340476190484,124,0,False,False,,,,,,,,,,,
margin,Rice,scientific_f4_m3,-12.729815367965369,125,0,False,False,,,,,,,,,,,
margin,Wyoming,scientific_f4_m3,-13.06320238095238,126,0,False,False,,,,,,,,,,,
margin,Eastern Michigan,scientific_f4_m3,-13.282996392496393,127,0,False,False,,,,,,,,,,,
margin,Missouri State,scientific_f4_m3,-14.329367460317462,128,0,False,False,,,,,,,,,,,
margin,Marshall,scientific_f4_m3,-14.465039682539683,129,0,False,False,,,,,,,,,,,
margin,Central Michigan,scientific_f4_m3,-14.785414285714289,130,0,False,False,,,,,,,,,,,
margin,Florida Atlantic,scientific_f4_m3,-15.638676190476199,131,0,False,False,,,,,,,,,,,
margin,Bowling Green,scientific_f4_m3,-17.252890548340556,132,0,False,False,,,,,,,,,,,
margin,Ball State,scientific_f4_m3,-17.275284126984133,133,0,False,False,,,,,,,,,,,
margin,Western Kentucky,scientific_f4_m3,-17.51377337662338,134,0,False,False,,,,,,,,,,,
margin,Charlotte,scientific_f4_m3,-18.378005555555543,135,0,False,False,,,,,,,,,,,
margin,Northern Illinois,scientific_f4_m3,-18.701081746031747,136,0,False,False,,,,,,,,,,,
margin,UL Monroe,scientific_f4_m3,-19.870323809523796,137,0,False,False,,,,,,,,,,,
margin,Kent State,scientific_f4_m3,-20.768624603174594,138,0,False,False,,,,,,,,,,,
margin,Georgia,scientific_f4_m4,35.920159718520736,1,25,True,True,,,,,,,,,,,
margin,Notre Dame,scientific_f4_m4,27.73985467543468,2,24,True,False,,,,,,,,,,,
margin,Alabama,scientific_f4_m4,26.874240555667733,3,23,True,False,,,,,,,,,,,
margin,Ohio State,scientific_f4_m4,26.457971312197202,4,22,True,False,,,,,,,,,,,
margin,Miami,scientific_f4_m4,26.133603559463626,5,21,True,False,,,,,,,,,,,
margin,Indiana,scientific_f4_m4,25.728202898004263,6,20,True,False,,,,,,,,,,,
margin,Texas A&M,scientific_f4_m4,25.246612026333022,7,19,True,False,,,,,,,,,,,
margin,LSU,scientific_f4_m4,25.209276020829837,8,18,True,False,,,,,,,,,,,
margin,Kansas State,scientific_f4_m4,25.12062949395934,9,17,True,False,,,,,,,,,,,
margin,Texas,scientific_f4_m4,24.220577455852094,10,16,True,False,,,,,,,,,,,
margin,Houston,scientific_f4_m4,23.945757591517264,11,15,True,False,,,,,,,,,,,
margin,BYU,scientific_f4_m4,23.771427419788914,12,14,True,False,,,,,,,,,,,
margin,Virginia,scientific_f4_m4,22.398498218896002,13,13,True,False,,,,,,,,,,,
margin,Utah,scientific_f4_m4,22.386235131567307,14,12,True,False,,,,,,,,,,,
margin,Florida,scientific_f4_m4,22.252168576581187,15,11,True,False,,,,,,,,,,,
margin,Louisville,scientific_f4_m4,21.3490413075587,16,10,True,False,,,,,,,,,,,
margin,Tennessee,scientific_f4_m4,21.201995169451237,17,9,True,False,,,,,,,,,,,
margin,James Madison,scientific_f4_m4,21.104919939091285,18,8,True,False,,,,,,,,,,,
margin,USC,scientific_f4_m4,20.827134087742614,19,7,True,False,,,,,,,,,,,
margin,SMU,scientific_f4_m4,20.435610117102055,20,6,True,False,,,,,,,,,,,
margin,Mississippi State,scientific_f4_m4,19.195142825613505,21,5,True,False,,,,,,,,,,,
margin,Missouri,scientific_f4_m4,18.919237200148608,22,4,True,False,,,,,,,,,,,
margin,Nebraska,scientific_f4_m4,18.094769503015694,23,3,True,False,,,,,,,,,,,
margin,Ole Miss,scientific_f4_m4,18.059060762012464,24,2,True,False,,,,,,,,,,,
margin,South Carolina,scientific_f4_m4,18.018821451708195,25,1,True,False,,,,,,,,,,,
margin,Oklahoma,scientific_f4_m4,17.842922476989433,26,0,False,False,,,,,,,,,,,
margin,Pittsburgh,scientific_f4_m4,14.312155066441596,27,0,False,False,,,,,,,,,,,
margin,Penn State,scientific_f4_m4,13.923936006721844,28,0,False,False,,,,,,,,,,,
margin,UCLA,scientific_f4_m4,13.833741430521181,29,0,False,False,,,,,,,,,,,
margin,NC State,scientific_f4_m4,13.757259054034279,30,0,False,False,,,,,,,,,,,
margin,Cincinnati,scientific_f4_m4,13.427332659484065,31,0,False,False,,,,,,,,,,,
margin,UTSA,scientific_f4_m4,12.338946856828636,32,0,False,False,,,,,,,,,,,
margin,West Virginia,scientific_f4_m4,12.10010792695843,33,0,False,False,,,,,,,,,,,
margin,Auburn,scientific_f4_m4,11.49280566036082,34,0,False,False,,,,,,,,,,,
margin,Maryland,scientific_f4_m4,10.600769765974242,35,0,False,False,,,,,,,,,,,
margin,New Mexico,scientific_f4_m4,10.394849967243502,36,0,False,False,,,,,,,,,,,
margin,Michigan State,scientific_f4_m4,10.030601258008149,37,0,False,False,,,,,,,,,,,
margin,Virginia Tech,scientific_f4_m4,9.83544157753839,38,0,False,False,,,,,,,,,,,
margin,Boise State,scientific_f4_m4,8.905316022604675,39,0,False,False,,,,,,,,,,,
margin,Arizona State,scientific_f4_m4,8.850178186735095,40,0,False,False,,,,,,,,,,,
margin,TCU,scientific_f4_m4,8.83374112865829,41,0,False,False,,,,,,,,,,,
margin,Texas Tech,scientific_f4_m4,8.670884158204732,42,0,False,False,,,,,,,,,,,
margin,Michigan,scientific_f4_m4,8.486814276457736,43,0,False,False,,,,,,,,,,,
margin,Oregon,scientific_f4_m4,8.484829853892649,44,0,False,False,,,,,,,,,,,
margin,Duke,scientific_f4_m4,8.480433128235942,45,0,False,False,,,,,,,,,,,
margin,Wake Forest,scientific_f4_m4,7.965075502541093,46,0,False,False,,,,,,,,,,,
margin,Arizona,scientific_f4_m4,7.573451837481637,47,0,False,False,,,,,,,,,,,
margin,Florida State,scientific_f4_m4,7.395913913289179,48,0,False,False,,,,,,,,,,,
margin,UCF,scientific_f4_m4,7.340161973300447,49,0,False,False,,,,,,,,,,,
margin,Iowa,scientific_f4_m4,7.095677888790872,50,0,False,False,,,,,,,,,,,
margin,Colorado State,scientific_f4_m4,7.0419536284279705,51,0,False,False,,,,,,,,,,,
margin,Northwestern,scientific_f4_m4,6.768449543508929,52,0,False,False,,,,,,,,,,,
margin,North Carolina,scientific_f4_m4,6.399995120538298,53,0,False,False,,,,,,,,,,,
margin,Baylor,scientific_f4_m4,6.300874308098802,54,0,False,False,,,,,,,,,,,
margin,Kansas,scientific_f4_m4,6.1375650555648065,55,0,False,False,,,,,,,,,,,
margin,Army,scientific_f4_m4,5.876783997604014,56,0,False,False,,,,,,,,,,,
margin,Kentucky,scientific_f4_m4,5.651688720177003,57,0,False,False,,,,,,,,,,,
margin,Minnesota,scientific_f4_m4,5.5509609666099,58,0,False,False,,,,,,,,,,,
margin,Syracuse,scientific_f4_m4,5.542415217670335,59,0,False,False,,,,,,,,,,,
margin,Iowa State,scientific_f4_m4,5.389130335012771,60,0,False,False,,,,,,,,,,,
margin,Washington,scientific_f4_m4,4.1444622064477405,61,0,False,False,,,,,,,,,,,
margin,Purdue,scientific_f4_m4,3.9506136968955383,62,0,False,False,,,,,,,,,,,
margin,Toledo,scientific_f4_m4,3.857599023717154,63,0,False,False,,,,,,,,,,,
margin,Delaware,scientific_f4_m4,3.2237808986040264,64,0,False,False,,,,,,,,,,,
margin,Georgia State,scientific_f4_m4,3.215799931774595,65,0,False,False,,,,,,,,,,,
margin,South Alabama,scientific_f4_m4,2.608539824290044,66,0,False,False,,,,,,,,,,,
margin,Colorado,scientific_f4_m4,2.3504106656120776,67,0,False,False,,,,,,,,,,,
margin,Vanderbilt,scientific_f4_m4,2.121590429741907,68,0,False,False,,,,,,,,,,,
margin,Louisiana Tech,scientific_f4_m4,1.7659343312169444,69,0,False,False,,,,,,,,,,,
margin,Illinois,scientific_f4_m4,1.69047848577349,70,0,False,False,,,,,,,,,,,
margin,Arkansas State,scientific_f4_m4,1.668790215442424,71,0,False,False,,,,,,,,,,,
margin,Clemson,scientific_f4_m4,1.5343441745753372,72,0,False,False,,,,,,,,,,,
margin,Georgia Southern,scientific_f4_m4,1.247305048221605,73,0,False,False,,,,,,,,,,,
margin,Air Force,scientific_f4_m4,0.8085682634129551,74,0,False,False,,,,,,,,,,,
margin,Louisiana,scientific_f4_m4,0.20895644034712854,75,0,False,False,,,,,,,,,,,
margin,Kennesaw State,scientific_f4_m4,0.1598896661646725,76,0,False,False,,,,,,,,,,,
margin,Jacksonville State,scientific_f4_m4,-0.13626686860249437,77,0,False,False,,,,,,,,,,,
margin,Akron,scientific_f4_m4,-0.3317926030461549,78,0,False,False,,,,,,,,,,,
margin,Southern Miss,scientific_f4_m4,-0.45498410371039777,79,0,False,False,,,,,,,,,,,
margin,Navy,scientific_f4_m4,-1.0965205994980816,80,0,False,False,,,,,,,,,,,
margin,Wisconsin,scientific_f4_m4,-1.417551771814755,81,0,False,False,,,,,,,,,,,
margin,North Texas,scientific_f4_m4,-1.478026542418034,82,0,False,False,,,,,,,,,,,
margin,Tulane,scientific_f4_m4,-1.494581888495429,83,0,False,False,,,,,,,,,,,
margin,Stanford,scientific_f4_m4,-2.0801646779106173,84,0,False,False,,,,,,,,,,,
margin,North Dakota State,scientific_f4_m4,-2.087020064390286,85,0,False,False,,,,,,,,,,,
margin,App State,scientific_f4_m4,-2.181417500173637,86,0,False,False,,,,,,,,,,,
margin,South Florida,scientific_f4_m4,-2.9010635215789566,87,0,False,False,,,,,,,,,,,
margin,Western Michigan,scientific_f4_m4,-2.93255964245689,88,0,False,False,,,,,,,,,,,
margin,Fresno State,scientific_f4_m4,-3.2008727510834936,89,0,False,False,,,,,,,,,,,
margin,UConn,scientific_f4_m4,-3.5621400019492184,90,0,False,False,,,,,,,,,,,
margin,New Mexico State,scientific_f4_m4,-4.005359822568655,91,0,False,False,,,,,,,,,,,
margin,San Diego State,scientific_f4_m4,-4.127036353829112,92,0,False,False,,,,,,,,,,,
margin,Arkansas,scientific_f4_m4,-4.176964089369802,93,0,False,False,,,,,,,,,,,
margin,Coastal Carolina,scientific_f4_m4,-4.2520587871506645,94,0,False,False,,,,,,,,,,,
margin,Old Dominion,scientific_f4_m4,-4.5731675105602365,95,0,False,False,,,,,,,,,,,
margin,Temple,scientific_f4_m4,-4.675663235797502,96,0,False,False,,,,,,,,,,,
margin,Memphis,scientific_f4_m4,-4.875586803271328,97,0,False,False,,,,,,,,,,,
margin,Troy,scientific_f4_m4,-4.904540502400991,98,0,False,False,,,,,,,,,,,
margin,Liberty,scientific_f4_m4,-6.036840197986368,99,0,False,False,,,,,,,,,,,
margin,Washington State,scientific_f4_m4,-6.093017055926549,100,0,False,False,,,,,,,,,,,
margin,Miami (OH),scientific_f4_m4,-6.385648908584436,101,0,False,False,,,,,,,,,,,
margin,Tulsa,scientific_f4_m4,-7.1211579188793905,102,0,False,False,,,,,,,,,,,
margin,Hawai'i,scientific_f4_m4,-7.505656181410395,103,0,False,False,,,,,,,,,,,
margin,UAB,scientific_f4_m4,-8.008152296962198,104,0,False,False,,,,,,,,,,,
margin,Florida International,scientific_f4_m4,-8.078700599769508,105,0,False,False,,,,,,,,,,,
margin,Oklahoma State,scientific_f4_m4,-8.087599103787472,106,0,False,False,,,,,,,,,,,
margin,UNLV,scientific_f4_m4,-8.293828119594517,107,0,False,False,,,,,,,,,,,
margin,Georgia Tech,scientific_f4_m4,-8.337931645262369,108,0,False,False,,,,,,,,,,,
margin,Middle Tennessee,scientific_f4_m4,-9.118978499102425,109,0,False,False,,,,,,,,,,,
margin,Boston College,scientific_f4_m4,-9.480028281544842,110,0,False,False,,,,,,,,,,,
margin,Massachusetts,scientific_f4_m4,-10.207136237205596,111,0,False,False,,,,,,,,,,,
margin,Utah State,scientific_f4_m4,-10.357134602792765,112,0,False,False,,,,,,,,,,,
margin,San José State,scientific_f4_m4,-10.450930508731453,113,0,False,False,,,,,,,,,,,
margin,Rutgers,scientific_f4_m4,-10.518980620256812,114,0,False,False,,,,,,,,,,,
margin,Oregon State,scientific_f4_m4,-10.582921499001053,115,0,False,False,,,,,,,,,,,
margin,Sacramento State,scientific_f4_m4,-10.810498620241916,116,0,False,False,,,,,,,,,,,
margin,Texas State,scientific_f4_m4,-10.896105331738237,117,0,False,False,,,,,,,,,,,
margin,Ohio,scientific_f4_m4,-11.029505591136182,118,0,False,False,,,,,,,,,,,
margin,Nevada,scientific_f4_m4,-11.228257397513655,119,0,False,False,,,,,,,,,,,
margin,East Carolina,scientific_f4_m4,-11.886578673509478,120,0,False,False,,,,,,,,,,,
margin,Missouri State,scientific_f4_m4,-13.015327328800725,121,0,False,False,,,,,,,,,,,
margin,UTEP,scientific_f4_m4,-13.276551244491612,122,0,False,False,,,,,,,,,,,
margin,Rice,scientific_f4_m4,-13.35733502425076,123,0,False,False,,,,,,,,,,,
margin,Buffalo,scientific_f4_m4,-13.593986316267102,124,0,False,False,,,,,,,,,,,
margin,California,scientific_f4_m4,-14.003037549256414,125,0,False,False,,,,,,,,,,,
margin,Eastern Michigan,scientific_f4_m4,-14.424663796652718,126,0,False,False,,,,,,,,,,,
margin,Florida Atlantic,scientific_f4_m4,-15.721981903753237,127,0,False,False,,,,,,,,,,,
margin,Western Kentucky,scientific_f4_m4,-15.779375955355423,128,0,False,False,,,,,,,,,,,
margin,Marshall,scientific_f4_m4,-15.863969349971828,129,0,False,False,,,,,,,,,,,
margin,Northern Illinois,scientific_f4_m4,-15.895682480106958,130,0,False,False,,,,,,,,,,,
margin,Central Michigan,scientific_f4_m4,-15.966364592693413,131,0,False,False,,,,,,,,,,,
margin,Ball State,scientific_f4_m4,-17.647284465747788,132,0,False,False,,,,,,,,,,,
margin,Wyoming,scientific_f4_m4,-17.952876398803102,133,0,False,False,,,,,,,,,,,
margin,Bowling Green,scientific_f4_m4,-18.03747341939363,134,0,False,False,,,,,,,,,,,
margin,Sam Houston,scientific_f4_m4,-19.146923755104197,135,0,False,False,,,,,,,,,,,
margin,Charlotte,scientific_f4_m4,-20.51377553590788,136,0,False,False,,,,,,,,,,,
margin,Kent State,scientific_f4_m4,-22.32198156330228,137,0,False,False,,,,,,,,,,,
margin,UL Monroe,scientific_f4_m4,-23.449056357416172,138,0,False,False,,,,,,,,,,,
margin,Georgia,scientific_f4_m5,44.03178405761719,1,25,True,True,,,,,,,,,,,
margin,Arizona State,scientific_f4_m5,29.58637809753418,2,24,True,False,,,,,,,,,,,
margin,Indiana,scientific_f4_m5,26.607892990112305,3,23,True,False,,,,,,,,,,,
margin,Notre Dame,scientific_f4_m5,26.37055778503418,4,22,True,False,,,,,,,,,,,
margin,Kansas State,scientific_f4_m5,25.8062686920166,5,21,True,False,,,,,,,,,,,
margin,Penn State,scientific_f4_m5,24.732852935791016,6,20,True,False,,,,,,,,,,,
margin,Minnesota,scientific_f4_m5,23.692943572998047,7,19,True,False,,,,,,,,,,,
margin,Tennessee,scientific_f4_m5,21.670740127563477,8,18,True,False,,,,,,,,,,,
margin,South Carolina,scientific_f4_m5,21.40741539001465,9,17,True,False,,,,,,,,,,,
margin,James Madison,scientific_f4_m5,19.913366317749023,10,16,True,False,,,,,,,,,,,
margin,LSU,scientific_f4_m5,19.89900016784668,11,15,True,False,,,,,,,,,,,
margin,UCLA,scientific_f4_m5,18.247190475463867,12,14,True,False,,,,,,,,,,,
margin,Duke,scientific_f4_m5,17.736818313598633,13,13,True,False,,,,,,,,,,,
margin,SMU,scientific_f4_m5,16.655839920043945,14,12,True,False,,,,,,,,,,,
margin,NC State,scientific_f4_m5,16.311420440673828,15,11,True,False,,,,,,,,,,,
margin,Texas,scientific_f4_m5,16.275985717773438,16,10,True,False,,,,,,,,,,,
margin,Washington,scientific_f4_m5,16.231624603271484,17,9,True,False,,,,,,,,,,,
margin,Virginia Tech,scientific_f4_m5,14.783063888549805,18,8,True,False,,,,,,,,,,,
margin,Michigan,scientific_f4_m5,14.609930038452148,19,7,True,False,,,,,,,,,,,
margin,Liberty,scientific_f4_m5,14.414356231689453,20,6,True,False,,,,,,,,,,,
margin,Oregon,scientific_f4_m5,14.220746994018555,21,5,True,False,,,,,,,,,,,
margin,Texas A&M,scientific_f4_m5,13.559259414672852,22,4,True,False,,,,,,,,,,,
margin,Florida State,scientific_f4_m5,13.447807312011719,23,3,True,False,,,,,,,,,,,
margin,USC,scientific_f4_m5,13.004985809326172,24,2,True,False,,,,,,,,,,,
margin,Alabama,scientific_f4_m5,12.988842010498047,25,1,True,False,,,,,,,,,,,
margin,Colorado State,scientific_f4_m5,12.190690994262695,26,0,False,False,,,,,,,,,,,
margin,South Alabama,scientific_f4_m5,12.025253295898438,27,0,False,False,,,,,,,,,,,
margin,Sam Houston,scientific_f4_m5,11.961581230163574,28,0,False,False,,,,,,,,,,,
margin,Auburn,scientific_f4_m5,11.307313919067383,29,0,False,False,,,,,,,,,,,
margin,BYU,scientific_f4_m5,11.304811477661133,30,0,False,False,,,,,,,,,,,
margin,Colorado,scientific_f4_m5,10.557306289672852,31,0,False,False,,,,,,,,,,,
margin,Oklahoma,scientific_f4_m5,10.556524276733398,32,0,False,False,,,,,,,,,,,
margin,Missouri,scientific_f4_m5,10.283468246459961,33,0,False,False,,,,,,,,,,,
margin,Pittsburgh,scientific_f4_m5,10.26021671295166,34,0,False,False,,,,,,,,,,,
margin,Vanderbilt,scientific_f4_m5,9.302557945251465,35,0,False,False,,,,,,,,,,,
margin,Iowa,scientific_f4_m5,9.177051544189453,36,0,False,False,,,,,,,,,,,
margin,Ohio State,scientific_f4_m5,8.836355209350586,37,0,False,False,,,,,,,,,,,
margin,Kansas,scientific_f4_m5,8.782556533813477,38,0,False,False,,,,,,,,,,,
margin,San José State,scientific_f4_m5,8.776189804077148,39,0,False,False,,,,,,,,,,,
margin,Toledo,scientific_f4_m5,8.43548583984375,40,0,False,False,,,,,,,,,,,
margin,Wisconsin,scientific_f4_m5,8.394465446472168,41,0,False,False,,,,,,,,,,,
margin,Houston,scientific_f4_m5,8.383694648742676,42,0,False,False,,,,,,,,,,,
margin,Virginia,scientific_f4_m5,8.260641098022461,43,0,False,False,,,,,,,,,,,
margin,Maryland,scientific_f4_m5,7.5267767906188965,44,0,False,False,,,,,,,,,,,
margin,Louisiana Tech,scientific_f4_m5,7.13076639175415,45,0,False,False,,,,,,,,,,,
margin,Syracuse,scientific_f4_m5,6.691012859344482,46,0,False,False,,,,,,,,,,,
margin,Kentucky,scientific_f4_m5,6.638205051422119,47,0,False,False,,,,,,,,,,,
margin,Mississippi State,scientific_f4_m5,6.133663654327393,48,0,False,False,,,,,,,,,,,
margin,Kennesaw State,scientific_f4_m5,5.883107662200928,49,0,False,False,,,,,,,,,,,
margin,Sacramento State,scientific_f4_m5,5.666869163513184,50,0,False,False,,,,,,,,,,,
margin,Georgia Tech,scientific_f4_m5,5.587671756744385,51,0,False,False,,,,,,,,,,,
margin,Louisiana,scientific_f4_m5,5.580475330352783,52,0,False,False,,,,,,,,,,,
margin,Georgia State,scientific_f4_m5,5.4156928062438965,53,0,False,False,,,,,,,,,,,
margin,Northwestern,scientific_f4_m5,5.302345275878906,54,0,False,False,,,,,,,,,,,
margin,Missouri State,scientific_f4_m5,4.895445823669434,55,0,False,False,,,,,,,,,,,
margin,Rice,scientific_f4_m5,4.071164131164551,56,0,False,False,,,,,,,,,,,
margin,Purdue,scientific_f4_m5,3.9809231758117676,57,0,False,False,,,,,,,,,,,
margin,Stanford,scientific_f4_m5,3.929347038269043,58,0,False,False,,,,,,,,,,,
margin,UCF,scientific_f4_m5,3.854355812072754,59,0,False,False,,,,,,,,,,,
margin,Arkansas,scientific_f4_m5,3.4696056842803955,60,0,False,False,,,,,,,,,,,
margin,Ole Miss,scientific_f4_m5,3.404933452606201,61,0,False,False,,,,,,,,,,,
margin,Hawai'i,scientific_f4_m5,3.3315000534057617,62,0,False,False,,,,,,,,,,,
margin,Illinois,scientific_f4_m5,2.960862159729004,63,0,False,False,,,,,,,,,,,
margin,Navy,scientific_f4_m5,2.604980945587158,64,0,False,False,,,,,,,,,,,
margin,Miami,scientific_f4_m5,2.433493137359619,65,0,False,False,,,,,,,,,,,
margin,Air Force,scientific_f4_m5,2.358757257461548,66,0,False,False,,,,,,,,,,,
margin,Boston College,scientific_f4_m5,2.1056947708129883,67,0,False,False,,,,,,,,,,,
margin,Cincinnati,scientific_f4_m5,1.8116860389709473,68,0,False,False,,,,,,,,,,,
margin,Utah,scientific_f4_m5,1.682882308959961,69,0,False,False,,,,,,,,,,,
margin,Northern Illinois,scientific_f4_m5,1.3664445877075195,70,0,False,False,,,,,,,,,,,
margin,Washington State,scientific_f4_m5,1.3508405685424805,71,0,False,False,,,,,,,,,,,
margin,Tulane,scientific_f4_m5,1.222986102104187,72,0,False,False,,,,,,,,,,,
margin,Coastal Carolina,scientific_f4_m5,0.8816514611244202,73,0,False,False,,,,,,,,,,,
margin,Arizona,scientific_f4_m5,0.574458658695221,74,0,False,False,,,,,,,,,,,
margin,Nebraska,scientific_f4_m5,0.17736393213272095,75,0,False,False,,,,,,,,,,,
margin,Georgia Southern,scientific_f4_m5,0.15447074174880981,76,0,False,False,,,,,,,,,,,
margin,North Carolina,scientific_f4_m5,-0.2571529746055603,77,0,False,False,,,,,,,,,,,
margin,East Carolina,scientific_f4_m5,-0.30577701330184937,78,0,False,False,,,,,,,,,,,
margin,Akron,scientific_f4_m5,-0.32399600744247437,79,0,False,False,,,,,,,,,,,
margin,Florida,scientific_f4_m5,-0.8036937117576599,80,0,False,False,,,,,,,,,,,
margin,Florida International,scientific_f4_m5,-0.8074797987937927,81,0,False,False,,,,,,,,,,,
margin,Baylor,scientific_f4_m5,-1.0819051265716553,82,0,False,False,,,,,,,,,,,
margin,West Virginia,scientific_f4_m5,-1.1593232154846191,83,0,False,False,,,,,,,,,,,
margin,Ohio,scientific_f4_m5,-1.2164874076843262,84,0,False,False,,,,,,,,,,,
margin,Buffalo,scientific_f4_m5,-1.4987449645996094,85,0,False,False,,,,,,,,,,,
margin,UConn,scientific_f4_m5,-1.60968017578125,86,0,False,False,,,,,,,,,,,
margin,Oklahoma State,scientific_f4_m5,-1.986144781112671,87,0,False,False,,,,,,,,,,,
margin,California,scientific_f4_m5,-2.0846238136291504,88,0,False,False,,,,,,,,,,,
margin,Old Dominion,scientific_f4_m5,-2.7919864654541016,89,0,False,False,,,,,,,,,,,
margin,App State,scientific_f4_m5,-3.015864372253418,90,0,False,False,,,,,,,,,,,
margin,UTSA,scientific_f4_m5,-3.9464759826660156,91,0,False,False,,,,,,,,,,,
margin,New Mexico State,scientific_f4_m5,-3.9472622871398926,92,0,False,False,,,,,,,,,,,
margin,Clemson,scientific_f4_m5,-4.088677883148193,93,0,False,False,,,,,,,,,,,
margin,Temple,scientific_f4_m5,-4.167773246765137,94,0,False,False,,,,,,,,,,,
margin,UTEP,scientific_f4_m5,-4.866082668304443,95,0,False,False,,,,,,,,,,,
margin,Texas State,scientific_f4_m5,-5.301817417144775,96,0,False,False,,,,,,,,,,,
margin,TCU,scientific_f4_m5,-5.418419361114502,97,0,False,False,,,,,,,,,,,
margin,Delaware,scientific_f4_m5,-5.563269138336182,98,0,False,False,,,,,,,,,,,
margin,South Florida,scientific_f4_m5,-6.176996231079102,99,0,False,False,,,,,,,,,,,
margin,Western Michigan,scientific_f4_m5,-6.217281818389893,100,0,False,False,,,,,,,,,,,
margin,New Mexico,scientific_f4_m5,-6.26896333694458,101,0,False,False,,,,,,,,,,,
margin,Michigan State,scientific_f4_m5,-6.3129563331604,102,0,False,False,,,,,,,,,,,
margin,Tulsa,scientific_f4_m5,-6.336216926574707,103,0,False,False,,,,,,,,,,,
margin,San Diego State,scientific_f4_m5,-7.002638816833496,104,0,False,False,,,,,,,,,,,
margin,Jacksonville State,scientific_f4_m5,-7.149108409881592,105,0,False,False,,,,,,,,,,,
margin,Boise State,scientific_f4_m5,-7.409887313842773,106,0,False,False,,,,,,,,,,,
margin,Texas Tech,scientific_f4_m5,-7.6938557624816895,107,0,False,False,,,,,,,,,,,
margin,Iowa State,scientific_f4_m5,-8.477169036865234,108,0,False,False,,,,,,,,,,,
margin,Fresno State,scientific_f4_m5,-8.526596069335938,109,0,False,False,,,,,,,,,,,
margin,UNLV,scientific_f4_m5,-8.667939186096191,110,0,False,False,,,,,,,,,,,
margin,Wake Forest,scientific_f4_m5,-8.707901000976562,111,0,False,False,,,,,,,,,,,
margin,Florida Atlantic,scientific_f4_m5,-9.736316680908203,112,0,False,False,,,,,,,,,,,
margin,Marshall,scientific_f4_m5,-10.160893440246582,113,0,False,False,,,,,,,,,,,
margin,Troy,scientific_f4_m5,-10.531018257141113,114,0,False,False,,,,,,,,,,,
margin,UL Monroe,scientific_f4_m5,-11.775328636169434,115,0,False,False,,,,,,,,,,,
margin,Louisville,scientific_f4_m5,-12.06290340423584,116,0,False,False,,,,,,,,,,,
margin,Bowling Green,scientific_f4_m5,-12.71904182434082,117,0,False,False,,,,,,,,,,,
margin,North Dakota State,scientific_f4_m5,-13.120948791503906,118,0,False,False,,,,,,,,,,,
margin,Southern Miss,scientific_f4_m5,-15.277600288391113,119,0,False,False,,,,,,,,,,,
margin,Memphis,scientific_f4_m5,-15.867427825927734,120,0,False,False,,,,,,,,,,,
margin,Miami (OH),scientific_f4_m5,-16.042417526245117,121,0,False,False,,,,,,,,,,,
margin,Ball State,scientific_f4_m5,-16.98816680908203,122,0,False,False,,,,,,,,,,,
margin,Central Michigan,scientific_f4_m5,-17.101238250732422,123,0,False,False,,,,,,,,,,,
margin,Rutgers,scientific_f4_m5,-18.162321090698242,124,0,False,False,,,,,,,,,,,
margin,Nevada,scientific_f4_m5,-19.12508201599121,125,0,False,False,,,,,,,,,,,
margin,Charlotte,scientific_f4_m5,-20.799108505249023,126,0,False,False,,,,,,,,,,,
margin,Army,scientific_f4_m5,-21.217552185058594,127,0,False,False,,,,,,,,,,,
margin,Middle Tennessee,scientific_f4_m5,-21.788238525390625,128,0,False,False,,,,,,,,,,,
margin,Kent State,scientific_f4_m5,-21.959123611450195,129,0,False,False,,,,,,,,,,,
margin,Wyoming,scientific_f4_m5,-22.35426139831543,130,0,False,False,,,,,,,,,,,
margin,Massachusetts,scientific_f4_m5,-22.509721755981445,131,0,False,False,,,,,,,,,,,
margin,Oregon State,scientific_f4_m5,-24.21312141418457,132,0,False,False,,,,,,,,,,,
margin,Utah State,scientific_f4_m5,-25.39823341369629,133,0,False,False,,,,,,,,,,,
margin,Eastern Michigan,scientific_f4_m5,-27.54814338684082,134,0,False,False,,,,,,,,,,,
margin,Western Kentucky,scientific_f4_m5,-29.32067108154297,135,0,False,False,,,,,,,,,,,
margin,UAB,scientific_f4_m5,-32.47065353393555,136,0,False,False,,,,,,,,,,,
margin,Arkansas State,scientific_f4_m5,-32.54276657104492,137,0,False,False,,,,,,,,,,,
margin,North Texas,scientific_f4_m5,-34.62422180175781,138,0,False,False,,,,,,,,,,,
margin,LSU,scientific_f4_m10,31.804713318341634,1,25,True,True,,,,,,,,,,,
margin,Kansas State,scientific_f4_m10,27.150001238806365,2,24,True,False,,,,,,,,,,,
margin,Utah,scientific_f4_m10,26.762654246645383,3,23,True,False,,,,,,,,,,,
margin,BYU,scientific_f4_m10,25.679622892428164,4,22,True,False,,,,,,,,,,,
margin,Michigan,scientific_f4_m10,25.023821628468312,5,21,True,False,,,,,,,,,,,
margin,Virginia Tech,scientific_f4_m10,24.426104561997825,6,20,True,False,,,,,,,,,,,
margin,Cincinnati,scientific_f4_m10,22.228617678202067,7,19,True,False,,,,,,,,,,,
margin,Ohio State,scientific_f4_m10,21.885968186311363,8,18,True,False,,,,,,,,,,,
margin,Georgia State,scientific_f4_m10,21.268799449080152,9,17,True,False,,,,,,,,,,,
margin,Indiana,scientific_f4_m10,21.173294979123042,10,16,True,False,,,,,,,,,,,
margin,Texas A&M,scientific_f4_m10,20.285146719435886,11,15,True,False,,,,,,,,,,,
margin,Alabama,scientific_f4_m10,19.95676600329462,12,14,True,False,,,,,,,,,,,
margin,Georgia,scientific_f4_m10,19.688406296209784,13,13,True,False,,,,,,,,,,,
margin,New Mexico,scientific_f4_m10,19.093279819249375,14,12,True,False,,,,,,,,,,,
margin,NC State,scientific_f4_m10,18.91311296402067,15,11,True,False,,,,,,,,,,,
margin,Florida,scientific_f4_m10,18.12621251947453,16,10,True,False,,,,,,,,,,,
margin,Houston,scientific_f4_m10,17.782296000364813,17,9,True,False,,,,,,,,,,,
margin,Mississippi State,scientific_f4_m10,17.561052757376224,18,8,True,False,,,,,,,,,,,
margin,Tennessee,scientific_f4_m10,17.401846339505955,19,7,True,False,,,,,,,,,,,
margin,South Carolina,scientific_f4_m10,17.145960582939924,20,6,True,False,,,,,,,,,,,
margin,Texas,scientific_f4_m10,16.99790446011521,21,5,True,False,,,,,,,,,,,
margin,USC,scientific_f4_m10,16.802632444723173,22,4,True,False,,,,,,,,,,,
margin,Miami,scientific_f4_m10,16.48522098176513,23,3,True,False,,,,,,,,,,,
margin,Maryland,scientific_f4_m10,16.37409979928222,24,2,True,False,,,,,,,,,,,
margin,Colorado State,scientific_f4_m10,16.256787920110725,25,1,True,False,,,,,,,,,,,
margin,Arizona State,scientific_f4_m10,15.891707579812282,26,0,False,False,,,,,,,,,,,
margin,Northwestern,scientific_f4_m10,15.119291958103414,27,0,False,False,,,,,,,,,,,
margin,Oregon,scientific_f4_m10,15.063043763774333,28,0,False,False,,,,,,,,,,,
margin,SMU,scientific_f4_m10,14.53392955723392,29,0,False,False,,,,,,,,,,,
margin,Nebraska,scientific_f4_m10,14.516468335378589,30,0,False,False,,,,,,,,,,,
margin,Virginia,scientific_f4_m10,14.131160287235149,31,0,False,False,,,,,,,,,,,
margin,Ole Miss,scientific_f4_m10,14.127702996862144,32,0,False,False,,,,,,,,,,,
margin,TCU,scientific_f4_m10,13.253747518486964,33,0,False,False,,,,,,,,,,,
margin,UCLA,scientific_f4_m10,13.066608992938713,34,0,False,False,,,,,,,,,,,
margin,App State,scientific_f4_m10,13.064478346137392,35,0,False,False,,,,,,,,,,,
margin,Notre Dame,scientific_f4_m10,12.46455412158525,36,0,False,False,,,,,,,,,,,
margin,Oklahoma,scientific_f4_m10,12.2194188350661,37,0,False,False,,,,,,,,,,,
margin,Pittsburgh,scientific_f4_m10,12.009811116482965,38,0,False,False,,,,,,,,,,,
margin,James Madison,scientific_f4_m10,11.210362248289677,39,0,False,False,,,,,,,,,,,
margin,Toledo,scientific_f4_m10,11.121393907942972,40,0,False,False,,,,,,,,,,,
margin,Syracuse,scientific_f4_m10,10.888373497951036,41,0,False,False,,,,,,,,,,,
margin,Missouri,scientific_f4_m10,10.854630121168588,42,0,False,False,,,,,,,,,,,
margin,Kansas,scientific_f4_m10,10.449233767752458,43,0,False,False,,,,,,,,,,,
margin,Louisville,scientific_f4_m10,10.440278316759409,44,0,False,False,,,,,,,,,,,
margin,Illinois,scientific_f4_m10,9.922351593712513,45,0,False,False,,,,,,,,,,,
margin,Kentucky,scientific_f4_m10,9.606075973722778,46,0,False,False,,,,,,,,,,,
margin,West Virginia,scientific_f4_m10,8.95196059631874,47,0,False,False,,,,,,,,,,,
margin,Duke,scientific_f4_m10,8.609563107943544,48,0,False,False,,,,,,,,,,,
margin,Navy,scientific_f4_m10,8.168993317246766,49,0,False,False,,,,,,,,,,,
margin,Louisiana Tech,scientific_f4_m10,7.710713521638694,50,0,False,False,,,,,,,,,,,
margin,Iowa,scientific_f4_m10,7.594067634525873,51,0,False,False,,,,,,,,,,,
margin,Wake Forest,scientific_f4_m10,7.363697716742874,52,0,False,False,,,,,,,,,,,
margin,Delaware,scientific_f4_m10,7.167040753848429,53,0,False,False,,,,,,,,,,,
margin,Penn State,scientific_f4_m10,6.959707021968796,54,0,False,False,,,,,,,,,,,
margin,UConn,scientific_f4_m10,6.795250273403519,55,0,False,False,,,,,,,,,,,
margin,Massachusetts,scientific_f4_m10,6.710244719434176,56,0,False,False,,,,,,,,,,,
margin,North Texas,scientific_f4_m10,6.694250894840451,57,0,False,False,,,,,,,,,,,
margin,Wisconsin,scientific_f4_m10,5.620641719051675,58,0,False,False,,,,,,,,,,,
margin,Boise State,scientific_f4_m10,5.226603954653485,59,0,False,False,,,,,,,,,,,
margin,Middle Tennessee,scientific_f4_m10,4.815656502972099,60,0,False,False,,,,,,,,,,,
margin,UTSA,scientific_f4_m10,3.758182311961472,61,0,False,False,,,,,,,,,,,
margin,Old Dominion,scientific_f4_m10,3.6287192942292523,62,0,False,False,,,,,,,,,,,
margin,Akron,scientific_f4_m10,3.1953380699359135,63,0,False,False,,,,,,,,,,,
margin,Minnesota,scientific_f4_m10,2.9772906955134633,64,0,False,False,,,,,,,,,,,
margin,North Carolina,scientific_f4_m10,2.9360495572640524,65,0,False,False,,,,,,,,,,,
margin,Stanford,scientific_f4_m10,2.7821505310755366,66,0,False,False,,,,,,,,,,,
margin,Texas Tech,scientific_f4_m10,2.703532535888033,67,0,False,False,,,,,,,,,,,
margin,Florida International,scientific_f4_m10,2.5330930056136354,68,0,False,False,,,,,,,,,,,
margin,Baylor,scientific_f4_m10,2.1034605197999254,69,0,False,False,,,,,,,,,,,
margin,Sacramento State,scientific_f4_m10,2.0500640148652916,70,0,False,False,,,,,,,,,,,
margin,UCF,scientific_f4_m10,2.019746746358893,71,0,False,False,,,,,,,,,,,
margin,Liberty,scientific_f4_m10,1.6392219469350962,72,0,False,False,,,,,,,,,,,
margin,Georgia Southern,scientific_f4_m10,1.6076364266419934,73,0,False,False,,,,,,,,,,,
margin,Auburn,scientific_f4_m10,1.4038930775364415,74,0,False,False,,,,,,,,,,,
margin,Vanderbilt,scientific_f4_m10,1.3957029895539486,75,0,False,False,,,,,,,,,,,
margin,Florida State,scientific_f4_m10,1.3300812168155387,76,0,False,False,,,,,,,,,,,
margin,Air Force,scientific_f4_m10,1.1915962212746989,77,0,False,False,,,,,,,,,,,
margin,Louisiana,scientific_f4_m10,0.9904089915579035,78,0,False,False,,,,,,,,,,,
margin,Michigan State,scientific_f4_m10,0.830743826409633,79,0,False,False,,,,,,,,,,,
margin,Georgia Tech,scientific_f4_m10,0.7677239680236175,80,0,False,False,,,,,,,,,,,
margin,Arizona,scientific_f4_m10,0.7091973088468174,81,0,False,False,,,,,,,,,,,
margin,Sam Houston,scientific_f4_m10,0.6599672012712277,82,0,False,False,,,,,,,,,,,
margin,Troy,scientific_f4_m10,0.5826814096837676,83,0,False,False,,,,,,,,,,,
margin,Washington,scientific_f4_m10,0.22121316531534543,84,0,False,False,,,,,,,,,,,
margin,Southern Miss,scientific_f4_m10,0.20414502904290877,85,0,False,False,,,,,,,,,,,
margin,Boston College,scientific_f4_m10,-0.13624541897237877,86,0,False,False,,,,,,,,,,,
margin,South Alabama,scientific_f4_m10,-0.18689874920251623,87,0,False,False,,,,,,,,,,,
margin,UAB,scientific_f4_m10,-0.23496482711587258,88,0,False,False,,,,,,,,,,,
margin,South Florida,scientific_f4_m10,-0.39200013198634237,89,0,False,False,,,,,,,,,,,
margin,Kennesaw State,scientific_f4_m10,-0.40920709987749115,90,0,False,False,,,,,,,,,,,
margin,Miami (OH),scientific_f4_m10,-0.4149242294749157,91,0,False,False,,,,,,,,,,,
margin,Army,scientific_f4_m10,-0.49777912910396,92,0,False,False,,,,,,,,,,,
margin,Iowa State,scientific_f4_m10,-0.6589073182922685,93,0,False,False,,,,,,,,,,,
margin,Eastern Michigan,scientific_f4_m10,-1.1638740141645831,94,0,False,False,,,,,,,,,,,
margin,New Mexico State,scientific_f4_m10,-1.376157957678534,95,0,False,False,,,,,,,,,,,
margin,Colorado,scientific_f4_m10,-2.0571149490829335,96,0,False,False,,,,,,,,,,,
margin,Arkansas,scientific_f4_m10,-2.3964368642081166,97,0,False,False,,,,,,,,,,,
margin,Hawai'i,scientific_f4_m10,-2.5146590209247295,98,0,False,False,,,,,,,,,,,
margin,Coastal Carolina,scientific_f4_m10,-2.783274072017423,99,0,False,False,,,,,,,,,,,
margin,Clemson,scientific_f4_m10,-2.9647283686556007,100,0,False,False,,,,,,,,,,,
margin,San Diego State,scientific_f4_m10,-3.3460867900844193,101,0,False,False,,,,,,,,,,,
margin,Texas State,scientific_f4_m10,-3.63825439985155,102,0,False,False,,,,,,,,,,,
margin,San José State,scientific_f4_m10,-3.850063405565727,103,0,False,False,,,,,,,,,,,
margin,Tulsa,scientific_f4_m10,-3.9011456902147423,104,0,False,False,,,,,,,,,,,
margin,Jacksonville State,scientific_f4_m10,-4.1927294567982,105,0,False,False,,,,,,,,,,,
margin,Purdue,scientific_f4_m10,-5.243119054260035,106,0,False,False,,,,,,,,,,,
margin,Central Michigan,scientific_f4_m10,-5.569869519988927,107,0,False,False,,,,,,,,,,,
margin,North Dakota State,scientific_f4_m10,-6.533955943985976,108,0,False,False,,,,,,,,,,,
margin,Memphis,scientific_f4_m10,-6.792756016667721,109,0,False,False,,,,,,,,,,,
margin,Arkansas State,scientific_f4_m10,-6.9746959419417225,110,0,False,False,,,,,,,,,,,
margin,Ohio,scientific_f4_m10,-7.173450318792711,111,0,False,False,,,,,,,,,,,
margin,Nevada,scientific_f4_m10,-7.406302801428791,112,0,False,False,,,,,,,,,,,
margin,UNLV,scientific_f4_m10,-7.644325398232836,113,0,False,False,,,,,,,,,,,
margin,Western Michigan,scientific_f4_m10,-7.883622878726996,114,0,False,False,,,,,,,,,,,
margin,Fresno State,scientific_f4_m10,-8.184132824622218,115,0,False,False,,,,,,,,,,,
margin,Rice,scientific_f4_m10,-9.241495597381823,116,0,False,False,,,,,,,,,,,
margin,Temple,scientific_f4_m10,-9.397408503358728,117,0,False,False,,,,,,,,,,,
margin,Oklahoma State,scientific_f4_m10,-9.674967803041183,118,0,False,False,,,,,,,,,,,
margin,Tulane,scientific_f4_m10,-10.256044572110767,119,0,False,False,,,,,,,,,,,
margin,Buffalo,scientific_f4_m10,-10.62676109883887,120,0,False,False,,,,,,,,,,,
margin,East Carolina,scientific_f4_m10,-11.917338787453387,121,0,False,False,,,,,,,,,,,
margin,Oregon State,scientific_f4_m10,-11.923746822515895,122,0,False,False,,,,,,,,,,,
margin,Utah State,scientific_f4_m10,-11.96392695232066,123,0,False,False,,,,,,,,,,,
margin,Northern Illinois,scientific_f4_m10,-12.47171876081791,124,0,False,False,,,,,,,,,,,
margin,UTEP,scientific_f4_m10,-13.479952734337767,125,0,False,False,,,,,,,,,,,
margin,Florida Atlantic,scientific_f4_m10,-14.875675894007506,126,0,False,False,,,,,,,,,,,
margin,Washington State,scientific_f4_m10,-15.822033653134316,127,0,False,False,,,,,,,,,,,
margin,California,scientific_f4_m10,-17.03153568234204,128,0,False,False,,,,,,,,,,,
margin,Bowling Green,scientific_f4_m10,-17.044355577152317,129,0,False,False,,,,,,,,,,,
margin,Missouri State,scientific_f4_m10,-17.51183078791269,130,0,False,False,,,,,,,,,,,
margin,Wyoming,scientific_f4_m10,-17.6796377363179,131,0,False,False,,,,,,,,,,,
margin,Ball State,scientific_f4_m10,-17.932081609930208,132,0,False,False,,,,,,,,,,,
margin,Rutgers,scientific_f4_m10,-20.069805732885335,133,0,False,False,,,,,,,,,,,
margin,Western Kentucky,scientific_f4_m10,-20.240271561718437,134,0,False,False,,,,,,,,,,,
margin,Charlotte,scientific_f4_m10,-20.538107263878107,135,0,False,False,,,,,,,,,,,
margin,Marshall,scientific_f4_m10,-21.553909773835453,136,0,False,False,,,,,,,,,,,
margin,Kent State,scientific_f4_m10,-25.102268448591776,137,0,False,False,,,,,,,,,,,
margin,UL Monroe,scientific_f4_m10,-25.76285789914241,138,0,False,False,,,,,,,,,,,
margin,Georgia,scientific_f5_m1,36.56876134153631,1,25,True,True,,,,,,,,,,,
margin,Alabama,scientific_f5_m1,27.981029711606908,2,24,True,False,,,,,,,,,,,
margin,Notre Dame,scientific_f5_m1,27.571593884219013,3,23,True,False,,,,,,,,,,,
margin,Ohio State,scientific_f5_m1,27.4308099003921,4,22,True,False,,,,,,,,,,,
margin,LSU,scientific_f5_m1,27.376947591490108,5,21,True,False,,,,,,,,,,,
margin,Texas,scientific_f5_m1,26.74944958595448,6,20,True,False,,,,,,,,,,,
margin,Texas A&M,scientific_f5_m1,25.615600494747092,7,19,True,False,,,,,,,,,,,
margin,Miami,scientific_f5_m1,25.138243629880222,8,18,True,False,,,,,,,,,,,
margin,Kansas State,scientific_f5_m1,23.02984375219767,9,17,True,False,,,,,,,,,,,
margin,Florida,scientific_f5_m1,22.937823561666853,10,16,True,False,,,,,,,,,,,
margin,South Carolina,scientific_f5_m1,22.87448582687336,11,15,True,False,,,,,,,,,,,
margin,Indiana,scientific_f5_m1,21.969569611524626,12,14,True,False,,,,,,,,,,,
margin,Ole Miss,scientific_f5_m1,21.859095219516426,13,13,True,False,,,,,,,,,,,
margin,Tennessee,scientific_f5_m1,21.428219956927805,14,12,True,False,,,,,,,,,,,
margin,Oklahoma,scientific_f5_m1,20.582356668819784,15,11,True,False,,,,,,,,,,,
margin,Utah,scientific_f5_m1,19.390868904094233,16,10,True,False,,,,,,,,,,,
margin,Mississippi State,scientific_f5_m1,18.673756922436773,17,9,True,False,,,,,,,,,,,
margin,SMU,scientific_f5_m1,17.60013748206314,18,8,True,False,,,,,,,,,,,
margin,Virginia Tech,scientific_f5_m1,17.346345817904194,19,7,True,False,,,,,,,,,,,
margin,Missouri,scientific_f5_m1,17.33866790895066,20,6,True,False,,,,,,,,,,,
margin,BYU,scientific_f5_m1,17.332634741674497,21,5,True,False,,,,,,,,,,,
margin,Houston,scientific_f5_m1,16.58209179879372,22,4,True,False,,,,,,,,,,,
margin,James Madison,scientific_f5_m1,15.763629964248016,23,3,True,False,,,,,,,,,,,
margin,USC,scientific_f5_m1,15.32288686229967,24,2,True,False,,,,,,,,,,,
margin,Texas Tech,scientific_f5_m1,14.755411460359833,25,1,True,False,,,,,,,,,,,
margin,Louisville,scientific_f5_m1,14.615847805286677,26,0,False,False,,,,,,,,,,,
margin,Penn State,scientific_f5_m1,14.097689976353255,27,0,False,False,,,,,,,,,,,
margin,Oregon,scientific_f5_m1,13.904962448154803,28,0,False,False,,,,,,,,,,,
margin,Florida State,scientific_f5_m1,13.411161216256401,29,0,False,False,,,,,,,,,,,
margin,New Mexico,scientific_f5_m1,13.318014926596547,30,0,False,False,,,,,,,,,,,
margin,Nebraska,scientific_f5_m1,13.155073137902566,31,0,False,False,,,,,,,,,,,
margin,Virginia,scientific_f5_m1,12.975327627050463,32,0,False,False,,,,,,,,,,,
margin,NC State,scientific_f5_m1,11.733411854690985,33,0,False,False,,,,,,,,,,,
margin,Michigan,scientific_f5_m1,11.700549165494415,34,0,False,False,,,,,,,,,,,
margin,UCLA,scientific_f5_m1,11.549768319270424,35,0,False,False,,,,,,,,,,,
margin,Pittsburgh,scientific_f5_m1,11.365562077177014,36,0,False,False,,,,,,,,,,,
margin,Auburn,scientific_f5_m1,11.084787328181257,37,0,False,False,,,,,,,,,,,
margin,North Carolina,scientific_f5_m1,11.059566814337796,38,0,False,False,,,,,,,,,,,
margin,Iowa,scientific_f5_m1,10.886110726270248,39,0,False,False,,,,,,,,,,,
margin,Maryland,scientific_f5_m1,10.10505658429544,40,0,False,False,,,,,,,,,,,
margin,Washington,scientific_f5_m1,9.80585585461791,41,0,False,False,,,,,,,,,,,
margin,Michigan State,scientific_f5_m1,9.647277939948488,42,0,False,False,,,,,,,,,,,
margin,Baylor,scientific_f5_m1,9.646767357359419,43,0,False,False,,,,,,,,,,,
margin,Northwestern,scientific_f5_m1,9.242476889791092,44,0,False,False,,,,,,,,,,,
margin,West Virginia,scientific_f5_m1,8.897897625471703,45,0,False,False,,,,,,,,,,,
margin,UTSA,scientific_f5_m1,8.83991148069423,46,0,False,False,,,,,,,,,,,
margin,Cincinnati,scientific_f5_m1,8.775419606209468,47,0,False,False,,,,,,,,,,,
margin,TCU,scientific_f5_m1,8.624036775461601,48,0,False,False,,,,,,,,,,,
margin,Arizona State,scientific_f5_m1,7.481903907822817,49,0,False,False,,,,,,,,,,,
margin,Duke,scientific_f5_m1,7.226462275428227,50,0,False,False,,,,,,,,,,,
margin,Boise State,scientific_f5_m1,7.198118725167436,51,0,False,False,,,,,,,,,,,
margin,Vanderbilt,scientific_f5_m1,7.078256550471628,52,0,False,False,,,,,,,,,,,
margin,Wake Forest,scientific_f5_m1,6.578327655004966,53,0,False,False,,,,,,,,,,,
margin,Stanford,scientific_f5_m1,6.4044698499025525,54,0,False,False,,,,,,,,,,,
margin,Syracuse,scientific_f5_m1,6.197889124311192,55,0,False,False,,,,,,,,,,,
margin,Kentucky,scientific_f5_m1,5.678755594933563,56,0,False,False,,,,,,,,,,,
margin,Minnesota,scientific_f5_m1,4.901040927945233,57,0,False,False,,,,,,,,,,,
margin,Illinois,scientific_f5_m1,4.824437208027524,58,0,False,False,,,,,,,,,,,
margin,Kansas,scientific_f5_m1,4.562349358648506,59,0,False,False,,,,,,,,,,,
margin,Clemson,scientific_f5_m1,4.470452217990369,60,0,False,False,,,,,,,,,,,
margin,Arizona,scientific_f5_m1,4.177512571755678,61,0,False,False,,,,,,,,,,,
margin,UCF,scientific_f5_m1,4.1307438886441075,62,0,False,False,,,,,,,,,,,
margin,Purdue,scientific_f5_m1,3.9897658958641595,63,0,False,False,,,,,,,,,,,
margin,Colorado State,scientific_f5_m1,3.8583318204074946,64,0,False,False,,,,,,,,,,,
margin,Colorado,scientific_f5_m1,3.737448271182915,65,0,False,False,,,,,,,,,,,
margin,Jacksonville State,scientific_f5_m1,2.880989572194665,66,0,False,False,,,,,,,,,,,
margin,Iowa State,scientific_f5_m1,2.314781524963546,67,0,False,False,,,,,,,,,,,
margin,Arkansas,scientific_f5_m1,1.9294399810822704,68,0,False,False,,,,,,,,,,,
margin,Toledo,scientific_f5_m1,1.2101130497069037,69,0,False,False,,,,,,,,,,,
margin,Georgia State,scientific_f5_m1,0.8364042681617718,70,0,False,False,,,,,,,,,,,
margin,Georgia Southern,scientific_f5_m1,0.23184160687495314,71,0,False,False,,,,,,,,,,,
margin,South Alabama,scientific_f5_m1,0.0018182097901320304,72,0,False,False,,,,,,,,,,,
margin,Georgia Tech,scientific_f5_m1,-0.03941891554754662,73,0,False,False,,,,,,,,,,,
margin,Air Force,scientific_f5_m1,-0.04846009161303755,74,0,False,False,,,,,,,,,,,
margin,Fresno State,scientific_f5_m1,-0.09812324294948471,75,0,False,False,,,,,,,,,,,
margin,Louisiana,scientific_f5_m1,-0.1136710654355646,76,0,False,False,,,,,,,,,,,
margin,Arkansas State,scientific_f5_m1,-0.5640289071350413,77,0,False,False,,,,,,,,,,,
margin,App State,scientific_f5_m1,-0.627229914550882,78,0,False,False,,,,,,,,,,,
margin,Western Michigan,scientific_f5_m1,-0.7606968880071117,79,0,False,False,,,,,,,,,,,
margin,New Mexico State,scientific_f5_m1,-0.8922650457155399,80,0,False,False,,,,,,,,,,,
margin,San Diego State,scientific_f5_m1,-1.0885744192204942,81,0,False,False,,,,,,,,,,,
margin,South Florida,scientific_f5_m1,-1.2054415421051665,82,0,False,False,,,,,,,,,,,
margin,North Texas,scientific_f5_m1,-1.5493232496881335,83,0,False,False,,,,,,,,,,,
margin,Tulane,scientific_f5_m1,-1.7641286114347743,84,0,False,False,,,,,,,,,,,
margin,Wisconsin,scientific_f5_m1,-2.04155432744916,85,0,False,False,,,,,,,,,,,
margin,Kennesaw State,scientific_f5_m1,-2.3405094866484504,86,0,False,False,,,,,,,,,,,
margin,Troy,scientific_f5_m1,-2.816926301100243,87,0,False,False,,,,,,,,,,,
margin,Delaware,scientific_f5_m1,-3.0257732321034236,88,0,False,False,,,,,,,,,,,
margin,Louisiana Tech,scientific_f5_m1,-3.300263008246887,89,0,False,False,,,,,,,,,,,
margin,North Dakota State,scientific_f5_m1,-3.5325084704239593,90,0,False,False,,,,,,,,,,,
margin,Army,scientific_f5_m1,-3.5325942765381733,91,0,False,False,,,,,,,,,,,
margin,Southern Miss,scientific_f5_m1,-3.543175007091236,92,0,False,False,,,,,,,,,,,
margin,Akron,scientific_f5_m1,-3.8672667940398604,93,0,False,False,,,,,,,,,,,
margin,UConn,scientific_f5_m1,-3.9264909890134696,94,0,False,False,,,,,,,,,,,
margin,Temple,scientific_f5_m1,-3.9282257501665825,95,0,False,False,,,,,,,,,,,
margin,Memphis,scientific_f5_m1,-4.092661093618036,96,0,False,False,,,,,,,,,,,
margin,Ohio,scientific_f5_m1,-4.375750359430011,97,0,False,False,,,,,,,,,,,
margin,Coastal Carolina,scientific_f5_m1,-4.464295780176101,98,0,False,False,,,,,,,,,,,
margin,East Carolina,scientific_f5_m1,-4.9137052755128074,99,0,False,False,,,,,,,,,,,
margin,Rutgers,scientific_f5_m1,-5.115996761390859,100,0,False,False,,,,,,,,,,,
margin,Miami (OH),scientific_f5_m1,-5.23781644400966,101,0,False,False,,,,,,,,,,,
margin,Oklahoma State,scientific_f5_m1,-5.298130150950964,102,0,False,False,,,,,,,,,,,
margin,Texas State,scientific_f5_m1,-5.588170927811557,103,0,False,False,,,,,,,,,,,
margin,Utah State,scientific_f5_m1,-5.900300228538761,104,0,False,False,,,,,,,,,,,
margin,Old Dominion,scientific_f5_m1,-6.042574695883809,105,0,False,False,,,,,,,,,,,
margin,Boston College,scientific_f5_m1,-6.220822036165485,106,0,False,False,,,,,,,,,,,
margin,UAB,scientific_f5_m1,-6.253746654537526,107,0,False,False,,,,,,,,,,,
margin,Hawai'i,scientific_f5_m1,-6.352213744035478,108,0,False,False,,,,,,,,,,,
margin,Washington State,scientific_f5_m1,-6.525528327943613,109,0,False,False,,,,,,,,,,,
margin,Liberty,scientific_f5_m1,-6.934931534295707,110,0,False,False,,,,,,,,,,,
margin,Florida International,scientific_f5_m1,-7.035586190621375,111,0,False,False,,,,,,,,,,,
margin,Tulsa,scientific_f5_m1,-7.98857157197954,112,0,False,False,,,,,,,,,,,
margin,California,scientific_f5_m1,-8.09943715265544,113,0,False,False,,,,,,,,,,,
margin,UNLV,scientific_f5_m1,-8.450156585968063,114,0,False,False,,,,,,,,,,,
margin,Middle Tennessee,scientific_f5_m1,-9.81382243521955,115,0,False,False,,,,,,,,,,,
margin,Sacramento State,scientific_f5_m1,-9.817845175399238,116,0,False,False,,,,,,,,,,,
margin,Nevada,scientific_f5_m1,-10.519358219850501,117,0,False,False,,,,,,,,,,,
margin,Missouri State,scientific_f5_m1,-10.631428115011815,118,0,False,False,,,,,,,,,,,
margin,Oregon State,scientific_f5_m1,-10.871112095059845,119,0,False,False,,,,,,,,,,,
margin,San José State,scientific_f5_m1,-10.914490929407876,120,0,False,False,,,,,,,,,,,
margin,UTEP,scientific_f5_m1,-11.426298727983694,121,0,False,False,,,,,,,,,,,
margin,Marshall,scientific_f5_m1,-11.443007245713817,122,0,False,False,,,,,,,,,,,
margin,Florida Atlantic,scientific_f5_m1,-11.478742019142844,123,0,False,False,,,,,,,,,,,
margin,Buffalo,scientific_f5_m1,-12.016206802223786,124,0,False,False,,,,,,,,,,,
margin,Western Kentucky,scientific_f5_m1,-12.022376467242486,125,0,False,False,,,,,,,,,,,
margin,Massachusetts,scientific_f5_m1,-13.215620560240366,126,0,False,False,,,,,,,,,,,
margin,Rice,scientific_f5_m1,-13.444727936080755,127,0,False,False,,,,,,,,,,,
margin,Eastern Michigan,scientific_f5_m1,-13.537604626025106,128,0,False,False,,,,,,,,,,,
margin,Kent State,scientific_f5_m1,-14.729338967751113,129,0,False,False,,,,,,,,,,,
margin,Navy,scientific_f5_m1,-14.813135730824603,130,0,False,False,,,,,,,,,,,
margin,Wyoming,scientific_f5_m1,-15.349709187088076,131,0,False,False,,,,,,,,,,,
margin,Central Michigan,scientific_f5_m1,-15.377137321235056,132,0,False,False,,,,,,,,,,,
margin,Charlotte,scientific_f5_m1,-15.409420197292752,133,0,False,False,,,,,,,,,,,
margin,Northern Illinois,scientific_f5_m1,-16.39406859340174,134,0,False,False,,,,,,,,,,,
margin,Sam Houston,scientific_f5_m1,-16.632772495572162,135,0,False,False,,,,,,,,,,,
margin,Bowling Green,scientific_f5_m1,-17.326553261394984,136,0,False,False,,,,,,,,,,,
margin,Ball State,scientific_f5_m1,-17.794879728767796,137,0,False,False,,,,,,,,,,,
margin,UL Monroe,scientific_f5_m1,-25.78211559921315,138,0,False,False,,,,,,,,,,,
margin,Georgia,scientific_f5_m2,32.13618567370671,1,25,True,True,,,,,,,,,,,
margin,LSU,scientific_f5_m2,28.707464562167978,2,24,True,False,,,,,,,,,,,
margin,Miami,scientific_f5_m2,27.977978488345023,3,23,True,False,,,,,,,,,,,
margin,Notre Dame,scientific_f5_m2,27.889583792875307,4,22,True,False,,,,,,,,,,,
margin,Texas A&M,scientific_f5_m2,26.83671852488081,5,21,True,False,,,,,,,,,,,
margin,Alabama,scientific_f5_m2,26.45044364896699,6,20,True,False,,,,,,,,,,,
margin,Kansas State,scientific_f5_m2,25.365316512957612,7,19,True,False,,,,,,,,,,,
margin,Texas,scientific_f5_m2,24.850981658500025,8,18,True,False,,,,,,,,,,,
margin,Ohio State,scientific_f5_m2,24.768339138409246,9,17,True,False,,,,,,,,,,,
margin,South Carolina,scientific_f5_m2,24.169883419047757,10,16,True,False,,,,,,,,,,,
margin,Florida,scientific_f5_m2,24.014247700471856,11,15,True,False,,,,,,,,,,,
margin,Indiana,scientific_f5_m2,23.528233628773492,12,14,True,False,,,,,,,,,,,
margin,Utah,scientific_f5_m2,23.471044455309524,13,13,True,False,,,,,,,,,,,
margin,Tennessee,scientific_f5_m2,23.378935440877783,14,12,True,False,,,,,,,,,,,
margin,Ole Miss,scientific_f5_m2,22.73998216742877,15,11,True,False,,,,,,,,,,,
margin,Mississippi State,scientific_f5_m2,21.42766605085165,16,10,True,False,,,,,,,,,,,
margin,Oklahoma,scientific_f5_m2,20.350203643867438,17,9,True,False,,,,,,,,,,,
margin,Missouri,scientific_f5_m2,20.034372119354757,18,8,True,False,,,,,,,,,,,
margin,BYU,scientific_f5_m2,20.027686463899045,19,7,True,False,,,,,,,,,,,
margin,Houston,scientific_f5_m2,19.555053048399714,20,6,True,False,,,,,,,,,,,
margin,Louisville,scientific_f5_m2,19.55015223639878,21,5,True,False,,,,,,,,,,,
margin,SMU,scientific_f5_m2,19.23847980687104,22,4,True,False,,,,,,,,,,,
margin,Nebraska,scientific_f5_m2,18.601302795035764,23,3,True,False,,,,,,,,,,,
margin,USC,scientific_f5_m2,18.46135353609371,24,2,True,False,,,,,,,,,,,
margin,Virginia,scientific_f5_m2,17.413050056314454,25,1,True,False,,,,,,,,,,,
margin,James Madison,scientific_f5_m2,17.131179167349053,26,0,False,False,,,,,,,,,,,
margin,Virginia Tech,scientific_f5_m2,16.068937900818433,27,0,False,False,,,,,,,,,,,
margin,Penn State,scientific_f5_m2,15.800036650319273,28,0,False,False,,,,,,,,,,,
margin,Texas Tech,scientific_f5_m2,15.32842336480293,29,0,False,False,,,,,,,,,,,
margin,Iowa,scientific_f5_m2,14.727278993573364,30,0,False,False,,,,,,,,,,,
margin,Maryland,scientific_f5_m2,14.500676752465736,31,0,False,False,,,,,,,,,,,
margin,UCLA,scientific_f5_m2,14.387633164870923,32,0,False,False,,,,,,,,,,,
margin,Pittsburgh,scientific_f5_m2,14.232119107249474,33,0,False,False,,,,,,,,,,,
margin,New Mexico,scientific_f5_m2,13.871740255798553,34,0,False,False,,,,,,,,,,,
margin,NC State,scientific_f5_m2,13.554777638632865,35,0,False,False,,,,,,,,,,,
margin,Oregon,scientific_f5_m2,12.455719443416111,36,0,False,False,,,,,,,,,,,
margin,Washington,scientific_f5_m2,12.041787983757153,37,0,False,False,,,,,,,,,,,
margin,Northwestern,scientific_f5_m2,11.704104110585842,38,0,False,False,,,,,,,,,,,
margin,Cincinnati,scientific_f5_m2,11.33263136371337,39,0,False,False,,,,,,,,,,,
margin,TCU,scientific_f5_m2,11.22031902838405,40,0,False,False,,,,,,,,,,,
margin,North Carolina,scientific_f5_m2,11.032775660485795,41,0,False,False,,,,,,,,,,,
margin,Michigan,scientific_f5_m2,10.847235738958892,42,0,False,False,,,,,,,,,,,
margin,Arizona State,scientific_f5_m2,10.810275295256504,43,0,False,False,,,,,,,,,,,
margin,West Virginia,scientific_f5_m2,10.266911205431354,44,0,False,False,,,,,,,,,,,
margin,Baylor,scientific_f5_m2,10.183238663313027,45,0,False,False,,,,,,,,,,,
margin,UTSA,scientific_f5_m2,9.396084265023912,46,0,False,False,,,,,,,,,,,
margin,Auburn,scientific_f5_m2,8.934988753483486,47,0,False,False,,,,,,,,,,,
margin,Michigan State,scientific_f5_m2,8.792842358445007,48,0,False,False,,,,,,,,,,,
margin,Florida State,scientific_f5_m2,8.767837992868818,49,0,False,False,,,,,,,,,,,
margin,Illinois,scientific_f5_m2,8.653542268981273,50,0,False,False,,,,,,,,,,,
margin,Boise State,scientific_f5_m2,8.263105508754553,51,0,False,False,,,,,,,,,,,
margin,Colorado State,scientific_f5_m2,7.879258744829494,52,0,False,False,,,,,,,,,,,
margin,Duke,scientific_f5_m2,7.853559937339045,53,0,False,False,,,,,,,,,,,
margin,UCF,scientific_f5_m2,6.969730446773499,54,0,False,False,,,,,,,,,,,
margin,Vanderbilt,scientific_f5_m2,6.693241274630154,55,0,False,False,,,,,,,,,,,
margin,Wake Forest,scientific_f5_m2,6.319411991653629,56,0,False,False,,,,,,,,,,,
margin,Syracuse,scientific_f5_m2,6.271045437809633,57,0,False,False,,,,,,,,,,,
margin,Arizona,scientific_f5_m2,5.787539225352951,58,0,False,False,,,,,,,,,,,
margin,Minnesota,scientific_f5_m2,5.269983179114526,59,0,False,False,,,,,,,,,,,
margin,Kansas,scientific_f5_m2,5.064604494451292,60,0,False,False,,,,,,,,,,,
margin,Army,scientific_f5_m2,4.783088130724179,61,0,False,False,,,,,,,,,,,
margin,Kentucky,scientific_f5_m2,4.6638165245321,62,0,False,False,,,,,,,,,,,
margin,Iowa State,scientific_f5_m2,4.202048387907942,63,0,False,False,,,,,,,,,,,
margin,Purdue,scientific_f5_m2,3.817751789030882,64,0,False,False,,,,,,,,,,,
margin,Air Force,scientific_f5_m2,3.5456297991051415,65,0,False,False,,,,,,,,,,,
margin,Georgia State,scientific_f5_m2,3.46964622061685,66,0,False,False,,,,,,,,,,,
margin,Toledo,scientific_f5_m2,2.8928451420298122,67,0,False,False,,,,,,,,,,,
margin,App State,scientific_f5_m2,1.8451925346841065,68,0,False,False,,,,,,,,,,,
margin,Colorado,scientific_f5_m2,1.6879793257091382,69,0,False,False,,,,,,,,,,,
margin,Georgia Southern,scientific_f5_m2,1.4633941742383687,70,0,False,False,,,,,,,,,,,
margin,Clemson,scientific_f5_m2,1.265796120564545,71,0,False,False,,,,,,,,,,,
margin,Jacksonville State,scientific_f5_m2,1.0932153990125486,72,0,False,False,,,,,,,,,,,
margin,Wisconsin,scientific_f5_m2,0.4684811541171834,73,0,False,False,,,,,,,,,,,
margin,Arkansas State,scientific_f5_m2,0.34197742909104323,74,0,False,False,,,,,,,,,,,
margin,South Alabama,scientific_f5_m2,-0.5624088774780189,75,0,False,False,,,,,,,,,,,
margin,South Florida,scientific_f5_m2,-0.7862874323343323,76,0,False,False,,,,,,,,,,,
margin,Louisiana,scientific_f5_m2,-0.8855863632809515,77,0,False,False,,,,,,,,,,,
margin,North Dakota State,scientific_f5_m2,-1.028329063415823,78,0,False,False,,,,,,,,,,,
margin,North Texas,scientific_f5_m2,-1.3638938219077366,79,0,False,False,,,,,,,,,,,
margin,Arkansas,scientific_f5_m2,-1.3972967344796179,80,0,False,False,,,,,,,,,,,
margin,Delaware,scientific_f5_m2,-1.4292138825722196,81,0,False,False,,,,,,,,,,,
margin,Akron,scientific_f5_m2,-1.5590866386303306,82,0,False,False,,,,,,,,,,,
margin,Georgia Tech,scientific_f5_m2,-1.7888478028850048,83,0,False,False,,,,,,,,,,,
margin,Western Michigan,scientific_f5_m2,-1.8178931900088475,84,0,False,False,,,,,,,,,,,
margin,Fresno State,scientific_f5_m2,-2.697411059854337,85,0,False,False,,,,,,,,,,,
margin,Louisiana Tech,scientific_f5_m2,-2.9810770329730163,86,0,False,False,,,,,,,,,,,
margin,Memphis,scientific_f5_m2,-3.2456663488960915,87,0,False,False,,,,,,,,,,,
margin,Coastal Carolina,scientific_f5_m2,-3.6400216297335897,88,0,False,False,,,,,,,,,,,
margin,Stanford,scientific_f5_m2,-3.672919679426262,89,0,False,False,,,,,,,,,,,
margin,UConn,scientific_f5_m2,-3.6890196225517276,90,0,False,False,,,,,,,,,,,
margin,Navy,scientific_f5_m2,-3.7559908201906813,91,0,False,False,,,,,,,,,,,
margin,Kennesaw State,scientific_f5_m2,-3.931166620288188,92,0,False,False,,,,,,,,,,,
margin,Troy,scientific_f5_m2,-4.367256595819365,93,0,False,False,,,,,,,,,,,
margin,Temple,scientific_f5_m2,-4.619772908986863,94,0,False,False,,,,,,,,,,,
margin,Tulane,scientific_f5_m2,-4.6296653634687,95,0,False,False,,,,,,,,,,,
margin,New Mexico State,scientific_f5_m2,-4.877091677760116,96,0,False,False,,,,,,,,,,,
margin,Oklahoma State,scientific_f5_m2,-5.570128027846431,97,0,False,False,,,,,,,,,,,
margin,Southern Miss,scientific_f5_m2,-5.613454351465351,98,0,False,False,,,,,,,,,,,
margin,San Diego State,scientific_f5_m2,-5.895135947736937,99,0,False,False,,,,,,,,,,,
margin,Miami (OH),scientific_f5_m2,-5.901002701562596,100,0,False,False,,,,,,,,,,,
margin,Massachusetts,scientific_f5_m2,-6.114874230571716,101,0,False,False,,,,,,,,,,,
margin,Middle Tennessee,scientific_f5_m2,-6.17708175151554,102,0,False,False,,,,,,,,,,,
margin,Old Dominion,scientific_f5_m2,-6.381274832390933,103,0,False,False,,,,,,,,,,,
margin,Florida International,scientific_f5_m2,-6.789982471092165,104,0,False,False,,,,,,,,,,,
margin,UNLV,scientific_f5_m2,-6.918919861926899,105,0,False,False,,,,,,,,,,,
margin,Liberty,scientific_f5_m2,-7.242080691103595,106,0,False,False,,,,,,,,,,,
margin,Hawai'i,scientific_f5_m2,-7.243311462127307,107,0,False,False,,,,,,,,,,,
margin,Boston College,scientific_f5_m2,-7.923503670550549,108,0,False,False,,,,,,,,,,,
margin,Texas State,scientific_f5_m2,-8.132721607532313,109,0,False,False,,,,,,,,,,,
margin,Utah State,scientific_f5_m2,-8.464584627177253,110,0,False,False,,,,,,,,,,,
margin,East Carolina,scientific_f5_m2,-8.753690028026533,111,0,False,False,,,,,,,,,,,
margin,San José State,scientific_f5_m2,-9.10213544835476,112,0,False,False,,,,,,,,,,,
margin,Rutgers,scientific_f5_m2,-9.1755110770531,113,0,False,False,,,,,,,,,,,
margin,UAB,scientific_f5_m2,-9.544335829772148,114,0,False,False,,,,,,,,,,,
margin,Ohio,scientific_f5_m2,-9.758962742078086,115,0,False,False,,,,,,,,,,,
margin,Tulsa,scientific_f5_m2,-10.570212201412096,116,0,False,False,,,,,,,,,,,
margin,Washington State,scientific_f5_m2,-10.741964348680701,117,0,False,False,,,,,,,,,,,
margin,Nevada,scientific_f5_m2,-10.861509163713416,118,0,False,False,,,,,,,,,,,
margin,UTEP,scientific_f5_m2,-11.169457686207851,119,0,False,False,,,,,,,,,,,
margin,California,scientific_f5_m2,-11.249558037299208,120,0,False,False,,,,,,,,,,,
margin,Sacramento State,scientific_f5_m2,-12.105770322491171,121,0,False,False,,,,,,,,,,,
margin,Sam Houston,scientific_f5_m2,-12.90117776750521,122,0,False,False,,,,,,,,,,,
margin,Oregon State,scientific_f5_m2,-13.48537693590296,123,0,False,False,,,,,,,,,,,
margin,Rice,scientific_f5_m2,-14.594276225889814,124,0,False,False,,,,,,,,,,,
margin,Missouri State,scientific_f5_m2,-14.63187873810013,125,0,False,False,,,,,,,,,,,
margin,Buffalo,scientific_f5_m2,-14.847906774033603,126,0,False,False,,,,,,,,,,,
margin,Florida Atlantic,scientific_f5_m2,-15.008336119057889,127,0,False,False,,,,,,,,,,,
margin,Eastern Michigan,scientific_f5_m2,-15.06506648242347,128,0,False,False,,,,,,,,,,,
margin,Marshall,scientific_f5_m2,-16.47038476350331,129,0,False,False,,,,,,,,,,,
margin,Wyoming,scientific_f5_m2,-17.400047050689622,130,0,False,False,,,,,,,,,,,
margin,Western Kentucky,scientific_f5_m2,-17.453811710608974,131,0,False,False,,,,,,,,,,,
margin,Central Michigan,scientific_f5_m2,-17.894425036354434,132,0,False,False,,,,,,,,,,,
margin,Charlotte,scientific_f5_m2,-18.16521896251453,133,0,False,False,,,,,,,,,,,
margin,Northern Illinois,scientific_f5_m2,-18.662780249823186,134,0,False,False,,,,,,,,,,,
margin,Ball State,scientific_f5_m2,-19.35211498745287,135,0,False,False,,,,,,,,,,,
margin,Kent State,scientific_f5_m2,-20.98691826335189,136,0,False,False,,,,,,,,,,,
margin,Bowling Green,scientific_f5_m2,-23.057443211079587,137,0,False,False,,,,,,,,,,,
margin,UL Monroe,scientific_f5_m2,-28.041584374958475,138,0,False,False,,,,,,,,,,,
margin,Georgia,scientific_f5_m3,34.51245096163199,1,25,True,True,,,,,,,,,,,
margin,Miami,scientific_f5_m3,26.941921757320237,2,24,True,False,,,,,,,,,,,
margin,Alabama,scientific_f5_m3,26.623537941578018,3,23,True,False,,,,,,,,,,,
margin,Notre Dame,scientific_f5_m3,25.713405926900162,4,22,True,False,,,,,,,,,,,
margin,Ohio State,scientific_f5_m3,25.05422635757932,5,21,True,False,,,,,,,,,,,
margin,LSU,scientific_f5_m3,24.031218373587322,6,20,True,False,,,,,,,,,,,
margin,Texas A&M,scientific_f5_m3,23.913188304726013,7,19,True,False,,,,,,,,,,,
margin,Indiana,scientific_f5_m3,23.6635252515773,8,18,True,False,,,,,,,,,,,
margin,Kansas State,scientific_f5_m3,22.72260898015643,9,17,True,False,,,,,,,,,,,
margin,BYU,scientific_f5_m3,21.70255217021779,10,16,True,False,,,,,,,,,,,
margin,Utah,scientific_f5_m3,21.22979421487648,11,15,True,False,,,,,,,,,,,
margin,Houston,scientific_f5_m3,20.967354222540155,12,14,True,False,,,,,,,,,,,
margin,James Madison,scientific_f5_m3,20.20954897251342,13,13,True,False,,,,,,,,,,,
margin,SMU,scientific_f5_m3,20.141150313288097,14,12,True,False,,,,,,,,,,,
margin,Florida,scientific_f5_m3,20.00206990444931,15,11,True,False,,,,,,,,,,,
margin,South Carolina,scientific_f5_m3,19.923445598845344,16,10,True,False,,,,,,,,,,,
margin,Texas,scientific_f5_m3,19.91074114222842,17,9,True,False,,,,,,,,,,,
margin,Tennessee,scientific_f5_m3,19.512148157768657,18,8,True,False,,,,,,,,,,,
margin,Virginia,scientific_f5_m3,19.285338096611284,19,7,True,False,,,,,,,,,,,
margin,USC,scientific_f5_m3,18.6888946966823,20,6,True,False,,,,,,,,,,,
margin,Ole Miss,scientific_f5_m3,17.715448919952834,21,5,True,False,,,,,,,,,,,
margin,Louisville,scientific_f5_m3,16.52983257795557,22,4,True,False,,,,,,,,,,,
margin,Nebraska,scientific_f5_m3,16.316679202283883,23,3,True,False,,,,,,,,,,,
margin,Missouri,scientific_f5_m3,15.45975201225977,24,2,True,False,,,,,,,,,,,
margin,Oklahoma,scientific_f5_m3,14.75177776921949,25,1,True,False,,,,,,,,,,,
margin,Penn State,scientific_f5_m3,14.296572164410751,26,0,False,False,,,,,,,,,,,
margin,Maryland,scientific_f5_m3,13.227076602188045,27,0,False,False,,,,,,,,,,,
margin,Mississippi State,scientific_f5_m3,13.188448237974244,28,0,False,False,,,,,,,,,,,
margin,NC State,scientific_f5_m3,13.02961655876064,29,0,False,False,,,,,,,,,,,
margin,Virginia Tech,scientific_f5_m3,12.180856776289858,30,0,False,False,,,,,,,,,,,
margin,Cincinnati,scientific_f5_m3,11.572465078608026,31,0,False,False,,,,,,,,,,,
margin,UCLA,scientific_f5_m3,11.520761615987974,32,0,False,False,,,,,,,,,,,
margin,TCU,scientific_f5_m3,11.378056174072626,33,0,False,False,,,,,,,,,,,
margin,New Mexico,scientific_f5_m3,10.938354147542652,34,0,False,False,,,,,,,,,,,
margin,Pittsburgh,scientific_f5_m3,10.547841225911668,35,0,False,False,,,,,,,,,,,
margin,Michigan,scientific_f5_m3,10.389629824411678,36,0,False,False,,,,,,,,,,,
margin,Arizona State,scientific_f5_m3,10.312915596337778,37,0,False,False,,,,,,,,,,,
margin,Oregon,scientific_f5_m3,10.265156597115707,38,0,False,False,,,,,,,,,,,
margin,Texas Tech,scientific_f5_m3,10.255768986172813,39,0,False,False,,,,,,,,,,,
margin,West Virginia,scientific_f5_m3,9.506125194925776,40,0,False,False,,,,,,,,,,,
margin,Iowa,scientific_f5_m3,9.469961839690283,41,0,False,False,,,,,,,,,,,
margin,Washington,scientific_f5_m3,8.429977089325519,42,0,False,False,,,,,,,,,,,
margin,Baylor,scientific_f5_m3,8.391848636784673,43,0,False,False,,,,,,,,,,,
margin,Auburn,scientific_f5_m3,8.388381836406193,44,0,False,False,,,,,,,,,,,
margin,Syracuse,scientific_f5_m3,7.447356683936628,45,0,False,False,,,,,,,,,,,
margin,UCF,scientific_f5_m3,7.2368878426062615,46,0,False,False,,,,,,,,,,,
margin,Colorado State,scientific_f5_m3,7.175355098081516,47,0,False,False,,,,,,,,,,,
margin,UTSA,scientific_f5_m3,7.072488592620522,48,0,False,False,,,,,,,,,,,
margin,Kansas,scientific_f5_m3,6.504845490232759,49,0,False,False,,,,,,,,,,,
margin,Arizona,scientific_f5_m3,6.065359771321323,50,0,False,False,,,,,,,,,,,
margin,Northwestern,scientific_f5_m3,5.963595644503106,51,0,False,False,,,,,,,,,,,
margin,Florida State,scientific_f5_m3,5.945868648800027,52,0,False,False,,,,,,,,,,,
margin,Michigan State,scientific_f5_m3,5.862517228034017,53,0,False,False,,,,,,,,,,,
margin,Wake Forest,scientific_f5_m3,5.713732991993286,54,0,False,False,,,,,,,,,,,
margin,Boise State,scientific_f5_m3,5.153602683737958,55,0,False,False,,,,,,,,,,,
margin,Vanderbilt,scientific_f5_m3,5.104092726661733,56,0,False,False,,,,,,,,,,,
margin,Duke,scientific_f5_m3,5.082320965517545,57,0,False,False,,,,,,,,,,,
margin,Iowa State,scientific_f5_m3,5.026827027265085,58,0,False,False,,,,,,,,,,,
margin,North Carolina,scientific_f5_m3,4.949367305815056,59,0,False,False,,,,,,,,,,,
margin,Minnesota,scientific_f5_m3,4.499289279492793,60,0,False,False,,,,,,,,,,,
margin,Army,scientific_f5_m3,4.2351032911904385,61,0,False,False,,,,,,,,,,,
margin,Georgia State,scientific_f5_m3,3.7218043317378706,62,0,False,False,,,,,,,,,,,
margin,Toledo,scientific_f5_m3,3.6225877541331224,63,0,False,False,,,,,,,,,,,
margin,Illinois,scientific_f5_m3,3.02627733876227,64,0,False,False,,,,,,,,,,,
margin,App State,scientific_f5_m3,2.9804318180884724,65,0,False,False,,,,,,,,,,,
margin,Kentucky,scientific_f5_m3,2.664965891171731,66,0,False,False,,,,,,,,,,,
margin,Colorado,scientific_f5_m3,2.6498113378317116,67,0,False,False,,,,,,,,,,,
margin,Air Force,scientific_f5_m3,2.56191293053667,68,0,False,False,,,,,,,,,,,
margin,Purdue,scientific_f5_m3,1.6126130407344885,69,0,False,False,,,,,,,,,,,
margin,Arkansas State,scientific_f5_m3,1.502480684926239,70,0,False,False,,,,,,,,,,,
margin,South Alabama,scientific_f5_m3,1.472909051429644,71,0,False,False,,,,,,,,,,,
margin,Georgia Southern,scientific_f5_m3,1.0832485058781463,72,0,False,False,,,,,,,,,,,
margin,UConn,scientific_f5_m3,0.7885584018913134,73,0,False,False,,,,,,,,,,,
margin,Jacksonville State,scientific_f5_m3,0.525596700815122,74,0,False,False,,,,,,,,,,,
margin,Clemson,scientific_f5_m3,0.5005495026427129,75,0,False,False,,,,,,,,,,,
margin,Navy,scientific_f5_m3,0.05441724751496066,76,0,False,False,,,,,,,,,,,
margin,Delaware,scientific_f5_m3,-0.27622005241716324,77,0,False,False,,,,,,,,,,,
margin,Louisiana,scientific_f5_m3,-0.8367266113066194,78,0,False,False,,,,,,,,,,,
margin,Wisconsin,scientific_f5_m3,-1.4822557423970235,79,0,False,False,,,,,,,,,,,
margin,Kennesaw State,scientific_f5_m3,-1.5223987835798545,80,0,False,False,,,,,,,,,,,
margin,Coastal Carolina,scientific_f5_m3,-1.6214328638991344,81,0,False,False,,,,,,,,,,,
margin,Louisiana Tech,scientific_f5_m3,-1.6316160299061682,82,0,False,False,,,,,,,,,,,
margin,Old Dominion,scientific_f5_m3,-1.7236304526860047,83,0,False,False,,,,,,,,,,,
margin,Memphis,scientific_f5_m3,-1.9493033200649903,84,0,False,False,,,,,,,,,,,
margin,Western Michigan,scientific_f5_m3,-2.198348273216128,85,0,False,False,,,,,,,,,,,
margin,Akron,scientific_f5_m3,-2.348836203227908,86,0,False,False,,,,,,,,,,,
margin,Troy,scientific_f5_m3,-2.5019212162952624,87,0,False,False,,,,,,,,,,,
margin,New Mexico State,scientific_f5_m3,-3.1849684456682144,88,0,False,False,,,,,,,,,,,
margin,Tulane,scientific_f5_m3,-3.3185561947531217,89,0,False,False,,,,,,,,,,,
margin,Georgia Tech,scientific_f5_m3,-3.342982168604438,90,0,False,False,,,,,,,,,,,
margin,North Dakota State,scientific_f5_m3,-3.500168859355558,91,0,False,False,,,,,,,,,,,
margin,Southern Miss,scientific_f5_m3,-3.6393801825695697,92,0,False,False,,,,,,,,,,,
margin,North Texas,scientific_f5_m3,-4.063427065143667,93,0,False,False,,,,,,,,,,,
margin,South Florida,scientific_f5_m3,-4.192689823547286,94,0,False,False,,,,,,,,,,,
margin,Temple,scientific_f5_m3,-4.22679374386057,95,0,False,False,,,,,,,,,,,
margin,Fresno State,scientific_f5_m3,-4.478730052254366,96,0,False,False,,,,,,,,,,,
margin,Arkansas,scientific_f5_m3,-4.933364663784424,97,0,False,False,,,,,,,,,,,
margin,San Diego State,scientific_f5_m3,-5.125071675959878,98,0,False,False,,,,,,,,,,,
margin,Liberty,scientific_f5_m3,-5.519280604631078,99,0,False,False,,,,,,,,,,,
margin,Middle Tennessee,scientific_f5_m3,-5.857567101520848,100,0,False,False,,,,,,,,,,,
margin,Nevada,scientific_f5_m3,-6.457071301479129,101,0,False,False,,,,,,,,,,,
margin,Tulsa,scientific_f5_m3,-6.5774637057426535,102,0,False,False,,,,,,,,,,,
margin,Miami (OH),scientific_f5_m3,-6.6121171285396,103,0,False,False,,,,,,,,,,,
margin,Florida International,scientific_f5_m3,-6.619565973757881,104,0,False,False,,,,,,,,,,,
margin,Stanford,scientific_f5_m3,-6.763188766957286,105,0,False,False,,,,,,,,,,,
margin,Boston College,scientific_f5_m3,-7.66061679938672,106,0,False,False,,,,,,,,,,,
margin,UNLV,scientific_f5_m3,-7.741893262309431,107,0,False,False,,,,,,,,,,,
margin,Hawai'i,scientific_f5_m3,-7.824634572378592,108,0,False,False,,,,,,,,,,,
margin,Oklahoma State,scientific_f5_m3,-7.876660136457935,109,0,False,False,,,,,,,,,,,
margin,Ohio,scientific_f5_m3,-8.090103186604962,110,0,False,False,,,,,,,,,,,
margin,San José State,scientific_f5_m3,-8.166848370127228,111,0,False,False,,,,,,,,,,,
margin,Utah State,scientific_f5_m3,-8.810198745269101,112,0,False,False,,,,,,,,,,,
margin,UAB,scientific_f5_m3,-8.845529328179232,113,0,False,False,,,,,,,,,,,
margin,Sacramento State,scientific_f5_m3,-9.397672254684261,114,0,False,False,,,,,,,,,,,
margin,Rutgers,scientific_f5_m3,-9.872539994498005,115,0,False,False,,,,,,,,,,,
margin,Washington State,scientific_f5_m3,-10.035796724906987,116,0,False,False,,,,,,,,,,,
margin,Sam Houston,scientific_f5_m3,-10.278081384855554,117,0,False,False,,,,,,,,,,,
margin,Oregon State,scientific_f5_m3,-10.375520534144675,118,0,False,False,,,,,,,,,,,
margin,Massachusetts,scientific_f5_m3,-10.464532097058791,119,0,False,False,,,,,,,,,,,
margin,Buffalo,scientific_f5_m3,-11.06345137343513,120,0,False,False,,,,,,,,,,,
margin,Texas State,scientific_f5_m3,-11.29023534632001,121,0,False,False,,,,,,,,,,,
margin,California,scientific_f5_m3,-11.517615593008749,122,0,False,False,,,,,,,,,,,
margin,East Carolina,scientific_f5_m3,-11.935769678871205,123,0,False,False,,,,,,,,,,,
margin,UTEP,scientific_f5_m3,-12.255598704269001,124,0,False,False,,,,,,,,,,,
margin,Rice,scientific_f5_m3,-12.296943821241483,125,0,False,False,,,,,,,,,,,
margin,Eastern Michigan,scientific_f5_m3,-12.299808018068552,126,0,False,False,,,,,,,,,,,
margin,Wyoming,scientific_f5_m3,-12.73162714130209,127,0,False,False,,,,,,,,,,,
margin,Marshall,scientific_f5_m3,-12.917624016982773,128,0,False,False,,,,,,,,,,,
margin,Missouri State,scientific_f5_m3,-13.000604215513063,129,0,False,False,,,,,,,,,,,
margin,Central Michigan,scientific_f5_m3,-13.981140465338273,130,0,False,False,,,,,,,,,,,
margin,Northern Illinois,scientific_f5_m3,-14.778295959948192,131,0,False,False,,,,,,,,,,,
margin,Florida Atlantic,scientific_f5_m3,-16.02162983486244,132,0,False,False,,,,,,,,,,,
margin,Western Kentucky,scientific_f5_m3,-16.156004048388876,133,0,False,False,,,,,,,,,,,
margin,Bowling Green,scientific_f5_m3,-17.008769941207216,134,0,False,False,,,,,,,,,,,
margin,Ball State,scientific_f5_m3,-17.813837281284297,135,0,False,False,,,,,,,,,,,
margin,Kent State,scientific_f5_m3,-19.765576741214534,136,0,False,False,,,,,,,,,,,
margin,Charlotte,scientific_f5_m3,-20.967450852769478,137,0,False,False,,,,,,,,,,,
margin,UL Monroe,scientific_f5_m3,-22.377692356682758,138,0,False,False,,,,,,,,,,,
margin,Georgia,scientific_f5_m4,33.3417247479936,1,25,True,True,,,,,,,,,,,
margin,Miami,scientific_f5_m4,28.85959945399565,2,24,True,False,,,,,,,,,,,
margin,Notre Dame,scientific_f5_m4,26.446252154890395,3,23,True,False,,,,,,,,,,,
margin,Texas A&M,scientific_f5_m4,26.183903323185177,4,22,True,False,,,,,,,,,,,
margin,Alabama,scientific_f5_m4,26.0496494685877,5,21,True,False,,,,,,,,,,,
margin,Ohio State,scientific_f5_m4,25.91438610140463,6,20,True,False,,,,,,,,,,,
margin,Kansas State,scientific_f5_m4,25.367498901605646,7,19,True,False,,,,,,,,,,,
margin,LSU,scientific_f5_m4,25.00376447491531,8,18,True,False,,,,,,,,,,,
margin,Utah,scientific_f5_m4,23.628811175389597,9,17,True,False,,,,,,,,,,,
margin,Indiana,scientific_f5_m4,23.17279567366113,10,16,True,False,,,,,,,,,,,
margin,BYU,scientific_f5_m4,23.16117111405791,11,15,True,False,,,,,,,,,,,
margin,Tennessee,scientific_f5_m4,22.397379578440948,12,14,True,False,,,,,,,,,,,
margin,Houston,scientific_f5_m4,21.427726976880255,13,13,True,False,,,,,,,,,,,
margin,Florida,scientific_f5_m4,21.37541943677701,14,12,True,False,,,,,,,,,,,
margin,Texas,scientific_f5_m4,21.051703124071466,15,11,True,False,,,,,,,,,,,
margin,Virginia,scientific_f5_m4,19.503432050026834,16,10,True,False,,,,,,,,,,,
margin,SMU,scientific_f5_m4,19.230932395743316,17,9,True,False,,,,,,,,,,,
margin,USC,scientific_f5_m4,18.826206825039836,18,8,True,False,,,,,,,,,,,
margin,South Carolina,scientific_f5_m4,17.964899321021086,19,7,True,False,,,,,,,,,,,
margin,Mississippi State,scientific_f5_m4,17.476500382464735,20,6,True,False,,,,,,,,,,,
margin,Missouri,scientific_f5_m4,17.247812181555627,21,5,True,False,,,,,,,,,,,
margin,Ole Miss,scientific_f5_m4,16.99207726040832,22,4,True,False,,,,,,,,,,,
margin,Louisville,scientific_f5_m4,16.86808662091367,23,3,True,False,,,,,,,,,,,
margin,James Madison,scientific_f5_m4,16.729122746348327,24,2,True,False,,,,,,,,,,,
margin,Nebraska,scientific_f5_m4,16.49658251171187,25,1,True,False,,,,,,,,,,,
margin,Oklahoma,scientific_f5_m4,15.893224413115139,26,0,False,False,,,,,,,,,,,
margin,NC State,scientific_f5_m4,14.464763215169903,27,0,False,False,,,,,,,,,,,
margin,UCLA,scientific_f5_m4,14.057547370316067,28,0,False,False,,,,,,,,,,,
margin,Penn State,scientific_f5_m4,14.000200192010373,29,0,False,False,,,,,,,,,,,
margin,Iowa,scientific_f5_m4,12.203017987311588,30,0,False,False,,,,,,,,,,,
margin,West Virginia,scientific_f5_m4,12.144881938536768,31,0,False,False,,,,,,,,,,,
margin,TCU,scientific_f5_m4,12.01723379510125,32,0,False,False,,,,,,,,,,,
margin,Pittsburgh,scientific_f5_m4,11.434011382333164,33,0,False,False,,,,,,,,,,,
margin,Cincinnati,scientific_f5_m4,11.357860954975509,34,0,False,False,,,,,,,,,,,
margin,Auburn,scientific_f5_m4,10.733828858992108,35,0,False,False,,,,,,,,,,,
margin,Maryland,scientific_f5_m4,10.592105972406653,36,0,False,False,,,,,,,,,,,
margin,Virginia Tech,scientific_f5_m4,10.580448333960094,37,0,False,False,,,,,,,,,,,
margin,UTSA,scientific_f5_m4,9.917936379501024,38,0,False,False,,,,,,,,,,,
margin,New Mexico,scientific_f5_m4,9.354494124511362,39,0,False,False,,,,,,,,,,,
margin,Northwestern,scientific_f5_m4,9.08001134528086,40,0,False,False,,,,,,,,,,,
margin,Texas Tech,scientific_f5_m4,9.06590430833379,41,0,False,False,,,,,,,,,,,
margin,Oregon,scientific_f5_m4,8.697545256138405,42,0,False,False,,,,,,,,,,,
margin,Army,scientific_f5_m4,8.510377179066419,43,0,False,False,,,,,,,,,,,
margin,Arizona State,scientific_f5_m4,8.263792841880232,44,0,False,False,,,,,,,,,,,
margin,Florida State,scientific_f5_m4,8.229714328744581,45,0,False,False,,,,,,,,,,,
margin,Syracuse,scientific_f5_m4,8.156554914082845,46,0,False,False,,,,,,,,,,,
margin,Baylor,scientific_f5_m4,8.116327116708876,47,0,False,False,,,,,,,,,,,
margin,Michigan,scientific_f5_m4,7.502181788345033,48,0,False,False,,,,,,,,,,,
margin,Colorado State,scientific_f5_m4,7.39371672182867,49,0,False,False,,,,,,,,,,,
margin,Kansas,scientific_f5_m4,7.3789680107583315,50,0,False,False,,,,,,,,,,,
margin,Washington,scientific_f5_m4,6.386752120441665,51,0,False,False,,,,,,,,,,,
margin,UCF,scientific_f5_m4,6.376283476566887,52,0,False,False,,,,,,,,,,,
margin,Boise State,scientific_f5_m4,6.330672569086106,53,0,False,False,,,,,,,,,,,
margin,Michigan State,scientific_f5_m4,6.293593070608659,54,0,False,False,,,,,,,,,,,
margin,North Carolina,scientific_f5_m4,5.898745905161509,55,0,False,False,,,,,,,,,,,
margin,Duke,scientific_f5_m4,5.511473196027782,56,0,False,False,,,,,,,,,,,
margin,Air Force,scientific_f5_m4,5.297985628933148,57,0,False,False,,,,,,,,,,,
margin,Arizona,scientific_f5_m4,5.252479120920683,58,0,False,False,,,,,,,,,,,
margin,Georgia State,scientific_f5_m4,4.937327361445422,59,0,False,False,,,,,,,,,,,
margin,Wake Forest,scientific_f5_m4,4.889318565430685,60,0,False,False,,,,,,,,,,,
margin,Colorado,scientific_f5_m4,4.817720556837034,61,0,False,False,,,,,,,,,,,
margin,Purdue,scientific_f5_m4,4.525857500091405,62,0,False,False,,,,,,,,,,,
margin,Kentucky,scientific_f5_m4,4.218548182095978,63,0,False,False,,,,,,,,,,,
margin,Vanderbilt,scientific_f5_m4,4.156668142766342,64,0,False,False,,,,,,,,,,,
margin,Iowa State,scientific_f5_m4,3.878688298620435,65,0,False,False,,,,,,,,,,,
margin,Minnesota,scientific_f5_m4,3.6801282222393725,66,0,False,False,,,,,,,,,,,
margin,Toledo,scientific_f5_m4,3.304465029335707,67,0,False,False,,,,,,,,,,,
margin,Illinois,scientific_f5_m4,3.078738112409797,68,0,False,False,,,,,,,,,,,
margin,Clemson,scientific_f5_m4,1.9966066616312403,69,0,False,False,,,,,,,,,,,
margin,Arkansas State,scientific_f5_m4,1.8434627980640306,70,0,False,False,,,,,,,,,,,
margin,Louisiana Tech,scientific_f5_m4,1.1747200753649214,71,0,False,False,,,,,,,,,,,
margin,UConn,scientific_f5_m4,0.4194555096210721,72,0,False,False,,,,,,,,,,,
margin,Western Michigan,scientific_f5_m4,0.23066070793406837,73,0,False,False,,,,,,,,,,,
margin,Jacksonville State,scientific_f5_m4,0.08798787413399944,74,0,False,False,,,,,,,,,,,
margin,Navy,scientific_f5_m4,-0.0728893769664819,75,0,False,False,,,,,,,,,,,
margin,South Alabama,scientific_f5_m4,-0.13576962708382664,76,0,False,False,,,,,,,,,,,
margin,App State,scientific_f5_m4,-0.31596053792725304,77,0,False,False,,,,,,,,,,,
margin,Wisconsin,scientific_f5_m4,-0.5436701707234985,78,0,False,False,,,,,,,,,,,
margin,Delaware,scientific_f5_m4,-0.6049558578241876,79,0,False,False,,,,,,,,,,,
margin,Tulane,scientific_f5_m4,-0.7942325448538667,80,0,False,False,,,,,,,,,,,
margin,Kennesaw State,scientific_f5_m4,-1.0808901247555942,81,0,False,False,,,,,,,,,,,
margin,Louisiana,scientific_f5_m4,-1.1765130302564886,82,0,False,False,,,,,,,,,,,
margin,Georgia Southern,scientific_f5_m4,-1.2172541826410435,83,0,False,False,,,,,,,,,,,
margin,North Texas,scientific_f5_m4,-1.3216945691542716,84,0,False,False,,,,,,,,,,,
margin,Memphis,scientific_f5_m4,-2.0401310212193278,85,0,False,False,,,,,,,,,,,
margin,Coastal Carolina,scientific_f5_m4,-2.1616263310112247,86,0,False,False,,,,,,,,,,,
margin,Akron,scientific_f5_m4,-2.6867853733235125,87,0,False,False,,,,,,,,,,,
margin,South Florida,scientific_f5_m4,-2.7321470618965824,88,0,False,False,,,,,,,,,,,
margin,New Mexico State,scientific_f5_m4,-2.733591374869222,89,0,False,False,,,,,,,,,,,
margin,Stanford,scientific_f5_m4,-3.14014344143133,90,0,False,False,,,,,,,,,,,
margin,North Dakota State,scientific_f5_m4,-3.14467353036154,91,0,False,False,,,,,,,,,,,
margin,San Diego State,scientific_f5_m4,-3.7895901233862306,92,0,False,False,,,,,,,,,,,
margin,Fresno State,scientific_f5_m4,-3.9264219970882315,93,0,False,False,,,,,,,,,,,
margin,Old Dominion,scientific_f5_m4,-3.973456308919432,94,0,False,False,,,,,,,,,,,
margin,Southern Miss,scientific_f5_m4,-4.097293757317381,95,0,False,False,,,,,,,,,,,
margin,Troy,scientific_f5_m4,-4.422745521975864,96,0,False,False,,,,,,,,,,,
margin,Georgia Tech,scientific_f5_m4,-5.139298665610484,97,0,False,False,,,,,,,,,,,
margin,Washington State,scientific_f5_m4,-5.305018082510286,98,0,False,False,,,,,,,,,,,
margin,Miami (OH),scientific_f5_m4,-5.976738279780641,99,0,False,False,,,,,,,,,,,
margin,Temple,scientific_f5_m4,-7.141250667493316,100,0,False,False,,,,,,,,,,,
margin,Arkansas,scientific_f5_m4,-7.176950335530234,101,0,False,False,,,,,,,,,,,
margin,Florida International,scientific_f5_m4,-7.5403225520641906,102,0,False,False,,,,,,,,,,,
margin,Hawai'i,scientific_f5_m4,-7.636403815537997,103,0,False,False,,,,,,,,,,,
margin,Liberty,scientific_f5_m4,-7.871460609883471,104,0,False,False,,,,,,,,,,,
margin,UNLV,scientific_f5_m4,-7.909481204454449,105,0,False,False,,,,,,,,,,,
margin,Oklahoma State,scientific_f5_m4,-8.20331467999826,106,0,False,False,,,,,,,,,,,
margin,Utah State,scientific_f5_m4,-8.388713526349154,107,0,False,False,,,,,,,,,,,
margin,Nevada,scientific_f5_m4,-9.224681713982923,108,0,False,False,,,,,,,,,,,
margin,Texas State,scientific_f5_m4,-9.272508573159747,109,0,False,False,,,,,,,,,,,
margin,Massachusetts,scientific_f5_m4,-9.37939722580888,110,0,False,False,,,,,,,,,,,
margin,UAB,scientific_f5_m4,-9.498704143393304,111,0,False,False,,,,,,,,,,,
margin,Tulsa,scientific_f5_m4,-9.720074473140887,112,0,False,False,,,,,,,,,,,
margin,San José State,scientific_f5_m4,-9.832918602468073,113,0,False,False,,,,,,,,,,,
margin,Boston College,scientific_f5_m4,-9.92985629941416,114,0,False,False,,,,,,,,,,,
margin,Sacramento State,scientific_f5_m4,-10.097082851528475,115,0,False,False,,,,,,,,,,,
margin,Middle Tennessee,scientific_f5_m4,-10.283800252532151,116,0,False,False,,,,,,,,,,,
margin,Ohio,scientific_f5_m4,-10.411136937453225,117,0,False,False,,,,,,,,,,,
margin,Rutgers,scientific_f5_m4,-10.624409540235673,118,0,False,False,,,,,,,,,,,
margin,East Carolina,scientific_f5_m4,-10.714335158461765,119,0,False,False,,,,,,,,,,,
margin,Oregon State,scientific_f5_m4,-11.371809945809064,120,0,False,False,,,,,,,,,,,
margin,Marshall,scientific_f5_m4,-11.666361499678272,121,0,False,False,,,,,,,,,,,
margin,Buffalo,scientific_f5_m4,-11.815253625515233,122,0,False,False,,,,,,,,,,,
margin,Missouri State,scientific_f5_m4,-12.534128810387696,123,0,False,False,,,,,,,,,,,
margin,California,scientific_f5_m4,-12.674637807199868,124,0,False,False,,,,,,,,,,,
margin,UTEP,scientific_f5_m4,-12.850670546549534,125,0,False,False,,,,,,,,,,,
margin,Eastern Michigan,scientific_f5_m4,-13.031849017705227,126,0,False,False,,,,,,,,,,,
margin,Rice,scientific_f5_m4,-13.290887173232901,127,0,False,False,,,,,,,,,,,
margin,Western Kentucky,scientific_f5_m4,-14.306082483384014,128,0,False,False,,,,,,,,,,,
margin,Northern Illinois,scientific_f5_m4,-14.669605308596948,129,0,False,False,,,,,,,,,,,
margin,Sam Houston,scientific_f5_m4,-14.695858153280865,130,0,False,False,,,,,,,,,,,
margin,Wyoming,scientific_f5_m4,-16.393311376138147,131,0,False,False,,,,,,,,,,,
margin,Florida Atlantic,scientific_f5_m4,-16.490079722024404,132,0,False,False,,,,,,,,,,,
margin,Central Michigan,scientific_f5_m4,-16.82698171863509,133,0,False,False,,,,,,,,,,,
margin,Bowling Green,scientific_f5_m4,-17.452554004320373,134,0,False,False,,,,,,,,,,,
margin,Ball State,scientific_f5_m4,-18.883152139467295,135,0,False,False,,,,,,,,,,,
margin,Kent State,scientific_f5_m4,-19.567443780535775,136,0,False,False,,,,,,,,,,,
margin,Charlotte,scientific_f5_m4,-20.55514954202133,137,0,False,False,,,,,,,,,,,
margin,UL Monroe,scientific_f5_m4,-27.709087095691537,138,0,False,False,,,,,,,,,,,
margin,Navy,scientific_f5_m5,40.111061096191406,1,25,True,True,,,,,,,,,,,
margin,Georgia,scientific_f5_m5,38.38896942138672,2,24,True,False,,,,,,,,,,,
margin,Penn State,scientific_f5_m5,34.208702087402344,3,23,True,False,,,,,,,,,,,
margin,Alabama,scientific_f5_m5,27.499858856201172,4,22,True,False,,,,,,,,,,,
margin,Indiana,scientific_f5_m5,25.99223518371582,5,21,True,False,,,,,,,,,,,
margin,Boise State,scientific_f5_m5,25.401674270629883,6,20,True,False,,,,,,,,,,,
margin,James Madison,scientific_f5_m5,25.188518524169922,7,19,True,False,,,,,,,,,,,
margin,Virginia Tech,scientific_f5_m5,25.04639434814453,8,18,True,False,,,,,,,,,,,
margin,Texas A&M,scientific_f5_m5,20.52166748046875,9,17,True,False,,,,,,,,,,,
margin,NC State,scientific_f5_m5,20.242263793945312,10,16,True,False,,,,,,,,,,,
margin,Ole Miss,scientific_f5_m5,19.92314338684082,11,15,True,False,,,,,,,,,,,
margin,SMU,scientific_f5_m5,18.042179107666016,12,14,True,False,,,,,,,,,,,
margin,LSU,scientific_f5_m5,17.792984008789062,13,13,True,False,,,,,,,,,,,
margin,Colorado State,scientific_f5_m5,17.664470672607422,14,12,True,False,,,,,,,,,,,
margin,South Carolina,scientific_f5_m5,17.64874267578125,15,11,True,False,,,,,,,,,,,
margin,Minnesota,scientific_f5_m5,17.411861419677734,16,10,True,False,,,,,,,,,,,
margin,Colorado,scientific_f5_m5,16.735050201416016,17,9,True,False,,,,,,,,,,,
margin,Florida,scientific_f5_m5,16.36676788330078,18,8,True,False,,,,,,,,,,,
margin,Iowa,scientific_f5_m5,16.068754196166992,19,7,True,False,,,,,,,,,,,
margin,Ohio State,scientific_f5_m5,14.875815391540527,20,6,True,False,,,,,,,,,,,
margin,Notre Dame,scientific_f5_m5,14.142363548278809,21,5,True,False,,,,,,,,,,,
margin,BYU,scientific_f5_m5,13.98393440246582,22,4,True,False,,,,,,,,,,,
margin,Florida State,scientific_f5_m5,13.710451126098633,23,3,True,False,,,,,,,,,,,
margin,Michigan,scientific_f5_m5,13.568910598754883,24,2,True,False,,,,,,,,,,,
margin,Duke,scientific_f5_m5,13.540727615356445,25,1,True,False,,,,,,,,,,,
margin,Auburn,scientific_f5_m5,13.368840217590332,26,0,False,False,,,,,,,,,,,
margin,Illinois,scientific_f5_m5,13.128196716308594,27,0,False,False,,,,,,,,,,,
margin,Kentucky,scientific_f5_m5,12.966081619262695,28,0,False,False,,,,,,,,,,,
margin,South Alabama,scientific_f5_m5,11.41335678100586,29,0,False,False,,,,,,,,,,,
margin,Cincinnati,scientific_f5_m5,10.996660232543945,30,0,False,False,,,,,,,,,,,
margin,Purdue,scientific_f5_m5,10.922423362731934,31,0,False,False,,,,,,,,,,,
margin,Texas,scientific_f5_m5,10.878427505493164,32,0,False,False,,,,,,,,,,,
margin,Kansas,scientific_f5_m5,10.602275848388672,33,0,False,False,,,,,,,,,,,
margin,Tennessee,scientific_f5_m5,10.24655532836914,34,0,False,False,,,,,,,,,,,
margin,Missouri,scientific_f5_m5,10.213129043579102,35,0,False,False,,,,,,,,,,,
margin,Arizona State,scientific_f5_m5,10.05380630493164,36,0,False,False,,,,,,,,,,,
margin,Houston,scientific_f5_m5,9.749978065490723,37,0,False,False,,,,,,,,,,,
margin,Akron,scientific_f5_m5,9.660013198852539,38,0,False,False,,,,,,,,,,,
margin,Miami,scientific_f5_m5,8.980767250061035,39,0,False,False,,,,,,,,,,,
margin,Washington,scientific_f5_m5,8.846419334411621,40,0,False,False,,,,,,,,,,,
margin,New Mexico,scientific_f5_m5,8.124573707580566,41,0,False,False,,,,,,,,,,,
margin,UCLA,scientific_f5_m5,7.554664611816406,42,0,False,False,,,,,,,,,,,
margin,Mississippi State,scientific_f5_m5,7.548409461975098,43,0,False,False,,,,,,,,,,,
margin,Kennesaw State,scientific_f5_m5,7.384443283081055,44,0,False,False,,,,,,,,,,,
margin,Liberty,scientific_f5_m5,7.324619293212891,45,0,False,False,,,,,,,,,,,
margin,Wisconsin,scientific_f5_m5,7.251402854919434,46,0,False,False,,,,,,,,,,,
margin,Oklahoma,scientific_f5_m5,7.117697715759277,47,0,False,False,,,,,,,,,,,
margin,Wake Forest,scientific_f5_m5,6.721721649169922,48,0,False,False,,,,,,,,,,,
margin,Northwestern,scientific_f5_m5,6.6933817863464355,49,0,False,False,,,,,,,,,,,
margin,Kansas State,scientific_f5_m5,6.401080131530762,50,0,False,False,,,,,,,,,,,
margin,Vanderbilt,scientific_f5_m5,6.060481071472168,51,0,False,False,,,,,,,,,,,
margin,Air Force,scientific_f5_m5,5.988582611083984,52,0,False,False,,,,,,,,,,,
margin,East Carolina,scientific_f5_m5,5.970422267913818,53,0,False,False,,,,,,,,,,,
margin,Virginia,scientific_f5_m5,5.881272792816162,54,0,False,False,,,,,,,,,,,
margin,Maryland,scientific_f5_m5,5.743621826171875,55,0,False,False,,,,,,,,,,,
margin,North Carolina,scientific_f5_m5,5.484307765960693,56,0,False,False,,,,,,,,,,,
margin,UConn,scientific_f5_m5,5.160640716552734,57,0,False,False,,,,,,,,,,,
margin,Louisville,scientific_f5_m5,4.949685096740723,58,0,False,False,,,,,,,,,,,
margin,Jacksonville State,scientific_f5_m5,3.9838457107543945,59,0,False,False,,,,,,,,,,,
margin,TCU,scientific_f5_m5,3.246946334838867,60,0,False,False,,,,,,,,,,,
margin,Pittsburgh,scientific_f5_m5,3.1676716804504395,61,0,False,False,,,,,,,,,,,
margin,Utah,scientific_f5_m5,2.8529834747314453,62,0,False,False,,,,,,,,,,,
margin,Coastal Carolina,scientific_f5_m5,2.6712000370025635,63,0,False,False,,,,,,,,,,,
margin,UTEP,scientific_f5_m5,2.5119948387145996,64,0,False,False,,,,,,,,,,,
margin,Miami (OH),scientific_f5_m5,2.483604669570923,65,0,False,False,,,,,,,,,,,
margin,Army,scientific_f5_m5,2.186431884765625,66,0,False,False,,,,,,,,,,,
margin,Oregon,scientific_f5_m5,2.0012378692626953,67,0,False,False,,,,,,,,,,,
margin,Boston College,scientific_f5_m5,1.9858901500701904,68,0,False,False,,,,,,,,,,,
margin,UTSA,scientific_f5_m5,1.2502102851867676,69,0,False,False,,,,,,,,,,,
margin,Stanford,scientific_f5_m5,1.1447763442993164,70,0,False,False,,,,,,,,,,,
margin,Louisiana,scientific_f5_m5,1.0793237686157227,71,0,False,False,,,,,,,,,,,
margin,Syracuse,scientific_f5_m5,0.8705797791481018,72,0,False,False,,,,,,,,,,,
margin,Washington State,scientific_f5_m5,0.7895217537879944,73,0,False,False,,,,,,,,,,,
margin,Nebraska,scientific_f5_m5,0.6992285847663879,74,0,False,False,,,,,,,,,,,
margin,Toledo,scientific_f5_m5,0.6896715760231018,75,0,False,False,,,,,,,,,,,
margin,Ohio,scientific_f5_m5,0.6388106942176819,76,0,False,False,,,,,,,,,,,
margin,Missouri State,scientific_f5_m5,0.480751097202301,77,0,False,False,,,,,,,,,,,
margin,Rutgers,scientific_f5_m5,-0.11297696828842163,78,0,False,False,,,,,,,,,,,
margin,USC,scientific_f5_m5,-0.4434165358543396,79,0,False,False,,,,,,,,,,,
margin,Western Michigan,scientific_f5_m5,-0.4620334506034851,80,0,False,False,,,,,,,,,,,
margin,Texas Tech,scientific_f5_m5,-1.1493682861328125,81,0,False,False,,,,,,,,,,,
margin,Old Dominion,scientific_f5_m5,-1.3170011043548584,82,0,False,False,,,,,,,,,,,
margin,Georgia Southern,scientific_f5_m5,-1.6013431549072266,83,0,False,False,,,,,,,,,,,
margin,Troy,scientific_f5_m5,-1.6871566772460938,84,0,False,False,,,,,,,,,,,
margin,Oregon State,scientific_f5_m5,-1.7231025695800781,85,0,False,False,,,,,,,,,,,
margin,Massachusetts,scientific_f5_m5,-2.6833691596984863,86,0,False,False,,,,,,,,,,,
margin,Tulsa,scientific_f5_m5,-2.7485828399658203,87,0,False,False,,,,,,,,,,,
margin,Oklahoma State,scientific_f5_m5,-2.8334951400756836,88,0,False,False,,,,,,,,,,,
margin,Memphis,scientific_f5_m5,-2.8974266052246094,89,0,False,False,,,,,,,,,,,
margin,Iowa State,scientific_f5_m5,-3.5194413661956787,90,0,False,False,,,,,,,,,,,
margin,Louisiana Tech,scientific_f5_m5,-3.7951974868774414,91,0,False,False,,,,,,,,,,,
margin,West Virginia,scientific_f5_m5,-4.192729949951172,92,0,False,False,,,,,,,,,,,
margin,UCF,scientific_f5_m5,-4.734212875366211,93,0,False,False,,,,,,,,,,,
margin,Temple,scientific_f5_m5,-4.838568210601807,94,0,False,False,,,,,,,,,,,
margin,New Mexico State,scientific_f5_m5,-4.900700569152832,95,0,False,False,,,,,,,,,,,
margin,Charlotte,scientific_f5_m5,-5.442684650421143,96,0,False,False,,,,,,,,,,,
margin,Tulane,scientific_f5_m5,-5.595277786254883,97,0,False,False,,,,,,,,,,,
margin,South Florida,scientific_f5_m5,-5.607813835144043,98,0,False,False,,,,,,,,,,,
margin,Georgia State,scientific_f5_m5,-5.784949779510498,99,0,False,False,,,,,,,,,,,
margin,San José State,scientific_f5_m5,-5.801159858703613,100,0,False,False,,,,,,,,,,,
margin,Baylor,scientific_f5_m5,-6.019891738891602,101,0,False,False,,,,,,,,,,,
margin,Arkansas,scientific_f5_m5,-6.074575901031494,102,0,False,False,,,,,,,,,,,
margin,San Diego State,scientific_f5_m5,-6.492018699645996,103,0,False,False,,,,,,,,,,,
margin,Hawai'i,scientific_f5_m5,-6.53474760055542,104,0,False,False,,,,,,,,,,,
margin,Georgia Tech,scientific_f5_m5,-6.716625213623047,105,0,False,False,,,,,,,,,,,
margin,Michigan State,scientific_f5_m5,-7.923162460327148,106,0,False,False,,,,,,,,,,,
margin,Central Michigan,scientific_f5_m5,-7.973465919494629,107,0,False,False,,,,,,,,,,,
margin,Fresno State,scientific_f5_m5,-8.759915351867676,108,0,False,False,,,,,,,,,,,
margin,North Dakota State,scientific_f5_m5,-9.328691482543945,109,0,False,False,,,,,,,,,,,
margin,Rice,scientific_f5_m5,-9.486785888671875,110,0,False,False,,,,,,,,,,,
margin,Nevada,scientific_f5_m5,-11.009149551391602,111,0,False,False,,,,,,,,,,,
margin,App State,scientific_f5_m5,-11.053977012634277,112,0,False,False,,,,,,,,,,,
margin,Florida International,scientific_f5_m5,-11.127262115478516,113,0,False,False,,,,,,,,,,,
margin,Sacramento State,scientific_f5_m5,-11.762742042541504,114,0,False,False,,,,,,,,,,,
margin,Middle Tennessee,scientific_f5_m5,-11.913104057312012,115,0,False,False,,,,,,,,,,,
margin,California,scientific_f5_m5,-12.043647766113281,116,0,False,False,,,,,,,,,,,
margin,Sam Houston,scientific_f5_m5,-13.182788848876953,117,0,False,False,,,,,,,,,,,
margin,Buffalo,scientific_f5_m5,-13.563885688781738,118,0,False,False,,,,,,,,,,,
margin,Northern Illinois,scientific_f5_m5,-14.919758796691895,119,0,False,False,,,,,,,,,,,
margin,Arizona,scientific_f5_m5,-15.111847877502441,120,0,False,False,,,,,,,,,,,
margin,UNLV,scientific_f5_m5,-15.230831146240234,121,0,False,False,,,,,,,,,,,
margin,Clemson,scientific_f5_m5,-15.59211540222168,122,0,False,False,,,,,,,,,,,
margin,North Texas,scientific_f5_m5,-16.051870346069336,123,0,False,False,,,,,,,,,,,
margin,Delaware,scientific_f5_m5,-16.6407413482666,124,0,False,False,,,,,,,,,,,
margin,UL Monroe,scientific_f5_m5,-18.675655364990234,125,0,False,False,,,,,,,,,,,
margin,Florida Atlantic,scientific_f5_m5,-19.94491958618164,126,0,False,False,,,,,,,,,,,
margin,Texas State,scientific_f5_m5,-20.197607040405273,127,0,False,False,,,,,,,,,,,
margin,UAB,scientific_f5_m5,-21.8701171875,128,0,False,False,,,,,,,,,,,
margin,Bowling Green,scientific_f5_m5,-21.9932918548584,129,0,False,False,,,,,,,,,,,
margin,Eastern Michigan,scientific_f5_m5,-22.07611846923828,130,0,False,False,,,,,,,,,,,
margin,Marshall,scientific_f5_m5,-23.225440979003906,131,0,False,False,,,,,,,,,,,
margin,Kent State,scientific_f5_m5,-23.988698959350586,132,0,False,False,,,,,,,,,,,
margin,Ball State,scientific_f5_m5,-24.16157341003418,133,0,False,False,,,,,,,,,,,
margin,Wyoming,scientific_f5_m5,-26.98356056213379,134,0,False,False,,,,,,,,,,,
margin,Western Kentucky,scientific_f5_m5,-30.005184173583984,135,0,False,False,,,,,,,,,,,
margin,Arkansas State,scientific_f5_m5,-30.607084274291992,136,0,False,False,,,,,,,,,,,
margin,Utah State,scientific_f5_m5,-30.859813690185547,137,0,False,False,,,,,,,,,,,
margin,Southern Miss,scientific_f5_m5,-34.0213737487793,138,0,False,False,,,,,,,,,,,
margin,Ohio State,scientific_f5_m10,29.35,1,25,True,True,,,,,,,,,,,
margin,LSU,scientific_f5_m10,27.25,2,24,True,False,,,,,,,,,,,
margin,Georgia,scientific_f5_m10,26.8,3,23,True,False,,,,,,,,,,,
margin,Indiana,scientific_f5_m10,22.4,4,22,True,False,,,,,,,,,,,
margin,Kansas State,scientific_f5_m10,22.4,5,21,True,False,,,,,,,,,,,
margin,Utah,scientific_f5_m10,21.8,6,20,True,False,,,,,,,,,,,
margin,Virginia Tech,scientific_f5_m10,21.6,7,19,True,False,,,,,,,,,,,
margin,Oregon,scientific_f5_m10,21.2,8,18,True,False,,,,,,,,,,,
margin,Notre Dame,scientific_f5_m10,20.65,9,17,True,False,,,,,,,,,,,
margin,James Madison,scientific_f5_m10,20.3,10,16,True,False,,,,,,,,,,,
margin,BYU,scientific_f5_m10,20.2,11,15,True,False,,,,,,,,,,,
margin,Ole Miss,scientific_f5_m10,20.05,12,14,True,False,,,,,,,,,,,
margin,South Carolina,scientific_f5_m10,19.75,13,13,True,False,,,,,,,,,,,
margin,Miami,scientific_f5_m10,18.4,14,12,True,False,,,,,,,,,,,
margin,USC,scientific_f5_m10,18.4,15,11,True,False,,,,,,,,,,,
margin,Tennessee,scientific_f5_m10,18.2,16,10,True,False,,,,,,,,,,,
margin,Houston,scientific_f5_m10,17.9,17,9,True,False,,,,,,,,,,,
margin,Michigan,scientific_f5_m10,16.95,18,8,True,False,,,,,,,,,,,
margin,Iowa,scientific_f5_m10,16.45,19,7,True,False,,,,,,,,,,,
margin,Oklahoma,scientific_f5_m10,16.25,20,6,True,False,,,,,,,,,,,
margin,Mississippi State,scientific_f5_m10,16.2,21,5,True,False,,,,,,,,,,,
margin,Louisville,scientific_f5_m10,15.9,22,4,True,False,,,,,,,,,,,
margin,Florida,scientific_f5_m10,15.75,23,3,True,False,,,,,,,,,,,
margin,Texas,scientific_f5_m10,15.35,24,2,True,False,,,,,,,,,,,
margin,Texas A&M,scientific_f5_m10,15.05,25,1,True,False,,,,,,,,,,,
margin,Florida State,scientific_f5_m10,14.95,26,0,False,False,,,,,,,,,,,
margin,Nebraska,scientific_f5_m10,14.9,27,0,False,False,,,,,,,,,,,
margin,Penn State,scientific_f5_m10,14.8,28,0,False,False,,,,,,,,,,,
margin,Virginia,scientific_f5_m10,14.65,29,0,False,False,,,,,,,,,,,
margin,Wisconsin,scientific_f5_m10,14.0,30,0,False,False,,,,,,,,,,,
margin,SMU,scientific_f5_m10,13.65,31,0,False,False,,,,,,,,,,,
margin,Alabama,scientific_f5_m10,13.4,32,0,False,False,,,,,,,,,,,
margin,Missouri,scientific_f5_m10,13.05,33,0,False,False,,,,,,,,,,,
margin,NC State,scientific_f5_m10,12.55,34,0,False,False,,,,,,,,,,,
margin,UCLA,scientific_f5_m10,11.55,35,0,False,False,,,,,,,,,,,
margin,Kentucky,scientific_f5_m10,10.65,36,0,False,False,,,,,,,,,,,
margin,Georgia State,scientific_f5_m10,10.6,37,0,False,False,,,,,,,,,,,
margin,Minnesota,scientific_f5_m10,10.25,38,0,False,False,,,,,,,,,,,
margin,New Mexico,scientific_f5_m10,10.25,39,0,False,False,,,,,,,,,,,
margin,TCU,scientific_f5_m10,10.0,40,0,False,False,,,,,,,,,,,
margin,Georgia Southern,scientific_f5_m10,9.05,41,0,False,False,,,,,,,,,,,
margin,Maryland,scientific_f5_m10,8.5,42,0,False,False,,,,,,,,,,,
margin,Illinois,scientific_f5_m10,7.8,43,0,False,False,,,,,,,,,,,
margin,UNLV,scientific_f5_m10,7.75,44,0,False,False,,,,,,,,,,,
margin,Texas Tech,scientific_f5_m10,7.35,45,0,False,False,,,,,,,,,,,
margin,Purdue,scientific_f5_m10,7.25,46,0,False,False,,,,,,,,,,,
margin,UCF,scientific_f5_m10,7.25,47,0,False,False,,,,,,,,,,,
margin,Pittsburgh,scientific_f5_m10,7.2,48,0,False,False,,,,,,,,,,,
margin,Georgia Tech,scientific_f5_m10,6.45,49,0,False,False,,,,,,,,,,,
margin,Duke,scientific_f5_m10,6.1,50,0,False,False,,,,,,,,,,,
margin,Wake Forest,scientific_f5_m10,6.0,51,0,False,False,,,,,,,,,,,
margin,Washington,scientific_f5_m10,5.9,52,0,False,False,,,,,,,,,,,
margin,Arizona,scientific_f5_m10,5.7,53,0,False,False,,,,,,,,,,,
margin,West Virginia,scientific_f5_m10,5.4,54,0,False,False,,,,,,,,,,,
margin,Arkansas,scientific_f5_m10,5.3,55,0,False,False,,,,,,,,,,,
margin,Cincinnati,scientific_f5_m10,4.725,56,0,False,False,,,,,,,,,,,
margin,UTSA,scientific_f5_m10,4.6,57,0,False,False,,,,,,,,,,,
margin,Kansas,scientific_f5_m10,4.45,58,0,False,False,,,,,,,,,,,
margin,Stanford,scientific_f5_m10,4.45,59,0,False,False,,,,,,,,,,,
margin,Texas State,scientific_f5_m10,4.375,60,0,False,False,,,,,,,,,,,
margin,Iowa State,scientific_f5_m10,4.3,61,0,False,False,,,,,,,,,,,
margin,Rutgers,scientific_f5_m10,4.2,62,0,False,False,,,,,,,,,,,
margin,Boise State,scientific_f5_m10,3.85,63,0,False,False,,,,,,,,,,,
margin,San José State,scientific_f5_m10,3.75,64,0,False,False,,,,,,,,,,,
margin,Northwestern,scientific_f5_m10,3.3,65,0,False,False,,,,,,,,,,,
margin,Colorado State,scientific_f5_m10,3.2,66,0,False,False,,,,,,,,,,,
margin,Arizona State,scientific_f5_m10,3.15,67,0,False,False,,,,,,,,,,,
margin,Baylor,scientific_f5_m10,2.35,68,0,False,False,,,,,,,,,,,
margin,UConn,scientific_f5_m10,2.075,69,0,False,False,,,,,,,,,,,
margin,Oklahoma State,scientific_f5_m10,2.05,70,0,False,False,,,,,,,,,,,
margin,Michigan State,scientific_f5_m10,2.0,71,0,False,False,,,,,,,,,,,
margin,Vanderbilt,scientific_f5_m10,1.15,72,0,False,False,,,,,,,,,,,
margin,Arkansas State,scientific_f5_m10,0.725,73,0,False,False,,,,,,,,,,,
margin,Fresno State,scientific_f5_m10,0.4,74,0,False,False,,,,,,,,,,,
margin,San Diego State,scientific_f5_m10,0.25,75,0,False,False,,,,,,,,,,,
margin,South Florida,scientific_f5_m10,-0.45,76,0,False,False,,,,,,,,,,,
margin,Miami (OH),scientific_f5_m10,-0.5,77,0,False,False,,,,,,,,,,,
margin,North Carolina,scientific_f5_m10,-0.6,78,0,False,False,,,,,,,,,,,
margin,Syracuse,scientific_f5_m10,-0.75,79,0,False,False,,,,,,,,,,,
margin,Auburn,scientific_f5_m10,-1.45,80,0,False,False,,,,,,,,,,,
margin,Louisiana,scientific_f5_m10,-1.65,81,0,False,False,,,,,,,,,,,
margin,Liberty,scientific_f5_m10,-1.675,82,0,False,False,,,,,,,,,,,
margin,UAB,scientific_f5_m10,-1.775,83,0,False,False,,,,,,,,,,,
margin,Tulane,scientific_f5_m10,-1.8,84,0,False,False,,,,,,,,,,,
margin,App State,scientific_f5_m10,-2.325,85,0,False,False,,,,,,,,,,,
margin,Boston College,scientific_f5_m10,-2.55,86,0,False,False,,,,,,,,,,,
margin,Kennesaw State,scientific_f5_m10,-2.65,87,0,False,False,,,,,,,,,,,
margin,Memphis,scientific_f5_m10,-2.65,88,0,False,False,,,,,,,,,,,
margin,North Texas,scientific_f5_m10,-2.975,89,0,False,False,,,,,,,,,,,
margin,Tulsa,scientific_f5_m10,-3.05,90,0,False,False,,,,,,,,,,,
margin,Florida International,scientific_f5_m10,-3.075,91,0,False,False,,,,,,,,,,,
margin,Coastal Carolina,scientific_f5_m10,-3.2,92,0,False,False,,,,,,,,,,,
margin,Eastern Michigan,scientific_f5_m10,-3.25,93,0,False,False,,,,,,,,,,,
margin,Louisiana Tech,scientific_f5_m10,-3.3,94,0,False,False,,,,,,,,,,,
margin,South Alabama,scientific_f5_m10,-3.35,95,0,False,False,,,,,,,,,,,
margin,Colorado,scientific_f5_m10,-3.4,96,0,False,False,,,,,,,,,,,
margin,UTEP,scientific_f5_m10,-3.75,97,0,False,False,,,,,,,,,,,
margin,Clemson,scientific_f5_m10,-4.15,98,0,False,False,,,,,,,,,,,
margin,Toledo,scientific_f5_m10,-4.95,99,0,False,False,,,,,,,,,,,
margin,Middle Tennessee,scientific_f5_m10,-5.075,100,0,False,False,,,,,,,,,,,
margin,Rice,scientific_f5_m10,-5.3,101,0,False,False,,,,,,,,,,,
margin,Sam Houston,scientific_f5_m10,-5.3,102,0,False,False,,,,,,,,,,,
margin,Navy,scientific_f5_m10,-5.325,103,0,False,False,,,,,,,,,,,
margin,Southern Miss,scientific_f5_m10,-5.35,104,0,False,False,,,,,,,,,,,
margin,Jacksonville State,scientific_f5_m10,-5.4,105,0,False,False,,,,,,,,,,,
margin,New Mexico State,scientific_f5_m10,-5.425,106,0,False,False,,,,,,,,,,,
margin,Florida Atlantic,scientific_f5_m10,-5.675,107,0,False,False,,,,,,,,,,,
margin,Central Michigan,scientific_f5_m10,-5.7,108,0,False,False,,,,,,,,,,,
margin,Delaware,scientific_f5_m10,-5.75,109,0,False,False,,,,,,,,,,,
margin,Air Force,scientific_f5_m10,-5.875,110,0,False,False,,,,,,,,,,,
margin,Sacramento State,scientific_f5_m10,-6.075,111,0,False,False,,,,,,,,,,,
margin,Wyoming,scientific_f5_m10,-6.25,112,0,False,False,,,,,,,,,,,
margin,Hawai'i,scientific_f5_m10,-6.35,113,0,False,False,,,,,,,,,,,
margin,Utah State,scientific_f5_m10,-6.55,114,0,False,False,,,,,,,,,,,
margin,Buffalo,scientific_f5_m10,-6.6,115,0,False,False,,,,,,,,,,,
margin,Missouri State,scientific_f5_m10,-6.6,116,0,False,False,,,,,,,,,,,
margin,Akron,scientific_f5_m10,-6.875,117,0,False,False,,,,,,,,,,,
margin,Temple,scientific_f5_m10,-7.65,118,0,False,False,,,,,,,,,,,
margin,Kent State,scientific_f5_m10,-8.55,119,0,False,False,,,,,,,,,,,
margin,Troy,scientific_f5_m10,-8.65,120,0,False,False,,,,,,,,,,,
margin,Massachusetts,scientific_f5_m10,-8.75,121,0,False,False,,,,,,,,,,,
margin,Nevada,scientific_f5_m10,-8.95,122,0,False,False,,,,,,,,,,,
margin,Western Michigan,scientific_f5_m10,-9.25,123,0,False,False,,,,,,,,,,,
margin,California,scientific_f5_m10,-9.45,124,0,False,False,,,,,,,,,,,
margin,Washington State,scientific_f5_m10,-10.3,125,0,False,False,,,,,,,,,,,
margin,Ohio,scientific_f5_m10,-10.475,126,0,False,False,,,,,,,,,,,
margin,Army,scientific_f5_m10,-10.65,127,0,False,False,,,,,,,,,,,
margin,Oregon State,scientific_f5_m10,-10.75,128,0,False,False,,,,,,,,,,,
margin,Charlotte,scientific_f5_m10,-11.45,129,0,False,False,,,,,,,,,,,
margin,Old Dominion,scientific_f5_m10,-11.45,130,0,False,False,,,,,,,,,,,
margin,North Dakota State,scientific_f5_m10,-11.8,131,0,False,False,,,,,,,,,,,
margin,Northern Illinois,scientific_f5_m10,-12.3,132,0,False,False,,,,,,,,,,,
margin,East Carolina,scientific_f5_m10,-17.1,133,0,False,False,,,,,,,,,,,
margin,UL Monroe,scientific_f5_m10,-17.1,134,0,False,False,,,,,,,,,,,
margin,Marshall,scientific_f5_m10,-18.0,135,0,False,False,,,,,,,,,,,
margin,Bowling Green,scientific_f5_m10,-18.6,136,0,False,False,,,,,,,,,,,
margin,Ball State,scientific_f5_m10,-20.05,137,0,False,False,,,,,,,,,,,
margin,Western Kentucky,scientific_f5_m10,-25.1,138,0,False,False,,,,,,,,,,,
margin,Georgia,scientific_f6_m1,33.27836497134188,1,25,True,True,,,,,,,,,,,
margin,Ohio State,scientific_f6_m1,27.13353619050246,2,24,True,False,,,,,,,,,,,
margin,Texas,scientific_f6_m1,26.3669378089952,3,23,True,False,,,,,,,,,,,
margin,Alabama,scientific_f6_m1,25.47280471658685,4,22,True,False,,,,,,,,,,,
margin,Notre Dame,scientific_f6_m1,24.986237194728922,5,21,True,False,,,,,,,,,,,
margin,LSU,scientific_f6_m1,24.850058308274928,6,20,True,False,,,,,,,,,,,
margin,Miami,scientific_f6_m1,23.113898835989175,7,19,True,False,,,,,,,,,,,
margin,Texas A&M,scientific_f6_m1,22.798396808634433,8,18,True,False,,,,,,,,,,,
margin,South Carolina,scientific_f6_m1,21.28948887765985,9,17,True,False,,,,,,,,,,,
margin,Ole Miss,scientific_f6_m1,21.112292527514516,10,16,True,False,,,,,,,,,,,
margin,Florida,scientific_f6_m1,21.065541269250158,11,15,True,False,,,,,,,,,,,
margin,Indiana,scientific_f6_m1,20.91815330996543,12,14,True,False,,,,,,,,,,,
margin,Kansas State,scientific_f6_m1,20.611588012324216,13,13,True,False,,,,,,,,,,,
margin,Oklahoma,scientific_f6_m1,20.061217147314096,14,12,True,False,,,,,,,,,,,
margin,Tennessee,scientific_f6_m1,18.964828728450193,15,11,True,False,,,,,,,,,,,
margin,Utah,scientific_f6_m1,17.910507595599203,16,10,True,False,,,,,,,,,,,
margin,Mississippi State,scientific_f6_m1,17.18793818393404,17,9,True,False,,,,,,,,,,,
margin,SMU,scientific_f6_m1,17.159541212883433,18,8,True,False,,,,,,,,,,,
margin,Virginia Tech,scientific_f6_m1,16.311458430272534,19,7,True,False,,,,,,,,,,,
margin,BYU,scientific_f6_m1,16.13625836794364,20,6,True,False,,,,,,,,,,,
margin,USC,scientific_f6_m1,16.052650380103508,21,5,True,False,,,,,,,,,,,
margin,James Madison,scientific_f6_m1,15.733004919960681,22,4,True,False,,,,,,,,,,,
margin,Missouri,scientific_f6_m1,15.376017726171582,23,3,True,False,,,,,,,,,,,
margin,Houston,scientific_f6_m1,14.977143146597015,24,2,True,False,,,,,,,,,,,
margin,Louisville,scientific_f6_m1,13.574179982752458,25,1,True,False,,,,,,,,,,,
margin,Texas Tech,scientific_f6_m1,13.458725028652463,26,0,False,False,,,,,,,,,,,
margin,Penn State,scientific_f6_m1,13.29983678143876,27,0,False,False,,,,,,,,,,,
margin,Oregon,scientific_f6_m1,12.771644536718842,28,0,False,False,,,,,,,,,,,
margin,Michigan,scientific_f6_m1,12.5455890606347,29,0,False,False,,,,,,,,,,,
margin,New Mexico,scientific_f6_m1,12.165812064849984,30,0,False,False,,,,,,,,,,,
margin,Florida State,scientific_f6_m1,12.094948862105035,31,0,False,False,,,,,,,,,,,
margin,Nebraska,scientific_f6_m1,12.002109439117419,32,0,False,False,,,,,,,,,,,
margin,Pittsburgh,scientific_f6_m1,11.411221898674217,33,0,False,False,,,,,,,,,,,
margin,Virginia,scientific_f6_m1,11.400487820776736,34,0,False,False,,,,,,,,,,,
margin,Auburn,scientific_f6_m1,11.2636471772126,35,0,False,False,,,,,,,,,,,
margin,UCLA,scientific_f6_m1,11.23924333121751,36,0,False,False,,,,,,,,,,,
margin,North Carolina,scientific_f6_m1,10.953508951165997,37,0,False,False,,,,,,,,,,,
margin,NC State,scientific_f6_m1,10.719516258082518,38,0,False,False,,,,,,,,,,,
margin,Baylor,scientific_f6_m1,10.451720281988624,39,0,False,False,,,,,,,,,,,
margin,Iowa,scientific_f6_m1,10.256506320166476,40,0,False,False,,,,,,,,,,,
margin,Washington,scientific_f6_m1,9.629842887721823,41,0,False,False,,,,,,,,,,,
margin,Duke,scientific_f6_m1,8.8688768987761,42,0,False,False,,,,,,,,,,,
margin,TCU,scientific_f6_m1,8.722888620196127,43,0,False,False,,,,,,,,,,,
margin,Michigan State,scientific_f6_m1,8.569513566814521,44,0,False,False,,,,,,,,,,,
margin,West Virginia,scientific_f6_m1,8.339460245552514,45,0,False,False,,,,,,,,,,,
margin,Maryland,scientific_f6_m1,8.26644704087842,46,0,False,False,,,,,,,,,,,
margin,Northwestern,scientific_f6_m1,7.735761176491218,47,0,False,False,,,,,,,,,,,
margin,Cincinnati,scientific_f6_m1,7.643833739963004,48,0,False,False,,,,,,,,,,,
margin,UTSA,scientific_f6_m1,7.550566913783225,49,0,False,False,,,,,,,,,,,
margin,Wake Forest,scientific_f6_m1,7.48347301019194,50,0,False,False,,,,,,,,,,,
margin,Illinois,scientific_f6_m1,7.320088148300137,51,0,False,False,,,,,,,,,,,
margin,Arizona State,scientific_f6_m1,7.04470556629378,52,0,False,False,,,,,,,,,,,
margin,Boise State,scientific_f6_m1,5.953357890367308,53,0,False,False,,,,,,,,,,,
margin,Vanderbilt,scientific_f6_m1,5.930274004503476,54,0,False,False,,,,,,,,,,,
margin,UCF,scientific_f6_m1,5.486049034077349,55,0,False,False,,,,,,,,,,,
margin,Kentucky,scientific_f6_m1,5.13930517012006,56,0,False,False,,,,,,,,,,,
margin,Syracuse,scientific_f6_m1,4.762614649229881,57,0,False,False,,,,,,,,,,,
margin,Purdue,scientific_f6_m1,4.55874368829514,58,0,False,False,,,,,,,,,,,
margin,Minnesota,scientific_f6_m1,4.323970057312034,59,0,False,False,,,,,,,,,,,
margin,Stanford,scientific_f6_m1,4.213075517790484,60,0,False,False,,,,,,,,,,,
margin,Arizona,scientific_f6_m1,4.167473785830617,61,0,False,False,,,,,,,,,,,
margin,Kansas,scientific_f6_m1,3.7854893864645103,62,0,False,False,,,,,,,,,,,
margin,Clemson,scientific_f6_m1,3.5710583268700993,63,0,False,False,,,,,,,,,,,
margin,Colorado,scientific_f6_m1,3.280332754344591,64,0,False,False,,,,,,,,,,,
margin,Colorado State,scientific_f6_m1,3.2329039320869475,65,0,False,False,,,,,,,,,,,
margin,Iowa State,scientific_f6_m1,2.2773137027220978,66,0,False,False,,,,,,,,,,,
margin,Toledo,scientific_f6_m1,1.9302316169305445,67,0,False,False,,,,,,,,,,,
margin,South Florida,scientific_f6_m1,1.8075656363825119,68,0,False,False,,,,,,,,,,,
margin,Jacksonville State,scientific_f6_m1,1.6763596997413677,69,0,False,False,,,,,,,,,,,
margin,Georgia State,scientific_f6_m1,1.4530137396161784,70,0,False,False,,,,,,,,,,,
margin,Air Force,scientific_f6_m1,1.146903532562631,71,0,False,False,,,,,,,,,,,
margin,Louisiana,scientific_f6_m1,0.8038361467435511,72,0,False,False,,,,,,,,,,,
margin,Arkansas,scientific_f6_m1,0.36810642110732594,73,0,False,False,,,,,,,,,,,
margin,Fresno State,scientific_f6_m1,0.10480508506118102,74,0,False,False,,,,,,,,,,,
margin,Georgia Tech,scientific_f6_m1,-0.1089538249980011,75,0,False,False,,,,,,,,,,,
margin,Western Michigan,scientific_f6_m1,-0.15965336543625774,76,0,False,False,,,,,,,,,,,
margin,Army,scientific_f6_m1,-0.30017110371659683,77,0,False,False,,,,,,,,,,,
margin,Georgia Southern,scientific_f6_m1,-0.3610403213221858,78,0,False,False,,,,,,,,,,,
margin,South Alabama,scientific_f6_m1,-0.37730920714517246,79,0,False,False,,,,,,,,,,,
margin,San Diego State,scientific_f6_m1,-0.6902117529764684,80,0,False,False,,,,,,,,,,,
margin,App State,scientific_f6_m1,-1.1860399862997646,81,0,False,False,,,,,,,,,,,
margin,North Texas,scientific_f6_m1,-1.3889518267549201,82,0,False,False,,,,,,,,,,,
margin,Troy,scientific_f6_m1,-1.483670754039359,83,0,False,False,,,,,,,,,,,
margin,Tulane,scientific_f6_m1,-1.5691772933796226,84,0,False,False,,,,,,,,,,,
margin,Arkansas State,scientific_f6_m1,-1.709325966497894,85,0,False,False,,,,,,,,,,,
margin,North Dakota State,scientific_f6_m1,-2.2008526574243232,86,0,False,False,,,,,,,,,,,
margin,Wisconsin,scientific_f6_m1,-2.2829721787155606,87,0,False,False,,,,,,,,,,,
margin,Kennesaw State,scientific_f6_m1,-2.3047587330028065,88,0,False,False,,,,,,,,,,,
margin,New Mexico State,scientific_f6_m1,-2.681338558771169,89,0,False,False,,,,,,,,,,,
margin,Louisiana Tech,scientific_f6_m1,-2.936597289843382,90,0,False,False,,,,,,,,,,,
margin,Coastal Carolina,scientific_f6_m1,-3.1260921203676117,91,0,False,False,,,,,,,,,,,
margin,Southern Miss,scientific_f6_m1,-3.1528911951181335,92,0,False,False,,,,,,,,,,,
margin,Delaware,scientific_f6_m1,-3.3519130045828645,93,0,False,False,,,,,,,,,,,
margin,Temple,scientific_f6_m1,-3.3772743289549325,94,0,False,False,,,,,,,,,,,
margin,Akron,scientific_f6_m1,-3.474073435724181,95,0,False,False,,,,,,,,,,,
margin,UConn,scientific_f6_m1,-3.7186009956458657,96,0,False,False,,,,,,,,,,,
margin,Ohio,scientific_f6_m1,-4.356894255749272,97,0,False,False,,,,,,,,,,,
margin,Oklahoma State,scientific_f6_m1,-4.426318506894794,98,0,False,False,,,,,,,,,,,
margin,Miami (OH),scientific_f6_m1,-4.749060940905966,99,0,False,False,,,,,,,,,,,
margin,East Carolina,scientific_f6_m1,-4.793545336194502,100,0,False,False,,,,,,,,,,,
margin,Memphis,scientific_f6_m1,-5.009302259250847,101,0,False,False,,,,,,,,,,,
margin,Tulsa,scientific_f6_m1,-5.096079517450392,102,0,False,False,,,,,,,,,,,
margin,Utah State,scientific_f6_m1,-5.227082034817776,103,0,False,False,,,,,,,,,,,
margin,Rutgers,scientific_f6_m1,-5.389999193305367,104,0,False,False,,,,,,,,,,,
margin,Texas State,scientific_f6_m1,-5.4159936297919336,105,0,False,False,,,,,,,,,,,
margin,Liberty,scientific_f6_m1,-5.552032559911299,106,0,False,False,,,,,,,,,,,
margin,UAB,scientific_f6_m1,-5.719128421383888,107,0,False,False,,,,,,,,,,,
margin,Old Dominion,scientific_f6_m1,-6.0388869417942574,108,0,False,False,,,,,,,,,,,
margin,Boston College,scientific_f6_m1,-6.054282743720814,109,0,False,False,,,,,,,,,,,
margin,Washington State,scientific_f6_m1,-6.239547673577678,110,0,False,False,,,,,,,,,,,
margin,Florida International,scientific_f6_m1,-6.357794217854626,111,0,False,False,,,,,,,,,,,
margin,Hawai'i,scientific_f6_m1,-6.796075927566997,112,0,False,False,,,,,,,,,,,
margin,UNLV,scientific_f6_m1,-7.411055538899471,113,0,False,False,,,,,,,,,,,
margin,California,scientific_f6_m1,-7.4499245129173834,114,0,False,False,,,,,,,,,,,
margin,San José State,scientific_f6_m1,-7.694908389514585,115,0,False,False,,,,,,,,,,,
margin,Middle Tennessee,scientific_f6_m1,-8.963225346671525,116,0,False,False,,,,,,,,,,,
margin,Missouri State,scientific_f6_m1,-10.245684068710034,117,0,False,False,,,,,,,,,,,
margin,Marshall,scientific_f6_m1,-10.340251670090545,118,0,False,False,,,,,,,,,,,
margin,Sacramento State,scientific_f6_m1,-10.374380377550413,119,0,False,False,,,,,,,,,,,
margin,Florida Atlantic,scientific_f6_m1,-10.484883766642128,120,0,False,False,,,,,,,,,,,
margin,Oregon State,scientific_f6_m1,-10.629859800406276,121,0,False,False,,,,,,,,,,,
margin,Nevada,scientific_f6_m1,-10.642608156030718,122,0,False,False,,,,,,,,,,,
margin,UTEP,scientific_f6_m1,-10.753074298225393,123,0,False,False,,,,,,,,,,,
margin,Buffalo,scientific_f6_m1,-11.708330090537473,124,0,False,False,,,,,,,,,,,
margin,Eastern Michigan,scientific_f6_m1,-11.959748341423495,125,0,False,False,,,,,,,,,,,
margin,Sam Houston,scientific_f6_m1,-12.504338789650497,126,0,False,False,,,,,,,,,,,
margin,Massachusetts,scientific_f6_m1,-12.621142209155291,127,0,False,False,,,,,,,,,,,
margin,Western Kentucky,scientific_f6_m1,-12.68573789663754,128,0,False,False,,,,,,,,,,,
margin,Rice,scientific_f6_m1,-12.852987322515443,129,0,False,False,,,,,,,,,,,
margin,Navy,scientific_f6_m1,-13.554249744404942,130,0,False,False,,,,,,,,,,,
margin,Kent State,scientific_f6_m1,-13.818743755359744,131,0,False,False,,,,,,,,,,,
margin,Wyoming,scientific_f6_m1,-14.334670959268795,132,0,False,False,,,,,,,,,,,
margin,Central Michigan,scientific_f6_m1,-14.474730762886022,133,0,False,False,,,,,,,,,,,
margin,Charlotte,scientific_f6_m1,-14.99166265486097,134,0,False,False,,,,,,,,,,,
margin,Northern Illinois,scientific_f6_m1,-16.311157800600355,135,0,False,False,,,,,,,,,,,
margin,Ball State,scientific_f6_m1,-16.974439330170792,136,0,False,False,,,,,,,,,,,
margin,Bowling Green,scientific_f6_m1,-17.585264378183275,137,0,False,False,,,,,,,,,,,
margin,UL Monroe,scientific_f6_m1,-24.449942824449675,138,0,False,False,,,,,,,,,,,
margin,Georgia,scientific_f6_m2,28.718078014450448,1,25,True,True,,,,,,,,,,,
margin,Notre Dame,scientific_f6_m2,26.006266081370033,2,24,True,False,,,,,,,,,,,
margin,LSU,scientific_f6_m2,25.540684832826802,3,23,True,False,,,,,,,,,,,
margin,Miami,scientific_f6_m2,24.82323068125807,4,22,True,False,,,,,,,,,,,
margin,Ohio State,scientific_f6_m2,23.814428726638237,5,21,True,False,,,,,,,,,,,
margin,Alabama,scientific_f6_m2,23.397331438772365,6,20,True,False,,,,,,,,,,,
margin,Texas A&M,scientific_f6_m2,23.21602810368181,7,19,True,False,,,,,,,,,,,
margin,Texas,scientific_f6_m2,22.91677010788195,8,18,True,False,,,,,,,,,,,
margin,Indiana,scientific_f6_m2,22.726384155595245,9,17,True,False,,,,,,,,,,,
margin,South Carolina,scientific_f6_m2,22.11881332391534,10,16,True,False,,,,,,,,,,,
margin,Florida,scientific_f6_m2,21.769109992741694,11,15,True,False,,,,,,,,,,,
margin,Kansas State,scientific_f6_m2,21.59847933021974,12,14,True,False,,,,,,,,,,,
margin,Utah,scientific_f6_m2,21.211737907299547,13,13,True,False,,,,,,,,,,,
margin,Ole Miss,scientific_f6_m2,20.797030743594142,14,12,True,False,,,,,,,,,,,
margin,Oklahoma,scientific_f6_m2,19.95997059416269,15,11,True,False,,,,,,,,,,,
margin,USC,scientific_f6_m2,19.40859595052462,16,10,True,False,,,,,,,,,,,
margin,Mississippi State,scientific_f6_m2,19.355221030234016,17,9,True,False,,,,,,,,,,,
margin,Tennessee,scientific_f6_m2,19.281597950617048,18,8,True,False,,,,,,,,,,,
margin,SMU,scientific_f6_m2,19.1127186970353,19,7,True,False,,,,,,,,,,,
margin,BYU,scientific_f6_m2,18.587542034343656,20,6,True,False,,,,,,,,,,,
margin,Missouri,scientific_f6_m2,17.064290693140578,21,5,True,False,,,,,,,,,,,
margin,Louisville,scientific_f6_m2,17.002011196763675,22,4,True,False,,,,,,,,,,,
margin,James Madison,scientific_f6_m2,16.897305649809194,23,3,True,False,,,,,,,,,,,
margin,Houston,scientific_f6_m2,16.879368436491088,24,2,True,False,,,,,,,,,,,
margin,Nebraska,scientific_f6_m2,16.458806260250444,25,1,True,False,,,,,,,,,,,
margin,Penn State,scientific_f6_m2,15.92039034829763,26,0,False,False,,,,,,,,,,,
margin,UCLA,scientific_f6_m2,15.465699555315185,27,0,False,False,,,,,,,,,,,
margin,Virginia Tech,scientific_f6_m2,15.036247404105538,28,0,False,False,,,,,,,,,,,
margin,Virginia,scientific_f6_m2,14.83096082373964,29,0,False,False,,,,,,,,,,,
margin,Texas Tech,scientific_f6_m2,13.985150483269832,30,0,False,False,,,,,,,,,,,
margin,Pittsburgh,scientific_f6_m2,13.939932370861289,31,0,False,False,,,,,,,,,,,
margin,Iowa,scientific_f6_m2,13.017907915208363,32,0,False,False,,,,,,,,,,,
margin,Michigan,scientific_f6_m2,12.763930677818678,33,0,False,False,,,,,,,,,,,
margin,NC State,scientific_f6_m2,12.45467008060052,34,0,False,False,,,,,,,,,,,
margin,New Mexico,scientific_f6_m2,12.381956018788923,35,0,False,False,,,,,,,,,,,
margin,Oregon,scientific_f6_m2,12.049925121623385,36,0,False,False,,,,,,,,,,,
margin,Maryland,scientific_f6_m2,12.044216240852935,37,0,False,False,,,,,,,,,,,
margin,Washington,scientific_f6_m2,11.426686098024444,38,0,False,False,,,,,,,,,,,
margin,Illinois,scientific_f6_m2,11.219840932507529,39,0,False,False,,,,,,,,,,,
margin,Baylor,scientific_f6_m2,11.129561075310656,40,0,False,False,,,,,,,,,,,
margin,TCU,scientific_f6_m2,11.109557955260819,41,0,False,False,,,,,,,,,,,
margin,North Carolina,scientific_f6_m2,10.88996393454869,42,0,False,False,,,,,,,,,,,
margin,Arizona State,scientific_f6_m2,10.865955197965096,43,0,False,False,,,,,,,,,,,
margin,Northwestern,scientific_f6_m2,9.997581425638677,44,0,False,False,,,,,,,,,,,
margin,Cincinnati,scientific_f6_m2,9.958221115962958,45,0,False,False,,,,,,,,,,,
margin,Duke,scientific_f6_m2,9.621009216309655,46,0,False,False,,,,,,,,,,,
margin,Auburn,scientific_f6_m2,9.118091720441564,47,0,False,False,,,,,,,,,,,
margin,West Virginia,scientific_f6_m2,8.866748806358949,48,0,False,False,,,,,,,,,,,
margin,UCF,scientific_f6_m2,8.78609766107228,49,0,False,False,,,,,,,,,,,
margin,Wake Forest,scientific_f6_m2,7.96808470019289,50,0,False,False,,,,,,,,,,,
margin,Florida State,scientific_f6_m2,7.945826460534988,51,0,False,False,,,,,,,,,,,
margin,Michigan State,scientific_f6_m2,7.898683792536683,52,0,False,False,,,,,,,,,,,
margin,UTSA,scientific_f6_m2,7.851539363320033,53,0,False,False,,,,,,,,,,,
margin,Colorado State,scientific_f6_m2,6.765435735422746,54,0,False,False,,,,,,,,,,,
margin,Arizona,scientific_f6_m2,6.719086799319656,55,0,False,False,,,,,,,,,,,
margin,Boise State,scientific_f6_m2,6.531741133046079,56,0,False,False,,,,,,,,,,,
margin,Army,scientific_f6_m2,5.925508414038994,57,0,False,False,,,,,,,,,,,
margin,Air Force,scientific_f6_m2,5.64901676694843,58,0,False,False,,,,,,,,,,,
margin,Vanderbilt,scientific_f6_m2,5.550987574898874,59,0,False,False,,,,,,,,,,,
margin,Kentucky,scientific_f6_m2,5.3933222876634375,60,0,False,False,,,,,,,,,,,
margin,Kansas,scientific_f6_m2,5.214415479737111,61,0,False,False,,,,,,,,,,,
margin,Minnesota,scientific_f6_m2,5.157872623427961,62,0,False,False,,,,,,,,,,,
margin,Toledo,scientific_f6_m2,4.740564702354509,63,0,False,False,,,,,,,,,,,
margin,Georgia State,scientific_f6_m2,4.650799324136791,64,0,False,False,,,,,,,,,,,
margin,Syracuse,scientific_f6_m2,4.48842243219447,65,0,False,False,,,,,,,,,,,
margin,Iowa State,scientific_f6_m2,4.488352595611397,66,0,False,False,,,,,,,,,,,
margin,Purdue,scientific_f6_m2,4.348678900043609,67,0,False,False,,,,,,,,,,,
margin,South Florida,scientific_f6_m2,3.2477609899425506,68,0,False,False,,,,,,,,,,,
margin,Louisiana,scientific_f6_m2,2.2095662261667113,69,0,False,False,,,,,,,,,,,
margin,Clemson,scientific_f6_m2,2.113069725588276,70,0,False,False,,,,,,,,,,,
margin,Georgia Southern,scientific_f6_m2,1.6684547044281042,71,0,False,False,,,,,,,,,,,
margin,Colorado,scientific_f6_m2,1.583333026198185,72,0,False,False,,,,,,,,,,,
margin,Wisconsin,scientific_f6_m2,1.381308269536097,73,0,False,False,,,,,,,,,,,
margin,App State,scientific_f6_m2,0.9024593809439637,74,0,False,False,,,,,,,,,,,
margin,Jacksonville State,scientific_f6_m2,0.4211372792512177,75,0,False,False,,,,,,,,,,,
margin,North Texas,scientific_f6_m2,0.38791623375255646,76,0,False,False,,,,,,,,,,,
margin,Akron,scientific_f6_m2,0.15600777418218648,77,0,False,False,,,,,,,,,,,
margin,North Dakota State,scientific_f6_m2,0.04298684200883729,78,0,False,False,,,,,,,,,,,
margin,Fresno State,scientific_f6_m2,-0.7464231153256887,79,0,False,False,,,,,,,,,,,
margin,South Alabama,scientific_f6_m2,-0.862044447803345,80,0,False,False,,,,,,,,,,,
margin,Western Michigan,scientific_f6_m2,-0.9814625751958599,81,0,False,False,,,,,,,,,,,
margin,Delaware,scientific_f6_m2,-1.3209611837524073,82,0,False,False,,,,,,,,,,,
margin,Georgia Tech,scientific_f6_m2,-1.3449858968164787,83,0,False,False,,,,,,,,,,,
margin,Louisiana Tech,scientific_f6_m2,-1.4762452225153069,84,0,False,False,,,,,,,,,,,
margin,Arkansas,scientific_f6_m2,-1.5560209435302257,85,0,False,False,,,,,,,,,,,
margin,Tulane,scientific_f6_m2,-1.570765418900339,86,0,False,False,,,,,,,,,,,
margin,Coastal Carolina,scientific_f6_m2,-1.6259178407736377,87,0,False,False,,,,,,,,,,,
margin,Arkansas State,scientific_f6_m2,-1.8881941484679339,88,0,False,False,,,,,,,,,,,
margin,Oklahoma State,scientific_f6_m2,-2.102690279899523,89,0,False,False,,,,,,,,,,,
margin,Troy,scientific_f6_m2,-2.1300137502347485,90,0,False,False,,,,,,,,,,,
margin,UConn,scientific_f6_m2,-2.181146043017541,91,0,False,False,,,,,,,,,,,
margin,Kennesaw State,scientific_f6_m2,-2.232257445224923,92,0,False,False,,,,,,,,,,,
margin,Temple,scientific_f6_m2,-2.4777481504382077,93,0,False,False,,,,,,,,,,,
margin,Southern Miss,scientific_f6_m2,-3.2647026916560864,94,0,False,False,,,,,,,,,,,
margin,Miami (OH),scientific_f6_m2,-3.2978727394613023,95,0,False,False,,,,,,,,,,,
margin,UNLV,scientific_f6_m2,-3.4383546009725783,96,0,False,False,,,,,,,,,,,
margin,San Diego State,scientific_f6_m2,-3.5080561564563566,97,0,False,False,,,,,,,,,,,
margin,Florida International,scientific_f6_m2,-3.5515538689974235,98,0,False,False,,,,,,,,,,,
margin,Stanford,scientific_f6_m2,-3.576652764723329,99,0,False,False,,,,,,,,,,,
margin,Navy,scientific_f6_m2,-3.5830433914369797,100,0,False,False,,,,,,,,,,,
margin,Memphis,scientific_f6_m2,-3.9510035402568056,101,0,False,False,,,,,,,,,,,
margin,Liberty,scientific_f6_m2,-4.440768584193339,102,0,False,False,,,,,,,,,,,
margin,Middle Tennessee,scientific_f6_m2,-4.508906603405217,103,0,False,False,,,,,,,,,,,
margin,San José State,scientific_f6_m2,-5.2988561687330655,104,0,False,False,,,,,,,,,,,
margin,Massachusetts,scientific_f6_m2,-5.33025244119812,105,0,False,False,,,,,,,,,,,
margin,Old Dominion,scientific_f6_m2,-5.370698719859717,106,0,False,False,,,,,,,,,,,
margin,New Mexico State,scientific_f6_m2,-5.567446257848694,107,0,False,False,,,,,,,,,,,
margin,Tulsa,scientific_f6_m2,-5.97376445223866,108,0,False,False,,,,,,,,,,,
margin,Hawai'i,scientific_f6_m2,-6.199117283214493,109,0,False,False,,,,,,,,,,,
margin,Boston College,scientific_f6_m2,-6.234056115916244,110,0,False,False,,,,,,,,,,,
margin,Texas State,scientific_f6_m2,-6.583077675310866,111,0,False,False,,,,,,,,,,,
margin,Ohio,scientific_f6_m2,-7.233293771853604,112,0,False,False,,,,,,,,,,,
margin,East Carolina,scientific_f6_m2,-7.435426226570064,113,0,False,False,,,,,,,,,,,
margin,Utah State,scientific_f6_m2,-7.437123887345988,114,0,False,False,,,,,,,,,,,
margin,California,scientific_f6_m2,-7.7702578264775415,115,0,False,False,,,,,,,,,,,
margin,UAB,scientific_f6_m2,-8.050821088539152,116,0,False,False,,,,,,,,,,,
margin,Rutgers,scientific_f6_m2,-8.677804980235873,117,0,False,False,,,,,,,,,,,
margin,Washington State,scientific_f6_m2,-9.114822280306695,118,0,False,False,,,,,,,,,,,
margin,UTEP,scientific_f6_m2,-9.32560323298527,119,0,False,False,,,,,,,,,,,
margin,Sam Houston,scientific_f6_m2,-9.47254302632449,120,0,False,False,,,,,,,,,,,
margin,Eastern Michigan,scientific_f6_m2,-10.801022007778606,121,0,False,False,,,,,,,,,,,
margin,Florida Atlantic,scientific_f6_m2,-11.3584490248073,122,0,False,False,,,,,,,,,,,
margin,Nevada,scientific_f6_m2,-11.368378405814068,123,0,False,False,,,,,,,,,,,
margin,Oregon State,scientific_f6_m2,-11.541493117044428,124,0,False,False,,,,,,,,,,,
margin,Rice,scientific_f6_m2,-11.673217079567712,125,0,False,False,,,,,,,,,,,
margin,Sacramento State,scientific_f6_m2,-11.846068900564756,126,0,False,False,,,,,,,,,,,
margin,Missouri State,scientific_f6_m2,-11.945820773087647,127,0,False,False,,,,,,,,,,,
margin,Marshall,scientific_f6_m2,-12.17921534637059,128,0,False,False,,,,,,,,,,,
margin,Buffalo,scientific_f6_m2,-12.905449024870254,129,0,False,False,,,,,,,,,,,
margin,Wyoming,scientific_f6_m2,-14.118274986266151,130,0,False,False,,,,,,,,,,,
margin,Central Michigan,scientific_f6_m2,-14.275374686641275,131,0,False,False,,,,,,,,,,,
margin,Charlotte,scientific_f6_m2,-16.438921580822683,132,0,False,False,,,,,,,,,,,
margin,Ball State,scientific_f6_m2,-17.05344806643735,133,0,False,False,,,,,,,,,,,
margin,Kent State,scientific_f6_m2,-17.260777921428133,134,0,False,False,,,,,,,,,,,
margin,Northern Illinois,scientific_f6_m2,-17.66977711721862,135,0,False,False,,,,,,,,,,,
margin,Western Kentucky,scientific_f6_m2,-17.736801523474373,136,0,False,False,,,,,,,,,,,
margin,Bowling Green,scientific_f6_m2,-21.3978220304128,137,0,False,False,,,,,,,,,,,
margin,UL Monroe,scientific_f6_m2,-24.479949863890198,138,0,False,False,,,,,,,,,,,
margin,Georgia,scientific_f6_m3,31.606313159146218,1,25,True,True,,,,,,,,,,,
margin,Miami,scientific_f6_m3,26.17817620715528,2,24,True,False,,,,,,,,,,,
margin,Ohio State,scientific_f6_m3,23.48227105029741,3,23,True,False,,,,,,,,,,,
margin,Notre Dame,scientific_f6_m3,23.17996925816902,4,22,True,False,,,,,,,,,,,
margin,Indiana,scientific_f6_m3,22.522435508826945,5,21,True,False,,,,,,,,,,,
margin,Alabama,scientific_f6_m3,21.831169269147622,6,20,True,False,,,,,,,,,,,
margin,LSU,scientific_f6_m3,21.442852057378037,7,19,True,False,,,,,,,,,,,
margin,Texas A&M,scientific_f6_m3,20.213481041036953,8,18,True,False,,,,,,,,,,,
margin,Tennessee,scientific_f6_m3,19.441867018698396,9,17,True,False,,,,,,,,,,,
margin,Florida,scientific_f6_m3,18.87177871415596,10,16,True,False,,,,,,,,,,,
margin,Texas,scientific_f6_m3,18.816577882251323,11,15,True,False,,,,,,,,,,,
margin,BYU,scientific_f6_m3,18.80361690681465,12,14,True,False,,,,,,,,,,,
margin,USC,scientific_f6_m3,18.6446971857247,13,13,True,False,,,,,,,,,,,
margin,Utah,scientific_f6_m3,18.51661764524401,14,12,True,False,,,,,,,,,,,
margin,James Madison,scientific_f6_m3,18.202860750304797,15,11,True,False,,,,,,,,,,,
margin,South Carolina,scientific_f6_m3,17.670676479315933,16,10,True,False,,,,,,,,,,,
margin,Kansas State,scientific_f6_m3,17.660781576756353,17,9,True,False,,,,,,,,,,,
margin,SMU,scientific_f6_m3,17.568698779317454,18,8,True,False,,,,,,,,,,,
margin,Ole Miss,scientific_f6_m3,16.818832612572578,19,7,True,False,,,,,,,,,,,
margin,Louisville,scientific_f6_m3,14.844043570960357,20,6,True,False,,,,,,,,,,,
margin,Oklahoma,scientific_f6_m3,14.663074976169897,21,5,True,False,,,,,,,,,,,
margin,Houston,scientific_f6_m3,14.538385126662737,22,4,True,False,,,,,,,,,,,
margin,Missouri,scientific_f6_m3,14.388742838243596,23,3,True,False,,,,,,,,,,,
margin,Penn State,scientific_f6_m3,14.29951124747455,24,2,True,False,,,,,,,,,,,
margin,Nebraska,scientific_f6_m3,14.142647506850167,25,1,True,False,,,,,,,,,,,
margin,Virginia,scientific_f6_m3,13.858000401768171,26,0,False,False,,,,,,,,,,,
margin,Mississippi State,scientific_f6_m3,13.758763275216426,27,0,False,False,,,,,,,,,,,
margin,Maryland,scientific_f6_m3,12.172279532135743,28,0,False,False,,,,,,,,,,,
margin,UCLA,scientific_f6_m3,12.133465331573044,29,0,False,False,,,,,,,,,,,
margin,Virginia Tech,scientific_f6_m3,11.586637298405295,30,0,False,False,,,,,,,,,,,
margin,Texas Tech,scientific_f6_m3,11.018180701885667,31,0,False,False,,,,,,,,,,,
margin,Michigan,scientific_f6_m3,10.955916363306818,32,0,False,False,,,,,,,,,,,
margin,TCU,scientific_f6_m3,10.641202726830771,33,0,False,False,,,,,,,,,,,
margin,Pittsburgh,scientific_f6_m3,10.630877159171803,34,0,False,False,,,,,,,,,,,
margin,Cincinnati,scientific_f6_m3,10.13625417654532,35,0,False,False,,,,,,,,,,,
margin,NC State,scientific_f6_m3,9.743072389498796,36,0,False,False,,,,,,,,,,,
margin,Auburn,scientific_f6_m3,8.904793917270622,37,0,False,False,,,,,,,,,,,
margin,Iowa,scientific_f6_m3,8.880372586105683,38,0,False,False,,,,,,,,,,,
margin,Washington,scientific_f6_m3,8.873937449876067,39,0,False,False,,,,,,,,,,,
margin,West Virginia,scientific_f6_m3,8.868417567999483,40,0,False,False,,,,,,,,,,,
margin,UCF,scientific_f6_m3,8.782063323868032,41,0,False,False,,,,,,,,,,,
margin,New Mexico,scientific_f6_m3,8.556017329047911,42,0,False,False,,,,,,,,,,,
margin,Arizona State,scientific_f6_m3,8.498720222839218,43,0,False,False,,,,,,,,,,,
margin,Georgia State,scientific_f6_m3,7.705041722601087,44,0,False,False,,,,,,,,,,,
margin,Baylor,scientific_f6_m3,7.626885419983395,45,0,False,False,,,,,,,,,,,
margin,Colorado State,scientific_f6_m3,7.244558317562453,46,0,False,False,,,,,,,,,,,
margin,Wake Forest,scientific_f6_m3,7.12404574318294,47,0,False,False,,,,,,,,,,,
margin,Kansas,scientific_f6_m3,7.079315102694871,48,0,False,False,,,,,,,,,,,
margin,Army,scientific_f6_m3,6.49689663524392,49,0,False,False,,,,,,,,,,,
margin,Duke,scientific_f6_m3,6.480124267009236,50,0,False,False,,,,,,,,,,,
margin,Oregon,scientific_f6_m3,6.464422832123456,51,0,False,False,,,,,,,,,,,
margin,North Carolina,scientific_f6_m3,6.2321772218437665,52,0,False,False,,,,,,,,,,,
margin,Illinois,scientific_f6_m3,6.180276990229393,53,0,False,False,,,,,,,,,,,
margin,Air Force,scientific_f6_m3,6.046673596480387,54,0,False,False,,,,,,,,,,,
margin,Toledo,scientific_f6_m3,5.9015535579364204,55,0,False,False,,,,,,,,,,,
margin,Syracuse,scientific_f6_m3,5.828212521431689,56,0,False,False,,,,,,,,,,,
margin,Arizona,scientific_f6_m3,5.773413751807002,57,0,False,False,,,,,,,,,,,
margin,Northwestern,scientific_f6_m3,5.238777259240937,58,0,False,False,,,,,,,,,,,
margin,UTSA,scientific_f6_m3,5.069774878054823,59,0,False,False,,,,,,,,,,,
margin,Minnesota,scientific_f6_m3,4.576762235809573,60,0,False,False,,,,,,,,,,,
margin,Boise State,scientific_f6_m3,4.520854075190661,61,0,False,False,,,,,,,,,,,
margin,Vanderbilt,scientific_f6_m3,4.429576427274061,62,0,False,False,,,,,,,,,,,
margin,Michigan State,scientific_f6_m3,3.8476627779016517,63,0,False,False,,,,,,,,,,,
margin,Colorado,scientific_f6_m3,3.7059214995491643,64,0,False,False,,,,,,,,,,,
margin,Iowa State,scientific_f6_m3,3.298994179738467,65,0,False,False,,,,,,,,,,,
margin,Florida State,scientific_f6_m3,3.177761193644001,66,0,False,False,,,,,,,,,,,
margin,App State,scientific_f6_m3,2.826503559488803,67,0,False,False,,,,,,,,,,,
margin,UConn,scientific_f6_m3,2.1861116888832193,68,0,False,False,,,,,,,,,,,
margin,Purdue,scientific_f6_m3,1.869418702899159,69,0,False,False,,,,,,,,,,,
margin,Kennesaw State,scientific_f6_m3,1.6636796824396916,70,0,False,False,,,,,,,,,,,
margin,South Alabama,scientific_f6_m3,1.221794973871939,71,0,False,False,,,,,,,,,,,
margin,Troy,scientific_f6_m3,1.1963763119367126,72,0,False,False,,,,,,,,,,,
margin,Navy,scientific_f6_m3,1.1289978303508013,73,0,False,False,,,,,,,,,,,
margin,Kentucky,scientific_f6_m3,1.082491663902591,74,0,False,False,,,,,,,,,,,
margin,Louisiana,scientific_f6_m3,0.9124350010407241,75,0,False,False,,,,,,,,,,,
margin,North Dakota State,scientific_f6_m3,0.3829772733737418,76,0,False,False,,,,,,,,,,,
margin,Georgia Southern,scientific_f6_m3,0.3689882867497051,77,0,False,False,,,,,,,,,,,
margin,Louisiana Tech,scientific_f6_m3,0.2578394578690631,78,0,False,False,,,,,,,,,,,
margin,Massachusetts,scientific_f6_m3,-0.09690374780463847,79,0,False,False,,,,,,,,,,,
margin,South Florida,scientific_f6_m3,-0.2698016475516437,80,0,False,False,,,,,,,,,,,
margin,Coastal Carolina,scientific_f6_m3,-0.47917751466682107,81,0,False,False,,,,,,,,,,,
margin,Jacksonville State,scientific_f6_m3,-0.49099205217524805,82,0,False,False,,,,,,,,,,,
margin,Clemson,scientific_f6_m3,-0.6269580962852158,83,0,False,False,,,,,,,,,,,
margin,Arkansas State,scientific_f6_m3,-0.7029499355406138,84,0,False,False,,,,,,,,,,,
margin,Delaware,scientific_f6_m3,-0.9096176612194213,85,0,False,False,,,,,,,,,,,
margin,Akron,scientific_f6_m3,-2.2882540298697047,86,0,False,False,,,,,,,,,,,
margin,Old Dominion,scientific_f6_m3,-2.414304079142149,87,0,False,False,,,,,,,,,,,
margin,Western Michigan,scientific_f6_m3,-2.4575667868665936,88,0,False,False,,,,,,,,,,,
margin,Wisconsin,scientific_f6_m3,-2.4609330288453997,89,0,False,False,,,,,,,,,,,
margin,North Texas,scientific_f6_m3,-2.923521089885442,90,0,False,False,,,,,,,,,,,
margin,Memphis,scientific_f6_m3,-3.0590176002408267,91,0,False,False,,,,,,,,,,,
margin,Southern Miss,scientific_f6_m3,-3.1559378070134976,92,0,False,False,,,,,,,,,,,
margin,Tulane,scientific_f6_m3,-3.1666920998664594,93,0,False,False,,,,,,,,,,,
margin,Miami (OH),scientific_f6_m3,-3.375614948178575,94,0,False,False,,,,,,,,,,,
margin,New Mexico State,scientific_f6_m3,-3.4622356710388544,95,0,False,False,,,,,,,,,,,
margin,UNLV,scientific_f6_m3,-3.4876081369178955,96,0,False,False,,,,,,,,,,,
margin,Fresno State,scientific_f6_m3,-3.6147295761637537,97,0,False,False,,,,,,,,,,,
margin,Arkansas,scientific_f6_m3,-3.698617923576701,98,0,False,False,,,,,,,,,,,
margin,Liberty,scientific_f6_m3,-3.736595858541353,99,0,False,False,,,,,,,,,,,
margin,Florida International,scientific_f6_m3,-4.101319650957046,100,0,False,False,,,,,,,,,,,
margin,Georgia Tech,scientific_f6_m3,-4.162231792893471,101,0,False,False,,,,,,,,,,,
margin,Temple,scientific_f6_m3,-4.227746930293863,102,0,False,False,,,,,,,,,,,
margin,Middle Tennessee,scientific_f6_m3,-4.488348720187178,103,0,False,False,,,,,,,,,,,
margin,Tulsa,scientific_f6_m3,-4.6614574785700835,104,0,False,False,,,,,,,,,,,
margin,San Diego State,scientific_f6_m3,-5.167994332393827,105,0,False,False,,,,,,,,,,,
margin,Boston College,scientific_f6_m3,-5.890931781237269,106,0,False,False,,,,,,,,,,,
margin,Oklahoma State,scientific_f6_m3,-6.089890786797847,107,0,False,False,,,,,,,,,,,
margin,Nevada,scientific_f6_m3,-6.30965580125401,108,0,False,False,,,,,,,,,,,
margin,Hawai'i,scientific_f6_m3,-6.393311660737206,109,0,False,False,,,,,,,,,,,
margin,Ohio,scientific_f6_m3,-6.6137262471003195,110,0,False,False,,,,,,,,,,,
margin,Stanford,scientific_f6_m3,-6.921292832084531,111,0,False,False,,,,,,,,,,,
margin,Sam Houston,scientific_f6_m3,-6.953505585500343,112,0,False,False,,,,,,,,,,,
margin,California,scientific_f6_m3,-7.227963858825573,113,0,False,False,,,,,,,,,,,
margin,San José State,scientific_f6_m3,-7.308645054702989,114,0,False,False,,,,,,,,,,,
margin,UAB,scientific_f6_m3,-8.201810504639864,115,0,False,False,,,,,,,,,,,
margin,Washington State,scientific_f6_m3,-8.470267408736419,116,0,False,False,,,,,,,,,,,
margin,Rutgers,scientific_f6_m3,-8.52982799856733,117,0,False,False,,,,,,,,,,,
margin,UTEP,scientific_f6_m3,-8.77632941618299,118,0,False,False,,,,,,,,,,,
margin,Utah State,scientific_f6_m3,-8.841725435017743,119,0,False,False,,,,,,,,,,,
margin,Sacramento State,scientific_f6_m3,-8.930393487315449,120,0,False,False,,,,,,,,,,,
margin,Texas State,scientific_f6_m3,-9.143314760278633,121,0,False,False,,,,,,,,,,,
margin,East Carolina,scientific_f6_m3,-9.160801481750763,122,0,False,False,,,,,,,,,,,
margin,Buffalo,scientific_f6_m3,-9.450088042688604,123,0,False,False,,,,,,,,,,,
margin,Oregon State,scientific_f6_m3,-10.035095331289147,124,0,False,False,,,,,,,,,,,
margin,Marshall,scientific_f6_m3,-10.327907920995656,125,0,False,False,,,,,,,,,,,
margin,Eastern Michigan,scientific_f6_m3,-10.754041850952206,126,0,False,False,,,,,,,,,,,
margin,Missouri State,scientific_f6_m3,-10.79099154721363,127,0,False,False,,,,,,,,,,,
margin,Rice,scientific_f6_m3,-10.953704371675174,128,0,False,False,,,,,,,,,,,
margin,Florida Atlantic,scientific_f6_m3,-11.22365340982766,129,0,False,False,,,,,,,,,,,
margin,Wyoming,scientific_f6_m3,-11.522335943393678,130,0,False,False,,,,,,,,,,,
margin,Central Michigan,scientific_f6_m3,-12.236602483331541,131,0,False,False,,,,,,,,,,,
margin,Ball State,scientific_f6_m3,-13.680925206804861,132,0,False,False,,,,,,,,,,,
margin,Kent State,scientific_f6_m3,-14.304635312271614,133,0,False,False,,,,,,,,,,,
margin,Northern Illinois,scientific_f6_m3,-15.781352548429558,134,0,False,False,,,,,,,,,,,
margin,Charlotte,scientific_f6_m3,-16.09271686522388,135,0,False,False,,,,,,,,,,,
margin,Western Kentucky,scientific_f6_m3,-16.662524348601078,136,0,False,False,,,,,,,,,,,
margin,UL Monroe,scientific_f6_m3,-17.11267895796857,137,0,False,False,,,,,,,,,,,
margin,Bowling Green,scientific_f6_m3,-18.081802215614918,138,0,False,False,,,,,,,,,,,
margin,Georgia,scientific_f6_m4,30.632796686667515,1,25,True,True,,,,,,,,,,,
margin,Ohio State,scientific_f6_m4,26.660936317006932,2,24,True,False,,,,,,,,,,,
margin,Miami,scientific_f6_m4,24.194967868485843,3,23,True,False,,,,,,,,,,,
margin,Indiana,scientific_f6_m4,23.53696745239786,4,22,True,False,,,,,,,,,,,
margin,Notre Dame,scientific_f6_m4,23.47455657681282,5,21,True,False,,,,,,,,,,,
margin,LSU,scientific_f6_m4,23.14905710223522,6,20,True,False,,,,,,,,,,,
margin,Alabama,scientific_f6_m4,22.875703100715707,7,19,True,False,,,,,,,,,,,
margin,Texas A&M,scientific_f6_m4,22.3447424318571,8,18,True,False,,,,,,,,,,,
margin,Texas,scientific_f6_m4,22.10580735754085,9,17,True,False,,,,,,,,,,,
margin,USC,scientific_f6_m4,21.653758165567726,10,16,True,False,,,,,,,,,,,
margin,Utah,scientific_f6_m4,19.803589344608696,11,15,True,False,,,,,,,,,,,
margin,BYU,scientific_f6_m4,19.694377575502998,12,14,True,False,,,,,,,,,,,
margin,SMU,scientific_f6_m4,19.509826324449797,13,13,True,False,,,,,,,,,,,
margin,James Madison,scientific_f6_m4,18.669426510985442,14,12,True,False,,,,,,,,,,,
margin,Ole Miss,scientific_f6_m4,17.80683762440115,15,11,True,False,,,,,,,,,,,
margin,Florida,scientific_f6_m4,17.647360619782724,16,10,True,False,,,,,,,,,,,
margin,Tennessee,scientific_f6_m4,17.621872831652272,17,9,True,False,,,,,,,,,,,
margin,Houston,scientific_f6_m4,16.29733741978619,18,8,True,False,,,,,,,,,,,
margin,Kansas State,scientific_f6_m4,15.381443520331139,19,7,True,False,,,,,,,,,,,
margin,Oklahoma,scientific_f6_m4,15.266282859732291,20,6,True,False,,,,,,,,,,,
margin,Mississippi State,scientific_f6_m4,14.993134638272071,21,5,True,False,,,,,,,,,,,
margin,Virginia,scientific_f6_m4,14.985559278080439,22,4,True,False,,,,,,,,,,,
margin,Louisville,scientific_f6_m4,14.981364254621354,23,3,True,False,,,,,,,,,,,
margin,UCLA,scientific_f6_m4,13.56075349426021,24,2,True,False,,,,,,,,,,,
margin,South Carolina,scientific_f6_m4,13.017102919024097,25,1,True,False,,,,,,,,,,,
margin,TCU,scientific_f6_m4,12.958672208209782,26,0,False,False,,,,,,,,,,,
margin,Missouri,scientific_f6_m4,12.36122785273446,27,0,False,False,,,,,,,,,,,
margin,Penn State,scientific_f6_m4,12.279168818947342,28,0,False,False,,,,,,,,,,,
margin,Nebraska,scientific_f6_m4,12.1294675029872,29,0,False,False,,,,,,,,,,,
margin,West Virginia,scientific_f6_m4,12.064731454393401,30,0,False,False,,,,,,,,,,,
margin,New Mexico,scientific_f6_m4,11.764048083110568,31,0,False,False,,,,,,,,,,,
margin,Pittsburgh,scientific_f6_m4,11.396748247329127,32,0,False,False,,,,,,,,,,,
margin,Army,scientific_f6_m4,10.967156344934526,33,0,False,False,,,,,,,,,,,
margin,Iowa,scientific_f6_m4,10.882706026278056,34,0,False,False,,,,,,,,,,,
margin,NC State,scientific_f6_m4,10.61024814135089,35,0,False,False,,,,,,,,,,,
margin,Auburn,scientific_f6_m4,10.185985046285262,36,0,False,False,,,,,,,,,,,
margin,Michigan,scientific_f6_m4,9.98979944816413,37,0,False,False,,,,,,,,,,,
margin,Texas Tech,scientific_f6_m4,9.564303107224733,38,0,False,False,,,,,,,,,,,
margin,Virginia Tech,scientific_f6_m4,9.145645396752862,39,0,False,False,,,,,,,,,,,
margin,UCF,scientific_f6_m4,9.005180801871454,40,0,False,False,,,,,,,,,,,
margin,Baylor,scientific_f6_m4,8.97416116888424,41,0,False,False,,,,,,,,,,,
margin,Air Force,scientific_f6_m4,8.90416818141516,42,0,False,False,,,,,,,,,,,
margin,Cincinnati,scientific_f6_m4,8.885159928672131,43,0,False,False,,,,,,,,,,,
margin,Wake Forest,scientific_f6_m4,8.263011697513381,44,0,False,False,,,,,,,,,,,
margin,Arizona State,scientific_f6_m4,8.088276642624141,45,0,False,False,,,,,,,,,,,
margin,Florida State,scientific_f6_m4,7.495891033389254,46,0,False,False,,,,,,,,,,,
margin,Duke,scientific_f6_m4,7.239578532250704,47,0,False,False,,,,,,,,,,,
margin,Washington,scientific_f6_m4,7.0818833355634725,48,0,False,False,,,,,,,,,,,
margin,Illinois,scientific_f6_m4,7.042082479454628,49,0,False,False,,,,,,,,,,,
margin,UTSA,scientific_f6_m4,6.934133513501142,50,0,False,False,,,,,,,,,,,
margin,Maryland,scientific_f6_m4,6.524232200995951,51,0,False,False,,,,,,,,,,,
margin,Boise State,scientific_f6_m4,6.088823441372637,52,0,False,False,,,,,,,,,,,
margin,Northwestern,scientific_f6_m4,6.087332857190332,53,0,False,False,,,,,,,,,,,
margin,Arizona,scientific_f6_m4,5.803633532199888,54,0,False,False,,,,,,,,,,,
margin,Georgia State,scientific_f6_m4,5.708547216589812,55,0,False,False,,,,,,,,,,,
margin,Syracuse,scientific_f6_m4,5.282912484241939,56,0,False,False,,,,,,,,,,,
margin,Colorado State,scientific_f6_m4,5.26176631316176,57,0,False,False,,,,,,,,,,,
margin,Kansas,scientific_f6_m4,5.053302602072577,58,0,False,False,,,,,,,,,,,
margin,North Carolina,scientific_f6_m4,5.028303530195955,59,0,False,False,,,,,,,,,,,
margin,Michigan State,scientific_f6_m4,4.778299152970504,60,0,False,False,,,,,,,,,,,
margin,Colorado,scientific_f6_m4,4.651456079952668,61,0,False,False,,,,,,,,,,,
margin,Purdue,scientific_f6_m4,4.344271773556161,62,0,False,False,,,,,,,,,,,
margin,Kentucky,scientific_f6_m4,4.329643294781678,63,0,False,False,,,,,,,,,,,
margin,Minnesota,scientific_f6_m4,4.296478078809148,64,0,False,False,,,,,,,,,,,
margin,Iowa State,scientific_f6_m4,3.643196107916671,65,0,False,False,,,,,,,,,,,
margin,Vanderbilt,scientific_f6_m4,2.6337549625405554,66,0,False,False,,,,,,,,,,,
margin,Toledo,scientific_f6_m4,2.140805466770259,67,0,False,False,,,,,,,,,,,
margin,Oregon,scientific_f6_m4,1.9290305255511573,68,0,False,False,,,,,,,,,,,
margin,Louisiana,scientific_f6_m4,1.46706845743409,69,0,False,False,,,,,,,,,,,
margin,Clemson,scientific_f6_m4,1.3182253565100457,70,0,False,False,,,,,,,,,,,
margin,Western Michigan,scientific_f6_m4,0.5836864142636563,71,0,False,False,,,,,,,,,,,
margin,South Florida,scientific_f6_m4,-0.05176044320940491,72,0,False,False,,,,,,,,,,,
margin,Louisiana Tech,scientific_f6_m4,-0.44625258920040217,73,0,False,False,,,,,,,,,,,
margin,UConn,scientific_f6_m4,-0.4913924510574283,74,0,False,False,,,,,,,,,,,
margin,Jacksonville State,scientific_f6_m4,-0.538859427353309,75,0,False,False,,,,,,,,,,,
margin,Navy,scientific_f6_m4,-0.6239399760193586,76,0,False,False,,,,,,,,,,,
margin,South Alabama,scientific_f6_m4,-0.778801443458944,77,0,False,False,,,,,,,,,,,
margin,North Texas,scientific_f6_m4,-0.8543005360784682,78,0,False,False,,,,,,,,,,,
margin,Kennesaw State,scientific_f6_m4,-1.0376600870008126,79,0,False,False,,,,,,,,,,,
margin,Tulane,scientific_f6_m4,-1.4221008797512318,80,0,False,False,,,,,,,,,,,
margin,Troy,scientific_f6_m4,-1.7270364676639096,81,0,False,False,,,,,,,,,,,
margin,North Dakota State,scientific_f6_m4,-1.7519095528270152,82,0,False,False,,,,,,,,,,,
margin,UNLV,scientific_f6_m4,-1.9083498361971198,83,0,False,False,,,,,,,,,,,
margin,Miami (OH),scientific_f6_m4,-1.9868369771619652,84,0,False,False,,,,,,,,,,,
margin,Arkansas State,scientific_f6_m4,-2.083456698262331,85,0,False,False,,,,,,,,,,,
margin,Delaware,scientific_f6_m4,-2.086038970290584,86,0,False,False,,,,,,,,,,,
margin,Memphis,scientific_f6_m4,-2.4369587341718235,87,0,False,False,,,,,,,,,,,
margin,Coastal Carolina,scientific_f6_m4,-2.5755716499854038,88,0,False,False,,,,,,,,,,,
margin,Georgia Tech,scientific_f6_m4,-2.676181836924552,89,0,False,False,,,,,,,,,,,
margin,Stanford,scientific_f6_m4,-2.7908184204968,90,0,False,False,,,,,,,,,,,
margin,Georgia Southern,scientific_f6_m4,-2.810735998169528,91,0,False,False,,,,,,,,,,,
margin,App State,scientific_f6_m4,-3.0531217834819357,92,0,False,False,,,,,,,,,,,
margin,Arkansas,scientific_f6_m4,-3.4973896917794165,93,0,False,False,,,,,,,,,,,
margin,Akron,scientific_f6_m4,-3.925958665603694,94,0,False,False,,,,,,,,,,,
margin,Fresno State,scientific_f6_m4,-3.9516519444633174,95,0,False,False,,,,,,,,,,,
margin,Old Dominion,scientific_f6_m4,-4.279328958893676,96,0,False,False,,,,,,,,,,,
margin,San Diego State,scientific_f6_m4,-4.402524158096692,97,0,False,False,,,,,,,,,,,
margin,New Mexico State,scientific_f6_m4,-4.507149824257613,98,0,False,False,,,,,,,,,,,
margin,Wisconsin,scientific_f6_m4,-4.645215386113088,99,0,False,False,,,,,,,,,,,
margin,Southern Miss,scientific_f6_m4,-4.7410051717602055,100,0,False,False,,,,,,,,,,,
margin,Temple,scientific_f6_m4,-4.808687543850855,101,0,False,False,,,,,,,,,,,
margin,Liberty,scientific_f6_m4,-4.838985422172429,102,0,False,False,,,,,,,,,,,
margin,Oklahoma State,scientific_f6_m4,-5.2238545779999725,103,0,False,False,,,,,,,,,,,
margin,Florida International,scientific_f6_m4,-5.794740246713402,104,0,False,False,,,,,,,,,,,
margin,UAB,scientific_f6_m4,-6.2938379930348125,105,0,False,False,,,,,,,,,,,
margin,Tulsa,scientific_f6_m4,-6.482163496083728,106,0,False,False,,,,,,,,,,,
margin,Washington State,scientific_f6_m4,-6.793202590691246,107,0,False,False,,,,,,,,,,,
margin,Hawai'i,scientific_f6_m4,-7.093148502273919,108,0,False,False,,,,,,,,,,,
margin,Ohio,scientific_f6_m4,-7.685583642957795,109,0,False,False,,,,,,,,,,,
margin,Middle Tennessee,scientific_f6_m4,-7.873104836545364,110,0,False,False,,,,,,,,,,,
margin,San José State,scientific_f6_m4,-8.633084276713765,111,0,False,False,,,,,,,,,,,
margin,California,scientific_f6_m4,-8.934472896425056,112,0,False,False,,,,,,,,,,,
margin,Boston College,scientific_f6_m4,-8.965524732340471,113,0,False,False,,,,,,,,,,,
margin,Utah State,scientific_f6_m4,-8.99103238729842,114,0,False,False,,,,,,,,,,,
margin,Marshall,scientific_f6_m4,-9.151028922813131,115,0,False,False,,,,,,,,,,,
margin,Rutgers,scientific_f6_m4,-9.159759924235695,116,0,False,False,,,,,,,,,,,
margin,Eastern Michigan,scientific_f6_m4,-9.181812951607874,117,0,False,False,,,,,,,,,,,
margin,Texas State,scientific_f6_m4,-9.231505903031444,118,0,False,False,,,,,,,,,,,
margin,UTEP,scientific_f6_m4,-9.402700571562054,119,0,False,False,,,,,,,,,,,
margin,Buffalo,scientific_f6_m4,-9.617405019814202,120,0,False,False,,,,,,,,,,,
margin,Massachusetts,scientific_f6_m4,-9.621737739004564,121,0,False,False,,,,,,,,,,,
margin,Nevada,scientific_f6_m4,-9.769172493689736,122,0,False,False,,,,,,,,,,,
margin,Sacramento State,scientific_f6_m4,-10.103212215351423,123,0,False,False,,,,,,,,,,,
margin,East Carolina,scientific_f6_m4,-10.390423398465487,124,0,False,False,,,,,,,,,,,
margin,Oregon State,scientific_f6_m4,-10.581752569036025,125,0,False,False,,,,,,,,,,,
margin,Florida Atlantic,scientific_f6_m4,-11.284067374076468,126,0,False,False,,,,,,,,,,,
margin,Missouri State,scientific_f6_m4,-12.069488838779147,127,0,False,False,,,,,,,,,,,
margin,Rice,scientific_f6_m4,-12.695532145840373,128,0,False,False,,,,,,,,,,,
margin,Central Michigan,scientific_f6_m4,-14.707540868053515,129,0,False,False,,,,,,,,,,,
margin,Kent State,scientific_f6_m4,-15.146095930247188,130,0,False,False,,,,,,,,,,,
margin,Wyoming,scientific_f6_m4,-15.171497590642042,131,0,False,False,,,,,,,,,,,
margin,Ball State,scientific_f6_m4,-15.460150589089125,132,0,False,False,,,,,,,,,,,
margin,Sam Houston,scientific_f6_m4,-15.868157894459976,133,0,False,False,,,,,,,,,,,
margin,Western Kentucky,scientific_f6_m4,-16.244545158462554,134,0,False,False,,,,,,,,,,,
margin,Bowling Green,scientific_f6_m4,-17.161258873941794,135,0,False,False,,,,,,,,,,,
margin,Charlotte,scientific_f6_m4,-17.351373132210483,136,0,False,False,,,,,,,,,,,
margin,Northern Illinois,scientific_f6_m4,-17.688951031870385,137,0,False,False,,,,,,,,,,,
margin,UL Monroe,scientific_f6_m4,-23.22716895530259,138,0,False,False,,,,,,,,,,,
margin,Tennessee,scientific_f6_m5,31.283340454101562,1,25,True,True,,,,,,,,,,,
margin,Notre Dame,scientific_f6_m5,24.75076675415039,2,24,True,False,,,,,,,,,,,
margin,Wake Forest,scientific_f6_m5,21.76544761657715,3,23,True,False,,,,,,,,,,,
margin,James Madison,scientific_f6_m5,21.06341552734375,4,22,True,False,,,,,,,,,,,
margin,USC,scientific_f6_m5,19.42699432373047,5,21,True,False,,,,,,,,,,,
margin,Ohio State,scientific_f6_m5,18.766727447509766,6,20,True,False,,,,,,,,,,,
margin,SMU,scientific_f6_m5,18.732080459594727,7,19,True,False,,,,,,,,,,,
margin,Mississippi State,scientific_f6_m5,18.473648071289062,8,18,True,False,,,,,,,,,,,
margin,Illinois,scientific_f6_m5,18.316707611083984,9,17,True,False,,,,,,,,,,,
margin,Missouri,scientific_f6_m5,17.875581741333008,10,16,True,False,,,,,,,,,,,
margin,LSU,scientific_f6_m5,17.85569190979004,11,15,True,False,,,,,,,,,,,
margin,Georgia,scientific_f6_m5,16.414518356323242,12,14,True,False,,,,,,,,,,,
margin,Alabama,scientific_f6_m5,16.070960998535156,13,13,True,False,,,,,,,,,,,
margin,Texas,scientific_f6_m5,15.948625564575195,14,12,True,False,,,,,,,,,,,
margin,Indiana,scientific_f6_m5,15.898548126220703,15,11,True,False,,,,,,,,,,,
margin,Penn State,scientific_f6_m5,15.49102783203125,16,10,True,False,,,,,,,,,,,
margin,Colorado,scientific_f6_m5,15.425882339477539,17,9,True,False,,,,,,,,,,,
margin,Ole Miss,scientific_f6_m5,14.930562973022461,18,8,True,False,,,,,,,,,,,
margin,Texas Tech,scientific_f6_m5,14.812277793884277,19,7,True,False,,,,,,,,,,,
margin,Florida,scientific_f6_m5,14.74194049835205,20,6,True,False,,,,,,,,,,,
margin,Nebraska,scientific_f6_m5,14.648510932922363,21,5,True,False,,,,,,,,,,,
margin,Florida State,scientific_f6_m5,13.963455200195312,22,4,True,False,,,,,,,,,,,
margin,Kansas,scientific_f6_m5,13.603960037231445,23,3,True,False,,,,,,,,,,,
margin,Kansas State,scientific_f6_m5,13.151901245117188,24,2,True,False,,,,,,,,,,,
margin,Virginia Tech,scientific_f6_m5,13.054091453552246,25,1,True,False,,,,,,,,,,,
margin,Northwestern,scientific_f6_m5,13.042236328125,26,0,False,False,,,,,,,,,,,
margin,Utah,scientific_f6_m5,13.002472877502441,27,0,False,False,,,,,,,,,,,
margin,Vanderbilt,scientific_f6_m5,12.636394500732422,28,0,False,False,,,,,,,,,,,
margin,South Carolina,scientific_f6_m5,12.565258979797363,29,0,False,False,,,,,,,,,,,
margin,Texas A&M,scientific_f6_m5,11.902809143066406,30,0,False,False,,,,,,,,,,,
margin,TCU,scientific_f6_m5,11.781709671020508,31,0,False,False,,,,,,,,,,,
margin,Army,scientific_f6_m5,11.739209175109863,32,0,False,False,,,,,,,,,,,
margin,Maryland,scientific_f6_m5,11.49887752532959,33,0,False,False,,,,,,,,,,,
margin,Oklahoma,scientific_f6_m5,10.207265853881836,34,0,False,False,,,,,,,,,,,
margin,Louisville,scientific_f6_m5,9.871307373046875,35,0,False,False,,,,,,,,,,,
margin,New Mexico,scientific_f6_m5,9.230875015258789,36,0,False,False,,,,,,,,,,,
margin,Washington,scientific_f6_m5,8.66995620727539,37,0,False,False,,,,,,,,,,,
margin,Michigan,scientific_f6_m5,8.646851539611816,38,0,False,False,,,,,,,,,,,
margin,Air Force,scientific_f6_m5,8.586260795593262,39,0,False,False,,,,,,,,,,,
margin,East Carolina,scientific_f6_m5,8.543946266174316,40,0,False,False,,,,,,,,,,,
margin,Purdue,scientific_f6_m5,8.468655586242676,41,0,False,False,,,,,,,,,,,
margin,Duke,scientific_f6_m5,8.426207542419434,42,0,False,False,,,,,,,,,,,
margin,North Carolina,scientific_f6_m5,8.218171119689941,43,0,False,False,,,,,,,,,,,
margin,Colorado State,scientific_f6_m5,8.09744644165039,44,0,False,False,,,,,,,,,,,
margin,Pittsburgh,scientific_f6_m5,8.092596054077148,45,0,False,False,,,,,,,,,,,
margin,NC State,scientific_f6_m5,8.085718154907227,46,0,False,False,,,,,,,,,,,
margin,Oregon,scientific_f6_m5,8.065878868103027,47,0,False,False,,,,,,,,,,,
margin,Arizona,scientific_f6_m5,7.99443244934082,48,0,False,False,,,,,,,,,,,
margin,Toledo,scientific_f6_m5,7.852795600891113,49,0,False,False,,,,,,,,,,,
margin,Cincinnati,scientific_f6_m5,7.221749305725098,50,0,False,False,,,,,,,,,,,
margin,Georgia Tech,scientific_f6_m5,7.206418037414551,51,0,False,False,,,,,,,,,,,
margin,Minnesota,scientific_f6_m5,7.188899040222168,52,0,False,False,,,,,,,,,,,
margin,Baylor,scientific_f6_m5,6.933304786682129,53,0,False,False,,,,,,,,,,,
margin,Florida International,scientific_f6_m5,6.619711875915527,54,0,False,False,,,,,,,,,,,
margin,Houston,scientific_f6_m5,6.496587753295898,55,0,False,False,,,,,,,,,,,
margin,Liberty,scientific_f6_m5,6.42226505279541,56,0,False,False,,,,,,,,,,,
margin,Stanford,scientific_f6_m5,6.0605788230896,57,0,False,False,,,,,,,,,,,
margin,Arizona State,scientific_f6_m5,5.973659515380859,58,0,False,False,,,,,,,,,,,
margin,Virginia,scientific_f6_m5,5.889636993408203,59,0,False,False,,,,,,,,,,,
margin,San José State,scientific_f6_m5,5.793317794799805,60,0,False,False,,,,,,,,,,,
margin,Tulsa,scientific_f6_m5,5.668399810791016,61,0,False,False,,,,,,,,,,,
margin,Boise State,scientific_f6_m5,5.438023090362549,62,0,False,False,,,,,,,,,,,
margin,Iowa State,scientific_f6_m5,5.219285011291504,63,0,False,False,,,,,,,,,,,
margin,Auburn,scientific_f6_m5,4.996670246124268,64,0,False,False,,,,,,,,,,,
margin,UTSA,scientific_f6_m5,3.9322943687438965,65,0,False,False,,,,,,,,,,,
margin,Western Michigan,scientific_f6_m5,3.858703136444092,66,0,False,False,,,,,,,,,,,
margin,UCLA,scientific_f6_m5,3.8136801719665527,67,0,False,False,,,,,,,,,,,
margin,South Florida,scientific_f6_m5,3.701253890991211,68,0,False,False,,,,,,,,,,,
margin,Georgia Southern,scientific_f6_m5,3.681485891342163,69,0,False,False,,,,,,,,,,,
margin,Wisconsin,scientific_f6_m5,3.3840701580047607,70,0,False,False,,,,,,,,,,,
margin,North Dakota State,scientific_f6_m5,3.180218458175659,71,0,False,False,,,,,,,,,,,
margin,Memphis,scientific_f6_m5,3.110560655593872,72,0,False,False,,,,,,,,,,,
margin,Kentucky,scientific_f6_m5,2.77992582321167,73,0,False,False,,,,,,,,,,,
margin,Iowa,scientific_f6_m5,2.372891902923584,74,0,False,False,,,,,,,,,,,
margin,Miami,scientific_f6_m5,2.0715010166168213,75,0,False,False,,,,,,,,,,,
margin,BYU,scientific_f6_m5,1.7537792921066284,76,0,False,False,,,,,,,,,,,
margin,Arkansas,scientific_f6_m5,1.577886939048767,77,0,False,False,,,,,,,,,,,
margin,Boston College,scientific_f6_m5,1.441096305847168,78,0,False,False,,,,,,,,,,,
margin,Michigan State,scientific_f6_m5,1.331905722618103,79,0,False,False,,,,,,,,,,,
margin,Missouri State,scientific_f6_m5,1.0431222915649414,80,0,False,False,,,,,,,,,,,
margin,Syracuse,scientific_f6_m5,0.768925666809082,81,0,False,False,,,,,,,,,,,
margin,Oklahoma State,scientific_f6_m5,0.7403945922851562,82,0,False,False,,,,,,,,,,,
margin,Tulane,scientific_f6_m5,0.5560863018035889,83,0,False,False,,,,,,,,,,,
margin,Akron,scientific_f6_m5,0.19942235946655273,84,0,False,False,,,,,,,,,,,
margin,App State,scientific_f6_m5,0.0046443939208984375,85,0,False,False,,,,,,,,,,,
margin,South Alabama,scientific_f6_m5,-0.3605992794036865,86,0,False,False,,,,,,,,,,,
margin,Florida Atlantic,scientific_f6_m5,-1.0014455318450928,87,0,False,False,,,,,,,,,,,
margin,Georgia State,scientific_f6_m5,-1.0187947750091553,88,0,False,False,,,,,,,,,,,
margin,New Mexico State,scientific_f6_m5,-1.863114595413208,89,0,False,False,,,,,,,,,,,
margin,UCF,scientific_f6_m5,-2.5216476917266846,90,0,False,False,,,,,,,,,,,
margin,Delaware,scientific_f6_m5,-2.948209047317505,91,0,False,False,,,,,,,,,,,
margin,Old Dominion,scientific_f6_m5,-3.3295743465423584,92,0,False,False,,,,,,,,,,,
margin,Kennesaw State,scientific_f6_m5,-3.753323793411255,93,0,False,False,,,,,,,,,,,
margin,UConn,scientific_f6_m5,-4.127631187438965,94,0,False,False,,,,,,,,,,,
margin,California,scientific_f6_m5,-4.200551986694336,95,0,False,False,,,,,,,,,,,
margin,Louisiana,scientific_f6_m5,-4.274706840515137,96,0,False,False,,,,,,,,,,,
margin,Coastal Carolina,scientific_f6_m5,-4.428006172180176,97,0,False,False,,,,,,,,,,,
margin,Navy,scientific_f6_m5,-4.630216598510742,98,0,False,False,,,,,,,,,,,
margin,Sacramento State,scientific_f6_m5,-4.868553161621094,99,0,False,False,,,,,,,,,,,
margin,Jacksonville State,scientific_f6_m5,-5.74464225769043,100,0,False,False,,,,,,,,,,,
margin,Miami (OH),scientific_f6_m5,-5.963274002075195,101,0,False,False,,,,,,,,,,,
margin,Washington State,scientific_f6_m5,-6.229682922363281,102,0,False,False,,,,,,,,,,,
margin,Clemson,scientific_f6_m5,-6.366652488708496,103,0,False,False,,,,,,,,,,,
margin,West Virginia,scientific_f6_m5,-6.543830871582031,104,0,False,False,,,,,,,,,,,
margin,Louisiana Tech,scientific_f6_m5,-6.645295143127441,105,0,False,False,,,,,,,,,,,
margin,Northern Illinois,scientific_f6_m5,-7.444753646850586,106,0,False,False,,,,,,,,,,,
margin,UNLV,scientific_f6_m5,-7.528804779052734,107,0,False,False,,,,,,,,,,,
margin,Troy,scientific_f6_m5,-7.806222915649414,108,0,False,False,,,,,,,,,,,
margin,Massachusetts,scientific_f6_m5,-8.10770320892334,109,0,False,False,,,,,,,,,,,
margin,UAB,scientific_f6_m5,-8.930353164672852,110,0,False,False,,,,,,,,,,,
margin,Hawai'i,scientific_f6_m5,-9.958420753479004,111,0,False,False,,,,,,,,,,,
margin,Texas State,scientific_f6_m5,-10.042374610900879,112,0,False,False,,,,,,,,,,,
margin,Ohio,scientific_f6_m5,-11.085315704345703,113,0,False,False,,,,,,,,,,,
margin,Fresno State,scientific_f6_m5,-11.23924732208252,114,0,False,False,,,,,,,,,,,
margin,Marshall,scientific_f6_m5,-11.297881126403809,115,0,False,False,,,,,,,,,,,
margin,Buffalo,scientific_f6_m5,-11.509709358215332,116,0,False,False,,,,,,,,,,,
margin,San Diego State,scientific_f6_m5,-11.924515724182129,117,0,False,False,,,,,,,,,,,
margin,Bowling Green,scientific_f6_m5,-12.444345474243164,118,0,False,False,,,,,,,,,,,
margin,UTEP,scientific_f6_m5,-12.525114059448242,119,0,False,False,,,,,,,,,,,
margin,Rutgers,scientific_f6_m5,-12.86979866027832,120,0,False,False,,,,,,,,,,,
margin,Southern Miss,scientific_f6_m5,-13.107351303100586,121,0,False,False,,,,,,,,,,,
margin,Middle Tennessee,scientific_f6_m5,-13.478052139282227,122,0,False,False,,,,,,,,,,,
margin,Oregon State,scientific_f6_m5,-13.481908798217773,123,0,False,False,,,,,,,,,,,
margin,Central Michigan,scientific_f6_m5,-14.321121215820312,124,0,False,False,,,,,,,,,,,
margin,Eastern Michigan,scientific_f6_m5,-14.402639389038086,125,0,False,False,,,,,,,,,,,
margin,Nevada,scientific_f6_m5,-14.628778457641602,126,0,False,False,,,,,,,,,,,
margin,North Texas,scientific_f6_m5,-14.77566146850586,127,0,False,False,,,,,,,,,,,
margin,Kent State,scientific_f6_m5,-15.236274719238281,128,0,False,False,,,,,,,,,,,
margin,Utah State,scientific_f6_m5,-15.361753463745117,129,0,False,False,,,,,,,,,,,
margin,Ball State,scientific_f6_m5,-15.741527557373047,130,0,False,False,,,,,,,,,,,
margin,UL Monroe,scientific_f6_m5,-15.899431228637695,131,0,False,False,,,,,,,,,,,
margin,Sam Houston,scientific_f6_m5,-16.316797256469727,132,0,False,False,,,,,,,,,,,
margin,Temple,scientific_f6_m5,-16.523998260498047,133,0,False,False,,,,,,,,,,,
margin,Charlotte,scientific_f6_m5,-17.393661499023438,134,0,False,False,,,,,,,,,,,
margin,Wyoming,scientific_f6_m5,-17.87714195251465,135,0,False,False,,,,,,,,,,,
margin,Western Kentucky,scientific_f6_m5,-18.08789825439453,136,0,False,False,,,,,,,,,,,
margin,Rice,scientific_f6_m5,-19.983112335205078,137,0,False,False,,,,,,,,,,,
margin,Arkansas State,scientific_f6_m5,-20.65160369873047,138,0,False,False,,,,,,,,,,,
margin,Georgia,scientific_f6_m10,27.35,1,25,True,True,,,,,,,,,,,
margin,Ohio State,scientific_f6_m10,27.15,2,24,True,False,,,,,,,,,,,
margin,LSU,scientific_f6_m10,26.5,3,23,True,False,,,,,,,,,,,
margin,Indiana,scientific_f6_m10,22.5,4,22,True,False,,,,,,,,,,,
margin,Kansas State,scientific_f6_m10,21.45,5,21,True,False,,,,,,,,,,,
margin,James Madison,scientific_f6_m10,21.0,6,20,True,False,,,,,,,,,,,
margin,Ole Miss,scientific_f6_m10,20.05,7,19,True,False,,,,,,,,,,,
margin,Virginia Tech,scientific_f6_m10,20.05,8,18,True,False,,,,,,,,,,,
margin,Miami,scientific_f6_m10,19.85,9,17,True,False,,,,,,,,,,,
margin,Notre Dame,scientific_f6_m10,19.35,10,16,True,False,,,,,,,,,,,
margin,Oregon,scientific_f6_m10,19.2,11,15,True,False,,,,,,,,,,,
margin,Utah,scientific_f6_m10,18.75,12,14,True,False,,,,,,,,,,,
margin,Michigan,scientific_f6_m10,18.6,13,13,True,False,,,,,,,,,,,
margin,South Carolina,scientific_f6_m10,17.9,14,12,True,False,,,,,,,,,,,
margin,Kentucky,scientific_f6_m10,17.7,15,11,True,False,,,,,,,,,,,
margin,Tennessee,scientific_f6_m10,17.6,16,10,True,False,,,,,,,,,,,
margin,USC,scientific_f6_m10,17.6,17,9,True,False,,,,,,,,,,,
margin,Alabama,scientific_f6_m10,16.5,18,8,True,False,,,,,,,,,,,
margin,Texas,scientific_f6_m10,16.5,19,7,True,False,,,,,,,,,,,
margin,Florida State,scientific_f6_m10,16.3,20,6,True,False,,,,,,,,,,,
margin,Houston,scientific_f6_m10,15.95,21,5,True,False,,,,,,,,,,,
margin,Texas A&M,scientific_f6_m10,15.9,22,4,True,False,,,,,,,,,,,
margin,Florida,scientific_f6_m10,15.7,23,3,True,False,,,,,,,,,,,
margin,Iowa,scientific_f6_m10,15.25,24,2,True,False,,,,,,,,,,,
margin,Mississippi State,scientific_f6_m10,15.25,25,1,True,False,,,,,,,,,,,
margin,Nebraska,scientific_f6_m10,15.0,26,0,False,False,,,,,,,,,,,
margin,Penn State,scientific_f6_m10,14.85,27,0,False,False,,,,,,,,,,,
margin,Missouri,scientific_f6_m10,14.35,28,0,False,False,,,,,,,,,,,
margin,Louisville,scientific_f6_m10,14.25,29,0,False,False,,,,,,,,,,,
margin,Oklahoma,scientific_f6_m10,14.2,30,0,False,False,,,,,,,,,,,
margin,Virginia,scientific_f6_m10,13.85,31,0,False,False,,,,,,,,,,,
margin,New Mexico,scientific_f6_m10,13.5,32,0,False,False,,,,,,,,,,,
margin,UNLV,scientific_f6_m10,13.0,33,0,False,False,,,,,,,,,,,
margin,UTSA,scientific_f6_m10,12.8,34,0,False,False,,,,,,,,,,,
margin,Wisconsin,scientific_f6_m10,12.7,35,0,False,False,,,,,,,,,,,
margin,BYU,scientific_f6_m10,12.45,36,0,False,False,,,,,,,,,,,
margin,NC State,scientific_f6_m10,11.55,37,0,False,False,,,,,,,,,,,
margin,UConn,scientific_f6_m10,11.275,38,0,False,False,,,,,,,,,,,
margin,SMU,scientific_f6_m10,11.25,39,0,False,False,,,,,,,,,,,
margin,Wake Forest,scientific_f6_m10,10.75,40,0,False,False,,,,,,,,,,,
margin,TCU,scientific_f6_m10,10.6,41,0,False,False,,,,,,,,,,,
margin,Colorado State,scientific_f6_m10,10.175,42,0,False,False,,,,,,,,,,,
margin,UCLA,scientific_f6_m10,10.05,43,0,False,False,,,,,,,,,,,
margin,Georgia State,scientific_f6_m10,9.9,44,0,False,False,,,,,,,,,,,
margin,Purdue,scientific_f6_m10,9.7,45,0,False,False,,,,,,,,,,,
margin,Arkansas,scientific_f6_m10,9.55,46,0,False,False,,,,,,,,,,,
margin,Minnesota,scientific_f6_m10,9.5,47,0,False,False,,,,,,,,,,,
margin,Pittsburgh,scientific_f6_m10,9.35,48,0,False,False,,,,,,,,,,,
margin,Texas Tech,scientific_f6_m10,9.15,49,0,False,False,,,,,,,,,,,
margin,Stanford,scientific_f6_m10,9.1,50,0,False,False,,,,,,,,,,,
margin,Memphis,scientific_f6_m10,8.95,51,0,False,False,,,,,,,,,,,
margin,Cincinnati,scientific_f6_m10,8.575,52,0,False,False,,,,,,,,,,,
margin,Illinois,scientific_f6_m10,8.55,53,0,False,False,,,,,,,,,,,
margin,Georgia Tech,scientific_f6_m10,8.35,54,0,False,False,,,,,,,,,,,
margin,Liberty,scientific_f6_m10,8.175,55,0,False,False,,,,,,,,,,,
margin,Washington,scientific_f6_m10,7.7,56,0,False,False,,,,,,,,,,,
margin,Boston College,scientific_f6_m10,7.3,57,0,False,False,,,,,,,,,,,
margin,Duke,scientific_f6_m10,7.3,58,0,False,False,,,,,,,,,,,
margin,Michigan State,scientific_f6_m10,7.2,59,0,False,False,,,,,,,,,,,
margin,Arizona,scientific_f6_m10,7.1,60,0,False,False,,,,,,,,,,,
margin,Georgia Southern,scientific_f6_m10,6.9,61,0,False,False,,,,,,,,,,,
margin,West Virginia,scientific_f6_m10,6.85,62,0,False,False,,,,,,,,,,,
margin,Baylor,scientific_f6_m10,6.75,63,0,False,False,,,,,,,,,,,
margin,UCF,scientific_f6_m10,6.4,64,0,False,False,,,,,,,,,,,
margin,Kansas,scientific_f6_m10,6.0,65,0,False,False,,,,,,,,,,,
margin,California,scientific_f6_m10,5.45,66,0,False,False,,,,,,,,,,,
margin,Rutgers,scientific_f6_m10,5.3,67,0,False,False,,,,,,,,,,,
margin,Boise State,scientific_f6_m10,4.875,68,0,False,False,,,,,,,,,,,
margin,San José State,scientific_f6_m10,4.15,69,0,False,False,,,,,,,,,,,
margin,Iowa State,scientific_f6_m10,3.7,70,0,False,False,,,,,,,,,,,
margin,Maryland,scientific_f6_m10,3.7,71,0,False,False,,,,,,,,,,,
margin,Louisiana,scientific_f6_m10,3.65,72,0,False,False,,,,,,,,,,,
margin,Texas State,scientific_f6_m10,3.425,73,0,False,False,,,,,,,,,,,
margin,Arizona State,scientific_f6_m10,3.4,74,0,False,False,,,,,,,,,,,
margin,Fresno State,scientific_f6_m10,3.3,75,0,False,False,,,,,,,,,,,
margin,Vanderbilt,scientific_f6_m10,2.9,76,0,False,False,,,,,,,,,,,
margin,South Florida,scientific_f6_m10,2.3,77,0,False,False,,,,,,,,,,,
margin,Northwestern,scientific_f6_m10,2.0,78,0,False,False,,,,,,,,,,,
margin,Miami (OH),scientific_f6_m10,1.95,79,0,False,False,,,,,,,,,,,
margin,Syracuse,scientific_f6_m10,1.95,80,0,False,False,,,,,,,,,,,
margin,Auburn,scientific_f6_m10,1.9,81,0,False,False,,,,,,,,,,,
margin,Oklahoma State,scientific_f6_m10,1.7,82,0,False,False,,,,,,,,,,,
margin,North Texas,scientific_f6_m10,1.35,83,0,False,False,,,,,,,,,,,
margin,Middle Tennessee,scientific_f6_m10,1.2,84,0,False,False,,,,,,,,,,,
margin,Arkansas State,scientific_f6_m10,1.075,85,0,False,False,,,,,,,,,,,
margin,Colorado,scientific_f6_m10,0.95,86,0,False,False,,,,,,,,,,,
margin,San Diego State,scientific_f6_m10,0.6,87,0,False,False,,,,,,,,,,,
margin,Clemson,scientific_f6_m10,0.45,88,0,False,False,,,,,,,,,,,
margin,North Carolina,scientific_f6_m10,0.45,89,0,False,False,,,,,,,,,,,
margin,South Alabama,scientific_f6_m10,0.4,90,0,False,False,,,,,,,,,,,
margin,Toledo,scientific_f6_m10,-0.8,91,0,False,False,,,,,,,,,,,
margin,UAB,scientific_f6_m10,-1.125,92,0,False,False,,,,,,,,,,,
margin,Southern Miss,scientific_f6_m10,-1.175,93,0,False,False,,,,,,,,,,,
margin,Utah State,scientific_f6_m10,-1.575,94,0,False,False,,,,,,,,,,,
margin,Tulsa,scientific_f6_m10,-1.65,95,0,False,False,,,,,,,,,,,
margin,Tulane,scientific_f6_m10,-1.8,96,0,False,False,,,,,,,,,,,
margin,Kennesaw State,scientific_f6_m10,-2.15,97,0,False,False,,,,,,,,,,,
margin,Eastern Michigan,scientific_f6_m10,-2.2,98,0,False,False,,,,,,,,,,,
margin,UTEP,scientific_f6_m10,-2.6,99,0,False,False,,,,,,,,,,,
margin,App State,scientific_f6_m10,-2.7,100,0,False,False,,,,,,,,,,,
margin,Florida International,scientific_f6_m10,-2.725,101,0,False,False,,,,,,,,,,,
margin,Buffalo,scientific_f6_m10,-2.875,102,0,False,False,,,,,,,,,,,
margin,Coastal Carolina,scientific_f6_m10,-3.2,103,0,False,False,,,,,,,,,,,
margin,Sacramento State,scientific_f6_m10,-3.225,104,0,False,False,,,,,,,,,,,
margin,Sam Houston,scientific_f6_m10,-3.25,105,0,False,False,,,,,,,,,,,
margin,Florida Atlantic,scientific_f6_m10,-3.525,106,0,False,False,,,,,,,,,,,
margin,Jacksonville State,scientific_f6_m10,-3.6,107,0,False,False,,,,,,,,,,,
margin,Hawai'i,scientific_f6_m10,-3.85,108,0,False,False,,,,,,,,,,,
margin,Wyoming,scientific_f6_m10,-4.6,109,0,False,False,,,,,,,,,,,
margin,Air Force,scientific_f6_m10,-4.65,110,0,False,False,,,,,,,,,,,
margin,Louisiana Tech,scientific_f6_m10,-5.225,111,0,False,False,,,,,,,,,,,
margin,Akron,scientific_f6_m10,-5.275,112,0,False,False,,,,,,,,,,,
margin,Nevada,scientific_f6_m10,-5.65,113,0,False,False,,,,,,,,,,,
margin,Delaware,scientific_f6_m10,-6.2,114,0,False,False,,,,,,,,,,,
margin,Missouri State,scientific_f6_m10,-6.2,115,0,False,False,,,,,,,,,,,
margin,Western Michigan,scientific_f6_m10,-6.3,116,0,False,False,,,,,,,,,,,
margin,Central Michigan,scientific_f6_m10,-6.35,117,0,False,False,,,,,,,,,,,
margin,New Mexico State,scientific_f6_m10,-6.4,118,0,False,False,,,,,,,,,,,
margin,Rice,scientific_f6_m10,-6.4,119,0,False,False,,,,,,,,,,,
margin,Navy,scientific_f6_m10,-6.85,120,0,False,False,,,,,,,,,,,
margin,Old Dominion,scientific_f6_m10,-7.075,121,0,False,False,,,,,,,,,,,
margin,Temple,scientific_f6_m10,-7.55,122,0,False,False,,,,,,,,,,,
margin,Troy,scientific_f6_m10,-8.65,123,0,False,False,,,,,,,,,,,
margin,Massachusetts,scientific_f6_m10,-8.75,124,0,False,False,,,,,,,,,,,
margin,Charlotte,scientific_f6_m10,-9.05,125,0,False,False,,,,,,,,,,,
margin,Washington State,scientific_f6_m10,-9.5,126,0,False,False,,,,,,,,,,,
margin,Kent State,scientific_f6_m10,-10.25,127,0,False,False,,,,,,,,,,,
margin,Oregon State,scientific_f6_m10,-10.75,128,0,False,False,,,,,,,,,,,
margin,Army,scientific_f6_m10,-10.825,129,0,False,False,,,,,,,,,,,
margin,Ohio,scientific_f6_m10,-11.025,130,0,False,False,,,,,,,,,,,
margin,North Dakota State,scientific_f6_m10,-12.425,131,0,False,False,,,,,,,,,,,
margin,Northern Illinois,scientific_f6_m10,-13.6,132,0,False,False,,,,,,,,,,,
margin,East Carolina,scientific_f6_m10,-15.55,133,0,False,False,,,,,,,,,,,
margin,UL Monroe,scientific_f6_m10,-16.45,134,0,False,False,,,,,,,,,,,
margin,Bowling Green,scientific_f6_m10,-17.0,135,0,False,False,,,,,,,,,,,
margin,Marshall,scientific_f6_m10,-17.95,136,0,False,False,,,,,,,,,,,
margin,Ball State,scientific_f6_m10,-18.05,137,0,False,False,,,,,,,,,,,
margin,Western Kentucky,scientific_f6_m10,-23.9,138,0,False,False,,,,,,,,,,,
