poll_objective,keys_team,ballot_model,power_rating_vs_average,ballot_rank,poll_points,top25_vote,first_place_vote,model_id,model_level,model_family,objective,feature_config,fingerprint,checkpoint_sha256,training_end_season,selected_feature_count,calibration_status,calibrator_sha256
margin,Georgia,scientific_f0_m1,18.4423287452887,1,25,True,True,,,,,,,,,,,
margin,Texas,scientific_f0_m1,17.589858223940382,2,24,True,False,,,,,,,,,,,
margin,Oregon,scientific_f0_m1,17.551151454322408,3,23,True,False,,,,,,,,,,,
margin,Alabama,scientific_f0_m1,17.053492987805548,4,22,True,False,,,,,,,,,,,
margin,Ohio State,scientific_f0_m1,16.626796932254983,5,21,True,False,,,,,,,,,,,
margin,Notre Dame,scientific_f0_m1,16.108863491176326,6,20,True,False,,,,,,,,,,,
margin,Texas A&M,scientific_f0_m1,15.185891353738118,7,19,True,False,,,,,,,,,,,
margin,LSU,scientific_f0_m1,15.12875278906396,8,18,True,False,,,,,,,,,,,
margin,USC,scientific_f0_m1,13.619188773962826,9,17,True,False,,,,,,,,,,,
margin,Florida,scientific_f0_m1,13.25377843697406,10,16,True,False,,,,,,,,,,,
margin,Michigan,scientific_f0_m1,13.205394974951584,11,15,True,False,,,,,,,,,,,
margin,Miami,scientific_f0_m1,13.017390665378553,12,14,True,False,,,,,,,,,,,
margin,Tennessee,scientific_f0_m1,13.01554748587293,13,13,True,False,,,,,,,,,,,
margin,Ole Miss,scientific_f0_m1,13.007253178097653,14,12,True,False,,,,,,,,,,,
margin,South Carolina,scientific_f0_m1,11.95433688551337,15,11,True,False,,,,,,,,,,,
margin,Clemson,scientific_f0_m1,11.953415295760564,16,10,True,False,,,,,,,,,,,
margin,Oklahoma,scientific_f0_m1,11.413824495490896,17,9,True,False,,,,,,,,,,,
margin,Florida State,scientific_f0_m1,10.533584920247204,18,8,True,False,,,,,,,,,,,
margin,Auburn,scientific_f0_m1,10.356300254142575,19,7,True,False,,,,,,,,,,,
margin,Missouri,scientific_f0_m1,9.442544014232453,20,6,True,False,,,,,,,,,,,
margin,Mississippi State,scientific_f0_m1,9.266059576569528,21,5,True,False,,,,,,,,,,,
margin,Nebraska,scientific_f0_m1,8.47902192767065,22,4,True,False,,,,,,,,,,,
margin,Kentucky,scientific_f0_m1,8.442158337558286,23,3,True,False,,,,,,,,,,,
margin,Washington,scientific_f0_m1,8.026521359041432,24,2,True,False,,,,,,,,,,,
margin,UCLA,scientific_f0_m1,7.879988588344803,25,1,True,False,,,,,,,,,,,
margin,Penn State,scientific_f0_m1,7.861095998412214,26,0,False,False,,,,,,,,,,,
margin,Virginia Tech,scientific_f0_m1,7.634384919221204,27,0,False,False,,,,,,,,,,,
margin,North Carolina,scientific_f0_m1,7.57770714942345,28,0,False,False,,,,,,,,,,,
margin,Texas Tech,scientific_f0_m1,7.57770714942345,29,0,False,False,,,,,,,,,,,
margin,Wisconsin,scientific_f0_m1,7.568030457018954,30,0,False,False,,,,,,,,,,,
margin,SMU,scientific_f0_m1,7.421497686322326,31,0,False,False,,,,,,,,,,,
margin,NC State,scientific_f0_m1,7.082352657288615,32,0,False,False,,,,,,,,,,,
margin,California,scientific_f0_m1,6.841817731805465,33,0,False,False,,,,,,,,,,,
margin,Georgia Tech,scientific_f0_m1,6.829376270142545,34,0,False,False,,,,,,,,,,,
margin,Syracuse,scientific_f0_m1,6.55105616479423,35,0,False,False,,,,,,,,,,,
margin,Arkansas,scientific_f0_m1,6.545065831400971,36,0,False,False,,,,,,,,,,,
margin,Louisville,scientific_f0_m1,6.291167854502094,37,0,False,False,,,,,,,,,,,
margin,Stanford,scientific_f0_m1,6.184142081865143,38,0,False,False,,,,,,,,,,,
margin,Indiana,scientific_f0_m1,6.074133467715573,39,0,False,False,,,,,,,,,,,
margin,Colorado,scientific_f0_m1,5.906404132704337,40,0,False,False,,,,,,,,,,,
margin,TCU,scientific_f0_m1,5.868158157962761,41,0,False,False,,,,,,,,,,,
margin,Minnesota,scientific_f0_m1,5.775999182681861,42,0,False,False,,,,,,,,,,,
margin,UNLV,scientific_f0_m1,5.733484692741545,43,0,False,False,,,,,,,,,,,
margin,Vanderbilt,scientific_f0_m1,5.711487899985233,44,0,False,False,,,,,,,,,,,
margin,Baylor,scientific_f0_m1,5.522101205782984,45,0,False,False,,,,,,,,,,,
margin,Iowa,scientific_f0_m1,5.496757487580739,46,0,False,False,,,,,,,,,,,
margin,Arizona State,scientific_f0_m1,5.46311946160321,47,0,False,False,,,,,,,,,,,
margin,Northwestern,scientific_f0_m1,5.3782118430336805,48,0,False,False,,,,,,,,,,,
margin,Maryland,scientific_f0_m1,5.354371870771747,49,0,False,False,,,,,,,,,,,
margin,Kansas State,scientific_f0_m1,5.30967476776051,50,0,False,False,,,,,,,,,,,
margin,Rutgers,scientific_f0_m1,4.8659293017829786,51,0,False,False,,,,,,,,,,,
margin,West Virginia,scientific_f0_m1,4.799574839580734,52,0,False,False,,,,,,,,,,,
margin,Illinois,scientific_f0_m1,4.634149478951517,53,0,False,False,,,,,,,,,,,
margin,South Florida,scientific_f0_m1,4.624933581423425,54,0,False,False,,,,,,,,,,,
margin,Virginia,scientific_f0_m1,4.4576650412885925,55,0,False,False,,,,,,,,,,,
margin,Arizona,scientific_f0_m1,4.430478143580731,56,0,False,False,,,,,,,,,,,
margin,Purdue,scientific_f0_m1,4.372417989153765,57,0,False,False,,,,,,,,,,,
margin,Houston,scientific_f0_m1,4.261827218816681,58,0,False,False,,,,,,,,,,,
margin,Utah,scientific_f0_m1,4.25215052641219,59,0,False,False,,,,,,,,,,,
margin,BYU,scientific_f0_m1,3.961849754277353,60,0,False,False,,,,,,,,,,,
margin,Michigan State,scientific_f0_m1,3.7591000086593747,61,0,False,False,,,,,,,,,,,
margin,Kansas,scientific_f0_m1,3.7355994699627457,62,0,False,False,,,,,,,,,,,
margin,Wake Forest,scientific_f0_m1,3.567870134951509,63,0,False,False,,,,,,,,,,,
margin,Pittsburgh,scientific_f0_m1,3.298305132254877,64,0,False,False,,,,,,,,,,,
margin,Oklahoma State,scientific_f0_m1,3.190939926052632,65,0,False,False,,,,,,,,,,,
margin,UCF,scientific_f0_m1,3.1655962078503816,66,0,False,False,,,,,,,,,,,
margin,Memphis,scientific_f0_m1,3.0812707454683563,67,0,False,False,,,,,,,,,,,
margin,Iowa State,scientific_f0_m1,3.0462503348616154,68,0,False,False,,,,,,,,,,,
margin,Duke,scientific_f0_m1,2.9964844882099326,69,0,False,False,,,,,,,,,,,
margin,Tulane,scientific_f0_m1,2.841657409738021,70,0,False,False,,,,,,,,,,,
margin,Boston College,scientific_f0_m1,2.6061912278953216,71,0,False,False,,,,,,,,,,,
margin,UTSA,scientific_f0_m1,2.413578969558244,72,0,False,False,,,,,,,,,,,
margin,UConn,scientific_f0_m1,2.2633598398503727,73,0,False,False,,,,,,,,,,,
margin,Boise State,scientific_f0_m1,1.7385144756256503,74,0,False,False,,,,,,,,,,,
margin,Colorado State,scientific_f0_m1,1.6988861162548625,75,0,False,False,,,,,,,,,,,
margin,Oregon State,scientific_f0_m1,1.4906068321200303,76,0,False,False,,,,,,,,,,,
margin,Cincinnati,scientific_f0_m1,1.4210268057829518,77,0,False,False,,,,,,,,,,,
margin,Georgia Southern,scientific_f0_m1,1.4168796518953153,78,0,False,False,,,,,,,,,,,
margin,Liberty,scientific_f0_m1,1.3781728822773358,79,0,False,False,,,,,,,,,,,
margin,Temple,scientific_f0_m1,1.2731116504571114,80,0,False,False,,,,,,,,,,,
margin,Washington State,scientific_f0_m1,1.2371696500975564,81,0,False,False,,,,,,,,,,,
margin,Texas State,scientific_f0_m1,0.98465405782789,82,0,False,False,,,,,,,,,,,
margin,East Carolina,scientific_f0_m1,0.9376529804346325,83,0,False,False,,,,,,,,,,,
margin,Tulsa,scientific_f0_m1,0.8938774671762082,84,0,False,False,,,,,,,,,,,
margin,App State,scientific_f0_m1,0.8371996973784546,85,0,False,False,,,,,,,,,,,
margin,Miami (OH),scientific_f0_m1,0.8261406203447459,86,0,False,False,,,,,,,,,,,
margin,Western Kentucky,scientific_f0_m1,0.3722576670863149,87,0,False,False,,,,,,,,,,,
margin,Fresno State,scientific_f0_m1,0.290696973962719,88,0,False,False,,,,,,,,,,,
margin,San Diego State,scientific_f0_m1,0.2662748455132826,89,0,False,False,,,,,,,,,,,
margin,Florida International,scientific_f0_m1,0.1897828960301311,90,0,False,False,,,,,,,,,,,
margin,Arkansas State,scientific_f0_m1,0.12803638259193217,91,0,False,False,,,,,,,,,,,
margin,UAB,scientific_f0_m1,0.1261932030863111,92,0,False,False,,,,,,,,,,,
margin,Jacksonville State,scientific_f0_m1,-0.028173080509191095,93,0,False,False,,,,,,,,,,,
margin,Southern Miss,scientific_f0_m1,-0.037388978037284026,94,0,False,False,,,,,,,,,,,
margin,North Texas,scientific_f0_m1,-0.0627326962395296,95,0,False,False,,,,,,,,,,,
margin,Troy,scientific_f0_m1,-0.33414087844177764,96,0,False,False,,,,,,,,,,,
margin,Marshall,scientific_f0_m1,-0.40233852014964366,97,0,False,False,,,,,,,,,,,
margin,Florida Atlantic,scientific_f0_m1,-0.4645458284642521,98,0,False,False,,,,,,,,,,,
margin,Louisiana,scientific_f0_m1,-0.5760581885541392,99,0,False,False,,,,,,,,,,,
margin,Rice,scientific_f0_m1,-0.6244416505766148,100,0,False,False,,,,,,,,,,,
margin,Hawai'i,scientific_f0_m1,-0.6812407816854682,101,0,False,False,,,,,,,,,,,
margin,James Madison,scientific_f0_m1,-0.6972472410485269,102,0,False,False,,,,,,,,,,,
margin,UTEP,scientific_f0_m1,-0.8147499345316724,103,0,False,False,,,,,,,,,,,
margin,Eastern Michigan,scientific_f0_m1,-1.0506769112507754,104,0,False,False,,,,,,,,,,,
margin,Charlotte,scientific_f0_m1,-1.229004528419316,105,0,False,False,,,,,,,,,,,
margin,Coastal Carolina,scientific_f0_m1,-1.3584878886889777,106,0,False,False,,,,,,,,,,,
margin,Georgia State,scientific_f0_m1,-1.3644782220822362,107,0,False,False,,,,,,,,,,,
margin,South Alabama,scientific_f0_m1,-1.3852139915204402,108,0,False,False,,,,,,,,,,,
margin,Western Michigan,scientific_f0_m1,-1.439587786936169,109,0,False,False,,,,,,,,,,,
margin,Middle Tennessee,scientific_f0_m1,-1.4718434282844859,110,0,False,False,,,,,,,,,,,
margin,San José State,scientific_f0_m1,-1.5755222754754987,111,0,False,False,,,,,,,,,,,
margin,Bowling Green,scientific_f0_m1,-1.6179154041047097,112,0,False,False,,,,,,,,,,,
margin,New Mexico,scientific_f0_m1,-1.6243665323743715,113,0,False,False,,,,,,,,,,,
margin,Ball State,scientific_f0_m1,-1.8229691241047137,114,0,False,False,,,,,,,,,,,
margin,Sacramento State,scientific_f0_m1,-1.9363246637002218,115,0,False,False,,,,,,,,,,,
margin,Toledo,scientific_f0_m1,-2.1740948199249415,116,0,False,False,,,,,,,,,,,
margin,Sam Houston,scientific_f0_m1,-2.2565771028013444,117,0,False,False,,,,,,,,,,,
margin,Nevada,scientific_f0_m1,-2.46301320743056,118,0,False,False,,,,,,,,,,,
margin,Missouri State,scientific_f0_m1,-2.4662387715653944,119,0,False,False,,,,,,,,,,,
margin,Buffalo,scientific_f0_m1,-2.4943472590260694,120,0,False,False,,,,,,,,,,,
margin,Akron,scientific_f0_m1,-2.6081635934979763,121,0,False,False,,,,,,,,,,,
margin,Old Dominion,scientific_f0_m1,-2.727509466486743,122,0,False,False,,,,,,,,,,,
margin,Utah State,scientific_f0_m1,-2.7399509281496632,123,0,False,False,,,,,,,,,,,
margin,Louisiana Tech,scientific_f0_m1,-2.784187236284497,124,0,False,False,,,,,,,,,,,
margin,Central Michigan,scientific_f0_m1,-2.9228864940822517,125,0,False,False,,,,,,,,,,,
margin,Northern Illinois,scientific_f0_m1,-3.0809391366889907,126,0,False,False,,,,,,,,,,,
margin,Wyoming,scientific_f0_m1,-3.462938089228323,127,0,False,False,,,,,,,,,,,
margin,Massachusetts,scientific_f0_m1,-3.5712248851833754,128,0,False,False,,,,,,,,,,,
margin,Ohio,scientific_f0_m1,-3.714071296868771,129,0,False,False,,,,,,,,,,,
margin,Kent State,scientific_f0_m1,-3.714532091745176,130,0,False,False,,,,,,,,,,,
margin,North Dakota State,scientific_f0_m1,-4.048147582262033,131,0,False,False,,,,,,,,,,,
margin,UL Monroe,scientific_f0_m1,-4.513550407430578,132,0,False,False,,,,,,,,,,,
margin,Kennesaw State,scientific_f0_m1,-4.634739459924959,133,0,False,False,,,,,,,,,,,
margin,New Mexico State,scientific_f0_m1,-5.125146569730451,134,0,False,False,,,,,,,,,,,
margin,Delaware,scientific_f0_m1,-5.5277599303968765,135,0,False,False,,,,,,,,,,,
margin,Army,scientific_f0_m1,-12.338890359842864,136,0,False,False,,,,,,,,,,,
margin,Air Force,scientific_f0_m1,-13.78947263076422,137,0,False,False,,,,,,,,,,,
margin,Navy,scientific_f0_m1,-17.322386948157508,138,0,False,False,,,,,,,,,,,
margin,Georgia,scientific_f0_m2,20.301921239750662,1,25,True,True,,,,,,,,,,,
margin,Texas,scientific_f0_m2,19.31761387464761,2,24,True,False,,,,,,,,,,,
margin,Oregon,scientific_f0_m2,19.271648344406177,3,23,True,False,,,,,,,,,,,
margin,Alabama,scientific_f0_m2,18.670823760566417,4,22,True,False,,,,,,,,,,,
margin,Ohio State,scientific_f0_m2,18.149564310556407,5,21,True,False,,,,,,,,,,,
margin,Notre Dame,scientific_f0_m2,17.520081397900483,6,20,True,False,,,,,,,,,,,
margin,Texas A&M,scientific_f0_m2,16.407115029396497,7,19,True,False,,,,,,,,,,,
margin,LSU,scientific_f0_m2,16.338584612461936,8,18,True,False,,,,,,,,,,,
margin,USC,scientific_f0_m2,14.543686972691436,9,17,True,False,,,,,,,,,,,
margin,Florida,scientific_f0_m2,14.113736194962831,10,16,True,False,,,,,,,,,,,
margin,Michigan,scientific_f0_m2,14.056939352852734,11,15,True,False,,,,,,,,,,,
margin,Miami,scientific_f0_m2,13.836536791794398,12,14,True,False,,,,,,,,,,,
margin,Tennessee,scientific_f0_m2,13.834378295194973,13,13,True,False,,,,,,,,,,,
margin,Ole Miss,scientific_f0_m2,13.824665616248659,14,12,True,False,,,,,,,,,,,
margin,South Carolina,scientific_f0_m2,12.599080234668488,15,11,True,False,,,,,,,,,,,
margin,Clemson,scientific_f0_m2,12.598013931439612,16,10,True,False,,,,,,,,,,,
margin,Oklahoma,scientific_f0_m2,11.975621093582353,17,9,True,False,,,,,,,,,,,
margin,Auburn,scientific_f0_m2,10.7669795696483,18,8,True,False,,,,,,,,,,,
margin,Florida State,scientific_f0_m2,10.746971377838289,19,7,True,False,,,,,,,,,,,
margin,Missouri,scientific_f0_m2,9.734555623223102,20,6,True,False,,,,,,,,,,,
margin,Mississippi State,scientific_f0_m2,9.53642324339293,21,5,True,False,,,,,,,,,,,
margin,Nebraska,scientific_f0_m2,8.657858130746177,22,4,True,False,,,,,,,,,,,
margin,Kentucky,scientific_f0_m2,8.616908284019862,23,3,True,False,,,,,,,,,,,
margin,Washington,scientific_f0_m2,8.156441853868108,24,2,True,False,,,,,,,,,,,
margin,UCLA,scientific_f0_m2,7.994648932626087,25,1,True,False,,,,,,,,,,,
margin,Penn State,scientific_f0_m2,7.973809495825739,26,0,False,False,,,,,,,,,,,
margin,Virginia Tech,scientific_f0_m2,7.724104279329609,27,0,False,False,,,,,,,,,,,
margin,North Carolina,scientific_f0_m2,7.6617841362944175,28,0,False,False,,,,,,,,,,,
margin,Texas Tech,scientific_f0_m2,7.6617841362944175,29,0,False,False,,,,,,,,,,,
margin,Wisconsin,scientific_f0_m2,7.651148355791185,30,0,False,False,,,,,,,,,,,
margin,SMU,scientific_f0_m2,7.490243541631445,31,0,False,False,,,,,,,,,,,
margin,NC State,scientific_f0_m2,7.118923603465005,32,0,False,False,,,,,,,,,,,
margin,California,scientific_f0_m2,6.856490560281939,33,0,False,False,,,,,,,,,,,
margin,Georgia Tech,scientific_f0_m2,6.842937240132422,34,0,False,False,,,,,,,,,,,
margin,Syracuse,scientific_f0_m2,6.540279322574634,35,0,False,False,,,,,,,,,,,
margin,Arkansas,scientific_f0_m2,6.533776418863786,36,0,False,False,,,,,,,,,,,
margin,Louisville,scientific_f0_m2,6.258589476074219,37,0,False,False,,,,,,,,,,,
margin,Indiana,scientific_f0_m2,6.024032629463552,38,0,False,False,,,,,,,,,,,
margin,Stanford,scientific_f0_m2,6.005598828261439,39,0,False,False,,,,,,,,,,,
margin,Colorado,scientific_f0_m2,5.8431880738257185,40,0,False,False,,,,,,,,,,,
margin,TCU,scientific_f0_m2,5.802003608517447,41,0,False,False,,,,,,,,,,,
margin,Minnesota,scientific_f0_m2,5.70284336618613,42,0,False,False,,,,,,,,,,,
margin,Vanderbilt,scientific_f0_m2,5.63349799895792,43,0,False,False,,,,,,,,,,,
margin,UNLV,scientific_f0_m2,5.52863027064135,44,0,False,False,,,,,,,,,,,
margin,Baylor,scientific_f0_m2,5.430237631787261,45,0,False,False,,,,,,,,,,,
margin,Iowa,scientific_f0_m2,5.403073308789029,46,0,False,False,,,,,,,,,,,
margin,Arizona State,scientific_f0_m2,5.367031957198903,47,0,False,False,,,,,,,,,,,
margin,Maryland,scientific_f0_m2,5.250617053367544,48,0,False,False,,,,,,,,,,,
margin,Kansas State,scientific_f0_m2,5.202813886364824,49,0,False,False,,,,,,,,,,,
margin,Northwestern,scientific_f0_m2,5.154507652136598,50,0,False,False,,,,,,,,,,,
margin,Rutgers,scientific_f0_m2,4.729664504161058,51,0,False,False,,,,,,,,,,,
margin,West Virginia,scientific_f0_m2,4.659136909747666,52,0,False,False,,,,,,,,,,,
margin,Illinois,scientific_f0_m2,4.483561122575691,53,0,False,False,,,,,,,,,,,
margin,South Florida,scientific_f0_m2,4.473790379536512,54,0,False,False,,,,,,,,,,,
margin,Virginia,scientific_f0_m2,4.296646508320505,55,0,False,False,,,,,,,,,,,
margin,Arizona,scientific_f0_m2,4.2678894714004,56,0,False,False,,,,,,,,,,,
margin,Purdue,scientific_f0_m2,4.206508851846836,57,0,False,False,,,,,,,,,,,
margin,Houston,scientific_f0_m2,4.089716661726774,58,0,False,False,,,,,,,,,,,
margin,Utah,scientific_f0_m2,4.079505037191583,59,0,False,False,,,,,,,,,,,
margin,BYU,scientific_f0_m2,3.773731882434758,60,0,False,False,,,,,,,,,,,
margin,Michigan State,scientific_f0_m2,3.5608367546144155,61,0,False,False,,,,,,,,,,,
margin,Kansas,scientific_f0_m2,3.5361954167257394,62,0,False,False,,,,,,,,,,,
margin,Wake Forest,scientific_f0_m2,3.360535906481852,63,0,False,False,,,,,,,,,,,
margin,Pittsburgh,scientific_f0_m2,3.0790051044398146,64,0,False,False,,,,,,,,,,,
margin,Oklahoma State,scientific_f0_m2,2.9671415147340072,65,0,False,False,,,,,,,,,,,
margin,UCF,scientific_f0_m2,2.940758176392099,66,0,False,False,,,,,,,,,,,
margin,Memphis,scientific_f0_m2,2.8530347384720676,67,0,False,False,,,,,,,,,,,
margin,Iowa State,scientific_f0_m2,2.8166307715262846,68,0,False,False,,,,,,,,,,,
margin,Duke,scientific_f0_m2,2.7649267070982084,69,0,False,False,,,,,,,,,,,
margin,Tulane,scientific_f0_m2,2.604278984358743,70,0,False,False,,,,,,,,,,,
margin,Boston College,scientific_f0_m2,2.3605679931959838,71,0,False,False,,,,,,,,,,,
margin,UTSA,scientific_f0_m2,2.161756424259357,72,0,False,False,,,,,,,,,,,
margin,UConn,scientific_f0_m2,2.00704281464127,73,0,False,False,,,,,,,,,,,
margin,Boise State,scientific_f0_m2,1.4688361263472771,74,0,False,False,,,,,,,,,,,
margin,Colorado State,scientific_f0_m2,1.4283467719277603,75,0,False,False,,,,,,,,,,,
margin,Oregon State,scientific_f0_m2,1.2158835340801915,76,0,False,False,,,,,,,,,,,
margin,Cincinnati,scientific_f0_m2,1.145033555852459,77,0,False,False,,,,,,,,,,,
margin,Georgia Southern,scientific_f0_m2,1.140812730381084,78,0,False,False,,,,,,,,,,,
margin,Liberty,scientific_f0_m2,1.1014293227681726,79,0,False,False,,,,,,,,,,,
margin,Temple,scientific_f0_m2,0.9946313352094052,80,0,False,False,,,,,,,,,,,
margin,Washington State,scientific_f0_m2,0.9581286782047354,81,0,False,False,,,,,,,,,,,
margin,Texas State,scientific_f0_m2,0.7021555512336679,82,0,False,False,,,,,,,,,,,
margin,East Carolina,scientific_f0_m2,0.654603964316486,83,0,False,False,,,,,,,,,,,
margin,Tulsa,scientific_f0_m2,0.6103419864521396,84,0,False,False,,,,,,,,,,,
margin,App State,scientific_f0_m2,0.5530720040918702,85,0,False,False,,,,,,,,,,,
margin,Miami (OH),scientific_f0_m2,0.5419023246244059,86,0,False,False,,,,,,,,,,,
margin,Western Kentucky,scientific_f0_m2,0.08487486505834241,87,0,False,False,,,,,,,,,,,
margin,Fresno State,scientific_f0_m2,0.003037763844359276,88,0,False,False,,,,,,,,,,,
margin,San Diego State,scientific_f0_m2,-0.021450023279069086,89,0,False,False,,,,,,,,,,,
margin,Florida International,scientific_f0_m2,-0.0980966010504023,90,0,False,False,,,,,,,,,,,
margin,Arkansas State,scientific_f0_m2,-0.15991151775792645,91,0,False,False,,,,,,,,,,,
margin,UAB,scientific_f0_m2,-0.16175596446884555,92,0,False,False,,,,,,,,,,,
margin,Jacksonville State,scientific_f0_m2,-0.31606899804225996,93,0,False,False,,,,,,,,,,,
margin,Southern Miss,scientific_f0_m2,-0.32527175224047333,94,0,False,False,,,,,,,,,,,
margin,North Texas,scientific_f0_m2,-0.35057353721169804,95,0,False,False,,,,,,,,,,,
margin,Troy,scientific_f0_m2,-0.6210003160643378,96,0,False,False,,,,,,,,,,,
margin,Marshall,scientific_f0_m2,-0.6887982787199398,97,0,False,False,,,,,,,,,,,
margin,Florida Atlantic,scientific_f0_m2,-0.75058739757662,98,0,False,False,,,,,,,,,,,
margin,Louisiana,scientific_f0_m2,-0.8612220754658608,99,0,False,False,,,,,,,,,,,
margin,Rice,scientific_f0_m2,-0.9091735916527792,100,0,False,False,,,,,,,,,,,
margin,Hawai'i,scientific_f0_m2,-0.9695321404082087,101,0,False,False,,,,,,,,,,,
margin,James Madison,scientific_f0_m2,-0.9812708891107107,102,0,False,False,,,,,,,,,,,
margin,UTEP,scientific_f0_m2,-1.0974826511454836,103,0,False,False,,,,,,,,,,,
margin,Eastern Michigan,scientific_f0_m2,-1.3302665145710435,104,0,False,False,,,,,,,,,,,
margin,Charlotte,scientific_f0_m2,-1.5057301148655498,105,0,False,False,,,,,,,,,,,
margin,Coastal Carolina,scientific_f0_m2,-1.6328704860332053,106,0,False,False,,,,,,,,,,,
margin,Georgia State,scientific_f0_m2,-1.6387470610727846,107,0,False,False,,,,,,,,,,,
margin,South Alabama,scientific_f0_m2,-1.6590853886894976,108,0,False,False,,,,,,,,,,,
margin,Western Michigan,scientific_f0_m2,-1.7123900101054925,109,0,False,False,,,,,,,,,,,
margin,Middle Tennessee,scientific_f0_m2,-1.7439929267914067,110,0,False,False,,,,,,,,,,,
margin,San José State,scientific_f0_m2,-1.8454805789636346,111,0,False,False,,,,,,,,,,,
margin,Bowling Green,scientific_f0_m2,-1.8869368231933024,112,0,False,False,,,,,,,,,,,
margin,New Mexico,scientific_f0_m2,-1.8932432994346406,113,0,False,False,,,,,,,,,,,
margin,Ball State,scientific_f0_m2,-2.0871235077758143,114,0,False,False,,,,,,,,,,,
margin,Sacramento State,scientific_f0_m2,-2.1975499460784054,115,0,False,False,,,,,,,,,,,
margin,Toledo,scientific_f0_m2,-2.4286243234282594,116,0,False,False,,,,,,,,,,,
margin,Sam Houston,scientific_f0_m2,-2.508609254353212,117,0,False,False,,,,,,,,,,,
margin,Nevada,scientific_f0_m2,-2.708400790487392,118,0,False,False,,,,,,,,,,,
margin,Missouri State,scientific_f0_m2,-2.711518063372772,119,0,False,False,,,,,,,,,,,
margin,Buffalo,scientific_f0_m2,-2.7386770485930274,120,0,False,False,,,,,,,,,,,
margin,Akron,scientific_f0_m2,-2.848541911312413,121,0,False,False,,,,,,,,,,,
margin,Old Dominion,scientific_f0_m2,-2.9635604154768735,122,0,False,False,,,,,,,,,,,
margin,Utah State,scientific_f0_m2,-2.9755399243246003,123,0,False,False,,,,,,,,,,,
margin,Louisiana Tech,scientific_f0_m2,-3.018117162073933,124,0,False,False,,,,,,,,,,,
margin,Central Michigan,scientific_f0_m2,-3.1514468394288535,125,0,False,False,,,,,,,,,,,
margin,Northern Illinois,scientific_f0_m2,-3.303070655361285,126,0,False,False,,,,,,,,,,,
margin,Wyoming,scientific_f0_m2,-3.6681681767544028,127,0,False,False,,,,,,,,,,,
margin,Massachusetts,scientific_f0_m2,-3.7713129462186252,128,0,False,False,,,,,,,,,,,
margin,Ohio,scientific_f0_m2,-3.9071391526980754,129,0,False,False,,,,,,,,,,,
margin,Kent State,scientific_f0_m2,-3.9075768652901477,130,0,False,False,,,,,,,,,,,
margin,North Dakota State,scientific_f0_m2,-4.223744131077263,131,0,False,False,,,,,,,,,,,
margin,UL Monroe,scientific_f0_m2,-4.66234834945611,132,0,False,False,,,,,,,,,,,
margin,Kennesaw State,scientific_f0_m2,-4.776089289994038,133,0,False,False,,,,,,,,,,,
margin,New Mexico State,scientific_f0_m2,-5.1522996460440655,134,0,False,False,,,,,,,,,,,
margin,Delaware,scientific_f0_m2,-5.608239647945652,135,0,False,False,,,,,,,,,,,
margin,Army,scientific_f0_m2,-11.042936139203384,136,0,False,False,,,,,,,,,,,
margin,Air Force,scientific_f0_m2,-11.81016739555325,137,0,False,False,,,,,,,,,,,
margin,Navy,scientific_f0_m2,-12.91526218723159,138,0,False,False,,,,,,,,,,,
margin,Texas A&M,scientific_f0_m3,34.01178297258297,1,25,True,True,,,,,,,,,,,
margin,Georgia,scientific_f0_m3,28.969623499365877,2,24,True,False,,,,,,,,,,,
margin,Florida,scientific_f0_m3,28.862333976317817,3,23,True,False,,,,,,,,,,,
margin,Alabama,scientific_f0_m3,26.21456902251898,4,22,True,False,,,,,,,,,,,
margin,Ohio State,scientific_f0_m3,23.207257641661776,5,21,True,False,,,,,,,,,,,
margin,Arizona State,scientific_f0_m3,22.650933082859158,6,20,True,False,,,,,,,,,,,
margin,Florida State,scientific_f0_m3,22.43910015484419,7,19,True,False,,,,,,,,,,,
margin,Mississippi State,scientific_f0_m3,22.06817702637407,8,18,True,False,,,,,,,,,,,
margin,Syracuse,scientific_f0_m3,21.005930191050783,9,17,True,False,,,,,,,,,,,
margin,Kentucky,scientific_f0_m3,19.760341323178004,10,16,True,False,,,,,,,,,,,
margin,Missouri,scientific_f0_m3,18.883606462328526,11,15,True,False,,,,,,,,,,,
margin,Rice,scientific_f0_m3,18.8427621933622,12,14,True,False,,,,,,,,,,,
margin,Notre Dame,scientific_f0_m3,18.23470767079698,13,13,True,False,,,,,,,,,,,
margin,Ole Miss,scientific_f0_m3,17.293603785103784,14,12,True,False,,,,,,,,,,,
margin,LSU,scientific_f0_m3,16.985858477521784,15,11,True,False,,,,,,,,,,,
margin,Navy,scientific_f0_m3,16.410668468542564,16,10,True,False,,,,,,,,,,,
margin,Tennessee,scientific_f0_m3,15.958962515262517,17,9,True,False,,,,,,,,,,,
margin,Georgia Tech,scientific_f0_m3,15.90264611832611,18,8,True,False,,,,,,,,,,,
margin,Miami,scientific_f0_m3,15.830295848595851,19,7,True,False,,,,,,,,,,,
margin,Maryland,scientific_f0_m3,15.584319480698511,20,6,True,False,,,,,,,,,,,
margin,Arkansas,scientific_f0_m3,14.483077089169,21,5,True,False,,,,,,,,,,,
margin,Houston,scientific_f0_m3,13.915284595959594,22,4,True,False,,,,,,,,,,,
margin,Utah,scientific_f0_m3,13.893451262626261,23,3,True,False,,,,,,,,,,,
margin,Virginia,scientific_f0_m3,13.742682887323912,24,2,True,False,,,,,,,,,,,
margin,Louisville,scientific_f0_m3,12.52780158730158,25,1,True,False,,,,,,,,,,,
margin,Washington,scientific_f0_m3,12.513585714285716,26,0,False,False,,,,,,,,,,,
margin,North Carolina,scientific_f0_m3,11.753491472868221,27,0,False,False,,,,,,,,,,,
margin,Texas Tech,scientific_f0_m3,11.753491472868221,28,0,False,False,,,,,,,,,,,
margin,Auburn,scientific_f0_m3,11.524070699256045,29,0,False,False,,,,,,,,,,,
margin,Miami (OH),scientific_f0_m3,11.488012898212896,30,0,False,False,,,,,,,,,,,
margin,Florida International,scientific_f0_m3,11.05163751647689,31,0,False,False,,,,,,,,,,,
margin,Michigan State,scientific_f0_m3,11.017328822055136,32,0,False,False,,,,,,,,,,,
margin,NC State,scientific_f0_m3,10.320546932879614,33,0,False,False,,,,,,,,,,,
margin,Rutgers,scientific_f0_m3,10.11060228405038,34,0,False,False,,,,,,,,,,,
margin,Oregon,scientific_f0_m3,9.495895208962978,35,0,False,False,,,,,,,,,,,
margin,Pittsburgh,scientific_f0_m3,9.453193489843493,36,0,False,False,,,,,,,,,,,
margin,Texas,scientific_f0_m3,9.443728542296313,37,0,False,False,,,,,,,,,,,
margin,Tulane,scientific_f0_m3,9.303306247255165,38,0,False,False,,,,,,,,,,,
margin,Central Michigan,scientific_f0_m3,8.910382233631855,39,0,False,False,,,,,,,,,,,
margin,Hawai'i,scientific_f0_m3,8.77466119592406,40,0,False,False,,,,,,,,,,,
margin,Southern Miss,scientific_f0_m3,8.721977088973832,41,0,False,False,,,,,,,,,,,
margin,Colorado,scientific_f0_m3,8.63944918869394,42,0,False,False,,,,,,,,,,,
margin,UCF,scientific_f0_m3,8.595384937284937,43,0,False,False,,,,,,,,,,,
margin,Eastern Michigan,scientific_f0_m3,8.536546008145915,44,0,False,False,,,,,,,,,,,
margin,Indiana,scientific_f0_m3,8.488211062919795,45,0,False,False,,,,,,,,,,,
margin,Wisconsin,scientific_f0_m3,8.040415282392031,46,0,False,False,,,,,,,,,,,
margin,Kennesaw State,scientific_f0_m3,7.950040840044294,47,0,False,False,,,,,,,,,,,
margin,Oklahoma,scientific_f0_m3,7.866611488353519,48,0,False,False,,,,,,,,,,,
margin,Vanderbilt,scientific_f0_m3,7.761920992841578,49,0,False,False,,,,,,,,,,,
margin,Fresno State,scientific_f0_m3,7.694644610266493,50,0,False,False,,,,,,,,,,,
margin,USC,scientific_f0_m3,7.631980626989061,51,0,False,False,,,,,,,,,,,
margin,Michigan,scientific_f0_m3,7.4734253607503645,52,0,False,False,,,,,,,,,,,
margin,Northwestern,scientific_f0_m3,7.339718041905023,53,0,False,False,,,,,,,,,,,
margin,Nebraska,scientific_f0_m3,7.327442910492583,54,0,False,False,,,,,,,,,,,
margin,Memphis,scientific_f0_m3,7.3109207070707045,55,0,False,False,,,,,,,,,,,
margin,Florida Atlantic,scientific_f0_m3,7.216955145046521,56,0,False,False,,,,,,,,,,,
margin,Oregon State,scientific_f0_m3,7.133065080888871,57,0,False,False,,,,,,,,,,,
margin,California,scientific_f0_m3,6.562164444444448,58,0,False,False,,,,,,,,,,,
margin,UTEP,scientific_f0_m3,6.080605366395748,59,0,False,False,,,,,,,,,,,
margin,Troy,scientific_f0_m3,5.945885353535353,60,0,False,False,,,,,,,,,,,
margin,UAB,scientific_f0_m3,5.781353441477336,61,0,False,False,,,,,,,,,,,
margin,UCLA,scientific_f0_m3,5.663285185185187,62,0,False,False,,,,,,,,,,,
margin,Purdue,scientific_f0_m3,5.6082480604363,63,0,False,False,,,,,,,,,,,
margin,BYU,scientific_f0_m3,5.271060317460318,64,0,False,False,,,,,,,,,,,
margin,North Texas,scientific_f0_m3,5.225769415291998,65,0,False,False,,,,,,,,,,,
margin,Virginia Tech,scientific_f0_m3,5.178650000000003,66,0,False,False,,,,,,,,,,,
margin,Northern Illinois,scientific_f0_m3,5.015810325266407,67,0,False,False,,,,,,,,,,,
margin,East Carolina,scientific_f0_m3,4.691711652236649,68,0,False,False,,,,,,,,,,,
margin,Nevada,scientific_f0_m3,4.423669159665822,69,0,False,False,,,,,,,,,,,
margin,Baylor,scientific_f0_m3,3.7537280311285466,70,0,False,False,,,,,,,,,,,
margin,Arkansas State,scientific_f0_m3,3.508528907315843,71,0,False,False,,,,,,,,,,,
margin,Western Kentucky,scientific_f0_m3,3.500328699696095,72,0,False,False,,,,,,,,,,,
margin,Cincinnati,scientific_f0_m3,3.460935511896831,73,0,False,False,,,,,,,,,,,
margin,Boston College,scientific_f0_m3,2.932890897508922,74,0,False,False,,,,,,,,,,,
margin,Western Michigan,scientific_f0_m3,2.041944632617808,75,0,False,False,,,,,,,,,,,
margin,SMU,scientific_f0_m3,1.8988263347763348,76,0,False,False,,,,,,,,,,,
margin,San José State,scientific_f0_m3,1.7705920634920642,77,0,False,False,,,,,,,,,,,
margin,Stanford,scientific_f0_m3,1.5467898272197467,78,0,False,False,,,,,,,,,,,
margin,Minnesota,scientific_f0_m3,1.3428894214029705,79,0,False,False,,,,,,,,,,,
margin,Missouri State,scientific_f0_m3,1.2178851714318328,80,0,False,False,,,,,,,,,,,
margin,Buffalo,scientific_f0_m3,1.090057692243083,81,0,False,False,,,,,,,,,,,
margin,TCU,scientific_f0_m3,1.0041316673264198,82,0,False,False,,,,,,,,,,,
margin,New Mexico,scientific_f0_m3,0.7692376524644946,83,0,False,False,,,,,,,,,,,
margin,West Virginia,scientific_f0_m3,0.7514622542747927,84,0,False,False,,,,,,,,,,,
margin,Toledo,scientific_f0_m3,0.7258521808257102,85,0,False,False,,,,,,,,,,,
margin,Wake Forest,scientific_f0_m3,0.36910287747403875,86,0,False,False,,,,,,,,,,,
margin,Arizona,scientific_f0_m3,0.24751367127496143,87,0,False,False,,,,,,,,,,,
margin,UNLV,scientific_f0_m3,0.011024056402260176,88,0,False,False,,,,,,,,,,,
margin,Penn State,scientific_f0_m3,-0.5172174603174605,89,0,False,False,,,,,,,,,,,
margin,Temple,scientific_f0_m3,-0.5257992733611028,90,0,False,False,,,,,,,,,,,
margin,Georgia State,scientific_f0_m3,-0.7693467662139889,91,0,False,False,,,,,,,,,,,
margin,Wyoming,scientific_f0_m3,-1.3694234423270109,92,0,False,False,,,,,,,,,,,
margin,South Carolina,scientific_f0_m3,-1.447177350427351,93,0,False,False,,,,,,,,,,,
margin,Clemson,scientific_f0_m3,-1.5835440170940176,94,0,False,False,,,,,,,,,,,
margin,Duke,scientific_f0_m3,-1.7431047730047737,95,0,False,False,,,,,,,,,,,
margin,South Florida,scientific_f0_m3,-1.9258140470640484,96,0,False,False,,,,,,,,,,,
margin,Oklahoma State,scientific_f0_m3,-2.3881080943938526,97,0,False,False,,,,,,,,,,,
margin,Louisiana,scientific_f0_m3,-3.283093650793654,98,0,False,False,,,,,,,,,,,
margin,Ohio,scientific_f0_m3,-3.3033881112950834,99,0,False,False,,,,,,,,,,,
margin,Kent State,scientific_f0_m3,-3.3180976351046074,100,0,False,False,,,,,,,,,,,
margin,Jacksonville State,scientific_f0_m3,-3.679722375450635,101,0,False,False,,,,,,,,,,,
margin,Massachusetts,scientific_f0_m3,-3.869161121944566,102,0,False,False,,,,,,,,,,,
margin,Boise State,scientific_f0_m3,-4.061802927773981,103,0,False,False,,,,,,,,,,,
margin,UConn,scientific_f0_m3,-4.182823613375799,104,0,False,False,,,,,,,,,,,
margin,Iowa State,scientific_f0_m3,-4.216468506493507,105,0,False,False,,,,,,,,,,,
margin,Tulsa,scientific_f0_m3,-4.962284878340049,106,0,False,False,,,,,,,,,,,
margin,Washington State,scientific_f0_m3,-5.318608730158728,107,0,False,False,,,,,,,,,,,
margin,Iowa,scientific_f0_m3,-5.490713116123641,108,0,False,False,,,,,,,,,,,
margin,New Mexico State,scientific_f0_m3,-5.57935438884438,109,0,False,False,,,,,,,,,,,
margin,Kansas,scientific_f0_m3,-5.815405793329478,110,0,False,False,,,,,,,,,,,
margin,Kansas State,scientific_f0_m3,-5.874037712096333,111,0,False,False,,,,,,,,,,,
margin,Air Force,scientific_f0_m3,-5.9705712745698944,112,0,False,False,,,,,,,,,,,
margin,Bowling Green,scientific_f0_m3,-6.005486157059318,113,0,False,False,,,,,,,,,,,
margin,Illinois,scientific_f0_m3,-6.10022357087357,114,0,False,False,,,,,,,,,,,
margin,App State,scientific_f0_m3,-6.231708458208457,115,0,False,False,,,,,,,,,,,
margin,Delaware,scientific_f0_m3,-6.345060317460322,116,0,False,False,,,,,,,,,,,
margin,Louisiana Tech,scientific_f0_m3,-6.350787227034152,117,0,False,False,,,,,,,,,,,
margin,Colorado State,scientific_f0_m3,-6.798348412698414,118,0,False,False,,,,,,,,,,,
margin,UL Monroe,scientific_f0_m3,-7.483210482412921,119,0,False,False,,,,,,,,,,,
margin,Utah State,scientific_f0_m3,-7.6106457528079,120,0,False,False,,,,,,,,,,,
margin,Sacramento State,scientific_f0_m3,-7.768266085557028,121,0,False,False,,,,,,,,,,,
margin,North Dakota State,scientific_f0_m3,-7.80267819259172,122,0,False,False,,,,,,,,,,,
margin,Army,scientific_f0_m3,-8.418007925617388,123,0,False,False,,,,,,,,,,,
margin,Middle Tennessee,scientific_f0_m3,-8.528193766908936,124,0,False,False,,,,,,,,,,,
margin,Coastal Carolina,scientific_f0_m3,-8.859816510147207,125,0,False,False,,,,,,,,,,,
margin,UTSA,scientific_f0_m3,-8.87212527999325,126,0,False,False,,,,,,,,,,,
margin,Old Dominion,scientific_f0_m3,-9.221729879792031,127,0,False,False,,,,,,,,,,,
margin,Marshall,scientific_f0_m3,-9.474459523809527,128,0,False,False,,,,,,,,,,,
margin,Ball State,scientific_f0_m3,-10.2751873015873,129,0,False,False,,,,,,,,,,,
margin,Georgia Southern,scientific_f0_m3,-11.201626312062114,130,0,False,False,,,,,,,,,,,
margin,Sam Houston,scientific_f0_m3,-11.475825772765237,131,0,False,False,,,,,,,,,,,
margin,James Madison,scientific_f0_m3,-11.822550362494518,132,0,False,False,,,,,,,,,,,
margin,Texas State,scientific_f0_m3,-13.340019210906043,133,0,False,False,,,,,,,,,,,
margin,San Diego State,scientific_f0_m3,-13.476889646797613,134,0,False,False,,,,,,,,,,,
margin,South Alabama,scientific_f0_m3,-15.420945325307851,135,0,False,False,,,,,,,,,,,
margin,Liberty,scientific_f0_m3,-20.07634608750726,136,0,False,False,,,,,,,,,,,
margin,Charlotte,scientific_f0_m3,-21.179889524036934,137,0,False,False,,,,,,,,,,,
margin,Akron,scientific_f0_m3,-25.06985714285713,138,0,False,False,,,,,,,,,,,
margin,Georgia,scientific_f0_m4,19.520823568599734,1,25,True,True,,,,,,,,,,,
margin,Alabama,scientific_f0_m4,19.32523556903849,2,24,True,False,,,,,,,,,,,
margin,Oregon,scientific_f0_m4,19.32523556903849,3,23,True,False,,,,,,,,,,,
margin,Texas,scientific_f0_m4,19.32523556903849,4,22,True,False,,,,,,,,,,,
margin,Notre Dame,scientific_f0_m4,17.563174960920215,5,21,True,False,,,,,,,,,,,
margin,Ohio State,scientific_f0_m4,17.563174960920215,6,20,True,False,,,,,,,,,,,
margin,LSU,scientific_f0_m4,14.546117924627795,7,19,True,False,,,,,,,,,,,
margin,Texas A&M,scientific_f0_m4,14.546117924627795,8,18,True,False,,,,,,,,,,,
margin,Clemson,scientific_f0_m4,13.424130520966145,9,17,True,False,,,,,,,,,,,
margin,South Carolina,scientific_f0_m4,13.424130520966145,10,16,True,False,,,,,,,,,,,
margin,USC,scientific_f0_m4,13.341822833726642,11,15,True,False,,,,,,,,,,,
margin,Florida,scientific_f0_m4,12.695700548606617,12,14,True,False,,,,,,,,,,,
margin,Michigan,scientific_f0_m4,12.695700548606617,13,13,True,False,,,,,,,,,,,
margin,Miami,scientific_f0_m4,12.320882418526994,14,12,True,False,,,,,,,,,,,
margin,Ole Miss,scientific_f0_m4,12.320882418526994,15,11,True,False,,,,,,,,,,,
margin,Tennessee,scientific_f0_m4,12.320882418526994,16,10,True,False,,,,,,,,,,,
margin,Auburn,scientific_f0_m4,12.20606889291561,17,9,True,False,,,,,,,,,,,
margin,Oklahoma,scientific_f0_m4,12.150656714265114,18,8,True,False,,,,,,,,,,,
margin,Missouri,scientific_f0_m4,12.002763983851652,19,7,True,False,,,,,,,,,,,
margin,Arkansas,scientific_f0_m4,9.658109106416552,20,6,True,False,,,,,,,,,,,
margin,Syracuse,scientific_f0_m4,9.658109106416552,21,5,True,False,,,,,,,,,,,
margin,Florida State,scientific_f0_m4,9.621548026360113,22,4,True,False,,,,,,,,,,,
margin,Kentucky,scientific_f0_m4,9.603276450493789,23,3,True,False,,,,,,,,,,,
margin,Nebraska,scientific_f0_m4,9.603276450493789,24,2,True,False,,,,,,,,,,,
margin,Mississippi State,scientific_f0_m4,9.282052005787092,25,1,True,False,,,,,,,,,,,
margin,Penn State,scientific_f0_m4,8.596808261635848,26,0,False,False,,,,,,,,,,,
margin,UCLA,scientific_f0_m4,8.596808261635848,27,0,False,False,,,,,,,,,,,
margin,Washington,scientific_f0_m4,8.596808261635848,28,0,False,False,,,,,,,,,,,
margin,North Carolina,scientific_f0_m4,6.756659892248301,29,0,False,False,,,,,,,,,,,
margin,SMU,scientific_f0_m4,6.756659892248301,30,0,False,False,,,,,,,,,,,
margin,Texas Tech,scientific_f0_m4,6.756659892248301,31,0,False,False,,,,,,,,,,,
margin,Wisconsin,scientific_f0_m4,6.756659892248301,32,0,False,False,,,,,,,,,,,
margin,Louisville,scientific_f0_m4,6.724397050430815,33,0,False,False,,,,,,,,,,,
margin,Stanford,scientific_f0_m4,6.587791652499857,34,0,False,False,,,,,,,,,,,
margin,Virginia Tech,scientific_f0_m4,6.518747503008074,35,0,False,False,,,,,,,,,,,
margin,Arizona,scientific_f0_m4,6.339459248060154,36,0,False,False,,,,,,,,,,,
margin,Virginia,scientific_f0_m4,6.339459248060154,37,0,False,False,,,,,,,,,,,
margin,Rutgers,scientific_f0_m4,6.251331165921968,38,0,False,False,,,,,,,,,,,
margin,West Virginia,scientific_f0_m4,6.251331165921968,39,0,False,False,,,,,,,,,,,
margin,Illinois,scientific_f0_m4,6.06029108927192,40,0,False,False,,,,,,,,,,,
margin,South Florida,scientific_f0_m4,6.06029108927192,41,0,False,False,,,,,,,,,,,
margin,Colorado,scientific_f0_m4,5.812933468371711,42,0,False,False,,,,,,,,,,,
margin,Indiana,scientific_f0_m4,5.812933468371711,43,0,False,False,,,,,,,,,,,
margin,Arizona State,scientific_f0_m4,5.247405269085055,44,0,False,False,,,,,,,,,,,
margin,UNLV,scientific_f0_m4,5.141827805868042,45,0,False,False,,,,,,,,,,,
margin,Minnesota,scientific_f0_m4,4.9348296543467685,46,0,False,False,,,,,,,,,,,
margin,TCU,scientific_f0_m4,4.9348296543467685,47,0,False,False,,,,,,,,,,,
margin,Vanderbilt,scientific_f0_m4,4.9348296543467685,48,0,False,False,,,,,,,,,,,
margin,Purdue,scientific_f0_m4,4.75867974165398,49,0,False,False,,,,,,,,,,,
margin,Navy,scientific_f0_m4,4.52986997951919,50,0,False,False,,,,,,,,,,,
margin,California,scientific_f0_m4,4.46250948489444,51,0,False,False,,,,,,,,,,,
margin,Georgia Tech,scientific_f0_m4,4.46250948489444,52,0,False,False,,,,,,,,,,,
margin,BYU,scientific_f0_m4,4.311936210242386,53,0,False,False,,,,,,,,,,,
margin,Wake Forest,scientific_f0_m4,3.887693823519859,54,0,False,False,,,,,,,,,,,
margin,Kansas,scientific_f0_m4,3.7645178816019023,55,0,False,False,,,,,,,,,,,
margin,Michigan State,scientific_f0_m4,3.7645178816019023,56,0,False,False,,,,,,,,,,,
margin,NC State,scientific_f0_m4,3.7219709392084495,57,0,False,False,,,,,,,,,,,
margin,Northwestern,scientific_f0_m4,3.531110584883531,58,0,False,False,,,,,,,,,,,
margin,Baylor,scientific_f0_m4,3.3083630474692476,59,0,False,False,,,,,,,,,,,
margin,Iowa,scientific_f0_m4,3.3083630474692476,60,0,False,False,,,,,,,,,,,
margin,Maryland,scientific_f0_m4,3.077913934496796,61,0,False,False,,,,,,,,,,,
margin,Kansas State,scientific_f0_m4,2.917782642655234,62,0,False,False,,,,,,,,,,,
margin,Arkansas State,scientific_f0_m4,2.873519567757668,63,0,False,False,,,,,,,,,,,
margin,Florida International,scientific_f0_m4,2.873519567757668,64,0,False,False,,,,,,,,,,,
margin,UAB,scientific_f0_m4,2.873519567757668,65,0,False,False,,,,,,,,,,,
margin,Pittsburgh,scientific_f0_m4,2.8280335266673537,66,0,False,False,,,,,,,,,,,
margin,UConn,scientific_f0_m4,2.786386305025427,67,0,False,False,,,,,,,,,,,
margin,Houston,scientific_f0_m4,2.690240290398403,68,0,False,False,,,,,,,,,,,
margin,Utah,scientific_f0_m4,2.690240290398403,69,0,False,False,,,,,,,,,,,
margin,UTSA,scientific_f0_m4,2.339334340150175,70,0,False,False,,,,,,,,,,,
margin,Boston College,scientific_f0_m4,2.2432562512450755,71,0,False,False,,,,,,,,,,,
margin,Boise State,scientific_f0_m4,2.220172504830552,72,0,False,False,,,,,,,,,,,
margin,Colorado State,scientific_f0_m4,2.220172504830552,73,0,False,False,,,,,,,,,,,
margin,Duke,scientific_f0_m4,1.979213759530373,74,0,False,False,,,,,,,,,,,
margin,Iowa State,scientific_f0_m4,1.979213759530373,75,0,False,False,,,,,,,,,,,
margin,Memphis,scientific_f0_m4,1.979213759530373,76,0,False,False,,,,,,,,,,,
margin,Oklahoma State,scientific_f0_m4,1.979213759530373,77,0,False,False,,,,,,,,,,,
margin,UCF,scientific_f0_m4,1.979213759530373,78,0,False,False,,,,,,,,,,,
margin,Oregon State,scientific_f0_m4,1.8308705473600342,79,0,False,False,,,,,,,,,,,
margin,Tulane,scientific_f0_m4,0.12202647873767886,80,0,False,False,,,,,,,,,,,
margin,Florida Atlantic,scientific_f0_m4,-0.17708033707193402,81,0,False,False,,,,,,,,,,,
margin,East Carolina,scientific_f0_m4,-0.1944954426002933,82,0,False,False,,,,,,,,,,,
margin,Texas State,scientific_f0_m4,-0.1944954426002933,83,0,False,False,,,,,,,,,,,
margin,Eastern Michigan,scientific_f0_m4,-0.3468278338563827,84,0,False,False,,,,,,,,,,,
margin,Fresno State,scientific_f0_m4,-0.37198746130192895,85,0,False,False,,,,,,,,,,,
margin,San Diego State,scientific_f0_m4,-0.37198746130192895,86,0,False,False,,,,,,,,,,,
margin,Western Kentucky,scientific_f0_m4,-0.37198746130192895,87,0,False,False,,,,,,,,,,,
margin,Tulsa,scientific_f0_m4,-0.48096271092246634,88,0,False,False,,,,,,,,,,,
margin,Marshall,scientific_f0_m4,-0.5897073942069021,89,0,False,False,,,,,,,,,,,
margin,Troy,scientific_f0_m4,-0.5897073942069021,90,0,False,False,,,,,,,,,,,
margin,James Madison,scientific_f0_m4,-0.6179323142106102,91,0,False,False,,,,,,,,,,,
margin,Louisiana,scientific_f0_m4,-0.6179323142106102,92,0,False,False,,,,,,,,,,,
margin,Rice,scientific_f0_m4,-0.6179323142106102,93,0,False,False,,,,,,,,,,,
margin,UTEP,scientific_f0_m4,-0.6179323142106102,94,0,False,False,,,,,,,,,,,
margin,Charlotte,scientific_f0_m4,-0.6857764864626671,95,0,False,False,,,,,,,,,,,
margin,Coastal Carolina,scientific_f0_m4,-0.6857764864626671,96,0,False,False,,,,,,,,,,,
margin,Georgia State,scientific_f0_m4,-0.6857764864626671,97,0,False,False,,,,,,,,,,,
margin,South Alabama,scientific_f0_m4,-0.6857764864626671,98,0,False,False,,,,,,,,,,,
margin,Western Michigan,scientific_f0_m4,-0.6857764864626671,99,0,False,False,,,,,,,,,,,
margin,Hawai'i,scientific_f0_m4,-0.7207883758785559,100,0,False,False,,,,,,,,,,,
margin,Buffalo,scientific_f0_m4,-0.731256161626534,101,0,False,False,,,,,,,,,,,
margin,Missouri State,scientific_f0_m4,-0.731256161626534,102,0,False,False,,,,,,,,,,,
margin,Nevada,scientific_f0_m4,-0.731256161626534,103,0,False,False,,,,,,,,,,,
margin,App State,scientific_f0_m4,-0.8741485092754695,104,0,False,False,,,,,,,,,,,
margin,Miami (OH),scientific_f0_m4,-0.8741485092754695,105,0,False,False,,,,,,,,,,,
margin,North Texas,scientific_f0_m4,-1.4611866007008676,106,0,False,False,,,,,,,,,,,
margin,Southern Miss,scientific_f0_m4,-1.4611866007008676,107,0,False,False,,,,,,,,,,,
margin,Temple,scientific_f0_m4,-1.7255755391752468,108,0,False,False,,,,,,,,,,,
margin,Washington State,scientific_f0_m4,-1.7255755391752468,109,0,False,False,,,,,,,,,,,
margin,Cincinnati,scientific_f0_m4,-1.8823685593617765,110,0,False,False,,,,,,,,,,,
margin,Georgia Southern,scientific_f0_m4,-1.8823685593617765,111,0,False,False,,,,,,,,,,,
margin,Liberty,scientific_f0_m4,-1.8823685593617765,112,0,False,False,,,,,,,,,,,
margin,Ball State,scientific_f0_m4,-2.0670836397430374,113,0,False,False,,,,,,,,,,,
margin,Sacramento State,scientific_f0_m4,-2.0670836397430374,114,0,False,False,,,,,,,,,,,
margin,Jacksonville State,scientific_f0_m4,-2.2813672706924897,115,0,False,False,,,,,,,,,,,
margin,Bowling Green,scientific_f0_m4,-3.601594159013933,116,0,False,False,,,,,,,,,,,
margin,New Mexico,scientific_f0_m4,-3.601594159013933,117,0,False,False,,,,,,,,,,,
margin,San José State,scientific_f0_m4,-3.601594159013933,118,0,False,False,,,,,,,,,,,
margin,Sam Houston,scientific_f0_m4,-3.7099695842274296,119,0,False,False,,,,,,,,,,,
margin,Toledo,scientific_f0_m4,-3.7099695842274296,120,0,False,False,,,,,,,,,,,
margin,New Mexico State,scientific_f0_m4,-4.104231643030472,121,0,False,False,,,,,,,,,,,
margin,Central Michigan,scientific_f0_m4,-5.1500447849037085,122,0,False,False,,,,,,,,,,,
margin,Louisiana Tech,scientific_f0_m4,-5.1500447849037085,123,0,False,False,,,,,,,,,,,
margin,Northern Illinois,scientific_f0_m4,-5.1500447849037085,124,0,False,False,,,,,,,,,,,
margin,Utah State,scientific_f0_m4,-5.1500447849037085,125,0,False,False,,,,,,,,,,,
margin,Akron,scientific_f0_m4,-5.263020643576323,126,0,False,False,,,,,,,,,,,
margin,Old Dominion,scientific_f0_m4,-5.263020643576323,127,0,False,False,,,,,,,,,,,
margin,Air Force,scientific_f0_m4,-5.381659174932314,128,0,False,False,,,,,,,,,,,
margin,Army,scientific_f0_m4,-5.381659174932314,129,0,False,False,,,,,,,,,,,
margin,Wyoming,scientific_f0_m4,-5.5866867063192105,130,0,False,False,,,,,,,,,,,
margin,Kennesaw State,scientific_f0_m4,-5.954594328105805,131,0,False,False,,,,,,,,,,,
margin,UL Monroe,scientific_f0_m4,-7.338085465309362,132,0,False,False,,,,,,,,,,,
margin,Delaware,scientific_f0_m4,-7.656027402186539,133,0,False,False,,,,,,,,,,,
margin,Kent State,scientific_f0_m4,-7.678934155344127,134,0,False,False,,,,,,,,,,,
margin,Massachusetts,scientific_f0_m4,-7.678934155344127,135,0,False,False,,,,,,,,,,,
margin,Ohio,scientific_f0_m4,-7.678934155344127,136,0,False,False,,,,,,,,,,,
margin,North Dakota State,scientific_f0_m4,-7.774057647503172,137,0,False,False,,,,,,,,,,,
margin,Middle Tennessee,scientific_f0_m4,-9.150430911859058,138,0,False,False,,,,,,,,,,,
margin,Georgia,scientific_f0_m5,16.343788146972656,1,25,True,True,,,,,,,,,,,
margin,Texas,scientific_f0_m5,16.20794105529785,2,24,True,False,,,,,,,,,,,
margin,Oregon,scientific_f0_m5,16.2012996673584,3,23,True,False,,,,,,,,,,,
margin,Alabama,scientific_f0_m5,16.11191177368164,4,22,True,False,,,,,,,,,,,
margin,Ohio State,scientific_f0_m5,16.028841018676758,5,21,True,False,,,,,,,,,,,
margin,Notre Dame,scientific_f0_m5,15.919075012207031,6,20,True,False,,,,,,,,,,,
margin,Texas A&M,scientific_f0_m5,15.69517707824707,7,19,True,False,,,,,,,,,,,
margin,LSU,scientific_f0_m5,15.679966926574707,8,18,True,False,,,,,,,,,,,
margin,USC,scientific_f0_m5,15.207258224487305,9,17,True,False,,,,,,,,,,,
margin,Florida,scientific_f0_m5,15.068354606628418,10,16,True,False,,,,,,,,,,,
margin,Michigan,scientific_f0_m5,15.049110412597656,11,15,True,False,,,,,,,,,,,
margin,Miami,scientific_f0_m5,14.972343444824219,12,14,True,False,,,,,,,,,,,
margin,Tennessee,scientific_f0_m5,14.971576690673828,13,13,True,False,,,,,,,,,,,
margin,Ole Miss,scientific_f0_m5,14.968111038208008,14,12,True,False,,,,,,,,,,,
margin,South Carolina,scientific_f0_m5,14.470147132873535,15,11,True,False,,,,,,,,,,,
margin,Clemson,scientific_f0_m5,14.469654083251953,16,10,True,False,,,,,,,,,,,
margin,Oklahoma,scientific_f0_m5,14.161614418029785,17,9,True,False,,,,,,,,,,,
margin,Auburn,scientific_f0_m5,13.421466827392578,18,8,True,False,,,,,,,,,,,
margin,Missouri,scientific_f0_m5,12.592086791992188,19,7,True,False,,,,,,,,,,,
margin,Mississippi State,scientific_f0_m5,12.406742095947266,20,6,True,False,,,,,,,,,,,
margin,Nebraska,scientific_f0_m5,11.462465286254883,21,5,True,False,,,,,,,,,,,
margin,Kentucky,scientific_f0_m5,11.41314697265625,22,4,True,False,,,,,,,,,,,
margin,Washington,scientific_f0_m5,10.823330879211426,23,3,True,False,,,,,,,,,,,
margin,UCLA,scientific_f0_m5,10.600357055664062,24,2,True,False,,,,,,,,,,,
margin,Penn State,scientific_f0_m5,10.571035385131836,25,1,True,False,,,,,,,,,,,
margin,Virginia Tech,scientific_f0_m5,10.20902156829834,26,0,False,False,,,,,,,,,,,
margin,North Carolina,scientific_f0_m5,10.115621566772461,27,0,False,False,,,,,,,,,,,
margin,Texas Tech,scientific_f0_m5,10.115621566772461,28,0,False,False,,,,,,,,,,,
margin,Wisconsin,scientific_f0_m5,10.09956169128418,29,0,False,False,,,,,,,,,,,
margin,SMU,scientific_f0_m5,9.852367401123047,30,0,False,False,,,,,,,,,,,
margin,NC State,scientific_f0_m5,9.25302791595459,31,0,False,False,,,,,,,,,,,
margin,Florida State,scientific_f0_m5,9.156394958496094,32,0,False,False,,,,,,,,,,,
margin,California,scientific_f0_m5,8.807647705078125,33,0,False,False,,,,,,,,,,,
margin,Georgia Tech,scientific_f0_m5,8.784217834472656,34,0,False,False,,,,,,,,,,,
margin,Syracuse,scientific_f0_m5,8.251972198486328,35,0,False,False,,,,,,,,,,,
margin,Arkansas,scientific_f0_m5,8.24036979675293,36,0,False,False,,,,,,,,,,,
margin,Louisville,scientific_f0_m5,7.745014190673828,37,0,False,False,,,,,,,,,,,
margin,Indiana,scientific_f0_m5,7.318865776062012,38,0,False,False,,,,,,,,,,,
margin,Colorado,scientific_f0_m5,6.990355491638184,39,0,False,False,,,,,,,,,,,
margin,TCU,scientific_f0_m5,6.915749549865723,40,0,False,False,,,,,,,,,,,
margin,Minnesota,scientific_f0_m5,6.736647129058838,41,0,False,False,,,,,,,,,,,
margin,Vanderbilt,scientific_f0_m5,6.611943244934082,42,0,False,False,,,,,,,,,,,
margin,Baylor,scientific_f0_m5,6.249845504760742,43,0,False,False,,,,,,,,,,,
margin,Iowa,scientific_f0_m5,6.201908111572266,44,0,False,False,,,,,,,,,,,
margin,Arizona State,scientific_f0_m5,6.138491630554199,45,0,False,False,,,,,,,,,,,
margin,Maryland,scientific_f0_m5,5.935177803039551,46,0,False,False,,,,,,,,,,,
margin,Kansas State,scientific_f0_m5,5.852404594421387,47,0,False,False,,,,,,,,,,,
margin,Stanford,scientific_f0_m5,5.617699146270752,48,0,False,False,,,,,,,,,,,
margin,UNLV,scientific_f0_m5,5.24024772644043,49,0,False,False,,,,,,,,,,,
margin,Rutgers,scientific_f0_m5,5.057628631591797,50,0,False,False,,,,,,,,,,,
margin,Northwestern,scientific_f0_m5,4.946441173553467,51,0,False,False,,,,,,,,,,,
margin,West Virginia,scientific_f0_m5,4.9430341720581055,52,0,False,False,,,,,,,,,,,
margin,Illinois,scientific_f0_m5,4.661874771118164,53,0,False,False,,,,,,,,,,,
margin,South Florida,scientific_f0_m5,4.646392345428467,54,0,False,False,,,,,,,,,,,
margin,Virginia,scientific_f0_m5,4.368492603302002,55,0,False,False,,,,,,,,,,,
margin,Arizona,scientific_f0_m5,4.323846817016602,56,0,False,False,,,,,,,,,,,
margin,Purdue,scientific_f0_m5,4.22895622253418,57,0,False,False,,,,,,,,,,,
margin,Houston,scientific_f0_m5,4.049813270568848,58,0,False,False,,,,,,,,,,,
margin,Utah,scientific_f0_m5,4.034232139587402,59,0,False,False,,,,,,,,,,,
margin,BYU,scientific_f0_m5,3.5727994441986084,60,0,False,False,,,,,,,,,,,
margin,Michigan State,scientific_f0_m5,3.2561662197113037,61,0,False,False,,,,,,,,,,,
margin,Kansas,scientific_f0_m5,3.2197072505950928,62,0,False,False,,,,,,,,,,,
margin,Wake Forest,scientific_f0_m5,2.9607527256011963,63,0,False,False,,,,,,,,,,,
margin,Pittsburgh,scientific_f0_m5,2.548665761947632,64,0,False,False,,,,,,,,,,,
margin,Oklahoma State,scientific_f0_m5,2.3858091831207275,65,0,False,False,,,,,,,,,,,
margin,UCF,scientific_f0_m5,2.347468852996826,66,0,False,False,,,,,,,,,,,
margin,Memphis,scientific_f0_m5,2.2201826572418213,67,0,False,False,,,,,,,,,,,
margin,Iowa State,scientific_f0_m5,2.167448043823242,68,0,False,False,,,,,,,,,,,
margin,Duke,scientific_f0_m5,2.0926406383514404,69,0,False,False,,,,,,,,,,,
margin,Tulane,scientific_f0_m5,1.8609035015106201,70,0,False,False,,,,,,,,,,,
margin,Boston College,scientific_f0_m5,1.5115115642547607,71,0,False,False,,,,,,,,,,,
margin,UTSA,scientific_f0_m5,1.2286592721939087,72,0,False,False,,,,,,,,,,,
margin,UConn,scientific_f0_m5,1.0100690126419067,73,0,False,False,,,,,,,,,,,
margin,Boise State,scientific_f0_m5,0.26219773292541504,74,0,False,False,,,,,,,,,,,
margin,Colorado State,scientific_f0_m5,0.20685239136219025,75,0,False,False,,,,,,,,,,,
margin,Hawai'i,scientific_f0_m5,0.19766993820667267,76,0,False,False,,,,,,,,,,,
margin,Oregon State,scientific_f0_m5,-0.08109858632087708,77,0,False,False,,,,,,,,,,,
margin,Cincinnati,scientific_f0_m5,-0.17613868415355682,78,0,False,False,,,,,,,,,,,
margin,Georgia Southern,scientific_f0_m5,-0.18178419768810272,79,0,False,False,,,,,,,,,,,
margin,Liberty,scientific_f0_m5,-0.23437027633190155,80,0,False,False,,,,,,,,,,,
margin,Temple,scientific_f0_m5,-0.3761211633682251,81,0,False,False,,,,,,,,,,,
margin,Washington State,scientific_f0_m5,-0.42427605390548706,82,0,False,False,,,,,,,,,,,
margin,Texas State,scientific_f0_m5,-0.7574402093887329,83,0,False,False,,,,,,,,,,,
margin,East Carolina,scientific_f0_m5,-0.8184095621109009,84,0,False,False,,,,,,,,,,,
margin,Tulsa,scientific_f0_m5,-0.8748865723609924,85,0,False,False,,,,,,,,,,,
margin,App State,scientific_f0_m5,-0.9475606083869934,86,0,False,False,,,,,,,,,,,
margin,Miami (OH),scientific_f0_m5,-0.961681067943573,87,0,False,False,,,,,,,,,,,
margin,Western Kentucky,scientific_f0_m5,-1.523363471031189,88,0,False,False,,,,,,,,,,,
margin,Fresno State,scientific_f0_m5,-1.6204088926315308,89,0,False,False,,,,,,,,,,,
margin,San Diego State,scientific_f0_m5,-1.649226427078247,90,0,False,False,,,,,,,,,,,
margin,Florida International,scientific_f0_m5,-1.7387590408325195,91,0,False,False,,,,,,,,,,,
margin,Arkansas State,scientific_f0_m5,-1.8102192878723145,92,0,False,False,,,,,,,,,,,
margin,UAB,scientific_f0_m5,-1.8123414516448975,93,0,False,False,,,,,,,,,,,
margin,Jacksonville State,scientific_f0_m5,-1.9877114295959473,94,0,False,False,,,,,,,,,,,
margin,Southern Miss,scientific_f0_m5,-1.9980335235595703,95,0,False,False,,,,,,,,,,,
margin,North Texas,scientific_f0_m5,-2.0263335704803467,96,0,False,False,,,,,,,,,,,
margin,New Mexico State,scientific_f0_m5,-2.227085828781128,97,0,False,False,,,,,,,,,,,
margin,Troy,scientific_f0_m5,-2.3213741779327393,98,0,False,False,,,,,,,,,,,
margin,Marshall,scientific_f0_m5,-2.393178701400757,99,0,False,False,,,,,,,,,,,
margin,Florida Atlantic,scientific_f0_m5,-2.457853317260742,100,0,False,False,,,,,,,,,,,
margin,Louisiana,scientific_f0_m5,-2.571817636489868,101,0,False,False,,,,,,,,,,,
margin,Rice,scientific_f0_m5,-2.6204769611358643,102,0,False,False,,,,,,,,,,,
margin,James Madison,scientific_f0_m5,-2.6927993297576904,103,0,False,False,,,,,,,,,,,
margin,UTEP,scientific_f0_m5,-2.8072474002838135,104,0,False,False,,,,,,,,,,,
margin,Eastern Michigan,scientific_f0_m5,-3.0285985469818115,105,0,False,False,,,,,,,,,,,
margin,Charlotte,scientific_f0_m5,-3.1885106563568115,106,0,False,False,,,,,,,,,,,
margin,Coastal Carolina,scientific_f0_m5,-3.3006908893585205,107,0,False,False,,,,,,,,,,,
margin,Georgia State,scientific_f0_m5,-3.3058013916015625,108,0,False,False,,,,,,,,,,,
margin,South Alabama,scientific_f0_m5,-3.3234384059906006,109,0,False,False,,,,,,,,,,,
margin,Western Michigan,scientific_f0_m5,-3.3692920207977295,110,0,False,False,,,,,,,,,,,
margin,Middle Tennessee,scientific_f0_m5,-3.396224021911621,111,0,False,False,,,,,,,,,,,
margin,San José State,scientific_f0_m5,-3.4814467430114746,112,0,False,False,,,,,,,,,,,
margin,Bowling Green,scientific_f0_m5,-3.5157077312469482,113,0,False,False,,,,,,,,,,,
margin,New Mexico,scientific_f0_m5,-3.520892381668091,114,0,False,False,,,,,,,,,,,
margin,Ball State,scientific_f0_m5,-3.676706552505493,115,0,False,False,,,,,,,,,,,
margin,Sacramento State,scientific_f0_m5,-3.762416124343872,116,0,False,False,,,,,,,,,,,
margin,Toledo,scientific_f0_m5,-3.934823751449585,117,0,False,False,,,,,,,,,,,
margin,Sam Houston,scientific_f0_m5,-3.9923617839813232,118,0,False,False,,,,,,,,,,,
margin,Nevada,scientific_f0_m5,-4.1314215660095215,119,0,False,False,,,,,,,,,,,
margin,Missouri State,scientific_f0_m5,-4.133539199829102,120,0,False,False,,,,,,,,,,,
margin,Buffalo,scientific_f0_m5,-4.151925086975098,121,0,False,False,,,,,,,,,,,
margin,Akron,scientific_f0_m5,-4.225093364715576,122,0,False,False,,,,,,,,,,,
margin,Old Dominion,scientific_f0_m5,-4.299660682678223,123,0,False,False,,,,,,,,,,,
margin,Utah State,scientific_f0_m5,-4.307309150695801,124,0,False,False,,,,,,,,,,,
margin,Army,scientific_f0_m5,-4.329999923706055,125,0,False,False,,,,,,,,,,,
margin,Louisiana Tech,scientific_f0_m5,-4.334316730499268,126,0,False,False,,,,,,,,,,,
margin,Central Michigan,scientific_f0_m5,-4.417121887207031,127,0,False,False,,,,,,,,,,,
margin,Northern Illinois,scientific_f0_m5,-4.508109092712402,128,0,False,False,,,,,,,,,,,
margin,Air Force,scientific_f0_m5,-4.595170021057129,129,0,False,False,,,,,,,,,,,
margin,Wyoming,scientific_f0_m5,-4.713991165161133,130,0,False,False,,,,,,,,,,,
margin,Massachusetts,scientific_f0_m5,-4.768937110900879,131,0,False,False,,,,,,,,,,,
margin,Ohio,scientific_f0_m5,-4.839235305786133,132,0,False,False,,,,,,,,,,,
margin,Kent State,scientific_f0_m5,-4.8394575119018555,133,0,False,False,,,,,,,,,,,
margin,North Dakota State,scientific_f0_m5,-4.994429111480713,134,0,False,False,,,,,,,,,,,
margin,Navy,scientific_f0_m5,-5.111352920532227,135,0,False,False,,,,,,,,,,,
margin,UL Monroe,scientific_f0_m5,-5.190858840942383,136,0,False,False,,,,,,,,,,,
margin,Kennesaw State,scientific_f0_m5,-5.238536834716797,137,0,False,False,,,,,,,,,,,
margin,Delaware,scientific_f0_m5,-5.551266670227051,138,0,False,False,,,,,,,,,,,
margin,Georgia,scientific_f0_m10,30.69757938433558,1,25,True,True,,,,,,,,,,,
margin,Oregon,scientific_f0_m10,25.646883828272045,2,24,True,False,,,,,,,,,,,
margin,Ohio State,scientific_f0_m10,21.293645976169728,3,23,True,False,,,,,,,,,,,
margin,Texas,scientific_f0_m10,20.880734306123358,4,22,True,False,,,,,,,,,,,
margin,Alabama,scientific_f0_m10,20.204490874128457,5,21,True,False,,,,,,,,,,,
margin,Florida State,scientific_f0_m10,19.665511671132215,6,20,True,False,,,,,,,,,,,
margin,Kentucky,scientific_f0_m10,18.799455545545815,7,19,True,False,,,,,,,,,,,
margin,Notre Dame,scientific_f0_m10,18.297873567209614,8,18,True,False,,,,,,,,,,,
margin,Michigan,scientific_f0_m10,17.997353150094103,9,17,True,False,,,,,,,,,,,
margin,Florida,scientific_f0_m10,16.202566795336878,10,16,True,False,,,,,,,,,,,
margin,West Virginia,scientific_f0_m10,15.998760970250181,11,15,True,False,,,,,,,,,,,
margin,Missouri,scientific_f0_m10,15.200359363115167,12,14,True,False,,,,,,,,,,,
margin,Syracuse,scientific_f0_m10,14.499878624692425,13,13,True,False,,,,,,,,,,,
margin,Oklahoma,scientific_f0_m10,14.19998074257557,14,12,True,False,,,,,,,,,,,
margin,Arkansas,scientific_f0_m10,14.099901943772112,15,11,True,False,,,,,,,,,,,
margin,Auburn,scientific_f0_m10,13.999663259333554,16,10,True,False,,,,,,,,,,,
margin,Houston,scientific_f0_m10,13.89996476606319,17,9,True,False,,,,,,,,,,,
margin,Mississippi State,scientific_f0_m10,13.80216301084285,18,8,True,False,,,,,,,,,,,
margin,LSU,scientific_f0_m10,13.49870745450819,19,7,True,False,,,,,,,,,,,
margin,Stanford,scientific_f0_m10,13.100558835526934,20,6,True,False,,,,,,,,,,,
margin,Texas A&M,scientific_f0_m10,12.901104036099225,21,5,True,False,,,,,,,,,,,
margin,Virginia,scientific_f0_m10,12.399999405651075,22,4,True,False,,,,,,,,,,,
margin,Wisconsin,scientific_f0_m10,11.800023688976413,23,3,True,False,,,,,,,,,,,
margin,Arizona,scientific_f0_m10,11.500532383224659,24,2,True,False,,,,,,,,,,,
margin,USC,scientific_f0_m10,11.299101863562107,25,1,True,False,,,,,,,,,,,
margin,Maryland,scientific_f0_m10,10.500322211595549,26,0,False,False,,,,,,,,,,,
margin,Utah,scientific_f0_m10,10.300341529842484,27,0,False,False,,,,,,,,,,,
margin,Rice,scientific_f0_m10,9.900097867703046,28,0,False,False,,,,,,,,,,,
margin,Washington,scientific_f0_m10,9.802461342533265,29,0,False,False,,,,,,,,,,,
margin,Arizona State,scientific_f0_m10,9.70012839682187,30,0,False,False,,,,,,,,,,,
margin,North Carolina,scientific_f0_m10,9.599810746523865,31,0,False,False,,,,,,,,,,,
margin,Texas Tech,scientific_f0_m10,9.599810746523865,32,0,False,False,,,,,,,,,,,
margin,Rutgers,scientific_f0_m10,9.200224765586537,33,0,False,False,,,,,,,,,,,
margin,South Carolina,scientific_f0_m10,9.196048565721425,34,0,False,False,,,,,,,,,,,
margin,Clemson,scientific_f0_m10,9.196008964333142,35,0,False,False,,,,,,,,,,,
margin,NC State,scientific_f0_m10,9.000717075941756,36,0,False,False,,,,,,,,,,,
margin,Georgia Tech,scientific_f0_m10,8.999018269810586,37,0,False,False,,,,,,,,,,,
margin,Iowa State,scientific_f0_m10,8.899763090087587,38,0,False,False,,,,,,,,,,,
margin,Navy,scientific_f0_m10,8.705392940021532,39,0,False,False,,,,,,,,,,,
margin,UCLA,scientific_f0_m10,8.700193610626563,40,0,False,False,,,,,,,,,,,
margin,Louisville,scientific_f0_m10,8.300181006117038,41,0,False,False,,,,,,,,,,,
margin,Indiana,scientific_f0_m10,7.799766338183257,42,0,False,False,,,,,,,,,,,
margin,Fresno State,scientific_f0_m10,7.300561703600497,43,0,False,False,,,,,,,,,,,
margin,BYU,scientific_f0_m10,7.299562019648653,44,0,False,False,,,,,,,,,,,
margin,UTEP,scientific_f0_m10,7.1998273124969385,45,0,False,False,,,,,,,,,,,
margin,Tennessee,scientific_f0_m10,7.10249288622533,46,0,False,False,,,,,,,,,,,
margin,Iowa,scientific_f0_m10,7.099665638542439,47,0,False,False,,,,,,,,,,,
margin,Ole Miss,scientific_f0_m10,6.802246734629495,48,0,False,False,,,,,,,,,,,
margin,Nebraska,scientific_f0_m10,6.800328802689269,49,0,False,False,,,,,,,,,,,
margin,Kansas State,scientific_f0_m10,6.599028565587134,50,0,False,False,,,,,,,,,,,
margin,UAB,scientific_f0_m10,6.499982847842148,51,0,False,False,,,,,,,,,,,
margin,Boise State,scientific_f0_m10,6.4999701527939235,52,0,False,False,,,,,,,,,,,
margin,Miami,scientific_f0_m10,6.403132652506767,53,0,False,False,,,,,,,,,,,
margin,Penn State,scientific_f0_m10,6.29879214328277,54,0,False,False,,,,,,,,,,,
margin,Eastern Michigan,scientific_f0_m10,6.200200775340965,55,0,False,False,,,,,,,,,,,
margin,Virginia Tech,scientific_f0_m10,5.900389325417622,56,0,False,False,,,,,,,,,,,
margin,Miami (OH),scientific_f0_m10,5.899122054006241,57,0,False,False,,,,,,,,,,,
margin,UCF,scientific_f0_m10,5.200036111940319,58,0,False,False,,,,,,,,,,,
margin,Marshall,scientific_f0_m10,4.998090610348451,59,0,False,False,,,,,,,,,,,
margin,Jacksonville State,scientific_f0_m10,4.39974497686942,60,0,False,False,,,,,,,,,,,
margin,Arkansas State,scientific_f0_m10,4.200058862490423,61,0,False,False,,,,,,,,,,,
margin,California,scientific_f0_m10,4.001520116838779,62,0,False,False,,,,,,,,,,,
margin,Colorado,scientific_f0_m10,3.800327439523688,63,0,False,False,,,,,,,,,,,
margin,Baylor,scientific_f0_m10,3.500107971136839,64,0,False,False,,,,,,,,,,,
margin,Vanderbilt,scientific_f0_m10,3.2999043298316972,65,0,False,False,,,,,,,,,,,
margin,Hawai'i,scientific_f0_m10,2.815160326105405,66,0,False,False,,,,,,,,,,,
margin,Temple,scientific_f0_m10,2.5000997698151086,67,0,False,False,,,,,,,,,,,
margin,Purdue,scientific_f0_m10,2.400360568081513,68,0,False,False,,,,,,,,,,,
margin,Boston College,scientific_f0_m10,1.999887639360332,69,0,False,False,,,,,,,,,,,
margin,Nevada,scientific_f0_m10,1.899760055748441,70,0,False,False,,,,,,,,,,,
margin,North Texas,scientific_f0_m10,1.8002010240084974,71,0,False,False,,,,,,,,,,,
margin,Oregon State,scientific_f0_m10,1.7000854163617072,72,0,False,False,,,,,,,,,,,
margin,Tulane,scientific_f0_m10,1.4005720897488056,73,0,False,False,,,,,,,,,,,
margin,Northwestern,scientific_f0_m10,1.115398968516015,74,0,False,False,,,,,,,,,,,
margin,Tulsa,scientific_f0_m10,1.0998457813591946,75,0,False,False,,,,,,,,,,,
margin,Colorado State,scientific_f0_m10,0.8998685724198419,76,0,False,False,,,,,,,,,,,
margin,East Carolina,scientific_f0_m10,0.749957575320395,77,0,False,False,,,,,,,,,,,
margin,Duke,scientific_f0_m10,0.6001336352588587,78,0,False,False,,,,,,,,,,,
margin,Troy,scientific_f0_m10,0.5003185164567389,79,0,False,False,,,,,,,,,,,
margin,Pittsburgh,scientific_f0_m10,0.40005604573722897,80,0,False,False,,,,,,,,,,,
margin,Florida International,scientific_f0_m10,0.3006607123682995,81,0,False,False,,,,,,,,,,,
margin,Cincinnati,scientific_f0_m10,0.00011561812466656406,82,0,False,False,,,,,,,,,,,
margin,UConn,scientific_f0_m10,-0.09998411917005477,83,0,False,False,,,,,,,,,,,
margin,Memphis,scientific_f0_m10,-0.199824107171064,84,0,False,False,,,,,,,,,,,
margin,Florida Atlantic,scientific_f0_m10,-0.20009019561299396,85,0,False,False,,,,,,,,,,,
margin,Georgia Southern,scientific_f0_m10,-0.3007273181013109,86,0,False,False,,,,,,,,,,,
margin,Western Kentucky,scientific_f0_m10,-0.39997831892257013,87,0,False,False,,,,,,,,,,,
margin,Southern Miss,scientific_f0_m10,-0.5996742228722152,88,0,False,False,,,,,,,,,,,
margin,Wake Forest,scientific_f0_m10,-0.5998455732652048,89,0,False,False,,,,,,,,,,,
margin,Georgia State,scientific_f0_m10,-0.5998541444922879,90,0,False,False,,,,,,,,,,,
margin,Central Michigan,scientific_f0_m10,-0.9987254263937483,91,0,False,False,,,,,,,,,,,
margin,UNLV,scientific_f0_m10,-1.0926064899097008,92,0,False,False,,,,,,,,,,,
margin,Kansas,scientific_f0_m10,-1.1001592351672917,93,0,False,False,,,,,,,,,,,
margin,South Alabama,scientific_f0_m10,-1.4001596891615171,94,0,False,False,,,,,,,,,,,
margin,Texas State,scientific_f0_m10,-1.4002832594803227,95,0,False,False,,,,,,,,,,,
margin,Coastal Carolina,scientific_f0_m10,-1.600841980166712,96,0,False,False,,,,,,,,,,,
margin,Michigan State,scientific_f0_m10,-1.6997154912537025,97,0,False,False,,,,,,,,,,,
margin,Wyoming,scientific_f0_m10,-1.700317835555107,98,0,False,False,,,,,,,,,,,
margin,SMU,scientific_f0_m10,-1.8001717587374062,99,0,False,False,,,,,,,,,,,
margin,Illinois,scientific_f0_m10,-2.000248010511329,100,0,False,False,,,,,,,,,,,
margin,New Mexico State,scientific_f0_m10,-2.170840572283303,101,0,False,False,,,,,,,,,,,
margin,Missouri State,scientific_f0_m10,-2.2990330953513873,102,0,False,False,,,,,,,,,,,
margin,App State,scientific_f0_m10,-2.400354969594346,103,0,False,False,,,,,,,,,,,
margin,Washington State,scientific_f0_m10,-2.699649440223807,104,0,False,False,,,,,,,,,,,
margin,San José State,scientific_f0_m10,-2.900005307691586,105,0,False,False,,,,,,,,,,,
margin,Kennesaw State,scientific_f0_m10,-2.998747951315784,106,0,False,False,,,,,,,,,,,
margin,Bowling Green,scientific_f0_m10,-3.400106753261063,107,0,False,False,,,,,,,,,,,
margin,TCU,scientific_f0_m10,-3.6999592303697852,108,0,False,False,,,,,,,,,,,
margin,UTSA,scientific_f0_m10,-4.100009920153854,109,0,False,False,,,,,,,,,,,
margin,Sacramento State,scientific_f0_m10,-4.100429450100687,110,0,False,False,,,,,,,,,,,
margin,Army,scientific_f0_m10,-4.198549608908292,111,0,False,False,,,,,,,,,,,
margin,Louisiana Tech,scientific_f0_m10,-4.200399304678227,112,0,False,False,,,,,,,,,,,
margin,Minnesota,scientific_f0_m10,-4.300217305724756,113,0,False,False,,,,,,,,,,,
margin,Liberty,scientific_f0_m10,-4.400780093763941,114,0,False,False,,,,,,,,,,,
margin,Delaware,scientific_f0_m10,-4.598003815427941,115,0,False,False,,,,,,,,,,,
margin,Kent State,scientific_f0_m10,-4.601121741996487,116,0,False,False,,,,,,,,,,,
margin,Ohio,scientific_f0_m10,-4.601129872980522,117,0,False,False,,,,,,,,,,,
margin,Western Michigan,scientific_f0_m10,-4.798651011936908,118,0,False,False,,,,,,,,,,,
margin,Toledo,scientific_f0_m10,-4.799394880062352,119,0,False,False,,,,,,,,,,,
margin,New Mexico,scientific_f0_m10,-5.399688561982437,120,0,False,False,,,,,,,,,,,
margin,Air Force,scientific_f0_m10,-5.573385390954152,121,0,False,False,,,,,,,,,,,
margin,Louisiana,scientific_f0_m10,-5.699537743509967,122,0,False,False,,,,,,,,,,,
margin,South Florida,scientific_f0_m10,-5.7998651612294845,123,0,False,False,,,,,,,,,,,
margin,San Diego State,scientific_f0_m10,-6.700132958697418,124,0,False,False,,,,,,,,,,,
margin,Akron,scientific_f0_m10,-6.701333615578133,125,0,False,False,,,,,,,,,,,
margin,Sam Houston,scientific_f0_m10,-6.999595342275151,126,0,False,False,,,,,,,,,,,
margin,Buffalo,scientific_f0_m10,-7.200670492409396,127,0,False,False,,,,,,,,,,,
margin,Oklahoma State,scientific_f0_m10,-7.300020333275653,128,0,False,False,,,,,,,,,,,
margin,Northern Illinois,scientific_f0_m10,-7.498158588599649,129,0,False,False,,,,,,,,,,,
margin,Ball State,scientific_f0_m10,-7.503434471355404,130,0,False,False,,,,,,,,,,,
margin,Massachusetts,scientific_f0_m10,-8.898341706021984,131,0,False,False,,,,,,,,,,,
margin,UL Monroe,scientific_f0_m10,-9.500459842405375,132,0,False,False,,,,,,,,,,,
margin,James Madison,scientific_f0_m10,-11.099088951389433,133,0,False,False,,,,,,,,,,,
margin,Old Dominion,scientific_f0_m10,-12.199803928371193,134,0,False,False,,,,,,,,,,,
margin,North Dakota State,scientific_f0_m10,-13.099397798113586,135,0,False,False,,,,,,,,,,,
margin,Charlotte,scientific_f0_m10,-13.300481188159539,136,0,False,False,,,,,,,,,,,
margin,Utah State,scientific_f0_m10,-13.598854579755901,137,0,False,False,,,,,,,,,,,
margin,Middle Tennessee,scientific_f0_m10,-18.99986588743209,138,0,False,False,,,,,,,,,,,
margin,Georgia,scientific_f1_m1,30.549148696388844,1,25,True,True,,,,,,,,,,,
margin,Miami,scientific_f1_m1,26.829690469925684,2,24,True,False,,,,,,,,,,,
margin,Ohio State,scientific_f1_m1,25.681194419130737,3,23,True,False,,,,,,,,,,,
margin,Oregon,scientific_f1_m1,22.827472658586274,4,22,True,False,,,,,,,,,,,
margin,Tennessee,scientific_f1_m1,22.29313712928813,5,21,True,False,,,,,,,,,,,
margin,Texas,scientific_f1_m1,22.267508937666857,6,20,True,False,,,,,,,,,,,
margin,Alabama,scientific_f1_m1,22.04417973550358,7,19,True,False,,,,,,,,,,,
margin,Indiana,scientific_f1_m1,21.078982591289343,8,18,True,False,,,,,,,,,,,
margin,Utah,scientific_f1_m1,19.406838097129988,9,17,True,False,,,,,,,,,,,
margin,Texas A&M,scientific_f1_m1,18.62628346290391,10,16,True,False,,,,,,,,,,,
margin,Notre Dame,scientific_f1_m1,17.94434239894423,11,15,True,False,,,,,,,,,,,
margin,South Carolina,scientific_f1_m1,17.80577232545676,12,14,True,False,,,,,,,,,,,
margin,Florida,scientific_f1_m1,17.80241059807889,13,13,True,False,,,,,,,,,,,
margin,LSU,scientific_f1_m1,17.698977630890962,14,12,True,False,,,,,,,,,,,
margin,Virginia Tech,scientific_f1_m1,17.60471192798004,15,11,True,False,,,,,,,,,,,
margin,Nebraska,scientific_f1_m1,17.421303990339283,16,10,True,False,,,,,,,,,,,
margin,Mississippi State,scientific_f1_m1,17.31885474617236,17,9,True,False,,,,,,,,,,,
margin,Penn State,scientific_f1_m1,17.24210657359921,18,8,True,False,,,,,,,,,,,
margin,Kansas State,scientific_f1_m1,16.91661491904656,19,7,True,False,,,,,,,,,,,
margin,Iowa,scientific_f1_m1,16.445612601162228,20,6,True,False,,,,,,,,,,,
margin,Michigan,scientific_f1_m1,13.776127109786223,21,5,True,False,,,,,,,,,,,
margin,Missouri,scientific_f1_m1,13.60797918205957,22,4,True,False,,,,,,,,,,,
margin,Oklahoma,scientific_f1_m1,13.596879435108828,23,3,True,False,,,,,,,,,,,
margin,Ole Miss,scientific_f1_m1,13.579061923723717,24,2,True,False,,,,,,,,,,,
margin,Houston,scientific_f1_m1,13.545740308210519,25,1,True,False,,,,,,,,,,,
margin,BYU,scientific_f1_m1,12.570401653466831,26,0,False,False,,,,,,,,,,,
margin,TCU,scientific_f1_m1,12.242551450043287,27,0,False,False,,,,,,,,,,,
margin,USC,scientific_f1_m1,11.990551639429707,28,0,False,False,,,,,,,,,,,
margin,Virginia,scientific_f1_m1,11.657058796798243,29,0,False,False,,,,,,,,,,,
margin,Maryland,scientific_f1_m1,10.70550073767583,30,0,False,False,,,,,,,,,,,
margin,Baylor,scientific_f1_m1,10.405508350981187,31,0,False,False,,,,,,,,,,,
margin,James Madison,scientific_f1_m1,10.151818248106697,32,0,False,False,,,,,,,,,,,
margin,West Virginia,scientific_f1_m1,9.975358829937555,33,0,False,False,,,,,,,,,,,
margin,Pittsburgh,scientific_f1_m1,9.403702364946188,34,0,False,False,,,,,,,,,,,
margin,Minnesota,scientific_f1_m1,9.382856371276006,35,0,False,False,,,,,,,,,,,
margin,NC State,scientific_f1_m1,9.255454874500392,36,0,False,False,,,,,,,,,,,
margin,Washington,scientific_f1_m1,9.020309699803555,37,0,False,False,,,,,,,,,,,
margin,Illinois,scientific_f1_m1,8.84954575652922,38,0,False,False,,,,,,,,,,,
margin,Iowa State,scientific_f1_m1,8.777349870904374,39,0,False,False,,,,,,,,,,,
margin,Oklahoma State,scientific_f1_m1,8.732943835755592,40,0,False,False,,,,,,,,,,,
margin,Northwestern,scientific_f1_m1,8.63566947877677,41,0,False,False,,,,,,,,,,,
margin,Auburn,scientific_f1_m1,8.450322461953036,42,0,False,False,,,,,,,,,,,
margin,New Mexico,scientific_f1_m1,8.440685910977624,43,0,False,False,,,,,,,,,,,
margin,Wisconsin,scientific_f1_m1,8.427379809733605,44,0,False,False,,,,,,,,,,,
margin,UCF,scientific_f1_m1,8.291161318747712,45,0,False,False,,,,,,,,,,,
margin,SMU,scientific_f1_m1,8.246809071342664,46,0,False,False,,,,,,,,,,,
margin,Cincinnati,scientific_f1_m1,8.108743784899286,47,0,False,False,,,,,,,,,,,
margin,Arizona,scientific_f1_m1,8.064286632835017,48,0,False,False,,,,,,,,,,,
margin,North Carolina,scientific_f1_m1,7.864472768013357,49,0,False,False,,,,,,,,,,,
margin,South Florida,scientific_f1_m1,7.5893091573519085,50,0,False,False,,,,,,,,,,,
margin,Louisville,scientific_f1_m1,7.378589082206311,51,0,False,False,,,,,,,,,,,
margin,Arizona State,scientific_f1_m1,7.323006721337679,52,0,False,False,,,,,,,,,,,
margin,Texas Tech,scientific_f1_m1,7.309982814093118,53,0,False,False,,,,,,,,,,,
margin,App State,scientific_f1_m1,7.198104221970853,54,0,False,False,,,,,,,,,,,
margin,Duke,scientific_f1_m1,6.757248174220182,55,0,False,False,,,,,,,,,,,
margin,California,scientific_f1_m1,6.339934132411614,56,0,False,False,,,,,,,,,,,
margin,UCLA,scientific_f1_m1,5.483688043993774,57,0,False,False,,,,,,,,,,,
margin,Tulsa,scientific_f1_m1,5.392047226360196,58,0,False,False,,,,,,,,,,,
margin,UConn,scientific_f1_m1,5.083994837311124,59,0,False,False,,,,,,,,,,,
margin,Georgia State,scientific_f1_m1,4.739891157072003,60,0,False,False,,,,,,,,,,,
margin,Kentucky,scientific_f1_m1,4.560534024228857,61,0,False,False,,,,,,,,,,,
margin,Florida State,scientific_f1_m1,4.455381572588279,62,0,False,False,,,,,,,,,,,
margin,Colorado State,scientific_f1_m1,4.367957077295312,63,0,False,False,,,,,,,,,,,
margin,Michigan State,scientific_f1_m1,4.119103196438628,64,0,False,False,,,,,,,,,,,
margin,Jacksonville State,scientific_f1_m1,3.7592735505106103,65,0,False,False,,,,,,,,,,,
margin,Syracuse,scientific_f1_m1,3.742486111705407,66,0,False,False,,,,,,,,,,,
margin,Boise State,scientific_f1_m1,3.697553218882751,67,0,False,False,,,,,,,,,,,
margin,Vanderbilt,scientific_f1_m1,3.67473495338987,68,0,False,False,,,,,,,,,,,
margin,Georgia Tech,scientific_f1_m1,3.1984945711054857,69,0,False,False,,,,,,,,,,,
margin,Liberty,scientific_f1_m1,2.9087532972349632,70,0,False,False,,,,,,,,,,,
margin,North Dakota State,scientific_f1_m1,2.7048241451963486,71,0,False,False,,,,,,,,,,,
margin,Massachusetts,scientific_f1_m1,2.636628287375328,72,0,False,False,,,,,,,,,,,
margin,Memphis,scientific_f1_m1,2.6032565954799014,73,0,False,False,,,,,,,,,,,
margin,Western Michigan,scientific_f1_m1,2.350515288329185,74,0,False,False,,,,,,,,,,,
margin,Purdue,scientific_f1_m1,2.1785400124757337,75,0,False,False,,,,,,,,,,,
margin,Sam Houston,scientific_f1_m1,1.9066996188433638,76,0,False,False,,,,,,,,,,,
margin,Kansas,scientific_f1_m1,1.7535179234741678,77,0,False,False,,,,,,,,,,,
margin,Clemson,scientific_f1_m1,1.6960198465709224,78,0,False,False,,,,,,,,,,,
margin,Army,scientific_f1_m1,1.3381744023769664,79,0,False,False,,,,,,,,,,,
margin,Fresno State,scientific_f1_m1,1.2752238390292616,80,0,False,False,,,,,,,,,,,
margin,Toledo,scientific_f1_m1,1.0622291398011368,81,0,False,False,,,,,,,,,,,
margin,South Alabama,scientific_f1_m1,0.4672275912553272,82,0,False,False,,,,,,,,,,,
margin,Georgia Southern,scientific_f1_m1,0.18692107766302524,83,0,False,False,,,,,,,,,,,
margin,Wake Forest,scientific_f1_m1,0.06349113097470749,84,0,False,False,,,,,,,,,,,
margin,Louisiana,scientific_f1_m1,-0.4168741909885094,85,0,False,False,,,,,,,,,,,
margin,Colorado,scientific_f1_m1,-0.5624902827124219,86,0,False,False,,,,,,,,,,,
margin,Coastal Carolina,scientific_f1_m1,-0.7335162946137483,87,0,False,False,,,,,,,,,,,
margin,Boston College,scientific_f1_m1,-1.5379223413271284,88,0,False,False,,,,,,,,,,,
margin,Temple,scientific_f1_m1,-1.587982179227911,89,0,False,False,,,,,,,,,,,
margin,Troy,scientific_f1_m1,-1.604228990788683,90,0,False,False,,,,,,,,,,,
margin,New Mexico State,scientific_f1_m1,-1.7715383974582046,91,0,False,False,,,,,,,,,,,
margin,Washington State,scientific_f1_m1,-2.252257128730866,92,0,False,False,,,,,,,,,,,
margin,UTSA,scientific_f1_m1,-2.4766608708335998,93,0,False,False,,,,,,,,,,,
margin,Florida International,scientific_f1_m1,-2.611658338395344,94,0,False,False,,,,,,,,,,,
margin,Oregon State,scientific_f1_m1,-2.709291188935146,95,0,False,False,,,,,,,,,,,
margin,Delaware,scientific_f1_m1,-2.7994486910765364,96,0,False,False,,,,,,,,,,,
margin,Louisiana Tech,scientific_f1_m1,-3.2780553251135176,97,0,False,False,,,,,,,,,,,
margin,Arkansas,scientific_f1_m1,-3.475252260642306,98,0,False,False,,,,,,,,,,,
margin,Rutgers,scientific_f1_m1,-3.636160277990993,99,0,False,False,,,,,,,,,,,
margin,Nevada,scientific_f1_m1,-3.7518439067012936,100,0,False,False,,,,,,,,,,,
margin,Hawai'i,scientific_f1_m1,-3.904261088418157,101,0,False,False,,,,,,,,,,,
margin,San Diego State,scientific_f1_m1,-4.433023069036939,102,0,False,False,,,,,,,,,,,
margin,Middle Tennessee,scientific_f1_m1,-4.542097325539722,103,0,False,False,,,,,,,,,,,
margin,Miami (OH),scientific_f1_m1,-4.652441166642277,104,0,False,False,,,,,,,,,,,
margin,Tulane,scientific_f1_m1,-4.796457419480169,105,0,False,False,,,,,,,,,,,
margin,Air Force,scientific_f1_m1,-5.462627397340111,106,0,False,False,,,,,,,,,,,
margin,Stanford,scientific_f1_m1,-5.490358388623679,107,0,False,False,,,,,,,,,,,
margin,Sacramento State,scientific_f1_m1,-6.042684978198067,108,0,False,False,,,,,,,,,,,
margin,UAB,scientific_f1_m1,-6.409962368369016,109,0,False,False,,,,,,,,,,,
margin,Southern Miss,scientific_f1_m1,-6.521628674435429,110,0,False,False,,,,,,,,,,,
margin,Central Michigan,scientific_f1_m1,-6.740605145720264,111,0,False,False,,,,,,,,,,,
margin,Arkansas State,scientific_f1_m1,-6.827718094590188,112,0,False,False,,,,,,,,,,,
margin,Rice,scientific_f1_m1,-6.887380248038187,113,0,False,False,,,,,,,,,,,
margin,Old Dominion,scientific_f1_m1,-6.946290577568331,114,0,False,False,,,,,,,,,,,
margin,Kennesaw State,scientific_f1_m1,-7.560498568436038,115,0,False,False,,,,,,,,,,,
margin,North Texas,scientific_f1_m1,-7.688553468529574,116,0,False,False,,,,,,,,,,,
margin,East Carolina,scientific_f1_m1,-7.913444131692416,117,0,False,False,,,,,,,,,,,
margin,Akron,scientific_f1_m1,-7.915714706837137,118,0,False,False,,,,,,,,,,,
margin,San José State,scientific_f1_m1,-8.357321649913974,119,0,False,False,,,,,,,,,,,
margin,UNLV,scientific_f1_m1,-8.359862782118793,120,0,False,False,,,,,,,,,,,
margin,Florida Atlantic,scientific_f1_m1,-8.800931409071158,121,0,False,False,,,,,,,,,,,
margin,Marshall,scientific_f1_m1,-9.68341640690484,122,0,False,False,,,,,,,,,,,
margin,Wyoming,scientific_f1_m1,-9.722951259377673,123,0,False,False,,,,,,,,,,,
margin,Missouri State,scientific_f1_m1,-9.810756856551656,124,0,False,False,,,,,,,,,,,
margin,Texas State,scientific_f1_m1,-10.192761888119069,125,0,False,False,,,,,,,,,,,
margin,UTEP,scientific_f1_m1,-11.095421943329214,126,0,False,False,,,,,,,,,,,
margin,Navy,scientific_f1_m1,-11.351794979572148,127,0,False,False,,,,,,,,,,,
margin,Ohio,scientific_f1_m1,-11.44545767811437,128,0,False,False,,,,,,,,,,,
margin,Buffalo,scientific_f1_m1,-12.417107892239876,129,0,False,False,,,,,,,,,,,
margin,Charlotte,scientific_f1_m1,-12.531887609245288,130,0,False,False,,,,,,,,,,,
margin,Eastern Michigan,scientific_f1_m1,-12.786387963572079,131,0,False,False,,,,,,,,,,,
margin,Utah State,scientific_f1_m1,-14.722093590467185,132,0,False,False,,,,,,,,,,,
margin,Northern Illinois,scientific_f1_m1,-15.220972857350645,133,0,False,False,,,,,,,,,,,
margin,Ball State,scientific_f1_m1,-15.242515629303313,134,0,False,False,,,,,,,,,,,
margin,UL Monroe,scientific_f1_m1,-15.819607132717767,135,0,False,False,,,,,,,,,,,
margin,Kent State,scientific_f1_m1,-20.210180084723028,136,0,False,False,,,,,,,,,,,
margin,Bowling Green,scientific_f1_m1,-20.333295859725663,137,0,False,False,,,,,,,,,,,
margin,Western Kentucky,scientific_f1_m1,-21.311089873073573,138,0,False,False,,,,,,,,,,,
margin,Georgia,scientific_f1_m2,34.41622046059492,1,25,True,True,,,,,,,,,,,
margin,Ohio State,scientific_f1_m2,28.913959230617266,2,24,True,False,,,,,,,,,,,
margin,Miami,scientific_f1_m2,28.24292422535764,3,23,True,False,,,,,,,,,,,
margin,Notre Dame,scientific_f1_m2,28.1009227579629,4,22,True,False,,,,,,,,,,,
margin,Oregon,scientific_f1_m2,24.402313447398313,5,21,True,False,,,,,,,,,,,
margin,Alabama,scientific_f1_m2,24.30347925982492,6,20,True,False,,,,,,,,,,,
margin,Texas,scientific_f1_m2,23.843141075363704,7,19,True,False,,,,,,,,,,,
margin,Tennessee,scientific_f1_m2,23.611544206132564,8,18,True,False,,,,,,,,,,,
margin,Indiana,scientific_f1_m2,22.48480066910895,9,17,True,False,,,,,,,,,,,
margin,Florida,scientific_f1_m2,21.481689025760993,10,16,True,False,,,,,,,,,,,
margin,Utah,scientific_f1_m2,20.622376663466873,11,15,True,False,,,,,,,,,,,
margin,South Carolina,scientific_f1_m2,19.6499662734675,12,14,True,False,,,,,,,,,,,
margin,Penn State,scientific_f1_m2,19.51333679329685,13,13,True,False,,,,,,,,,,,
margin,Texas A&M,scientific_f1_m2,19.10790078515926,14,12,True,False,,,,,,,,,,,
margin,Virginia Tech,scientific_f1_m2,18.647375166169944,15,11,True,False,,,,,,,,,,,
margin,Nebraska,scientific_f1_m2,18.55565973372955,16,10,True,False,,,,,,,,,,,
margin,Kansas State,scientific_f1_m2,18.17444179368905,17,9,True,False,,,,,,,,,,,
margin,Mississippi State,scientific_f1_m2,18.08954388372257,18,8,True,False,,,,,,,,,,,
margin,LSU,scientific_f1_m2,17.910647249107832,19,7,True,False,,,,,,,,,,,
margin,Iowa,scientific_f1_m2,17.883747873766154,20,6,True,False,,,,,,,,,,,
margin,TCU,scientific_f1_m2,13.8855454906266,21,5,True,False,,,,,,,,,,,
margin,Houston,scientific_f1_m2,13.819201341875251,22,4,True,False,,,,,,,,,,,
margin,BYU,scientific_f1_m2,13.780505669229017,23,3,True,False,,,,,,,,,,,
margin,Ole Miss,scientific_f1_m2,13.623924339354986,24,2,True,False,,,,,,,,,,,
margin,Missouri,scientific_f1_m2,13.616025220707467,25,1,True,False,,,,,,,,,,,
margin,Michigan,scientific_f1_m2,13.092364027972103,26,0,False,False,,,,,,,,,,,
margin,Oklahoma,scientific_f1_m2,12.599143884629338,27,0,False,False,,,,,,,,,,,
margin,USC,scientific_f1_m2,12.533788366086847,28,0,False,False,,,,,,,,,,,
margin,James Madison,scientific_f1_m2,12.273107964121538,29,0,False,False,,,,,,,,,,,
margin,Virginia,scientific_f1_m2,11.306364301788713,30,0,False,False,,,,,,,,,,,
margin,Minnesota,scientific_f1_m2,10.229337117043197,31,0,False,False,,,,,,,,,,,
margin,Baylor,scientific_f1_m2,9.816961076786551,32,0,False,False,,,,,,,,,,,
margin,Maryland,scientific_f1_m2,9.766442021733916,33,0,False,False,,,,,,,,,,,
margin,Northwestern,scientific_f1_m2,9.634211516940635,34,0,False,False,,,,,,,,,,,
margin,NC State,scientific_f1_m2,9.540893938809681,35,0,False,False,,,,,,,,,,,
margin,West Virginia,scientific_f1_m2,9.14976422659468,36,0,False,False,,,,,,,,,,,
margin,Pittsburgh,scientific_f1_m2,9.120284641055195,37,0,False,False,,,,,,,,,,,
margin,Iowa State,scientific_f1_m2,9.050376176990058,38,0,False,False,,,,,,,,,,,
margin,Oklahoma State,scientific_f1_m2,8.709173705310766,39,0,False,False,,,,,,,,,,,
margin,UCF,scientific_f1_m2,8.407196586395026,40,0,False,False,,,,,,,,,,,
margin,New Mexico,scientific_f1_m2,8.395832705131477,41,0,False,False,,,,,,,,,,,
margin,Illinois,scientific_f1_m2,8.340315780136347,42,0,False,False,,,,,,,,,,,
margin,Wisconsin,scientific_f1_m2,8.09933358336548,43,0,False,False,,,,,,,,,,,
margin,Cincinnati,scientific_f1_m2,8.091283664866518,44,0,False,False,,,,,,,,,,,
margin,Washington,scientific_f1_m2,8.034089681973466,45,0,False,False,,,,,,,,,,,
margin,SMU,scientific_f1_m2,7.870559902891932,46,0,False,False,,,,,,,,,,,
margin,Arizona State,scientific_f1_m2,7.517613962637579,47,0,False,False,,,,,,,,,,,
margin,Arizona,scientific_f1_m2,7.33943521963943,48,0,False,False,,,,,,,,,,,
margin,Louisville,scientific_f1_m2,7.288770339052886,49,0,False,False,,,,,,,,,,,
margin,Auburn,scientific_f1_m2,7.1475000620173965,50,0,False,False,,,,,,,,,,,
margin,App State,scientific_f1_m2,6.959188046490368,51,0,False,False,,,,,,,,,,,
margin,Texas Tech,scientific_f1_m2,6.389288902382614,52,0,False,False,,,,,,,,,,,
margin,South Florida,scientific_f1_m2,6.3029359459776195,53,0,False,False,,,,,,,,,,,
margin,North Carolina,scientific_f1_m2,6.1924184045916215,54,0,False,False,,,,,,,,,,,
margin,UCLA,scientific_f1_m2,5.947465402881035,55,0,False,False,,,,,,,,,,,
margin,Duke,scientific_f1_m2,5.503753714810243,56,0,False,False,,,,,,,,,,,
margin,California,scientific_f1_m2,5.206826500860756,57,0,False,False,,,,,,,,,,,
margin,Georgia State,scientific_f1_m2,4.984756248649774,58,0,False,False,,,,,,,,,,,
margin,UConn,scientific_f1_m2,4.769247918174707,59,0,False,False,,,,,,,,,,,
margin,Tulsa,scientific_f1_m2,4.545210247951822,60,0,False,False,,,,,,,,,,,
margin,Florida State,scientific_f1_m2,3.8215217660021117,61,0,False,False,,,,,,,,,,,
margin,Colorado State,scientific_f1_m2,3.7776321874753753,62,0,False,False,,,,,,,,,,,
margin,Army,scientific_f1_m2,3.738644292417865,63,0,False,False,,,,,,,,,,,
margin,Syracuse,scientific_f1_m2,3.4559929609228934,64,0,False,False,,,,,,,,,,,
margin,Kentucky,scientific_f1_m2,3.3343623009805583,65,0,False,False,,,,,,,,,,,
margin,Vanderbilt,scientific_f1_m2,3.0758989233185248,66,0,False,False,,,,,,,,,,,
margin,Jacksonville State,scientific_f1_m2,3.0112056097669497,67,0,False,False,,,,,,,,,,,
margin,Purdue,scientific_f1_m2,2.8602895214867097,68,0,False,False,,,,,,,,,,,
margin,Massachusetts,scientific_f1_m2,2.7939920272845122,69,0,False,False,,,,,,,,,,,
margin,Michigan State,scientific_f1_m2,2.7597409555558396,70,0,False,False,,,,,,,,,,,
margin,North Dakota State,scientific_f1_m2,2.7568399151342633,71,0,False,False,,,,,,,,,,,
margin,Boise State,scientific_f1_m2,2.298785881494064,72,0,False,False,,,,,,,,,,,
margin,Georgia Tech,scientific_f1_m2,1.937287609711602,73,0,False,False,,,,,,,,,,,
margin,Memphis,scientific_f1_m2,1.697734976267827,74,0,False,False,,,,,,,,,,,
margin,Kansas,scientific_f1_m2,1.6176678650055978,75,0,False,False,,,,,,,,,,,
margin,Western Michigan,scientific_f1_m2,1.5111807497798297,76,0,False,False,,,,,,,,,,,
margin,Liberty,scientific_f1_m2,1.4897288760679297,77,0,False,False,,,,,,,,,,,
margin,Fresno State,scientific_f1_m2,0.8986827262421526,78,0,False,False,,,,,,,,,,,
margin,Sam Houston,scientific_f1_m2,0.5900597208486889,79,0,False,False,,,,,,,,,,,
margin,Toledo,scientific_f1_m2,0.5473770168976433,80,0,False,False,,,,,,,,,,,
margin,Clemson,scientific_f1_m2,-0.011438290725143574,81,0,False,False,,,,,,,,,,,
margin,South Alabama,scientific_f1_m2,-0.3435030354090234,82,0,False,False,,,,,,,,,,,
margin,Wake Forest,scientific_f1_m2,-1.4176200319608379,83,0,False,False,,,,,,,,,,,
margin,Georgia Southern,scientific_f1_m2,-1.4707065179396865,84,0,False,False,,,,,,,,,,,
margin,Louisiana,scientific_f1_m2,-1.5474648592545437,85,0,False,False,,,,,,,,,,,
margin,New Mexico State,scientific_f1_m2,-1.8535750435031524,86,0,False,False,,,,,,,,,,,
margin,Coastal Carolina,scientific_f1_m2,-1.8596262757344082,87,0,False,False,,,,,,,,,,,
margin,Colorado,scientific_f1_m2,-2.596854736310589,88,0,False,False,,,,,,,,,,,
margin,Temple,scientific_f1_m2,-2.9389479515273047,89,0,False,False,,,,,,,,,,,
margin,Washington State,scientific_f1_m2,-2.9846914867355663,90,0,False,False,,,,,,,,,,,
margin,Delaware,scientific_f1_m2,-3.073238512259371,91,0,False,False,,,,,,,,,,,
margin,Troy,scientific_f1_m2,-3.2727635909339003,92,0,False,False,,,,,,,,,,,
margin,Louisiana Tech,scientific_f1_m2,-3.4225455691128435,93,0,False,False,,,,,,,,,,,
margin,Boston College,scientific_f1_m2,-3.545125107054048,94,0,False,False,,,,,,,,,,,
margin,Air Force,scientific_f1_m2,-3.6514720647943744,95,0,False,False,,,,,,,,,,,
margin,Arkansas State,scientific_f1_m2,-3.7457721281558953,96,0,False,False,,,,,,,,,,,
margin,Oregon State,scientific_f1_m2,-4.263022256071091,97,0,False,False,,,,,,,,,,,
margin,Florida International,scientific_f1_m2,-4.415460519303556,98,0,False,False,,,,,,,,,,,
margin,San Diego State,scientific_f1_m2,-4.669428558821835,99,0,False,False,,,,,,,,,,,
margin,Rutgers,scientific_f1_m2,-4.825114138004851,100,0,False,False,,,,,,,,,,,
margin,Miami (OH),scientific_f1_m2,-5.184387049754516,101,0,False,False,,,,,,,,,,,
margin,UTSA,scientific_f1_m2,-5.2201892454643275,102,0,False,False,,,,,,,,,,,
margin,Middle Tennessee,scientific_f1_m2,-5.4161821433583,103,0,False,False,,,,,,,,,,,
margin,Nevada,scientific_f1_m2,-5.561170492657466,104,0,False,False,,,,,,,,,,,
margin,Arkansas,scientific_f1_m2,-5.820295286792604,105,0,False,False,,,,,,,,,,,
margin,Hawai'i,scientific_f1_m2,-5.964971180968284,106,0,False,False,,,,,,,,,,,
margin,Navy,scientific_f1_m2,-6.79896596914695,107,0,False,False,,,,,,,,,,,
margin,Stanford,scientific_f1_m2,-7.302991580732298,108,0,False,False,,,,,,,,,,,
margin,Tulane,scientific_f1_m2,-7.464249221515539,109,0,False,False,,,,,,,,,,,
margin,North Texas,scientific_f1_m2,-7.485398662656609,110,0,False,False,,,,,,,,,,,
margin,Sacramento State,scientific_f1_m2,-7.702947815255952,111,0,False,False,,,,,,,,,,,
margin,UAB,scientific_f1_m2,-8.472944253289702,112,0,False,False,,,,,,,,,,,
margin,Central Michigan,scientific_f1_m2,-8.665465409276244,113,0,False,False,,,,,,,,,,,
margin,Southern Miss,scientific_f1_m2,-8.716342858610503,114,0,False,False,,,,,,,,,,,
margin,Rice,scientific_f1_m2,-8.75356224485775,115,0,False,False,,,,,,,,,,,
margin,Old Dominion,scientific_f1_m2,-8.754070664148225,116,0,False,False,,,,,,,,,,,
margin,Kennesaw State,scientific_f1_m2,-9.069086228218847,117,0,False,False,,,,,,,,,,,
margin,Akron,scientific_f1_m2,-9.565017991612253,118,0,False,False,,,,,,,,,,,
margin,San José State,scientific_f1_m2,-10.03082585300832,119,0,False,False,,,,,,,,,,,
margin,Florida Atlantic,scientific_f1_m2,-10.35011131108793,120,0,False,False,,,,,,,,,,,
margin,UNLV,scientific_f1_m2,-10.42810728008693,121,0,False,False,,,,,,,,,,,
margin,East Carolina,scientific_f1_m2,-10.729193441325517,122,0,False,False,,,,,,,,,,,
margin,Texas State,scientific_f1_m2,-11.000780246929832,123,0,False,False,,,,,,,,,,,
margin,Ohio,scientific_f1_m2,-11.53512491790832,124,0,False,False,,,,,,,,,,,
margin,Marshall,scientific_f1_m2,-11.64755310800015,125,0,False,False,,,,,,,,,,,
margin,Wyoming,scientific_f1_m2,-11.685889324947397,126,0,False,False,,,,,,,,,,,
margin,Missouri State,scientific_f1_m2,-12.204085397901714,127,0,False,False,,,,,,,,,,,
margin,UTEP,scientific_f1_m2,-12.846944757232007,128,0,False,False,,,,,,,,,,,
margin,Buffalo,scientific_f1_m2,-13.998646517171176,129,0,False,False,,,,,,,,,,,
margin,Eastern Michigan,scientific_f1_m2,-14.245973333715101,130,0,False,False,,,,,,,,,,,
margin,Charlotte,scientific_f1_m2,-14.668662445722097,131,0,False,False,,,,,,,,,,,
margin,UL Monroe,scientific_f1_m2,-16.613307265680824,132,0,False,False,,,,,,,,,,,
margin,Ball State,scientific_f1_m2,-16.635718560562474,133,0,False,False,,,,,,,,,,,
margin,Utah State,scientific_f1_m2,-16.841838507433778,134,0,False,False,,,,,,,,,,,
margin,Northern Illinois,scientific_f1_m2,-17.188236653922104,135,0,False,False,,,,,,,,,,,
margin,Western Kentucky,scientific_f1_m2,-20.2350063549922,136,0,False,False,,,,,,,,,,,
margin,Bowling Green,scientific_f1_m2,-20.524007204248193,137,0,False,False,,,,,,,,,,,
margin,Kent State,scientific_f1_m2,-20.767229640872344,138,0,False,False,,,,,,,,,,,
margin,Georgia,scientific_f1_m3,28.783290552995386,1,25,True,True,,,,,,,,,,,
margin,Ohio State,scientific_f1_m3,26.31612460317461,2,24,True,False,,,,,,,,,,,
margin,Notre Dame,scientific_f1_m3,25.175422222222235,3,23,True,False,,,,,,,,,,,
margin,Oregon,scientific_f1_m3,24.98742236652238,4,22,True,False,,,,,,,,,,,
margin,Miami,scientific_f1_m3,24.76741507936508,5,21,True,False,,,,,,,,,,,
margin,Indiana,scientific_f1_m3,23.77152857142856,6,20,True,False,,,,,,,,,,,
margin,Utah,scientific_f1_m3,23.2473888888889,7,19,True,False,,,,,,,,,,,
margin,Alabama,scientific_f1_m3,22.079657070707075,8,18,True,False,,,,,,,,,,,
margin,Texas,scientific_f1_m3,21.105764597318945,9,17,True,False,,,,,,,,,,,
margin,Tennessee,scientific_f1_m3,20.829732539682535,10,16,True,False,,,,,,,,,,,
margin,Kansas State,scientific_f1_m3,20.227799206349204,11,15,True,False,,,,,,,,,,,
margin,Iowa,scientific_f1_m3,19.844247330447335,12,14,True,False,,,,,,,,,,,
margin,South Carolina,scientific_f1_m3,18.63256031746032,13,13,True,False,,,,,,,,,,,
margin,Mississippi State,scientific_f1_m3,18.36400555555555,14,12,True,False,,,,,,,,,,,
margin,Penn State,scientific_f1_m3,18.17766507936508,15,11,True,False,,,,,,,,,,,
margin,Nebraska,scientific_f1_m3,17.870288095238095,16,10,True,False,,,,,,,,,,,
margin,Missouri,scientific_f1_m3,17.55807619047619,17,9,True,False,,,,,,,,,,,
margin,Florida,scientific_f1_m3,16.941972222222226,18,8,True,False,,,,,,,,,,,
margin,Houston,scientific_f1_m3,16.933285714285706,19,7,True,False,,,,,,,,,,,
margin,Texas A&M,scientific_f1_m3,16.082057575757588,20,6,True,False,,,,,,,,,,,
margin,James Madison,scientific_f1_m3,15.587685714285712,21,5,True,False,,,,,,,,,,,
margin,Virginia Tech,scientific_f1_m3,15.547287301587307,22,4,True,False,,,,,,,,,,,
margin,BYU,scientific_f1_m3,15.123224603174604,23,3,True,False,,,,,,,,,,,
margin,Iowa State,scientific_f1_m3,14.94744523809524,24,2,True,False,,,,,,,,,,,
margin,LSU,scientific_f1_m3,14.678873809523816,25,1,True,False,,,,,,,,,,,
margin,Cincinnati,scientific_f1_m3,13.830452380952378,26,0,False,False,,,,,,,,,,,
margin,Northwestern,scientific_f1_m3,13.779558369408361,27,0,False,False,,,,,,,,,,,
margin,UCF,scientific_f1_m3,13.01199841269842,28,0,False,False,,,,,,,,,,,
margin,Oklahoma,scientific_f1_m3,12.926091219891214,29,0,False,False,,,,,,,,,,,
margin,Virginia,scientific_f1_m3,12.4685380952381,30,0,False,False,,,,,,,,,,,
margin,Maryland,scientific_f1_m3,12.462973809523806,31,0,False,False,,,,,,,,,,,
margin,Michigan,scientific_f1_m3,12.134154959746136,32,0,False,False,,,,,,,,,,,
margin,TCU,scientific_f1_m3,11.081925541125546,33,0,False,False,,,,,,,,,,,
margin,Ole Miss,scientific_f1_m3,10.958288888888893,34,0,False,False,,,,,,,,,,,
margin,Baylor,scientific_f1_m3,10.326721041921033,35,0,False,False,,,,,,,,,,,
margin,USC,scientific_f1_m3,10.066242712842705,36,0,False,False,,,,,,,,,,,
margin,West Virginia,scientific_f1_m3,9.934883333333337,37,0,False,False,,,,,,,,,,,
margin,Wisconsin,scientific_f1_m3,9.846475396825396,38,0,False,False,,,,,,,,,,,
margin,New Mexico,scientific_f1_m3,9.754949206349211,39,0,False,False,,,,,,,,,,,
margin,Pittsburgh,scientific_f1_m3,8.74442380952381,40,0,False,False,,,,,,,,,,,
margin,Toledo,scientific_f1_m3,8.654257936507932,41,0,False,False,,,,,,,,,,,
margin,Illinois,scientific_f1_m3,8.57012857142856,42,0,False,False,,,,,,,,,,,
margin,Louisville,scientific_f1_m3,8.401787878787877,43,0,False,False,,,,,,,,,,,
margin,Army,scientific_f1_m3,8.234200793650793,44,0,False,False,,,,,,,,,,,
margin,Syracuse,scientific_f1_m3,8.037610317460326,45,0,False,False,,,,,,,,,,,
margin,UConn,scientific_f1_m3,8.031410389610391,46,0,False,False,,,,,,,,,,,
margin,Minnesota,scientific_f1_m3,7.967825396825402,47,0,False,False,,,,,,,,,,,
margin,Texas Tech,scientific_f1_m3,7.920320659574733,48,0,False,False,,,,,,,,,,,
margin,Arizona,scientific_f1_m3,7.393542424242428,49,0,False,False,,,,,,,,,,,
margin,Oklahoma State,scientific_f1_m3,7.276112049062048,50,0,False,False,,,,,,,,,,,
margin,Jacksonville State,scientific_f1_m3,6.923172222222224,51,0,False,False,,,,,,,,,,,
margin,UCLA,scientific_f1_m3,6.9181126984126955,52,0,False,False,,,,,,,,,,,
margin,Arizona State,scientific_f1_m3,6.518900427350425,53,0,False,False,,,,,,,,,,,
margin,North Carolina,scientific_f1_m3,5.946120990614165,54,0,False,False,,,,,,,,,,,
margin,South Florida,scientific_f1_m3,5.818215440115444,55,0,False,False,,,,,,,,,,,
margin,Auburn,scientific_f1_m3,5.679481746031746,56,0,False,False,,,,,,,,,,,
margin,Georgia State,scientific_f1_m3,5.485592857142857,57,0,False,False,,,,,,,,,,,
margin,App State,scientific_f1_m3,5.439841558441558,58,0,False,False,,,,,,,,,,,
margin,SMU,scientific_f1_m3,5.340532936507935,59,0,False,False,,,,,,,,,,,
margin,California,scientific_f1_m3,5.196954621848737,60,0,False,False,,,,,,,,,,,
margin,Boise State,scientific_f1_m3,5.137195238095238,61,0,False,False,,,,,,,,,,,
margin,NC State,scientific_f1_m3,5.085137301587307,62,0,False,False,,,,,,,,,,,
margin,Washington,scientific_f1_m3,4.681949999999996,63,0,False,False,,,,,,,,,,,
margin,Tulsa,scientific_f1_m3,4.502805844155844,64,0,False,False,,,,,,,,,,,
margin,Air Force,scientific_f1_m3,4.350176190476188,65,0,False,False,,,,,,,,,,,
margin,Colorado State,scientific_f1_m3,3.903167676767675,66,0,False,False,,,,,,,,,,,
margin,Duke,scientific_f1_m3,3.4399380952380945,67,0,False,False,,,,,,,,,,,
margin,New Mexico State,scientific_f1_m3,3.31876746031746,68,0,False,False,,,,,,,,,,,
margin,North Dakota State,scientific_f1_m3,3.1157167212092873,69,0,False,False,,,,,,,,,,,
margin,Kentucky,scientific_f1_m3,2.9715780219780217,70,0,False,False,,,,,,,,,,,
margin,Vanderbilt,scientific_f1_m3,2.8018000000000005,71,0,False,False,,,,,,,,,,,
margin,Fresno State,scientific_f1_m3,2.430642456814587,72,0,False,False,,,,,,,,,,,
margin,Navy,scientific_f1_m3,2.3272166666666667,73,0,False,False,,,,,,,,,,,
margin,Western Michigan,scientific_f1_m3,2.221346602494164,74,0,False,False,,,,,,,,,,,
margin,Liberty,scientific_f1_m3,1.80542821005166,75,0,False,False,,,,,,,,,,,
margin,Massachusetts,scientific_f1_m3,1.734386041083099,76,0,False,False,,,,,,,,,,,
margin,Michigan State,scientific_f1_m3,1.551638917900282,77,0,False,False,,,,,,,,,,,
margin,Memphis,scientific_f1_m3,1.5447850427350418,78,0,False,False,,,,,,,,,,,
margin,South Alabama,scientific_f1_m3,1.5358912353347138,79,0,False,False,,,,,,,,,,,
margin,Florida State,scientific_f1_m3,1.3701317460317461,80,0,False,False,,,,,,,,,,,
margin,Louisiana Tech,scientific_f1_m3,0.9975587301587306,81,0,False,False,,,,,,,,,,,
margin,Georgia Tech,scientific_f1_m3,0.9636470695970697,82,0,False,False,,,,,,,,,,,
margin,Sam Houston,scientific_f1_m3,0.885316666666666,83,0,False,False,,,,,,,,,,,
margin,Louisiana,scientific_f1_m3,0.7082404761904758,84,0,False,False,,,,,,,,,,,
margin,Purdue,scientific_f1_m3,-0.45039206349206407,85,0,False,False,,,,,,,,,,,
margin,Nevada,scientific_f1_m3,-0.5144365079365081,86,0,False,False,,,,,,,,,,,
margin,Coastal Carolina,scientific_f1_m3,-0.5483014778325122,87,0,False,False,,,,,,,,,,,
margin,Delaware,scientific_f1_m3,-0.8916576732690704,88,0,False,False,,,,,,,,,,,
margin,Colorado,scientific_f1_m3,-1.2736063492063487,89,0,False,False,,,,,,,,,,,
margin,Washington State,scientific_f1_m3,-1.8023366300366304,90,0,False,False,,,,,,,,,,,
margin,Kansas,scientific_f1_m3,-1.8424676046176052,91,0,False,False,,,,,,,,,,,
margin,Clemson,scientific_f1_m3,-2.285458730158731,92,0,False,False,,,,,,,,,,,
margin,Temple,scientific_f1_m3,-2.3305539682539687,93,0,False,False,,,,,,,,,,,
margin,Middle Tennessee,scientific_f1_m3,-2.3803579269458783,94,0,False,False,,,,,,,,,,,
margin,Georgia Southern,scientific_f1_m3,-2.5871332238642584,95,0,False,False,,,,,,,,,,,
margin,Hawai'i,scientific_f1_m3,-2.632714392415097,96,0,False,False,,,,,,,,,,,
margin,Troy,scientific_f1_m3,-3.1819055555555558,97,0,False,False,,,,,,,,,,,
margin,UAB,scientific_f1_m3,-3.2156952380952375,98,0,False,False,,,,,,,,,,,
margin,Akron,scientific_f1_m3,-3.4221619047619063,99,0,False,False,,,,,,,,,,,
margin,UTSA,scientific_f1_m3,-3.8609087301587275,100,0,False,False,,,,,,,,,,,
margin,North Texas,scientific_f1_m3,-4.185238095238094,101,0,False,False,,,,,,,,,,,
margin,Wake Forest,scientific_f1_m3,-4.6223706349206335,102,0,False,False,,,,,,,,,,,
margin,Miami (OH),scientific_f1_m3,-4.95134841269841,103,0,False,False,,,,,,,,,,,
margin,San Diego State,scientific_f1_m3,-5.046119047619049,104,0,False,False,,,,,,,,,,,
margin,Boston College,scientific_f1_m3,-5.331867676767679,105,0,False,False,,,,,,,,,,,
margin,Arkansas,scientific_f1_m3,-5.45936904761905,106,0,False,False,,,,,,,,,,,
margin,Arkansas State,scientific_f1_m3,-5.883231746031748,107,0,False,False,,,,,,,,,,,
margin,Oregon State,scientific_f1_m3,-5.953004112554114,108,0,False,False,,,,,,,,,,,
margin,Stanford,scientific_f1_m3,-7.060422222222224,109,0,False,False,,,,,,,,,,,
margin,Florida International,scientific_f1_m3,-7.215911760461759,110,0,False,False,,,,,,,,,,,
margin,Central Michigan,scientific_f1_m3,-7.299465079365076,111,0,False,False,,,,,,,,,,,
margin,Old Dominion,scientific_f1_m3,-7.7065198412698415,112,0,False,False,,,,,,,,,,,
margin,Sacramento State,scientific_f1_m3,-7.927185714285711,113,0,False,False,,,,,,,,,,,
margin,Tulane,scientific_f1_m3,-9.649661111111103,114,0,False,False,,,,,,,,,,,
margin,Kennesaw State,scientific_f1_m3,-9.921506349206355,115,0,False,False,,,,,,,,,,,
margin,Missouri State,scientific_f1_m3,-10.492889321789313,116,0,False,False,,,,,,,,,,,
margin,Rutgers,scientific_f1_m3,-11.147040476190478,117,0,False,False,,,,,,,,,,,
margin,East Carolina,scientific_f1_m3,-11.882511111111105,118,0,False,False,,,,,,,,,,,
margin,San José State,scientific_f1_m3,-12.01893008658008,119,0,False,False,,,,,,,,,,,
margin,Ohio,scientific_f1_m3,-12.17268809523809,120,0,False,False,,,,,,,,,,,
margin,Southern Miss,scientific_f1_m3,-12.319736507936508,121,0,False,False,,,,,,,,,,,
margin,Florida Atlantic,scientific_f1_m3,-12.799271284271283,122,0,False,False,,,,,,,,,,,
margin,Rice,scientific_f1_m3,-13.011759956709962,123,0,False,False,,,,,,,,,,,
margin,Wyoming,scientific_f1_m3,-13.139544949494953,124,0,False,False,,,,,,,,,,,
margin,UTEP,scientific_f1_m3,-14.225014862914868,125,0,False,False,,,,,,,,,,,
margin,Utah State,scientific_f1_m3,-14.583610317460321,126,0,False,False,,,,,,,,,,,
margin,UNLV,scientific_f1_m3,-15.012118253968264,127,0,False,False,,,,,,,,,,,
margin,Buffalo,scientific_f1_m3,-15.452265079365073,128,0,False,False,,,,,,,,,,,
margin,Texas State,scientific_f1_m3,-15.972007936507946,129,0,False,False,,,,,,,,,,,
margin,Charlotte,scientific_f1_m3,-17.0009373015873,130,0,False,False,,,,,,,,,,,
margin,Marshall,scientific_f1_m3,-17.567929942279953,131,0,False,False,,,,,,,,,,,
margin,UL Monroe,scientific_f1_m3,-17.777120779220777,132,0,False,False,,,,,,,,,,,
margin,Eastern Michigan,scientific_f1_m3,-18.34479603174603,133,0,False,False,,,,,,,,,,,
margin,Northern Illinois,scientific_f1_m3,-20.828848268398264,134,0,False,False,,,,,,,,,,,
margin,Kent State,scientific_f1_m3,-21.49833174603173,135,0,False,False,,,,,,,,,,,
margin,Ball State,scientific_f1_m3,-22.11522619047618,136,0,False,False,,,,,,,,,,,
margin,Bowling Green,scientific_f1_m3,-22.7748,137,0,False,False,,,,,,,,,,,
margin,Western Kentucky,scientific_f1_m3,-24.215567027417023,138,0,False,False,,,,,,,,,,,
margin,Georgia,scientific_f1_m4,31.265787489302845,1,25,True,True,,,,,,,,,,,
margin,Ohio State,scientific_f1_m4,28.725713760179623,2,24,True,False,,,,,,,,,,,
margin,Notre Dame,scientific_f1_m4,28.45242784355366,3,23,True,False,,,,,,,,,,,
margin,Indiana,scientific_f1_m4,24.435372898549044,4,22,True,False,,,,,,,,,,,
margin,Miami,scientific_f1_m4,24.16807715079868,5,21,True,False,,,,,,,,,,,
margin,Utah,scientific_f1_m4,24.124465089996544,6,20,True,False,,,,,,,,,,,
margin,Tennessee,scientific_f1_m4,21.676245283431488,7,19,True,False,,,,,,,,,,,
margin,Florida,scientific_f1_m4,21.53710532668446,8,18,True,False,,,,,,,,,,,
margin,Oregon,scientific_f1_m4,20.251237939613397,9,17,True,False,,,,,,,,,,,
margin,Texas,scientific_f1_m4,19.835295620580144,10,16,True,False,,,,,,,,,,,
margin,Kansas State,scientific_f1_m4,19.690052344772944,11,15,True,False,,,,,,,,,,,
margin,Alabama,scientific_f1_m4,19.685033838440184,12,14,True,False,,,,,,,,,,,
margin,Iowa,scientific_f1_m4,19.43537369563531,13,13,True,False,,,,,,,,,,,
margin,Virginia Tech,scientific_f1_m4,19.27807382369248,14,12,True,False,,,,,,,,,,,
margin,Texas A&M,scientific_f1_m4,19.04869753899143,15,11,True,False,,,,,,,,,,,
margin,Nebraska,scientific_f1_m4,17.789600189852766,16,10,True,False,,,,,,,,,,,
margin,South Carolina,scientific_f1_m4,17.08439904039495,17,9,True,False,,,,,,,,,,,
margin,Mississippi State,scientific_f1_m4,16.250495571925107,18,8,True,False,,,,,,,,,,,
margin,LSU,scientific_f1_m4,16.116984316574037,19,7,True,False,,,,,,,,,,,
margin,James Madison,scientific_f1_m4,15.983093160934901,20,6,True,False,,,,,,,,,,,
margin,Michigan,scientific_f1_m4,15.982839592075006,21,5,True,False,,,,,,,,,,,
margin,Penn State,scientific_f1_m4,15.821952568458533,22,4,True,False,,,,,,,,,,,
margin,BYU,scientific_f1_m4,15.324037702418089,23,3,True,False,,,,,,,,,,,
margin,Houston,scientific_f1_m4,14.811321881334914,24,2,True,False,,,,,,,,,,,
margin,Missouri,scientific_f1_m4,14.352587181455354,25,1,True,False,,,,,,,,,,,
margin,Ole Miss,scientific_f1_m4,14.312755483215902,26,0,False,False,,,,,,,,,,,
margin,USC,scientific_f1_m4,13.65994645315947,27,0,False,False,,,,,,,,,,,
margin,Oklahoma,scientific_f1_m4,13.31696413721424,28,0,False,False,,,,,,,,,,,
margin,TCU,scientific_f1_m4,12.955869530959793,29,0,False,False,,,,,,,,,,,
margin,Virginia,scientific_f1_m4,11.614446187129317,30,0,False,False,,,,,,,,,,,
margin,Maryland,scientific_f1_m4,11.14875877604579,31,0,False,False,,,,,,,,,,,
margin,Illinois,scientific_f1_m4,10.615092065448593,32,0,False,False,,,,,,,,,,,
margin,Iowa State,scientific_f1_m4,10.174326851979332,33,0,False,False,,,,,,,,,,,
margin,Cincinnati,scientific_f1_m4,10.167074900781547,34,0,False,False,,,,,,,,,,,
margin,Baylor,scientific_f1_m4,9.945337165423744,35,0,False,False,,,,,,,,,,,
margin,Auburn,scientific_f1_m4,9.151570842677387,36,0,False,False,,,,,,,,,,,
margin,UCF,scientific_f1_m4,9.147969546989092,37,0,False,False,,,,,,,,,,,
margin,Northwestern,scientific_f1_m4,8.906200067501157,38,0,False,False,,,,,,,,,,,
margin,Louisville,scientific_f1_m4,8.632512657655342,39,0,False,False,,,,,,,,,,,
margin,North Carolina,scientific_f1_m4,8.43852173959209,40,0,False,False,,,,,,,,,,,
margin,West Virginia,scientific_f1_m4,8.394041663276477,41,0,False,False,,,,,,,,,,,
margin,SMU,scientific_f1_m4,8.317240656946913,42,0,False,False,,,,,,,,,,,
margin,Pittsburgh,scientific_f1_m4,8.2572167217625,43,0,False,False,,,,,,,,,,,
margin,Minnesota,scientific_f1_m4,8.091061214320815,44,0,False,False,,,,,,,,,,,
margin,Arizona,scientific_f1_m4,7.862640457013207,45,0,False,False,,,,,,,,,,,
margin,Arizona State,scientific_f1_m4,7.833610448064762,46,0,False,False,,,,,,,,,,,
margin,Texas Tech,scientific_f1_m4,7.781411580069482,47,0,False,False,,,,,,,,,,,
margin,Washington,scientific_f1_m4,7.73656059549695,48,0,False,False,,,,,,,,,,,
margin,Wisconsin,scientific_f1_m4,7.604086063220085,49,0,False,False,,,,,,,,,,,
margin,South Florida,scientific_f1_m4,7.4794306788438005,50,0,False,False,,,,,,,,,,,
margin,Oklahoma State,scientific_f1_m4,6.6709328218704576,51,0,False,False,,,,,,,,,,,
margin,Army,scientific_f1_m4,6.642439705695449,52,0,False,False,,,,,,,,,,,
margin,UCLA,scientific_f1_m4,6.556704359755099,53,0,False,False,,,,,,,,,,,
margin,App State,scientific_f1_m4,6.549820137400342,54,0,False,False,,,,,,,,,,,
margin,UConn,scientific_f1_m4,6.393925877694996,55,0,False,False,,,,,,,,,,,
margin,Jacksonville State,scientific_f1_m4,6.097592516443422,56,0,False,False,,,,,,,,,,,
margin,NC State,scientific_f1_m4,6.0864202143733435,57,0,False,False,,,,,,,,,,,
margin,Colorado State,scientific_f1_m4,5.719074914199929,58,0,False,False,,,,,,,,,,,
margin,Georgia State,scientific_f1_m4,5.6573241333817,59,0,False,False,,,,,,,,,,,
margin,Duke,scientific_f1_m4,5.4545110026960275,60,0,False,False,,,,,,,,,,,
margin,New Mexico,scientific_f1_m4,5.426315603960443,61,0,False,False,,,,,,,,,,,
margin,Syracuse,scientific_f1_m4,4.979977870989401,62,0,False,False,,,,,,,,,,,
margin,Vanderbilt,scientific_f1_m4,4.798551693449755,63,0,False,False,,,,,,,,,,,
margin,California,scientific_f1_m4,4.549662351935069,64,0,False,False,,,,,,,,,,,
margin,Boise State,scientific_f1_m4,4.537125161031819,65,0,False,False,,,,,,,,,,,
margin,Tulsa,scientific_f1_m4,4.385202244910579,66,0,False,False,,,,,,,,,,,
margin,Liberty,scientific_f1_m4,3.809811722292212,67,0,False,False,,,,,,,,,,,
margin,North Dakota State,scientific_f1_m4,3.2271290251275806,68,0,False,False,,,,,,,,,,,
margin,Kentucky,scientific_f1_m4,2.6246492011088285,69,0,False,False,,,,,,,,,,,
margin,Michigan State,scientific_f1_m4,2.444147542771909,70,0,False,False,,,,,,,,,,,
margin,Massachusetts,scientific_f1_m4,2.0926830598740467,71,0,False,False,,,,,,,,,,,
margin,Sam Houston,scientific_f1_m4,2.0550850606803097,72,0,False,False,,,,,,,,,,,
margin,Toledo,scientific_f1_m4,1.8933973046619763,73,0,False,False,,,,,,,,,,,
margin,Air Force,scientific_f1_m4,1.6478624509425541,74,0,False,False,,,,,,,,,,,
margin,Kansas,scientific_f1_m4,1.1699483329965443,75,0,False,False,,,,,,,,,,,
margin,Fresno State,scientific_f1_m4,1.1466513088894195,76,0,False,False,,,,,,,,,,,
margin,Florida State,scientific_f1_m4,1.0171164757777336,77,0,False,False,,,,,,,,,,,
margin,Memphis,scientific_f1_m4,0.9273686005131104,78,0,False,False,,,,,,,,,,,
margin,Navy,scientific_f1_m4,0.6860031521509145,79,0,False,False,,,,,,,,,,,
margin,Georgia Tech,scientific_f1_m4,0.4989176403572612,80,0,False,False,,,,,,,,,,,
margin,Western Michigan,scientific_f1_m4,0.1584286390091193,81,0,False,False,,,,,,,,,,,
margin,New Mexico State,scientific_f1_m4,-0.24042769483090193,82,0,False,False,,,,,,,,,,,
margin,Georgia Southern,scientific_f1_m4,-0.28880984352830874,83,0,False,False,,,,,,,,,,,
margin,Delaware,scientific_f1_m4,-0.563456357943648,84,0,False,False,,,,,,,,,,,
margin,Coastal Carolina,scientific_f1_m4,-0.5972900438680382,85,0,False,False,,,,,,,,,,,
margin,Purdue,scientific_f1_m4,-0.8061881870592492,86,0,False,False,,,,,,,,,,,
margin,Clemson,scientific_f1_m4,-0.9029361019476738,87,0,False,False,,,,,,,,,,,
margin,Middle Tennessee,scientific_f1_m4,-1.5003405005867838,88,0,False,False,,,,,,,,,,,
margin,Colorado,scientific_f1_m4,-1.5101734097679387,89,0,False,False,,,,,,,,,,,
margin,South Alabama,scientific_f1_m4,-2.0910135049085867,90,0,False,False,,,,,,,,,,,
margin,San Diego State,scientific_f1_m4,-2.0935256675853116,91,0,False,False,,,,,,,,,,,
margin,Oregon State,scientific_f1_m4,-2.203136167236174,92,0,False,False,,,,,,,,,,,
margin,Wake Forest,scientific_f1_m4,-2.487277499937015,93,0,False,False,,,,,,,,,,,
margin,Louisiana,scientific_f1_m4,-2.9694712386092603,94,0,False,False,,,,,,,,,,,
margin,UTSA,scientific_f1_m4,-3.121314834300922,95,0,False,False,,,,,,,,,,,
margin,Florida International,scientific_f1_m4,-3.310241367904755,96,0,False,False,,,,,,,,,,,
margin,Washington State,scientific_f1_m4,-3.32965650272921,97,0,False,False,,,,,,,,,,,
margin,Nevada,scientific_f1_m4,-3.58731902883121,98,0,False,False,,,,,,,,,,,
margin,Troy,scientific_f1_m4,-3.699330328206191,99,0,False,False,,,,,,,,,,,
margin,Boston College,scientific_f1_m4,-3.732740985674306,100,0,False,False,,,,,,,,,,,
margin,Temple,scientific_f1_m4,-3.9975355244233834,101,0,False,False,,,,,,,,,,,
margin,Miami (OH),scientific_f1_m4,-4.02537420360562,102,0,False,False,,,,,,,,,,,
margin,Arkansas State,scientific_f1_m4,-4.684779491644738,103,0,False,False,,,,,,,,,,,
margin,Louisiana Tech,scientific_f1_m4,-5.193686443759276,104,0,False,False,,,,,,,,,,,
margin,Hawai'i,scientific_f1_m4,-5.482113430957264,105,0,False,False,,,,,,,,,,,
margin,North Texas,scientific_f1_m4,-5.857390044678417,106,0,False,False,,,,,,,,,,,
margin,Central Michigan,scientific_f1_m4,-5.868352488799036,107,0,False,False,,,,,,,,,,,
margin,Old Dominion,scientific_f1_m4,-5.947159394831503,108,0,False,False,,,,,,,,,,,
margin,UAB,scientific_f1_m4,-5.953848465669234,109,0,False,False,,,,,,,,,,,
margin,Stanford,scientific_f1_m4,-7.037393483779355,110,0,False,False,,,,,,,,,,,
margin,Akron,scientific_f1_m4,-8.431028836492585,111,0,False,False,,,,,,,,,,,
margin,Tulane,scientific_f1_m4,-8.440107795667267,112,0,False,False,,,,,,,,,,,
margin,East Carolina,scientific_f1_m4,-8.454422012260961,113,0,False,False,,,,,,,,,,,
margin,Sacramento State,scientific_f1_m4,-8.592269341608041,114,0,False,False,,,,,,,,,,,
margin,Arkansas,scientific_f1_m4,-8.639134848768247,115,0,False,False,,,,,,,,,,,
margin,Kennesaw State,scientific_f1_m4,-9.031526469862749,116,0,False,False,,,,,,,,,,,
margin,Missouri State,scientific_f1_m4,-9.581910095761062,117,0,False,False,,,,,,,,,,,
margin,Southern Miss,scientific_f1_m4,-9.706821205813588,118,0,False,False,,,,,,,,,,,
margin,San José State,scientific_f1_m4,-10.428813628166065,119,0,False,False,,,,,,,,,,,
margin,Rice,scientific_f1_m4,-11.395561277040619,120,0,False,False,,,,,,,,,,,
margin,Rutgers,scientific_f1_m4,-11.759116374028093,121,0,False,False,,,,,,,,,,,
margin,Texas State,scientific_f1_m4,-12.514228501810074,122,0,False,False,,,,,,,,,,,
margin,Wyoming,scientific_f1_m4,-13.19812317789626,123,0,False,False,,,,,,,,,,,
margin,Marshall,scientific_f1_m4,-13.205002472700098,124,0,False,False,,,,,,,,,,,
margin,UNLV,scientific_f1_m4,-13.388698686971583,125,0,False,False,,,,,,,,,,,
margin,UTEP,scientific_f1_m4,-13.39112793007774,126,0,False,False,,,,,,,,,,,
margin,Eastern Michigan,scientific_f1_m4,-14.30798373088728,127,0,False,False,,,,,,,,,,,
margin,Ohio,scientific_f1_m4,-14.464634978763845,128,0,False,False,,,,,,,,,,,
margin,Florida Atlantic,scientific_f1_m4,-14.467811187968138,129,0,False,False,,,,,,,,,,,
margin,Charlotte,scientific_f1_m4,-14.642340549063405,130,0,False,False,,,,,,,,,,,
margin,Utah State,scientific_f1_m4,-15.32808809467541,131,0,False,False,,,,,,,,,,,
margin,Buffalo,scientific_f1_m4,-16.46568368736656,132,0,False,False,,,,,,,,,,,
margin,UL Monroe,scientific_f1_m4,-18.75001441171539,133,0,False,False,,,,,,,,,,,
margin,Bowling Green,scientific_f1_m4,-19.292133667720947,134,0,False,False,,,,,,,,,,,
margin,Kent State,scientific_f1_m4,-19.323011662503717,135,0,False,False,,,,,,,,,,,
margin,Western Kentucky,scientific_f1_m4,-19.72706200960504,136,0,False,False,,,,,,,,,,,
margin,Northern Illinois,scientific_f1_m4,-21.097355266346327,137,0,False,False,,,,,,,,,,,
margin,Ball State,scientific_f1_m4,-21.572685288387948,138,0,False,False,,,,,,,,,,,
margin,Notre Dame,scientific_f1_m5,29.943557739257812,1,25,True,True,,,,,,,,,,,
margin,Georgia,scientific_f1_m5,27.364233016967773,2,24,True,False,,,,,,,,,,,
margin,Ohio State,scientific_f1_m5,26.695079803466797,3,23,True,False,,,,,,,,,,,
margin,Tennessee,scientific_f1_m5,25.640077590942383,4,22,True,False,,,,,,,,,,,
margin,Florida,scientific_f1_m5,24.779558181762695,5,21,True,False,,,,,,,,,,,
margin,Texas,scientific_f1_m5,23.2215576171875,6,20,True,False,,,,,,,,,,,
margin,Oregon,scientific_f1_m5,23.217058181762695,7,19,True,False,,,,,,,,,,,
margin,South Carolina,scientific_f1_m5,22.45313262939453,8,18,True,False,,,,,,,,,,,
margin,Miami,scientific_f1_m5,22.330760955810547,9,17,True,False,,,,,,,,,,,
margin,Indiana,scientific_f1_m5,21.545940399169922,10,16,True,False,,,,,,,,,,,
margin,Utah,scientific_f1_m5,21.436641693115234,11,15,True,False,,,,,,,,,,,
margin,Alabama,scientific_f1_m5,20.10392951965332,12,14,True,False,,,,,,,,,,,
margin,Penn State,scientific_f1_m5,20.103912353515625,13,13,True,False,,,,,,,,,,,
margin,Iowa,scientific_f1_m5,20.003292083740234,14,12,True,False,,,,,,,,,,,
margin,LSU,scientific_f1_m5,19.925756454467773,15,11,True,False,,,,,,,,,,,
margin,Texas A&M,scientific_f1_m5,19.678674697875977,16,10,True,False,,,,,,,,,,,
margin,Virginia Tech,scientific_f1_m5,18.079252243041992,17,9,True,False,,,,,,,,,,,
margin,Houston,scientific_f1_m5,17.830753326416016,18,8,True,False,,,,,,,,,,,
margin,Nebraska,scientific_f1_m5,17.69410514831543,19,7,True,False,,,,,,,,,,,
margin,Missouri,scientific_f1_m5,16.693693161010742,20,6,True,False,,,,,,,,,,,
margin,BYU,scientific_f1_m5,16.1444149017334,21,5,True,False,,,,,,,,,,,
margin,James Madison,scientific_f1_m5,15.237589836120605,22,4,True,False,,,,,,,,,,,
margin,Pittsburgh,scientific_f1_m5,14.429662704467773,23,3,True,False,,,,,,,,,,,
margin,TCU,scientific_f1_m5,14.424110412597656,24,2,True,False,,,,,,,,,,,
margin,Wisconsin,scientific_f1_m5,14.40943431854248,25,1,True,False,,,,,,,,,,,
margin,Kansas State,scientific_f1_m5,14.385942459106445,26,0,False,False,,,,,,,,,,,
margin,Mississippi State,scientific_f1_m5,13.473060607910156,27,0,False,False,,,,,,,,,,,
margin,Ole Miss,scientific_f1_m5,13.213841438293457,28,0,False,False,,,,,,,,,,,
margin,Baylor,scientific_f1_m5,13.1563720703125,29,0,False,False,,,,,,,,,,,
margin,Cincinnati,scientific_f1_m5,12.99881362915039,30,0,False,False,,,,,,,,,,,
margin,Oklahoma,scientific_f1_m5,12.910630226135254,31,0,False,False,,,,,,,,,,,
margin,Virginia,scientific_f1_m5,12.910430908203125,32,0,False,False,,,,,,,,,,,
margin,UCF,scientific_f1_m5,12.453437805175781,33,0,False,False,,,,,,,,,,,
margin,Michigan,scientific_f1_m5,12.345479011535645,34,0,False,False,,,,,,,,,,,
margin,Illinois,scientific_f1_m5,11.617557525634766,35,0,False,False,,,,,,,,,,,
margin,USC,scientific_f1_m5,10.895565032958984,36,0,False,False,,,,,,,,,,,
margin,SMU,scientific_f1_m5,10.349831581115723,37,0,False,False,,,,,,,,,,,
margin,Louisville,scientific_f1_m5,10.305964469909668,38,0,False,False,,,,,,,,,,,
margin,North Dakota State,scientific_f1_m5,10.204880714416504,39,0,False,False,,,,,,,,,,,
margin,Northwestern,scientific_f1_m5,9.540404319763184,40,0,False,False,,,,,,,,,,,
margin,Arizona,scientific_f1_m5,9.38947868347168,41,0,False,False,,,,,,,,,,,
margin,UConn,scientific_f1_m5,8.928732872009277,42,0,False,False,,,,,,,,,,,
margin,Texas Tech,scientific_f1_m5,8.868033409118652,43,0,False,False,,,,,,,,,,,
margin,App State,scientific_f1_m5,8.4845609664917,44,0,False,False,,,,,,,,,,,
margin,Jacksonville State,scientific_f1_m5,8.205693244934082,45,0,False,False,,,,,,,,,,,
margin,Arizona State,scientific_f1_m5,7.83331298828125,46,0,False,False,,,,,,,,,,,
margin,Minnesota,scientific_f1_m5,7.826282024383545,47,0,False,False,,,,,,,,,,,
margin,UCLA,scientific_f1_m5,7.654473781585693,48,0,False,False,,,,,,,,,,,
margin,Toledo,scientific_f1_m5,7.609741687774658,49,0,False,False,,,,,,,,,,,
margin,Maryland,scientific_f1_m5,7.174001216888428,50,0,False,False,,,,,,,,,,,
margin,NC State,scientific_f1_m5,6.871218204498291,51,0,False,False,,,,,,,,,,,
margin,Duke,scientific_f1_m5,6.816834926605225,52,0,False,False,,,,,,,,,,,
margin,West Virginia,scientific_f1_m5,6.592851638793945,53,0,False,False,,,,,,,,,,,
margin,Oklahoma State,scientific_f1_m5,6.587442874908447,54,0,False,False,,,,,,,,,,,
margin,Washington,scientific_f1_m5,5.969796180725098,55,0,False,False,,,,,,,,,,,
margin,Iowa State,scientific_f1_m5,5.66038179397583,56,0,False,False,,,,,,,,,,,
margin,Georgia Tech,scientific_f1_m5,5.425661087036133,57,0,False,False,,,,,,,,,,,
margin,Auburn,scientific_f1_m5,4.906403541564941,58,0,False,False,,,,,,,,,,,
margin,Colorado State,scientific_f1_m5,4.597083568572998,59,0,False,False,,,,,,,,,,,
margin,Western Michigan,scientific_f1_m5,4.508805274963379,60,0,False,False,,,,,,,,,,,
margin,Memphis,scientific_f1_m5,4.387746334075928,61,0,False,False,,,,,,,,,,,
margin,New Mexico,scientific_f1_m5,4.116733074188232,62,0,False,False,,,,,,,,,,,
margin,Syracuse,scientific_f1_m5,4.1096320152282715,63,0,False,False,,,,,,,,,,,
margin,North Carolina,scientific_f1_m5,3.7963757514953613,64,0,False,False,,,,,,,,,,,
margin,Army,scientific_f1_m5,3.423625946044922,65,0,False,False,,,,,,,,,,,
margin,Vanderbilt,scientific_f1_m5,3.351381778717041,66,0,False,False,,,,,,,,,,,
margin,California,scientific_f1_m5,3.144968032836914,67,0,False,False,,,,,,,,,,,
margin,Liberty,scientific_f1_m5,2.8191604614257812,68,0,False,False,,,,,,,,,,,
margin,Massachusetts,scientific_f1_m5,2.6358323097229004,69,0,False,False,,,,,,,,,,,
margin,Georgia State,scientific_f1_m5,2.3763437271118164,70,0,False,False,,,,,,,,,,,
margin,Florida State,scientific_f1_m5,1.988112449645996,71,0,False,False,,,,,,,,,,,
margin,Michigan State,scientific_f1_m5,1.6885576248168945,72,0,False,False,,,,,,,,,,,
margin,South Florida,scientific_f1_m5,1.1290335655212402,73,0,False,False,,,,,,,,,,,
margin,Fresno State,scientific_f1_m5,0.7509045600891113,74,0,False,False,,,,,,,,,,,
margin,Sam Houston,scientific_f1_m5,0.7165942192077637,75,0,False,False,,,,,,,,,,,
margin,New Mexico State,scientific_f1_m5,-0.15833806991577148,76,0,False,False,,,,,,,,,,,
margin,Tulsa,scientific_f1_m5,-0.48302316665649414,77,0,False,False,,,,,,,,,,,
margin,Kentucky,scientific_f1_m5,-0.49346280097961426,78,0,False,False,,,,,,,,,,,
margin,South Alabama,scientific_f1_m5,-0.60451340675354,79,0,False,False,,,,,,,,,,,
margin,Kansas,scientific_f1_m5,-0.7895041108131409,80,0,False,False,,,,,,,,,,,
margin,Boise State,scientific_f1_m5,-1.0912489891052246,81,0,False,False,,,,,,,,,,,
margin,Coastal Carolina,scientific_f1_m5,-1.397004246711731,82,0,False,False,,,,,,,,,,,
margin,Louisiana,scientific_f1_m5,-2.0102124214172363,83,0,False,False,,,,,,,,,,,
margin,UTSA,scientific_f1_m5,-2.094658374786377,84,0,False,False,,,,,,,,,,,
margin,North Texas,scientific_f1_m5,-2.493422031402588,85,0,False,False,,,,,,,,,,,
margin,Air Force,scientific_f1_m5,-2.5682311058044434,86,0,False,False,,,,,,,,,,,
margin,Georgia Southern,scientific_f1_m5,-3.560040235519409,87,0,False,False,,,,,,,,,,,
margin,Purdue,scientific_f1_m5,-3.8946521282196045,88,0,False,False,,,,,,,,,,,
margin,San Diego State,scientific_f1_m5,-4.026780605316162,89,0,False,False,,,,,,,,,,,
margin,Louisiana Tech,scientific_f1_m5,-4.475168704986572,90,0,False,False,,,,,,,,,,,
margin,Troy,scientific_f1_m5,-4.659800052642822,91,0,False,False,,,,,,,,,,,
margin,Colorado,scientific_f1_m5,-4.689126491546631,92,0,False,False,,,,,,,,,,,
margin,Wake Forest,scientific_f1_m5,-4.951066493988037,93,0,False,False,,,,,,,,,,,
margin,Clemson,scientific_f1_m5,-5.690349102020264,94,0,False,False,,,,,,,,,,,
margin,Arkansas State,scientific_f1_m5,-5.702412128448486,95,0,False,False,,,,,,,,,,,
margin,Delaware,scientific_f1_m5,-6.011120796203613,96,0,False,False,,,,,,,,,,,
margin,Miami (OH),scientific_f1_m5,-6.180001735687256,97,0,False,False,,,,,,,,,,,
margin,Arkansas,scientific_f1_m5,-6.2834858894348145,98,0,False,False,,,,,,,,,,,
margin,Hawai'i,scientific_f1_m5,-7.0036234855651855,99,0,False,False,,,,,,,,,,,
margin,Washington State,scientific_f1_m5,-7.02025842666626,100,0,False,False,,,,,,,,,,,
margin,Florida International,scientific_f1_m5,-7.094225883483887,101,0,False,False,,,,,,,,,,,
margin,Temple,scientific_f1_m5,-7.180542469024658,102,0,False,False,,,,,,,,,,,
margin,Stanford,scientific_f1_m5,-7.211958885192871,103,0,False,False,,,,,,,,,,,
margin,UAB,scientific_f1_m5,-7.28256893157959,104,0,False,False,,,,,,,,,,,
margin,Southern Miss,scientific_f1_m5,-7.40207576751709,105,0,False,False,,,,,,,,,,,
margin,Middle Tennessee,scientific_f1_m5,-7.485891819000244,106,0,False,False,,,,,,,,,,,
margin,Nevada,scientific_f1_m5,-7.525084972381592,107,0,False,False,,,,,,,,,,,
margin,Navy,scientific_f1_m5,-7.799097537994385,108,0,False,False,,,,,,,,,,,
margin,Boston College,scientific_f1_m5,-8.051609992980957,109,0,False,False,,,,,,,,,,,
margin,Oregon State,scientific_f1_m5,-8.236791610717773,110,0,False,False,,,,,,,,,,,
margin,UNLV,scientific_f1_m5,-10.068507194519043,111,0,False,False,,,,,,,,,,,
margin,Charlotte,scientific_f1_m5,-10.185650825500488,112,0,False,False,,,,,,,,,,,
margin,Rutgers,scientific_f1_m5,-10.633224487304688,113,0,False,False,,,,,,,,,,,
margin,Tulane,scientific_f1_m5,-10.640705108642578,114,0,False,False,,,,,,,,,,,
margin,Florida Atlantic,scientific_f1_m5,-11.55387020111084,115,0,False,False,,,,,,,,,,,
margin,Central Michigan,scientific_f1_m5,-11.79213809967041,116,0,False,False,,,,,,,,,,,
margin,Missouri State,scientific_f1_m5,-12.046590805053711,117,0,False,False,,,,,,,,,,,
margin,Kennesaw State,scientific_f1_m5,-12.120770454406738,118,0,False,False,,,,,,,,,,,
margin,Old Dominion,scientific_f1_m5,-12.60208797454834,119,0,False,False,,,,,,,,,,,
margin,Sacramento State,scientific_f1_m5,-13.111828804016113,120,0,False,False,,,,,,,,,,,
margin,Rice,scientific_f1_m5,-13.515186309814453,121,0,False,False,,,,,,,,,,,
margin,East Carolina,scientific_f1_m5,-13.86243724822998,122,0,False,False,,,,,,,,,,,
margin,Akron,scientific_f1_m5,-13.984593391418457,123,0,False,False,,,,,,,,,,,
margin,San José State,scientific_f1_m5,-14.440675735473633,124,0,False,False,,,,,,,,,,,
margin,Marshall,scientific_f1_m5,-15.17042064666748,125,0,False,False,,,,,,,,,,,
margin,Wyoming,scientific_f1_m5,-15.503068923950195,126,0,False,False,,,,,,,,,,,
margin,Ohio,scientific_f1_m5,-16.41452980041504,127,0,False,False,,,,,,,,,,,
margin,Eastern Michigan,scientific_f1_m5,-17.303192138671875,128,0,False,False,,,,,,,,,,,
margin,Utah State,scientific_f1_m5,-17.315248489379883,129,0,False,False,,,,,,,,,,,
margin,Northern Illinois,scientific_f1_m5,-18.925426483154297,130,0,False,False,,,,,,,,,,,
margin,Texas State,scientific_f1_m5,-19.72661781311035,131,0,False,False,,,,,,,,,,,
margin,Buffalo,scientific_f1_m5,-19.77747344970703,132,0,False,False,,,,,,,,,,,
margin,Ball State,scientific_f1_m5,-19.80426788330078,133,0,False,False,,,,,,,,,,,
margin,Western Kentucky,scientific_f1_m5,-19.969009399414062,134,0,False,False,,,,,,,,,,,
margin,UTEP,scientific_f1_m5,-20.326709747314453,135,0,False,False,,,,,,,,,,,
margin,Bowling Green,scientific_f1_m5,-22.637863159179688,136,0,False,False,,,,,,,,,,,
margin,UL Monroe,scientific_f1_m5,-24.373149871826172,137,0,False,False,,,,,,,,,,,
margin,Kent State,scientific_f1_m5,-24.59900665283203,138,0,False,False,,,,,,,,,,,
margin,Ohio State,scientific_f1_m10,26.253589724288084,1,25,True,True,,,,,,,,,,,
margin,Indiana,scientific_f1_m10,25.996222756756957,2,24,True,False,,,,,,,,,,,
margin,Alabama,scientific_f1_m10,25.469395787843904,3,23,True,False,,,,,,,,,,,
margin,James Madison,scientific_f1_m10,23.312755788378457,4,22,True,False,,,,,,,,,,,
margin,Iowa State,scientific_f1_m10,22.529727940512657,5,21,True,False,,,,,,,,,,,
margin,Utah,scientific_f1_m10,22.17272765798599,6,20,True,False,,,,,,,,,,,
margin,Penn State,scientific_f1_m10,21.49620289760867,7,19,True,False,,,,,,,,,,,
margin,Miami,scientific_f1_m10,20.14598661761897,8,18,True,False,,,,,,,,,,,
margin,South Carolina,scientific_f1_m10,20.10497100607087,9,17,True,False,,,,,,,,,,,
margin,Nebraska,scientific_f1_m10,19.714469926141568,10,16,True,False,,,,,,,,,,,
margin,Virginia Tech,scientific_f1_m10,18.912421543684836,11,15,True,False,,,,,,,,,,,
margin,Notre Dame,scientific_f1_m10,18.826511404952814,12,14,True,False,,,,,,,,,,,
margin,Houston,scientific_f1_m10,18.294920435674484,13,13,True,False,,,,,,,,,,,
margin,Oklahoma,scientific_f1_m10,18.119165274304088,14,12,True,False,,,,,,,,,,,
margin,Georgia,scientific_f1_m10,18.093733505449944,15,11,True,False,,,,,,,,,,,
margin,Michigan,scientific_f1_m10,16.502652270029785,16,10,True,False,,,,,,,,,,,
margin,Tennessee,scientific_f1_m10,16.472011256502103,17,9,True,False,,,,,,,,,,,
margin,Oregon,scientific_f1_m10,16.470947890957596,18,8,True,False,,,,,,,,,,,
margin,Florida,scientific_f1_m10,15.601274078655624,19,7,True,False,,,,,,,,,,,
margin,Minnesota,scientific_f1_m10,15.154700768872202,20,6,True,False,,,,,,,,,,,
margin,New Mexico,scientific_f1_m10,14.53227025943579,21,5,True,False,,,,,,,,,,,
margin,Kansas State,scientific_f1_m10,14.470299559273606,22,4,True,False,,,,,,,,,,,
margin,Pittsburgh,scientific_f1_m10,14.221557834847859,23,3,True,False,,,,,,,,,,,
margin,Iowa,scientific_f1_m10,13.676068783001789,24,2,True,False,,,,,,,,,,,
margin,LSU,scientific_f1_m10,13.620838072136607,25,1,True,False,,,,,,,,,,,
margin,Illinois,scientific_f1_m10,12.889907121129326,26,0,False,False,,,,,,,,,,,
margin,SMU,scientific_f1_m10,12.629190812444564,27,0,False,False,,,,,,,,,,,
margin,NC State,scientific_f1_m10,12.323265950534546,28,0,False,False,,,,,,,,,,,
margin,Missouri,scientific_f1_m10,12.055243930555871,29,0,False,False,,,,,,,,,,,
margin,Washington,scientific_f1_m10,11.058656241788682,30,0,False,False,,,,,,,,,,,
margin,Mississippi State,scientific_f1_m10,10.772274273588174,31,0,False,False,,,,,,,,,,,
margin,UCLA,scientific_f1_m10,10.581216907606608,32,0,False,False,,,,,,,,,,,
margin,Fresno State,scientific_f1_m10,10.452482684874848,33,0,False,False,,,,,,,,,,,
margin,Vanderbilt,scientific_f1_m10,9.751176191083863,34,0,False,False,,,,,,,,,,,
margin,Texas A&M,scientific_f1_m10,9.729572270656721,35,0,False,False,,,,,,,,,,,
margin,UCF,scientific_f1_m10,9.704102071956576,36,0,False,False,,,,,,,,,,,
margin,West Virginia,scientific_f1_m10,9.429366860160236,37,0,False,False,,,,,,,,,,,
margin,Syracuse,scientific_f1_m10,9.374664419749207,38,0,False,False,,,,,,,,,,,
margin,Texas,scientific_f1_m10,9.270604395808128,39,0,False,False,,,,,,,,,,,
margin,North Carolina,scientific_f1_m10,9.032598146048263,40,0,False,False,,,,,,,,,,,
margin,Toledo,scientific_f1_m10,8.890803341127032,41,0,False,False,,,,,,,,,,,
margin,Florida State,scientific_f1_m10,8.842941739106925,42,0,False,False,,,,,,,,,,,
margin,TCU,scientific_f1_m10,8.808238778109589,43,0,False,False,,,,,,,,,,,
margin,USC,scientific_f1_m10,8.189037900178667,44,0,False,False,,,,,,,,,,,
margin,Wisconsin,scientific_f1_m10,7.4926951988004715,45,0,False,False,,,,,,,,,,,
margin,Louisiana,scientific_f1_m10,6.972151049004082,46,0,False,False,,,,,,,,,,,
margin,Ole Miss,scientific_f1_m10,6.7881317789845745,47,0,False,False,,,,,,,,,,,
margin,Auburn,scientific_f1_m10,6.613050598006283,48,0,False,False,,,,,,,,,,,
margin,Northwestern,scientific_f1_m10,6.529552335505752,49,0,False,False,,,,,,,,,,,
margin,Oklahoma State,scientific_f1_m10,6.358310078757585,50,0,False,False,,,,,,,,,,,
margin,Louisiana Tech,scientific_f1_m10,6.137366041867638,51,0,False,False,,,,,,,,,,,
margin,Massachusetts,scientific_f1_m10,6.082593183099217,52,0,False,False,,,,,,,,,,,
margin,Army,scientific_f1_m10,5.907983093665613,53,0,False,False,,,,,,,,,,,
margin,Arizona State,scientific_f1_m10,5.899295597654235,54,0,False,False,,,,,,,,,,,
margin,Boise State,scientific_f1_m10,5.7476664279830425,55,0,False,False,,,,,,,,,,,
margin,Colorado State,scientific_f1_m10,5.632153196852194,56,0,False,False,,,,,,,,,,,
margin,Western Michigan,scientific_f1_m10,5.480157224481644,57,0,False,False,,,,,,,,,,,
margin,Tulsa,scientific_f1_m10,5.404536237248391,58,0,False,False,,,,,,,,,,,
margin,Arizona,scientific_f1_m10,4.950969074520437,59,0,False,False,,,,,,,,,,,
margin,South Florida,scientific_f1_m10,4.669845114673798,60,0,False,False,,,,,,,,,,,
margin,Virginia,scientific_f1_m10,4.319529050808008,61,0,False,False,,,,,,,,,,,
margin,Arkansas State,scientific_f1_m10,4.1292931662560495,62,0,False,False,,,,,,,,,,,
margin,Coastal Carolina,scientific_f1_m10,4.047312254814764,63,0,False,False,,,,,,,,,,,
margin,Navy,scientific_f1_m10,3.781522776348519,64,0,False,False,,,,,,,,,,,
margin,Georgia Tech,scientific_f1_m10,3.7431532127891813,65,0,False,False,,,,,,,,,,,
margin,Duke,scientific_f1_m10,2.7726625746295235,66,0,False,False,,,,,,,,,,,
margin,Colorado,scientific_f1_m10,2.76310167448632,67,0,False,False,,,,,,,,,,,
margin,Kentucky,scientific_f1_m10,2.7077148444157784,68,0,False,False,,,,,,,,,,,
margin,App State,scientific_f1_m10,2.165292109128129,69,0,False,False,,,,,,,,,,,
margin,Jacksonville State,scientific_f1_m10,2.0991385664740916,70,0,False,False,,,,,,,,,,,
margin,Michigan State,scientific_f1_m10,1.9783420505919502,71,0,False,False,,,,,,,,,,,
margin,BYU,scientific_f1_m10,1.7871146259230961,72,0,False,False,,,,,,,,,,,
margin,Georgia State,scientific_f1_m10,1.7399421376838673,73,0,False,False,,,,,,,,,,,
margin,Rutgers,scientific_f1_m10,1.625243234051473,74,0,False,False,,,,,,,,,,,
margin,California,scientific_f1_m10,1.4160935321392782,75,0,False,False,,,,,,,,,,,
margin,Liberty,scientific_f1_m10,1.278729325884594,76,0,False,False,,,,,,,,,,,
margin,Miami (OH),scientific_f1_m10,1.2172451096818702,77,0,False,False,,,,,,,,,,,
margin,Cincinnati,scientific_f1_m10,1.0129708027718447,78,0,False,False,,,,,,,,,,,
margin,Temple,scientific_f1_m10,0.9874493114596092,79,0,False,False,,,,,,,,,,,
margin,Louisville,scientific_f1_m10,0.9270648430509124,80,0,False,False,,,,,,,,,,,
margin,Hawai'i,scientific_f1_m10,0.9234629878817927,81,0,False,False,,,,,,,,,,,
margin,Memphis,scientific_f1_m10,0.9108109515263202,82,0,False,False,,,,,,,,,,,
margin,Baylor,scientific_f1_m10,0.7592297297588884,83,0,False,False,,,,,,,,,,,
margin,Oregon State,scientific_f1_m10,0.09193764858346509,84,0,False,False,,,,,,,,,,,
margin,UAB,scientific_f1_m10,-0.2721213226257096,85,0,False,False,,,,,,,,,,,
margin,Troy,scientific_f1_m10,-0.5890939740407264,86,0,False,False,,,,,,,,,,,
margin,UTSA,scientific_f1_m10,-1.1214130441151238,87,0,False,False,,,,,,,,,,,
margin,South Alabama,scientific_f1_m10,-1.2208991507222475,88,0,False,False,,,,,,,,,,,
margin,North Dakota State,scientific_f1_m10,-1.2403681785068097,89,0,False,False,,,,,,,,,,,
margin,Texas Tech,scientific_f1_m10,-1.5466353361757517,90,0,False,False,,,,,,,,,,,
margin,Air Force,scientific_f1_m10,-1.5682975017633058,91,0,False,False,,,,,,,,,,,
margin,Middle Tennessee,scientific_f1_m10,-1.8518335695811476,92,0,False,False,,,,,,,,,,,
margin,UL Monroe,scientific_f1_m10,-2.1675745327806757,93,0,False,False,,,,,,,,,,,
margin,North Texas,scientific_f1_m10,-2.5199936618178285,94,0,False,False,,,,,,,,,,,
margin,San José State,scientific_f1_m10,-2.7468412767252213,95,0,False,False,,,,,,,,,,,
margin,Purdue,scientific_f1_m10,-3.3597004735004035,96,0,False,False,,,,,,,,,,,
margin,East Carolina,scientific_f1_m10,-3.5319645576145557,97,0,False,False,,,,,,,,,,,
margin,UConn,scientific_f1_m10,-3.641401419775729,98,0,False,False,,,,,,,,,,,
margin,Washington State,scientific_f1_m10,-4.057927260103923,99,0,False,False,,,,,,,,,,,
margin,Boston College,scientific_f1_m10,-4.088562750161552,100,0,False,False,,,,,,,,,,,
margin,Georgia Southern,scientific_f1_m10,-4.379705010126304,101,0,False,False,,,,,,,,,,,
margin,Wake Forest,scientific_f1_m10,-5.2918958107041405,102,0,False,False,,,,,,,,,,,
margin,Kansas,scientific_f1_m10,-5.398351114056108,103,0,False,False,,,,,,,,,,,
margin,Stanford,scientific_f1_m10,-5.555863398497093,104,0,False,False,,,,,,,,,,,
margin,Florida International,scientific_f1_m10,-5.682774742385777,105,0,False,False,,,,,,,,,,,
margin,Clemson,scientific_f1_m10,-6.08725366783169,106,0,False,False,,,,,,,,,,,
margin,Kennesaw State,scientific_f1_m10,-6.543440481679805,107,0,False,False,,,,,,,,,,,
margin,Sam Houston,scientific_f1_m10,-6.832743785551972,108,0,False,False,,,,,,,,,,,
margin,Charlotte,scientific_f1_m10,-7.083661243896712,109,0,False,False,,,,,,,,,,,
margin,Missouri State,scientific_f1_m10,-7.121103142228969,110,0,False,False,,,,,,,,,,,
margin,Delaware,scientific_f1_m10,-7.214495167214466,111,0,False,False,,,,,,,,,,,
margin,UTEP,scientific_f1_m10,-7.267089018680627,112,0,False,False,,,,,,,,,,,
margin,Florida Atlantic,scientific_f1_m10,-8.112292228290935,113,0,False,False,,,,,,,,,,,
margin,Sacramento State,scientific_f1_m10,-8.573428073129548,114,0,False,False,,,,,,,,,,,
margin,UNLV,scientific_f1_m10,-9.013187006537974,115,0,False,False,,,,,,,,,,,
margin,Maryland,scientific_f1_m10,-9.151754868725307,116,0,False,False,,,,,,,,,,,
margin,San Diego State,scientific_f1_m10,-9.492386661294383,117,0,False,False,,,,,,,,,,,
margin,Nevada,scientific_f1_m10,-9.543613740675559,118,0,False,False,,,,,,,,,,,
margin,Akron,scientific_f1_m10,-9.619617807029282,119,0,False,False,,,,,,,,,,,
margin,Eastern Michigan,scientific_f1_m10,-9.737144791529413,120,0,False,False,,,,,,,,,,,
margin,Tulane,scientific_f1_m10,-10.019434338776717,121,0,False,False,,,,,,,,,,,
margin,Ohio,scientific_f1_m10,-10.10493742286511,122,0,False,False,,,,,,,,,,,
margin,Arkansas,scientific_f1_m10,-10.27355421538802,123,0,False,False,,,,,,,,,,,
margin,Rice,scientific_f1_m10,-10.564721059061803,124,0,False,False,,,,,,,,,,,
margin,Central Michigan,scientific_f1_m10,-11.402277268643173,125,0,False,False,,,,,,,,,,,
margin,Northern Illinois,scientific_f1_m10,-11.50461406744337,126,0,False,False,,,,,,,,,,,
margin,Southern Miss,scientific_f1_m10,-12.533046751001528,127,0,False,False,,,,,,,,,,,
margin,New Mexico State,scientific_f1_m10,-12.549015726303182,128,0,False,False,,,,,,,,,,,
margin,Buffalo,scientific_f1_m10,-13.295127176135287,129,0,False,False,,,,,,,,,,,
margin,Wyoming,scientific_f1_m10,-14.074419582356622,130,0,False,False,,,,,,,,,,,
margin,Ball State,scientific_f1_m10,-14.688984494547269,131,0,False,False,,,,,,,,,,,
margin,Utah State,scientific_f1_m10,-16.389039380061547,132,0,False,False,,,,,,,,,,,
margin,Old Dominion,scientific_f1_m10,-16.824302688506812,133,0,False,False,,,,,,,,,,,
margin,Texas State,scientific_f1_m10,-18.281422696768285,134,0,False,False,,,,,,,,,,,
margin,Kent State,scientific_f1_m10,-19.44983856696162,135,0,False,False,,,,,,,,,,,
margin,Bowling Green,scientific_f1_m10,-20.80604920125841,136,0,False,False,,,,,,,,,,,
margin,Western Kentucky,scientific_f1_m10,-21.46694105628152,137,0,False,False,,,,,,,,,,,
margin,Marshall,scientific_f1_m10,-23.54219207965205,138,0,False,False,,,,,,,,,,,
margin,Georgia,scientific_f2_m1,28.16164474221437,1,25,True,True,,,,,,,,,,,
margin,Ohio State,scientific_f2_m1,25.2082634847797,2,24,True,False,,,,,,,,,,,
margin,Notre Dame,scientific_f2_m1,24.389998020677197,3,23,True,False,,,,,,,,,,,
margin,Indiana,scientific_f2_m1,23.48332928744589,4,22,True,False,,,,,,,,,,,
margin,Oregon,scientific_f2_m1,22.72981317395248,5,21,True,False,,,,,,,,,,,
margin,Texas,scientific_f2_m1,21.643481343522502,6,20,True,False,,,,,,,,,,,
margin,Alabama,scientific_f2_m1,21.569784261658356,7,19,True,False,,,,,,,,,,,
margin,Penn State,scientific_f2_m1,21.43561303129986,8,18,True,False,,,,,,,,,,,
margin,Tennessee,scientific_f2_m1,21.16085185840241,9,17,True,False,,,,,,,,,,,
margin,Florida,scientific_f2_m1,20.87500455354835,10,16,True,False,,,,,,,,,,,
margin,South Carolina,scientific_f2_m1,20.31060444558733,11,15,True,False,,,,,,,,,,,
margin,Miami,scientific_f2_m1,20.240818982286804,12,14,True,False,,,,,,,,,,,
margin,Nebraska,scientific_f2_m1,19.89735711855142,13,13,True,False,,,,,,,,,,,
margin,LSU,scientific_f2_m1,19.137340481605733,14,12,True,False,,,,,,,,,,,
margin,Utah,scientific_f2_m1,17.814320574452083,15,11,True,False,,,,,,,,,,,
margin,Texas A&M,scientific_f2_m1,16.48198238447077,16,10,True,False,,,,,,,,,,,
margin,BYU,scientific_f2_m1,16.415211505742114,17,9,True,False,,,,,,,,,,,
margin,Kansas State,scientific_f2_m1,16.368638998771324,18,8,True,False,,,,,,,,,,,
margin,Virginia Tech,scientific_f2_m1,16.2927637235031,19,7,True,False,,,,,,,,,,,
margin,Houston,scientific_f2_m1,15.407306875574971,20,6,True,False,,,,,,,,,,,
margin,Mississippi State,scientific_f2_m1,14.988936294996554,21,5,True,False,,,,,,,,,,,
margin,Ole Miss,scientific_f2_m1,14.905986012669311,22,4,True,False,,,,,,,,,,,
margin,Washington,scientific_f2_m1,14.22998088320265,23,3,True,False,,,,,,,,,,,
margin,Iowa,scientific_f2_m1,13.721809049585802,24,2,True,False,,,,,,,,,,,
margin,TCU,scientific_f2_m1,13.65349881831791,25,1,True,False,,,,,,,,,,,
margin,Maryland,scientific_f2_m1,13.562353714780274,26,0,False,False,,,,,,,,,,,
margin,USC,scientific_f2_m1,13.141661352621533,27,0,False,False,,,,,,,,,,,
margin,Oklahoma,scientific_f2_m1,12.991231211285612,28,0,False,False,,,,,,,,,,,
margin,Michigan,scientific_f2_m1,12.889532252976352,29,0,False,False,,,,,,,,,,,
margin,New Mexico,scientific_f2_m1,12.7971803346228,30,0,False,False,,,,,,,,,,,
margin,Illinois,scientific_f2_m1,12.788239107605024,31,0,False,False,,,,,,,,,,,
margin,Minnesota,scientific_f2_m1,12.03545664412484,32,0,False,False,,,,,,,,,,,
margin,North Carolina,scientific_f2_m1,11.359008291464928,33,0,False,False,,,,,,,,,,,
margin,Baylor,scientific_f2_m1,11.063572061564505,34,0,False,False,,,,,,,,,,,
margin,Pittsburgh,scientific_f2_m1,10.888993767334469,35,0,False,False,,,,,,,,,,,
margin,Missouri,scientific_f2_m1,10.63463436513623,36,0,False,False,,,,,,,,,,,
margin,James Madison,scientific_f2_m1,10.46183630096198,37,0,False,False,,,,,,,,,,,
margin,Northwestern,scientific_f2_m1,9.903543227081572,38,0,False,False,,,,,,,,,,,
margin,UCF,scientific_f2_m1,9.379201788503536,39,0,False,False,,,,,,,,,,,
margin,Wisconsin,scientific_f2_m1,9.15441165159817,40,0,False,False,,,,,,,,,,,
margin,West Virginia,scientific_f2_m1,9.046480769886344,41,0,False,False,,,,,,,,,,,
margin,Virginia,scientific_f2_m1,8.762946483862997,42,0,False,False,,,,,,,,,,,
margin,UCLA,scientific_f2_m1,8.617649944263436,43,0,False,False,,,,,,,,,,,
margin,Auburn,scientific_f2_m1,8.514321731460518,44,0,False,False,,,,,,,,,,,
margin,South Florida,scientific_f2_m1,8.392674526491595,45,0,False,False,,,,,,,,,,,
margin,Louisville,scientific_f2_m1,8.254298322651545,46,0,False,False,,,,,,,,,,,
margin,Arizona,scientific_f2_m1,7.956991862899349,47,0,False,False,,,,,,,,,,,
margin,Kentucky,scientific_f2_m1,6.814338191840576,48,0,False,False,,,,,,,,,,,
margin,Texas Tech,scientific_f2_m1,6.716961795826993,49,0,False,False,,,,,,,,,,,
margin,Tulsa,scientific_f2_m1,6.423912093956493,50,0,False,False,,,,,,,,,,,
margin,Duke,scientific_f2_m1,6.219667935887709,51,0,False,False,,,,,,,,,,,
margin,SMU,scientific_f2_m1,6.20468788962776,52,0,False,False,,,,,,,,,,,
margin,Oklahoma State,scientific_f2_m1,6.162622032855066,53,0,False,False,,,,,,,,,,,
margin,Florida State,scientific_f2_m1,6.002704847925339,54,0,False,False,,,,,,,,,,,
margin,Vanderbilt,scientific_f2_m1,5.783203271842537,55,0,False,False,,,,,,,,,,,
margin,Arizona State,scientific_f2_m1,5.732765516900413,56,0,False,False,,,,,,,,,,,
margin,Cincinnati,scientific_f2_m1,5.633783879196114,57,0,False,False,,,,,,,,,,,
margin,California,scientific_f2_m1,5.401325235039304,58,0,False,False,,,,,,,,,,,
margin,Kansas,scientific_f2_m1,5.310891903491534,59,0,False,False,,,,,,,,,,,
margin,Boise State,scientific_f2_m1,5.238459726349598,60,0,False,False,,,,,,,,,,,
margin,App State,scientific_f2_m1,5.195192587870155,61,0,False,False,,,,,,,,,,,
margin,Iowa State,scientific_f2_m1,4.997910489504683,62,0,False,False,,,,,,,,,,,
margin,Michigan State,scientific_f2_m1,4.46783074690749,63,0,False,False,,,,,,,,,,,
margin,NC State,scientific_f2_m1,4.431477350796015,64,0,False,False,,,,,,,,,,,
margin,UConn,scientific_f2_m1,4.323122076143336,65,0,False,False,,,,,,,,,,,
margin,Purdue,scientific_f2_m1,4.206665242636222,66,0,False,False,,,,,,,,,,,
margin,Liberty,scientific_f2_m1,3.8424940675450414,67,0,False,False,,,,,,,,,,,
margin,Syracuse,scientific_f2_m1,3.559339472047862,68,0,False,False,,,,,,,,,,,
margin,Wake Forest,scientific_f2_m1,3.310643582590674,69,0,False,False,,,,,,,,,,,
margin,Memphis,scientific_f2_m1,2.860242950030102,70,0,False,False,,,,,,,,,,,
margin,Georgia State,scientific_f2_m1,2.69100186417591,71,0,False,False,,,,,,,,,,,
margin,Colorado State,scientific_f2_m1,2.0691650749407233,72,0,False,False,,,,,,,,,,,
margin,Sam Houston,scientific_f2_m1,1.4320688409212865,73,0,False,False,,,,,,,,,,,
margin,Massachusetts,scientific_f2_m1,1.296033863739284,74,0,False,False,,,,,,,,,,,
margin,Colorado,scientific_f2_m1,1.2151640935144412,75,0,False,False,,,,,,,,,,,
margin,Georgia Southern,scientific_f2_m1,0.7692788515821944,76,0,False,False,,,,,,,,,,,
margin,Coastal Carolina,scientific_f2_m1,0.31692899238510774,77,0,False,False,,,,,,,,,,,
margin,Georgia Tech,scientific_f2_m1,0.25028087933830445,78,0,False,False,,,,,,,,,,,
margin,North Dakota State,scientific_f2_m1,0.036957349367660264,79,0,False,False,,,,,,,,,,,
margin,Toledo,scientific_f2_m1,-0.20441741598257046,80,0,False,False,,,,,,,,,,,
margin,Boston College,scientific_f2_m1,-0.5770470729304202,81,0,False,False,,,,,,,,,,,
margin,Jacksonville State,scientific_f2_m1,-0.6363629108654001,82,0,False,False,,,,,,,,,,,
margin,Middle Tennessee,scientific_f2_m1,-0.8413607469574185,83,0,False,False,,,,,,,,,,,
margin,South Alabama,scientific_f2_m1,-0.9826815613594677,84,0,False,False,,,,,,,,,,,
margin,Florida International,scientific_f2_m1,-1.2600293999499579,85,0,False,False,,,,,,,,,,,
margin,Temple,scientific_f2_m1,-1.3535608585214511,86,0,False,False,,,,,,,,,,,
margin,UTSA,scientific_f2_m1,-1.8874926365789557,87,0,False,False,,,,,,,,,,,
margin,New Mexico State,scientific_f2_m1,-2.026392333908719,88,0,False,False,,,,,,,,,,,
margin,Clemson,scientific_f2_m1,-2.1432084929660586,89,0,False,False,,,,,,,,,,,
margin,Oregon State,scientific_f2_m1,-2.4985675718825417,90,0,False,False,,,,,,,,,,,
margin,Fresno State,scientific_f2_m1,-2.894513293967573,91,0,False,False,,,,,,,,,,,
margin,Miami (OH),scientific_f2_m1,-3.0517872447622354,92,0,False,False,,,,,,,,,,,
margin,Western Michigan,scientific_f2_m1,-3.109977603487536,93,0,False,False,,,,,,,,,,,
margin,Delaware,scientific_f2_m1,-3.187336338896203,94,0,False,False,,,,,,,,,,,
margin,UAB,scientific_f2_m1,-3.2754981274955375,95,0,False,False,,,,,,,,,,,
margin,Southern Miss,scientific_f2_m1,-3.3997100878828093,96,0,False,False,,,,,,,,,,,
margin,Louisiana,scientific_f2_m1,-3.676522729760473,97,0,False,False,,,,,,,,,,,
margin,Nevada,scientific_f2_m1,-3.7197612255201005,98,0,False,False,,,,,,,,,,,
margin,Air Force,scientific_f2_m1,-4.0020113480801225,99,0,False,False,,,,,,,,,,,
margin,Army,scientific_f2_m1,-4.155431592617701,100,0,False,False,,,,,,,,,,,
margin,Arkansas State,scientific_f2_m1,-4.557301238836532,101,0,False,False,,,,,,,,,,,
margin,Rutgers,scientific_f2_m1,-4.940064890894188,102,0,False,False,,,,,,,,,,,
margin,Hawai'i,scientific_f2_m1,-5.144696265287115,103,0,False,False,,,,,,,,,,,
margin,Troy,scientific_f2_m1,-5.27790992378263,104,0,False,False,,,,,,,,,,,
margin,Tulane,scientific_f2_m1,-5.5349986812066465,105,0,False,False,,,,,,,,,,,
margin,San Diego State,scientific_f2_m1,-5.8226285880249655,106,0,False,False,,,,,,,,,,,
margin,Old Dominion,scientific_f2_m1,-5.82885774991936,107,0,False,False,,,,,,,,,,,
margin,Stanford,scientific_f2_m1,-5.865833263668339,108,0,False,False,,,,,,,,,,,
margin,Florida Atlantic,scientific_f2_m1,-6.991345276356897,109,0,False,False,,,,,,,,,,,
margin,North Texas,scientific_f2_m1,-7.286099268759024,110,0,False,False,,,,,,,,,,,
margin,Texas State,scientific_f2_m1,-7.359898227398258,111,0,False,False,,,,,,,,,,,
margin,Washington State,scientific_f2_m1,-7.510782815254961,112,0,False,False,,,,,,,,,,,
margin,San José State,scientific_f2_m1,-7.752656023877908,113,0,False,False,,,,,,,,,,,
margin,East Carolina,scientific_f2_m1,-8.207620482089087,114,0,False,False,,,,,,,,,,,
margin,Louisiana Tech,scientific_f2_m1,-8.253039636393437,115,0,False,False,,,,,,,,,,,
margin,Arkansas,scientific_f2_m1,-8.424644648008828,116,0,False,False,,,,,,,,,,,
margin,UNLV,scientific_f2_m1,-8.655670967988291,117,0,False,False,,,,,,,,,,,
margin,Rice,scientific_f2_m1,-8.709129063339175,118,0,False,False,,,,,,,,,,,
margin,Central Michigan,scientific_f2_m1,-8.770413449085098,119,0,False,False,,,,,,,,,,,
margin,Sacramento State,scientific_f2_m1,-8.921340966548886,120,0,False,False,,,,,,,,,,,
margin,Charlotte,scientific_f2_m1,-9.7789788777755,121,0,False,False,,,,,,,,,,,
margin,Kennesaw State,scientific_f2_m1,-9.790531774956191,122,0,False,False,,,,,,,,,,,
margin,Akron,scientific_f2_m1,-10.14019163597488,123,0,False,False,,,,,,,,,,,
margin,Wyoming,scientific_f2_m1,-11.307703370376638,124,0,False,False,,,,,,,,,,,
margin,Missouri State,scientific_f2_m1,-11.738775126135609,125,0,False,False,,,,,,,,,,,
margin,Navy,scientific_f2_m1,-11.993583085439232,126,0,False,False,,,,,,,,,,,
margin,Ohio,scientific_f2_m1,-12.411604111268824,127,0,False,False,,,,,,,,,,,
margin,Utah State,scientific_f2_m1,-13.444202042113057,128,0,False,False,,,,,,,,,,,
margin,UTEP,scientific_f2_m1,-13.555781467002381,129,0,False,False,,,,,,,,,,,
margin,Marshall,scientific_f2_m1,-13.705816602907179,130,0,False,False,,,,,,,,,,,
margin,Buffalo,scientific_f2_m1,-14.258527021496542,131,0,False,False,,,,,,,,,,,
margin,Eastern Michigan,scientific_f2_m1,-14.276603634149096,132,0,False,False,,,,,,,,,,,
margin,Ball State,scientific_f2_m1,-16.405599068865186,133,0,False,False,,,,,,,,,,,
margin,UL Monroe,scientific_f2_m1,-17.40865506408268,134,0,False,False,,,,,,,,,,,
margin,Bowling Green,scientific_f2_m1,-20.84382848982522,135,0,False,False,,,,,,,,,,,
margin,Northern Illinois,scientific_f2_m1,-21.990198672123192,136,0,False,False,,,,,,,,,,,
margin,Western Kentucky,scientific_f2_m1,-24.492510602490327,137,0,False,False,,,,,,,,,,,
margin,Kent State,scientific_f2_m1,-25.080365569567242,138,0,False,False,,,,,,,,,,,
margin,Georgia,scientific_f2_m2,32.27256856853908,1,25,True,True,,,,,,,,,,,
margin,Notre Dame,scientific_f2_m2,28.228418013215652,2,24,True,False,,,,,,,,,,,
margin,Ohio State,scientific_f2_m2,26.526038830765636,3,23,True,False,,,,,,,,,,,
margin,Miami,scientific_f2_m2,26.19385826676763,4,22,True,False,,,,,,,,,,,
margin,Oregon,scientific_f2_m2,24.449017744328465,5,21,True,False,,,,,,,,,,,
margin,Alabama,scientific_f2_m2,23.648060371211375,6,20,True,False,,,,,,,,,,,
margin,Tennessee,scientific_f2_m2,23.52503849749406,7,19,True,False,,,,,,,,,,,
margin,Florida,scientific_f2_m2,22.901648230939767,8,18,True,False,,,,,,,,,,,
margin,Texas,scientific_f2_m2,22.37704218478751,9,17,True,False,,,,,,,,,,,
margin,Indiana,scientific_f2_m2,21.69290186655916,10,16,True,False,,,,,,,,,,,
margin,Nebraska,scientific_f2_m2,21.087511268738716,11,15,True,False,,,,,,,,,,,
margin,South Carolina,scientific_f2_m2,20.94477474911738,12,14,True,False,,,,,,,,,,,
margin,Penn State,scientific_f2_m2,20.867697340719815,13,13,True,False,,,,,,,,,,,
margin,LSU,scientific_f2_m2,19.539534840854422,14,12,True,False,,,,,,,,,,,
margin,Mississippi State,scientific_f2_m2,18.742562462502036,15,11,True,False,,,,,,,,,,,
margin,Utah,scientific_f2_m2,18.315904496223414,16,10,True,False,,,,,,,,,,,
margin,Texas A&M,scientific_f2_m2,18.2554759091462,17,9,True,False,,,,,,,,,,,
margin,Virginia Tech,scientific_f2_m2,16.332154614232326,18,8,True,False,,,,,,,,,,,
margin,Ole Miss,scientific_f2_m2,16.153606856968274,19,7,True,False,,,,,,,,,,,
margin,BYU,scientific_f2_m2,15.883563316950301,20,6,True,False,,,,,,,,,,,
margin,Kansas State,scientific_f2_m2,15.71687785236644,21,5,True,False,,,,,,,,,,,
margin,Houston,scientific_f2_m2,14.723503407620868,22,4,True,False,,,,,,,,,,,
margin,Iowa,scientific_f2_m2,14.675189916574361,23,3,True,False,,,,,,,,,,,
margin,Illinois,scientific_f2_m2,13.607016039565764,24,2,True,False,,,,,,,,,,,
margin,USC,scientific_f2_m2,13.307847326427193,25,1,True,False,,,,,,,,,,,
margin,TCU,scientific_f2_m2,13.235028544028157,26,0,False,False,,,,,,,,,,,
margin,Michigan,scientific_f2_m2,13.020196993673338,27,0,False,False,,,,,,,,,,,
margin,James Madison,scientific_f2_m2,12.590687182624002,28,0,False,False,,,,,,,,,,,
margin,West Virginia,scientific_f2_m2,12.12516054376161,29,0,False,False,,,,,,,,,,,
margin,Maryland,scientific_f2_m2,11.931033249650891,30,0,False,False,,,,,,,,,,,
margin,Washington,scientific_f2_m2,11.457983109376542,31,0,False,False,,,,,,,,,,,
margin,Oklahoma,scientific_f2_m2,11.191792627873575,32,0,False,False,,,,,,,,,,,
margin,Baylor,scientific_f2_m2,11.11379589784174,33,0,False,False,,,,,,,,,,,
margin,Minnesota,scientific_f2_m2,10.851914588442682,34,0,False,False,,,,,,,,,,,
margin,Missouri,scientific_f2_m2,10.460420220559392,35,0,False,False,,,,,,,,,,,
margin,Northwestern,scientific_f2_m2,10.362866846270663,36,0,False,False,,,,,,,,,,,
margin,Pittsburgh,scientific_f2_m2,9.311502601471588,37,0,False,False,,,,,,,,,,,
margin,Louisville,scientific_f2_m2,8.685245808267961,38,0,False,False,,,,,,,,,,,
margin,Virginia,scientific_f2_m2,8.416077955073707,39,0,False,False,,,,,,,,,,,
margin,UCF,scientific_f2_m2,8.157339147322023,40,0,False,False,,,,,,,,,,,
margin,North Carolina,scientific_f2_m2,8.001972972719315,41,0,False,False,,,,,,,,,,,
margin,Wisconsin,scientific_f2_m2,7.992648041252932,42,0,False,False,,,,,,,,,,,
margin,South Florida,scientific_f2_m2,7.747794120241063,43,0,False,False,,,,,,,,,,,
margin,SMU,scientific_f2_m2,7.242007782361326,44,0,False,False,,,,,,,,,,,
margin,UCLA,scientific_f2_m2,6.580054509220447,45,0,False,False,,,,,,,,,,,
margin,Auburn,scientific_f2_m2,6.5284764572825695,46,0,False,False,,,,,,,,,,,
margin,App State,scientific_f2_m2,6.446592853619056,47,0,False,False,,,,,,,,,,,
margin,Oklahoma State,scientific_f2_m2,6.4180904503228815,48,0,False,False,,,,,,,,,,,
margin,Arizona,scientific_f2_m2,6.318843145293916,49,0,False,False,,,,,,,,,,,
margin,Iowa State,scientific_f2_m2,5.704158844408387,50,0,False,False,,,,,,,,,,,
margin,Cincinnati,scientific_f2_m2,5.690171433503537,51,0,False,False,,,,,,,,,,,
margin,Texas Tech,scientific_f2_m2,5.452997275691588,52,0,False,False,,,,,,,,,,,
margin,New Mexico,scientific_f2_m2,5.393381249582551,53,0,False,False,,,,,,,,,,,
margin,Kansas,scientific_f2_m2,4.742974153708736,54,0,False,False,,,,,,,,,,,
margin,Vanderbilt,scientific_f2_m2,4.706130355130727,55,0,False,False,,,,,,,,,,,
margin,Duke,scientific_f2_m2,4.483823285217403,56,0,False,False,,,,,,,,,,,
margin,Purdue,scientific_f2_m2,4.044225459486972,57,0,False,False,,,,,,,,,,,
margin,NC State,scientific_f2_m2,3.8829624396821156,58,0,False,False,,,,,,,,,,,
margin,Georgia State,scientific_f2_m2,3.8409263545077357,59,0,False,False,,,,,,,,,,,
margin,Kentucky,scientific_f2_m2,3.802852639093879,60,0,False,False,,,,,,,,,,,
margin,UConn,scientific_f2_m2,3.622887199556552,61,0,False,False,,,,,,,,,,,
margin,Army,scientific_f2_m2,3.3236268027969578,62,0,False,False,,,,,,,,,,,
margin,Tulsa,scientific_f2_m2,2.6636494755995512,63,0,False,False,,,,,,,,,,,
margin,Arizona State,scientific_f2_m2,2.6040256449037527,64,0,False,False,,,,,,,,,,,
margin,Sam Houston,scientific_f2_m2,1.8675868233264792,65,0,False,False,,,,,,,,,,,
margin,Liberty,scientific_f2_m2,1.631390375182284,66,0,False,False,,,,,,,,,,,
margin,Florida State,scientific_f2_m2,1.529323675059219,67,0,False,False,,,,,,,,,,,
margin,Michigan State,scientific_f2_m2,1.4915141458989813,68,0,False,False,,,,,,,,,,,
margin,Boise State,scientific_f2_m2,0.9574817836167666,69,0,False,False,,,,,,,,,,,
margin,Wake Forest,scientific_f2_m2,0.8185306429542489,70,0,False,False,,,,,,,,,,,
margin,Massachusetts,scientific_f2_m2,0.7794958581845153,71,0,False,False,,,,,,,,,,,
margin,Toledo,scientific_f2_m2,0.7635292863079899,72,0,False,False,,,,,,,,,,,
margin,Memphis,scientific_f2_m2,0.7397581281560912,73,0,False,False,,,,,,,,,,,
margin,Colorado State,scientific_f2_m2,0.5217449682414284,74,0,False,False,,,,,,,,,,,
margin,Syracuse,scientific_f2_m2,0.04019437787184943,75,0,False,False,,,,,,,,,,,
margin,Air Force,scientific_f2_m2,-0.16256676778977708,76,0,False,False,,,,,,,,,,,
margin,North Dakota State,scientific_f2_m2,-0.20685542556139458,77,0,False,False,,,,,,,,,,,
margin,California,scientific_f2_m2,-0.5423453659902995,78,0,False,False,,,,,,,,,,,
margin,Georgia Southern,scientific_f2_m2,-0.6956911169907065,79,0,False,False,,,,,,,,,,,
margin,Georgia Tech,scientific_f2_m2,-1.722563254312005,80,0,False,False,,,,,,,,,,,
margin,South Alabama,scientific_f2_m2,-2.0139389792016473,81,0,False,False,,,,,,,,,,,
margin,New Mexico State,scientific_f2_m2,-2.4901364719217165,82,0,False,False,,,,,,,,,,,
margin,Colorado,scientific_f2_m2,-2.517087762074259,83,0,False,False,,,,,,,,,,,
margin,Coastal Carolina,scientific_f2_m2,-2.965875005801892,84,0,False,False,,,,,,,,,,,
margin,Jacksonville State,scientific_f2_m2,-3.3249733889805326,85,0,False,False,,,,,,,,,,,
margin,Oregon State,scientific_f2_m2,-3.55904454057141,86,0,False,False,,,,,,,,,,,
margin,Temple,scientific_f2_m2,-3.943148450312425,87,0,False,False,,,,,,,,,,,
margin,Middle Tennessee,scientific_f2_m2,-4.0649980741806795,88,0,False,False,,,,,,,,,,,
margin,Miami (OH),scientific_f2_m2,-4.161831991352765,89,0,False,False,,,,,,,,,,,
margin,Florida International,scientific_f2_m2,-4.402692605500136,90,0,False,False,,,,,,,,,,,
margin,Fresno State,scientific_f2_m2,-4.726084406478639,91,0,False,False,,,,,,,,,,,
margin,Delaware,scientific_f2_m2,-4.8844200879722965,92,0,False,False,,,,,,,,,,,
margin,Boston College,scientific_f2_m2,-4.9973832447568665,93,0,False,False,,,,,,,,,,,
margin,Western Michigan,scientific_f2_m2,-5.364108155146843,94,0,False,False,,,,,,,,,,,
margin,Louisiana,scientific_f2_m2,-5.6675022979912795,95,0,False,False,,,,,,,,,,,
margin,Troy,scientific_f2_m2,-5.84478094510213,96,0,False,False,,,,,,,,,,,
margin,Nevada,scientific_f2_m2,-6.078708821156409,97,0,False,False,,,,,,,,,,,
margin,UTSA,scientific_f2_m2,-6.489374860470929,98,0,False,False,,,,,,,,,,,
margin,Navy,scientific_f2_m2,-6.783366704465057,99,0,False,False,,,,,,,,,,,
margin,Clemson,scientific_f2_m2,-7.09381165344444,100,0,False,False,,,,,,,,,,,
margin,Hawai'i,scientific_f2_m2,-7.833549009125107,101,0,False,False,,,,,,,,,,,
margin,Arkansas,scientific_f2_m2,-8.18377430810009,102,0,False,False,,,,,,,,,,,
margin,Arkansas State,scientific_f2_m2,-8.262483725005488,103,0,False,False,,,,,,,,,,,
margin,Southern Miss,scientific_f2_m2,-8.355399475420388,104,0,False,False,,,,,,,,,,,
margin,Rice,scientific_f2_m2,-8.892980767705918,105,0,False,False,,,,,,,,,,,
margin,Rutgers,scientific_f2_m2,-8.968720323355756,106,0,False,False,,,,,,,,,,,
margin,Tulane,scientific_f2_m2,-9.066880993637586,107,0,False,False,,,,,,,,,,,
margin,Old Dominion,scientific_f2_m2,-9.09134990463534,108,0,False,False,,,,,,,,,,,
margin,UAB,scientific_f2_m2,-9.109681342345159,109,0,False,False,,,,,,,,,,,
margin,Louisiana Tech,scientific_f2_m2,-9.947448854439408,110,0,False,False,,,,,,,,,,,
margin,Texas State,scientific_f2_m2,-9.955823400858925,111,0,False,False,,,,,,,,,,,
margin,Stanford,scientific_f2_m2,-10.494516514209195,112,0,False,False,,,,,,,,,,,
margin,Sacramento State,scientific_f2_m2,-10.585066374928928,113,0,False,False,,,,,,,,,,,
margin,Kennesaw State,scientific_f2_m2,-11.164754414274647,114,0,False,False,,,,,,,,,,,
margin,Central Michigan,scientific_f2_m2,-11.1987061441338,115,0,False,False,,,,,,,,,,,
margin,Washington State,scientific_f2_m2,-11.409387767984015,116,0,False,False,,,,,,,,,,,
margin,San Diego State,scientific_f2_m2,-11.430649797554004,117,0,False,False,,,,,,,,,,,
margin,Florida Atlantic,scientific_f2_m2,-11.459607310570245,118,0,False,False,,,,,,,,,,,
margin,Akron,scientific_f2_m2,-12.345178782561806,119,0,False,False,,,,,,,,,,,
margin,North Texas,scientific_f2_m2,-12.523767454517799,120,0,False,False,,,,,,,,,,,
margin,Ohio,scientific_f2_m2,-12.824667625550024,121,0,False,False,,,,,,,,,,,
margin,East Carolina,scientific_f2_m2,-12.897355580698903,122,0,False,False,,,,,,,,,,,
margin,San José State,scientific_f2_m2,-13.119561288393953,123,0,False,False,,,,,,,,,,,
margin,UNLV,scientific_f2_m2,-14.473866639013934,124,0,False,False,,,,,,,,,,,
margin,Wyoming,scientific_f2_m2,-15.039817079303972,125,0,False,False,,,,,,,,,,,
margin,Utah State,scientific_f2_m2,-16.009270176354434,126,0,False,False,,,,,,,,,,,
margin,Missouri State,scientific_f2_m2,-16.253946208060594,127,0,False,False,,,,,,,,,,,
margin,Eastern Michigan,scientific_f2_m2,-16.619200907947164,128,0,False,False,,,,,,,,,,,
margin,Charlotte,scientific_f2_m2,-17.550358879417683,129,0,False,False,,,,,,,,,,,
margin,Buffalo,scientific_f2_m2,-19.361798179407,130,0,False,False,,,,,,,,,,,
margin,UTEP,scientific_f2_m2,-19.532287917771377,131,0,False,False,,,,,,,,,,,
margin,Marshall,scientific_f2_m2,-20.97899214975271,132,0,False,False,,,,,,,,,,,
margin,UL Monroe,scientific_f2_m2,-21.076664096170052,133,0,False,False,,,,,,,,,,,
margin,Ball State,scientific_f2_m2,-22.93174491051006,134,0,False,False,,,,,,,,,,,
margin,Northern Illinois,scientific_f2_m2,-22.961431640351694,135,0,False,False,,,,,,,,,,,
margin,Bowling Green,scientific_f2_m2,-26.188314417122008,136,0,False,False,,,,,,,,,,,
margin,Western Kentucky,scientific_f2_m2,-27.441993370024946,137,0,False,False,,,,,,,,,,,
margin,Kent State,scientific_f2_m2,-29.31555550816532,138,0,False,False,,,,,,,,,,,
margin,Georgia,scientific_f2_m3,33.3978388888889,1,25,True,True,,,,,,,,,,,
margin,Ohio State,scientific_f2_m3,25.799429365079373,2,24,True,False,,,,,,,,,,,
margin,Indiana,scientific_f2_m3,25.615534126984134,3,23,True,False,,,,,,,,,,,
margin,Kansas State,scientific_f2_m3,24.830252380952395,4,22,True,False,,,,,,,,,,,
margin,Miami,scientific_f2_m3,23.84849682539683,5,21,True,False,,,,,,,,,,,
margin,Notre Dame,scientific_f2_m3,22.147657936507926,6,20,True,False,,,,,,,,,,,
margin,Oregon,scientific_f2_m3,21.198006998557002,7,19,True,False,,,,,,,,,,,
margin,Utah,scientific_f2_m3,20.91704704184702,8,18,True,False,,,,,,,,,,,
margin,Alabama,scientific_f2_m3,20.786040476190472,9,17,True,False,,,,,,,,,,,
margin,Penn State,scientific_f2_m3,20.517786652236637,10,16,True,False,,,,,,,,,,,
margin,Tennessee,scientific_f2_m3,19.626580158730157,11,15,True,False,,,,,,,,,,,
margin,Nebraska,scientific_f2_m3,19.534048268398266,12,14,True,False,,,,,,,,,,,
margin,Virginia Tech,scientific_f2_m3,19.47410873015875,13,13,True,False,,,,,,,,,,,
margin,Houston,scientific_f2_m3,19.279515079365094,14,12,True,False,,,,,,,,,,,
margin,Florida,scientific_f2_m3,19.23362222222221,15,11,True,False,,,,,,,,,,,
margin,Mississippi State,scientific_f2_m3,19.225224819624824,16,10,True,False,,,,,,,,,,,
margin,LSU,scientific_f2_m3,19.07905873015874,17,9,True,False,,,,,,,,,,,
margin,James Madison,scientific_f2_m3,18.519957936507932,18,8,True,False,,,,,,,,,,,
margin,BYU,scientific_f2_m3,17.87242063492062,19,7,True,False,,,,,,,,,,,
margin,Texas,scientific_f2_m3,17.419753620233287,20,6,True,False,,,,,,,,,,,
margin,Iowa,scientific_f2_m3,16.83095793650792,21,5,True,False,,,,,,,,,,,
margin,South Carolina,scientific_f2_m3,16.7495380952381,22,4,True,False,,,,,,,,,,,
margin,Maryland,scientific_f2_m3,16.746105627705635,23,3,True,False,,,,,,,,,,,
margin,Michigan,scientific_f2_m3,14.084921733821746,24,2,True,False,,,,,,,,,,,
margin,Missouri,scientific_f2_m3,13.949462698412699,25,1,True,False,,,,,,,,,,,
margin,Texas A&M,scientific_f2_m3,13.721769088308337,26,0,False,False,,,,,,,,,,,
margin,Illinois,scientific_f2_m3,13.674434920634914,27,0,False,False,,,,,,,,,,,
margin,TCU,scientific_f2_m3,13.413242307692306,28,0,False,False,,,,,,,,,,,
margin,Louisville,scientific_f2_m3,13.238231746031747,29,0,False,False,,,,,,,,,,,
margin,Oklahoma,scientific_f2_m3,13.159242912513845,30,0,False,False,,,,,,,,,,,
margin,Virginia,scientific_f2_m3,12.830800793650786,31,0,False,False,,,,,,,,,,,
margin,UCLA,scientific_f2_m3,11.94832857142858,32,0,False,False,,,,,,,,,,,
margin,USC,scientific_f2_m3,11.10425052150539,33,0,False,False,,,,,,,,,,,
margin,Northwestern,scientific_f2_m3,10.916748412698412,34,0,False,False,,,,,,,,,,,
margin,Ole Miss,scientific_f2_m3,10.56945717674336,35,0,False,False,,,,,,,,,,,
margin,UCF,scientific_f2_m3,10.340160515873013,36,0,False,False,,,,,,,,,,,
margin,Baylor,scientific_f2_m3,10.200980952380963,37,0,False,False,,,,,,,,,,,
margin,Arizona,scientific_f2_m3,9.97949444444444,38,0,False,False,,,,,,,,,,,
margin,Army,scientific_f2_m3,9.94165555555555,39,0,False,False,,,,,,,,,,,
margin,Oklahoma State,scientific_f2_m3,9.904476984126987,40,0,False,False,,,,,,,,,,,
margin,SMU,scientific_f2_m3,9.490609523809526,41,0,False,False,,,,,,,,,,,
margin,Cincinnati,scientific_f2_m3,9.430726923076923,42,0,False,False,,,,,,,,,,,
margin,West Virginia,scientific_f2_m3,9.391488885070363,43,0,False,False,,,,,,,,,,,
margin,Pittsburgh,scientific_f2_m3,9.107905736230927,44,0,False,False,,,,,,,,,,,
margin,Wisconsin,scientific_f2_m3,8.898598268398265,45,0,False,False,,,,,,,,,,,
margin,Washington,scientific_f2_m3,8.874432683982686,46,0,False,False,,,,,,,,,,,
margin,App State,scientific_f2_m3,8.605051587301588,47,0,False,False,,,,,,,,,,,
margin,Iowa State,scientific_f2_m3,8.476742747831876,48,0,False,False,,,,,,,,,,,
margin,Minnesota,scientific_f2_m3,8.40572142857143,49,0,False,False,,,,,,,,,,,
margin,Georgia State,scientific_f2_m3,8.39032239108409,50,0,False,False,,,,,,,,,,,
margin,Boise State,scientific_f2_m3,8.361311904761909,51,0,False,False,,,,,,,,,,,
margin,Massachusetts,scientific_f2_m3,8.333582539682542,52,0,False,False,,,,,,,,,,,
margin,New Mexico,scientific_f2_m3,8.190552525252526,53,0,False,False,,,,,,,,,,,
margin,South Florida,scientific_f2_m3,8.162474603174607,54,0,False,False,,,,,,,,,,,
margin,Texas Tech,scientific_f2_m3,7.802489918060589,55,0,False,False,,,,,,,,,,,
margin,North Carolina,scientific_f2_m3,7.546201376858439,56,0,False,False,,,,,,,,,,,
margin,Sam Houston,scientific_f2_m3,7.00985014430014,57,0,False,False,,,,,,,,,,,
margin,Auburn,scientific_f2_m3,6.959485843771932,58,0,False,False,,,,,,,,,,,
margin,Air Force,scientific_f2_m3,6.711324822112751,59,0,False,False,,,,,,,,,,,
margin,Syracuse,scientific_f2_m3,6.519664285714286,60,0,False,False,,,,,,,,,,,
margin,UConn,scientific_f2_m3,6.501101526251523,61,0,False,False,,,,,,,,,,,
margin,Kansas,scientific_f2_m3,5.947793354935665,62,0,False,False,,,,,,,,,,,
margin,Vanderbilt,scientific_f2_m3,5.901256611375426,63,0,False,False,,,,,,,,,,,
margin,Toledo,scientific_f2_m3,5.651210317460316,64,0,False,False,,,,,,,,,,,
margin,Tulsa,scientific_f2_m3,5.575732539682537,65,0,False,False,,,,,,,,,,,
margin,Kentucky,scientific_f2_m3,5.383629682539681,66,0,False,False,,,,,,,,,,,
margin,NC State,scientific_f2_m3,4.983942857142857,67,0,False,False,,,,,,,,,,,
margin,Duke,scientific_f2_m3,4.587713492063489,68,0,False,False,,,,,,,,,,,
margin,Arizona State,scientific_f2_m3,4.337173207410159,69,0,False,False,,,,,,,,,,,
margin,North Dakota State,scientific_f2_m3,3.4746579365079358,70,0,False,False,,,,,,,,,,,
margin,Jacksonville State,scientific_f2_m3,2.3048953767914937,71,0,False,False,,,,,,,,,,,
margin,Middle Tennessee,scientific_f2_m3,2.1954068915241156,72,0,False,False,,,,,,,,,,,
margin,Navy,scientific_f2_m3,2.1728142857142854,73,0,False,False,,,,,,,,,,,
margin,Memphis,scientific_f2_m3,1.9900714285714272,74,0,False,False,,,,,,,,,,,
margin,Liberty,scientific_f2_m3,1.6148785714285707,75,0,False,False,,,,,,,,,,,
margin,Louisiana,scientific_f2_m3,1.5377145929339466,76,0,False,False,,,,,,,,,,,
margin,Delaware,scientific_f2_m3,0.709634197822183,77,0,False,False,,,,,,,,,,,
margin,California,scientific_f2_m3,0.6122857142857143,78,0,False,False,,,,,,,,,,,
margin,South Alabama,scientific_f2_m3,0.49092619047618996,79,0,False,False,,,,,,,,,,,
margin,Georgia Southern,scientific_f2_m3,-0.10832380952380932,80,0,False,False,,,,,,,,,,,
margin,Purdue,scientific_f2_m3,-0.1737313852813854,81,0,False,False,,,,,,,,,,,
margin,New Mexico State,scientific_f2_m3,-0.8860753246753255,82,0,False,False,,,,,,,,,,,
margin,Western Michigan,scientific_f2_m3,-0.96147745234016,83,0,False,False,,,,,,,,,,,
margin,Georgia Tech,scientific_f2_m3,-1.0097285714285713,84,0,False,False,,,,,,,,,,,
margin,Colorado,scientific_f2_m3,-1.0246127705627697,85,0,False,False,,,,,,,,,,,
margin,Colorado State,scientific_f2_m3,-1.255148484848485,86,0,False,False,,,,,,,,,,,
margin,Michigan State,scientific_f2_m3,-1.3932317460317467,87,0,False,False,,,,,,,,,,,
margin,Coastal Carolina,scientific_f2_m3,-1.7901628098954177,88,0,False,False,,,,,,,,,,,
margin,Florida State,scientific_f2_m3,-2.009138888888889,89,0,False,False,,,,,,,,,,,
margin,Troy,scientific_f2_m3,-2.0651595238095237,90,0,False,False,,,,,,,,,,,
margin,Fresno State,scientific_f2_m3,-2.734431746031749,91,0,False,False,,,,,,,,,,,
margin,Louisiana Tech,scientific_f2_m3,-2.957710678210679,92,0,False,False,,,,,,,,,,,
margin,Boston College,scientific_f2_m3,-3.0068598124098123,93,0,False,False,,,,,,,,,,,
margin,Washington State,scientific_f2_m3,-3.0249246031746035,94,0,False,False,,,,,,,,,,,
margin,UTSA,scientific_f2_m3,-3.1739992063492033,95,0,False,False,,,,,,,,,,,
margin,Arkansas State,scientific_f2_m3,-3.2761880952380964,96,0,False,False,,,,,,,,,,,
margin,Old Dominion,scientific_f2_m3,-3.7089031746031758,97,0,False,False,,,,,,,,,,,
margin,Nevada,scientific_f2_m3,-3.757526984126982,98,0,False,False,,,,,,,,,,,
margin,Clemson,scientific_f2_m3,-3.8149142857142886,99,0,False,False,,,,,,,,,,,
margin,Wake Forest,scientific_f2_m3,-4.483,100,0,False,False,,,,,,,,,,,
margin,Temple,scientific_f2_m3,-5.072737301587305,101,0,False,False,,,,,,,,,,,
margin,Miami (OH),scientific_f2_m3,-5.163661904761903,102,0,False,False,,,,,,,,,,,
margin,Florida International,scientific_f2_m3,-5.403349999999998,103,0,False,False,,,,,,,,,,,
margin,Hawai'i,scientific_f2_m3,-7.180048412698413,104,0,False,False,,,,,,,,,,,
margin,Akron,scientific_f2_m3,-7.219770129870129,105,0,False,False,,,,,,,,,,,
margin,Texas State,scientific_f2_m3,-7.22192554112554,106,0,False,False,,,,,,,,,,,
margin,Southern Miss,scientific_f2_m3,-7.380823015873013,107,0,False,False,,,,,,,,,,,
margin,Kennesaw State,scientific_f2_m3,-7.678594030365768,108,0,False,False,,,,,,,,,,,
margin,Arkansas,scientific_f2_m3,-7.799336507936509,109,0,False,False,,,,,,,,,,,
margin,Central Michigan,scientific_f2_m3,-7.864562554112553,110,0,False,False,,,,,,,,,,,
margin,Oregon State,scientific_f2_m3,-8.34232380952381,111,0,False,False,,,,,,,,,,,
margin,UAB,scientific_f2_m3,-9.38475873015874,112,0,False,False,,,,,,,,,,,
margin,San José State,scientific_f2_m3,-10.10825317460318,113,0,False,False,,,,,,,,,,,
margin,Florida Atlantic,scientific_f2_m3,-10.271253174603174,114,0,False,False,,,,,,,,,,,
margin,North Texas,scientific_f2_m3,-10.399565295815295,115,0,False,False,,,,,,,,,,,
margin,Sacramento State,scientific_f2_m3,-10.427878571428572,116,0,False,False,,,,,,,,,,,
margin,San Diego State,scientific_f2_m3,-10.447757142857146,117,0,False,False,,,,,,,,,,,
margin,East Carolina,scientific_f2_m3,-10.84528838383839,118,0,False,False,,,,,,,,,,,
margin,Rutgers,scientific_f2_m3,-10.901932539682537,119,0,False,False,,,,,,,,,,,
margin,Missouri State,scientific_f2_m3,-11.184658730158727,120,0,False,False,,,,,,,,,,,
margin,Rice,scientific_f2_m3,-11.358660822510817,121,0,False,False,,,,,,,,,,,
margin,Tulane,scientific_f2_m3,-12.133105483405487,122,0,False,False,,,,,,,,,,,
margin,Stanford,scientific_f2_m3,-12.161473809523807,123,0,False,False,,,,,,,,,,,
margin,Wyoming,scientific_f2_m3,-12.167777705627705,124,0,False,False,,,,,,,,,,,
margin,Ohio,scientific_f2_m3,-14.488805555555547,125,0,False,False,,,,,,,,,,,
margin,Utah State,scientific_f2_m3,-14.756276190476193,126,0,False,False,,,,,,,,,,,
margin,Marshall,scientific_f2_m3,-15.832195670995668,127,0,False,False,,,,,,,,,,,
margin,UNLV,scientific_f2_m3,-16.6214888888889,128,0,False,False,,,,,,,,,,,
margin,Eastern Michigan,scientific_f2_m3,-17.67925353535354,129,0,False,False,,,,,,,,,,,
margin,UTEP,scientific_f2_m3,-18.217276911976906,130,0,False,False,,,,,,,,,,,
margin,Charlotte,scientific_f2_m3,-18.341069047619047,131,0,False,False,,,,,,,,,,,
margin,Northern Illinois,scientific_f2_m3,-19.100021428571434,132,0,False,False,,,,,,,,,,,
margin,Buffalo,scientific_f2_m3,-19.417899999999996,133,0,False,False,,,,,,,,,,,
margin,Ball State,scientific_f2_m3,-20.323552597402596,134,0,False,False,,,,,,,,,,,
margin,UL Monroe,scientific_f2_m3,-20.418168253968254,135,0,False,False,,,,,,,,,,,
margin,Western Kentucky,scientific_f2_m3,-22.747146825396825,136,0,False,False,,,,,,,,,,,
margin,Bowling Green,scientific_f2_m3,-23.211117604617606,137,0,False,False,,,,,,,,,,,
margin,Kent State,scientific_f2_m3,-23.55336031746032,138,0,False,False,,,,,,,,,,,
margin,Georgia,scientific_f2_m4,32.783095394076256,1,25,True,True,,,,,,,,,,,
margin,Miami,scientific_f2_m4,27.094442681291863,2,24,True,False,,,,,,,,,,,
margin,Ohio State,scientific_f2_m4,26.739081907588297,3,23,True,False,,,,,,,,,,,
margin,Oregon,scientific_f2_m4,25.059358447033624,4,22,True,False,,,,,,,,,,,
margin,Notre Dame,scientific_f2_m4,24.87373713204609,5,21,True,False,,,,,,,,,,,
margin,Indiana,scientific_f2_m4,24.40650672733344,6,20,True,False,,,,,,,,,,,
margin,Kansas State,scientific_f2_m4,22.968016408715602,7,19,True,False,,,,,,,,,,,
margin,Tennessee,scientific_f2_m4,21.814982966914997,8,18,True,False,,,,,,,,,,,
margin,Texas,scientific_f2_m4,21.450820855539153,9,17,True,False,,,,,,,,,,,
margin,Utah,scientific_f2_m4,21.36161416890964,10,16,True,False,,,,,,,,,,,
margin,Penn State,scientific_f2_m4,20.830921980997562,11,15,True,False,,,,,,,,,,,
margin,Alabama,scientific_f2_m4,19.621560001516645,12,14,True,False,,,,,,,,,,,
margin,Nebraska,scientific_f2_m4,18.96320601891435,13,13,True,False,,,,,,,,,,,
margin,Virginia Tech,scientific_f2_m4,18.890657496073487,14,12,True,False,,,,,,,,,,,
margin,South Carolina,scientific_f2_m4,17.806774299686964,15,11,True,False,,,,,,,,,,,
margin,BYU,scientific_f2_m4,17.781497787144065,16,10,True,False,,,,,,,,,,,
margin,Michigan,scientific_f2_m4,17.553813347835035,17,9,True,False,,,,,,,,,,,
margin,Mississippi State,scientific_f2_m4,17.37793306806708,18,8,True,False,,,,,,,,,,,
margin,Iowa,scientific_f2_m4,17.203497905892227,19,7,True,False,,,,,,,,,,,
margin,Florida,scientific_f2_m4,17.016706713513145,20,6,True,False,,,,,,,,,,,
margin,Virginia,scientific_f2_m4,16.82799026987903,21,5,True,False,,,,,,,,,,,
margin,Maryland,scientific_f2_m4,15.783892250371114,22,4,True,False,,,,,,,,,,,
margin,Houston,scientific_f2_m4,15.775447738477247,23,3,True,False,,,,,,,,,,,
margin,LSU,scientific_f2_m4,15.539002108670578,24,2,True,False,,,,,,,,,,,
margin,Texas A&M,scientific_f2_m4,15.294322322620353,25,1,True,False,,,,,,,,,,,
margin,James Madison,scientific_f2_m4,15.255851153943293,26,0,False,False,,,,,,,,,,,
margin,USC,scientific_f2_m4,14.916870704532924,27,0,False,False,,,,,,,,,,,
margin,Missouri,scientific_f2_m4,14.795497436056298,28,0,False,False,,,,,,,,,,,
margin,Illinois,scientific_f2_m4,13.774894062416799,29,0,False,False,,,,,,,,,,,
margin,Ole Miss,scientific_f2_m4,13.61112378388489,30,0,False,False,,,,,,,,,,,
margin,Oklahoma,scientific_f2_m4,13.351115756679215,31,0,False,False,,,,,,,,,,,
margin,Northwestern,scientific_f2_m4,13.007041479429327,32,0,False,False,,,,,,,,,,,
margin,TCU,scientific_f2_m4,12.390850174087516,33,0,False,False,,,,,,,,,,,
margin,Auburn,scientific_f2_m4,11.986676679763818,34,0,False,False,,,,,,,,,,,
margin,Iowa State,scientific_f2_m4,11.662744534950782,35,0,False,False,,,,,,,,,,,
margin,West Virginia,scientific_f2_m4,11.573716731166847,36,0,False,False,,,,,,,,,,,
margin,UCF,scientific_f2_m4,11.135759785343927,37,0,False,False,,,,,,,,,,,
margin,Baylor,scientific_f2_m4,10.92073902521813,38,0,False,False,,,,,,,,,,,
margin,Minnesota,scientific_f2_m4,10.128106442133538,39,0,False,False,,,,,,,,,,,
margin,SMU,scientific_f2_m4,10.073229331427662,40,0,False,False,,,,,,,,,,,
margin,Washington,scientific_f2_m4,9.975451871994528,41,0,False,False,,,,,,,,,,,
margin,Cincinnati,scientific_f2_m4,9.398894755482859,42,0,False,False,,,,,,,,,,,
margin,Wisconsin,scientific_f2_m4,9.27776830567729,43,0,False,False,,,,,,,,,,,
margin,Louisville,scientific_f2_m4,9.0960989246879,44,0,False,False,,,,,,,,,,,
margin,Oklahoma State,scientific_f2_m4,8.912033227295847,45,0,False,False,,,,,,,,,,,
margin,UCLA,scientific_f2_m4,8.429905224826095,46,0,False,False,,,,,,,,,,,
margin,Arizona,scientific_f2_m4,8.289916530710798,47,0,False,False,,,,,,,,,,,
margin,Army,scientific_f2_m4,7.806484629533535,48,0,False,False,,,,,,,,,,,
margin,Pittsburgh,scientific_f2_m4,7.580292535654367,49,0,False,False,,,,,,,,,,,
margin,Texas Tech,scientific_f2_m4,7.157076838605048,50,0,False,False,,,,,,,,,,,
margin,Vanderbilt,scientific_f2_m4,7.050156074022644,51,0,False,False,,,,,,,,,,,
margin,UConn,scientific_f2_m4,7.000178258704073,52,0,False,False,,,,,,,,,,,
margin,South Florida,scientific_f2_m4,6.654026466302286,53,0,False,False,,,,,,,,,,,
margin,North Carolina,scientific_f2_m4,6.559588265441904,54,0,False,False,,,,,,,,,,,
margin,Kentucky,scientific_f2_m4,6.281614822154089,55,0,False,False,,,,,,,,,,,
margin,Syracuse,scientific_f2_m4,6.19301584054814,56,0,False,False,,,,,,,,,,,
margin,Duke,scientific_f2_m4,6.101940235058664,57,0,False,False,,,,,,,,,,,
margin,New Mexico,scientific_f2_m4,6.001900015467774,58,0,False,False,,,,,,,,,,,
margin,Arizona State,scientific_f2_m4,5.604920837795177,59,0,False,False,,,,,,,,,,,
margin,Boise State,scientific_f2_m4,5.284685764902316,60,0,False,False,,,,,,,,,,,
margin,Tulsa,scientific_f2_m4,5.214125709384079,61,0,False,False,,,,,,,,,,,
margin,App State,scientific_f2_m4,5.160076837746764,62,0,False,False,,,,,,,,,,,
margin,Kansas,scientific_f2_m4,4.438435651493969,63,0,False,False,,,,,,,,,,,
margin,Liberty,scientific_f2_m4,3.9547576443747867,64,0,False,False,,,,,,,,,,,
margin,Sam Houston,scientific_f2_m4,3.7028018267435856,65,0,False,False,,,,,,,,,,,
margin,Georgia State,scientific_f2_m4,3.682105748167709,66,0,False,False,,,,,,,,,,,
margin,Colorado State,scientific_f2_m4,3.6340940333947818,67,0,False,False,,,,,,,,,,,
margin,NC State,scientific_f2_m4,3.5241368067104215,68,0,False,False,,,,,,,,,,,
margin,California,scientific_f2_m4,3.3915324911392988,69,0,False,False,,,,,,,,,,,
margin,Colorado,scientific_f2_m4,3.0510315812527624,70,0,False,False,,,,,,,,,,,
margin,Massachusetts,scientific_f2_m4,2.512189834091601,71,0,False,False,,,,,,,,,,,
margin,Jacksonville State,scientific_f2_m4,1.5707688347374569,72,0,False,False,,,,,,,,,,,
margin,Memphis,scientific_f2_m4,1.5588172582185222,73,0,False,False,,,,,,,,,,,
margin,Georgia Southern,scientific_f2_m4,1.531769210435413,74,0,False,False,,,,,,,,,,,
margin,Navy,scientific_f2_m4,1.4886197464304556,75,0,False,False,,,,,,,,,,,
margin,Toledo,scientific_f2_m4,1.3539717042172439,76,0,False,False,,,,,,,,,,,
margin,Air Force,scientific_f2_m4,0.9561311050823557,77,0,False,False,,,,,,,,,,,
margin,South Alabama,scientific_f2_m4,0.2773616485081315,78,0,False,False,,,,,,,,,,,
margin,Michigan State,scientific_f2_m4,0.01693665241760075,79,0,False,False,,,,,,,,,,,
margin,Delaware,scientific_f2_m4,-0.16308868097774779,80,0,False,False,,,,,,,,,,,
margin,Louisiana,scientific_f2_m4,-0.52087817267908,81,0,False,False,,,,,,,,,,,
margin,Fresno State,scientific_f2_m4,-0.5271711238139493,82,0,False,False,,,,,,,,,,,
margin,Middle Tennessee,scientific_f2_m4,-1.0507703690982186,83,0,False,False,,,,,,,,,,,
margin,North Dakota State,scientific_f2_m4,-1.4785162099757918,84,0,False,False,,,,,,,,,,,
margin,Georgia Tech,scientific_f2_m4,-1.4943824334470777,85,0,False,False,,,,,,,,,,,
margin,Clemson,scientific_f2_m4,-1.7457829382122338,86,0,False,False,,,,,,,,,,,
margin,Western Michigan,scientific_f2_m4,-1.7700651171831288,87,0,False,False,,,,,,,,,,,
margin,Purdue,scientific_f2_m4,-1.8535043023260631,88,0,False,False,,,,,,,,,,,
margin,Florida State,scientific_f2_m4,-2.5239491033017294,89,0,False,False,,,,,,,,,,,
margin,Boston College,scientific_f2_m4,-2.8630712478322744,90,0,False,False,,,,,,,,,,,
margin,Arkansas State,scientific_f2_m4,-3.1137259573358613,91,0,False,False,,,,,,,,,,,
margin,Louisiana Tech,scientific_f2_m4,-3.2135712265215504,92,0,False,False,,,,,,,,,,,
margin,Temple,scientific_f2_m4,-3.721734873004764,93,0,False,False,,,,,,,,,,,
margin,Wake Forest,scientific_f2_m4,-3.7247881652579418,94,0,False,False,,,,,,,,,,,
margin,New Mexico State,scientific_f2_m4,-3.805668335620204,95,0,False,False,,,,,,,,,,,
margin,Miami (OH),scientific_f2_m4,-3.9827308739191283,96,0,False,False,,,,,,,,,,,
margin,UTSA,scientific_f2_m4,-4.172265687434853,97,0,False,False,,,,,,,,,,,
margin,Coastal Carolina,scientific_f2_m4,-4.496062896697982,98,0,False,False,,,,,,,,,,,
margin,Troy,scientific_f2_m4,-5.565854188901002,99,0,False,False,,,,,,,,,,,
margin,Oregon State,scientific_f2_m4,-5.640980994499196,100,0,False,False,,,,,,,,,,,
margin,Old Dominion,scientific_f2_m4,-6.644241569028307,101,0,False,False,,,,,,,,,,,
margin,Florida International,scientific_f2_m4,-6.88908958009529,102,0,False,False,,,,,,,,,,,
margin,Nevada,scientific_f2_m4,-7.020316545470969,103,0,False,False,,,,,,,,,,,
margin,Hawai'i,scientific_f2_m4,-8.432124960032368,104,0,False,False,,,,,,,,,,,
margin,Washington State,scientific_f2_m4,-8.550522264156918,105,0,False,False,,,,,,,,,,,
margin,Texas State,scientific_f2_m4,-8.885572383636006,106,0,False,False,,,,,,,,,,,
margin,San Diego State,scientific_f2_m4,-8.923519469200965,107,0,False,False,,,,,,,,,,,
margin,Kennesaw State,scientific_f2_m4,-8.975484510418406,108,0,False,False,,,,,,,,,,,
margin,Akron,scientific_f2_m4,-9.467326755940473,109,0,False,False,,,,,,,,,,,
margin,Southern Miss,scientific_f2_m4,-9.480829577707755,110,0,False,False,,,,,,,,,,,
margin,Rice,scientific_f2_m4,-9.741688207616804,111,0,False,False,,,,,,,,,,,
margin,East Carolina,scientific_f2_m4,-10.09039380068032,112,0,False,False,,,,,,,,,,,
margin,North Texas,scientific_f2_m4,-10.099379641120635,113,0,False,False,,,,,,,,,,,
margin,Central Michigan,scientific_f2_m4,-10.293590688199755,114,0,False,False,,,,,,,,,,,
margin,Missouri State,scientific_f2_m4,-10.824472707916868,115,0,False,False,,,,,,,,,,,
margin,Tulane,scientific_f2_m4,-10.86994557255198,116,0,False,False,,,,,,,,,,,
margin,UAB,scientific_f2_m4,-10.935616834623932,117,0,False,False,,,,,,,,,,,
margin,Sacramento State,scientific_f2_m4,-11.02101320417079,118,0,False,False,,,,,,,,,,,
margin,Stanford,scientific_f2_m4,-11.415777337458243,119,0,False,False,,,,,,,,,,,
margin,Rutgers,scientific_f2_m4,-12.317365747054016,120,0,False,False,,,,,,,,,,,
margin,San José State,scientific_f2_m4,-12.868152627754165,121,0,False,False,,,,,,,,,,,
margin,Arkansas,scientific_f2_m4,-13.206261607058853,122,0,False,False,,,,,,,,,,,
margin,Wyoming,scientific_f2_m4,-13.287422896673187,123,0,False,False,,,,,,,,,,,
margin,Florida Atlantic,scientific_f2_m4,-13.529108821413622,124,0,False,False,,,,,,,,,,,
margin,UNLV,scientific_f2_m4,-13.557678268847475,125,0,False,False,,,,,,,,,,,
margin,UTEP,scientific_f2_m4,-15.238459732968545,126,0,False,False,,,,,,,,,,,
margin,Ohio,scientific_f2_m4,-15.719227932256207,127,0,False,False,,,,,,,,,,,
margin,Northern Illinois,scientific_f2_m4,-16.390719049779975,128,0,False,False,,,,,,,,,,,
margin,Eastern Michigan,scientific_f2_m4,-16.488885051413376,129,0,False,False,,,,,,,,,,,
margin,Marshall,scientific_f2_m4,-17.537828798077925,130,0,False,False,,,,,,,,,,,
margin,Charlotte,scientific_f2_m4,-18.203351316882205,131,0,False,False,,,,,,,,,,,
margin,Utah State,scientific_f2_m4,-18.327595152695025,132,0,False,False,,,,,,,,,,,
margin,Western Kentucky,scientific_f2_m4,-21.037991602284144,133,0,False,False,,,,,,,,,,,
margin,Buffalo,scientific_f2_m4,-21.766731359109226,134,0,False,False,,,,,,,,,,,
margin,Bowling Green,scientific_f2_m4,-23.26174942207862,135,0,False,False,,,,,,,,,,,
margin,Ball State,scientific_f2_m4,-23.526552824765055,136,0,False,False,,,,,,,,,,,
margin,Kent State,scientific_f2_m4,-24.033418082243333,137,0,False,False,,,,,,,,,,,
margin,UL Monroe,scientific_f2_m4,-24.42020911086437,138,0,False,False,,,,,,,,,,,
margin,Georgia,scientific_f2_m5,35.52496337890625,1,25,True,True,,,,,,,,,,,
margin,South Carolina,scientific_f2_m5,27.521085739135742,2,24,True,False,,,,,,,,,,,
margin,Illinois,scientific_f2_m5,26.636146545410156,3,23,True,False,,,,,,,,,,,
margin,Ole Miss,scientific_f2_m5,26.362163543701172,4,22,True,False,,,,,,,,,,,
margin,Utah,scientific_f2_m5,26.149036407470703,5,21,True,False,,,,,,,,,,,
margin,Texas,scientific_f2_m5,24.78299331665039,6,20,True,False,,,,,,,,,,,
margin,Miami,scientific_f2_m5,24.24221420288086,7,19,True,False,,,,,,,,,,,
margin,Baylor,scientific_f2_m5,22.326385498046875,8,18,True,False,,,,,,,,,,,
margin,Texas A&M,scientific_f2_m5,21.159988403320312,9,17,True,False,,,,,,,,,,,
margin,Wisconsin,scientific_f2_m5,21.020349502563477,10,16,True,False,,,,,,,,,,,
margin,Mississippi State,scientific_f2_m5,20.898883819580078,11,15,True,False,,,,,,,,,,,
margin,Ohio State,scientific_f2_m5,19.05471420288086,12,14,True,False,,,,,,,,,,,
margin,Missouri,scientific_f2_m5,18.48880386352539,13,13,True,False,,,,,,,,,,,
margin,Nebraska,scientific_f2_m5,18.24485206604004,14,12,True,False,,,,,,,,,,,
margin,BYU,scientific_f2_m5,18.212387084960938,15,11,True,False,,,,,,,,,,,
margin,Maryland,scientific_f2_m5,17.60985565185547,16,10,True,False,,,,,,,,,,,
margin,Houston,scientific_f2_m5,17.302783966064453,17,9,True,False,,,,,,,,,,,
margin,Kansas State,scientific_f2_m5,16.770082473754883,18,8,True,False,,,,,,,,,,,
margin,Virginia Tech,scientific_f2_m5,16.73931312561035,19,7,True,False,,,,,,,,,,,
margin,South Florida,scientific_f2_m5,16.330276489257812,20,6,True,False,,,,,,,,,,,
margin,Tennessee,scientific_f2_m5,16.03052520751953,21,5,True,False,,,,,,,,,,,
margin,Penn State,scientific_f2_m5,15.765722274780273,22,4,True,False,,,,,,,,,,,
margin,Syracuse,scientific_f2_m5,15.380186080932617,23,3,True,False,,,,,,,,,,,
margin,Indiana,scientific_f2_m5,14.916460990905762,24,2,True,False,,,,,,,,,,,
margin,Oregon,scientific_f2_m5,14.068072319030762,25,1,True,False,,,,,,,,,,,
margin,Minnesota,scientific_f2_m5,14.011716842651367,26,0,False,False,,,,,,,,,,,
margin,Alabama,scientific_f2_m5,13.896632194519043,27,0,False,False,,,,,,,,,,,
margin,Florida,scientific_f2_m5,13.26838493347168,28,0,False,False,,,,,,,,,,,
margin,Iowa,scientific_f2_m5,12.286778450012207,29,0,False,False,,,,,,,,,,,
margin,USC,scientific_f2_m5,11.806365966796875,30,0,False,False,,,,,,,,,,,
margin,Notre Dame,scientific_f2_m5,11.409055709838867,31,0,False,False,,,,,,,,,,,
margin,Arizona,scientific_f2_m5,10.760013580322266,32,0,False,False,,,,,,,,,,,
margin,North Carolina,scientific_f2_m5,10.752860069274902,33,0,False,False,,,,,,,,,,,
margin,Michigan,scientific_f2_m5,10.713913917541504,34,0,False,False,,,,,,,,,,,
margin,James Madison,scientific_f2_m5,9.696380615234375,35,0,False,False,,,,,,,,,,,
margin,App State,scientific_f2_m5,8.954424858093262,36,0,False,False,,,,,,,,,,,
margin,Auburn,scientific_f2_m5,8.711860656738281,37,0,False,False,,,,,,,,,,,
margin,Arizona State,scientific_f2_m5,8.157257080078125,38,0,False,False,,,,,,,,,,,
margin,California,scientific_f2_m5,8.104584693908691,39,0,False,False,,,,,,,,,,,
margin,SMU,scientific_f2_m5,7.971249580383301,40,0,False,False,,,,,,,,,,,
margin,TCU,scientific_f2_m5,7.8327250480651855,41,0,False,False,,,,,,,,,,,
margin,Kansas,scientific_f2_m5,7.061398029327393,42,0,False,False,,,,,,,,,,,
margin,New Mexico State,scientific_f2_m5,6.536595821380615,43,0,False,False,,,,,,,,,,,
margin,LSU,scientific_f2_m5,6.293758869171143,44,0,False,False,,,,,,,,,,,
margin,UCLA,scientific_f2_m5,6.226978302001953,45,0,False,False,,,,,,,,,,,
margin,Oklahoma State,scientific_f2_m5,6.066713333129883,46,0,False,False,,,,,,,,,,,
margin,Georgia State,scientific_f2_m5,6.008805274963379,47,0,False,False,,,,,,,,,,,
margin,Washington,scientific_f2_m5,5.880821228027344,48,0,False,False,,,,,,,,,,,
margin,Oklahoma,scientific_f2_m5,5.651698112487793,49,0,False,False,,,,,,,,,,,
margin,Air Force,scientific_f2_m5,4.731610298156738,50,0,False,False,,,,,,,,,,,
margin,Pittsburgh,scientific_f2_m5,4.561563014984131,51,0,False,False,,,,,,,,,,,
margin,Miami (OH),scientific_f2_m5,4.534476280212402,52,0,False,False,,,,,,,,,,,
margin,UConn,scientific_f2_m5,4.316620826721191,53,0,False,False,,,,,,,,,,,
margin,Hawai'i,scientific_f2_m5,4.135313510894775,54,0,False,False,,,,,,,,,,,
margin,Vanderbilt,scientific_f2_m5,3.894361972808838,55,0,False,False,,,,,,,,,,,
margin,Wake Forest,scientific_f2_m5,3.6885452270507812,56,0,False,False,,,,,,,,,,,
margin,Jacksonville State,scientific_f2_m5,3.121905565261841,57,0,False,False,,,,,,,,,,,
margin,Arkansas,scientific_f2_m5,3.0470075607299805,58,0,False,False,,,,,,,,,,,
margin,UCF,scientific_f2_m5,2.9397895336151123,59,0,False,False,,,,,,,,,,,
margin,Florida State,scientific_f2_m5,2.916849374771118,60,0,False,False,,,,,,,,,,,
margin,Northwestern,scientific_f2_m5,2.3283467292785645,61,0,False,False,,,,,,,,,,,
margin,Georgia Tech,scientific_f2_m5,1.9882264137268066,62,0,False,False,,,,,,,,,,,
margin,Colorado,scientific_f2_m5,1.968885898590088,63,0,False,False,,,,,,,,,,,
margin,Colorado State,scientific_f2_m5,1.914255142211914,64,0,False,False,,,,,,,,,,,
margin,Stanford,scientific_f2_m5,1.7089149951934814,65,0,False,False,,,,,,,,,,,
margin,Purdue,scientific_f2_m5,1.5247294902801514,66,0,False,False,,,,,,,,,,,
margin,Louisville,scientific_f2_m5,1.071268081665039,67,0,False,False,,,,,,,,,,,
margin,Duke,scientific_f2_m5,1.0054731369018555,68,0,False,False,,,,,,,,,,,
margin,Boston College,scientific_f2_m5,0.8680946230888367,69,0,False,False,,,,,,,,,,,
margin,Army,scientific_f2_m5,0.3820492625236511,70,0,False,False,,,,,,,,,,,
margin,Navy,scientific_f2_m5,0.376459538936615,71,0,False,False,,,,,,,,,,,
margin,Sacramento State,scientific_f2_m5,-0.08381110429763794,72,0,False,False,,,,,,,,,,,
margin,Kentucky,scientific_f2_m5,-0.20158344507217407,73,0,False,False,,,,,,,,,,,
margin,Michigan State,scientific_f2_m5,-0.4363012909889221,74,0,False,False,,,,,,,,,,,
margin,Memphis,scientific_f2_m5,-0.5294902920722961,75,0,False,False,,,,,,,,,,,
margin,Florida International,scientific_f2_m5,-0.8469231724739075,76,0,False,False,,,,,,,,,,,
margin,Texas Tech,scientific_f2_m5,-1.0683889389038086,77,0,False,False,,,,,,,,,,,
margin,Toledo,scientific_f2_m5,-1.4623517990112305,78,0,False,False,,,,,,,,,,,
margin,Liberty,scientific_f2_m5,-2.960052967071533,79,0,False,False,,,,,,,,,,,
margin,NC State,scientific_f2_m5,-2.9999125003814697,80,0,False,False,,,,,,,,,,,
margin,Temple,scientific_f2_m5,-3.0143978595733643,81,0,False,False,,,,,,,,,,,
margin,South Alabama,scientific_f2_m5,-3.694272994995117,82,0,False,False,,,,,,,,,,,
margin,Iowa State,scientific_f2_m5,-3.774754524230957,83,0,False,False,,,,,,,,,,,
margin,Cincinnati,scientific_f2_m5,-3.8911194801330566,84,0,False,False,,,,,,,,,,,
margin,UNLV,scientific_f2_m5,-4.08073616027832,85,0,False,False,,,,,,,,,,,
margin,Coastal Carolina,scientific_f2_m5,-4.2503662109375,86,0,False,False,,,,,,,,,,,
margin,Florida Atlantic,scientific_f2_m5,-4.472708702087402,87,0,False,False,,,,,,,,,,,
margin,Southern Miss,scientific_f2_m5,-4.524271011352539,88,0,False,False,,,,,,,,,,,
margin,Akron,scientific_f2_m5,-4.757171630859375,89,0,False,False,,,,,,,,,,,
margin,Clemson,scientific_f2_m5,-5.155660629272461,90,0,False,False,,,,,,,,,,,
margin,Oregon State,scientific_f2_m5,-5.6207122802734375,91,0,False,False,,,,,,,,,,,
margin,Boise State,scientific_f2_m5,-5.8228044509887695,92,0,False,False,,,,,,,,,,,
margin,West Virginia,scientific_f2_m5,-6.5157270431518555,93,0,False,False,,,,,,,,,,,
margin,Troy,scientific_f2_m5,-6.752686977386475,94,0,False,False,,,,,,,,,,,
margin,Delaware,scientific_f2_m5,-7.5411224365234375,95,0,False,False,,,,,,,,,,,
margin,Virginia,scientific_f2_m5,-7.851343154907227,96,0,False,False,,,,,,,,,,,
margin,Eastern Michigan,scientific_f2_m5,-7.870779037475586,97,0,False,False,,,,,,,,,,,
margin,Northern Illinois,scientific_f2_m5,-7.945347785949707,98,0,False,False,,,,,,,,,,,
margin,Georgia Southern,scientific_f2_m5,-8.26166820526123,99,0,False,False,,,,,,,,,,,
margin,UAB,scientific_f2_m5,-8.511014938354492,100,0,False,False,,,,,,,,,,,
margin,Tulsa,scientific_f2_m5,-8.562236785888672,101,0,False,False,,,,,,,,,,,
margin,Tulane,scientific_f2_m5,-8.623448371887207,102,0,False,False,,,,,,,,,,,
margin,North Dakota State,scientific_f2_m5,-8.657922744750977,103,0,False,False,,,,,,,,,,,
margin,Rutgers,scientific_f2_m5,-9.056083679199219,104,0,False,False,,,,,,,,,,,
margin,New Mexico,scientific_f2_m5,-9.074013710021973,105,0,False,False,,,,,,,,,,,
margin,Nevada,scientific_f2_m5,-9.604387283325195,106,0,False,False,,,,,,,,,,,
margin,Louisiana,scientific_f2_m5,-9.922212600708008,107,0,False,False,,,,,,,,,,,
margin,San José State,scientific_f2_m5,-10.256404876708984,108,0,False,False,,,,,,,,,,,
margin,North Texas,scientific_f2_m5,-10.674979209899902,109,0,False,False,,,,,,,,,,,
margin,Washington State,scientific_f2_m5,-10.922714233398438,110,0,False,False,,,,,,,,,,,
margin,Massachusetts,scientific_f2_m5,-10.9242582321167,111,0,False,False,,,,,,,,,,,
margin,Sam Houston,scientific_f2_m5,-11.22109603881836,112,0,False,False,,,,,,,,,,,
margin,Western Michigan,scientific_f2_m5,-11.231396675109863,113,0,False,False,,,,,,,,,,,
margin,Middle Tennessee,scientific_f2_m5,-11.399638175964355,114,0,False,False,,,,,,,,,,,
margin,Arkansas State,scientific_f2_m5,-11.699525833129883,115,0,False,False,,,,,,,,,,,
margin,Ohio,scientific_f2_m5,-12.283552169799805,116,0,False,False,,,,,,,,,,,
margin,East Carolina,scientific_f2_m5,-12.516200065612793,117,0,False,False,,,,,,,,,,,
margin,Kennesaw State,scientific_f2_m5,-12.784643173217773,118,0,False,False,,,,,,,,,,,
margin,Fresno State,scientific_f2_m5,-13.84488582611084,119,0,False,False,,,,,,,,,,,
margin,San Diego State,scientific_f2_m5,-13.894299507141113,120,0,False,False,,,,,,,,,,,
margin,Texas State,scientific_f2_m5,-14.845990180969238,121,0,False,False,,,,,,,,,,,
margin,Louisiana Tech,scientific_f2_m5,-15.18295955657959,122,0,False,False,,,,,,,,,,,
margin,Missouri State,scientific_f2_m5,-15.359811782836914,123,0,False,False,,,,,,,,,,,
margin,Buffalo,scientific_f2_m5,-16.052188873291016,124,0,False,False,,,,,,,,,,,
margin,Wyoming,scientific_f2_m5,-16.963272094726562,125,0,False,False,,,,,,,,,,,
margin,Charlotte,scientific_f2_m5,-17.31558609008789,126,0,False,False,,,,,,,,,,,
margin,Western Kentucky,scientific_f2_m5,-17.802722930908203,127,0,False,False,,,,,,,,,,,
margin,Old Dominion,scientific_f2_m5,-18.10347557067871,128,0,False,False,,,,,,,,,,,
margin,Utah State,scientific_f2_m5,-20.412452697753906,129,0,False,False,,,,,,,,,,,
margin,Central Michigan,scientific_f2_m5,-20.819656372070312,130,0,False,False,,,,,,,,,,,
margin,Rice,scientific_f2_m5,-20.946598052978516,131,0,False,False,,,,,,,,,,,
margin,UTSA,scientific_f2_m5,-22.737194061279297,132,0,False,False,,,,,,,,,,,
margin,UL Monroe,scientific_f2_m5,-22.75690269470215,133,0,False,False,,,,,,,,,,,
margin,Ball State,scientific_f2_m5,-23.461658477783203,134,0,False,False,,,,,,,,,,,
margin,Marshall,scientific_f2_m5,-24.0830078125,135,0,False,False,,,,,,,,,,,
margin,Bowling Green,scientific_f2_m5,-25.155853271484375,136,0,False,False,,,,,,,,,,,
margin,UTEP,scientific_f2_m5,-26.29616928100586,137,0,False,False,,,,,,,,,,,
margin,Kent State,scientific_f2_m5,-27.881324768066406,138,0,False,False,,,,,,,,,,,
margin,Miami,scientific_f2_m10,29.039762957232842,1,25,True,True,,,,,,,,,,,
margin,Oregon,scientific_f2_m10,28.549857570360214,2,24,True,False,,,,,,,,,,,
margin,Indiana,scientific_f2_m10,28.080427304989307,3,23,True,False,,,,,,,,,,,
margin,Kansas State,scientific_f2_m10,26.35570568413015,4,22,True,False,,,,,,,,,,,
margin,Virginia Tech,scientific_f2_m10,23.642577619312956,5,21,True,False,,,,,,,,,,,
margin,Houston,scientific_f2_m10,23.25617862084369,6,20,True,False,,,,,,,,,,,
margin,Ohio State,scientific_f2_m10,22.430967431364717,7,19,True,False,,,,,,,,,,,
margin,Notre Dame,scientific_f2_m10,21.95350152409183,8,18,True,False,,,,,,,,,,,
margin,Mississippi State,scientific_f2_m10,21.161126203510815,9,17,True,False,,,,,,,,,,,
margin,App State,scientific_f2_m10,20.85206732540005,10,16,True,False,,,,,,,,,,,
margin,SMU,scientific_f2_m10,20.53613368214176,11,15,True,False,,,,,,,,,,,
margin,Alabama,scientific_f2_m10,19.260254866733423,12,14,True,False,,,,,,,,,,,
margin,Tennessee,scientific_f2_m10,18.874800082712795,13,13,True,False,,,,,,,,,,,
margin,Illinois,scientific_f2_m10,18.81707152346837,14,12,True,False,,,,,,,,,,,
margin,Baylor,scientific_f2_m10,18.36660292182207,15,11,True,False,,,,,,,,,,,
margin,Oklahoma,scientific_f2_m10,18.028801594236853,16,10,True,False,,,,,,,,,,,
margin,James Madison,scientific_f2_m10,17.52348468851368,17,9,True,False,,,,,,,,,,,
margin,UCF,scientific_f2_m10,17.13532069942724,18,8,True,False,,,,,,,,,,,
margin,South Carolina,scientific_f2_m10,16.867360682452865,19,7,True,False,,,,,,,,,,,
margin,Syracuse,scientific_f2_m10,16.617889769393727,20,6,True,False,,,,,,,,,,,
margin,Georgia State,scientific_f2_m10,16.51446080771861,21,5,True,False,,,,,,,,,,,
margin,Georgia,scientific_f2_m10,16.345605583915766,22,4,True,False,,,,,,,,,,,
margin,New Mexico,scientific_f2_m10,16.218311338319637,23,3,True,False,,,,,,,,,,,
margin,Nebraska,scientific_f2_m10,16.21689323628869,24,2,True,False,,,,,,,,,,,
margin,Army,scientific_f2_m10,15.76371079379162,25,1,True,False,,,,,,,,,,,
margin,South Florida,scientific_f2_m10,15.443502383534764,26,0,False,False,,,,,,,,,,,
margin,LSU,scientific_f2_m10,14.833014117560793,27,0,False,False,,,,,,,,,,,
margin,Cincinnati,scientific_f2_m10,14.778854968678429,28,0,False,False,,,,,,,,,,,
margin,Texas,scientific_f2_m10,14.636015282989062,29,0,False,False,,,,,,,,,,,
margin,Oklahoma State,scientific_f2_m10,14.520916851181001,30,0,False,False,,,,,,,,,,,
margin,North Dakota State,scientific_f2_m10,14.204528127908327,31,0,False,False,,,,,,,,,,,
margin,Iowa,scientific_f2_m10,14.010601260283195,32,0,False,False,,,,,,,,,,,
margin,Utah,scientific_f2_m10,13.700726336412002,33,0,False,False,,,,,,,,,,,
margin,Iowa State,scientific_f2_m10,13.689624150602352,34,0,False,False,,,,,,,,,,,
margin,USC,scientific_f2_m10,13.599206390800928,35,0,False,False,,,,,,,,,,,
margin,Northwestern,scientific_f2_m10,13.392653682419185,36,0,False,False,,,,,,,,,,,
margin,Massachusetts,scientific_f2_m10,13.177307587560257,37,0,False,False,,,,,,,,,,,
margin,TCU,scientific_f2_m10,12.853821776168054,38,0,False,False,,,,,,,,,,,
margin,Virginia,scientific_f2_m10,12.179270710400635,39,0,False,False,,,,,,,,,,,
margin,Florida,scientific_f2_m10,11.798365931067725,40,0,False,False,,,,,,,,,,,
margin,Sam Houston,scientific_f2_m10,11.740720765386037,41,0,False,False,,,,,,,,,,,
margin,Penn State,scientific_f2_m10,11.73108512103906,42,0,False,False,,,,,,,,,,,
margin,Texas Tech,scientific_f2_m10,11.687146506537088,43,0,False,False,,,,,,,,,,,
margin,Louisiana,scientific_f2_m10,11.361429203618883,44,0,False,False,,,,,,,,,,,
margin,BYU,scientific_f2_m10,11.018491667581698,45,0,False,False,,,,,,,,,,,
margin,NC State,scientific_f2_m10,10.541677615874967,46,0,False,False,,,,,,,,,,,
margin,Missouri,scientific_f2_m10,10.102854372609237,47,0,False,False,,,,,,,,,,,
margin,Duke,scientific_f2_m10,9.685948339560673,48,0,False,False,,,,,,,,,,,
margin,Michigan State,scientific_f2_m10,9.414092520237531,49,0,False,False,,,,,,,,,,,
margin,Wisconsin,scientific_f2_m10,9.374423498188257,50,0,False,False,,,,,,,,,,,
margin,Washington,scientific_f2_m10,9.252388150045675,51,0,False,False,,,,,,,,,,,
margin,Arizona State,scientific_f2_m10,9.212533743724247,52,0,False,False,,,,,,,,,,,
margin,Texas A&M,scientific_f2_m10,9.125664835298066,53,0,False,False,,,,,,,,,,,
margin,UCLA,scientific_f2_m10,8.367430432007945,54,0,False,False,,,,,,,,,,,
margin,Pittsburgh,scientific_f2_m10,8.267185486122353,55,0,False,False,,,,,,,,,,,
margin,Navy,scientific_f2_m10,7.8507416203175415,56,0,False,False,,,,,,,,,,,
margin,West Virginia,scientific_f2_m10,6.953437744612384,57,0,False,False,,,,,,,,,,,
margin,Kansas,scientific_f2_m10,6.744406599042988,58,0,False,False,,,,,,,,,,,
margin,Colorado State,scientific_f2_m10,6.563915713060082,59,0,False,False,,,,,,,,,,,
margin,Vanderbilt,scientific_f2_m10,6.5586382834871255,60,0,False,False,,,,,,,,,,,
margin,Jacksonville State,scientific_f2_m10,6.426497929468696,61,0,False,False,,,,,,,,,,,
margin,Liberty,scientific_f2_m10,6.112525946915583,62,0,False,False,,,,,,,,,,,
margin,Air Force,scientific_f2_m10,6.063074078224449,63,0,False,False,,,,,,,,,,,
margin,Auburn,scientific_f2_m10,5.86627337261667,64,0,False,False,,,,,,,,,,,
margin,Georgia Tech,scientific_f2_m10,5.333695939129694,65,0,False,False,,,,,,,,,,,
margin,Boston College,scientific_f2_m10,5.091966243896953,66,0,False,False,,,,,,,,,,,
margin,Arizona,scientific_f2_m10,4.822595516024605,67,0,False,False,,,,,,,,,,,
margin,Memphis,scientific_f2_m10,4.433771180804827,68,0,False,False,,,,,,,,,,,
margin,Toledo,scientific_f2_m10,4.288844805526585,69,0,False,False,,,,,,,,,,,
margin,Tulsa,scientific_f2_m10,4.149699783148017,70,0,False,False,,,,,,,,,,,
margin,Troy,scientific_f2_m10,4.086029150869243,71,0,False,False,,,,,,,,,,,
margin,Ole Miss,scientific_f2_m10,3.385275989867338,72,0,False,False,,,,,,,,,,,
margin,Maryland,scientific_f2_m10,3.369398070472215,73,0,False,False,,,,,,,,,,,
margin,Minnesota,scientific_f2_m10,3.1534817198665905,74,0,False,False,,,,,,,,,,,
margin,Western Michigan,scientific_f2_m10,2.3297873874685284,75,0,False,False,,,,,,,,,,,
margin,Wake Forest,scientific_f2_m10,1.9598492443388311,76,0,False,False,,,,,,,,,,,
margin,New Mexico State,scientific_f2_m10,1.7413215944816172,77,0,False,False,,,,,,,,,,,
margin,Purdue,scientific_f2_m10,1.6903501975572546,78,0,False,False,,,,,,,,,,,
margin,Southern Miss,scientific_f2_m10,1.0489277356486484,79,0,False,False,,,,,,,,,,,
margin,South Alabama,scientific_f2_m10,0.7515529764626292,80,0,False,False,,,,,,,,,,,
margin,Colorado,scientific_f2_m10,0.3125697557962528,81,0,False,False,,,,,,,,,,,
margin,Michigan,scientific_f2_m10,-0.29602277783273523,82,0,False,False,,,,,,,,,,,
margin,Louisville,scientific_f2_m10,-0.516080329569279,83,0,False,False,,,,,,,,,,,
margin,Boise State,scientific_f2_m10,-1.5845580130959174,84,0,False,False,,,,,,,,,,,
margin,Rutgers,scientific_f2_m10,-1.6890485224708836,85,0,False,False,,,,,,,,,,,
margin,San José State,scientific_f2_m10,-1.7084080079223056,86,0,False,False,,,,,,,,,,,
margin,Fresno State,scientific_f2_m10,-1.964643983480048,87,0,False,False,,,,,,,,,,,
margin,Miami (OH),scientific_f2_m10,-2.248174619768836,88,0,False,False,,,,,,,,,,,
margin,Florida International,scientific_f2_m10,-3.0312559707423046,89,0,False,False,,,,,,,,,,,
margin,Georgia Southern,scientific_f2_m10,-3.139103208355088,90,0,False,False,,,,,,,,,,,
margin,UConn,scientific_f2_m10,-3.398290853084476,91,0,False,False,,,,,,,,,,,
margin,Temple,scientific_f2_m10,-3.5139983337979963,92,0,False,False,,,,,,,,,,,
margin,Delaware,scientific_f2_m10,-3.8072797866166117,93,0,False,False,,,,,,,,,,,
margin,Missouri State,scientific_f2_m10,-4.17815372476327,94,0,False,False,,,,,,,,,,,
margin,UTSA,scientific_f2_m10,-4.433664632584615,95,0,False,False,,,,,,,,,,,
margin,North Carolina,scientific_f2_m10,-4.6139495074668835,96,0,False,False,,,,,,,,,,,
margin,Kentucky,scientific_f2_m10,-4.761048628862567,97,0,False,False,,,,,,,,,,,
margin,California,scientific_f2_m10,-5.305897852918348,98,0,False,False,,,,,,,,,,,
margin,Florida State,scientific_f2_m10,-6.603768462060398,99,0,False,False,,,,,,,,,,,
margin,Washington State,scientific_f2_m10,-6.739344015567295,100,0,False,False,,,,,,,,,,,
margin,East Carolina,scientific_f2_m10,-6.762677017595668,101,0,False,False,,,,,,,,,,,
margin,Kennesaw State,scientific_f2_m10,-6.937147663045123,102,0,False,False,,,,,,,,,,,
margin,Middle Tennessee,scientific_f2_m10,-7.0429287267912075,103,0,False,False,,,,,,,,,,,
margin,Akron,scientific_f2_m10,-7.243653019495613,104,0,False,False,,,,,,,,,,,
margin,Rice,scientific_f2_m10,-7.5222263305962045,105,0,False,False,,,,,,,,,,,
margin,Louisiana Tech,scientific_f2_m10,-7.610397515420927,106,0,False,False,,,,,,,,,,,
margin,Charlotte,scientific_f2_m10,-7.76120986389726,107,0,False,False,,,,,,,,,,,
margin,Utah State,scientific_f2_m10,-7.840496644348857,108,0,False,False,,,,,,,,,,,
margin,Coastal Carolina,scientific_f2_m10,-8.154097285844436,109,0,False,False,,,,,,,,,,,
margin,Nevada,scientific_f2_m10,-8.79861737255488,110,0,False,False,,,,,,,,,,,
margin,Hawai'i,scientific_f2_m10,-8.986528897704646,111,0,False,False,,,,,,,,,,,
margin,UAB,scientific_f2_m10,-9.298703444425296,112,0,False,False,,,,,,,,,,,
margin,Florida Atlantic,scientific_f2_m10,-9.518832842697602,113,0,False,False,,,,,,,,,,,
margin,Texas State,scientific_f2_m10,-9.76658802156143,114,0,False,False,,,,,,,,,,,
margin,Wyoming,scientific_f2_m10,-10.763348811805631,115,0,False,False,,,,,,,,,,,
margin,Northern Illinois,scientific_f2_m10,-11.760204437259832,116,0,False,False,,,,,,,,,,,
margin,Clemson,scientific_f2_m10,-12.328663162447924,117,0,False,False,,,,,,,,,,,
margin,Marshall,scientific_f2_m10,-12.859818836360205,118,0,False,False,,,,,,,,,,,
margin,Sacramento State,scientific_f2_m10,-13.611032440900946,119,0,False,False,,,,,,,,,,,
margin,Arkansas State,scientific_f2_m10,-13.818911612573862,120,0,False,False,,,,,,,,,,,
margin,North Texas,scientific_f2_m10,-14.020439962510228,121,0,False,False,,,,,,,,,,,
margin,Eastern Michigan,scientific_f2_m10,-14.353205383323282,122,0,False,False,,,,,,,,,,,
margin,Central Michigan,scientific_f2_m10,-14.446347687069812,123,0,False,False,,,,,,,,,,,
margin,Buffalo,scientific_f2_m10,-14.746566644433248,124,0,False,False,,,,,,,,,,,
margin,Old Dominion,scientific_f2_m10,-15.046946832208667,125,0,False,False,,,,,,,,,,,
margin,Arkansas,scientific_f2_m10,-15.17909149145989,126,0,False,False,,,,,,,,,,,
margin,Ohio,scientific_f2_m10,-15.208768106070156,127,0,False,False,,,,,,,,,,,
margin,San Diego State,scientific_f2_m10,-15.920632137772387,128,0,False,False,,,,,,,,,,,
margin,Oregon State,scientific_f2_m10,-16.703014320148096,129,0,False,False,,,,,,,,,,,
margin,Bowling Green,scientific_f2_m10,-17.114092665148817,130,0,False,False,,,,,,,,,,,
margin,UL Monroe,scientific_f2_m10,-17.656007326791748,131,0,False,False,,,,,,,,,,,
margin,Stanford,scientific_f2_m10,-19.007665443007557,132,0,False,False,,,,,,,,,,,
margin,Tulane,scientific_f2_m10,-19.714407227085406,133,0,False,False,,,,,,,,,,,
margin,UNLV,scientific_f2_m10,-20.28836007483263,134,0,False,False,,,,,,,,,,,
margin,UTEP,scientific_f2_m10,-21.297299188771667,135,0,False,False,,,,,,,,,,,
margin,Ball State,scientific_f2_m10,-22.95602516388706,136,0,False,False,,,,,,,,,,,
margin,Western Kentucky,scientific_f2_m10,-23.469101762035272,137,0,False,False,,,,,,,,,,,
margin,Kent State,scientific_f2_m10,-31.5991649589034,138,0,False,False,,,,,,,,,,,
margin,Georgia,scientific_f3_m1,34.41145564157843,1,25,True,True,,,,,,,,,,,
margin,Ohio State,scientific_f3_m1,30.338152854186653,2,24,True,False,,,,,,,,,,,
margin,Texas,scientific_f3_m1,30.294647448361523,3,23,True,False,,,,,,,,,,,
margin,Oregon,scientific_f3_m1,25.999492725172814,4,22,True,False,,,,,,,,,,,
margin,Tennessee,scientific_f3_m1,25.802696564348217,5,21,True,False,,,,,,,,,,,
margin,Notre Dame,scientific_f3_m1,25.064656127151807,6,20,True,False,,,,,,,,,,,
margin,Oklahoma,scientific_f3_m1,24.589406441489068,7,19,True,False,,,,,,,,,,,
margin,Indiana,scientific_f3_m1,23.388324964762354,8,18,True,False,,,,,,,,,,,
margin,Alabama,scientific_f3_m1,23.275639264021436,9,17,True,False,,,,,,,,,,,
margin,Ole Miss,scientific_f3_m1,22.717355920470197,10,16,True,False,,,,,,,,,,,
margin,LSU,scientific_f3_m1,21.455222062996484,11,15,True,False,,,,,,,,,,,
margin,Utah,scientific_f3_m1,21.130627801220164,12,14,True,False,,,,,,,,,,,
margin,Iowa,scientific_f3_m1,20.587143549315194,13,13,True,False,,,,,,,,,,,
margin,Penn State,scientific_f3_m1,19.947677852254635,14,12,True,False,,,,,,,,,,,
margin,Michigan,scientific_f3_m1,19.051141251174407,15,11,True,False,,,,,,,,,,,
margin,South Carolina,scientific_f3_m1,18.240897712425976,16,10,True,False,,,,,,,,,,,
margin,Florida,scientific_f3_m1,18.101201275692414,17,9,True,False,,,,,,,,,,,
margin,Kansas State,scientific_f3_m1,16.874631862786458,18,8,True,False,,,,,,,,,,,
margin,Illinois,scientific_f3_m1,16.741732638913604,19,7,True,False,,,,,,,,,,,
margin,Washington,scientific_f3_m1,16.70989001057255,20,6,True,False,,,,,,,,,,,
margin,USC,scientific_f3_m1,16.236488889611536,21,5,True,False,,,,,,,,,,,
margin,Texas A&M,scientific_f3_m1,15.425448681296876,22,4,True,False,,,,,,,,,,,
margin,BYU,scientific_f3_m1,15.409484014566022,23,3,True,False,,,,,,,,,,,
margin,Houston,scientific_f3_m1,14.805927457798767,24,2,True,False,,,,,,,,,,,
margin,Nebraska,scientific_f3_m1,14.592585851548764,25,1,True,False,,,,,,,,,,,
margin,TCU,scientific_f3_m1,14.383494004345346,26,0,False,False,,,,,,,,,,,
margin,Miami,scientific_f3_m1,14.360227961917412,27,0,False,False,,,,,,,,,,,
margin,Mississippi State,scientific_f3_m1,14.308365695341417,28,0,False,False,,,,,,,,,,,
margin,James Madison,scientific_f3_m1,14.127168427917693,29,0,False,False,,,,,,,,,,,
margin,Boise State,scientific_f3_m1,13.036671639663304,30,0,False,False,,,,,,,,,,,
margin,Virginia Tech,scientific_f3_m1,12.926155778083833,31,0,False,False,,,,,,,,,,,
margin,Missouri,scientific_f3_m1,12.36593099062415,32,0,False,False,,,,,,,,,,,
margin,Louisville,scientific_f3_m1,12.253688018931024,33,0,False,False,,,,,,,,,,,
margin,Minnesota,scientific_f3_m1,11.566082972597648,34,0,False,False,,,,,,,,,,,
margin,Vanderbilt,scientific_f3_m1,10.801830929226348,35,0,False,False,,,,,,,,,,,
margin,Wisconsin,scientific_f3_m1,9.747897025204848,36,0,False,False,,,,,,,,,,,
margin,NC State,scientific_f3_m1,9.429901365739038,37,0,False,False,,,,,,,,,,,
margin,Pittsburgh,scientific_f3_m1,9.418882701413779,38,0,False,False,,,,,,,,,,,
margin,UCF,scientific_f3_m1,9.418116755516563,39,0,False,False,,,,,,,,,,,
margin,Texas Tech,scientific_f3_m1,9.127427300100042,40,0,False,False,,,,,,,,,,,
margin,New Mexico,scientific_f3_m1,9.103536323849792,41,0,False,False,,,,,,,,,,,
margin,Maryland,scientific_f3_m1,9.034554909658297,42,0,False,False,,,,,,,,,,,
margin,South Florida,scientific_f3_m1,8.997223877421831,43,0,False,False,,,,,,,,,,,
margin,Virginia,scientific_f3_m1,8.667645420365321,44,0,False,False,,,,,,,,,,,
margin,Duke,scientific_f3_m1,8.375232573374376,45,0,False,False,,,,,,,,,,,
margin,North Carolina,scientific_f3_m1,8.20658944761755,46,0,False,False,,,,,,,,,,,
margin,SMU,scientific_f3_m1,8.104112657326711,47,0,False,False,,,,,,,,,,,
margin,Arizona,scientific_f3_m1,8.033765760262211,48,0,False,False,,,,,,,,,,,
margin,Kentucky,scientific_f3_m1,7.998122030323059,49,0,False,False,,,,,,,,,,,
margin,Northwestern,scientific_f3_m1,7.967329212027881,50,0,False,False,,,,,,,,,,,
margin,Cincinnati,scientific_f3_m1,7.7572262101588,51,0,False,False,,,,,,,,,,,
margin,Iowa State,scientific_f3_m1,7.707575131614377,52,0,False,False,,,,,,,,,,,
margin,Auburn,scientific_f3_m1,7.582680608853931,53,0,False,False,,,,,,,,,,,
margin,California,scientific_f3_m1,7.294400332588635,54,0,False,False,,,,,,,,,,,
margin,Clemson,scientific_f3_m1,6.247965516590192,55,0,False,False,,,,,,,,,,,
margin,UCLA,scientific_f3_m1,6.169554263671756,56,0,False,False,,,,,,,,,,,
margin,Wake Forest,scientific_f3_m1,6.076358011241269,57,0,False,False,,,,,,,,,,,
margin,Kansas,scientific_f3_m1,5.3797389368269295,58,0,False,False,,,,,,,,,,,
margin,Oklahoma State,scientific_f3_m1,5.266822261313498,59,0,False,False,,,,,,,,,,,
margin,Baylor,scientific_f3_m1,4.800491072183622,60,0,False,False,,,,,,,,,,,
margin,Arizona State,scientific_f3_m1,4.350752330918372,61,0,False,False,,,,,,,,,,,
margin,Florida State,scientific_f3_m1,3.9803600788098126,62,0,False,False,,,,,,,,,,,
margin,West Virginia,scientific_f3_m1,3.350924940034354,63,0,False,False,,,,,,,,,,,
margin,Michigan State,scientific_f3_m1,3.0746954448418284,64,0,False,False,,,,,,,,,,,
margin,Syracuse,scientific_f3_m1,2.9761722386134597,65,0,False,False,,,,,,,,,,,
margin,Tulane,scientific_f3_m1,2.408572925840222,66,0,False,False,,,,,,,,,,,
margin,Purdue,scientific_f3_m1,1.9184131396606654,67,0,False,False,,,,,,,,,,,
margin,North Dakota State,scientific_f3_m1,1.4389864311156133,68,0,False,False,,,,,,,,,,,
margin,Memphis,scientific_f3_m1,1.301786672541807,69,0,False,False,,,,,,,,,,,
margin,South Alabama,scientific_f3_m1,1.2458422513917373,70,0,False,False,,,,,,,,,,,
margin,App State,scientific_f3_m1,1.048272161088252,71,0,False,False,,,,,,,,,,,
margin,UConn,scientific_f3_m1,1.0373416422419983,72,0,False,False,,,,,,,,,,,
margin,Georgia Tech,scientific_f3_m1,0.8102048044823738,73,0,False,False,,,,,,,,,,,
margin,Tulsa,scientific_f3_m1,0.6552264779978496,74,0,False,False,,,,,,,,,,,
margin,Washington State,scientific_f3_m1,0.6351382969217396,75,0,False,False,,,,,,,,,,,
margin,UTSA,scientific_f3_m1,-0.1110501488801603,76,0,False,False,,,,,,,,,,,
margin,Old Dominion,scientific_f3_m1,-0.40814277190710513,77,0,False,False,,,,,,,,,,,
margin,Colorado State,scientific_f3_m1,-0.6782288533197356,78,0,False,False,,,,,,,,,,,
margin,Georgia Southern,scientific_f3_m1,-0.7993547860041526,79,0,False,False,,,,,,,,,,,
margin,Fresno State,scientific_f3_m1,-0.9740458417690832,80,0,False,False,,,,,,,,,,,
margin,Liberty,scientific_f3_m1,-1.5458525829819703,81,0,False,False,,,,,,,,,,,
margin,Army,scientific_f3_m1,-1.6276449832175057,82,0,False,False,,,,,,,,,,,
margin,Colorado,scientific_f3_m1,-2.24352188707097,83,0,False,False,,,,,,,,,,,
margin,Stanford,scientific_f3_m1,-2.367590286032379,84,0,False,False,,,,,,,,,,,
margin,Oregon State,scientific_f3_m1,-2.4395465110052292,85,0,False,False,,,,,,,,,,,
margin,San Diego State,scientific_f3_m1,-2.485676939213459,86,0,False,False,,,,,,,,,,,
margin,Delaware,scientific_f3_m1,-2.955166508799416,87,0,False,False,,,,,,,,,,,
margin,Toledo,scientific_f3_m1,-3.035886763356628,88,0,False,False,,,,,,,,,,,
margin,Temple,scientific_f3_m1,-3.416225669128381,89,0,False,False,,,,,,,,,,,
margin,Arkansas,scientific_f3_m1,-3.486135526846015,90,0,False,False,,,,,,,,,,,
margin,Louisiana,scientific_f3_m1,-3.5058020793943037,91,0,False,False,,,,,,,,,,,
margin,Georgia State,scientific_f3_m1,-4.074111982443773,92,0,False,False,,,,,,,,,,,
margin,Jacksonville State,scientific_f3_m1,-4.2352708747130485,93,0,False,False,,,,,,,,,,,
margin,Louisiana Tech,scientific_f3_m1,-4.239562130734541,94,0,False,False,,,,,,,,,,,
margin,Air Force,scientific_f3_m1,-4.604598264213175,95,0,False,False,,,,,,,,,,,
margin,Miami (OH),scientific_f3_m1,-4.7473179674669534,96,0,False,False,,,,,,,,,,,
margin,Western Michigan,scientific_f3_m1,-4.858586955667155,97,0,False,False,,,,,,,,,,,
margin,East Carolina,scientific_f3_m1,-5.814079889205676,98,0,False,False,,,,,,,,,,,
margin,Arkansas State,scientific_f3_m1,-5.861384159371623,99,0,False,False,,,,,,,,,,,
margin,Coastal Carolina,scientific_f3_m1,-6.030875579338838,100,0,False,False,,,,,,,,,,,
margin,Boston College,scientific_f3_m1,-6.242037319105215,101,0,False,False,,,,,,,,,,,
margin,Troy,scientific_f3_m1,-6.600731691000515,102,0,False,False,,,,,,,,,,,
margin,Navy,scientific_f3_m1,-6.782520384573386,103,0,False,False,,,,,,,,,,,
margin,North Texas,scientific_f3_m1,-6.971246410897246,104,0,False,False,,,,,,,,,,,
margin,Central Michigan,scientific_f3_m1,-7.36113219438964,105,0,False,False,,,,,,,,,,,
margin,San José State,scientific_f3_m1,-7.72489278017397,106,0,False,False,,,,,,,,,,,
margin,Sam Houston,scientific_f3_m1,-7.749146767851505,107,0,False,False,,,,,,,,,,,
margin,UAB,scientific_f3_m1,-7.9305888457493445,108,0,False,False,,,,,,,,,,,
margin,Utah State,scientific_f3_m1,-8.063561561760876,109,0,False,False,,,,,,,,,,,
margin,Middle Tennessee,scientific_f3_m1,-8.224360815741672,110,0,False,False,,,,,,,,,,,
margin,New Mexico State,scientific_f3_m1,-8.426176410607326,111,0,False,False,,,,,,,,,,,
margin,Rice,scientific_f3_m1,-8.796022202948878,112,0,False,False,,,,,,,,,,,
margin,Hawai'i,scientific_f3_m1,-8.980148099024673,113,0,False,False,,,,,,,,,,,
margin,Florida Atlantic,scientific_f3_m1,-9.196005075816753,114,0,False,False,,,,,,,,,,,
margin,Texas State,scientific_f3_m1,-9.265995863998397,115,0,False,False,,,,,,,,,,,
margin,Southern Miss,scientific_f3_m1,-9.37110867393154,116,0,False,False,,,,,,,,,,,
margin,Florida International,scientific_f3_m1,-9.493201182309095,117,0,False,False,,,,,,,,,,,
margin,Ohio,scientific_f3_m1,-9.742460950714642,118,0,False,False,,,,,,,,,,,
margin,UNLV,scientific_f3_m1,-10.446235108724094,119,0,False,False,,,,,,,,,,,
margin,Missouri State,scientific_f3_m1,-10.503245169962137,120,0,False,False,,,,,,,,,,,
margin,Rutgers,scientific_f3_m1,-10.711399434872405,121,0,False,False,,,,,,,,,,,
margin,Massachusetts,scientific_f3_m1,-11.443460685424535,122,0,False,False,,,,,,,,,,,
margin,Wyoming,scientific_f3_m1,-12.41793396200059,123,0,False,False,,,,,,,,,,,
margin,Kennesaw State,scientific_f3_m1,-12.589164595588771,124,0,False,False,,,,,,,,,,,
margin,Nevada,scientific_f3_m1,-12.607673273152736,125,0,False,False,,,,,,,,,,,
margin,Charlotte,scientific_f3_m1,-13.834936336090495,126,0,False,False,,,,,,,,,,,
margin,Akron,scientific_f3_m1,-14.351324820714103,127,0,False,False,,,,,,,,,,,
margin,UTEP,scientific_f3_m1,-14.970912088065704,128,0,False,False,,,,,,,,,,,
margin,Western Kentucky,scientific_f3_m1,-15.178436301777934,129,0,False,False,,,,,,,,,,,
margin,Marshall,scientific_f3_m1,-15.492075912377791,130,0,False,False,,,,,,,,,,,
margin,Sacramento State,scientific_f3_m1,-15.952656734676273,131,0,False,False,,,,,,,,,,,
margin,Buffalo,scientific_f3_m1,-17.990028901260416,132,0,False,False,,,,,,,,,,,
margin,Ball State,scientific_f3_m1,-19.217179450996397,133,0,False,False,,,,,,,,,,,
margin,Bowling Green,scientific_f3_m1,-19.518395359472414,134,0,False,False,,,,,,,,,,,
margin,Eastern Michigan,scientific_f3_m1,-21.351811070310262,135,0,False,False,,,,,,,,,,,
margin,Northern Illinois,scientific_f3_m1,-21.797270821237674,136,0,False,False,,,,,,,,,,,
margin,UL Monroe,scientific_f3_m1,-23.085048443733648,137,0,False,False,,,,,,,,,,,
margin,Kent State,scientific_f3_m1,-25.7279915190771,138,0,False,False,,,,,,,,,,,
margin,Georgia,scientific_f3_m2,36.907648796083095,1,25,True,True,,,,,,,,,,,
margin,Ohio State,scientific_f3_m2,28.66938847887464,2,24,True,False,,,,,,,,,,,
margin,Oregon,scientific_f3_m2,26.037598928770354,3,23,True,False,,,,,,,,,,,
margin,Tennessee,scientific_f3_m2,25.329158747183275,4,22,True,False,,,,,,,,,,,
margin,Notre Dame,scientific_f3_m2,23.04413100556538,5,21,True,False,,,,,,,,,,,
margin,Alabama,scientific_f3_m2,22.275943516324308,6,20,True,False,,,,,,,,,,,
margin,Miami,scientific_f3_m2,20.8220684413058,7,19,True,False,,,,,,,,,,,
margin,Texas,scientific_f3_m2,19.71483919185113,8,18,True,False,,,,,,,,,,,
margin,Florida,scientific_f3_m2,19.45916008510711,9,17,True,False,,,,,,,,,,,
margin,Ole Miss,scientific_f3_m2,19.40066402048418,10,16,True,False,,,,,,,,,,,
margin,Indiana,scientific_f3_m2,18.88408148537523,11,15,True,False,,,,,,,,,,,
margin,South Carolina,scientific_f3_m2,18.24974392734201,12,14,True,False,,,,,,,,,,,
margin,Penn State,scientific_f3_m2,18.055371239882927,13,13,True,False,,,,,,,,,,,
margin,Utah,scientific_f3_m2,17.960925678929463,14,12,True,False,,,,,,,,,,,
margin,Iowa,scientific_f3_m2,17.933729670440666,15,11,True,False,,,,,,,,,,,
margin,Illinois,scientific_f3_m2,17.388592265614477,16,10,True,False,,,,,,,,,,,
margin,LSU,scientific_f3_m2,17.35723923221878,17,9,True,False,,,,,,,,,,,
margin,USC,scientific_f3_m2,16.21724028461355,18,8,True,False,,,,,,,,,,,
margin,Texas A&M,scientific_f3_m2,15.880257574431102,19,7,True,False,,,,,,,,,,,
margin,Oklahoma,scientific_f3_m2,15.390953946526832,20,6,True,False,,,,,,,,,,,
margin,Kansas State,scientific_f3_m2,14.836201098546528,21,5,True,False,,,,,,,,,,,
margin,Michigan,scientific_f3_m2,14.6081085149324,22,4,True,False,,,,,,,,,,,
margin,Nebraska,scientific_f3_m2,14.391391843680896,23,3,True,False,,,,,,,,,,,
margin,Mississippi State,scientific_f3_m2,14.218008004836133,24,2,True,False,,,,,,,,,,,
margin,BYU,scientific_f3_m2,13.109158241572832,25,1,True,False,,,,,,,,,,,
margin,Washington,scientific_f3_m2,12.309930168759266,26,0,False,False,,,,,,,,,,,
margin,James Madison,scientific_f3_m2,10.68585664558509,27,0,False,False,,,,,,,,,,,
margin,Houston,scientific_f3_m2,9.776803170391723,28,0,False,False,,,,,,,,,,,
margin,Wisconsin,scientific_f3_m2,9.448010604775405,29,0,False,False,,,,,,,,,,,
margin,Louisville,scientific_f3_m2,9.361272170310436,30,0,False,False,,,,,,,,,,,
margin,Virginia Tech,scientific_f3_m2,9.356701195290537,31,0,False,False,,,,,,,,,,,
margin,Arizona,scientific_f3_m2,9.045069939582827,32,0,False,False,,,,,,,,,,,
margin,SMU,scientific_f3_m2,8.927702578387603,33,0,False,False,,,,,,,,,,,
margin,Northwestern,scientific_f3_m2,8.40910977623378,34,0,False,False,,,,,,,,,,,
margin,TCU,scientific_f3_m2,8.380598535978237,35,0,False,False,,,,,,,,,,,
margin,Missouri,scientific_f3_m2,8.306378391961484,36,0,False,False,,,,,,,,,,,
margin,Virginia,scientific_f3_m2,8.036144519801404,37,0,False,False,,,,,,,,,,,
margin,Maryland,scientific_f3_m2,7.958558611347335,38,0,False,False,,,,,,,,,,,
margin,NC State,scientific_f3_m2,7.7511701075790285,39,0,False,False,,,,,,,,,,,
margin,Vanderbilt,scientific_f3_m2,7.540554648002036,40,0,False,False,,,,,,,,,,,
margin,Minnesota,scientific_f3_m2,7.2700091420011255,41,0,False,False,,,,,,,,,,,
margin,Pittsburgh,scientific_f3_m2,7.023340001552622,42,0,False,False,,,,,,,,,,,
margin,Boise State,scientific_f3_m2,6.951907899084535,43,0,False,False,,,,,,,,,,,
margin,Iowa State,scientific_f3_m2,6.52020582915506,44,0,False,False,,,,,,,,,,,
margin,Auburn,scientific_f3_m2,6.137127095561006,45,0,False,False,,,,,,,,,,,
margin,Texas Tech,scientific_f3_m2,5.822336489149404,46,0,False,False,,,,,,,,,,,
margin,Duke,scientific_f3_m2,5.64430416585218,47,0,False,False,,,,,,,,,,,
margin,South Florida,scientific_f3_m2,5.591879024760086,48,0,False,False,,,,,,,,,,,
margin,Cincinnati,scientific_f3_m2,5.532271055243733,49,0,False,False,,,,,,,,,,,
margin,Kansas,scientific_f3_m2,5.189774342103352,50,0,False,False,,,,,,,,,,,
margin,Baylor,scientific_f3_m2,5.1525136511600635,51,0,False,False,,,,,,,,,,,
margin,UCLA,scientific_f3_m2,4.948970213241324,52,0,False,False,,,,,,,,,,,
margin,Oklahoma State,scientific_f3_m2,4.821334652831023,53,0,False,False,,,,,,,,,,,
margin,West Virginia,scientific_f3_m2,4.487572010271759,54,0,False,False,,,,,,,,,,,
margin,North Carolina,scientific_f3_m2,4.408576497090717,55,0,False,False,,,,,,,,,,,
margin,UCF,scientific_f3_m2,4.273379992350385,56,0,False,False,,,,,,,,,,,
margin,Kentucky,scientific_f3_m2,3.838809413665368,57,0,False,False,,,,,,,,,,,
margin,Florida State,scientific_f3_m2,2.7800804901371947,58,0,False,False,,,,,,,,,,,
margin,Army,scientific_f3_m2,2.185042260921511,59,0,False,False,,,,,,,,,,,
margin,Michigan State,scientific_f3_m2,1.920819373118631,60,0,False,False,,,,,,,,,,,
margin,App State,scientific_f3_m2,1.66414416869398,61,0,False,False,,,,,,,,,,,
margin,Purdue,scientific_f3_m2,1.1650220254603756,62,0,False,False,,,,,,,,,,,
margin,Wake Forest,scientific_f3_m2,0.931281583376947,63,0,False,False,,,,,,,,,,,
margin,Arizona State,scientific_f3_m2,0.9304674005541784,64,0,False,False,,,,,,,,,,,
margin,California,scientific_f3_m2,0.7092146466216818,65,0,False,False,,,,,,,,,,,
margin,New Mexico,scientific_f3_m2,-0.14105691490100547,66,0,False,False,,,,,,,,,,,
margin,Syracuse,scientific_f3_m2,-0.28152784065754943,67,0,False,False,,,,,,,,,,,
margin,UConn,scientific_f3_m2,-0.470795466189017,68,0,False,False,,,,,,,,,,,
margin,Tulane,scientific_f3_m2,-0.5009541350188034,69,0,False,False,,,,,,,,,,,
margin,North Dakota State,scientific_f3_m2,-0.58833559002219,70,0,False,False,,,,,,,,,,,
margin,Georgia Tech,scientific_f3_m2,-0.6759634676915525,71,0,False,False,,,,,,,,,,,
margin,Clemson,scientific_f3_m2,-1.4852686908065031,72,0,False,False,,,,,,,,,,,
margin,Colorado State,scientific_f3_m2,-1.5663839561220385,73,0,False,False,,,,,,,,,,,
margin,Memphis,scientific_f3_m2,-2.1057072331201354,74,0,False,False,,,,,,,,,,,
margin,Toledo,scientific_f3_m2,-2.7933449992956927,75,0,False,False,,,,,,,,,,,
margin,Georgia Southern,scientific_f3_m2,-2.8771826734220625,76,0,False,False,,,,,,,,,,,
margin,South Alabama,scientific_f3_m2,-2.905425143968124,77,0,False,False,,,,,,,,,,,
margin,UTSA,scientific_f3_m2,-4.244635424982118,78,0,False,False,,,,,,,,,,,
margin,Navy,scientific_f3_m2,-4.418768033514457,79,0,False,False,,,,,,,,,,,
margin,Western Michigan,scientific_f3_m2,-4.571049052540948,80,0,False,False,,,,,,,,,,,
margin,Washington State,scientific_f3_m2,-4.737787192504625,81,0,False,False,,,,,,,,,,,
margin,Air Force,scientific_f3_m2,-5.320056647905723,82,0,False,False,,,,,,,,,,,
margin,Colorado,scientific_f3_m2,-5.3569680507378274,83,0,False,False,,,,,,,,,,,
margin,Georgia State,scientific_f3_m2,-5.588847242888276,84,0,False,False,,,,,,,,,,,
margin,Troy,scientific_f3_m2,-5.7707283920262915,85,0,False,False,,,,,,,,,,,
margin,Miami (OH),scientific_f3_m2,-5.85801509213642,86,0,False,False,,,,,,,,,,,
margin,Oregon State,scientific_f3_m2,-5.943944073965016,87,0,False,False,,,,,,,,,,,
margin,Liberty,scientific_f3_m2,-6.126156514723621,88,0,False,False,,,,,,,,,,,
margin,Arkansas,scientific_f3_m2,-6.305805392736601,89,0,False,False,,,,,,,,,,,
margin,Louisiana,scientific_f3_m2,-6.367008144338051,90,0,False,False,,,,,,,,,,,
margin,Fresno State,scientific_f3_m2,-6.511707846481138,91,0,False,False,,,,,,,,,,,
margin,Louisiana Tech,scientific_f3_m2,-6.788167668433286,92,0,False,False,,,,,,,,,,,
margin,Old Dominion,scientific_f3_m2,-7.162133610031757,93,0,False,False,,,,,,,,,,,
margin,Jacksonville State,scientific_f3_m2,-7.401563010591064,94,0,False,False,,,,,,,,,,,
margin,Delaware,scientific_f3_m2,-7.524711015142308,95,0,False,False,,,,,,,,,,,
margin,Boston College,scientific_f3_m2,-8.044010149917346,96,0,False,False,,,,,,,,,,,
margin,Arkansas State,scientific_f3_m2,-8.540143842597086,97,0,False,False,,,,,,,,,,,
margin,Temple,scientific_f3_m2,-8.701625950011437,98,0,False,False,,,,,,,,,,,
margin,Texas State,scientific_f3_m2,-9.141533750048735,99,0,False,False,,,,,,,,,,,
margin,North Texas,scientific_f3_m2,-9.280373180501345,100,0,False,False,,,,,,,,,,,
margin,Tulsa,scientific_f3_m2,-9.552614175557002,101,0,False,False,,,,,,,,,,,
margin,East Carolina,scientific_f3_m2,-9.665912053013866,102,0,False,False,,,,,,,,,,,
margin,Coastal Carolina,scientific_f3_m2,-9.76069918193199,103,0,False,False,,,,,,,,,,,
margin,Sam Houston,scientific_f3_m2,-10.426560554626562,104,0,False,False,,,,,,,,,,,
margin,San Diego State,scientific_f3_m2,-10.594680456143639,105,0,False,False,,,,,,,,,,,
margin,Ohio,scientific_f3_m2,-11.377997696886764,106,0,False,False,,,,,,,,,,,
margin,Stanford,scientific_f3_m2,-11.41160479404719,107,0,False,False,,,,,,,,,,,
margin,Rice,scientific_f3_m2,-11.456949281455838,108,0,False,False,,,,,,,,,,,
margin,New Mexico State,scientific_f3_m2,-11.583470972422363,109,0,False,False,,,,,,,,,,,
margin,Florida Atlantic,scientific_f3_m2,-11.632290528773643,110,0,False,False,,,,,,,,,,,
margin,Hawai'i,scientific_f3_m2,-11.84538444121185,111,0,False,False,,,,,,,,,,,
margin,San José State,scientific_f3_m2,-12.095300300316437,112,0,False,False,,,,,,,,,,,
margin,Utah State,scientific_f3_m2,-12.559787924662931,113,0,False,False,,,,,,,,,,,
margin,Central Michigan,scientific_f3_m2,-13.12421079913798,114,0,False,False,,,,,,,,,,,
margin,Florida International,scientific_f3_m2,-13.287374657148584,115,0,False,False,,,,,,,,,,,
margin,UNLV,scientific_f3_m2,-13.418317455518833,116,0,False,False,,,,,,,,,,,
margin,Massachusetts,scientific_f3_m2,-13.658458239983513,117,0,False,False,,,,,,,,,,,
margin,Kennesaw State,scientific_f3_m2,-13.719895526914772,118,0,False,False,,,,,,,,,,,
margin,Rutgers,scientific_f3_m2,-14.422164473190701,119,0,False,False,,,,,,,,,,,
margin,Middle Tennessee,scientific_f3_m2,-14.876531968966841,120,0,False,False,,,,,,,,,,,
margin,Missouri State,scientific_f3_m2,-15.660186273068895,121,0,False,False,,,,,,,,,,,
margin,Southern Miss,scientific_f3_m2,-15.937470177666984,122,0,False,False,,,,,,,,,,,
margin,UAB,scientific_f3_m2,-16.217428864330238,123,0,False,False,,,,,,,,,,,
margin,Nevada,scientific_f3_m2,-18.391461458526322,124,0,False,False,,,,,,,,,,,
margin,Akron,scientific_f3_m2,-18.713802687084623,125,0,False,False,,,,,,,,,,,
margin,Wyoming,scientific_f3_m2,-19.46617528486015,126,0,False,False,,,,,,,,,,,
margin,Marshall,scientific_f3_m2,-20.646496991776136,127,0,False,False,,,,,,,,,,,
margin,Sacramento State,scientific_f3_m2,-21.581819211265707,128,0,False,False,,,,,,,,,,,
margin,UTEP,scientific_f3_m2,-22.211229813690192,129,0,False,False,,,,,,,,,,,
margin,Charlotte,scientific_f3_m2,-22.22606489796911,130,0,False,False,,,,,,,,,,,
margin,Western Kentucky,scientific_f3_m2,-24.59804313848399,131,0,False,False,,,,,,,,,,,
margin,Ball State,scientific_f3_m2,-25.24631676724276,132,0,False,False,,,,,,,,,,,
margin,Northern Illinois,scientific_f3_m2,-25.34821766823159,133,0,False,False,,,,,,,,,,,
margin,Buffalo,scientific_f3_m2,-25.73655038272058,134,0,False,False,,,,,,,,,,,
margin,Eastern Michigan,scientific_f3_m2,-25.917609313493095,135,0,False,False,,,,,,,,,,,
margin,Bowling Green,scientific_f3_m2,-28.720106558915937,136,0,False,False,,,,,,,,,,,
margin,UL Monroe,scientific_f3_m2,-31.199697685546326,137,0,False,False,,,,,,,,,,,
margin,Kent State,scientific_f3_m2,-32.24844209661842,138,0,False,False,,,,,,,,,,,
margin,Georgia,scientific_f3_m3,33.49295555555554,1,25,True,True,,,,,,,,,,,
margin,Ohio State,scientific_f3_m3,26.63171507936507,2,24,True,False,,,,,,,,,,,
margin,Indiana,scientific_f3_m3,25.201461904761896,3,23,True,False,,,,,,,,,,,
margin,Miami,scientific_f3_m3,24.36426240981241,4,22,True,False,,,,,,,,,,,
margin,Alabama,scientific_f3_m3,23.178660317460317,5,21,True,False,,,,,,,,,,,
margin,Oregon,scientific_f3_m3,22.776850577200566,6,20,True,False,,,,,,,,,,,
margin,Notre Dame,scientific_f3_m3,22.70080238095238,7,19,True,False,,,,,,,,,,,
margin,Utah,scientific_f3_m3,22.465194444444446,8,18,True,False,,,,,,,,,,,
margin,Kansas State,scientific_f3_m3,21.95684285714287,9,17,True,False,,,,,,,,,,,
margin,Tennessee,scientific_f3_m3,21.32401031746031,10,16,True,False,,,,,,,,,,,
margin,Penn State,scientific_f3_m3,20.51587301587302,11,15,True,False,,,,,,,,,,,
margin,LSU,scientific_f3_m3,20.161573809523812,12,14,True,False,,,,,,,,,,,
margin,James Madison,scientific_f3_m3,19.37877135642136,13,13,True,False,,,,,,,,,,,
margin,Iowa,scientific_f3_m3,18.906242063492062,14,12,True,False,,,,,,,,,,,
margin,Texas,scientific_f3_m3,18.426270634920623,15,11,True,False,,,,,,,,,,,
margin,Nebraska,scientific_f3_m3,18.231657142857138,16,10,True,False,,,,,,,,,,,
margin,Florida,scientific_f3_m3,17.417663492063497,17,9,True,False,,,,,,,,,,,
margin,Mississippi State,scientific_f3_m3,17.210537867687872,18,8,True,False,,,,,,,,,,,
margin,Houston,scientific_f3_m3,17.196884992784998,19,7,True,False,,,,,,,,,,,
margin,Michigan,scientific_f3_m3,16.807954545454542,20,6,True,False,,,,,,,,,,,
margin,Louisville,scientific_f3_m3,15.884826984126981,21,5,True,False,,,,,,,,,,,
margin,Ole Miss,scientific_f3_m3,15.771083288239542,22,4,True,False,,,,,,,,,,,
margin,USC,scientific_f3_m3,14.806911254167279,23,3,True,False,,,,,,,,,,,
margin,TCU,scientific_f3_m3,14.63503888888889,24,2,True,False,,,,,,,,,,,
margin,BYU,scientific_f3_m3,14.45849632034632,25,1,True,False,,,,,,,,,,,
margin,Texas A&M,scientific_f3_m3,14.449399381740974,26,0,False,False,,,,,,,,,,,
margin,South Carolina,scientific_f3_m3,14.143222943722936,27,0,False,False,,,,,,,,,,,
margin,Washington,scientific_f3_m3,13.928908730158726,28,0,False,False,,,,,,,,,,,
margin,Oklahoma,scientific_f3_m3,13.768057776321532,29,0,False,False,,,,,,,,,,,
margin,Illinois,scientific_f3_m3,13.261671424671428,30,0,False,False,,,,,,,,,,,
margin,SMU,scientific_f3_m3,13.098642857142858,31,0,False,False,,,,,,,,,,,
margin,Virginia Tech,scientific_f3_m3,12.921063708513701,32,0,False,False,,,,,,,,,,,
margin,Missouri,scientific_f3_m3,12.831008658008663,33,0,False,False,,,,,,,,,,,
margin,Maryland,scientific_f3_m3,12.552857936507936,34,0,False,False,,,,,,,,,,,
margin,Virginia,scientific_f3_m3,12.439530447330442,35,0,False,False,,,,,,,,,,,
margin,Boise State,scientific_f3_m3,12.215988888888887,36,0,False,False,,,,,,,,,,,
margin,Iowa State,scientific_f3_m3,11.479775396825389,37,0,False,False,,,,,,,,,,,
margin,UCLA,scientific_f3_m3,11.213938455988448,38,0,False,False,,,,,,,,,,,
margin,Texas Tech,scientific_f3_m3,10.776980086580082,39,0,False,False,,,,,,,,,,,
margin,Cincinnati,scientific_f3_m3,10.417833273690094,40,0,False,False,,,,,,,,,,,
margin,South Florida,scientific_f3_m3,10.087893650793651,41,0,False,False,,,,,,,,,,,
margin,Northwestern,scientific_f3_m3,10.084166666666661,42,0,False,False,,,,,,,,,,,
margin,Arizona,scientific_f3_m3,9.709583333333327,43,0,False,False,,,,,,,,,,,
margin,Army,scientific_f3_m3,9.274825396825396,44,0,False,False,,,,,,,,,,,
margin,Minnesota,scientific_f3_m3,8.753765046818925,45,0,False,False,,,,,,,,,,,
margin,Duke,scientific_f3_m3,8.65968461053295,46,0,False,False,,,,,,,,,,,
margin,Vanderbilt,scientific_f3_m3,8.632815419034515,47,0,False,False,,,,,,,,,,,
margin,Pittsburgh,scientific_f3_m3,8.037713610332021,48,0,False,False,,,,,,,,,,,
margin,NC State,scientific_f3_m3,7.9078430014429975,49,0,False,False,,,,,,,,,,,
margin,West Virginia,scientific_f3_m3,7.727392857142858,50,0,False,False,,,,,,,,,,,
margin,UCF,scientific_f3_m3,7.629137456987457,51,0,False,False,,,,,,,,,,,
margin,Baylor,scientific_f3_m3,7.494637254275781,52,0,False,False,,,,,,,,,,,
margin,Wisconsin,scientific_f3_m3,7.439961111111111,53,0,False,False,,,,,,,,,,,
margin,Auburn,scientific_f3_m3,7.217753956002071,54,0,False,False,,,,,,,,,,,
margin,Oklahoma State,scientific_f3_m3,6.728947619047621,55,0,False,False,,,,,,,,,,,
margin,North Carolina,scientific_f3_m3,6.4970771520224755,56,0,False,False,,,,,,,,,,,
margin,Kentucky,scientific_f3_m3,6.460699062049058,57,0,False,False,,,,,,,,,,,
margin,New Mexico,scientific_f3_m3,6.236078715728713,58,0,False,False,,,,,,,,,,,
margin,Toledo,scientific_f3_m3,5.51072142857143,59,0,False,False,,,,,,,,,,,
margin,Syracuse,scientific_f3_m3,5.191007135501025,60,0,False,False,,,,,,,,,,,
margin,App State,scientific_f3_m3,4.935284487734489,61,0,False,False,,,,,,,,,,,
margin,UConn,scientific_f3_m3,4.467698784548782,62,0,False,False,,,,,,,,,,,
margin,Kansas,scientific_f3_m3,4.4017803030303035,63,0,False,False,,,,,,,,,,,
margin,Navy,scientific_f3_m3,3.6983166666666643,64,0,False,False,,,,,,,,,,,
margin,Air Force,scientific_f3_m3,3.6170261904761905,65,0,False,False,,,,,,,,,,,
margin,Georgia State,scientific_f3_m3,2.866911111111113,66,0,False,False,,,,,,,,,,,
margin,North Dakota State,scientific_f3_m3,2.449566364191364,67,0,False,False,,,,,,,,,,,
margin,Massachusetts,scientific_f3_m3,2.211470634920635,68,0,False,False,,,,,,,,,,,
margin,Arizona State,scientific_f3_m3,1.8587225085352308,69,0,False,False,,,,,,,,,,,
margin,Sam Houston,scientific_f3_m3,1.7354467156032365,70,0,False,False,,,,,,,,,,,
margin,Louisiana,scientific_f3_m3,1.2209841269841264,71,0,False,False,,,,,,,,,,,
margin,Clemson,scientific_f3_m3,0.7009373015873028,72,0,False,False,,,,,,,,,,,
margin,California,scientific_f3_m3,0.5510841269841271,73,0,False,False,,,,,,,,,,,
margin,Memphis,scientific_f3_m3,0.3988315541432565,74,0,False,False,,,,,,,,,,,
margin,South Alabama,scientific_f3_m3,0.2742126506024093,75,0,False,False,,,,,,,,,,,
margin,Georgia Tech,scientific_f3_m3,0.19449848484848498,76,0,False,False,,,,,,,,,,,
margin,Tulsa,scientific_f3_m3,0.005515802272626928,77,0,False,False,,,,,,,,,,,
margin,Georgia Southern,scientific_f3_m3,-0.1593515873015877,78,0,False,False,,,,,,,,,,,
margin,Liberty,scientific_f3_m3,-0.16734810199942055,79,0,False,False,,,,,,,,,,,
margin,Coastal Carolina,scientific_f3_m3,-0.1829136830988104,80,0,False,False,,,,,,,,,,,
margin,Jacksonville State,scientific_f3_m3,-0.6197523809523814,81,0,False,False,,,,,,,,,,,
margin,Fresno State,scientific_f3_m3,-0.787351587301587,82,0,False,False,,,,,,,,,,,
margin,Delaware,scientific_f3_m3,-1.0282460317460316,83,0,False,False,,,,,,,,,,,
margin,UTSA,scientific_f3_m3,-1.5290079365079368,84,0,False,False,,,,,,,,,,,
margin,Western Michigan,scientific_f3_m3,-1.574982792207792,85,0,False,False,,,,,,,,,,,
margin,Troy,scientific_f3_m3,-1.6098251803751793,86,0,False,False,,,,,,,,,,,
margin,Louisiana Tech,scientific_f3_m3,-1.74933464656846,87,0,False,False,,,,,,,,,,,
margin,Washington State,scientific_f3_m3,-1.8590476190476186,88,0,False,False,,,,,,,,,,,
margin,Michigan State,scientific_f3_m3,-2.336448196248193,89,0,False,False,,,,,,,,,,,
margin,Wake Forest,scientific_f3_m3,-2.357510750360751,90,0,False,False,,,,,,,,,,,
margin,Colorado,scientific_f3_m3,-2.482283694083695,91,0,False,False,,,,,,,,,,,
margin,Colorado State,scientific_f3_m3,-2.5673595238095226,92,0,False,False,,,,,,,,,,,
margin,New Mexico State,scientific_f3_m3,-2.6135756794955425,93,0,False,False,,,,,,,,,,,
margin,Middle Tennessee,scientific_f3_m3,-3.141907939299277,94,0,False,False,,,,,,,,,,,
margin,Miami (OH),scientific_f3_m3,-3.3124747474747482,95,0,False,False,,,,,,,,,,,
margin,Florida State,scientific_f3_m3,-3.3321087301587293,96,0,False,False,,,,,,,,,,,
margin,Arkansas State,scientific_f3_m3,-4.550384126984125,97,0,False,False,,,,,,,,,,,
margin,Purdue,scientific_f3_m3,-5.070719047619051,98,0,False,False,,,,,,,,,,,
margin,Tulane,scientific_f3_m3,-5.360906349206342,99,0,False,False,,,,,,,,,,,
margin,Old Dominion,scientific_f3_m3,-5.762108730158735,100,0,False,False,,,,,,,,,,,
margin,Boston College,scientific_f3_m3,-6.0171039682539655,101,0,False,False,,,,,,,,,,,
margin,San José State,scientific_f3_m3,-6.778702380952381,102,0,False,False,,,,,,,,,,,
margin,Oregon State,scientific_f3_m3,-6.850057936507933,103,0,False,False,,,,,,,,,,,
margin,Akron,scientific_f3_m3,-7.407801963241438,104,0,False,False,,,,,,,,,,,
margin,Hawai'i,scientific_f3_m3,-7.915479365079365,105,0,False,False,,,,,,,,,,,
margin,Ohio,scientific_f3_m3,-7.995273015873022,106,0,False,False,,,,,,,,,,,
margin,Kennesaw State,scientific_f3_m3,-8.12887698412698,107,0,False,False,,,,,,,,,,,
margin,North Texas,scientific_f3_m3,-8.256169047619052,108,0,False,False,,,,,,,,,,,
margin,Texas State,scientific_f3_m3,-8.41264220779221,109,0,False,False,,,,,,,,,,,
margin,Arkansas,scientific_f3_m3,-8.66276825396825,110,0,False,False,,,,,,,,,,,
margin,Temple,scientific_f3_m3,-8.94602142857143,111,0,False,False,,,,,,,,,,,
margin,Florida International,scientific_f3_m3,-8.94913253968254,112,0,False,False,,,,,,,,,,,
margin,Nevada,scientific_f3_m3,-9.112728571428573,113,0,False,False,,,,,,,,,,,
margin,Central Michigan,scientific_f3_m3,-10.129787445887441,114,0,False,False,,,,,,,,,,,
margin,Missouri State,scientific_f3_m3,-10.170898412698406,115,0,False,False,,,,,,,,,,,
margin,San Diego State,scientific_f3_m3,-10.83650476190476,116,0,False,False,,,,,,,,,,,
margin,Rutgers,scientific_f3_m3,-10.899374603174609,117,0,False,False,,,,,,,,,,,
margin,East Carolina,scientific_f3_m3,-11.110157142857142,118,0,False,False,,,,,,,,,,,
margin,UNLV,scientific_f3_m3,-11.185715223665225,119,0,False,False,,,,,,,,,,,
margin,Florida Atlantic,scientific_f3_m3,-11.576543650793653,120,0,False,False,,,,,,,,,,,
margin,UAB,scientific_f3_m3,-11.966477777777772,121,0,False,False,,,,,,,,,,,
margin,Southern Miss,scientific_f3_m3,-12.138758730158735,122,0,False,False,,,,,,,,,,,
margin,Marshall,scientific_f3_m3,-12.444828571428573,123,0,False,False,,,,,,,,,,,
margin,Wyoming,scientific_f3_m3,-12.887595238095239,124,0,False,False,,,,,,,,,,,
margin,Rice,scientific_f3_m3,-13.070055194805194,125,0,False,False,,,,,,,,,,,
margin,Sacramento State,scientific_f3_m3,-13.447357142857136,126,0,False,False,,,,,,,,,,,
margin,Utah State,scientific_f3_m3,-13.727578282828294,127,0,False,False,,,,,,,,,,,
margin,Stanford,scientific_f3_m3,-14.121728571428568,128,0,False,False,,,,,,,,,,,
margin,Western Kentucky,scientific_f3_m3,-17.314466666666668,129,0,False,False,,,,,,,,,,,
margin,UTEP,scientific_f3_m3,-18.1149476190476,130,0,False,False,,,,,,,,,,,
margin,Charlotte,scientific_f3_m3,-18.124026190476187,131,0,False,False,,,,,,,,,,,
margin,Ball State,scientific_f3_m3,-18.837786507936514,132,0,False,False,,,,,,,,,,,
margin,UL Monroe,scientific_f3_m3,-18.94508333333332,133,0,False,False,,,,,,,,,,,
margin,Buffalo,scientific_f3_m3,-19.1506119047619,134,0,False,False,,,,,,,,,,,
margin,Eastern Michigan,scientific_f3_m3,-19.744569191919183,135,0,False,False,,,,,,,,,,,
margin,Northern Illinois,scientific_f3_m3,-19.996645238095244,136,0,False,False,,,,,,,,,,,
margin,Bowling Green,scientific_f3_m3,-20.565381746031747,137,0,False,False,,,,,,,,,,,
margin,Kent State,scientific_f3_m3,-24.955649206349204,138,0,False,False,,,,,,,,,,,
margin,Georgia,scientific_f3_m4,37.18838048254951,1,25,True,True,,,,,,,,,,,
margin,Ohio State,scientific_f3_m4,32.05100051416623,2,24,True,False,,,,,,,,,,,
margin,Miami,scientific_f3_m4,27.714124883368967,3,23,True,False,,,,,,,,,,,
margin,Iowa,scientific_f3_m4,25.163591200953128,4,22,True,False,,,,,,,,,,,
margin,Notre Dame,scientific_f3_m4,24.53732959676255,5,21,True,False,,,,,,,,,,,
margin,Indiana,scientific_f3_m4,24.337774118653044,6,20,True,False,,,,,,,,,,,
margin,Kansas State,scientific_f3_m4,23.60718239183515,7,19,True,False,,,,,,,,,,,
margin,Alabama,scientific_f3_m4,22.286928983612185,8,18,True,False,,,,,,,,,,,
margin,Texas,scientific_f3_m4,22.143178307573688,9,17,True,False,,,,,,,,,,,
margin,Tennessee,scientific_f3_m4,21.782932350427078,10,16,True,False,,,,,,,,,,,
margin,LSU,scientific_f3_m4,21.580317564885718,11,15,True,False,,,,,,,,,,,
margin,Utah,scientific_f3_m4,21.019189590854886,12,14,True,False,,,,,,,,,,,
margin,Oregon,scientific_f3_m4,20.864682848953056,13,13,True,False,,,,,,,,,,,
margin,Penn State,scientific_f3_m4,20.57229296681667,14,12,True,False,,,,,,,,,,,
margin,Michigan,scientific_f3_m4,19.183889784538177,15,11,True,False,,,,,,,,,,,
margin,Ole Miss,scientific_f3_m4,18.49166409372,16,10,True,False,,,,,,,,,,,
margin,Florida,scientific_f3_m4,18.354502330458363,17,9,True,False,,,,,,,,,,,
margin,Texas A&M,scientific_f3_m4,17.83372149563994,18,8,True,False,,,,,,,,,,,
margin,Houston,scientific_f3_m4,16.980503432275533,19,7,True,False,,,,,,,,,,,
margin,South Carolina,scientific_f3_m4,16.921105045644396,20,6,True,False,,,,,,,,,,,
margin,Illinois,scientific_f3_m4,16.565882947168937,21,5,True,False,,,,,,,,,,,
margin,Louisville,scientific_f3_m4,16.40791259857902,22,4,True,False,,,,,,,,,,,
margin,Oklahoma,scientific_f3_m4,16.229895484841283,23,3,True,False,,,,,,,,,,,
margin,USC,scientific_f3_m4,16.091099480878373,24,2,True,False,,,,,,,,,,,
margin,SMU,scientific_f3_m4,15.333845499398809,25,1,True,False,,,,,,,,,,,
margin,Mississippi State,scientific_f3_m4,14.99816971742403,26,0,False,False,,,,,,,,,,,
margin,James Madison,scientific_f3_m4,14.736011575324614,27,0,False,False,,,,,,,,,,,
margin,Nebraska,scientific_f3_m4,14.557990945152069,28,0,False,False,,,,,,,,,,,
margin,Iowa State,scientific_f3_m4,13.826851407013068,29,0,False,False,,,,,,,,,,,
margin,Boise State,scientific_f3_m4,13.721341671233322,30,0,False,False,,,,,,,,,,,
margin,BYU,scientific_f3_m4,13.180523524384789,31,0,False,False,,,,,,,,,,,
margin,Missouri,scientific_f3_m4,12.961093857144558,32,0,False,False,,,,,,,,,,,
margin,Washington,scientific_f3_m4,12.37508386088825,33,0,False,False,,,,,,,,,,,
margin,Virginia Tech,scientific_f3_m4,12.329930187391941,34,0,False,False,,,,,,,,,,,
margin,TCU,scientific_f3_m4,12.180459912570857,35,0,False,False,,,,,,,,,,,
margin,Arizona,scientific_f3_m4,11.878795061843267,36,0,False,False,,,,,,,,,,,
margin,Northwestern,scientific_f3_m4,11.869835334186,37,0,False,False,,,,,,,,,,,
margin,NC State,scientific_f3_m4,11.738947020671336,38,0,False,False,,,,,,,,,,,
margin,UCLA,scientific_f3_m4,11.70691616799068,39,0,False,False,,,,,,,,,,,
margin,Virginia,scientific_f3_m4,11.672419015521772,40,0,False,False,,,,,,,,,,,
margin,Wisconsin,scientific_f3_m4,10.355360936278354,41,0,False,False,,,,,,,,,,,
margin,Texas Tech,scientific_f3_m4,10.122906997586641,42,0,False,False,,,,,,,,,,,
margin,West Virginia,scientific_f3_m4,10.044126546849066,43,0,False,False,,,,,,,,,,,
margin,Duke,scientific_f3_m4,9.739343298685398,44,0,False,False,,,,,,,,,,,
margin,Minnesota,scientific_f3_m4,9.73152771329892,45,0,False,False,,,,,,,,,,,
margin,Auburn,scientific_f3_m4,9.44819235416471,46,0,False,False,,,,,,,,,,,
margin,Cincinnati,scientific_f3_m4,9.256615078378692,47,0,False,False,,,,,,,,,,,
margin,Vanderbilt,scientific_f3_m4,8.764745315099374,48,0,False,False,,,,,,,,,,,
margin,South Florida,scientific_f3_m4,8.65829145777841,49,0,False,False,,,,,,,,,,,
margin,UCF,scientific_f3_m4,8.638716520238688,50,0,False,False,,,,,,,,,,,
margin,Maryland,scientific_f3_m4,8.38628978022547,51,0,False,False,,,,,,,,,,,
margin,Pittsburgh,scientific_f3_m4,8.017259823629386,52,0,False,False,,,,,,,,,,,
margin,Oklahoma State,scientific_f3_m4,7.703354179178432,53,0,False,False,,,,,,,,,,,
margin,North Carolina,scientific_f3_m4,6.658335315032196,54,0,False,False,,,,,,,,,,,
margin,Syracuse,scientific_f3_m4,6.355858852973551,55,0,False,False,,,,,,,,,,,
margin,Baylor,scientific_f3_m4,6.01818552700207,56,0,False,False,,,,,,,,,,,
margin,Kentucky,scientific_f3_m4,5.937970204032423,57,0,False,False,,,,,,,,,,,
margin,Army,scientific_f3_m4,5.696385685595488,58,0,False,False,,,,,,,,,,,
margin,Arizona State,scientific_f3_m4,5.210188909478066,59,0,False,False,,,,,,,,,,,
margin,Florida State,scientific_f3_m4,4.684959487097713,60,0,False,False,,,,,,,,,,,
margin,Kansas,scientific_f3_m4,4.026241723881465,61,0,False,False,,,,,,,,,,,
margin,Memphis,scientific_f3_m4,2.2958008286514153,62,0,False,False,,,,,,,,,,,
margin,Clemson,scientific_f3_m4,1.9521424342203297,63,0,False,False,,,,,,,,,,,
margin,New Mexico,scientific_f3_m4,1.6378456167809277,64,0,False,False,,,,,,,,,,,
margin,Michigan State,scientific_f3_m4,1.456945484877249,65,0,False,False,,,,,,,,,,,
margin,Colorado,scientific_f3_m4,1.3218187291942547,66,0,False,False,,,,,,,,,,,
margin,Liberty,scientific_f3_m4,1.0670989543614096,67,0,False,False,,,,,,,,,,,
margin,South Alabama,scientific_f3_m4,0.22139849249296933,68,0,False,False,,,,,,,,,,,
margin,UConn,scientific_f3_m4,0.016483542062248835,69,0,False,False,,,,,,,,,,,
margin,Washington State,scientific_f3_m4,-0.1924337247463953,70,0,False,False,,,,,,,,,,,
margin,California,scientific_f3_m4,-0.2943064862092267,71,0,False,False,,,,,,,,,,,
margin,Colorado State,scientific_f3_m4,-0.3831854242872567,72,0,False,False,,,,,,,,,,,
margin,Navy,scientific_f3_m4,-0.5371815921210265,73,0,False,False,,,,,,,,,,,
margin,App State,scientific_f3_m4,-0.5428442156500329,74,0,False,False,,,,,,,,,,,
margin,Georgia Southern,scientific_f3_m4,-0.6604069114427821,75,0,False,False,,,,,,,,,,,
margin,Georgia State,scientific_f3_m4,-0.6807341102645422,76,0,False,False,,,,,,,,,,,
margin,UTSA,scientific_f3_m4,-1.747482277604583,77,0,False,False,,,,,,,,,,,
margin,Toledo,scientific_f3_m4,-1.8206582526839463,78,0,False,False,,,,,,,,,,,
margin,Georgia Tech,scientific_f3_m4,-1.9463242765420954,79,0,False,False,,,,,,,,,,,
margin,Miami (OH),scientific_f3_m4,-1.9526840288753728,80,0,False,False,,,,,,,,,,,
margin,Sam Houston,scientific_f3_m4,-2.0612986671677627,81,0,False,False,,,,,,,,,,,
margin,Fresno State,scientific_f3_m4,-2.3498149147631144,82,0,False,False,,,,,,,,,,,
margin,Delaware,scientific_f3_m4,-2.3777252456958893,83,0,False,False,,,,,,,,,,,
margin,Wake Forest,scientific_f3_m4,-2.640873766935153,84,0,False,False,,,,,,,,,,,
margin,Arkansas State,scientific_f3_m4,-2.676089383105222,85,0,False,False,,,,,,,,,,,
margin,Jacksonville State,scientific_f3_m4,-2.8538025554582354,86,0,False,False,,,,,,,,,,,
margin,Coastal Carolina,scientific_f3_m4,-2.8933010203315077,87,0,False,False,,,,,,,,,,,
margin,Louisiana,scientific_f3_m4,-2.9163723186878423,88,0,False,False,,,,,,,,,,,
margin,Troy,scientific_f3_m4,-3.03376928856633,89,0,False,False,,,,,,,,,,,
margin,Air Force,scientific_f3_m4,-3.2028847057423415,90,0,False,False,,,,,,,,,,,
margin,Old Dominion,scientific_f3_m4,-3.2399571511802825,91,0,False,False,,,,,,,,,,,
margin,Tulsa,scientific_f3_m4,-3.3408811889974426,92,0,False,False,,,,,,,,,,,
margin,Western Michigan,scientific_f3_m4,-3.616161262215909,93,0,False,False,,,,,,,,,,,
margin,New Mexico State,scientific_f3_m4,-3.8155435240979707,94,0,False,False,,,,,,,,,,,
margin,Oregon State,scientific_f3_m4,-4.156767405513147,95,0,False,False,,,,,,,,,,,
margin,North Dakota State,scientific_f3_m4,-4.190738023115678,96,0,False,False,,,,,,,,,,,
margin,Massachusetts,scientific_f3_m4,-4.236463790781963,97,0,False,False,,,,,,,,,,,
margin,Tulane,scientific_f3_m4,-4.254547378244879,98,0,False,False,,,,,,,,,,,
margin,Louisiana Tech,scientific_f3_m4,-4.4851839078029885,99,0,False,False,,,,,,,,,,,
margin,North Texas,scientific_f3_m4,-5.003816060848719,100,0,False,False,,,,,,,,,,,
margin,Purdue,scientific_f3_m4,-5.176549385090199,101,0,False,False,,,,,,,,,,,
margin,Boston College,scientific_f3_m4,-6.028268167940356,102,0,False,False,,,,,,,,,,,
margin,San Diego State,scientific_f3_m4,-6.47084455339246,103,0,False,False,,,,,,,,,,,
margin,Texas State,scientific_f3_m4,-7.195801426710595,104,0,False,False,,,,,,,,,,,
margin,Missouri State,scientific_f3_m4,-7.681513518243599,105,0,False,False,,,,,,,,,,,
margin,Middle Tennessee,scientific_f3_m4,-8.204227949192747,106,0,False,False,,,,,,,,,,,
margin,Florida International,scientific_f3_m4,-9.144600026554718,107,0,False,False,,,,,,,,,,,
margin,Arkansas,scientific_f3_m4,-9.282235026817682,108,0,False,False,,,,,,,,,,,
margin,UAB,scientific_f3_m4,-9.358638064604708,109,0,False,False,,,,,,,,,,,
margin,Hawai'i,scientific_f3_m4,-9.73728406432223,110,0,False,False,,,,,,,,,,,
margin,Temple,scientific_f3_m4,-9.906763620982472,111,0,False,False,,,,,,,,,,,
margin,Kennesaw State,scientific_f3_m4,-10.136989220456995,112,0,False,False,,,,,,,,,,,
margin,Central Michigan,scientific_f3_m4,-10.301603286248444,113,0,False,False,,,,,,,,,,,
margin,East Carolina,scientific_f3_m4,-11.130781331027482,114,0,False,False,,,,,,,,,,,
margin,Southern Miss,scientific_f3_m4,-11.185376957542232,115,0,False,False,,,,,,,,,,,
margin,Ohio,scientific_f3_m4,-11.196758947092885,116,0,False,False,,,,,,,,,,,
margin,Stanford,scientific_f3_m4,-11.365844864008968,117,0,False,False,,,,,,,,,,,
margin,Nevada,scientific_f3_m4,-11.494387523103955,118,0,False,False,,,,,,,,,,,
margin,Sacramento State,scientific_f3_m4,-11.531561897907276,119,0,False,False,,,,,,,,,,,
margin,Florida Atlantic,scientific_f3_m4,-11.933898691559085,120,0,False,False,,,,,,,,,,,
margin,San José State,scientific_f3_m4,-12.259650126099395,121,0,False,False,,,,,,,,,,,
margin,Akron,scientific_f3_m4,-12.719326760038534,122,0,False,False,,,,,,,,,,,
margin,UNLV,scientific_f3_m4,-13.42023573318291,123,0,False,False,,,,,,,,,,,
margin,Rutgers,scientific_f3_m4,-13.663850136573481,124,0,False,False,,,,,,,,,,,
margin,Rice,scientific_f3_m4,-14.439638250698769,125,0,False,False,,,,,,,,,,,
margin,Marshall,scientific_f3_m4,-14.522963966719567,126,0,False,False,,,,,,,,,,,
margin,Utah State,scientific_f3_m4,-16.8371177887077,127,0,False,False,,,,,,,,,,,
margin,Western Kentucky,scientific_f3_m4,-17.396447706148702,128,0,False,False,,,,,,,,,,,
margin,Wyoming,scientific_f3_m4,-18.240745031941476,129,0,False,False,,,,,,,,,,,
margin,UTEP,scientific_f3_m4,-18.599508107112893,130,0,False,False,,,,,,,,,,,
margin,Ball State,scientific_f3_m4,-18.98187198731765,131,0,False,False,,,,,,,,,,,
margin,Eastern Michigan,scientific_f3_m4,-19.1730745472865,132,0,False,False,,,,,,,,,,,
margin,Buffalo,scientific_f3_m4,-19.897785522028055,133,0,False,False,,,,,,,,,,,
margin,Northern Illinois,scientific_f3_m4,-20.511864243080506,134,0,False,False,,,,,,,,,,,
margin,Charlotte,scientific_f3_m4,-20.918173698659647,135,0,False,False,,,,,,,,,,,
margin,Bowling Green,scientific_f3_m4,-21.150732205938958,136,0,False,False,,,,,,,,,,,
margin,Kent State,scientific_f3_m4,-24.166943205935215,137,0,False,False,,,,,,,,,,,
margin,UL Monroe,scientific_f3_m4,-25.796332721471977,138,0,False,False,,,,,,,,,,,
margin,Ole Miss,scientific_f3_m5,35.283897399902344,1,25,True,True,,,,,,,,,,,
margin,Georgia,scientific_f3_m5,30.387924194335938,2,24,True,False,,,,,,,,,,,
margin,Ohio State,scientific_f3_m5,27.43124771118164,3,23,True,False,,,,,,,,,,,
margin,Texas,scientific_f3_m5,25.058881759643555,4,22,True,False,,,,,,,,,,,
margin,Iowa,scientific_f3_m5,24.037124633789062,5,21,True,False,,,,,,,,,,,
margin,Syracuse,scientific_f3_m5,22.544078826904297,6,20,True,False,,,,,,,,,,,
margin,Maryland,scientific_f3_m5,22.19866180419922,7,19,True,False,,,,,,,,,,,
margin,Michigan,scientific_f3_m5,21.558696746826172,8,18,True,False,,,,,,,,,,,
margin,UCF,scientific_f3_m5,20.487911224365234,9,17,True,False,,,,,,,,,,,
margin,Kansas State,scientific_f3_m5,19.836341857910156,10,16,True,False,,,,,,,,,,,
margin,LSU,scientific_f3_m5,19.28423309326172,11,15,True,False,,,,,,,,,,,
margin,Florida State,scientific_f3_m5,19.059675216674805,12,14,True,False,,,,,,,,,,,
margin,Kansas,scientific_f3_m5,18.354671478271484,13,13,True,False,,,,,,,,,,,
margin,SMU,scientific_f3_m5,17.99698257446289,14,12,True,False,,,,,,,,,,,
margin,Notre Dame,scientific_f3_m5,17.864717483520508,15,11,True,False,,,,,,,,,,,
margin,North Carolina,scientific_f3_m5,17.751625061035156,16,10,True,False,,,,,,,,,,,
margin,Penn State,scientific_f3_m5,16.683820724487305,17,9,True,False,,,,,,,,,,,
margin,Tennessee,scientific_f3_m5,16.492280960083008,18,8,True,False,,,,,,,,,,,
margin,Indiana,scientific_f3_m5,16.363906860351562,19,7,True,False,,,,,,,,,,,
margin,Duke,scientific_f3_m5,15.235095977783203,20,6,True,False,,,,,,,,,,,
margin,Washington,scientific_f3_m5,15.093774795532227,21,5,True,False,,,,,,,,,,,
margin,NC State,scientific_f3_m5,14.967718124389648,22,4,True,False,,,,,,,,,,,
margin,Oregon,scientific_f3_m5,14.891826629638672,23,3,True,False,,,,,,,,,,,
margin,James Madison,scientific_f3_m5,14.466146469116211,24,2,True,False,,,,,,,,,,,
margin,UCLA,scientific_f3_m5,13.892051696777344,25,1,True,False,,,,,,,,,,,
margin,Miami,scientific_f3_m5,12.777597427368164,26,0,False,False,,,,,,,,,,,
margin,Kentucky,scientific_f3_m5,12.698565483093262,27,0,False,False,,,,,,,,,,,
margin,Utah,scientific_f3_m5,12.548922538757324,28,0,False,False,,,,,,,,,,,
margin,Oklahoma State,scientific_f3_m5,12.351142883300781,29,0,False,False,,,,,,,,,,,
margin,Baylor,scientific_f3_m5,12.187057495117188,30,0,False,False,,,,,,,,,,,
margin,Toledo,scientific_f3_m5,11.963214874267578,31,0,False,False,,,,,,,,,,,
margin,Minnesota,scientific_f3_m5,11.831276893615723,32,0,False,False,,,,,,,,,,,
margin,Illinois,scientific_f3_m5,11.240564346313477,33,0,False,False,,,,,,,,,,,
margin,Virginia Tech,scientific_f3_m5,11.07746410369873,34,0,False,False,,,,,,,,,,,
margin,South Carolina,scientific_f3_m5,10.19662094116211,35,0,False,False,,,,,,,,,,,
margin,Arizona,scientific_f3_m5,10.006529808044434,36,0,False,False,,,,,,,,,,,
margin,Arizona State,scientific_f3_m5,9.956338882446289,37,0,False,False,,,,,,,,,,,
margin,Houston,scientific_f3_m5,9.623428344726562,38,0,False,False,,,,,,,,,,,
margin,USC,scientific_f3_m5,9.190206527709961,39,0,False,False,,,,,,,,,,,
margin,Texas A&M,scientific_f3_m5,7.604188442230225,40,0,False,False,,,,,,,,,,,
margin,Colorado State,scientific_f3_m5,7.5010223388671875,41,0,False,False,,,,,,,,,,,
margin,Oklahoma,scientific_f3_m5,7.370992660522461,42,0,False,False,,,,,,,,,,,
margin,South Florida,scientific_f3_m5,7.205766677856445,43,0,False,False,,,,,,,,,,,
margin,Pittsburgh,scientific_f3_m5,7.10316276550293,44,0,False,False,,,,,,,,,,,
margin,Florida,scientific_f3_m5,6.945571422576904,45,0,False,False,,,,,,,,,,,
margin,Army,scientific_f3_m5,6.925852298736572,46,0,False,False,,,,,,,,,,,
margin,Louisiana,scientific_f3_m5,6.59691047668457,47,0,False,False,,,,,,,,,,,
margin,Georgia Southern,scientific_f3_m5,6.189119338989258,48,0,False,False,,,,,,,,,,,
margin,Purdue,scientific_f3_m5,5.855799674987793,49,0,False,False,,,,,,,,,,,
margin,Alabama,scientific_f3_m5,5.527012825012207,50,0,False,False,,,,,,,,,,,
margin,Auburn,scientific_f3_m5,5.391421794891357,51,0,False,False,,,,,,,,,,,
margin,Miami (OH),scientific_f3_m5,4.981603622436523,52,0,False,False,,,,,,,,,,,
margin,Vanderbilt,scientific_f3_m5,4.902156352996826,53,0,False,False,,,,,,,,,,,
margin,Nebraska,scientific_f3_m5,4.83242654800415,54,0,False,False,,,,,,,,,,,
margin,Wake Forest,scientific_f3_m5,4.2745137214660645,55,0,False,False,,,,,,,,,,,
margin,Iowa State,scientific_f3_m5,3.7476513385772705,56,0,False,False,,,,,,,,,,,
margin,BYU,scientific_f3_m5,3.700467586517334,57,0,False,False,,,,,,,,,,,
margin,Liberty,scientific_f3_m5,3.4238381385803223,58,0,False,False,,,,,,,,,,,
margin,Navy,scientific_f3_m5,3.0704314708709717,59,0,False,False,,,,,,,,,,,
margin,UTSA,scientific_f3_m5,2.7410378456115723,60,0,False,False,,,,,,,,,,,
margin,Jacksonville State,scientific_f3_m5,2.6323533058166504,61,0,False,False,,,,,,,,,,,
margin,Mississippi State,scientific_f3_m5,2.6170294284820557,62,0,False,False,,,,,,,,,,,
margin,New Mexico,scientific_f3_m5,2.31349515914917,63,0,False,False,,,,,,,,,,,
margin,Wisconsin,scientific_f3_m5,1.643256425857544,64,0,False,False,,,,,,,,,,,
margin,California,scientific_f3_m5,1.1282060146331787,65,0,False,False,,,,,,,,,,,
margin,Stanford,scientific_f3_m5,0.7965295314788818,66,0,False,False,,,,,,,,,,,
margin,UConn,scientific_f3_m5,0.6047594547271729,67,0,False,False,,,,,,,,,,,
margin,Northwestern,scientific_f3_m5,0.5283644199371338,68,0,False,False,,,,,,,,,,,
margin,TCU,scientific_f3_m5,-0.15683579444885254,69,0,False,False,,,,,,,,,,,
margin,Rice,scientific_f3_m5,-0.2863953113555908,70,0,False,False,,,,,,,,,,,
margin,Boston College,scientific_f3_m5,-0.6198995113372803,71,0,False,False,,,,,,,,,,,
margin,Louisiana Tech,scientific_f3_m5,-0.7147033214569092,72,0,False,False,,,,,,,,,,,
margin,Clemson,scientific_f3_m5,-0.7290675640106201,73,0,False,False,,,,,,,,,,,
margin,Kennesaw State,scientific_f3_m5,-1.7322938442230225,74,0,False,False,,,,,,,,,,,
margin,North Dakota State,scientific_f3_m5,-1.893207311630249,75,0,False,False,,,,,,,,,,,
margin,Missouri State,scientific_f3_m5,-2.0826056003570557,76,0,False,False,,,,,,,,,,,
margin,New Mexico State,scientific_f3_m5,-2.1372344493865967,77,0,False,False,,,,,,,,,,,
margin,Air Force,scientific_f3_m5,-2.180208206176758,78,0,False,False,,,,,,,,,,,
margin,Virginia,scientific_f3_m5,-2.5018930435180664,79,0,False,False,,,,,,,,,,,
margin,Cincinnati,scientific_f3_m5,-2.801673412322998,80,0,False,False,,,,,,,,,,,
margin,Georgia Tech,scientific_f3_m5,-2.8510711193084717,81,0,False,False,,,,,,,,,,,
margin,Missouri,scientific_f3_m5,-3.0189855098724365,82,0,False,False,,,,,,,,,,,
margin,Arkansas,scientific_f3_m5,-3.0598843097686768,83,0,False,False,,,,,,,,,,,
margin,Boise State,scientific_f3_m5,-3.5616257190704346,84,0,False,False,,,,,,,,,,,
margin,Coastal Carolina,scientific_f3_m5,-3.6579463481903076,85,0,False,False,,,,,,,,,,,
margin,Washington State,scientific_f3_m5,-3.8984615802764893,86,0,False,False,,,,,,,,,,,
margin,Louisville,scientific_f3_m5,-3.9609148502349854,87,0,False,False,,,,,,,,,,,
margin,San Diego State,scientific_f3_m5,-3.968655824661255,88,0,False,False,,,,,,,,,,,
margin,Memphis,scientific_f3_m5,-4.367699146270752,89,0,False,False,,,,,,,,,,,
margin,Michigan State,scientific_f3_m5,-4.7239089012146,90,0,False,False,,,,,,,,,,,
margin,Western Michigan,scientific_f3_m5,-4.932586669921875,91,0,False,False,,,,,,,,,,,
margin,Old Dominion,scientific_f3_m5,-5.122346878051758,92,0,False,False,,,,,,,,,,,
margin,Temple,scientific_f3_m5,-6.542794227600098,93,0,False,False,,,,,,,,,,,
margin,Florida Atlantic,scientific_f3_m5,-6.645370006561279,94,0,False,False,,,,,,,,,,,
margin,Tulane,scientific_f3_m5,-6.854757308959961,95,0,False,False,,,,,,,,,,,
margin,Troy,scientific_f3_m5,-7.932291030883789,96,0,False,False,,,,,,,,,,,
margin,Florida International,scientific_f3_m5,-8.268157005310059,97,0,False,False,,,,,,,,,,,
margin,San José State,scientific_f3_m5,-8.389938354492188,98,0,False,False,,,,,,,,,,,
margin,Georgia State,scientific_f3_m5,-8.668923377990723,99,0,False,False,,,,,,,,,,,
margin,App State,scientific_f3_m5,-9.550139427185059,100,0,False,False,,,,,,,,,,,
margin,Akron,scientific_f3_m5,-9.681864738464355,101,0,False,False,,,,,,,,,,,
margin,UTEP,scientific_f3_m5,-9.888923645019531,102,0,False,False,,,,,,,,,,,
margin,Ohio,scientific_f3_m5,-10.222288131713867,103,0,False,False,,,,,,,,,,,
margin,UNLV,scientific_f3_m5,-10.618952751159668,104,0,False,False,,,,,,,,,,,
margin,Tulsa,scientific_f3_m5,-10.620067596435547,105,0,False,False,,,,,,,,,,,
margin,West Virginia,scientific_f3_m5,-11.434392929077148,106,0,False,False,,,,,,,,,,,
margin,East Carolina,scientific_f3_m5,-12.51189136505127,107,0,False,False,,,,,,,,,,,
margin,Central Michigan,scientific_f3_m5,-12.74677848815918,108,0,False,False,,,,,,,,,,,
margin,Hawai'i,scientific_f3_m5,-13.009031295776367,109,0,False,False,,,,,,,,,,,
margin,Middle Tennessee,scientific_f3_m5,-13.11850357055664,110,0,False,False,,,,,,,,,,,
margin,South Alabama,scientific_f3_m5,-13.34790325164795,111,0,False,False,,,,,,,,,,,
margin,Delaware,scientific_f3_m5,-14.19476318359375,112,0,False,False,,,,,,,,,,,
margin,Southern Miss,scientific_f3_m5,-15.19477367401123,113,0,False,False,,,,,,,,,,,
margin,Eastern Michigan,scientific_f3_m5,-15.88207721710205,114,0,False,False,,,,,,,,,,,
margin,Sacramento State,scientific_f3_m5,-16.040130615234375,115,0,False,False,,,,,,,,,,,
margin,Texas Tech,scientific_f3_m5,-17.99489974975586,116,0,False,False,,,,,,,,,,,
margin,Northern Illinois,scientific_f3_m5,-18.086624145507812,117,0,False,False,,,,,,,,,,,
margin,Charlotte,scientific_f3_m5,-18.20645523071289,118,0,False,False,,,,,,,,,,,
margin,Arkansas State,scientific_f3_m5,-18.90823745727539,119,0,False,False,,,,,,,,,,,
margin,Utah State,scientific_f3_m5,-19.485000610351562,120,0,False,False,,,,,,,,,,,
margin,Fresno State,scientific_f3_m5,-20.246387481689453,121,0,False,False,,,,,,,,,,,
margin,Oregon State,scientific_f3_m5,-20.615137100219727,122,0,False,False,,,,,,,,,,,
margin,Massachusetts,scientific_f3_m5,-21.574586868286133,123,0,False,False,,,,,,,,,,,
margin,Wyoming,scientific_f3_m5,-22.732280731201172,124,0,False,False,,,,,,,,,,,
margin,Colorado,scientific_f3_m5,-23.755882263183594,125,0,False,False,,,,,,,,,,,
margin,Ball State,scientific_f3_m5,-24.759586334228516,126,0,False,False,,,,,,,,,,,
margin,Buffalo,scientific_f3_m5,-25.102481842041016,127,0,False,False,,,,,,,,,,,
margin,Bowling Green,scientific_f3_m5,-26.182506561279297,128,0,False,False,,,,,,,,,,,
margin,Rutgers,scientific_f3_m5,-26.67534637451172,129,0,False,False,,,,,,,,,,,
margin,Nevada,scientific_f3_m5,-26.805908203125,130,0,False,False,,,,,,,,,,,
margin,Sam Houston,scientific_f3_m5,-26.989118576049805,131,0,False,False,,,,,,,,,,,
margin,Marshall,scientific_f3_m5,-27.024127960205078,132,0,False,False,,,,,,,,,,,
margin,North Texas,scientific_f3_m5,-27.576467514038086,133,0,False,False,,,,,,,,,,,
margin,Kent State,scientific_f3_m5,-29.139385223388672,134,0,False,False,,,,,,,,,,,
margin,Western Kentucky,scientific_f3_m5,-29.317047119140625,135,0,False,False,,,,,,,,,,,
margin,Texas State,scientific_f3_m5,-29.453533172607422,136,0,False,False,,,,,,,,,,,
margin,UL Monroe,scientific_f3_m5,-30.377193450927734,137,0,False,False,,,,,,,,,,,
margin,UAB,scientific_f3_m5,-38.30675506591797,138,0,False,False,,,,,,,,,,,
margin,Utah,scientific_f3_m10,31.817355034478414,1,25,True,True,,,,,,,,,,,
margin,Kansas State,scientific_f3_m10,30.37199753121919,2,24,True,False,,,,,,,,,,,
margin,LSU,scientific_f3_m10,27.574174864511388,3,23,True,False,,,,,,,,,,,
margin,Alabama,scientific_f3_m10,26.441603246880295,4,22,True,False,,,,,,,,,,,
margin,Tennessee,scientific_f3_m10,26.28433312913796,5,21,True,False,,,,,,,,,,,
margin,Oregon,scientific_f3_m10,26.135542911201217,6,20,True,False,,,,,,,,,,,
margin,Georgia,scientific_f3_m10,25.128359421356308,7,19,True,False,,,,,,,,,,,
margin,Miami,scientific_f3_m10,25.020245818142286,8,18,True,False,,,,,,,,,,,
margin,Indiana,scientific_f3_m10,23.255584460731402,9,17,True,False,,,,,,,,,,,
margin,Ohio State,scientific_f3_m10,21.9932388279059,10,16,True,False,,,,,,,,,,,
margin,Nebraska,scientific_f3_m10,20.738559657985554,11,15,True,False,,,,,,,,,,,
margin,Michigan,scientific_f3_m10,20.15201733461509,12,14,True,False,,,,,,,,,,,
margin,Penn State,scientific_f3_m10,20.018842475284075,13,13,True,False,,,,,,,,,,,
margin,Texas,scientific_f3_m10,20.01360434434625,14,12,True,False,,,,,,,,,,,
margin,James Madison,scientific_f3_m10,19.753098054543326,15,11,True,False,,,,,,,,,,,
margin,Virginia,scientific_f3_m10,19.582649705232768,16,10,True,False,,,,,,,,,,,
margin,Houston,scientific_f3_m10,19.343260516244136,17,9,True,False,,,,,,,,,,,
margin,Virginia Tech,scientific_f3_m10,19.26014161181019,18,8,True,False,,,,,,,,,,,
margin,TCU,scientific_f3_m10,18.96235519454396,19,7,True,False,,,,,,,,,,,
margin,Washington,scientific_f3_m10,18.887968880649705,20,6,True,False,,,,,,,,,,,
margin,Iowa,scientific_f3_m10,18.76067329916696,21,5,True,False,,,,,,,,,,,
margin,SMU,scientific_f3_m10,17.849240915280664,22,4,True,False,,,,,,,,,,,
margin,BYU,scientific_f3_m10,17.722459145167868,23,3,True,False,,,,,,,,,,,
margin,Mississippi State,scientific_f3_m10,17.482794966888576,24,2,True,False,,,,,,,,,,,
margin,Georgia State,scientific_f3_m10,16.770981182482437,25,1,True,False,,,,,,,,,,,
margin,South Florida,scientific_f3_m10,16.553236179852515,26,0,False,False,,,,,,,,,,,
margin,Notre Dame,scientific_f3_m10,15.624705048910238,27,0,False,False,,,,,,,,,,,
margin,Army,scientific_f3_m10,15.474529266792494,28,0,False,False,,,,,,,,,,,
margin,Auburn,scientific_f3_m10,14.260877869172791,29,0,False,False,,,,,,,,,,,
margin,New Mexico,scientific_f3_m10,13.689072965129979,30,0,False,False,,,,,,,,,,,
margin,Kentucky,scientific_f3_m10,13.624889062926446,31,0,False,False,,,,,,,,,,,
margin,South Carolina,scientific_f3_m10,13.564145318868484,32,0,False,False,,,,,,,,,,,
margin,USC,scientific_f3_m10,13.542420701672057,33,0,False,False,,,,,,,,,,,
margin,Louisville,scientific_f3_m10,13.444382132181198,34,0,False,False,,,,,,,,,,,
margin,Texas A&M,scientific_f3_m10,13.156963577460754,35,0,False,False,,,,,,,,,,,
margin,Pittsburgh,scientific_f3_m10,12.34083889482053,36,0,False,False,,,,,,,,,,,
margin,Toledo,scientific_f3_m10,12.012853419695992,37,0,False,False,,,,,,,,,,,
margin,Minnesota,scientific_f3_m10,11.707810502447893,38,0,False,False,,,,,,,,,,,
margin,Massachusetts,scientific_f3_m10,11.661363692417513,39,0,False,False,,,,,,,,,,,
margin,Oklahoma State,scientific_f3_m10,11.249506924599675,40,0,False,False,,,,,,,,,,,
margin,Maryland,scientific_f3_m10,10.833572479987666,41,0,False,False,,,,,,,,,,,
margin,Duke,scientific_f3_m10,10.82841105467781,42,0,False,False,,,,,,,,,,,
margin,Northwestern,scientific_f3_m10,10.782921953462104,43,0,False,False,,,,,,,,,,,
margin,Illinois,scientific_f3_m10,10.577004539156858,44,0,False,False,,,,,,,,,,,
margin,UCF,scientific_f3_m10,10.525527977666414,45,0,False,False,,,,,,,,,,,
margin,Wisconsin,scientific_f3_m10,9.999059226115802,46,0,False,False,,,,,,,,,,,
margin,Air Force,scientific_f3_m10,9.64976068471822,47,0,False,False,,,,,,,,,,,
margin,Tulsa,scientific_f3_m10,9.628740970681303,48,0,False,False,,,,,,,,,,,
margin,Arizona State,scientific_f3_m10,9.601307635827903,49,0,False,False,,,,,,,,,,,
margin,UConn,scientific_f3_m10,9.401541980229933,50,0,False,False,,,,,,,,,,,
margin,North Carolina,scientific_f3_m10,8.899991097602811,51,0,False,False,,,,,,,,,,,
margin,Sam Houston,scientific_f3_m10,8.890398989432613,52,0,False,False,,,,,,,,,,,
margin,Miami (OH),scientific_f3_m10,8.88440788309477,53,0,False,False,,,,,,,,,,,
margin,Florida,scientific_f3_m10,8.774388194090239,54,0,False,False,,,,,,,,,,,
margin,Georgia Tech,scientific_f3_m10,7.935477059348392,55,0,False,False,,,,,,,,,,,
margin,Vanderbilt,scientific_f3_m10,7.834285630987467,56,0,False,False,,,,,,,,,,,
margin,UCLA,scientific_f3_m10,7.701504143420578,57,0,False,False,,,,,,,,,,,
margin,Kansas,scientific_f3_m10,7.471708611480379,58,0,False,False,,,,,,,,,,,
margin,NC State,scientific_f3_m10,6.831013739030522,59,0,False,False,,,,,,,,,,,
margin,Arizona,scientific_f3_m10,6.819960925855592,60,0,False,False,,,,,,,,,,,
margin,Cincinnati,scientific_f3_m10,6.676006010731377,61,0,False,False,,,,,,,,,,,
margin,Boise State,scientific_f3_m10,6.5207686448478945,62,0,False,False,,,,,,,,,,,
margin,Iowa State,scientific_f3_m10,6.437358213796481,63,0,False,False,,,,,,,,,,,
margin,Oklahoma,scientific_f3_m10,6.3290741747085235,64,0,False,False,,,,,,,,,,,
margin,Ole Miss,scientific_f3_m10,6.295478382845695,65,0,False,False,,,,,,,,,,,
margin,Missouri,scientific_f3_m10,6.230487616936692,66,0,False,False,,,,,,,,,,,
margin,Troy,scientific_f3_m10,6.175507579951182,67,0,False,False,,,,,,,,,,,
margin,Syracuse,scientific_f3_m10,5.825625778869763,68,0,False,False,,,,,,,,,,,
margin,Georgia Southern,scientific_f3_m10,5.369270833388156,69,0,False,False,,,,,,,,,,,
margin,App State,scientific_f3_m10,5.24192326628179,70,0,False,False,,,,,,,,,,,
margin,California,scientific_f3_m10,5.149989461484104,71,0,False,False,,,,,,,,,,,
margin,Jacksonville State,scientific_f3_m10,5.063104295592133,72,0,False,False,,,,,,,,,,,
margin,West Virginia,scientific_f3_m10,4.582706766434897,73,0,False,False,,,,,,,,,,,
margin,UTSA,scientific_f3_m10,4.45600510907418,74,0,False,False,,,,,,,,,,,
margin,Wake Forest,scientific_f3_m10,4.193440015431605,75,0,False,False,,,,,,,,,,,
margin,Baylor,scientific_f3_m10,3.8884619986343223,76,0,False,False,,,,,,,,,,,
margin,Michigan State,scientific_f3_m10,3.7767962221374822,77,0,False,False,,,,,,,,,,,
margin,Louisiana Tech,scientific_f3_m10,2.769747208671923,78,0,False,False,,,,,,,,,,,
margin,Clemson,scientific_f3_m10,2.40019256109681,79,0,False,False,,,,,,,,,,,
margin,Liberty,scientific_f3_m10,1.8928458896066345,80,0,False,False,,,,,,,,,,,
margin,UAB,scientific_f3_m10,1.237739762402176,81,0,False,False,,,,,,,,,,,
margin,Middle Tennessee,scientific_f3_m10,1.0804888551095078,82,0,False,False,,,,,,,,,,,
margin,North Dakota State,scientific_f3_m10,0.7882236120939363,83,0,False,False,,,,,,,,,,,
margin,Temple,scientific_f3_m10,0.7840893094777854,84,0,False,False,,,,,,,,,,,
margin,Texas Tech,scientific_f3_m10,0.7471286666582071,85,0,False,False,,,,,,,,,,,
margin,Delaware,scientific_f3_m10,0.6387979929273413,86,0,False,False,,,,,,,,,,,
margin,Colorado State,scientific_f3_m10,-0.20185077174351262,87,0,False,False,,,,,,,,,,,
margin,Southern Miss,scientific_f3_m10,-0.24017127402300356,88,0,False,False,,,,,,,,,,,
margin,Colorado,scientific_f3_m10,-0.6120401816572351,89,0,False,False,,,,,,,,,,,
margin,Memphis,scientific_f3_m10,-0.7476531024528574,90,0,False,False,,,,,,,,,,,
margin,Florida Atlantic,scientific_f3_m10,-0.9776287184952482,91,0,False,False,,,,,,,,,,,
margin,Louisiana,scientific_f3_m10,-1.0264448624884694,92,0,False,False,,,,,,,,,,,
margin,South Alabama,scientific_f3_m10,-1.18663278171164,93,0,False,False,,,,,,,,,,,
margin,Akron,scientific_f3_m10,-1.234745257212166,94,0,False,False,,,,,,,,,,,
margin,Navy,scientific_f3_m10,-1.283066470768094,95,0,False,False,,,,,,,,,,,
margin,Kennesaw State,scientific_f3_m10,-1.9473668878275692,96,0,False,False,,,,,,,,,,,
margin,Washington State,scientific_f3_m10,-2.183986077934332,97,0,False,False,,,,,,,,,,,
margin,Florida State,scientific_f3_m10,-2.285818337938519,98,0,False,False,,,,,,,,,,,
margin,Rutgers,scientific_f3_m10,-2.45555091037488,99,0,False,False,,,,,,,,,,,
margin,Texas State,scientific_f3_m10,-2.633687655671643,100,0,False,False,,,,,,,,,,,
margin,Boston College,scientific_f3_m10,-2.6392516276528974,101,0,False,False,,,,,,,,,,,
margin,Western Michigan,scientific_f3_m10,-2.702056498734721,102,0,False,False,,,,,,,,,,,
margin,Florida International,scientific_f3_m10,-3.3264063031066238,103,0,False,False,,,,,,,,,,,
margin,Oregon State,scientific_f3_m10,-3.428854921474055,104,0,False,False,,,,,,,,,,,
margin,Hawai'i,scientific_f3_m10,-4.089235293596286,105,0,False,False,,,,,,,,,,,
margin,Missouri State,scientific_f3_m10,-4.226357125002257,106,0,False,False,,,,,,,,,,,
margin,San José State,scientific_f3_m10,-5.3004940518145585,107,0,False,False,,,,,,,,,,,
margin,Fresno State,scientific_f3_m10,-5.594536332844237,108,0,False,False,,,,,,,,,,,
margin,Marshall,scientific_f3_m10,-5.884004802647445,109,0,False,False,,,,,,,,,,,
margin,New Mexico State,scientific_f3_m10,-5.885862335683672,110,0,False,False,,,,,,,,,,,
margin,Wyoming,scientific_f3_m10,-5.971210818560256,111,0,False,False,,,,,,,,,,,
margin,Coastal Carolina,scientific_f3_m10,-6.458208759057321,112,0,False,False,,,,,,,,,,,
margin,Ohio,scientific_f3_m10,-6.861388398825194,113,0,False,False,,,,,,,,,,,
margin,East Carolina,scientific_f3_m10,-7.066950935121493,114,0,False,False,,,,,,,,,,,
margin,Rice,scientific_f3_m10,-7.181053528362429,115,0,False,False,,,,,,,,,,,
margin,Nevada,scientific_f3_m10,-7.446330806346746,116,0,False,False,,,,,,,,,,,
margin,Central Michigan,scientific_f3_m10,-10.02120884510099,117,0,False,False,,,,,,,,,,,
margin,Stanford,scientific_f3_m10,-10.093795331541475,118,0,False,False,,,,,,,,,,,
margin,Arkansas,scientific_f3_m10,-10.714821416262852,119,0,False,False,,,,,,,,,,,
margin,Purdue,scientific_f3_m10,-10.790241695905094,120,0,False,False,,,,,,,,,,,
margin,Arkansas State,scientific_f3_m10,-11.509536601241608,121,0,False,False,,,,,,,,,,,
margin,North Texas,scientific_f3_m10,-11.796299820507885,122,0,False,False,,,,,,,,,,,
margin,Sacramento State,scientific_f3_m10,-12.125115701132497,123,0,False,False,,,,,,,,,,,
margin,Old Dominion,scientific_f3_m10,-12.241245752892969,124,0,False,False,,,,,,,,,,,
margin,Ball State,scientific_f3_m10,-14.40617705354209,125,0,False,False,,,,,,,,,,,
margin,San Diego State,scientific_f3_m10,-15.003636960584323,126,0,False,False,,,,,,,,,,,
margin,Utah State,scientific_f3_m10,-15.071940369484759,127,0,False,False,,,,,,,,,,,
margin,Charlotte,scientific_f3_m10,-15.976893744568567,128,0,False,False,,,,,,,,,,,
margin,UL Monroe,scientific_f3_m10,-16.71855278754362,129,0,False,False,,,,,,,,,,,
margin,Eastern Michigan,scientific_f3_m10,-17.687060783720757,130,0,False,False,,,,,,,,,,,
margin,Northern Illinois,scientific_f3_m10,-18.456358564311813,131,0,False,False,,,,,,,,,,,
margin,Tulane,scientific_f3_m10,-18.569779967316073,132,0,False,False,,,,,,,,,,,
margin,UNLV,scientific_f3_m10,-18.772416221495682,133,0,False,False,,,,,,,,,,,
margin,Bowling Green,scientific_f3_m10,-19.33056531691353,134,0,False,False,,,,,,,,,,,
margin,UTEP,scientific_f3_m10,-19.352922613624486,135,0,False,False,,,,,,,,,,,
margin,Buffalo,scientific_f3_m10,-20.001394282933788,136,0,False,False,,,,,,,,,,,
margin,Kent State,scientific_f3_m10,-23.053892971960405,137,0,False,False,,,,,,,,,,,
margin,Western Kentucky,scientific_f3_m10,-26.047008050359903,138,0,False,False,,,,,,,,,,,
margin,Georgia,scientific_f4_m1,34.98269752439814,1,25,True,True,,,,,,,,,,,
margin,Ohio State,scientific_f4_m1,32.71127413272394,2,24,True,False,,,,,,,,,,,
margin,Texas,scientific_f4_m1,30.009270712634038,3,23,True,False,,,,,,,,,,,
margin,Oregon,scientific_f4_m1,28.827218576566906,4,22,True,False,,,,,,,,,,,
margin,Notre Dame,scientific_f4_m1,27.228783586208337,5,21,True,False,,,,,,,,,,,
margin,Tennessee,scientific_f4_m1,26.852279220583295,6,20,True,False,,,,,,,,,,,
margin,Oklahoma,scientific_f4_m1,25.905952679597892,7,19,True,False,,,,,,,,,,,
margin,Indiana,scientific_f4_m1,24.280427209820886,8,18,True,False,,,,,,,,,,,
margin,Utah,scientific_f4_m1,22.235133856630593,9,17,True,False,,,,,,,,,,,
margin,Ole Miss,scientific_f4_m1,21.993878811002556,10,16,True,False,,,,,,,,,,,
margin,Alabama,scientific_f4_m1,21.782679950975975,11,15,True,False,,,,,,,,,,,
margin,LSU,scientific_f4_m1,21.314716718612384,12,14,True,False,,,,,,,,,,,
margin,Iowa,scientific_f4_m1,20.474477172493355,13,13,True,False,,,,,,,,,,,
margin,Florida,scientific_f4_m1,19.70636533752016,14,12,True,False,,,,,,,,,,,
margin,South Carolina,scientific_f4_m1,19.485605969874076,15,11,True,False,,,,,,,,,,,
margin,USC,scientific_f4_m1,19.027781308330283,16,10,True,False,,,,,,,,,,,
margin,Kansas State,scientific_f4_m1,18.623401722098293,17,9,True,False,,,,,,,,,,,
margin,Michigan,scientific_f4_m1,18.28236694764984,18,8,True,False,,,,,,,,,,,
margin,Penn State,scientific_f4_m1,17.36583863092902,19,7,True,False,,,,,,,,,,,
margin,Texas A&M,scientific_f4_m1,17.146142558032295,20,6,True,False,,,,,,,,,,,
margin,Illinois,scientific_f4_m1,16.6425357473946,21,5,True,False,,,,,,,,,,,
margin,BYU,scientific_f4_m1,16.381109076853676,22,4,True,False,,,,,,,,,,,
margin,Virginia Tech,scientific_f4_m1,15.974490123736214,23,3,True,False,,,,,,,,,,,
margin,Washington,scientific_f4_m1,15.745428879942896,24,2,True,False,,,,,,,,,,,
margin,Mississippi State,scientific_f4_m1,15.433073821124477,25,1,True,False,,,,,,,,,,,
margin,Miami,scientific_f4_m1,15.083594009385829,26,0,False,False,,,,,,,,,,,
margin,Houston,scientific_f4_m1,14.902085153086567,27,0,False,False,,,,,,,,,,,
margin,Nebraska,scientific_f4_m1,14.7825354143387,28,0,False,False,,,,,,,,,,,
margin,Boise State,scientific_f4_m1,13.959386641415362,29,0,False,False,,,,,,,,,,,
margin,Missouri,scientific_f4_m1,13.406654999344386,30,0,False,False,,,,,,,,,,,
margin,James Madison,scientific_f4_m1,13.190237585043672,31,0,False,False,,,,,,,,,,,
margin,Minnesota,scientific_f4_m1,12.74427752816472,32,0,False,False,,,,,,,,,,,
margin,TCU,scientific_f4_m1,12.65821262419588,33,0,False,False,,,,,,,,,,,
margin,Northwestern,scientific_f4_m1,11.744219341776738,34,0,False,False,,,,,,,,,,,
margin,Louisville,scientific_f4_m1,11.671872558491458,35,0,False,False,,,,,,,,,,,
margin,Texas Tech,scientific_f4_m1,11.262703112077554,36,0,False,False,,,,,,,,,,,
margin,New Mexico,scientific_f4_m1,10.753863435524952,37,0,False,False,,,,,,,,,,,
margin,UCF,scientific_f4_m1,10.350525730479571,38,0,False,False,,,,,,,,,,,
margin,UCLA,scientific_f4_m1,10.343912392465285,39,0,False,False,,,,,,,,,,,
margin,Vanderbilt,scientific_f4_m1,10.158955803203524,40,0,False,False,,,,,,,,,,,
margin,Pittsburgh,scientific_f4_m1,9.82778015659548,41,0,False,False,,,,,,,,,,,
margin,SMU,scientific_f4_m1,9.310467003392038,42,0,False,False,,,,,,,,,,,
margin,NC State,scientific_f4_m1,9.161718844262063,43,0,False,False,,,,,,,,,,,
margin,Wisconsin,scientific_f4_m1,8.92878490588042,44,0,False,False,,,,,,,,,,,
margin,South Florida,scientific_f4_m1,8.188862207102037,45,0,False,False,,,,,,,,,,,
margin,Maryland,scientific_f4_m1,7.991124097803231,46,0,False,False,,,,,,,,,,,
margin,Auburn,scientific_f4_m1,7.81758091249255,47,0,False,False,,,,,,,,,,,
margin,Duke,scientific_f4_m1,7.798388998911609,48,0,False,False,,,,,,,,,,,
margin,Virginia,scientific_f4_m1,7.617707680437844,49,0,False,False,,,,,,,,,,,
margin,Cincinnati,scientific_f4_m1,7.167908113850522,50,0,False,False,,,,,,,,,,,
margin,Clemson,scientific_f4_m1,7.023906715333931,51,0,False,False,,,,,,,,,,,
margin,Iowa State,scientific_f4_m1,6.543415405412983,52,0,False,False,,,,,,,,,,,
margin,Arizona,scientific_f4_m1,6.293801591459027,53,0,False,False,,,,,,,,,,,
margin,Baylor,scientific_f4_m1,6.051464330387159,54,0,False,False,,,,,,,,,,,
margin,California,scientific_f4_m1,6.0490213432368005,55,0,False,False,,,,,,,,,,,
margin,Kentucky,scientific_f4_m1,5.897688612344112,56,0,False,False,,,,,,,,,,,
margin,Wake Forest,scientific_f4_m1,5.823293625324872,57,0,False,False,,,,,,,,,,,
margin,North Carolina,scientific_f4_m1,5.623104238030783,58,0,False,False,,,,,,,,,,,
margin,Oklahoma State,scientific_f4_m1,5.225183337911295,59,0,False,False,,,,,,,,,,,
margin,Florida State,scientific_f4_m1,4.353952703854446,60,0,False,False,,,,,,,,,,,
margin,Arizona State,scientific_f4_m1,3.9435812613233847,61,0,False,False,,,,,,,,,,,
margin,Purdue,scientific_f4_m1,3.8220579058650994,62,0,False,False,,,,,,,,,,,
margin,South Alabama,scientific_f4_m1,3.298324634926007,63,0,False,False,,,,,,,,,,,
margin,Kansas,scientific_f4_m1,3.1499328098800827,64,0,False,False,,,,,,,,,,,
margin,Michigan State,scientific_f4_m1,2.762670984767871,65,0,False,False,,,,,,,,,,,
margin,Washington State,scientific_f4_m1,2.2002834324047544,66,0,False,False,,,,,,,,,,,
margin,West Virginia,scientific_f4_m1,1.9582514601256422,67,0,False,False,,,,,,,,,,,
margin,App State,scientific_f4_m1,1.874734617163547,68,0,False,False,,,,,,,,,,,
margin,North Dakota State,scientific_f4_m1,1.789782433308969,69,0,False,False,,,,,,,,,,,
margin,Syracuse,scientific_f4_m1,1.5123168501402988,70,0,False,False,,,,,,,,,,,
margin,Fresno State,scientific_f4_m1,0.9673868369661403,71,0,False,False,,,,,,,,,,,
margin,Colorado State,scientific_f4_m1,0.6763629582006248,72,0,False,False,,,,,,,,,,,
margin,UTSA,scientific_f4_m1,0.5275247754680219,73,0,False,False,,,,,,,,,,,
margin,Tulsa,scientific_f4_m1,0.4278769039402772,74,0,False,False,,,,,,,,,,,
margin,Army,scientific_f4_m1,0.05104163305653309,75,0,False,False,,,,,,,,,,,
margin,Georgia Southern,scientific_f4_m1,-0.06867807783019053,76,0,False,False,,,,,,,,,,,
margin,Memphis,scientific_f4_m1,-0.15139967181045222,77,0,False,False,,,,,,,,,,,
margin,Georgia Tech,scientific_f4_m1,-0.30498306324204716,78,0,False,False,,,,,,,,,,,
margin,UConn,scientific_f4_m1,-0.445168547946615,79,0,False,False,,,,,,,,,,,
margin,Liberty,scientific_f4_m1,-0.8382399922320438,80,0,False,False,,,,,,,,,,,
margin,Old Dominion,scientific_f4_m1,-0.9504864975886598,81,0,False,False,,,,,,,,,,,
margin,Delaware,scientific_f4_m1,-0.9536871756502787,82,0,False,False,,,,,,,,,,,
margin,Louisiana,scientific_f4_m1,-1.2538504878404222,83,0,False,False,,,,,,,,,,,
margin,Tulane,scientific_f4_m1,-1.34327103918078,84,0,False,False,,,,,,,,,,,
margin,Oregon State,scientific_f4_m1,-2.184858382653256,85,0,False,False,,,,,,,,,,,
margin,Toledo,scientific_f4_m1,-2.2342110532857475,86,0,False,False,,,,,,,,,,,
margin,San Diego State,scientific_f4_m1,-2.2512531114328205,87,0,False,False,,,,,,,,,,,
margin,Jacksonville State,scientific_f4_m1,-2.604756586715305,88,0,False,False,,,,,,,,,,,
margin,Colorado,scientific_f4_m1,-2.8223083026812024,89,0,False,False,,,,,,,,,,,
margin,Stanford,scientific_f4_m1,-2.8292676890061195,90,0,False,False,,,,,,,,,,,
margin,Temple,scientific_f4_m1,-3.138976613566639,91,0,False,False,,,,,,,,,,,
margin,Western Michigan,scientific_f4_m1,-3.7899090207048722,92,0,False,False,,,,,,,,,,,
margin,Arkansas,scientific_f4_m1,-4.130561652763044,93,0,False,False,,,,,,,,,,,
margin,Air Force,scientific_f4_m1,-4.321312934339263,94,0,False,False,,,,,,,,,,,
margin,Louisiana Tech,scientific_f4_m1,-4.7204867723507,95,0,False,False,,,,,,,,,,,
margin,East Carolina,scientific_f4_m1,-4.784193788980321,96,0,False,False,,,,,,,,,,,
margin,Georgia State,scientific_f4_m1,-5.207461276535749,97,0,False,False,,,,,,,,,,,
margin,Arkansas State,scientific_f4_m1,-5.529307122860173,98,0,False,False,,,,,,,,,,,
margin,Boston College,scientific_f4_m1,-5.923540932582567,99,0,False,False,,,,,,,,,,,
margin,Central Michigan,scientific_f4_m1,-6.158131578210462,100,0,False,False,,,,,,,,,,,
margin,Navy,scientific_f4_m1,-6.275205233335036,101,0,False,False,,,,,,,,,,,
margin,UAB,scientific_f4_m1,-6.3835569198197994,102,0,False,False,,,,,,,,,,,
margin,Texas State,scientific_f4_m1,-6.638543080936232,103,0,False,False,,,,,,,,,,,
margin,Utah State,scientific_f4_m1,-6.702459463799713,104,0,False,False,,,,,,,,,,,
margin,Southern Miss,scientific_f4_m1,-7.014174854279169,105,0,False,False,,,,,,,,,,,
margin,Florida International,scientific_f4_m1,-7.121301394679772,106,0,False,False,,,,,,,,,,,
margin,Coastal Carolina,scientific_f4_m1,-7.2880991375272615,107,0,False,False,,,,,,,,,,,
margin,Florida Atlantic,scientific_f4_m1,-7.388411936648344,108,0,False,False,,,,,,,,,,,
margin,UNLV,scientific_f4_m1,-7.576961399115138,109,0,False,False,,,,,,,,,,,
margin,Middle Tennessee,scientific_f4_m1,-7.651285373469808,110,0,False,False,,,,,,,,,,,
margin,Miami (OH),scientific_f4_m1,-7.7257884223381765,111,0,False,False,,,,,,,,,,,
margin,Troy,scientific_f4_m1,-8.001729326367501,112,0,False,False,,,,,,,,,,,
margin,Ohio,scientific_f4_m1,-8.14175060588795,113,0,False,False,,,,,,,,,,,
margin,North Texas,scientific_f4_m1,-8.187018814328585,114,0,False,False,,,,,,,,,,,
margin,New Mexico State,scientific_f4_m1,-8.786909283833038,115,0,False,False,,,,,,,,,,,
margin,Sam Houston,scientific_f4_m1,-9.376390912016898,116,0,False,False,,,,,,,,,,,
margin,Hawai'i,scientific_f4_m1,-9.612686745702502,117,0,False,False,,,,,,,,,,,
margin,Rutgers,scientific_f4_m1,-9.693796426532218,118,0,False,False,,,,,,,,,,,
margin,Rice,scientific_f4_m1,-9.69916635290735,119,0,False,False,,,,,,,,,,,
margin,Missouri State,scientific_f4_m1,-9.764030999284973,120,0,False,False,,,,,,,,,,,
margin,San José State,scientific_f4_m1,-9.975442533241123,121,0,False,False,,,,,,,,,,,
margin,Akron,scientific_f4_m1,-12.310252327068099,122,0,False,False,,,,,,,,,,,
margin,Kennesaw State,scientific_f4_m1,-12.539267890295218,123,0,False,False,,,,,,,,,,,
margin,Nevada,scientific_f4_m1,-12.86679466558779,124,0,False,False,,,,,,,,,,,
margin,Wyoming,scientific_f4_m1,-13.500591526131469,125,0,False,False,,,,,,,,,,,
margin,Western Kentucky,scientific_f4_m1,-13.576818565196813,126,0,False,False,,,,,,,,,,,
margin,Marshall,scientific_f4_m1,-13.673976433686825,127,0,False,False,,,,,,,,,,,
margin,Charlotte,scientific_f4_m1,-13.726750007355985,128,0,False,False,,,,,,,,,,,
margin,Sacramento State,scientific_f4_m1,-14.794581619668847,129,0,False,False,,,,,,,,,,,
margin,Massachusetts,scientific_f4_m1,-15.207708669545518,130,0,False,False,,,,,,,,,,,
margin,UTEP,scientific_f4_m1,-15.809564567601807,131,0,False,False,,,,,,,,,,,
margin,Buffalo,scientific_f4_m1,-20.209975641581153,132,0,False,False,,,,,,,,,,,
margin,Northern Illinois,scientific_f4_m1,-20.458412331995195,133,0,False,False,,,,,,,,,,,
margin,Bowling Green,scientific_f4_m1,-20.978890039001314,134,0,False,False,,,,,,,,,,,
margin,Eastern Michigan,scientific_f4_m1,-21.835374120563035,135,0,False,False,,,,,,,,,,,
margin,Ball State,scientific_f4_m1,-22.990652086823022,136,0,False,False,,,,,,,,,,,
margin,UL Monroe,scientific_f4_m1,-23.229716385119943,137,0,False,False,,,,,,,,,,,
margin,Kent State,scientific_f4_m1,-26.940083773565586,138,0,False,False,,,,,,,,,,,
margin,Georgia,scientific_f4_m2,40.553609363316546,1,25,True,True,,,,,,,,,,,
margin,Ohio State,scientific_f4_m2,33.529231624552054,2,24,True,False,,,,,,,,,,,
margin,Oregon,scientific_f4_m2,30.04852929420459,3,23,True,False,,,,,,,,,,,
margin,Notre Dame,scientific_f4_m2,27.31977868541377,4,22,True,False,,,,,,,,,,,
margin,Tennessee,scientific_f4_m2,27.12086457332372,5,21,True,False,,,,,,,,,,,
margin,Florida,scientific_f4_m2,22.804030473876477,6,20,True,False,,,,,,,,,,,
margin,Indiana,scientific_f4_m2,21.567554828421194,7,19,True,False,,,,,,,,,,,
margin,Alabama,scientific_f4_m2,21.485685958593784,8,18,True,False,,,,,,,,,,,
margin,Miami,scientific_f4_m2,21.45002781758691,9,17,True,False,,,,,,,,,,,
margin,Texas,scientific_f4_m2,20.482043397578032,10,16,True,False,,,,,,,,,,,
margin,Utah,scientific_f4_m2,20.376884695452148,11,15,True,False,,,,,,,,,,,
margin,Ole Miss,scientific_f4_m2,20.132381922121823,12,14,True,False,,,,,,,,,,,
margin,USC,scientific_f4_m2,19.80282802536725,13,13,True,False,,,,,,,,,,,
margin,South Carolina,scientific_f4_m2,18.861130007415372,14,12,True,False,,,,,,,,,,,
margin,Texas A&M,scientific_f4_m2,18.441395057749247,15,11,True,False,,,,,,,,,,,
margin,Kansas State,scientific_f4_m2,18.089930906767705,16,10,True,False,,,,,,,,,,,
margin,Oklahoma,scientific_f4_m2,18.056856451092266,17,9,True,False,,,,,,,,,,,
margin,Iowa,scientific_f4_m2,17.715452124392765,18,8,True,False,,,,,,,,,,,
margin,LSU,scientific_f4_m2,17.136521671784113,19,7,True,False,,,,,,,,,,,
margin,Illinois,scientific_f4_m2,16.597246755740457,20,6,True,False,,,,,,,,,,,
margin,Penn State,scientific_f4_m2,16.383565121336567,21,5,True,False,,,,,,,,,,,
margin,BYU,scientific_f4_m2,15.600121649580167,22,4,True,False,,,,,,,,,,,
margin,Mississippi State,scientific_f4_m2,15.441704404152851,23,3,True,False,,,,,,,,,,,
margin,Michigan,scientific_f4_m2,15.321732107912919,24,2,True,False,,,,,,,,,,,
margin,Nebraska,scientific_f4_m2,14.899523382269983,25,1,True,False,,,,,,,,,,,
margin,Northwestern,scientific_f4_m2,13.691377858810576,26,0,False,False,,,,,,,,,,,
margin,Washington,scientific_f4_m2,12.625418968170212,27,0,False,False,,,,,,,,,,,
margin,James Madison,scientific_f4_m2,11.298931219515245,28,0,False,False,,,,,,,,,,,
margin,SMU,scientific_f4_m2,11.068394462612348,29,0,False,False,,,,,,,,,,,
margin,Missouri,scientific_f4_m2,10.907120307534518,30,0,False,False,,,,,,,,,,,
margin,UCLA,scientific_f4_m2,10.260834405227147,31,0,False,False,,,,,,,,,,,
margin,Virginia Tech,scientific_f4_m2,10.244369911777769,32,0,False,False,,,,,,,,,,,
margin,Texas Tech,scientific_f4_m2,9.74667046956387,33,0,False,False,,,,,,,,,,,
margin,Louisville,scientific_f4_m2,9.315523807440002,34,0,False,False,,,,,,,,,,,
margin,Houston,scientific_f4_m2,9.199951999092605,35,0,False,False,,,,,,,,,,,
margin,Wisconsin,scientific_f4_m2,9.187429505556322,36,0,False,False,,,,,,,,,,,
margin,Boise State,scientific_f4_m2,8.707135058486426,37,0,False,False,,,,,,,,,,,
margin,Pittsburgh,scientific_f4_m2,8.375745934584799,38,0,False,False,,,,,,,,,,,
margin,Virginia,scientific_f4_m2,8.305198079014264,39,0,False,False,,,,,,,,,,,
margin,Arizona,scientific_f4_m2,7.932309745516703,40,0,False,False,,,,,,,,,,,
margin,NC State,scientific_f4_m2,7.75876824559117,41,0,False,False,,,,,,,,,,,
margin,Vanderbilt,scientific_f4_m2,7.707219467135253,42,0,False,False,,,,,,,,,,,
margin,Maryland,scientific_f4_m2,7.628360140871255,43,0,False,False,,,,,,,,,,,
margin,Minnesota,scientific_f4_m2,7.5125536838098075,44,0,False,False,,,,,,,,,,,
margin,Baylor,scientific_f4_m2,7.247940583951543,45,0,False,False,,,,,,,,,,,
margin,TCU,scientific_f4_m2,6.553359062768353,46,0,False,False,,,,,,,,,,,
margin,Auburn,scientific_f4_m2,6.015916755793574,47,0,False,False,,,,,,,,,,,
margin,UCF,scientific_f4_m2,5.986049859417477,48,0,False,False,,,,,,,,,,,
margin,Iowa State,scientific_f4_m2,5.915087921921348,49,0,False,False,,,,,,,,,,,
margin,Duke,scientific_f4_m2,5.739997729223818,50,0,False,False,,,,,,,,,,,
margin,Oklahoma State,scientific_f4_m2,5.455109850669045,51,0,False,False,,,,,,,,,,,
margin,Cincinnati,scientific_f4_m2,5.362442390412294,52,0,False,False,,,,,,,,,,,
margin,Kansas,scientific_f4_m2,3.9023680084092716,53,0,False,False,,,,,,,,,,,
margin,Florida State,scientific_f4_m2,3.7887776441977197,54,0,False,False,,,,,,,,,,,
margin,South Florida,scientific_f4_m2,3.669723528444954,55,0,False,False,,,,,,,,,,,
margin,Army,scientific_f4_m2,3.6588335758652546,56,0,False,False,,,,,,,,,,,
margin,West Virginia,scientific_f4_m2,3.5148206371646467,57,0,False,False,,,,,,,,,,,
margin,Purdue,scientific_f4_m2,3.315662888679044,58,0,False,False,,,,,,,,,,,
margin,Kentucky,scientific_f4_m2,3.013978426594396,59,0,False,False,,,,,,,,,,,
margin,New Mexico,scientific_f4_m2,2.765339902185363,60,0,False,False,,,,,,,,,,,
margin,North Carolina,scientific_f4_m2,2.6234198254629115,61,0,False,False,,,,,,,,,,,
margin,Arizona State,scientific_f4_m2,2.5436463000831404,62,0,False,False,,,,,,,,,,,
margin,App State,scientific_f4_m2,2.524390573777149,63,0,False,False,,,,,,,,,,,
margin,California,scientific_f4_m2,2.3030292902828275,64,0,False,False,,,,,,,,,,,
margin,Michigan State,scientific_f4_m2,1.8498870428008365,65,0,False,False,,,,,,,,,,,
margin,Wake Forest,scientific_f4_m2,0.996634139700542,66,0,False,False,,,,,,,,,,,
margin,Colorado State,scientific_f4_m2,0.8612619147897638,67,0,False,False,,,,,,,,,,,
margin,North Dakota State,scientific_f4_m2,0.6350412701319401,68,0,False,False,,,,,,,,,,,
margin,Clemson,scientific_f4_m2,0.6017989676244069,69,0,False,False,,,,,,,,,,,
margin,Syracuse,scientific_f4_m2,-0.09011283785132118,70,0,False,False,,,,,,,,,,,
margin,Georgia Tech,scientific_f4_m2,-0.10138468505835174,71,0,False,False,,,,,,,,,,,
margin,South Alabama,scientific_f4_m2,-0.5822341335887016,72,0,False,False,,,,,,,,,,,
margin,UConn,scientific_f4_m2,-0.9622217139666378,73,0,False,False,,,,,,,,,,,
margin,Toledo,scientific_f4_m2,-1.3855877660959717,74,0,False,False,,,,,,,,,,,
margin,Memphis,scientific_f4_m2,-1.5628216975080471,75,0,False,False,,,,,,,,,,,
margin,UTSA,scientific_f4_m2,-2.733847979871058,76,0,False,False,,,,,,,,,,,
margin,Washington State,scientific_f4_m2,-2.887090837057665,77,0,False,False,,,,,,,,,,,
margin,Western Michigan,scientific_f4_m2,-2.9856540438907695,78,0,False,False,,,,,,,,,,,
margin,Tulane,scientific_f4_m2,-3.3489470443522196,79,0,False,False,,,,,,,,,,,
margin,Louisiana,scientific_f4_m2,-3.404112421066116,80,0,False,False,,,,,,,,,,,
margin,Georgia Southern,scientific_f4_m2,-3.6572199051585366,81,0,False,False,,,,,,,,,,,
margin,Navy,scientific_f4_m2,-3.7218802956492114,82,0,False,False,,,,,,,,,,,
margin,Liberty,scientific_f4_m2,-4.043968635064298,83,0,False,False,,,,,,,,,,,
margin,Fresno State,scientific_f4_m2,-4.6259167302914115,84,0,False,False,,,,,,,,,,,
margin,Air Force,scientific_f4_m2,-4.818875964701363,85,0,False,False,,,,,,,,,,,
margin,Delaware,scientific_f4_m2,-4.939280665095365,86,0,False,False,,,,,,,,,,,
margin,Georgia State,scientific_f4_m2,-5.087553119112984,87,0,False,False,,,,,,,,,,,
margin,Oregon State,scientific_f4_m2,-5.1297022880030445,88,0,False,False,,,,,,,,,,,
margin,Arkansas,scientific_f4_m2,-5.3517226989475954,89,0,False,False,,,,,,,,,,,
margin,Jacksonville State,scientific_f4_m2,-5.4118125488324065,90,0,False,False,,,,,,,,,,,
margin,Texas State,scientific_f4_m2,-5.9349349947451895,91,0,False,False,,,,,,,,,,,
margin,Louisiana Tech,scientific_f4_m2,-5.960087442690684,92,0,False,False,,,,,,,,,,,
margin,Boston College,scientific_f4_m2,-6.386802645780272,93,0,False,False,,,,,,,,,,,
margin,Colorado,scientific_f4_m2,-6.735995217093092,94,0,False,False,,,,,,,,,,,
margin,Troy,scientific_f4_m2,-7.01965133795266,95,0,False,False,,,,,,,,,,,
margin,Temple,scientific_f4_m2,-7.283347498348172,96,0,False,False,,,,,,,,,,,
margin,Arkansas State,scientific_f4_m2,-7.40463538674781,97,0,False,False,,,,,,,,,,,
margin,Old Dominion,scientific_f4_m2,-7.511386746106857,98,0,False,False,,,,,,,,,,,
margin,Tulsa,scientific_f4_m2,-8.210204901076281,99,0,False,False,,,,,,,,,,,
margin,East Carolina,scientific_f4_m2,-8.247125991933972,100,0,False,False,,,,,,,,,,,
margin,San Diego State,scientific_f4_m2,-8.692755064159574,101,0,False,False,,,,,,,,,,,
margin,Miami (OH),scientific_f4_m2,-9.05732624760531,102,0,False,False,,,,,,,,,,,
margin,Florida Atlantic,scientific_f4_m2,-9.287772808150551,103,0,False,False,,,,,,,,,,,
margin,Ohio,scientific_f4_m2,-9.428654885507905,104,0,False,False,,,,,,,,,,,
margin,North Texas,scientific_f4_m2,-9.503352674123636,105,0,False,False,,,,,,,,,,,
margin,Utah State,scientific_f4_m2,-10.588793747659189,106,0,False,False,,,,,,,,,,,
margin,UNLV,scientific_f4_m2,-10.9133832839415,107,0,False,False,,,,,,,,,,,
margin,Coastal Carolina,scientific_f4_m2,-10.948491237751739,108,0,False,False,,,,,,,,,,,
margin,Florida International,scientific_f4_m2,-11.22462463796283,109,0,False,False,,,,,,,,,,,
margin,Sam Houston,scientific_f4_m2,-11.312458713152495,110,0,False,False,,,,,,,,,,,
margin,Rutgers,scientific_f4_m2,-11.3439217872537,111,0,False,False,,,,,,,,,,,
margin,Hawai'i,scientific_f4_m2,-11.399759976622148,112,0,False,False,,,,,,,,,,,
margin,Central Michigan,scientific_f4_m2,-11.597282690281093,113,0,False,False,,,,,,,,,,,
margin,Stanford,scientific_f4_m2,-11.658148593437337,114,0,False,False,,,,,,,,,,,
margin,New Mexico State,scientific_f4_m2,-11.660818899199406,115,0,False,False,,,,,,,,,,,
margin,Rice,scientific_f4_m2,-12.192142012434516,116,0,False,False,,,,,,,,,,,
margin,Southern Miss,scientific_f4_m2,-12.672792967073402,117,0,False,False,,,,,,,,,,,
margin,Middle Tennessee,scientific_f4_m2,-13.19294032730953,118,0,False,False,,,,,,,,,,,
margin,UAB,scientific_f4_m2,-13.400096369520119,119,0,False,False,,,,,,,,,,,
margin,Missouri State,scientific_f4_m2,-13.473476891157746,120,0,False,False,,,,,,,,,,,
margin,Kennesaw State,scientific_f4_m2,-13.502333326633034,121,0,False,False,,,,,,,,,,,
margin,San José State,scientific_f4_m2,-14.08164453347357,122,0,False,False,,,,,,,,,,,
margin,Akron,scientific_f4_m2,-16.23732304027983,123,0,False,False,,,,,,,,,,,
margin,Nevada,scientific_f4_m2,-17.7320141568721,124,0,False,False,,,,,,,,,,,
margin,Massachusetts,scientific_f4_m2,-18.397491783601538,125,0,False,False,,,,,,,,,,,
margin,Marshall,scientific_f4_m2,-18.45846131518794,126,0,False,False,,,,,,,,,,,
margin,Sacramento State,scientific_f4_m2,-20.348002524725818,127,0,False,False,,,,,,,,,,,
margin,Wyoming,scientific_f4_m2,-20.489304697036022,128,0,False,False,,,,,,,,,,,
margin,Charlotte,scientific_f4_m2,-21.684423752777295,129,0,False,False,,,,,,,,,,,
margin,Western Kentucky,scientific_f4_m2,-22.151294722574065,130,0,False,False,,,,,,,,,,,
margin,UTEP,scientific_f4_m2,-23.014149998664593,131,0,False,False,,,,,,,,,,,
margin,Northern Illinois,scientific_f4_m2,-24.117941994820445,132,0,False,False,,,,,,,,,,,
margin,Eastern Michigan,scientific_f4_m2,-25.537801114607376,133,0,False,False,,,,,,,,,,,
margin,Buffalo,scientific_f4_m2,-26.61093248951054,134,0,False,False,,,,,,,,,,,
margin,Ball State,scientific_f4_m2,-27.555997400182687,135,0,False,False,,,,,,,,,,,
margin,Bowling Green,scientific_f4_m2,-30.08601056467101,136,0,False,False,,,,,,,,,,,
margin,UL Monroe,scientific_f4_m2,-30.24421102396152,137,0,False,False,,,,,,,,,,,
margin,Kent State,scientific_f4_m2,-31.454547629021146,138,0,False,False,,,,,,,,,,,
margin,Georgia,scientific_f4_m3,32.642803102453115,1,25,True,True,,,,,,,,,,,
margin,Ohio State,scientific_f4_m3,28.552139861751147,2,24,True,False,,,,,,,,,,,
margin,Indiana,scientific_f4_m3,25.609869841269827,3,23,True,False,,,,,,,,,,,
margin,Oregon,scientific_f4_m3,24.884732323232306,4,22,True,False,,,,,,,,,,,
margin,Miami,scientific_f4_m3,24.46374920634921,5,21,True,False,,,,,,,,,,,
margin,Alabama,scientific_f4_m3,23.953361111111118,6,20,True,False,,,,,,,,,,,
margin,Kansas State,scientific_f4_m3,23.753401226551237,7,19,True,False,,,,,,,,,,,
margin,Notre Dame,scientific_f4_m3,23.346707682818963,8,18,True,False,,,,,,,,,,,
margin,Utah,scientific_f4_m3,21.510269047619058,9,17,True,False,,,,,,,,,,,
margin,Tennessee,scientific_f4_m3,21.39621428571428,10,16,True,False,,,,,,,,,,,
margin,LSU,scientific_f4_m3,21.209640476190486,11,15,True,False,,,,,,,,,,,
margin,Penn State,scientific_f4_m3,20.54960699855701,12,14,True,False,,,,,,,,,,,
margin,Iowa,scientific_f4_m3,19.9455126984127,13,13,True,False,,,,,,,,,,,
margin,James Madison,scientific_f4_m3,19.830180952380957,14,12,True,False,,,,,,,,,,,
margin,Houston,scientific_f4_m3,18.33230836940838,15,11,True,False,,,,,,,,,,,
margin,Florida,scientific_f4_m3,18.194464285714286,16,10,True,False,,,,,,,,,,,
margin,Texas,scientific_f4_m3,17.675548886457886,17,9,True,False,,,,,,,,,,,
margin,Mississippi State,scientific_f4_m3,17.335947546897543,18,8,True,False,,,,,,,,,,,
margin,Nebraska,scientific_f4_m3,17.042700432900435,19,7,True,False,,,,,,,,,,,
margin,USC,scientific_f4_m3,15.700077777777773,20,6,True,False,,,,,,,,,,,
margin,Michigan,scientific_f4_m3,15.682184126984119,21,5,True,False,,,,,,,,,,,
margin,South Carolina,scientific_f4_m3,15.393092307692308,22,4,True,False,,,,,,,,,,,
margin,Ole Miss,scientific_f4_m3,15.31316150036714,23,3,True,False,,,,,,,,,,,
margin,Louisville,scientific_f4_m3,15.30702301587302,24,2,True,False,,,,,,,,,,,
margin,BYU,scientific_f4_m3,15.164388528138536,25,1,True,False,,,,,,,,,,,
margin,Virginia Tech,scientific_f4_m3,14.274486940836942,26,0,False,False,,,,,,,,,,,
margin,TCU,scientific_f4_m3,14.104060317460311,27,0,False,False,,,,,,,,,,,
margin,Washington,scientific_f4_m3,13.801473015873002,28,0,False,False,,,,,,,,,,,
margin,Missouri,scientific_f4_m3,13.159681512605038,29,0,False,False,,,,,,,,,,,
margin,Texas A&M,scientific_f4_m3,13.049714604517884,30,0,False,False,,,,,,,,,,,
margin,Illinois,scientific_f4_m3,12.993174603174605,31,0,False,False,,,,,,,,,,,
margin,UCLA,scientific_f4_m3,12.635191847041844,32,0,False,False,,,,,,,,,,,
margin,SMU,scientific_f4_m3,12.374445238095237,33,0,False,False,,,,,,,,,,,
margin,Oklahoma,scientific_f4_m3,12.193706926406925,34,0,False,False,,,,,,,,,,,
margin,Virginia,scientific_f4_m3,11.146938700671315,35,0,False,False,,,,,,,,,,,
margin,Boise State,scientific_f4_m3,11.108574603174604,36,0,False,False,,,,,,,,,,,
margin,Army,scientific_f4_m3,10.94011548987412,37,0,False,False,,,,,,,,,,,
margin,Cincinnati,scientific_f4_m3,10.73891367243867,38,0,False,False,,,,,,,,,,,
margin,Maryland,scientific_f4_m3,10.346979797979797,39,0,False,False,,,,,,,,,,,
margin,Iowa State,scientific_f4_m3,10.263033838383834,40,0,False,False,,,,,,,,,,,
margin,Texas Tech,scientific_f4_m3,9.89630401692755,41,0,False,False,,,,,,,,,,,
margin,Northwestern,scientific_f4_m3,9.610571428571424,42,0,False,False,,,,,,,,,,,
margin,Pittsburgh,scientific_f4_m3,9.331027533577533,43,0,False,False,,,,,,,,,,,
margin,West Virginia,scientific_f4_m3,9.04507698412698,44,0,False,False,,,,,,,,,,,
margin,Minnesota,scientific_f4_m3,8.866320634920635,45,0,False,False,,,,,,,,,,,
margin,Duke,scientific_f4_m3,8.774776984126984,46,0,False,False,,,,,,,,,,,
margin,Vanderbilt,scientific_f4_m3,8.416403342162228,47,0,False,False,,,,,,,,,,,
margin,South Florida,scientific_f4_m3,7.812058730158733,48,0,False,False,,,,,,,,,,,
margin,Wisconsin,scientific_f4_m3,7.359127329708981,49,0,False,False,,,,,,,,,,,
margin,UCF,scientific_f4_m3,7.348461111111113,50,0,False,False,,,,,,,,,,,
margin,Arizona,scientific_f4_m3,7.12286258760503,51,0,False,False,,,,,,,,,,,
margin,Baylor,scientific_f4_m3,7.092258730158732,52,0,False,False,,,,,,,,,,,
margin,Auburn,scientific_f4_m3,6.600465486000797,53,0,False,False,,,,,,,,,,,
margin,NC State,scientific_f4_m3,6.375522222222224,54,0,False,False,,,,,,,,,,,
margin,Oklahoma State,scientific_f4_m3,6.277443650793652,55,0,False,False,,,,,,,,,,,
margin,Toledo,scientific_f4_m3,5.985860317460318,56,0,False,False,,,,,,,,,,,
margin,Air Force,scientific_f4_m3,5.957684920634921,57,0,False,False,,,,,,,,,,,
margin,New Mexico,scientific_f4_m3,5.347761904761905,58,0,False,False,,,,,,,,,,,
margin,Kentucky,scientific_f4_m3,5.121992063492061,59,0,False,False,,,,,,,,,,,
margin,Navy,scientific_f4_m3,5.112129365079367,60,0,False,False,,,,,,,,,,,
margin,UConn,scientific_f4_m3,5.056093650793652,61,0,False,False,,,,,,,,,,,
margin,Syracuse,scientific_f4_m3,4.093953246731513,62,0,False,False,,,,,,,,,,,
margin,App State,scientific_f4_m3,3.8531460317460318,63,0,False,False,,,,,,,,,,,
margin,Kansas,scientific_f4_m3,2.9621465367965363,64,0,False,False,,,,,,,,,,,
margin,North Carolina,scientific_f4_m3,2.9611586796905263,65,0,False,False,,,,,,,,,,,
margin,Arizona State,scientific_f4_m3,2.6674282143551844,66,0,False,False,,,,,,,,,,,
margin,North Dakota State,scientific_f4_m3,2.3496047221315766,67,0,False,False,,,,,,,,,,,
margin,Clemson,scientific_f4_m3,1.961170634920636,68,0,False,False,,,,,,,,,,,
margin,Louisiana,scientific_f4_m3,1.8650634920634919,69,0,False,False,,,,,,,,,,,
margin,Georgia State,scientific_f4_m3,1.750892063492063,70,0,False,False,,,,,,,,,,,
margin,Fresno State,scientific_f4_m3,0.8228507936507932,71,0,False,False,,,,,,,,,,,
margin,Colorado State,scientific_f4_m3,0.5743865079365079,72,0,False,False,,,,,,,,,,,
margin,Liberty,scientific_f4_m3,0.44023326898326914,73,0,False,False,,,,,,,,,,,
margin,Sam Houston,scientific_f4_m3,-0.3423145021645021,74,0,False,False,,,,,,,,,,,
margin,California,scientific_f4_m3,-0.4450865800865806,75,0,False,False,,,,,,,,,,,
margin,Washington State,scientific_f4_m3,-0.4906587301587302,76,0,False,False,,,,,,,,,,,
margin,Tulsa,scientific_f4_m3,-0.5537941065709361,77,0,False,False,,,,,,,,,,,
margin,South Alabama,scientific_f4_m3,-0.6638981792717085,78,0,False,False,,,,,,,,,,,
margin,Western Michigan,scientific_f4_m3,-0.6701261904761909,79,0,False,False,,,,,,,,,,,
margin,Memphis,scientific_f4_m3,-0.8084088822355295,80,0,False,False,,,,,,,,,,,
margin,Georgia Tech,scientific_f4_m3,-0.8698249084249082,81,0,False,False,,,,,,,,,,,
margin,Massachusetts,scientific_f4_m3,-0.9616857142857149,82,0,False,False,,,,,,,,,,,
margin,Jacksonville State,scientific_f4_m3,-0.9651823546019198,83,0,False,False,,,,,,,,,,,
margin,Florida State,scientific_f4_m3,-1.3396968253968258,84,0,False,False,,,,,,,,,,,
margin,Delaware,scientific_f4_m3,-1.4732619047619044,85,0,False,False,,,,,,,,,,,
margin,Georgia Southern,scientific_f4_m3,-1.656386507936508,86,0,False,False,,,,,,,,,,,
margin,Michigan State,scientific_f4_m3,-1.746437301587301,87,0,False,False,,,,,,,,,,,
margin,UTSA,scientific_f4_m3,-2.3170515151515154,88,0,False,False,,,,,,,,,,,
margin,Wake Forest,scientific_f4_m3,-2.453357142857142,89,0,False,False,,,,,,,,,,,
margin,Colorado,scientific_f4_m3,-2.545475396825399,90,0,False,False,,,,,,,,,,,
margin,Coastal Carolina,scientific_f4_m3,-2.6035752808988772,91,0,False,False,,,,,,,,,,,
margin,Louisiana Tech,scientific_f4_m3,-2.9329327123252975,92,0,False,False,,,,,,,,,,,
margin,Boston College,scientific_f4_m3,-3.314766666666668,93,0,False,False,,,,,,,,,,,
margin,Troy,scientific_f4_m3,-3.4652074314574306,94,0,False,False,,,,,,,,,,,
margin,New Mexico State,scientific_f4_m3,-3.4886761904761903,95,0,False,False,,,,,,,,,,,
margin,Middle Tennessee,scientific_f4_m3,-3.608593633615064,96,0,False,False,,,,,,,,,,,
margin,Purdue,scientific_f4_m3,-4.284183333333334,97,0,False,False,,,,,,,,,,,
margin,Arkansas State,scientific_f4_m3,-4.502882972582973,98,0,False,False,,,,,,,,,,,
margin,Miami (OH),scientific_f4_m3,-5.41340865800866,99,0,False,False,,,,,,,,,,,
margin,Old Dominion,scientific_f4_m3,-5.8086515873015845,100,0,False,False,,,,,,,,,,,
margin,Texas State,scientific_f4_m3,-6.116535714285716,101,0,False,False,,,,,,,,,,,
margin,Akron,scientific_f4_m3,-6.692651587301584,102,0,False,False,,,,,,,,,,,
margin,Oregon State,scientific_f4_m3,-7.250508730158729,103,0,False,False,,,,,,,,,,,
margin,Arkansas,scientific_f4_m3,-7.479378787878787,104,0,False,False,,,,,,,,,,,
margin,Tulane,scientific_f4_m3,-7.516498051948051,105,0,False,False,,,,,,,,,,,
margin,Ohio,scientific_f4_m3,-7.705923809523811,106,0,False,False,,,,,,,,,,,
margin,Florida International,scientific_f4_m3,-7.96337294372294,107,0,False,False,,,,,,,,,,,
margin,UNLV,scientific_f4_m3,-8.112617748917753,108,0,False,False,,,,,,,,,,,
margin,Kennesaw State,scientific_f4_m3,-8.117190873015874,109,0,False,False,,,,,,,,,,,
margin,Hawai'i,scientific_f4_m3,-8.267882539682535,110,0,False,False,,,,,,,,,,,
margin,San José State,scientific_f4_m3,-8.427609523809526,111,0,False,False,,,,,,,,,,,
margin,East Carolina,scientific_f4_m3,-9.014467316017319,112,0,False,False,,,,,,,,,,,
margin,North Texas,scientific_f4_m3,-9.062880158730154,113,0,False,False,,,,,,,,,,,
margin,Central Michigan,scientific_f4_m3,-9.324162987012981,114,0,False,False,,,,,,,,,,,
margin,UAB,scientific_f4_m3,-9.728119841269846,115,0,False,False,,,,,,,,,,,
margin,Nevada,scientific_f4_m3,-9.979434126984124,116,0,False,False,,,,,,,,,,,
margin,Rutgers,scientific_f4_m3,-9.994964935064939,117,0,False,False,,,,,,,,,,,
margin,Temple,scientific_f4_m3,-10.973451587301584,118,0,False,False,,,,,,,,,,,
margin,Florida Atlantic,scientific_f4_m3,-11.054031746031747,119,0,False,False,,,,,,,,,,,
margin,San Diego State,scientific_f4_m3,-11.063699999999999,120,0,False,False,,,,,,,,,,,
margin,Missouri State,scientific_f4_m3,-11.274921428571432,121,0,False,False,,,,,,,,,,,
margin,Southern Miss,scientific_f4_m3,-11.494604401154405,122,0,False,False,,,,,,,,,,,
margin,Marshall,scientific_f4_m3,-11.675416666666667,123,0,False,False,,,,,,,,,,,
margin,Rice,scientific_f4_m3,-12.125763419913422,124,0,False,False,,,,,,,,,,,
margin,Utah State,scientific_f4_m3,-12.44084603174603,125,0,False,False,,,,,,,,,,,
margin,Sacramento State,scientific_f4_m3,-12.576170634920635,126,0,False,False,,,,,,,,,,,
margin,Wyoming,scientific_f4_m3,-13.078269047619047,127,0,False,False,,,,,,,,,,,
margin,Stanford,scientific_f4_m3,-13.200888311688313,128,0,False,False,,,,,,,,,,,
margin,UTEP,scientific_f4_m3,-17.033059523809523,129,0,False,False,,,,,,,,,,,
margin,Northern Illinois,scientific_f4_m3,-17.932380952380953,130,0,False,False,,,,,,,,,,,
margin,Eastern Michigan,scientific_f4_m3,-18.149057936507944,131,0,False,False,,,,,,,,,,,
margin,Charlotte,scientific_f4_m3,-18.978839826839824,132,0,False,False,,,,,,,,,,,
margin,Ball State,scientific_f4_m3,-19.343571572871568,133,0,False,False,,,,,,,,,,,
margin,Buffalo,scientific_f4_m3,-19.66579971139971,134,0,False,False,,,,,,,,,,,
margin,Western Kentucky,scientific_f4_m3,-19.691943217893233,135,0,False,False,,,,,,,,,,,
margin,UL Monroe,scientific_f4_m3,-20.77190555555553,136,0,False,False,,,,,,,,,,,
margin,Bowling Green,scientific_f4_m3,-22.062177849927856,137,0,False,False,,,,,,,,,,,
margin,Kent State,scientific_f4_m3,-23.732024747474753,138,0,False,False,,,,,,,,,,,
margin,Ohio State,scientific_f4_m4,36.17550633714991,1,25,True,True,,,,,,,,,,,
margin,Georgia,scientific_f4_m4,35.566230669868595,2,24,True,False,,,,,,,,,,,
margin,Miami,scientific_f4_m4,27.404540574243658,3,23,True,False,,,,,,,,,,,
margin,Kansas State,scientific_f4_m4,27.126306678308246,4,22,True,False,,,,,,,,,,,
margin,Iowa,scientific_f4_m4,25.980055401552516,5,21,True,False,,,,,,,,,,,
margin,Indiana,scientific_f4_m4,25.406291343158024,6,20,True,False,,,,,,,,,,,
margin,Utah,scientific_f4_m4,24.981620802531122,7,19,True,False,,,,,,,,,,,
margin,Tennessee,scientific_f4_m4,24.547018941080353,8,18,True,False,,,,,,,,,,,
margin,Notre Dame,scientific_f4_m4,23.672581659119306,9,17,True,False,,,,,,,,,,,
margin,Oregon,scientific_f4_m4,23.660541914155186,10,16,True,False,,,,,,,,,,,
margin,Texas,scientific_f4_m4,23.083607877056583,11,15,True,False,,,,,,,,,,,
margin,Florida,scientific_f4_m4,22.513427374678876,12,14,True,False,,,,,,,,,,,
margin,Penn State,scientific_f4_m4,22.311776096055002,13,13,True,False,,,,,,,,,,,
margin,Alabama,scientific_f4_m4,21.627742773691626,14,12,True,False,,,,,,,,,,,
margin,LSU,scientific_f4_m4,21.476965820666955,15,11,True,False,,,,,,,,,,,
margin,Texas A&M,scientific_f4_m4,19.662125678624164,16,10,True,False,,,,,,,,,,,
margin,USC,scientific_f4_m4,17.736549763614576,17,9,True,False,,,,,,,,,,,
margin,Ole Miss,scientific_f4_m4,17.466197733797017,18,8,True,False,,,,,,,,,,,
margin,Louisville,scientific_f4_m4,17.330532844358373,19,7,True,False,,,,,,,,,,,
margin,Illinois,scientific_f4_m4,16.851194396243784,20,6,True,False,,,,,,,,,,,
margin,Michigan,scientific_f4_m4,16.72350985420437,21,5,True,False,,,,,,,,,,,
margin,Nebraska,scientific_f4_m4,16.54842458641281,22,4,True,False,,,,,,,,,,,
margin,James Madison,scientific_f4_m4,16.547133616593566,23,3,True,False,,,,,,,,,,,
margin,South Carolina,scientific_f4_m4,16.30125910045073,24,2,True,False,,,,,,,,,,,
margin,Houston,scientific_f4_m4,16.171390820842724,25,1,True,False,,,,,,,,,,,
margin,BYU,scientific_f4_m4,15.554504762109463,26,0,False,False,,,,,,,,,,,
margin,SMU,scientific_f4_m4,15.386143469144493,27,0,False,False,,,,,,,,,,,
margin,Oklahoma,scientific_f4_m4,15.243476315894867,28,0,False,False,,,,,,,,,,,
margin,Boise State,scientific_f4_m4,14.345662349015377,29,0,False,False,,,,,,,,,,,
margin,Mississippi State,scientific_f4_m4,13.978354718660642,30,0,False,False,,,,,,,,,,,
margin,TCU,scientific_f4_m4,13.802460548453249,31,0,False,False,,,,,,,,,,,
margin,Missouri,scientific_f4_m4,13.338675792365166,32,0,False,False,,,,,,,,,,,
margin,UCLA,scientific_f4_m4,13.204211206415168,33,0,False,False,,,,,,,,,,,
margin,Washington,scientific_f4_m4,12.809964066030249,34,0,False,False,,,,,,,,,,,
margin,Iowa State,scientific_f4_m4,12.402429748055955,35,0,False,False,,,,,,,,,,,
margin,Virginia Tech,scientific_f4_m4,12.172201041819378,36,0,False,False,,,,,,,,,,,
margin,Northwestern,scientific_f4_m4,11.931844637870734,37,0,False,False,,,,,,,,,,,
margin,Virginia,scientific_f4_m4,11.72368705668228,38,0,False,False,,,,,,,,,,,
margin,Cincinnati,scientific_f4_m4,11.15687517164578,39,0,False,False,,,,,,,,,,,
margin,NC State,scientific_f4_m4,10.571083498010443,40,0,False,False,,,,,,,,,,,
margin,Arizona,scientific_f4_m4,10.459540956380748,41,0,False,False,,,,,,,,,,,
margin,West Virginia,scientific_f4_m4,9.68532514114816,42,0,False,False,,,,,,,,,,,
margin,Army,scientific_f4_m4,9.63966533798535,43,0,False,False,,,,,,,,,,,
margin,Wisconsin,scientific_f4_m4,9.020526095482294,44,0,False,False,,,,,,,,,,,
margin,Auburn,scientific_f4_m4,8.893559500416012,45,0,False,False,,,,,,,,,,,
margin,Texas Tech,scientific_f4_m4,8.811296579865187,46,0,False,False,,,,,,,,,,,
margin,Pittsburgh,scientific_f4_m4,8.791631425484802,47,0,False,False,,,,,,,,,,,
margin,UCF,scientific_f4_m4,8.51860094341279,48,0,False,False,,,,,,,,,,,
margin,Maryland,scientific_f4_m4,8.297816177266562,49,0,False,False,,,,,,,,,,,
margin,Baylor,scientific_f4_m4,8.108902584638425,50,0,False,False,,,,,,,,,,,
margin,South Florida,scientific_f4_m4,7.380421721329898,51,0,False,False,,,,,,,,,,,
margin,Minnesota,scientific_f4_m4,6.934482657514065,52,0,False,False,,,,,,,,,,,
margin,Oklahoma State,scientific_f4_m4,6.808313627359631,53,0,False,False,,,,,,,,,,,
margin,Duke,scientific_f4_m4,6.696066418665018,54,0,False,False,,,,,,,,,,,
margin,Arizona State,scientific_f4_m4,5.50248356701294,55,0,False,False,,,,,,,,,,,
margin,Kentucky,scientific_f4_m4,4.817881373896363,56,0,False,False,,,,,,,,,,,
margin,Vanderbilt,scientific_f4_m4,3.8524587771460914,57,0,False,False,,,,,,,,,,,
margin,Clemson,scientific_f4_m4,3.3797305150839807,58,0,False,False,,,,,,,,,,,
margin,New Mexico,scientific_f4_m4,3.2714167090733364,59,0,False,False,,,,,,,,,,,
margin,Florida State,scientific_f4_m4,2.9390179499088314,60,0,False,False,,,,,,,,,,,
margin,South Alabama,scientific_f4_m4,2.7538420864156166,61,0,False,False,,,,,,,,,,,
margin,Memphis,scientific_f4_m4,2.2522239116322242,62,0,False,False,,,,,,,,,,,
margin,Michigan State,scientific_f4_m4,2.137116729732792,63,0,False,False,,,,,,,,,,,
margin,Liberty,scientific_f4_m4,1.91115994102155,64,0,False,False,,,,,,,,,,,
margin,Kansas,scientific_f4_m4,1.8132495330276457,65,0,False,False,,,,,,,,,,,
margin,Syracuse,scientific_f4_m4,1.8025978654759183,66,0,False,False,,,,,,,,,,,
margin,Air Force,scientific_f4_m4,1.6431323861053981,67,0,False,False,,,,,,,,,,,
margin,Toledo,scientific_f4_m4,1.2150495644120893,68,0,False,False,,,,,,,,,,,
margin,UConn,scientific_f4_m4,1.0023053329182343,69,0,False,False,,,,,,,,,,,
margin,Delaware,scientific_f4_m4,0.9274699424648575,70,0,False,False,,,,,,,,,,,
margin,Colorado State,scientific_f4_m4,0.7858752328769496,71,0,False,False,,,,,,,,,,,
margin,Georgia Southern,scientific_f4_m4,0.6335943268370366,72,0,False,False,,,,,,,,,,,
margin,Washington State,scientific_f4_m4,0.3980358025333213,73,0,False,False,,,,,,,,,,,
margin,North Carolina,scientific_f4_m4,-0.09035594619727896,74,0,False,False,,,,,,,,,,,
margin,UTSA,scientific_f4_m4,-0.4041570330403906,75,0,False,False,,,,,,,,,,,
margin,North Dakota State,scientific_f4_m4,-0.5003808314684394,76,0,False,False,,,,,,,,,,,
margin,Georgia Tech,scientific_f4_m4,-0.595908926044206,77,0,False,False,,,,,,,,,,,
margin,Fresno State,scientific_f4_m4,-1.0314814021235352,78,0,False,False,,,,,,,,,,,
margin,Navy,scientific_f4_m4,-1.0693460525096787,79,0,False,False,,,,,,,,,,,
margin,California,scientific_f4_m4,-1.51116864032064,80,0,False,False,,,,,,,,,,,
margin,Louisiana,scientific_f4_m4,-1.6145162977354464,81,0,False,False,,,,,,,,,,,
margin,Sam Houston,scientific_f4_m4,-1.921207829909405,82,0,False,False,,,,,,,,,,,
margin,Jacksonville State,scientific_f4_m4,-1.9700475201639502,83,0,False,False,,,,,,,,,,,
margin,Wake Forest,scientific_f4_m4,-2.0810378782930936,84,0,False,False,,,,,,,,,,,
margin,New Mexico State,scientific_f4_m4,-2.6673152046571924,85,0,False,False,,,,,,,,,,,
margin,Georgia State,scientific_f4_m4,-3.381403862580221,86,0,False,False,,,,,,,,,,,
margin,Western Michigan,scientific_f4_m4,-3.416373997406077,87,0,False,False,,,,,,,,,,,
margin,Troy,scientific_f4_m4,-3.420117759823595,88,0,False,False,,,,,,,,,,,
margin,Old Dominion,scientific_f4_m4,-3.6331530793856843,89,0,False,False,,,,,,,,,,,
margin,Louisiana Tech,scientific_f4_m4,-4.109130071994114,90,0,False,False,,,,,,,,,,,
margin,App State,scientific_f4_m4,-4.124221233924018,91,0,False,False,,,,,,,,,,,
margin,Miami (OH),scientific_f4_m4,-4.1427879832127275,92,0,False,False,,,,,,,,,,,
margin,Colorado,scientific_f4_m4,-4.219495419459552,93,0,False,False,,,,,,,,,,,
margin,Tulsa,scientific_f4_m4,-4.5452023019370476,94,0,False,False,,,,,,,,,,,
margin,San Diego State,scientific_f4_m4,-4.56651656105301,95,0,False,False,,,,,,,,,,,
margin,Boston College,scientific_f4_m4,-4.716981251922335,96,0,False,False,,,,,,,,,,,
margin,Purdue,scientific_f4_m4,-5.075492697246893,97,0,False,False,,,,,,,,,,,
margin,Coastal Carolina,scientific_f4_m4,-5.560714102705316,98,0,False,False,,,,,,,,,,,
margin,Texas State,scientific_f4_m4,-5.929907885918689,99,0,False,False,,,,,,,,,,,
margin,Oregon State,scientific_f4_m4,-5.9704737197085676,100,0,False,False,,,,,,,,,,,
margin,Arkansas State,scientific_f4_m4,-6.4071787091054855,101,0,False,False,,,,,,,,,,,
margin,Tulane,scientific_f4_m4,-6.803747074684767,102,0,False,False,,,,,,,,,,,
margin,Southern Miss,scientific_f4_m4,-7.09379441792493,103,0,False,False,,,,,,,,,,,
margin,Central Michigan,scientific_f4_m4,-7.2632725918184375,104,0,False,False,,,,,,,,,,,
margin,Hawai'i,scientific_f4_m4,-7.3053561268940355,105,0,False,False,,,,,,,,,,,
margin,Middle Tennessee,scientific_f4_m4,-8.193026642963826,106,0,False,False,,,,,,,,,,,
margin,UNLV,scientific_f4_m4,-8.305454084371007,107,0,False,False,,,,,,,,,,,
margin,North Texas,scientific_f4_m4,-8.404604929137028,108,0,False,False,,,,,,,,,,,
margin,Missouri State,scientific_f4_m4,-8.696079346269055,109,0,False,False,,,,,,,,,,,
margin,Arkansas,scientific_f4_m4,-9.036227096555008,110,0,False,False,,,,,,,,,,,
margin,Ohio,scientific_f4_m4,-9.297792326963807,111,0,False,False,,,,,,,,,,,
margin,UAB,scientific_f4_m4,-9.469369047054158,112,0,False,False,,,,,,,,,,,
margin,East Carolina,scientific_f4_m4,-9.60400651884704,113,0,False,False,,,,,,,,,,,
margin,Kennesaw State,scientific_f4_m4,-9.625629485783918,114,0,False,False,,,,,,,,,,,
margin,Temple,scientific_f4_m4,-9.877820469521565,115,0,False,False,,,,,,,,,,,
margin,Akron,scientific_f4_m4,-10.521509975098851,116,0,False,False,,,,,,,,,,,
margin,Massachusetts,scientific_f4_m4,-10.90816970874666,117,0,False,False,,,,,,,,,,,
margin,Florida Atlantic,scientific_f4_m4,-11.107222169973149,118,0,False,False,,,,,,,,,,,
margin,Sacramento State,scientific_f4_m4,-12.125672314682246,119,0,False,False,,,,,,,,,,,
margin,San José State,scientific_f4_m4,-12.241711091081704,120,0,False,False,,,,,,,,,,,
margin,Florida International,scientific_f4_m4,-12.628153060370481,121,0,False,False,,,,,,,,,,,
margin,Rice,scientific_f4_m4,-13.010924328245057,122,0,False,False,,,,,,,,,,,
margin,Stanford,scientific_f4_m4,-13.102693808713232,123,0,False,False,,,,,,,,,,,
margin,Rutgers,scientific_f4_m4,-13.597685306610327,124,0,False,False,,,,,,,,,,,
margin,Nevada,scientific_f4_m4,-13.748504854001927,125,0,False,False,,,,,,,,,,,
margin,Utah State,scientific_f4_m4,-14.363287345287688,126,0,False,False,,,,,,,,,,,
margin,Marshall,scientific_f4_m4,-14.871171470888667,127,0,False,False,,,,,,,,,,,
margin,Western Kentucky,scientific_f4_m4,-16.32754758092982,128,0,False,False,,,,,,,,,,,
margin,Wyoming,scientific_f4_m4,-16.806908496787397,129,0,False,False,,,,,,,,,,,
margin,Ball State,scientific_f4_m4,-18.62521245717535,130,0,False,False,,,,,,,,,,,
margin,Northern Illinois,scientific_f4_m4,-18.783994637489606,131,0,False,False,,,,,,,,,,,
margin,Eastern Michigan,scientific_f4_m4,-19.11983903941889,132,0,False,False,,,,,,,,,,,
margin,UTEP,scientific_f4_m4,-19.422696696453837,133,0,False,False,,,,,,,,,,,
margin,Charlotte,scientific_f4_m4,-20.278058059053155,134,0,False,False,,,,,,,,,,,
margin,Buffalo,scientific_f4_m4,-21.25367224986503,135,0,False,False,,,,,,,,,,,
margin,Bowling Green,scientific_f4_m4,-21.695328592048895,136,0,False,False,,,,,,,,,,,
margin,UL Monroe,scientific_f4_m4,-25.35238610433995,137,0,False,False,,,,,,,,,,,
margin,Kent State,scientific_f4_m4,-25.68457077647578,138,0,False,False,,,,,,,,,,,
margin,Texas,scientific_f4_m5,40.024478912353516,1,25,True,True,,,,,,,,,,,
margin,Georgia,scientific_f4_m5,35.00531005859375,2,24,True,False,,,,,,,,,,,
margin,Kansas,scientific_f4_m5,28.850004196166992,3,23,True,False,,,,,,,,,,,
margin,Penn State,scientific_f4_m5,26.98639488220215,4,22,True,False,,,,,,,,,,,
margin,UCF,scientific_f4_m5,26.809885025024414,5,21,True,False,,,,,,,,,,,
margin,Iowa,scientific_f4_m5,26.345109939575195,6,20,True,False,,,,,,,,,,,
margin,Kansas State,scientific_f4_m5,25.691404342651367,7,19,True,False,,,,,,,,,,,
margin,Indiana,scientific_f4_m5,25.306520462036133,8,18,True,False,,,,,,,,,,,
margin,Oklahoma,scientific_f4_m5,24.061016082763672,9,17,True,False,,,,,,,,,,,
margin,James Madison,scientific_f4_m5,23.89994239807129,10,16,True,False,,,,,,,,,,,
margin,Maryland,scientific_f4_m5,22.20199966430664,11,15,True,False,,,,,,,,,,,
margin,Tennessee,scientific_f4_m5,22.189464569091797,12,14,True,False,,,,,,,,,,,
margin,LSU,scientific_f4_m5,21.623931884765625,13,13,True,False,,,,,,,,,,,
margin,Oregon,scientific_f4_m5,21.05611801147461,14,12,True,False,,,,,,,,,,,
margin,Michigan,scientific_f4_m5,21.05543327331543,15,11,True,False,,,,,,,,,,,
margin,Virginia Tech,scientific_f4_m5,19.867141723632812,16,10,True,False,,,,,,,,,,,
margin,Ohio State,scientific_f4_m5,17.56325340270996,17,9,True,False,,,,,,,,,,,
margin,Washington,scientific_f4_m5,16.855226516723633,18,8,True,False,,,,,,,,,,,
margin,Oklahoma State,scientific_f4_m5,15.837825775146484,19,7,True,False,,,,,,,,,,,
margin,USC,scientific_f4_m5,15.618961334228516,20,6,True,False,,,,,,,,,,,
margin,Notre Dame,scientific_f4_m5,15.56661319732666,21,5,True,False,,,,,,,,,,,
margin,Duke,scientific_f4_m5,15.524694442749023,22,4,True,False,,,,,,,,,,,
margin,Pittsburgh,scientific_f4_m5,15.286487579345703,23,3,True,False,,,,,,,,,,,
margin,Toledo,scientific_f4_m5,15.181617736816406,24,2,True,False,,,,,,,,,,,
margin,South Carolina,scientific_f4_m5,14.722829818725586,25,1,True,False,,,,,,,,,,,
margin,UCLA,scientific_f4_m5,14.11404037475586,26,0,False,False,,,,,,,,,,,
margin,Florida State,scientific_f4_m5,14.048568725585938,27,0,False,False,,,,,,,,,,,
margin,Utah,scientific_f4_m5,13.399450302124023,28,0,False,False,,,,,,,,,,,
margin,Navy,scientific_f4_m5,13.388742446899414,29,0,False,False,,,,,,,,,,,
margin,Northwestern,scientific_f4_m5,12.788825988769531,30,0,False,False,,,,,,,,,,,
margin,Georgia Southern,scientific_f4_m5,12.722809791564941,31,0,False,False,,,,,,,,,,,
margin,Michigan State,scientific_f4_m5,12.566367149353027,32,0,False,False,,,,,,,,,,,
margin,Louisiana,scientific_f4_m5,11.917302131652832,33,0,False,False,,,,,,,,,,,
margin,Ole Miss,scientific_f4_m5,11.807539939880371,34,0,False,False,,,,,,,,,,,
margin,Baylor,scientific_f4_m5,11.597175598144531,35,0,False,False,,,,,,,,,,,
margin,Kentucky,scientific_f4_m5,10.717435836791992,36,0,False,False,,,,,,,,,,,
margin,Arizona State,scientific_f4_m5,10.523567199707031,37,0,False,False,,,,,,,,,,,
margin,Illinois,scientific_f4_m5,9.22374153137207,38,0,False,False,,,,,,,,,,,
margin,Houston,scientific_f4_m5,9.174020767211914,39,0,False,False,,,,,,,,,,,
margin,North Carolina,scientific_f4_m5,8.307861328125,40,0,False,False,,,,,,,,,,,
margin,Syracuse,scientific_f4_m5,8.122591018676758,41,0,False,False,,,,,,,,,,,
margin,Purdue,scientific_f4_m5,7.872542858123779,42,0,False,False,,,,,,,,,,,
margin,Iowa State,scientific_f4_m5,7.870733737945557,43,0,False,False,,,,,,,,,,,
margin,Troy,scientific_f4_m5,7.803875923156738,44,0,False,False,,,,,,,,,,,
margin,Arkansas,scientific_f4_m5,7.1165080070495605,45,0,False,False,,,,,,,,,,,
margin,Alabama,scientific_f4_m5,7.022744655609131,46,0,False,False,,,,,,,,,,,
margin,BYU,scientific_f4_m5,6.815202236175537,47,0,False,False,,,,,,,,,,,
margin,Liberty,scientific_f4_m5,6.620996952056885,48,0,False,False,,,,,,,,,,,
margin,Colorado State,scientific_f4_m5,6.580916881561279,49,0,False,False,,,,,,,,,,,
margin,Miami,scientific_f4_m5,6.521789073944092,50,0,False,False,,,,,,,,,,,
margin,Mississippi State,scientific_f4_m5,6.375395774841309,51,0,False,False,,,,,,,,,,,
margin,Florida,scientific_f4_m5,6.0122761726379395,52,0,False,False,,,,,,,,,,,
margin,California,scientific_f4_m5,5.7699785232543945,53,0,False,False,,,,,,,,,,,
margin,New Mexico,scientific_f4_m5,5.197879314422607,54,0,False,False,,,,,,,,,,,
margin,Army,scientific_f4_m5,5.187916278839111,55,0,False,False,,,,,,,,,,,
margin,West Virginia,scientific_f4_m5,5.0884575843811035,56,0,False,False,,,,,,,,,,,
margin,Miami (OH),scientific_f4_m5,4.424231052398682,57,0,False,False,,,,,,,,,,,
margin,Texas A&M,scientific_f4_m5,4.170441150665283,58,0,False,False,,,,,,,,,,,
margin,Jacksonville State,scientific_f4_m5,3.77109956741333,59,0,False,False,,,,,,,,,,,
margin,Missouri,scientific_f4_m5,3.625586986541748,60,0,False,False,,,,,,,,,,,
margin,SMU,scientific_f4_m5,3.327601909637451,61,0,False,False,,,,,,,,,,,
margin,NC State,scientific_f4_m5,3.2991318702697754,62,0,False,False,,,,,,,,,,,
margin,Ohio,scientific_f4_m5,2.9011969566345215,63,0,False,False,,,,,,,,,,,
margin,TCU,scientific_f4_m5,2.8267788887023926,64,0,False,False,,,,,,,,,,,
margin,Air Force,scientific_f4_m5,2.3314642906188965,65,0,False,False,,,,,,,,,,,
margin,Boise State,scientific_f4_m5,2.311527729034424,66,0,False,False,,,,,,,,,,,
margin,South Florida,scientific_f4_m5,1.4951567649841309,67,0,False,False,,,,,,,,,,,
margin,Rice,scientific_f4_m5,1.3085145950317383,68,0,False,False,,,,,,,,,,,
margin,Memphis,scientific_f4_m5,1.1138343811035156,69,0,False,False,,,,,,,,,,,
margin,Hawai'i,scientific_f4_m5,0.9784260392189026,70,0,False,False,,,,,,,,,,,
margin,Florida International,scientific_f4_m5,0.8854714035987854,71,0,False,False,,,,,,,,,,,
margin,Arizona,scientific_f4_m5,0.7635423541069031,72,0,False,False,,,,,,,,,,,
margin,Coastal Carolina,scientific_f4_m5,0.6201186776161194,73,0,False,False,,,,,,,,,,,
margin,UConn,scientific_f4_m5,0.37519675493240356,74,0,False,False,,,,,,,,,,,
margin,Georgia Tech,scientific_f4_m5,-0.2215709090232849,75,0,False,False,,,,,,,,,,,
margin,UTSA,scientific_f4_m5,-0.5903839468955994,76,0,False,False,,,,,,,,,,,
margin,Missouri State,scientific_f4_m5,-0.7691077589988708,77,0,False,False,,,,,,,,,,,
margin,Washington State,scientific_f4_m5,-0.7787327170372009,78,0,False,False,,,,,,,,,,,
margin,Wisconsin,scientific_f4_m5,-0.9095723032951355,79,0,False,False,,,,,,,,,,,
margin,South Alabama,scientific_f4_m5,-1.4304165840148926,80,0,False,False,,,,,,,,,,,
margin,Wake Forest,scientific_f4_m5,-1.701805591583252,81,0,False,False,,,,,,,,,,,
margin,Minnesota,scientific_f4_m5,-1.896836280822754,82,0,False,False,,,,,,,,,,,
margin,Northern Illinois,scientific_f4_m5,-1.9120407104492188,83,0,False,False,,,,,,,,,,,
margin,Boston College,scientific_f4_m5,-1.9181146621704102,84,0,False,False,,,,,,,,,,,
margin,Auburn,scientific_f4_m5,-2.0068864822387695,85,0,False,False,,,,,,,,,,,
margin,Cincinnati,scientific_f4_m5,-2.153658866882324,86,0,False,False,,,,,,,,,,,
margin,North Dakota State,scientific_f4_m5,-2.8372278213500977,87,0,False,False,,,,,,,,,,,
margin,Old Dominion,scientific_f4_m5,-3.141899585723877,88,0,False,False,,,,,,,,,,,
margin,Stanford,scientific_f4_m5,-3.3755011558532715,89,0,False,False,,,,,,,,,,,
margin,Nebraska,scientific_f4_m5,-3.812948703765869,90,0,False,False,,,,,,,,,,,
margin,Southern Miss,scientific_f4_m5,-4.397154331207275,91,0,False,False,,,,,,,,,,,
margin,Florida Atlantic,scientific_f4_m5,-5.538404941558838,92,0,False,False,,,,,,,,,,,
margin,UNLV,scientific_f4_m5,-5.8284196853637695,93,0,False,False,,,,,,,,,,,
margin,San José State,scientific_f4_m5,-6.107728004455566,94,0,False,False,,,,,,,,,,,
margin,San Diego State,scientific_f4_m5,-6.167994499206543,95,0,False,False,,,,,,,,,,,
margin,Western Michigan,scientific_f4_m5,-6.1708245277404785,96,0,False,False,,,,,,,,,,,
margin,Tulane,scientific_f4_m5,-6.784794330596924,97,0,False,False,,,,,,,,,,,
margin,Akron,scientific_f4_m5,-7.31276273727417,98,0,False,False,,,,,,,,,,,
margin,Georgia State,scientific_f4_m5,-8.050909042358398,99,0,False,False,,,,,,,,,,,
margin,Louisiana Tech,scientific_f4_m5,-8.395011901855469,100,0,False,False,,,,,,,,,,,
margin,Central Michigan,scientific_f4_m5,-8.769613265991211,101,0,False,False,,,,,,,,,,,
margin,App State,scientific_f4_m5,-9.008710861206055,102,0,False,False,,,,,,,,,,,
margin,Kennesaw State,scientific_f4_m5,-9.067378997802734,103,0,False,False,,,,,,,,,,,
margin,Louisville,scientific_f4_m5,-9.835744857788086,104,0,False,False,,,,,,,,,,,
margin,Virginia,scientific_f4_m5,-9.918474197387695,105,0,False,False,,,,,,,,,,,
margin,Oregon State,scientific_f4_m5,-10.60782241821289,106,0,False,False,,,,,,,,,,,
margin,Clemson,scientific_f4_m5,-10.767781257629395,107,0,False,False,,,,,,,,,,,
margin,Tulsa,scientific_f4_m5,-10.791114807128906,108,0,False,False,,,,,,,,,,,
margin,East Carolina,scientific_f4_m5,-11.021100997924805,109,0,False,False,,,,,,,,,,,
margin,New Mexico State,scientific_f4_m5,-11.157571792602539,110,0,False,False,,,,,,,,,,,
margin,Vanderbilt,scientific_f4_m5,-11.786089897155762,111,0,False,False,,,,,,,,,,,
margin,Charlotte,scientific_f4_m5,-11.901978492736816,112,0,False,False,,,,,,,,,,,
margin,Texas State,scientific_f4_m5,-12.075939178466797,113,0,False,False,,,,,,,,,,,
margin,Wyoming,scientific_f4_m5,-12.698280334472656,114,0,False,False,,,,,,,,,,,
margin,Sacramento State,scientific_f4_m5,-13.6652250289917,115,0,False,False,,,,,,,,,,,
margin,Temple,scientific_f4_m5,-14.272483825683594,116,0,False,False,,,,,,,,,,,
margin,Colorado,scientific_f4_m5,-15.174741744995117,117,0,False,False,,,,,,,,,,,
margin,Eastern Michigan,scientific_f4_m5,-15.33161735534668,118,0,False,False,,,,,,,,,,,
margin,Middle Tennessee,scientific_f4_m5,-15.539972305297852,119,0,False,False,,,,,,,,,,,
margin,Texas Tech,scientific_f4_m5,-16.62856101989746,120,0,False,False,,,,,,,,,,,
margin,Delaware,scientific_f4_m5,-17.926101684570312,121,0,False,False,,,,,,,,,,,
margin,Western Kentucky,scientific_f4_m5,-18.113737106323242,122,0,False,False,,,,,,,,,,,
margin,Utah State,scientific_f4_m5,-19.958635330200195,123,0,False,False,,,,,,,,,,,
margin,Massachusetts,scientific_f4_m5,-20.289438247680664,124,0,False,False,,,,,,,,,,,
margin,Fresno State,scientific_f4_m5,-20.527442932128906,125,0,False,False,,,,,,,,,,,
margin,Buffalo,scientific_f4_m5,-20.824243545532227,126,0,False,False,,,,,,,,,,,
margin,UTEP,scientific_f4_m5,-22.134531021118164,127,0,False,False,,,,,,,,,,,
margin,Marshall,scientific_f4_m5,-22.21817970275879,128,0,False,False,,,,,,,,,,,
margin,Nevada,scientific_f4_m5,-23.309616088867188,129,0,False,False,,,,,,,,,,,
margin,Sam Houston,scientific_f4_m5,-23.66598892211914,130,0,False,False,,,,,,,,,,,
margin,Rutgers,scientific_f4_m5,-24.967992782592773,131,0,False,False,,,,,,,,,,,
margin,North Texas,scientific_f4_m5,-26.180700302124023,132,0,False,False,,,,,,,,,,,
margin,UL Monroe,scientific_f4_m5,-28.509586334228516,133,0,False,False,,,,,,,,,,,
margin,Bowling Green,scientific_f4_m5,-28.706680297851562,134,0,False,False,,,,,,,,,,,
margin,Kent State,scientific_f4_m5,-29.28380584716797,135,0,False,False,,,,,,,,,,,
margin,Arkansas State,scientific_f4_m5,-29.858169555664062,136,0,False,False,,,,,,,,,,,
margin,Ball State,scientific_f4_m5,-32.72479248046875,137,0,False,False,,,,,,,,,,,
margin,UAB,scientific_f4_m5,-43.59654235839844,138,0,False,False,,,,,,,,,,,
margin,Oregon,scientific_f4_m10,28.61042699717839,1,25,True,True,,,,,,,,,,,
margin,Georgia,scientific_f4_m10,28.06484879058776,2,24,True,False,,,,,,,,,,,
margin,LSU,scientific_f4_m10,26.65557887505974,3,23,True,False,,,,,,,,,,,
margin,Kansas State,scientific_f4_m10,25.99550010561165,4,22,True,False,,,,,,,,,,,
margin,Miami,scientific_f4_m10,25.88399461681449,5,21,True,False,,,,,,,,,,,
margin,Alabama,scientific_f4_m10,25.235711246060365,6,20,True,False,,,,,,,,,,,
margin,Clemson,scientific_f4_m10,24.666502087102547,7,19,True,False,,,,,,,,,,,
margin,Michigan,scientific_f4_m10,24.60062551217948,8,18,True,False,,,,,,,,,,,
margin,Virginia Tech,scientific_f4_m10,23.572286130216987,9,17,True,False,,,,,,,,,,,
margin,James Madison,scientific_f4_m10,23.30950364266396,10,16,True,False,,,,,,,,,,,
margin,Utah,scientific_f4_m10,22.661288948227995,11,15,True,False,,,,,,,,,,,
margin,Tennessee,scientific_f4_m10,21.774879131863784,12,14,True,False,,,,,,,,,,,
margin,TCU,scientific_f4_m10,21.754902025549033,13,13,True,False,,,,,,,,,,,
margin,Ohio State,scientific_f4_m10,21.62911453512375,14,12,True,False,,,,,,,,,,,
margin,Iowa,scientific_f4_m10,20.715060401028854,15,11,True,False,,,,,,,,,,,
margin,Indiana,scientific_f4_m10,20.15932430235787,16,10,True,False,,,,,,,,,,,
margin,Mississippi State,scientific_f4_m10,19.810026248838195,17,9,True,False,,,,,,,,,,,
margin,Washington,scientific_f4_m10,18.917374271274934,18,8,True,False,,,,,,,,,,,
margin,SMU,scientific_f4_m10,18.865696388446167,19,7,True,False,,,,,,,,,,,
margin,Army,scientific_f4_m10,18.60236793640225,20,6,True,False,,,,,,,,,,,
margin,Houston,scientific_f4_m10,17.98179947618065,21,5,True,False,,,,,,,,,,,
margin,Nebraska,scientific_f4_m10,17.86812721011751,22,4,True,False,,,,,,,,,,,
margin,Penn State,scientific_f4_m10,17.374134821841945,23,3,True,False,,,,,,,,,,,
margin,Wisconsin,scientific_f4_m10,16.792127953193344,24,2,True,False,,,,,,,,,,,
margin,Oklahoma State,scientific_f4_m10,16.351077146913553,25,1,True,False,,,,,,,,,,,
margin,Virginia,scientific_f4_m10,15.871712791319306,26,0,False,False,,,,,,,,,,,
margin,Notre Dame,scientific_f4_m10,15.404134609892608,27,0,False,False,,,,,,,,,,,
margin,Louisville,scientific_f4_m10,15.01869769540835,28,0,False,False,,,,,,,,,,,
margin,BYU,scientific_f4_m10,14.452648615238076,29,0,False,False,,,,,,,,,,,
margin,South Carolina,scientific_f4_m10,14.294366968245967,30,0,False,False,,,,,,,,,,,
margin,Texas A&M,scientific_f4_m10,14.265995978955877,31,0,False,False,,,,,,,,,,,
margin,NC State,scientific_f4_m10,14.121106989311704,32,0,False,False,,,,,,,,,,,
margin,Missouri,scientific_f4_m10,13.876949032856885,33,0,False,False,,,,,,,,,,,
margin,Texas,scientific_f4_m10,13.407222053054303,34,0,False,False,,,,,,,,,,,
margin,Colorado State,scientific_f4_m10,12.620222443635805,35,0,False,False,,,,,,,,,,,
margin,Illinois,scientific_f4_m10,12.09734929000885,36,0,False,False,,,,,,,,,,,
margin,USC,scientific_f4_m10,11.58310379036783,37,0,False,False,,,,,,,,,,,
margin,Ole Miss,scientific_f4_m10,11.021239888069706,38,0,False,False,,,,,,,,,,,
margin,South Florida,scientific_f4_m10,10.791022916143302,39,0,False,False,,,,,,,,,,,
margin,New Mexico,scientific_f4_m10,10.477541976019102,40,0,False,False,,,,,,,,,,,
margin,Duke,scientific_f4_m10,10.41356449356034,41,0,False,False,,,,,,,,,,,
margin,Pittsburgh,scientific_f4_m10,10.247324121949092,42,0,False,False,,,,,,,,,,,
margin,Air Force,scientific_f4_m10,9.926048896013931,43,0,False,False,,,,,,,,,,,
margin,Minnesota,scientific_f4_m10,8.819037416000524,44,0,False,False,,,,,,,,,,,
margin,Boise State,scientific_f4_m10,8.737093790189492,45,0,False,False,,,,,,,,,,,
margin,UCLA,scientific_f4_m10,8.571795879785508,46,0,False,False,,,,,,,,,,,
margin,West Virginia,scientific_f4_m10,8.167007598120453,47,0,False,False,,,,,,,,,,,
margin,Texas Tech,scientific_f4_m10,7.595968488594072,48,0,False,False,,,,,,,,,,,
margin,Georgia Southern,scientific_f4_m10,6.354016102719537,49,0,False,False,,,,,,,,,,,
margin,Kentucky,scientific_f4_m10,6.333732135132952,50,0,False,False,,,,,,,,,,,
margin,California,scientific_f4_m10,6.2347026650614,51,0,False,False,,,,,,,,,,,
margin,Massachusetts,scientific_f4_m10,5.738840786366928,52,0,False,False,,,,,,,,,,,
margin,Kansas,scientific_f4_m10,5.706113711476489,53,0,False,False,,,,,,,,,,,
margin,Northwestern,scientific_f4_m10,5.684566416851947,54,0,False,False,,,,,,,,,,,
margin,UConn,scientific_f4_m10,5.525298349158974,55,0,False,False,,,,,,,,,,,
margin,Liberty,scientific_f4_m10,5.454324414572041,56,0,False,False,,,,,,,,,,,
margin,Michigan State,scientific_f4_m10,5.132553202339652,57,0,False,False,,,,,,,,,,,
margin,North Carolina,scientific_f4_m10,4.964230778761827,58,0,False,False,,,,,,,,,,,
margin,Florida,scientific_f4_m10,4.7851667108606,59,0,False,False,,,,,,,,,,,
margin,Toledo,scientific_f4_m10,4.7778821220565995,60,0,False,False,,,,,,,,,,,
margin,UAB,scientific_f4_m10,4.754408061933585,61,0,False,False,,,,,,,,,,,
margin,App State,scientific_f4_m10,4.178222334956039,62,0,False,False,,,,,,,,,,,
margin,Florida International,scientific_f4_m10,4.057782857297833,63,0,False,False,,,,,,,,,,,
margin,Sam Houston,scientific_f4_m10,3.9577056326198505,64,0,False,False,,,,,,,,,,,
margin,Arizona,scientific_f4_m10,3.7215392692810907,65,0,False,False,,,,,,,,,,,
margin,Tulsa,scientific_f4_m10,3.672562135191094,66,0,False,False,,,,,,,,,,,
margin,Oklahoma,scientific_f4_m10,3.507373200153191,67,0,False,False,,,,,,,,,,,
margin,Boston College,scientific_f4_m10,3.1678094869921356,68,0,False,False,,,,,,,,,,,
margin,Iowa State,scientific_f4_m10,3.1151401989316154,69,0,False,False,,,,,,,,,,,
margin,Wake Forest,scientific_f4_m10,3.1151264049553014,70,0,False,False,,,,,,,,,,,
margin,Maryland,scientific_f4_m10,3.079145732013434,71,0,False,False,,,,,,,,,,,
margin,Baylor,scientific_f4_m10,2.825227106740237,72,0,False,False,,,,,,,,,,,
margin,UTSA,scientific_f4_m10,2.784028009363392,73,0,False,False,,,,,,,,,,,
margin,Arizona State,scientific_f4_m10,2.4806482385338398,74,0,False,False,,,,,,,,,,,
margin,Delaware,scientific_f4_m10,2.1852048867918263,75,0,False,False,,,,,,,,,,,
margin,Hawai'i,scientific_f4_m10,1.9471059957714223,76,0,False,False,,,,,,,,,,,
margin,Miami (OH),scientific_f4_m10,1.6814371580751064,77,0,False,False,,,,,,,,,,,
margin,Oregon State,scientific_f4_m10,1.1934918768873086,78,0,False,False,,,,,,,,,,,
margin,Ohio,scientific_f4_m10,0.8828057851167633,79,0,False,False,,,,,,,,,,,
margin,Syracuse,scientific_f4_m10,0.7484758472252189,80,0,False,False,,,,,,,,,,,
margin,Navy,scientific_f4_m10,0.7103416262693854,81,0,False,False,,,,,,,,,,,
margin,Troy,scientific_f4_m10,0.558279289644968,82,0,False,False,,,,,,,,,,,
margin,Akron,scientific_f4_m10,0.45832068155931066,83,0,False,False,,,,,,,,,,,
margin,Auburn,scientific_f4_m10,0.40533866354317344,84,0,False,False,,,,,,,,,,,
margin,Washington State,scientific_f4_m10,0.22772927408173083,85,0,False,False,,,,,,,,,,,
margin,Vanderbilt,scientific_f4_m10,0.10670751394360904,86,0,False,False,,,,,,,,,,,
margin,Rutgers,scientific_f4_m10,-0.06068586781307819,87,0,False,False,,,,,,,,,,,
margin,Texas State,scientific_f4_m10,-0.17085225345003738,88,0,False,False,,,,,,,,,,,
margin,UCF,scientific_f4_m10,-0.5412079624570738,89,0,False,False,,,,,,,,,,,
margin,Georgia State,scientific_f4_m10,-0.5987887448974859,90,0,False,False,,,,,,,,,,,
margin,South Alabama,scientific_f4_m10,-0.653402234887237,91,0,False,False,,,,,,,,,,,
margin,Florida Atlantic,scientific_f4_m10,-0.6984526280311586,92,0,False,False,,,,,,,,,,,
margin,Rice,scientific_f4_m10,-1.0449820549096849,93,0,False,False,,,,,,,,,,,
margin,Georgia Tech,scientific_f4_m10,-1.423647923414699,94,0,False,False,,,,,,,,,,,
margin,New Mexico State,scientific_f4_m10,-1.4945288832117354,95,0,False,False,,,,,,,,,,,
margin,Jacksonville State,scientific_f4_m10,-1.9404465493365368,96,0,False,False,,,,,,,,,,,
margin,Cincinnati,scientific_f4_m10,-2.033794756450314,97,0,False,False,,,,,,,,,,,
margin,Louisiana,scientific_f4_m10,-2.339318041381125,98,0,False,False,,,,,,,,,,,
margin,Fresno State,scientific_f4_m10,-2.6044524756066836,99,0,False,False,,,,,,,,,,,
margin,Southern Miss,scientific_f4_m10,-2.6548070745468317,100,0,False,False,,,,,,,,,,,
margin,Coastal Carolina,scientific_f4_m10,-2.7793386167539973,101,0,False,False,,,,,,,,,,,
margin,East Carolina,scientific_f4_m10,-3.9679509532606696,102,0,False,False,,,,,,,,,,,
margin,San José State,scientific_f4_m10,-4.52058296012213,103,0,False,False,,,,,,,,,,,
margin,Middle Tennessee,scientific_f4_m10,-4.541127989844608,104,0,False,False,,,,,,,,,,,
margin,Stanford,scientific_f4_m10,-4.64718012070805,105,0,False,False,,,,,,,,,,,
margin,Marshall,scientific_f4_m10,-4.8619387665103595,106,0,False,False,,,,,,,,,,,
margin,Louisiana Tech,scientific_f4_m10,-4.891243018759922,107,0,False,False,,,,,,,,,,,
margin,Kennesaw State,scientific_f4_m10,-4.998507025107418,108,0,False,False,,,,,,,,,,,
margin,Colorado,scientific_f4_m10,-5.398766722566656,109,0,False,False,,,,,,,,,,,
margin,Nevada,scientific_f4_m10,-6.526866395072612,110,0,False,False,,,,,,,,,,,
margin,Missouri State,scientific_f4_m10,-6.829431096371604,111,0,False,False,,,,,,,,,,,
margin,Memphis,scientific_f4_m10,-6.829697509560377,112,0,False,False,,,,,,,,,,,
margin,Purdue,scientific_f4_m10,-6.832590382202193,113,0,False,False,,,,,,,,,,,
margin,Arkansas,scientific_f4_m10,-7.472925253806213,114,0,False,False,,,,,,,,,,,
margin,UNLV,scientific_f4_m10,-7.508305714284269,115,0,False,False,,,,,,,,,,,
margin,Charlotte,scientific_f4_m10,-7.693795316186683,116,0,False,False,,,,,,,,,,,
margin,Temple,scientific_f4_m10,-8.387914515418755,117,0,False,False,,,,,,,,,,,
margin,Florida State,scientific_f4_m10,-8.412526087950342,118,0,False,False,,,,,,,,,,,
margin,Wyoming,scientific_f4_m10,-8.448682486675231,119,0,False,False,,,,,,,,,,,
margin,Sacramento State,scientific_f4_m10,-8.525782286766251,120,0,False,False,,,,,,,,,,,
margin,Old Dominion,scientific_f4_m10,-9.21423408630469,121,0,False,False,,,,,,,,,,,
margin,Central Michigan,scientific_f4_m10,-9.431224681174209,122,0,False,False,,,,,,,,,,,
margin,North Texas,scientific_f4_m10,-11.334426069037395,123,0,False,False,,,,,,,,,,,
margin,San Diego State,scientific_f4_m10,-11.658375371088493,124,0,False,False,,,,,,,,,,,
margin,Arkansas State,scientific_f4_m10,-11.756337806119443,125,0,False,False,,,,,,,,,,,
margin,Utah State,scientific_f4_m10,-12.243193926696813,126,0,False,False,,,,,,,,,,,
margin,North Dakota State,scientific_f4_m10,-12.282539831813839,127,0,False,False,,,,,,,,,,,
margin,Western Michigan,scientific_f4_m10,-13.000305528552511,128,0,False,False,,,,,,,,,,,
margin,Tulane,scientific_f4_m10,-15.165039410983912,129,0,False,False,,,,,,,,,,,
margin,UL Monroe,scientific_f4_m10,-17.64143201421198,130,0,False,False,,,,,,,,,,,
margin,Northern Illinois,scientific_f4_m10,-18.58841757531815,131,0,False,False,,,,,,,,,,,
margin,Buffalo,scientific_f4_m10,-19.048322861623873,132,0,False,False,,,,,,,,,,,
margin,Ball State,scientific_f4_m10,-19.888972864266638,133,0,False,False,,,,,,,,,,,
margin,Eastern Michigan,scientific_f4_m10,-20.5369513226238,134,0,False,False,,,,,,,,,,,
margin,Kent State,scientific_f4_m10,-23.16989652531657,135,0,False,False,,,,,,,,,,,
margin,UTEP,scientific_f4_m10,-23.211411589974077,136,0,False,False,,,,,,,,,,,
margin,Bowling Green,scientific_f4_m10,-25.243473100384815,137,0,False,False,,,,,,,,,,,
margin,Western Kentucky,scientific_f4_m10,-28.11684435645422,138,0,False,False,,,,,,,,,,,
margin,Georgia,scientific_f5_m1,37.22433234124985,1,25,True,True,,,,,,,,,,,
margin,Ohio State,scientific_f5_m1,34.51950929629771,2,24,True,False,,,,,,,,,,,
margin,Texas,scientific_f5_m1,29.850870228587823,3,23,True,False,,,,,,,,,,,
margin,Oregon,scientific_f5_m1,28.977139024576715,4,22,True,False,,,,,,,,,,,
margin,Tennessee,scientific_f5_m1,27.822989077907067,5,21,True,False,,,,,,,,,,,
margin,Alabama,scientific_f5_m1,26.690058059188033,6,20,True,False,,,,,,,,,,,
margin,Oklahoma,scientific_f5_m1,25.046001065919647,7,19,True,False,,,,,,,,,,,
margin,Indiana,scientific_f5_m1,24.067514256329652,8,18,True,False,,,,,,,,,,,
margin,Notre Dame,scientific_f5_m1,23.654527128591255,9,17,True,False,,,,,,,,,,,
margin,LSU,scientific_f5_m1,22.016030071360397,10,16,True,False,,,,,,,,,,,
margin,Texas A&M,scientific_f5_m1,21.284520618174582,11,15,True,False,,,,,,,,,,,
margin,Michigan,scientific_f5_m1,21.080934049737536,12,14,True,False,,,,,,,,,,,
margin,Kansas State,scientific_f5_m1,20.891303517378688,13,13,True,False,,,,,,,,,,,
margin,Utah,scientific_f5_m1,20.785233067792092,14,12,True,False,,,,,,,,,,,
margin,Florida,scientific_f5_m1,20.66053176503604,15,11,True,False,,,,,,,,,,,
margin,Ole Miss,scientific_f5_m1,20.153251046967405,16,10,True,False,,,,,,,,,,,
margin,USC,scientific_f5_m1,19.982140077304564,17,9,True,False,,,,,,,,,,,
margin,Iowa,scientific_f5_m1,19.825524638023346,18,8,True,False,,,,,,,,,,,
margin,Miami,scientific_f5_m1,19.39482075045796,19,7,True,False,,,,,,,,,,,
margin,South Carolina,scientific_f5_m1,18.57510136956532,20,6,True,False,,,,,,,,,,,
margin,BYU,scientific_f5_m1,17.830563549115336,21,5,True,False,,,,,,,,,,,
margin,Penn State,scientific_f5_m1,17.296236161939255,22,4,True,False,,,,,,,,,,,
margin,Missouri,scientific_f5_m1,16.54228969141119,23,3,True,False,,,,,,,,,,,
margin,Illinois,scientific_f5_m1,16.541470046814048,24,2,True,False,,,,,,,,,,,
margin,Mississippi State,scientific_f5_m1,16.178057756761326,25,1,True,False,,,,,,,,,,,
margin,Virginia Tech,scientific_f5_m1,15.093894402535014,26,0,False,False,,,,,,,,,,,
margin,Washington,scientific_f5_m1,14.416462817452047,27,0,False,False,,,,,,,,,,,
margin,Nebraska,scientific_f5_m1,13.858183664243503,28,0,False,False,,,,,,,,,,,
margin,Louisville,scientific_f5_m1,13.157907498796837,29,0,False,False,,,,,,,,,,,
margin,Texas Tech,scientific_f5_m1,12.800592430772351,30,0,False,False,,,,,,,,,,,
margin,James Madison,scientific_f5_m1,12.78128985748224,31,0,False,False,,,,,,,,,,,
margin,Northwestern,scientific_f5_m1,12.081257918927582,32,0,False,False,,,,,,,,,,,
margin,Iowa State,scientific_f5_m1,11.853839744877675,33,0,False,False,,,,,,,,,,,
margin,Minnesota,scientific_f5_m1,11.290640997958615,34,0,False,False,,,,,,,,,,,
margin,UCLA,scientific_f5_m1,10.936003479842018,35,0,False,False,,,,,,,,,,,
margin,Boise State,scientific_f5_m1,10.771719851159467,36,0,False,False,,,,,,,,,,,
margin,Houston,scientific_f5_m1,10.579072258944164,37,0,False,False,,,,,,,,,,,
margin,Baylor,scientific_f5_m1,10.519138377393858,38,0,False,False,,,,,,,,,,,
margin,SMU,scientific_f5_m1,10.40747684616149,39,0,False,False,,,,,,,,,,,
margin,Pittsburgh,scientific_f5_m1,9.935965551614746,40,0,False,False,,,,,,,,,,,
margin,TCU,scientific_f5_m1,9.550883118310992,41,0,False,False,,,,,,,,,,,
margin,Kentucky,scientific_f5_m1,8.605207855049798,42,0,False,False,,,,,,,,,,,
margin,Auburn,scientific_f5_m1,8.582433502646374,43,0,False,False,,,,,,,,,,,
margin,Wisconsin,scientific_f5_m1,8.420258187458936,44,0,False,False,,,,,,,,,,,
margin,Arizona,scientific_f5_m1,8.317561512257088,45,0,False,False,,,,,,,,,,,
margin,Clemson,scientific_f5_m1,8.049654851004068,46,0,False,False,,,,,,,,,,,
margin,Vanderbilt,scientific_f5_m1,7.97674140850044,47,0,False,False,,,,,,,,,,,
margin,Duke,scientific_f5_m1,7.888641848261258,48,0,False,False,,,,,,,,,,,
margin,Oklahoma State,scientific_f5_m1,7.652993578119407,49,0,False,False,,,,,,,,,,,
margin,Cincinnati,scientific_f5_m1,6.487194369376855,50,0,False,False,,,,,,,,,,,
margin,NC State,scientific_f5_m1,6.367766066333189,51,0,False,False,,,,,,,,,,,
margin,UCF,scientific_f5_m1,6.323357169217777,52,0,False,False,,,,,,,,,,,
margin,West Virginia,scientific_f5_m1,6.300744100780684,53,0,False,False,,,,,,,,,,,
margin,Georgia Tech,scientific_f5_m1,5.705725704315475,54,0,False,False,,,,,,,,,,,
margin,Virginia,scientific_f5_m1,5.690870222442804,55,0,False,False,,,,,,,,,,,
margin,North Carolina,scientific_f5_m1,5.512663384879715,56,0,False,False,,,,,,,,,,,
margin,North Dakota State,scientific_f5_m1,5.074374409164307,57,0,False,False,,,,,,,,,,,
margin,California,scientific_f5_m1,4.936411975102489,58,0,False,False,,,,,,,,,,,
margin,Arizona State,scientific_f5_m1,4.886258963867315,59,0,False,False,,,,,,,,,,,
margin,Syracuse,scientific_f5_m1,4.672797676416785,60,0,False,False,,,,,,,,,,,
margin,Maryland,scientific_f5_m1,4.540260739923658,61,0,False,False,,,,,,,,,,,
margin,South Florida,scientific_f5_m1,4.275703280299649,62,0,False,False,,,,,,,,,,,
margin,Purdue,scientific_f5_m1,4.1896914036523105,63,0,False,False,,,,,,,,,,,
margin,Wake Forest,scientific_f5_m1,3.978189956458301,64,0,False,False,,,,,,,,,,,
margin,New Mexico,scientific_f5_m1,3.806531651812854,65,0,False,False,,,,,,,,,,,
margin,Washington State,scientific_f5_m1,3.670842472987134,66,0,False,False,,,,,,,,,,,
margin,Michigan State,scientific_f5_m1,3.3005623225142457,67,0,False,False,,,,,,,,,,,
margin,Army,scientific_f5_m1,3.283203322056858,68,0,False,False,,,,,,,,,,,
margin,Kansas,scientific_f5_m1,2.7091177184195514,69,0,False,False,,,,,,,,,,,
margin,Memphis,scientific_f5_m1,2.4754705114206015,70,0,False,False,,,,,,,,,,,
margin,Florida State,scientific_f5_m1,2.3944838309043575,71,0,False,False,,,,,,,,,,,
margin,South Alabama,scientific_f5_m1,1.4324501392556055,72,0,False,False,,,,,,,,,,,
margin,UTSA,scientific_f5_m1,1.3635369131570623,73,0,False,False,,,,,,,,,,,
margin,Western Michigan,scientific_f5_m1,1.3626712802779601,74,0,False,False,,,,,,,,,,,
margin,Toledo,scientific_f5_m1,1.079432510080061,75,0,False,False,,,,,,,,,,,
margin,UConn,scientific_f5_m1,0.8542917206228102,76,0,False,False,,,,,,,,,,,
margin,Georgia Southern,scientific_f5_m1,0.7072470569153957,77,0,False,False,,,,,,,,,,,
margin,Jacksonville State,scientific_f5_m1,0.5215099185988583,78,0,False,False,,,,,,,,,,,
margin,App State,scientific_f5_m1,0.49659985174070265,79,0,False,False,,,,,,,,,,,
margin,Tulsa,scientific_f5_m1,-0.4193310980788665,80,0,False,False,,,,,,,,,,,
margin,Fresno State,scientific_f5_m1,-0.47536894270659413,81,0,False,False,,,,,,,,,,,
margin,Louisiana,scientific_f5_m1,-0.5991299816977307,82,0,False,False,,,,,,,,,,,
margin,Delaware,scientific_f5_m1,-0.6140285656551638,83,0,False,False,,,,,,,,,,,
margin,Liberty,scientific_f5_m1,-0.9532303756637761,84,0,False,False,,,,,,,,,,,
margin,Boston College,scientific_f5_m1,-1.5026178151111251,85,0,False,False,,,,,,,,,,,
margin,Colorado,scientific_f5_m1,-1.7240740366787737,86,0,False,False,,,,,,,,,,,
margin,Louisiana Tech,scientific_f5_m1,-1.84297840225614,87,0,False,False,,,,,,,,,,,
margin,Stanford,scientific_f5_m1,-1.9927460052022017,88,0,False,False,,,,,,,,,,,
margin,Texas State,scientific_f5_m1,-2.0123277882508397,89,0,False,False,,,,,,,,,,,
margin,Arkansas,scientific_f5_m1,-2.3988068959350004,90,0,False,False,,,,,,,,,,,
margin,Colorado State,scientific_f5_m1,-2.4096483962452826,91,0,False,False,,,,,,,,,,,
margin,San Diego State,scientific_f5_m1,-3.206077385056137,92,0,False,False,,,,,,,,,,,
margin,Old Dominion,scientific_f5_m1,-3.5589105306265,93,0,False,False,,,,,,,,,,,
margin,Air Force,scientific_f5_m1,-4.353488691187476,94,0,False,False,,,,,,,,,,,
margin,Temple,scientific_f5_m1,-4.456911187119479,95,0,False,False,,,,,,,,,,,
margin,Tulane,scientific_f5_m1,-4.600238363814711,96,0,False,False,,,,,,,,,,,
margin,East Carolina,scientific_f5_m1,-4.740181173507461,97,0,False,False,,,,,,,,,,,
margin,Oregon State,scientific_f5_m1,-4.9184147598315135,98,0,False,False,,,,,,,,,,,
margin,Ohio,scientific_f5_m1,-5.148713977503537,99,0,False,False,,,,,,,,,,,
margin,Sam Houston,scientific_f5_m1,-5.544066508770586,100,0,False,False,,,,,,,,,,,
margin,Georgia State,scientific_f5_m1,-5.6893052697624995,101,0,False,False,,,,,,,,,,,
margin,Coastal Carolina,scientific_f5_m1,-5.7187824386582164,102,0,False,False,,,,,,,,,,,
margin,Troy,scientific_f5_m1,-6.140537986738563,103,0,False,False,,,,,,,,,,,
margin,Central Michigan,scientific_f5_m1,-6.162420771268785,104,0,False,False,,,,,,,,,,,
margin,New Mexico State,scientific_f5_m1,-6.223519630324599,105,0,False,False,,,,,,,,,,,
margin,Miami (OH),scientific_f5_m1,-6.236073185417791,106,0,False,False,,,,,,,,,,,
margin,Arkansas State,scientific_f5_m1,-6.353338480518943,107,0,False,False,,,,,,,,,,,
margin,UAB,scientific_f5_m1,-6.615609370074726,108,0,False,False,,,,,,,,,,,
margin,Rutgers,scientific_f5_m1,-6.70198052700281,109,0,False,False,,,,,,,,,,,
margin,Southern Miss,scientific_f5_m1,-6.775931546888049,110,0,False,False,,,,,,,,,,,
margin,Navy,scientific_f5_m1,-7.564549784006925,111,0,False,False,,,,,,,,,,,
margin,UNLV,scientific_f5_m1,-7.588787748050709,112,0,False,False,,,,,,,,,,,
margin,Utah State,scientific_f5_m1,-7.929143347994549,113,0,False,False,,,,,,,,,,,
margin,Missouri State,scientific_f5_m1,-7.941483806969073,114,0,False,False,,,,,,,,,,,
margin,Florida International,scientific_f5_m1,-8.62093517550021,115,0,False,False,,,,,,,,,,,
margin,Hawai'i,scientific_f5_m1,-8.655420636104193,116,0,False,False,,,,,,,,,,,
margin,North Texas,scientific_f5_m1,-8.890988353467776,117,0,False,False,,,,,,,,,,,
margin,Florida Atlantic,scientific_f5_m1,-8.91523836308104,118,0,False,False,,,,,,,,,,,
margin,Middle Tennessee,scientific_f5_m1,-9.298691296656363,119,0,False,False,,,,,,,,,,,
margin,San José State,scientific_f5_m1,-9.568582496611658,120,0,False,False,,,,,,,,,,,
margin,Rice,scientific_f5_m1,-9.980436036352074,121,0,False,False,,,,,,,,,,,
margin,Akron,scientific_f5_m1,-10.16362631090545,122,0,False,False,,,,,,,,,,,
margin,Marshall,scientific_f5_m1,-10.269244819724143,123,0,False,False,,,,,,,,,,,
margin,Kennesaw State,scientific_f5_m1,-10.662851879757934,124,0,False,False,,,,,,,,,,,
margin,Nevada,scientific_f5_m1,-12.335381806678912,125,0,False,False,,,,,,,,,,,
margin,Massachusetts,scientific_f5_m1,-12.628219911957936,126,0,False,False,,,,,,,,,,,
margin,Western Kentucky,scientific_f5_m1,-13.44486982560399,127,0,False,False,,,,,,,,,,,
margin,Charlotte,scientific_f5_m1,-14.632478574150108,128,0,False,False,,,,,,,,,,,
margin,Wyoming,scientific_f5_m1,-15.08091279946075,129,0,False,False,,,,,,,,,,,
margin,Sacramento State,scientific_f5_m1,-15.229429804781661,130,0,False,False,,,,,,,,,,,
margin,Northern Illinois,scientific_f5_m1,-18.06270709085937,131,0,False,False,,,,,,,,,,,
margin,UTEP,scientific_f5_m1,-19.078574593206064,132,0,False,False,,,,,,,,,,,
margin,Buffalo,scientific_f5_m1,-19.276373999479198,133,0,False,False,,,,,,,,,,,
margin,Bowling Green,scientific_f5_m1,-19.28953784273009,134,0,False,False,,,,,,,,,,,
margin,Eastern Michigan,scientific_f5_m1,-20.321592328389237,135,0,False,False,,,,,,,,,,,
margin,UL Monroe,scientific_f5_m1,-21.292471140104702,136,0,False,False,,,,,,,,,,,
margin,Ball State,scientific_f5_m1,-22.969049975008858,137,0,False,False,,,,,,,,,,,
margin,Kent State,scientific_f5_m1,-24.249138652281175,138,0,False,False,,,,,,,,,,,
margin,Georgia,scientific_f5_m2,34.65090528892786,1,25,True,True,,,,,,,,,,,
margin,Ohio State,scientific_f5_m2,31.827789310357936,2,24,True,False,,,,,,,,,,,
margin,Tennessee,scientific_f5_m2,28.220504450293568,3,23,True,False,,,,,,,,,,,
margin,Oregon,scientific_f5_m2,27.593319340187875,4,22,True,False,,,,,,,,,,,
margin,Texas,scientific_f5_m2,27.162541507655952,5,21,True,False,,,,,,,,,,,
margin,Notre Dame,scientific_f5_m2,26.031868500737183,6,20,True,False,,,,,,,,,,,
margin,Alabama,scientific_f5_m2,25.68553787414453,7,19,True,False,,,,,,,,,,,
margin,Kansas State,scientific_f5_m2,24.49911570110828,8,18,True,False,,,,,,,,,,,
margin,Indiana,scientific_f5_m2,24.42545262067209,9,17,True,False,,,,,,,,,,,
margin,LSU,scientific_f5_m2,24.392960449071495,10,16,True,False,,,,,,,,,,,
margin,Utah,scientific_f5_m2,24.119803004460024,11,15,True,False,,,,,,,,,,,
margin,Iowa,scientific_f5_m2,23.31653527661077,12,14,True,False,,,,,,,,,,,
margin,Miami,scientific_f5_m2,23.03951655353263,13,13,True,False,,,,,,,,,,,
margin,Texas A&M,scientific_f5_m2,21.846666182089926,14,12,True,False,,,,,,,,,,,
margin,Florida,scientific_f5_m2,21.765901664343453,15,11,True,False,,,,,,,,,,,
margin,USC,scientific_f5_m2,21.44497409402595,16,10,True,False,,,,,,,,,,,
margin,Oklahoma,scientific_f5_m2,21.11019183090402,17,9,True,False,,,,,,,,,,,
margin,Penn State,scientific_f5_m2,20.974450463789033,18,8,True,False,,,,,,,,,,,
margin,Ole Miss,scientific_f5_m2,20.77614991824764,19,7,True,False,,,,,,,,,,,
margin,South Carolina,scientific_f5_m2,20.351806875055253,20,6,True,False,,,,,,,,,,,
margin,Michigan,scientific_f5_m2,20.22206630022842,21,5,True,False,,,,,,,,,,,
margin,Illinois,scientific_f5_m2,19.777212181759744,22,4,True,False,,,,,,,,,,,
margin,Mississippi State,scientific_f5_m2,19.416414716142214,23,3,True,False,,,,,,,,,,,
margin,Nebraska,scientific_f5_m2,18.101355823545674,24,2,True,False,,,,,,,,,,,
margin,Missouri,scientific_f5_m2,18.03605358347373,25,1,True,False,,,,,,,,,,,
margin,Louisville,scientific_f5_m2,17.718613691671642,26,0,False,False,,,,,,,,,,,
margin,Washington,scientific_f5_m2,16.360070686055266,27,0,False,False,,,,,,,,,,,
margin,Virginia Tech,scientific_f5_m2,15.91874460936633,28,0,False,False,,,,,,,,,,,
margin,BYU,scientific_f5_m2,15.686344136034618,29,0,False,False,,,,,,,,,,,
margin,James Madison,scientific_f5_m2,14.88508313732939,30,0,False,False,,,,,,,,,,,
margin,Houston,scientific_f5_m2,14.242038189323415,31,0,False,False,,,,,,,,,,,
margin,Texas Tech,scientific_f5_m2,13.94935588105967,32,0,False,False,,,,,,,,,,,
margin,Northwestern,scientific_f5_m2,13.264775636784755,33,0,False,False,,,,,,,,,,,
margin,SMU,scientific_f5_m2,13.130465368610462,34,0,False,False,,,,,,,,,,,
margin,UCLA,scientific_f5_m2,13.111076724965512,35,0,False,False,,,,,,,,,,,
margin,Iowa State,scientific_f5_m2,12.580021438850489,36,0,False,False,,,,,,,,,,,
margin,TCU,scientific_f5_m2,12.483946777923032,37,0,False,False,,,,,,,,,,,
margin,Minnesota,scientific_f5_m2,12.160012805314588,38,0,False,False,,,,,,,,,,,
margin,Pittsburgh,scientific_f5_m2,12.012862763893613,39,0,False,False,,,,,,,,,,,
margin,Boise State,scientific_f5_m2,11.652026391628343,40,0,False,False,,,,,,,,,,,
margin,Baylor,scientific_f5_m2,10.787601089072158,41,0,False,False,,,,,,,,,,,
margin,Wisconsin,scientific_f5_m2,10.337614509059327,42,0,False,False,,,,,,,,,,,
margin,Virginia,scientific_f5_m2,10.01743817383638,43,0,False,False,,,,,,,,,,,
margin,Maryland,scientific_f5_m2,9.707354110817345,44,0,False,False,,,,,,,,,,,
margin,Duke,scientific_f5_m2,9.675984338735192,45,0,False,False,,,,,,,,,,,
margin,Arizona,scientific_f5_m2,9.489673791947881,46,0,False,False,,,,,,,,,,,
margin,Cincinnati,scientific_f5_m2,9.018964856140707,47,0,False,False,,,,,,,,,,,
margin,Kentucky,scientific_f5_m2,8.788500504420352,48,0,False,False,,,,,,,,,,,
margin,West Virginia,scientific_f5_m2,8.602542861659455,49,0,False,False,,,,,,,,,,,
margin,UCF,scientific_f5_m2,8.273507484674855,50,0,False,False,,,,,,,,,,,
margin,Oklahoma State,scientific_f5_m2,8.248656814436647,51,0,False,False,,,,,,,,,,,
margin,Auburn,scientific_f5_m2,7.763596081511917,52,0,False,False,,,,,,,,,,,
margin,NC State,scientific_f5_m2,7.552759536403021,53,0,False,False,,,,,,,,,,,
margin,Vanderbilt,scientific_f5_m2,7.4130003707992245,54,0,False,False,,,,,,,,,,,
margin,Army,scientific_f5_m2,7.400855778758913,55,0,False,False,,,,,,,,,,,
margin,South Florida,scientific_f5_m2,5.939938555355926,56,0,False,False,,,,,,,,,,,
margin,New Mexico,scientific_f5_m2,5.223659903164518,57,0,False,False,,,,,,,,,,,
margin,Clemson,scientific_f5_m2,4.880695822443448,58,0,False,False,,,,,,,,,,,
margin,North Carolina,scientific_f5_m2,4.106786374378414,59,0,False,False,,,,,,,,,,,
margin,Wake Forest,scientific_f5_m2,4.013221870794093,60,0,False,False,,,,,,,,,,,
margin,Georgia Tech,scientific_f5_m2,3.6719843222500206,61,0,False,False,,,,,,,,,,,
margin,Michigan State,scientific_f5_m2,3.5054733296365437,62,0,False,False,,,,,,,,,,,
margin,Kansas,scientific_f5_m2,3.3921320975019706,63,0,False,False,,,,,,,,,,,
margin,Arizona State,scientific_f5_m2,3.238295362977057,64,0,False,False,,,,,,,,,,,
margin,Toledo,scientific_f5_m2,2.7490790796936166,65,0,False,False,,,,,,,,,,,
margin,Purdue,scientific_f5_m2,2.457793040781329,66,0,False,False,,,,,,,,,,,
margin,App State,scientific_f5_m2,2.0590693672322455,67,0,False,False,,,,,,,,,,,
margin,California,scientific_f5_m2,1.7515508533287243,68,0,False,False,,,,,,,,,,,
margin,Georgia Southern,scientific_f5_m2,1.690439703057523,69,0,False,False,,,,,,,,,,,
margin,UConn,scientific_f5_m2,1.5483322821827568,70,0,False,False,,,,,,,,,,,
margin,North Dakota State,scientific_f5_m2,1.5313351027593822,71,0,False,False,,,,,,,,,,,
margin,Florida State,scientific_f5_m2,1.4629074312153487,72,0,False,False,,,,,,,,,,,
margin,UTSA,scientific_f5_m2,1.2771797181889388,73,0,False,False,,,,,,,,,,,
margin,Syracuse,scientific_f5_m2,1.1935267981193807,74,0,False,False,,,,,,,,,,,
margin,Washington State,scientific_f5_m2,0.7062477346008619,75,0,False,False,,,,,,,,,,,
margin,South Alabama,scientific_f5_m2,0.6860832261914878,76,0,False,False,,,,,,,,,,,
margin,Memphis,scientific_f5_m2,0.5325481398049865,77,0,False,False,,,,,,,,,,,
margin,Colorado State,scientific_f5_m2,0.21282403855279552,78,0,False,False,,,,,,,,,,,
margin,Jacksonville State,scientific_f5_m2,-0.32709327915638564,79,0,False,False,,,,,,,,,,,
margin,Air Force,scientific_f5_m2,-0.7176831607761991,80,0,False,False,,,,,,,,,,,
margin,Western Michigan,scientific_f5_m2,-0.8690973341455519,81,0,False,False,,,,,,,,,,,
margin,Georgia State,scientific_f5_m2,-1.1933971444209166,82,0,False,False,,,,,,,,,,,
margin,Fresno State,scientific_f5_m2,-1.4444518411793585,83,0,False,False,,,,,,,,,,,
margin,Delaware,scientific_f5_m2,-1.706635859124169,84,0,False,False,,,,,,,,,,,
margin,Liberty,scientific_f5_m2,-1.8951081346357874,85,0,False,False,,,,,,,,,,,
margin,Louisiana,scientific_f5_m2,-2.687692093088067,86,0,False,False,,,,,,,,,,,
margin,Sam Houston,scientific_f5_m2,-2.7040218596866596,87,0,False,False,,,,,,,,,,,
margin,Arkansas,scientific_f5_m2,-3.609912229940215,88,0,False,False,,,,,,,,,,,
margin,Texas State,scientific_f5_m2,-3.7559030286984374,89,0,False,False,,,,,,,,,,,
margin,Boston College,scientific_f5_m2,-3.8849001614013536,90,0,False,False,,,,,,,,,,,
margin,Tulsa,scientific_f5_m2,-3.9521140924484275,91,0,False,False,,,,,,,,,,,
margin,Colorado,scientific_f5_m2,-4.488954525224652,92,0,False,False,,,,,,,,,,,
margin,Old Dominion,scientific_f5_m2,-4.8513599944575505,93,0,False,False,,,,,,,,,,,
margin,Navy,scientific_f5_m2,-4.872383239451178,94,0,False,False,,,,,,,,,,,
margin,Arkansas State,scientific_f5_m2,-5.453483144254288,95,0,False,False,,,,,,,,,,,
margin,Louisiana Tech,scientific_f5_m2,-5.556201334074423,96,0,False,False,,,,,,,,,,,
margin,UNLV,scientific_f5_m2,-5.760035006470826,97,0,False,False,,,,,,,,,,,
margin,Miami (OH),scientific_f5_m2,-5.893772211510133,98,0,False,False,,,,,,,,,,,
margin,Temple,scientific_f5_m2,-5.969847510909457,99,0,False,False,,,,,,,,,,,
margin,Coastal Carolina,scientific_f5_m2,-6.015183174415312,100,0,False,False,,,,,,,,,,,
margin,Tulane,scientific_f5_m2,-6.152769478037712,101,0,False,False,,,,,,,,,,,
margin,Massachusetts,scientific_f5_m2,-6.183427132938827,102,0,False,False,,,,,,,,,,,
margin,Troy,scientific_f5_m2,-6.6939405159676735,103,0,False,False,,,,,,,,,,,
margin,New Mexico State,scientific_f5_m2,-7.158090620867933,104,0,False,False,,,,,,,,,,,
margin,Middle Tennessee,scientific_f5_m2,-7.39710867071493,105,0,False,False,,,,,,,,,,,
margin,Oregon State,scientific_f5_m2,-7.454493921912265,106,0,False,False,,,,,,,,,,,
margin,San Diego State,scientific_f5_m2,-7.734264175714896,107,0,False,False,,,,,,,,,,,
margin,Florida International,scientific_f5_m2,-8.429813595189673,108,0,False,False,,,,,,,,,,,
margin,East Carolina,scientific_f5_m2,-8.50766839018336,109,0,False,False,,,,,,,,,,,
margin,Southern Miss,scientific_f5_m2,-8.583797139996607,110,0,False,False,,,,,,,,,,,
margin,San José State,scientific_f5_m2,-8.723398652873769,111,0,False,False,,,,,,,,,,,
margin,Rutgers,scientific_f5_m2,-8.82799057232927,112,0,False,False,,,,,,,,,,,
margin,North Texas,scientific_f5_m2,-8.839579256338794,113,0,False,False,,,,,,,,,,,
margin,UAB,scientific_f5_m2,-9.07795772726595,114,0,False,False,,,,,,,,,,,
margin,Stanford,scientific_f5_m2,-9.081398748106828,115,0,False,False,,,,,,,,,,,
margin,Hawai'i,scientific_f5_m2,-9.122085558101103,116,0,False,False,,,,,,,,,,,
margin,Ohio,scientific_f5_m2,-9.243018054266617,117,0,False,False,,,,,,,,,,,
margin,Utah State,scientific_f5_m2,-9.583252542874359,118,0,False,False,,,,,,,,,,,
margin,Akron,scientific_f5_m2,-10.03937748552034,119,0,False,False,,,,,,,,,,,
margin,Kennesaw State,scientific_f5_m2,-10.28106107125043,120,0,False,False,,,,,,,,,,,
margin,Missouri State,scientific_f5_m2,-10.48464935597283,121,0,False,False,,,,,,,,,,,
margin,Central Michigan,scientific_f5_m2,-10.684728927669648,122,0,False,False,,,,,,,,,,,
margin,Rice,scientific_f5_m2,-11.22395153807002,123,0,False,False,,,,,,,,,,,
margin,Florida Atlantic,scientific_f5_m2,-11.880478223558667,124,0,False,False,,,,,,,,,,,
margin,Nevada,scientific_f5_m2,-12.388291154265024,125,0,False,False,,,,,,,,,,,
margin,Marshall,scientific_f5_m2,-14.006674820121148,126,0,False,False,,,,,,,,,,,
margin,Sacramento State,scientific_f5_m2,-14.588058312287712,127,0,False,False,,,,,,,,,,,
margin,Wyoming,scientific_f5_m2,-16.94369814981051,128,0,False,False,,,,,,,,,,,
margin,Charlotte,scientific_f5_m2,-18.048183982893484,129,0,False,False,,,,,,,,,,,
margin,Western Kentucky,scientific_f5_m2,-18.562038156471083,130,0,False,False,,,,,,,,,,,
margin,Northern Illinois,scientific_f5_m2,-20.05252363065604,131,0,False,False,,,,,,,,,,,
margin,UTEP,scientific_f5_m2,-20.23708131361972,132,0,False,False,,,,,,,,,,,
margin,Eastern Michigan,scientific_f5_m2,-21.978767059309853,133,0,False,False,,,,,,,,,,,
margin,Buffalo,scientific_f5_m2,-22.041080978629637,134,0,False,False,,,,,,,,,,,
margin,UL Monroe,scientific_f5_m2,-23.871767309924948,135,0,False,False,,,,,,,,,,,
margin,Ball State,scientific_f5_m2,-24.55049995938937,136,0,False,False,,,,,,,,,,,
margin,Bowling Green,scientific_f5_m2,-24.65431902036144,137,0,False,False,,,,,,,,,,,
margin,Kent State,scientific_f5_m2,-29.97413691554692,138,0,False,False,,,,,,,,,,,
margin,Georgia,scientific_f5_m3,33.33803428487759,1,25,True,True,,,,,,,,,,,
margin,Ohio State,scientific_f5_m3,32.14509235860511,2,24,True,False,,,,,,,,,,,
margin,Miami,scientific_f5_m3,25.816664696254858,3,23,True,False,,,,,,,,,,,
margin,Notre Dame,scientific_f5_m3,24.42836965424633,4,22,True,False,,,,,,,,,,,
margin,Indiana,scientific_f5_m3,24.362164485616514,5,21,True,False,,,,,,,,,,,
margin,Oregon,scientific_f5_m3,24.312680152431643,6,20,True,False,,,,,,,,,,,
margin,Alabama,scientific_f5_m3,23.87826530878683,7,19,True,False,,,,,,,,,,,
margin,Kansas State,scientific_f5_m3,22.217162667055756,8,18,True,False,,,,,,,,,,,
margin,Iowa,scientific_f5_m3,22.185475297189704,9,17,True,False,,,,,,,,,,,
margin,Tennessee,scientific_f5_m3,22.166998364721113,10,16,True,False,,,,,,,,,,,
margin,Utah,scientific_f5_m3,21.805738255857314,11,15,True,False,,,,,,,,,,,
margin,Texas,scientific_f5_m3,20.636759898795148,12,14,True,False,,,,,,,,,,,
margin,LSU,scientific_f5_m3,20.55693883516869,13,13,True,False,,,,,,,,,,,
margin,Penn State,scientific_f5_m3,20.211860047759338,14,12,True,False,,,,,,,,,,,
margin,James Madison,scientific_f5_m3,17.817146465377913,15,11,True,False,,,,,,,,,,,
margin,USC,scientific_f5_m3,17.797839983117072,16,10,True,False,,,,,,,,,,,
margin,Florida,scientific_f5_m3,17.33564711286699,17,9,True,False,,,,,,,,,,,
margin,South Carolina,scientific_f5_m3,16.7236418982899,18,8,True,False,,,,,,,,,,,
margin,Michigan,scientific_f5_m3,16.625153211779082,19,7,True,False,,,,,,,,,,,
margin,Texas A&M,scientific_f5_m3,16.55253679858817,20,6,True,False,,,,,,,,,,,
margin,Ole Miss,scientific_f5_m3,16.401331599553068,21,5,True,False,,,,,,,,,,,
margin,BYU,scientific_f5_m3,15.963024613000238,22,4,True,False,,,,,,,,,,,
margin,Houston,scientific_f5_m3,15.721894640811627,23,3,True,False,,,,,,,,,,,
margin,Nebraska,scientific_f5_m3,14.871765599686595,24,2,True,False,,,,,,,,,,,
margin,Louisville,scientific_f5_m3,14.79763469927378,25,1,True,False,,,,,,,,,,,
margin,Illinois,scientific_f5_m3,14.106085576741417,26,0,False,False,,,,,,,,,,,
margin,Oklahoma,scientific_f5_m3,13.360410770368796,27,0,False,False,,,,,,,,,,,
margin,Mississippi State,scientific_f5_m3,13.330159029411712,28,0,False,False,,,,,,,,,,,
margin,UCLA,scientific_f5_m3,12.35215506071819,29,0,False,False,,,,,,,,,,,
margin,SMU,scientific_f5_m3,12.252373263998535,30,0,False,False,,,,,,,,,,,
margin,TCU,scientific_f5_m3,12.214798694795785,31,0,False,False,,,,,,,,,,,
margin,Missouri,scientific_f5_m3,12.146842065260776,32,0,False,False,,,,,,,,,,,
margin,Washington,scientific_f5_m3,11.305331935525166,33,0,False,False,,,,,,,,,,,
margin,Virginia Tech,scientific_f5_m3,11.142673083370186,34,0,False,False,,,,,,,,,,,
margin,Boise State,scientific_f5_m3,10.542700875500918,35,0,False,False,,,,,,,,,,,
margin,Texas Tech,scientific_f5_m3,10.252173283070912,36,0,False,False,,,,,,,,,,,
margin,Iowa State,scientific_f5_m3,10.092661757002876,37,0,False,False,,,,,,,,,,,
margin,Cincinnati,scientific_f5_m3,9.657598768651464,38,0,False,False,,,,,,,,,,,
margin,Maryland,scientific_f5_m3,9.511577738374202,39,0,False,False,,,,,,,,,,,
margin,Pittsburgh,scientific_f5_m3,9.262374760079528,40,0,False,False,,,,,,,,,,,
margin,Duke,scientific_f5_m3,9.24772421007592,41,0,False,False,,,,,,,,,,,
margin,Minnesota,scientific_f5_m3,8.814350420833025,42,0,False,False,,,,,,,,,,,
margin,Wisconsin,scientific_f5_m3,8.615320415693951,43,0,False,False,,,,,,,,,,,
margin,Virginia,scientific_f5_m3,8.60648832460111,44,0,False,False,,,,,,,,,,,
margin,Northwestern,scientific_f5_m3,8.38841465018857,45,0,False,False,,,,,,,,,,,
margin,Army,scientific_f5_m3,8.22074848565265,46,0,False,False,,,,,,,,,,,
margin,West Virginia,scientific_f5_m3,8.157826787897998,47,0,False,False,,,,,,,,,,,
margin,UCF,scientific_f5_m3,8.11956892698728,48,0,False,False,,,,,,,,,,,
margin,NC State,scientific_f5_m3,8.113077920900617,49,0,False,False,,,,,,,,,,,
margin,Arizona,scientific_f5_m3,7.927183946634269,50,0,False,False,,,,,,,,,,,
margin,Auburn,scientific_f5_m3,7.712060758699597,51,0,False,False,,,,,,,,,,,
margin,Vanderbilt,scientific_f5_m3,7.038078204582635,52,0,False,False,,,,,,,,,,,
margin,Baylor,scientific_f5_m3,6.484262411035054,53,0,False,False,,,,,,,,,,,
margin,South Florida,scientific_f5_m3,6.348222506323545,54,0,False,False,,,,,,,,,,,
margin,Kentucky,scientific_f5_m3,5.656289622307075,55,0,False,False,,,,,,,,,,,
margin,UConn,scientific_f5_m3,4.378834496263399,56,0,False,False,,,,,,,,,,,
margin,Clemson,scientific_f5_m3,3.916837148807056,57,0,False,False,,,,,,,,,,,
margin,Oklahoma State,scientific_f5_m3,3.7261722247187063,58,0,False,False,,,,,,,,,,,
margin,Kansas,scientific_f5_m3,3.5343861546657247,59,0,False,False,,,,,,,,,,,
margin,Arizona State,scientific_f5_m3,3.479162765604009,60,0,False,False,,,,,,,,,,,
margin,Toledo,scientific_f5_m3,3.2108857937950734,61,0,False,False,,,,,,,,,,,
margin,App State,scientific_f5_m3,2.9605041333985493,62,0,False,False,,,,,,,,,,,
margin,Syracuse,scientific_f5_m3,2.931559595337449,63,0,False,False,,,,,,,,,,,
margin,New Mexico,scientific_f5_m3,2.856113273569032,64,0,False,False,,,,,,,,,,,
margin,Georgia Tech,scientific_f5_m3,2.7655980687945414,65,0,False,False,,,,,,,,,,,
margin,North Carolina,scientific_f5_m3,2.6073038256343013,66,0,False,False,,,,,,,,,,,
margin,Air Force,scientific_f5_m3,1.7907863467558662,67,0,False,False,,,,,,,,,,,
margin,Navy,scientific_f5_m3,1.7285061521066265,68,0,False,False,,,,,,,,,,,
margin,Liberty,scientific_f5_m3,1.5779587280651282,69,0,False,False,,,,,,,,,,,
margin,South Alabama,scientific_f5_m3,1.1338680210819354,70,0,False,False,,,,,,,,,,,
margin,Memphis,scientific_f5_m3,0.9791977950343562,71,0,False,False,,,,,,,,,,,
margin,Georgia Southern,scientific_f5_m3,0.9673566821899554,72,0,False,False,,,,,,,,,,,
margin,California,scientific_f5_m3,0.5832576896847527,73,0,False,False,,,,,,,,,,,
margin,Colorado State,scientific_f5_m3,0.34192829244576045,74,0,False,False,,,,,,,,,,,
margin,Louisiana,scientific_f5_m3,0.18119503038891618,75,0,False,False,,,,,,,,,,,
margin,Delaware,scientific_f5_m3,-0.22022634722309378,76,0,False,False,,,,,,,,,,,
margin,Florida State,scientific_f5_m3,-0.3391765326948567,77,0,False,False,,,,,,,,,,,
margin,Georgia State,scientific_f5_m3,-0.36918854939509377,78,0,False,False,,,,,,,,,,,
margin,Washington State,scientific_f5_m3,-0.5595172763186822,79,0,False,False,,,,,,,,,,,
margin,Michigan State,scientific_f5_m3,-0.5970332246346972,80,0,False,False,,,,,,,,,,,
margin,Jacksonville State,scientific_f5_m3,-0.6210505888610212,81,0,False,False,,,,,,,,,,,
margin,North Dakota State,scientific_f5_m3,-0.9232141559283256,82,0,False,False,,,,,,,,,,,
margin,Colorado,scientific_f5_m3,-1.0795182931652028,83,0,False,False,,,,,,,,,,,
margin,Wake Forest,scientific_f5_m3,-1.5375715504047016,84,0,False,False,,,,,,,,,,,
margin,Western Michigan,scientific_f5_m3,-2.0373112320123385,85,0,False,False,,,,,,,,,,,
margin,Tulsa,scientific_f5_m3,-2.0729852796009,86,0,False,False,,,,,,,,,,,
margin,Sam Houston,scientific_f5_m3,-2.644581728081881,87,0,False,False,,,,,,,,,,,
margin,Louisiana Tech,scientific_f5_m3,-2.748182849047883,88,0,False,False,,,,,,,,,,,
margin,Fresno State,scientific_f5_m3,-3.0201386753109474,89,0,False,False,,,,,,,,,,,
margin,UTSA,scientific_f5_m3,-3.085800951201983,90,0,False,False,,,,,,,,,,,
margin,Coastal Carolina,scientific_f5_m3,-3.2328837101647028,91,0,False,False,,,,,,,,,,,
margin,Troy,scientific_f5_m3,-3.6703608627825175,92,0,False,False,,,,,,,,,,,
margin,New Mexico State,scientific_f5_m3,-3.8869417334419896,93,0,False,False,,,,,,,,,,,
margin,Arkansas State,scientific_f5_m3,-4.139608552552495,94,0,False,False,,,,,,,,,,,
margin,Purdue,scientific_f5_m3,-4.189516682901117,95,0,False,False,,,,,,,,,,,
margin,Boston College,scientific_f5_m3,-5.081952094949549,96,0,False,False,,,,,,,,,,,
margin,Middle Tennessee,scientific_f5_m3,-5.1415150243259005,97,0,False,False,,,,,,,,,,,
margin,Miami (OH),scientific_f5_m3,-5.390327728918058,98,0,False,False,,,,,,,,,,,
margin,Old Dominion,scientific_f5_m3,-5.579324947200202,99,0,False,False,,,,,,,,,,,
margin,Tulane,scientific_f5_m3,-5.583277059920336,100,0,False,False,,,,,,,,,,,
margin,Oregon State,scientific_f5_m3,-6.062601251757741,101,0,False,False,,,,,,,,,,,
margin,San Diego State,scientific_f5_m3,-6.197309569967078,102,0,False,False,,,,,,,,,,,
margin,Ohio,scientific_f5_m3,-6.224757567670263,103,0,False,False,,,,,,,,,,,
margin,North Texas,scientific_f5_m3,-7.116853453199286,104,0,False,False,,,,,,,,,,,
margin,UNLV,scientific_f5_m3,-7.162672429781549,105,0,False,False,,,,,,,,,,,
margin,Texas State,scientific_f5_m3,-7.269942149060668,106,0,False,False,,,,,,,,,,,
margin,Hawai'i,scientific_f5_m3,-7.646995544415491,107,0,False,False,,,,,,,,,,,
margin,Akron,scientific_f5_m3,-7.806699570878551,108,0,False,False,,,,,,,,,,,
margin,Temple,scientific_f5_m3,-7.8569279105840035,109,0,False,False,,,,,,,,,,,
margin,San José State,scientific_f5_m3,-8.07572344368536,110,0,False,False,,,,,,,,,,,
margin,Arkansas,scientific_f5_m3,-8.39190780148762,111,0,False,False,,,,,,,,,,,
margin,Florida International,scientific_f5_m3,-8.772894959646463,112,0,False,False,,,,,,,,,,,
margin,Southern Miss,scientific_f5_m3,-8.991014126278685,113,0,False,False,,,,,,,,,,,
margin,Kennesaw State,scientific_f5_m3,-9.146877517671037,114,0,False,False,,,,,,,,,,,
margin,Nevada,scientific_f5_m3,-9.231961002489347,115,0,False,False,,,,,,,,,,,
margin,UAB,scientific_f5_m3,-9.327480594561017,116,0,False,False,,,,,,,,,,,
margin,Massachusetts,scientific_f5_m3,-9.425476518618709,117,0,False,False,,,,,,,,,,,
margin,Missouri State,scientific_f5_m3,-9.585593578046621,118,0,False,False,,,,,,,,,,,
margin,Central Michigan,scientific_f5_m3,-10.255619263247715,119,0,False,False,,,,,,,,,,,
margin,Sacramento State,scientific_f5_m3,-10.839684431580766,120,0,False,False,,,,,,,,,,,
margin,Stanford,scientific_f5_m3,-11.022814438965575,121,0,False,False,,,,,,,,,,,
margin,Florida Atlantic,scientific_f5_m3,-11.283316742741995,122,0,False,False,,,,,,,,,,,
margin,East Carolina,scientific_f5_m3,-11.821369987826358,123,0,False,False,,,,,,,,,,,
margin,Marshall,scientific_f5_m3,-11.839168171549066,124,0,False,False,,,,,,,,,,,
margin,Rice,scientific_f5_m3,-12.318097387806267,125,0,False,False,,,,,,,,,,,
margin,Utah State,scientific_f5_m3,-12.330464431624723,126,0,False,False,,,,,,,,,,,
margin,Rutgers,scientific_f5_m3,-12.356607618732426,127,0,False,False,,,,,,,,,,,
margin,Wyoming,scientific_f5_m3,-13.127199002756475,128,0,False,False,,,,,,,,,,,
margin,Northern Illinois,scientific_f5_m3,-16.130901827388435,129,0,False,False,,,,,,,,,,,
margin,Western Kentucky,scientific_f5_m3,-17.057725731059918,130,0,False,False,,,,,,,,,,,
margin,Eastern Michigan,scientific_f5_m3,-17.159120380298592,131,0,False,False,,,,,,,,,,,
margin,Buffalo,scientific_f5_m3,-17.423777973069217,132,0,False,False,,,,,,,,,,,
margin,Ball State,scientific_f5_m3,-18.71097051683311,133,0,False,False,,,,,,,,,,,
margin,Charlotte,scientific_f5_m3,-18.867037930241324,134,0,False,False,,,,,,,,,,,
margin,Bowling Green,scientific_f5_m3,-18.97694474408792,135,0,False,False,,,,,,,,,,,
margin,UTEP,scientific_f5_m3,-19.03188272076029,136,0,False,False,,,,,,,,,,,
margin,UL Monroe,scientific_f5_m3,-21.68749211918864,137,0,False,False,,,,,,,,,,,
margin,Kent State,scientific_f5_m3,-24.214487822468694,138,0,False,False,,,,,,,,,,,
margin,Georgia,scientific_f5_m4,33.575977284980716,1,25,True,True,,,,,,,,,,,
margin,Ohio State,scientific_f5_m4,32.06545491009073,2,24,True,False,,,,,,,,,,,
margin,Miami,scientific_f5_m4,26.973860651573478,3,23,True,False,,,,,,,,,,,
margin,Indiana,scientific_f5_m4,26.312761845980777,4,22,True,False,,,,,,,,,,,
margin,Oregon,scientific_f5_m4,26.198527536738215,5,21,True,False,,,,,,,,,,,
margin,Utah,scientific_f5_m4,25.911392101175863,6,20,True,False,,,,,,,,,,,
margin,Kansas State,scientific_f5_m4,24.6360457480978,7,19,True,False,,,,,,,,,,,
margin,Alabama,scientific_f5_m4,24.384176141048723,8,18,True,False,,,,,,,,,,,
margin,Tennessee,scientific_f5_m4,24.07927014540205,9,17,True,False,,,,,,,,,,,
margin,Notre Dame,scientific_f5_m4,23.059122055047567,10,16,True,False,,,,,,,,,,,
margin,Texas,scientific_f5_m4,22.780741128295045,11,15,True,False,,,,,,,,,,,
margin,Iowa,scientific_f5_m4,22.53194979468741,12,14,True,False,,,,,,,,,,,
margin,Penn State,scientific_f5_m4,22.329723001370887,13,13,True,False,,,,,,,,,,,
margin,LSU,scientific_f5_m4,20.815859764272982,14,12,True,False,,,,,,,,,,,
margin,Florida,scientific_f5_m4,19.427200966394253,15,11,True,False,,,,,,,,,,,
margin,South Carolina,scientific_f5_m4,18.644128058915065,16,10,True,False,,,,,,,,,,,
margin,USC,scientific_f5_m4,18.513251924664015,17,9,True,False,,,,,,,,,,,
margin,Texas A&M,scientific_f5_m4,18.256592352975346,18,8,True,False,,,,,,,,,,,
margin,BYU,scientific_f5_m4,17.88002417696665,19,7,True,False,,,,,,,,,,,
margin,Mississippi State,scientific_f5_m4,17.31058388666215,20,6,True,False,,,,,,,,,,,
margin,Nebraska,scientific_f5_m4,17.18230619986999,21,5,True,False,,,,,,,,,,,
margin,Houston,scientific_f5_m4,17.001050848663464,22,4,True,False,,,,,,,,,,,
margin,Louisville,scientific_f5_m4,16.421472872556606,23,3,True,False,,,,,,,,,,,
margin,Oklahoma,scientific_f5_m4,15.919441934517025,24,2,True,False,,,,,,,,,,,
margin,Michigan,scientific_f5_m4,15.781989830427115,25,1,True,False,,,,,,,,,,,
margin,Ole Miss,scientific_f5_m4,15.652060263114825,26,0,False,False,,,,,,,,,,,
margin,Virginia Tech,scientific_f5_m4,15.174112185349058,27,0,False,False,,,,,,,,,,,
margin,James Madison,scientific_f5_m4,14.21244651027654,28,0,False,False,,,,,,,,,,,
margin,Illinois,scientific_f5_m4,13.917024872593958,29,0,False,False,,,,,,,,,,,
margin,Northwestern,scientific_f5_m4,13.896381535582497,30,0,False,False,,,,,,,,,,,
margin,Missouri,scientific_f5_m4,13.888078751021613,31,0,False,False,,,,,,,,,,,
margin,UCLA,scientific_f5_m4,12.946427881989553,32,0,False,False,,,,,,,,,,,
margin,TCU,scientific_f5_m4,12.76897543119182,33,0,False,False,,,,,,,,,,,
margin,Washington,scientific_f5_m4,12.721582244115265,34,0,False,False,,,,,,,,,,,
margin,Iowa State,scientific_f5_m4,11.346202037827526,35,0,False,False,,,,,,,,,,,
margin,Minnesota,scientific_f5_m4,10.80526026842553,36,0,False,False,,,,,,,,,,,
margin,Maryland,scientific_f5_m4,10.785341900076505,37,0,False,False,,,,,,,,,,,
margin,Cincinnati,scientific_f5_m4,10.779253741862572,38,0,False,False,,,,,,,,,,,
margin,Virginia,scientific_f5_m4,10.684833232323642,39,0,False,False,,,,,,,,,,,
margin,Duke,scientific_f5_m4,10.637829579735666,40,0,False,False,,,,,,,,,,,
margin,Pittsburgh,scientific_f5_m4,10.465000213397492,41,0,False,False,,,,,,,,,,,
margin,Boise State,scientific_f5_m4,10.435782794845196,42,0,False,False,,,,,,,,,,,
margin,Auburn,scientific_f5_m4,10.425071149983669,43,0,False,False,,,,,,,,,,,
margin,SMU,scientific_f5_m4,9.987111328837413,44,0,False,False,,,,,,,,,,,
margin,NC State,scientific_f5_m4,9.896979812500899,45,0,False,False,,,,,,,,,,,
margin,Army,scientific_f5_m4,9.850890708877518,46,0,False,False,,,,,,,,,,,
margin,West Virginia,scientific_f5_m4,9.695625433122464,47,0,False,False,,,,,,,,,,,
margin,Arizona,scientific_f5_m4,8.840864716361736,48,0,False,False,,,,,,,,,,,
margin,Oklahoma State,scientific_f5_m4,8.065293328049796,49,0,False,False,,,,,,,,,,,
margin,South Florida,scientific_f5_m4,7.970027711401258,50,0,False,False,,,,,,,,,,,
margin,UCF,scientific_f5_m4,7.843100233433926,51,0,False,False,,,,,,,,,,,
margin,Wisconsin,scientific_f5_m4,7.836200961855903,52,0,False,False,,,,,,,,,,,
margin,Baylor,scientific_f5_m4,7.611690787075132,53,0,False,False,,,,,,,,,,,
margin,Vanderbilt,scientific_f5_m4,7.281124029983124,54,0,False,False,,,,,,,,,,,
margin,Texas Tech,scientific_f5_m4,6.99417438487261,55,0,False,False,,,,,,,,,,,
margin,Kentucky,scientific_f5_m4,6.443942844990837,56,0,False,False,,,,,,,,,,,
margin,Clemson,scientific_f5_m4,6.145572670966409,57,0,False,False,,,,,,,,,,,
margin,New Mexico,scientific_f5_m4,4.987870111846027,58,0,False,False,,,,,,,,,,,
margin,Syracuse,scientific_f5_m4,4.662314890892425,59,0,False,False,,,,,,,,,,,
margin,UConn,scientific_f5_m4,3.3889878501319606,60,0,False,False,,,,,,,,,,,
margin,Arizona State,scientific_f5_m4,3.0725547639963984,61,0,False,False,,,,,,,,,,,
margin,Memphis,scientific_f5_m4,2.788982895404677,62,0,False,False,,,,,,,,,,,
margin,Kansas,scientific_f5_m4,2.568131969830521,63,0,False,False,,,,,,,,,,,
margin,Liberty,scientific_f5_m4,2.38452871885916,64,0,False,False,,,,,,,,,,,
margin,North Carolina,scientific_f5_m4,1.9559780466275896,65,0,False,False,,,,,,,,,,,
margin,Toledo,scientific_f5_m4,1.825850085626179,66,0,False,False,,,,,,,,,,,
margin,Michigan State,scientific_f5_m4,1.682041128912951,67,0,False,False,,,,,,,,,,,
margin,Colorado State,scientific_f5_m4,1.6032209814241578,68,0,False,False,,,,,,,,,,,
margin,Air Force,scientific_f5_m4,1.302616429643826,69,0,False,False,,,,,,,,,,,
margin,California,scientific_f5_m4,1.1435807838395409,70,0,False,False,,,,,,,,,,,
margin,Navy,scientific_f5_m4,1.0459119370154586,71,0,False,False,,,,,,,,,,,
margin,Georgia Tech,scientific_f5_m4,0.7048483550682227,72,0,False,False,,,,,,,,,,,
margin,Florida State,scientific_f5_m4,0.42485186933739344,73,0,False,False,,,,,,,,,,,
margin,Western Michigan,scientific_f5_m4,0.19131992124531563,74,0,False,False,,,,,,,,,,,
margin,South Alabama,scientific_f5_m4,0.16041956784085162,75,0,False,False,,,,,,,,,,,
margin,North Dakota State,scientific_f5_m4,-0.07075877939373286,76,0,False,False,,,,,,,,,,,
margin,Georgia Southern,scientific_f5_m4,-0.1685217838175553,77,0,False,False,,,,,,,,,,,
margin,Washington State,scientific_f5_m4,-0.3685911599296835,78,0,False,False,,,,,,,,,,,
margin,UTSA,scientific_f5_m4,-0.5414470136565207,79,0,False,False,,,,,,,,,,,
margin,Wake Forest,scientific_f5_m4,-0.6089555097251617,80,0,False,False,,,,,,,,,,,
margin,Louisiana,scientific_f5_m4,-0.8671314385813428,81,0,False,False,,,,,,,,,,,
margin,Jacksonville State,scientific_f5_m4,-0.9791432313245905,82,0,False,False,,,,,,,,,,,
margin,Delaware,scientific_f5_m4,-1.1612081804395153,83,0,False,False,,,,,,,,,,,
margin,App State,scientific_f5_m4,-1.3336233938585054,84,0,False,False,,,,,,,,,,,
margin,Tulsa,scientific_f5_m4,-1.460847437582805,85,0,False,False,,,,,,,,,,,
margin,Georgia State,scientific_f5_m4,-1.585935088358319,86,0,False,False,,,,,,,,,,,
margin,Sam Houston,scientific_f5_m4,-2.185497990455562,87,0,False,False,,,,,,,,,,,
margin,Colorado,scientific_f5_m4,-2.6989988429338982,88,0,False,False,,,,,,,,,,,
margin,Fresno State,scientific_f5_m4,-2.942266049078612,89,0,False,False,,,,,,,,,,,
margin,Purdue,scientific_f5_m4,-3.1342352255045967,90,0,False,False,,,,,,,,,,,
margin,Miami (OH),scientific_f5_m4,-3.6567434676018795,91,0,False,False,,,,,,,,,,,
margin,Louisiana Tech,scientific_f5_m4,-3.841173113419585,92,0,False,False,,,,,,,,,,,
margin,New Mexico State,scientific_f5_m4,-3.87836406068913,93,0,False,False,,,,,,,,,,,
margin,San Diego State,scientific_f5_m4,-4.046676905987929,94,0,False,False,,,,,,,,,,,
margin,Coastal Carolina,scientific_f5_m4,-4.183203129429444,95,0,False,False,,,,,,,,,,,
margin,Tulane,scientific_f5_m4,-4.592618621999795,96,0,False,False,,,,,,,,,,,
margin,Old Dominion,scientific_f5_m4,-5.0746174638970025,97,0,False,False,,,,,,,,,,,
margin,Troy,scientific_f5_m4,-5.496297956253055,98,0,False,False,,,,,,,,,,,
margin,Boston College,scientific_f5_m4,-5.625481228903878,99,0,False,False,,,,,,,,,,,
margin,Middle Tennessee,scientific_f5_m4,-6.207071306719392,100,0,False,False,,,,,,,,,,,
margin,Texas State,scientific_f5_m4,-6.43251561110103,101,0,False,False,,,,,,,,,,,
margin,North Texas,scientific_f5_m4,-6.458707000896168,102,0,False,False,,,,,,,,,,,
margin,Oregon State,scientific_f5_m4,-6.459076806170951,103,0,False,False,,,,,,,,,,,
margin,Arkansas,scientific_f5_m4,-6.807951306095024,104,0,False,False,,,,,,,,,,,
margin,UNLV,scientific_f5_m4,-6.8277448083075685,105,0,False,False,,,,,,,,,,,
margin,Arkansas State,scientific_f5_m4,-7.060368538311853,106,0,False,False,,,,,,,,,,,
margin,Akron,scientific_f5_m4,-7.485316813326311,107,0,False,False,,,,,,,,,,,
margin,Ohio,scientific_f5_m4,-7.6522217606000895,108,0,False,False,,,,,,,,,,,
margin,Massachusetts,scientific_f5_m4,-7.74858736074777,109,0,False,False,,,,,,,,,,,
margin,San José State,scientific_f5_m4,-8.273972292149645,110,0,False,False,,,,,,,,,,,
margin,Southern Miss,scientific_f5_m4,-8.358160615616438,111,0,False,False,,,,,,,,,,,
margin,Kennesaw State,scientific_f5_m4,-8.89782108620497,112,0,False,False,,,,,,,,,,,
margin,Hawai'i,scientific_f5_m4,-8.962515386178355,113,0,False,False,,,,,,,,,,,
margin,Florida International,scientific_f5_m4,-9.114990808569427,114,0,False,False,,,,,,,,,,,
margin,Missouri State,scientific_f5_m4,-9.260914357417672,115,0,False,False,,,,,,,,,,,
margin,UAB,scientific_f5_m4,-9.692548979744444,116,0,False,False,,,,,,,,,,,
margin,Temple,scientific_f5_m4,-9.714825008863722,117,0,False,False,,,,,,,,,,,
margin,Central Michigan,scientific_f5_m4,-10.110041408836837,118,0,False,False,,,,,,,,,,,
margin,East Carolina,scientific_f5_m4,-10.29138031681939,119,0,False,False,,,,,,,,,,,
margin,Florida Atlantic,scientific_f5_m4,-10.822921311659265,120,0,False,False,,,,,,,,,,,
margin,Stanford,scientific_f5_m4,-10.900953022825036,121,0,False,False,,,,,,,,,,,
margin,Marshall,scientific_f5_m4,-11.756208549509315,122,0,False,False,,,,,,,,,,,
margin,Nevada,scientific_f5_m4,-11.757815052982634,123,0,False,False,,,,,,,,,,,
margin,Utah State,scientific_f5_m4,-11.904289825423495,124,0,False,False,,,,,,,,,,,
margin,Sacramento State,scientific_f5_m4,-12.609537599725778,125,0,False,False,,,,,,,,,,,
margin,Western Kentucky,scientific_f5_m4,-13.50418600369279,126,0,False,False,,,,,,,,,,,
margin,Rice,scientific_f5_m4,-14.095275232246163,127,0,False,False,,,,,,,,,,,
margin,Rutgers,scientific_f5_m4,-14.526795015166353,128,0,False,False,,,,,,,,,,,
margin,Wyoming,scientific_f5_m4,-16.8480162036945,129,0,False,False,,,,,,,,,,,
margin,Northern Illinois,scientific_f5_m4,-18.08866287177163,130,0,False,False,,,,,,,,,,,
margin,Eastern Michigan,scientific_f5_m4,-18.992431879556992,131,0,False,False,,,,,,,,,,,
margin,Buffalo,scientific_f5_m4,-19.23086477037049,132,0,False,False,,,,,,,,,,,
margin,Charlotte,scientific_f5_m4,-19.36578703122208,133,0,False,False,,,,,,,,,,,
margin,Bowling Green,scientific_f5_m4,-20.035653759737365,134,0,False,False,,,,,,,,,,,
margin,UTEP,scientific_f5_m4,-20.782874695047745,135,0,False,False,,,,,,,,,,,
margin,Ball State,scientific_f5_m4,-23.185661246223976,136,0,False,False,,,,,,,,,,,
margin,Kent State,scientific_f5_m4,-24.424693073175987,137,0,False,False,,,,,,,,,,,
margin,UL Monroe,scientific_f5_m4,-26.706458780071003,138,0,False,False,,,,,,,,,,,
margin,NC State,scientific_f5_m5,29.541854858398438,1,25,True,True,,,,,,,,,,,
margin,Oregon,scientific_f5_m5,28.564613342285156,2,24,True,False,,,,,,,,,,,
margin,James Madison,scientific_f5_m5,26.884113311767578,3,23,True,False,,,,,,,,,,,
margin,Penn State,scientific_f5_m5,26.764949798583984,4,22,True,False,,,,,,,,,,,
margin,Georgia,scientific_f5_m5,25.342060089111328,5,21,True,False,,,,,,,,,,,
margin,UCLA,scientific_f5_m5,23.55497932434082,6,20,True,False,,,,,,,,,,,
margin,Ohio State,scientific_f5_m5,22.772769927978516,7,19,True,False,,,,,,,,,,,
margin,Virginia Tech,scientific_f5_m5,22.75273895263672,8,18,True,False,,,,,,,,,,,
margin,Alabama,scientific_f5_m5,21.946853637695312,9,17,True,False,,,,,,,,,,,
margin,Notre Dame,scientific_f5_m5,21.873197555541992,10,16,True,False,,,,,,,,,,,
margin,Iowa,scientific_f5_m5,21.6207275390625,11,15,True,False,,,,,,,,,,,
margin,Army,scientific_f5_m5,19.604930877685547,12,14,True,False,,,,,,,,,,,
margin,LSU,scientific_f5_m5,19.383895874023438,13,13,True,False,,,,,,,,,,,
margin,Oklahoma,scientific_f5_m5,18.77473258972168,14,12,True,False,,,,,,,,,,,
margin,Illinois,scientific_f5_m5,17.10894012451172,15,11,True,False,,,,,,,,,,,
margin,SMU,scientific_f5_m5,16.987422943115234,16,10,True,False,,,,,,,,,,,
margin,North Carolina,scientific_f5_m5,16.612163543701172,17,9,True,False,,,,,,,,,,,
margin,Miami,scientific_f5_m5,14.990058898925781,18,8,True,False,,,,,,,,,,,
margin,Navy,scientific_f5_m5,14.886926651000977,19,7,True,False,,,,,,,,,,,
margin,Arizona State,scientific_f5_m5,14.636590003967285,20,6,True,False,,,,,,,,,,,
margin,Louisiana,scientific_f5_m5,14.595658302307129,21,5,True,False,,,,,,,,,,,
margin,Oklahoma State,scientific_f5_m5,13.544151306152344,22,4,True,False,,,,,,,,,,,
margin,Tennessee,scientific_f5_m5,13.436264038085938,23,3,True,False,,,,,,,,,,,
margin,Kentucky,scientific_f5_m5,13.416221618652344,24,2,True,False,,,,,,,,,,,
margin,Florida,scientific_f5_m5,13.102392196655273,25,1,True,False,,,,,,,,,,,
margin,Kansas State,scientific_f5_m5,13.076314926147461,26,0,False,False,,,,,,,,,,,
margin,South Florida,scientific_f5_m5,13.034711837768555,27,0,False,False,,,,,,,,,,,
margin,Toledo,scientific_f5_m5,12.783713340759277,28,0,False,False,,,,,,,,,,,
margin,Iowa State,scientific_f5_m5,12.735183715820312,29,0,False,False,,,,,,,,,,,
margin,Liberty,scientific_f5_m5,12.587008476257324,30,0,False,False,,,,,,,,,,,
margin,Texas,scientific_f5_m5,11.733077049255371,31,0,False,False,,,,,,,,,,,
margin,Ole Miss,scientific_f5_m5,11.391988754272461,32,0,False,False,,,,,,,,,,,
margin,Michigan,scientific_f5_m5,11.019082069396973,33,0,False,False,,,,,,,,,,,
margin,Coastal Carolina,scientific_f5_m5,10.329575538635254,34,0,False,False,,,,,,,,,,,
margin,Air Force,scientific_f5_m5,9.641834259033203,35,0,False,False,,,,,,,,,,,
margin,Purdue,scientific_f5_m5,9.31338119506836,36,0,False,False,,,,,,,,,,,
margin,Florida State,scientific_f5_m5,8.979832649230957,37,0,False,False,,,,,,,,,,,
margin,Baylor,scientific_f5_m5,8.55921459197998,38,0,False,False,,,,,,,,,,,
margin,Duke,scientific_f5_m5,8.510734558105469,39,0,False,False,,,,,,,,,,,
margin,Northwestern,scientific_f5_m5,8.281286239624023,40,0,False,False,,,,,,,,,,,
margin,Ohio,scientific_f5_m5,7.85577392578125,41,0,False,False,,,,,,,,,,,
margin,USC,scientific_f5_m5,7.495841979980469,42,0,False,False,,,,,,,,,,,
margin,Indiana,scientific_f5_m5,7.266293525695801,43,0,False,False,,,,,,,,,,,
margin,North Dakota State,scientific_f5_m5,7.102450370788574,44,0,False,False,,,,,,,,,,,
margin,Utah,scientific_f5_m5,6.471952438354492,45,0,False,False,,,,,,,,,,,
margin,Memphis,scientific_f5_m5,6.260691165924072,46,0,False,False,,,,,,,,,,,
margin,Minnesota,scientific_f5_m5,6.206703186035156,47,0,False,False,,,,,,,,,,,
margin,Maryland,scientific_f5_m5,5.887992858886719,48,0,False,False,,,,,,,,,,,
margin,Boston College,scientific_f5_m5,5.632937908172607,49,0,False,False,,,,,,,,,,,
margin,New Mexico,scientific_f5_m5,5.515635013580322,50,0,False,False,,,,,,,,,,,
margin,Kansas,scientific_f5_m5,5.369919300079346,51,0,False,False,,,,,,,,,,,
margin,Auburn,scientific_f5_m5,4.990105628967285,52,0,False,False,,,,,,,,,,,
margin,Missouri,scientific_f5_m5,4.983645439147949,53,0,False,False,,,,,,,,,,,
margin,Colorado,scientific_f5_m5,4.412839889526367,54,0,False,False,,,,,,,,,,,
margin,Houston,scientific_f5_m5,4.282785415649414,55,0,False,False,,,,,,,,,,,
margin,Washington,scientific_f5_m5,3.5447044372558594,56,0,False,False,,,,,,,,,,,
margin,TCU,scientific_f5_m5,3.502927780151367,57,0,False,False,,,,,,,,,,,
margin,East Carolina,scientific_f5_m5,3.0777158737182617,58,0,False,False,,,,,,,,,,,
margin,Wisconsin,scientific_f5_m5,2.9892282485961914,59,0,False,False,,,,,,,,,,,
margin,South Alabama,scientific_f5_m5,2.202782154083252,60,0,False,False,,,,,,,,,,,
margin,Boise State,scientific_f5_m5,2.0631814002990723,61,0,False,False,,,,,,,,,,,
margin,Georgia Southern,scientific_f5_m5,1.710899829864502,62,0,False,False,,,,,,,,,,,
margin,Michigan State,scientific_f5_m5,1.539609432220459,63,0,False,False,,,,,,,,,,,
margin,South Carolina,scientific_f5_m5,0.9675188660621643,64,0,False,False,,,,,,,,,,,
margin,Texas A&M,scientific_f5_m5,0.5085001587867737,65,0,False,False,,,,,,,,,,,
margin,UTSA,scientific_f5_m5,0.38946110010147095,66,0,False,False,,,,,,,,,,,
margin,New Mexico State,scientific_f5_m5,0.2263391613960266,67,0,False,False,,,,,,,,,,,
margin,Cincinnati,scientific_f5_m5,0.21117478609085083,68,0,False,False,,,,,,,,,,,
margin,Oregon State,scientific_f5_m5,0.14480143785476685,69,0,False,False,,,,,,,,,,,
margin,Missouri State,scientific_f5_m5,0.12231260538101196,70,0,False,False,,,,,,,,,,,
margin,Akron,scientific_f5_m5,-0.1944064497947693,71,0,False,False,,,,,,,,,,,
margin,Jacksonville State,scientific_f5_m5,-0.6892828345298767,72,0,False,False,,,,,,,,,,,
margin,UConn,scientific_f5_m5,-1.2915716171264648,73,0,False,False,,,,,,,,,,,
margin,California,scientific_f5_m5,-1.4322943687438965,74,0,False,False,,,,,,,,,,,
margin,Mississippi State,scientific_f5_m5,-1.9854099750518799,75,0,False,False,,,,,,,,,,,
margin,BYU,scientific_f5_m5,-2.0194644927978516,76,0,False,False,,,,,,,,,,,
margin,Tulane,scientific_f5_m5,-2.251528263092041,77,0,False,False,,,,,,,,,,,
margin,Colorado State,scientific_f5_m5,-2.575550079345703,78,0,False,False,,,,,,,,,,,
margin,Stanford,scientific_f5_m5,-3.9624252319335938,79,0,False,False,,,,,,,,,,,
margin,Troy,scientific_f5_m5,-3.996084690093994,80,0,False,False,,,,,,,,,,,
margin,West Virginia,scientific_f5_m5,-4.049845218658447,81,0,False,False,,,,,,,,,,,
margin,Louisville,scientific_f5_m5,-4.095727920532227,82,0,False,False,,,,,,,,,,,
margin,UNLV,scientific_f5_m5,-4.203486919403076,83,0,False,False,,,,,,,,,,,
margin,Pittsburgh,scientific_f5_m5,-4.778784275054932,84,0,False,False,,,,,,,,,,,
margin,Delaware,scientific_f5_m5,-4.785569190979004,85,0,False,False,,,,,,,,,,,
margin,Central Michigan,scientific_f5_m5,-5.59558629989624,86,0,False,False,,,,,,,,,,,
margin,App State,scientific_f5_m5,-5.768024444580078,87,0,False,False,,,,,,,,,,,
margin,Rutgers,scientific_f5_m5,-5.885875701904297,88,0,False,False,,,,,,,,,,,
margin,Texas State,scientific_f5_m5,-6.082093238830566,89,0,False,False,,,,,,,,,,,
margin,Georgia Tech,scientific_f5_m5,-6.138174533843994,90,0,False,False,,,,,,,,,,,
margin,Wake Forest,scientific_f5_m5,-6.1840128898620605,91,0,False,False,,,,,,,,,,,
margin,Western Michigan,scientific_f5_m5,-7.9773173332214355,92,0,False,False,,,,,,,,,,,
margin,Vanderbilt,scientific_f5_m5,-8.029411315917969,93,0,False,False,,,,,,,,,,,
margin,Miami (OH),scientific_f5_m5,-8.270776748657227,94,0,False,False,,,,,,,,,,,
margin,Virginia,scientific_f5_m5,-8.356563568115234,95,0,False,False,,,,,,,,,,,
margin,Arkansas,scientific_f5_m5,-8.665571212768555,96,0,False,False,,,,,,,,,,,
margin,Hawai'i,scientific_f5_m5,-9.311116218566895,97,0,False,False,,,,,,,,,,,
margin,UCF,scientific_f5_m5,-9.488688468933105,98,0,False,False,,,,,,,,,,,
margin,Temple,scientific_f5_m5,-9.770073890686035,99,0,False,False,,,,,,,,,,,
margin,Texas Tech,scientific_f5_m5,-9.84526252746582,100,0,False,False,,,,,,,,,,,
margin,Nebraska,scientific_f5_m5,-9.966781616210938,101,0,False,False,,,,,,,,,,,
margin,Arizona,scientific_f5_m5,-10.24606704711914,102,0,False,False,,,,,,,,,,,
margin,Kennesaw State,scientific_f5_m5,-11.1026029586792,103,0,False,False,,,,,,,,,,,
margin,Washington State,scientific_f5_m5,-11.416533470153809,104,0,False,False,,,,,,,,,,,
margin,UTEP,scientific_f5_m5,-11.427452087402344,105,0,False,False,,,,,,,,,,,
margin,Florida International,scientific_f5_m5,-11.554301261901855,106,0,False,False,,,,,,,,,,,
margin,Louisiana Tech,scientific_f5_m5,-11.644619941711426,107,0,False,False,,,,,,,,,,,
margin,San José State,scientific_f5_m5,-11.906516075134277,108,0,False,False,,,,,,,,,,,
margin,Old Dominion,scientific_f5_m5,-12.113329887390137,109,0,False,False,,,,,,,,,,,
margin,Marshall,scientific_f5_m5,-12.468273162841797,110,0,False,False,,,,,,,,,,,
margin,Kent State,scientific_f5_m5,-12.712485313415527,111,0,False,False,,,,,,,,,,,
margin,Northern Illinois,scientific_f5_m5,-12.96749496459961,112,0,False,False,,,,,,,,,,,
margin,North Texas,scientific_f5_m5,-13.03110122680664,113,0,False,False,,,,,,,,,,,
margin,Massachusetts,scientific_f5_m5,-13.037107467651367,114,0,False,False,,,,,,,,,,,
margin,Syracuse,scientific_f5_m5,-13.113229751586914,115,0,False,False,,,,,,,,,,,
margin,UL Monroe,scientific_f5_m5,-13.897075653076172,116,0,False,False,,,,,,,,,,,
margin,Bowling Green,scientific_f5_m5,-14.385149955749512,117,0,False,False,,,,,,,,,,,
margin,San Diego State,scientific_f5_m5,-14.54605484008789,118,0,False,False,,,,,,,,,,,
margin,Georgia State,scientific_f5_m5,-15.180389404296875,119,0,False,False,,,,,,,,,,,
margin,Clemson,scientific_f5_m5,-16.066667556762695,120,0,False,False,,,,,,,,,,,
margin,Eastern Michigan,scientific_f5_m5,-16.269506454467773,121,0,False,False,,,,,,,,,,,
margin,Rice,scientific_f5_m5,-17.651756286621094,122,0,False,False,,,,,,,,,,,
margin,Florida Atlantic,scientific_f5_m5,-18.189237594604492,123,0,False,False,,,,,,,,,,,
margin,Fresno State,scientific_f5_m5,-18.730186462402344,124,0,False,False,,,,,,,,,,,
margin,Charlotte,scientific_f5_m5,-19.073728561401367,125,0,False,False,,,,,,,,,,,
margin,Middle Tennessee,scientific_f5_m5,-20.563404083251953,126,0,False,False,,,,,,,,,,,
margin,Tulsa,scientific_f5_m5,-21.04137420654297,127,0,False,False,,,,,,,,,,,
margin,Wyoming,scientific_f5_m5,-21.668087005615234,128,0,False,False,,,,,,,,,,,
margin,Utah State,scientific_f5_m5,-22.91623306274414,129,0,False,False,,,,,,,,,,,
margin,Western Kentucky,scientific_f5_m5,-23.102893829345703,130,0,False,False,,,,,,,,,,,
margin,Nevada,scientific_f5_m5,-26.252212524414062,131,0,False,False,,,,,,,,,,,
margin,UAB,scientific_f5_m5,-30.47557830810547,132,0,False,False,,,,,,,,,,,
margin,Buffalo,scientific_f5_m5,-31.26797866821289,133,0,False,False,,,,,,,,,,,
margin,Southern Miss,scientific_f5_m5,-33.375640869140625,134,0,False,False,,,,,,,,,,,
margin,Sacramento State,scientific_f5_m5,-37.096004486083984,135,0,False,False,,,,,,,,,,,
margin,Sam Houston,scientific_f5_m5,-39.8089599609375,136,0,False,False,,,,,,,,,,,
margin,Ball State,scientific_f5_m5,-41.9921760559082,137,0,False,False,,,,,,,,,,,
margin,Arkansas State,scientific_f5_m5,-44.87042236328125,138,0,False,False,,,,,,,,,,,
margin,Ohio State,scientific_f5_m10,24.3,1,25,True,True,,,,,,,,,,,
margin,Clemson,scientific_f5_m10,23.7,2,24,True,False,,,,,,,,,,,
margin,Indiana,scientific_f5_m10,22.7,3,23,True,False,,,,,,,,,,,
margin,Kansas State,scientific_f5_m10,22.15,4,22,True,False,,,,,,,,,,,
margin,Oregon,scientific_f5_m10,22.0,5,21,True,False,,,,,,,,,,,
margin,Georgia,scientific_f5_m10,21.95,6,20,True,False,,,,,,,,,,,
margin,Ole Miss,scientific_f5_m10,20.05,7,19,True,False,,,,,,,,,,,
margin,Tennessee,scientific_f5_m10,19.55,8,18,True,False,,,,,,,,,,,
margin,Penn State,scientific_f5_m10,19.3,9,17,True,False,,,,,,,,,,,
margin,LSU,scientific_f5_m10,19.0,10,16,True,False,,,,,,,,,,,
margin,Houston,scientific_f5_m10,18.15,11,15,True,False,,,,,,,,,,,
margin,Miami,scientific_f5_m10,17.5,12,14,True,False,,,,,,,,,,,
margin,Michigan,scientific_f5_m10,16.95,13,13,True,False,,,,,,,,,,,
margin,Notre Dame,scientific_f5_m10,16.95,14,12,True,False,,,,,,,,,,,
margin,Oklahoma,scientific_f5_m10,16.25,15,11,True,False,,,,,,,,,,,
margin,USC,scientific_f5_m10,15.7,16,10,True,False,,,,,,,,,,,
margin,Florida State,scientific_f5_m10,15.6,17,9,True,False,,,,,,,,,,,
margin,Virginia Tech,scientific_f5_m10,15.55,18,8,True,False,,,,,,,,,,,
margin,Texas A&M,scientific_f5_m10,15.5,19,7,True,False,,,,,,,,,,,
margin,Alabama,scientific_f5_m10,15.4,20,6,True,False,,,,,,,,,,,
margin,Florida,scientific_f5_m10,15.35,21,5,True,False,,,,,,,,,,,
margin,Texas,scientific_f5_m10,15.35,22,4,True,False,,,,,,,,,,,
margin,Iowa,scientific_f5_m10,14.75,23,3,True,False,,,,,,,,,,,
margin,Utah,scientific_f5_m10,14.75,24,2,True,False,,,,,,,,,,,
margin,Wisconsin,scientific_f5_m10,14.0,25,1,True,False,,,,,,,,,,,
margin,Louisville,scientific_f5_m10,13.35,26,0,False,False,,,,,,,,,,,
margin,Missouri,scientific_f5_m10,13.3,27,0,False,False,,,,,,,,,,,
margin,Nebraska,scientific_f5_m10,12.7,28,0,False,False,,,,,,,,,,,
margin,NC State,scientific_f5_m10,12.55,29,0,False,False,,,,,,,,,,,
margin,South Carolina,scientific_f5_m10,12.15,30,0,False,False,,,,,,,,,,,
margin,UCLA,scientific_f5_m10,11.55,31,0,False,False,,,,,,,,,,,
margin,California,scientific_f5_m10,11.2,32,0,False,False,,,,,,,,,,,
margin,Kentucky,scientific_f5_m10,10.65,33,0,False,False,,,,,,,,,,,
margin,Minnesota,scientific_f5_m10,10.25,34,0,False,False,,,,,,,,,,,
margin,James Madison,scientific_f5_m10,9.075,35,0,False,False,,,,,,,,,,,
margin,Georgia Southern,scientific_f5_m10,9.05,36,0,False,False,,,,,,,,,,,
margin,BYU,scientific_f5_m10,9.0,37,0,False,False,,,,,,,,,,,
margin,TCU,scientific_f5_m10,9.0,38,0,False,False,,,,,,,,,,,
margin,Illinois,scientific_f5_m10,7.8,39,0,False,False,,,,,,,,,,,
margin,UNLV,scientific_f5_m10,7.75,40,0,False,False,,,,,,,,,,,
margin,Rutgers,scientific_f5_m10,7.65,41,0,False,False,,,,,,,,,,,
margin,Purdue,scientific_f5_m10,7.6,42,0,False,False,,,,,,,,,,,
margin,Texas Tech,scientific_f5_m10,7.35,43,0,False,False,,,,,,,,,,,
margin,Pittsburgh,scientific_f5_m10,7.2,44,0,False,False,,,,,,,,,,,
margin,Maryland,scientific_f5_m10,6.85,45,0,False,False,,,,,,,,,,,
margin,SMU,scientific_f5_m10,6.5,46,0,False,False,,,,,,,,,,,
margin,Georgia Tech,scientific_f5_m10,6.45,47,0,False,False,,,,,,,,,,,
margin,Wake Forest,scientific_f5_m10,6.35,48,0,False,False,,,,,,,,,,,
margin,Duke,scientific_f5_m10,6.1,49,0,False,False,,,,,,,,,,,
margin,Washington,scientific_f5_m10,6.1,50,0,False,False,,,,,,,,,,,
margin,Kansas,scientific_f5_m10,6.05,51,0,False,False,,,,,,,,,,,
margin,Mississippi State,scientific_f5_m10,6.0,52,0,False,False,,,,,,,,,,,
margin,UTSA,scientific_f5_m10,6.0,53,0,False,False,,,,,,,,,,,
margin,Memphis,scientific_f5_m10,5.95,54,0,False,False,,,,,,,,,,,
margin,Arizona,scientific_f5_m10,5.7,55,0,False,False,,,,,,,,,,,
margin,Cincinnati,scientific_f5_m10,5.475,56,0,False,False,,,,,,,,,,,
margin,West Virginia,scientific_f5_m10,5.4,57,0,False,False,,,,,,,,,,,
margin,Arkansas,scientific_f5_m10,5.3,58,0,False,False,,,,,,,,,,,
margin,Army,scientific_f5_m10,4.8,59,0,False,False,,,,,,,,,,,
margin,UCF,scientific_f5_m10,4.75,60,0,False,False,,,,,,,,,,,
margin,Navy,scientific_f5_m10,4.65,61,0,False,False,,,,,,,,,,,
margin,Texas State,scientific_f5_m10,4.375,62,0,False,False,,,,,,,,,,,
margin,Iowa State,scientific_f5_m10,4.3,63,0,False,False,,,,,,,,,,,
margin,San José State,scientific_f5_m10,3.75,64,0,False,False,,,,,,,,,,,
margin,Virginia,scientific_f5_m10,3.65,65,0,False,False,,,,,,,,,,,
margin,Colorado State,scientific_f5_m10,3.2,66,0,False,False,,,,,,,,,,,
margin,Boise State,scientific_f5_m10,2.8,67,0,False,False,,,,,,,,,,,
margin,Washington State,scientific_f5_m10,2.475,68,0,False,False,,,,,,,,,,,
margin,UConn,scientific_f5_m10,2.275,69,0,False,False,,,,,,,,,,,
margin,Liberty,scientific_f5_m10,2.075,70,0,False,False,,,,,,,,,,,
margin,Arizona State,scientific_f5_m10,2.05,71,0,False,False,,,,,,,,,,,
margin,Oklahoma State,scientific_f5_m10,2.05,72,0,False,False,,,,,,,,,,,
margin,Michigan State,scientific_f5_m10,2.0,73,0,False,False,,,,,,,,,,,
margin,Boston College,scientific_f5_m10,1.95,74,0,False,False,,,,,,,,,,,
margin,Vanderbilt,scientific_f5_m10,1.15,75,0,False,False,,,,,,,,,,,
margin,San Diego State,scientific_f5_m10,0.85,76,0,False,False,,,,,,,,,,,
margin,Arkansas State,scientific_f5_m10,0.725,77,0,False,False,,,,,,,,,,,
margin,Baylor,scientific_f5_m10,0.6,78,0,False,False,,,,,,,,,,,
margin,Fresno State,scientific_f5_m10,0.4,79,0,False,False,,,,,,,,,,,
margin,Air Force,scientific_f5_m10,0.375,80,0,False,False,,,,,,,,,,,
margin,South Florida,scientific_f5_m10,-0.45,81,0,False,False,,,,,,,,,,,
margin,Miami (OH),scientific_f5_m10,-0.5,82,0,False,False,,,,,,,,,,,
margin,North Carolina,scientific_f5_m10,-0.6,83,0,False,False,,,,,,,,,,,
margin,Syracuse,scientific_f5_m10,-0.75,84,0,False,False,,,,,,,,,,,
margin,North Texas,scientific_f5_m10,-1.225,85,0,False,False,,,,,,,,,,,
margin,New Mexico,scientific_f5_m10,-1.35,86,0,False,False,,,,,,,,,,,
margin,Northwestern,scientific_f5_m10,-1.35,87,0,False,False,,,,,,,,,,,
margin,East Carolina,scientific_f5_m10,-1.375,88,0,False,False,,,,,,,,,,,
margin,Auburn,scientific_f5_m10,-1.45,89,0,False,False,,,,,,,,,,,
margin,Louisiana,scientific_f5_m10,-1.65,90,0,False,False,,,,,,,,,,,
margin,UAB,scientific_f5_m10,-1.775,91,0,False,False,,,,,,,,,,,
margin,Tulane,scientific_f5_m10,-1.8,92,0,False,False,,,,,,,,,,,
margin,App State,scientific_f5_m10,-2.325,93,0,False,False,,,,,,,,,,,
margin,Kennesaw State,scientific_f5_m10,-2.65,94,0,False,False,,,,,,,,,,,
margin,Tulsa,scientific_f5_m10,-3.05,95,0,False,False,,,,,,,,,,,
margin,Utah State,scientific_f5_m10,-3.05,96,0,False,False,,,,,,,,,,,
margin,Florida International,scientific_f5_m10,-3.075,97,0,False,False,,,,,,,,,,,
margin,Marshall,scientific_f5_m10,-3.175,98,0,False,False,,,,,,,,,,,
margin,Coastal Carolina,scientific_f5_m10,-3.2,99,0,False,False,,,,,,,,,,,
margin,South Alabama,scientific_f5_m10,-3.35,100,0,False,False,,,,,,,,,,,
margin,Florida Atlantic,scientific_f5_m10,-3.375,101,0,False,False,,,,,,,,,,,
margin,Colorado,scientific_f5_m10,-3.4,102,0,False,False,,,,,,,,,,,
margin,Louisiana Tech,scientific_f5_m10,-3.55,103,0,False,False,,,,,,,,,,,
margin,Georgia State,scientific_f5_m10,-4.15,104,0,False,False,,,,,,,,,,,
margin,Toledo,scientific_f5_m10,-4.95,105,0,False,False,,,,,,,,,,,
margin,Middle Tennessee,scientific_f5_m10,-5.075,106,0,False,False,,,,,,,,,,,
margin,Rice,scientific_f5_m10,-5.15,107,0,False,False,,,,,,,,,,,
margin,Sam Houston,scientific_f5_m10,-5.3,108,0,False,False,,,,,,,,,,,
margin,Southern Miss,scientific_f5_m10,-5.35,109,0,False,False,,,,,,,,,,,
margin,Jacksonville State,scientific_f5_m10,-5.4,110,0,False,False,,,,,,,,,,,
margin,New Mexico State,scientific_f5_m10,-5.425,111,0,False,False,,,,,,,,,,,
margin,Central Michigan,scientific_f5_m10,-5.6,112,0,False,False,,,,,,,,,,,
margin,UL Monroe,scientific_f5_m10,-5.6,113,0,False,False,,,,,,,,,,,
margin,Delaware,scientific_f5_m10,-5.75,114,0,False,False,,,,,,,,,,,
margin,Wyoming,scientific_f5_m10,-6.25,115,0,False,False,,,,,,,,,,,
margin,Hawai'i,scientific_f5_m10,-6.35,116,0,False,False,,,,,,,,,,,
margin,Sacramento State,scientific_f5_m10,-6.825,117,0,False,False,,,,,,,,,,,
margin,Akron,scientific_f5_m10,-6.875,118,0,False,False,,,,,,,,,,,
margin,Oregon State,scientific_f5_m10,-6.95,119,0,False,False,,,,,,,,,,,
margin,Missouri State,scientific_f5_m10,-7.3,120,0,False,False,,,,,,,,,,,
margin,Temple,scientific_f5_m10,-7.65,121,0,False,False,,,,,,,,,,,
margin,Northern Illinois,scientific_f5_m10,-8.0,122,0,False,False,,,,,,,,,,,
margin,UTEP,scientific_f5_m10,-8.1,123,0,False,False,,,,,,,,,,,
margin,Troy,scientific_f5_m10,-8.65,124,0,False,False,,,,,,,,,,,
margin,Massachusetts,scientific_f5_m10,-8.75,125,0,False,False,,,,,,,,,,,
margin,Nevada,scientific_f5_m10,-8.95,126,0,False,False,,,,,,,,,,,
margin,Charlotte,scientific_f5_m10,-9.0,127,0,False,False,,,,,,,,,,,
margin,Western Michigan,scientific_f5_m10,-9.25,128,0,False,False,,,,,,,,,,,
margin,Ohio,scientific_f5_m10,-10.35,129,0,False,False,,,,,,,,,,,
margin,North Dakota State,scientific_f5_m10,-11.8,130,0,False,False,,,,,,,,,,,
margin,Old Dominion,scientific_f5_m10,-11.9,131,0,False,False,,,,,,,,,,,
margin,Eastern Michigan,scientific_f5_m10,-14.05,132,0,False,False,,,,,,,,,,,
margin,Ball State,scientific_f5_m10,-15.1,133,0,False,False,,,,,,,,,,,
margin,Buffalo,scientific_f5_m10,-16.55,134,0,False,False,,,,,,,,,,,
margin,Stanford,scientific_f5_m10,-17.8,135,0,False,False,,,,,,,,,,,
margin,Bowling Green,scientific_f5_m10,-19.6,136,0,False,False,,,,,,,,,,,
margin,Kent State,scientific_f5_m10,-21.7,137,0,False,False,,,,,,,,,,,
margin,Western Kentucky,scientific_f5_m10,-22.55,138,0,False,False,,,,,,,,,,,
margin,Ohio State,scientific_f6_m1,33.7667508328159,1,25,True,True,,,,,,,,,,,
margin,Georgia,scientific_f6_m1,33.50120729106929,2,24,True,False,,,,,,,,,,,
margin,Texas,scientific_f6_m1,29.694087037830105,3,23,True,False,,,,,,,,,,,
margin,Oregon,scientific_f6_m1,26.888828805891258,4,22,True,False,,,,,,,,,,,
margin,Tennessee,scientific_f6_m1,25.206229388270312,5,21,True,False,,,,,,,,,,,
margin,Oklahoma,scientific_f6_m1,24.756472598562127,6,20,True,False,,,,,,,,,,,
margin,Alabama,scientific_f6_m1,24.412235086275082,7,19,True,False,,,,,,,,,,,
margin,Indiana,scientific_f6_m1,22.63061300750947,8,18,True,False,,,,,,,,,,,
margin,Ole Miss,scientific_f6_m1,22.37296386801672,9,17,True,False,,,,,,,,,,,
margin,Michigan,scientific_f6_m1,21.875086224192337,10,16,True,False,,,,,,,,,,,
margin,Notre Dame,scientific_f6_m1,21.701138502016597,11,15,True,False,,,,,,,,,,,
margin,LSU,scientific_f6_m1,20.593756740512877,12,14,True,False,,,,,,,,,,,
margin,Florida,scientific_f6_m1,20.359543106039027,13,13,True,False,,,,,,,,,,,
margin,Texas A&M,scientific_f6_m1,19.92661776940669,14,12,True,False,,,,,,,,,,,
margin,South Carolina,scientific_f6_m1,19.072032468053656,15,11,True,False,,,,,,,,,,,
margin,Kansas State,scientific_f6_m1,18.991198924380733,16,10,True,False,,,,,,,,,,,
margin,USC,scientific_f6_m1,18.78840220547261,17,9,True,False,,,,,,,,,,,
margin,Utah,scientific_f6_m1,18.657225617545404,18,8,True,False,,,,,,,,,,,
margin,Iowa,scientific_f6_m1,18.301486861567412,19,7,True,False,,,,,,,,,,,
margin,Miami,scientific_f6_m1,17.922977952429445,20,6,True,False,,,,,,,,,,,
margin,BYU,scientific_f6_m1,17.485202057519448,21,5,True,False,,,,,,,,,,,
margin,Illinois,scientific_f6_m1,17.344635038067956,22,4,True,False,,,,,,,,,,,
margin,Penn State,scientific_f6_m1,15.776317902535563,23,3,True,False,,,,,,,,,,,
margin,Mississippi State,scientific_f6_m1,15.661122555055588,24,2,True,False,,,,,,,,,,,
margin,Louisville,scientific_f6_m1,15.39488500206281,25,1,True,False,,,,,,,,,,,
margin,Missouri,scientific_f6_m1,14.961258038197595,26,0,False,False,,,,,,,,,,,
margin,Virginia Tech,scientific_f6_m1,13.679149052875513,27,0,False,False,,,,,,,,,,,
margin,Texas Tech,scientific_f6_m1,12.993186691290912,28,0,False,False,,,,,,,,,,,
margin,James Madison,scientific_f6_m1,12.985665539780221,29,0,False,False,,,,,,,,,,,
margin,Nebraska,scientific_f6_m1,12.426082269596517,30,0,False,False,,,,,,,,,,,
margin,Washington,scientific_f6_m1,11.88861848611943,31,0,False,False,,,,,,,,,,,
margin,Pittsburgh,scientific_f6_m1,11.204670445614392,32,0,False,False,,,,,,,,,,,
margin,Houston,scientific_f6_m1,10.877366682846201,33,0,False,False,,,,,,,,,,,
margin,Iowa State,scientific_f6_m1,10.366550266034105,34,0,False,False,,,,,,,,,,,
margin,UCLA,scientific_f6_m1,10.261019748519931,35,0,False,False,,,,,,,,,,,
margin,Auburn,scientific_f6_m1,10.254285419771836,36,0,False,False,,,,,,,,,,,
margin,Baylor,scientific_f6_m1,10.14883423682555,37,0,False,False,,,,,,,,,,,
margin,Boise State,scientific_f6_m1,9.96034165340257,38,0,False,False,,,,,,,,,,,
margin,SMU,scientific_f6_m1,9.708073201298053,39,0,False,False,,,,,,,,,,,
margin,Minnesota,scientific_f6_m1,9.694871718987878,40,0,False,False,,,,,,,,,,,
margin,Northwestern,scientific_f6_m1,9.539861947079295,41,0,False,False,,,,,,,,,,,
margin,Duke,scientific_f6_m1,8.589288860545931,42,0,False,False,,,,,,,,,,,
margin,UCF,scientific_f6_m1,8.283513656861592,43,0,False,False,,,,,,,,,,,
margin,Kentucky,scientific_f6_m1,8.111781321004818,44,0,False,False,,,,,,,,,,,
margin,Wisconsin,scientific_f6_m1,8.001051913164133,45,0,False,False,,,,,,,,,,,
margin,Vanderbilt,scientific_f6_m1,7.99214178442179,46,0,False,False,,,,,,,,,,,
margin,TCU,scientific_f6_m1,7.853707369815244,47,0,False,False,,,,,,,,,,,
margin,Oklahoma State,scientific_f6_m1,7.517312943132632,48,0,False,False,,,,,,,,,,,
margin,Arizona,scientific_f6_m1,7.284156341703591,49,0,False,False,,,,,,,,,,,
margin,Clemson,scientific_f6_m1,6.813852260099775,50,0,False,False,,,,,,,,,,,
margin,NC State,scientific_f6_m1,6.341377580636299,51,0,False,False,,,,,,,,,,,
margin,West Virginia,scientific_f6_m1,6.276306610047414,52,0,False,False,,,,,,,,,,,
margin,North Dakota State,scientific_f6_m1,6.03574554145794,53,0,False,False,,,,,,,,,,,
margin,Cincinnati,scientific_f6_m1,6.028718217181179,54,0,False,False,,,,,,,,,,,
margin,Virginia,scientific_f6_m1,5.543003372020976,55,0,False,False,,,,,,,,,,,
margin,South Florida,scientific_f6_m1,5.216233291987614,56,0,False,False,,,,,,,,,,,
margin,North Carolina,scientific_f6_m1,4.877204242586046,57,0,False,False,,,,,,,,,,,
margin,California,scientific_f6_m1,4.442749772525313,58,0,False,False,,,,,,,,,,,
margin,Georgia Tech,scientific_f6_m1,4.340687650551012,59,0,False,False,,,,,,,,,,,
margin,Army,scientific_f6_m1,4.324599650555423,60,0,False,False,,,,,,,,,,,
margin,Wake Forest,scientific_f6_m1,4.112120976880119,61,0,False,False,,,,,,,,,,,
margin,Arizona State,scientific_f6_m1,3.9615299877166765,62,0,False,False,,,,,,,,,,,
margin,Maryland,scientific_f6_m1,3.849433177158731,63,0,False,False,,,,,,,,,,,
margin,New Mexico,scientific_f6_m1,3.681750001207413,64,0,False,False,,,,,,,,,,,
margin,Purdue,scientific_f6_m1,3.648514850715722,65,0,False,False,,,,,,,,,,,
margin,Syracuse,scientific_f6_m1,3.6315941678729935,66,0,False,False,,,,,,,,,,,
margin,Michigan State,scientific_f6_m1,3.4951528032897023,67,0,False,False,,,,,,,,,,,
margin,Washington State,scientific_f6_m1,2.8056658499747718,68,0,False,False,,,,,,,,,,,
margin,Western Michigan,scientific_f6_m1,2.498186969712481,69,0,False,False,,,,,,,,,,,
margin,Kansas,scientific_f6_m1,2.253167544634872,70,0,False,False,,,,,,,,,,,
margin,Toledo,scientific_f6_m1,1.8619259500677847,71,0,False,False,,,,,,,,,,,
margin,UTSA,scientific_f6_m1,1.8093307659348854,72,0,False,False,,,,,,,,,,,
margin,Florida State,scientific_f6_m1,1.6242022627367052,73,0,False,False,,,,,,,,,,,
margin,Memphis,scientific_f6_m1,1.4960052208568584,74,0,False,False,,,,,,,,,,,
margin,South Alabama,scientific_f6_m1,1.2739218233130893,75,0,False,False,,,,,,,,,,,
margin,UConn,scientific_f6_m1,0.46160043812947027,76,0,False,False,,,,,,,,,,,
margin,Louisiana,scientific_f6_m1,0.26534254474632135,77,0,False,False,,,,,,,,,,,
margin,Georgia Southern,scientific_f6_m1,0.2420371296211945,78,0,False,False,,,,,,,,,,,
margin,Tulsa,scientific_f6_m1,0.22510367022522448,79,0,False,False,,,,,,,,,,,
margin,Fresno State,scientific_f6_m1,0.1611891319517076,80,0,False,False,,,,,,,,,,,
margin,Liberty,scientific_f6_m1,0.08558954593723644,81,0,False,False,,,,,,,,,,,
margin,App State,scientific_f6_m1,-0.19440455046323724,82,0,False,False,,,,,,,,,,,
margin,Delaware,scientific_f6_m1,-0.44065432666932214,83,0,False,False,,,,,,,,,,,
margin,Jacksonville State,scientific_f6_m1,-0.9328710060871304,84,0,False,False,,,,,,,,,,,
margin,Boston College,scientific_f6_m1,-1.4510799345095995,85,0,False,False,,,,,,,,,,,
margin,Texas State,scientific_f6_m1,-1.5044096820576707,86,0,False,False,,,,,,,,,,,
margin,Colorado,scientific_f6_m1,-1.7365331506346644,87,0,False,False,,,,,,,,,,,
margin,Colorado State,scientific_f6_m1,-1.826698049867602,88,0,False,False,,,,,,,,,,,
margin,Air Force,scientific_f6_m1,-2.368497910739353,89,0,False,False,,,,,,,,,,,
margin,Louisiana Tech,scientific_f6_m1,-2.4522181282383206,90,0,False,False,,,,,,,,,,,
margin,San Diego State,scientific_f6_m1,-2.82867604784541,91,0,False,False,,,,,,,,,,,
margin,Arkansas,scientific_f6_m1,-3.1151405576709355,92,0,False,False,,,,,,,,,,,
margin,Stanford,scientific_f6_m1,-3.336831919426243,93,0,False,False,,,,,,,,,,,
margin,Coastal Carolina,scientific_f6_m1,-3.8978498665207946,94,0,False,False,,,,,,,,,,,
margin,Old Dominion,scientific_f6_m1,-3.956943952002514,95,0,False,False,,,,,,,,,,,
margin,Tulane,scientific_f6_m1,-4.12914244993194,96,0,False,False,,,,,,,,,,,
margin,East Carolina,scientific_f6_m1,-4.393082619733678,97,0,False,False,,,,,,,,,,,
margin,Ohio,scientific_f6_m1,-4.420226417024371,98,0,False,False,,,,,,,,,,,
margin,Miami (OH),scientific_f6_m1,-4.661640947930752,99,0,False,False,,,,,,,,,,,
margin,Sam Houston,scientific_f6_m1,-4.994154691479642,100,0,False,False,,,,,,,,,,,
margin,Temple,scientific_f6_m1,-5.1250939845361225,101,0,False,False,,,,,,,,,,,
margin,Oregon State,scientific_f6_m1,-5.236033471252294,102,0,False,False,,,,,,,,,,,
margin,Georgia State,scientific_f6_m1,-5.451348039617323,103,0,False,False,,,,,,,,,,,
margin,Troy,scientific_f6_m1,-5.636475481190785,104,0,False,False,,,,,,,,,,,
margin,Central Michigan,scientific_f6_m1,-6.068164612128274,105,0,False,False,,,,,,,,,,,
margin,Rutgers,scientific_f6_m1,-6.355991729516309,106,0,False,False,,,,,,,,,,,
margin,New Mexico State,scientific_f6_m1,-6.488033685905768,107,0,False,False,,,,,,,,,,,
margin,Navy,scientific_f6_m1,-6.848651559465536,108,0,False,False,,,,,,,,,,,
margin,Southern Miss,scientific_f6_m1,-6.999716921033486,109,0,False,False,,,,,,,,,,,
margin,UAB,scientific_f6_m1,-7.064557193302371,110,0,False,False,,,,,,,,,,,
margin,UNLV,scientific_f6_m1,-7.305095415617132,111,0,False,False,,,,,,,,,,,
margin,Arkansas State,scientific_f6_m1,-7.365131012647622,112,0,False,False,,,,,,,,,,,
margin,Florida Atlantic,scientific_f6_m1,-7.749468905836911,113,0,False,False,,,,,,,,,,,
margin,Missouri State,scientific_f6_m1,-7.81742945317733,114,0,False,False,,,,,,,,,,,
margin,Utah State,scientific_f6_m1,-8.15957914616192,115,0,False,False,,,,,,,,,,,
margin,Florida International,scientific_f6_m1,-8.169647035174666,116,0,False,False,,,,,,,,,,,
margin,San José State,scientific_f6_m1,-8.403831501293737,117,0,False,False,,,,,,,,,,,
margin,Middle Tennessee,scientific_f6_m1,-8.635071270734269,118,0,False,False,,,,,,,,,,,
margin,Hawai'i,scientific_f6_m1,-8.840763810331445,119,0,False,False,,,,,,,,,,,
margin,North Texas,scientific_f6_m1,-9.057302717305706,120,0,False,False,,,,,,,,,,,
margin,Marshall,scientific_f6_m1,-9.244151376880115,121,0,False,False,,,,,,,,,,,
margin,Akron,scientific_f6_m1,-9.672885069665046,122,0,False,False,,,,,,,,,,,
margin,Rice,scientific_f6_m1,-9.834049832597064,123,0,False,False,,,,,,,,,,,
margin,Kennesaw State,scientific_f6_m1,-10.808396688237643,124,0,False,False,,,,,,,,,,,
margin,Massachusetts,scientific_f6_m1,-12.304258521451302,125,0,False,False,,,,,,,,,,,
margin,Nevada,scientific_f6_m1,-12.403663898897815,126,0,False,False,,,,,,,,,,,
margin,Western Kentucky,scientific_f6_m1,-13.308679277451478,127,0,False,False,,,,,,,,,,,
margin,Charlotte,scientific_f6_m1,-14.282724256973523,128,0,False,False,,,,,,,,,,,
margin,Wyoming,scientific_f6_m1,-14.85062972391184,129,0,False,False,,,,,,,,,,,
margin,Sacramento State,scientific_f6_m1,-15.44681904224371,130,0,False,False,,,,,,,,,,,
margin,UTEP,scientific_f6_m1,-17.58950232926362,131,0,False,False,,,,,,,,,,,
margin,Northern Illinois,scientific_f6_m1,-17.856716314570924,132,0,False,False,,,,,,,,,,,
margin,Buffalo,scientific_f6_m1,-18.326439574023404,133,0,False,False,,,,,,,,,,,
margin,Eastern Michigan,scientific_f6_m1,-18.958850908350836,134,0,False,False,,,,,,,,,,,
margin,Bowling Green,scientific_f6_m1,-19.279528483855582,135,0,False,False,,,,,,,,,,,
margin,UL Monroe,scientific_f6_m1,-20.41857000380115,136,0,False,False,,,,,,,,,,,
margin,Ball State,scientific_f6_m1,-21.66671334128663,137,0,False,False,,,,,,,,,,,
margin,Kent State,scientific_f6_m1,-22.929114917286935,138,0,False,False,,,,,,,,,,,
margin,Ohio State,scientific_f6_m2,29.711548786343275,1,25,True,True,,,,,,,,,,,
margin,Georgia,scientific_f6_m2,29.51361712250679,2,24,True,False,,,,,,,,,,,
margin,Texas,scientific_f6_m2,26.50226706105033,3,23,True,False,,,,,,,,,,,
margin,Notre Dame,scientific_f6_m2,24.980299431501102,4,22,True,False,,,,,,,,,,,
margin,Oregon,scientific_f6_m2,24.8661441581829,5,21,True,False,,,,,,,,,,,
margin,Tennessee,scientific_f6_m2,23.864374097147042,6,20,True,False,,,,,,,,,,,
margin,LSU,scientific_f6_m2,23.227287784658138,7,19,True,False,,,,,,,,,,,
margin,Alabama,scientific_f6_m2,22.975957936292268,8,18,True,False,,,,,,,,,,,
margin,Indiana,scientific_f6_m2,22.375962748646717,9,17,True,False,,,,,,,,,,,
margin,Kansas State,scientific_f6_m2,21.821861907748218,10,16,True,False,,,,,,,,,,,
margin,Oklahoma,scientific_f6_m2,21.639258213715895,11,15,True,False,,,,,,,,,,,
margin,Michigan,scientific_f6_m2,21.31186174614675,12,14,True,False,,,,,,,,,,,
margin,Ole Miss,scientific_f6_m2,21.28487950936593,13,13,True,False,,,,,,,,,,,
margin,Miami,scientific_f6_m2,20.882897282485562,14,12,True,False,,,,,,,,,,,
margin,USC,scientific_f6_m2,20.356898352364055,15,11,True,False,,,,,,,,,,,
margin,Florida,scientific_f6_m2,20.267360935574256,16,10,True,False,,,,,,,,,,,
margin,Utah,scientific_f6_m2,20.13663155552288,17,9,True,False,,,,,,,,,,,
margin,Iowa,scientific_f6_m2,20.06468234569857,18,8,True,False,,,,,,,,,,,
margin,Texas A&M,scientific_f6_m2,19.976145235151233,19,7,True,False,,,,,,,,,,,
margin,Illinois,scientific_f6_m2,19.751675184904855,20,6,True,False,,,,,,,,,,,
margin,South Carolina,scientific_f6_m2,19.50477742710257,21,5,True,False,,,,,,,,,,,
margin,Penn State,scientific_f6_m2,19.317509521221695,22,4,True,False,,,,,,,,,,,
margin,Louisville,scientific_f6_m2,18.826526586363393,23,3,True,False,,,,,,,,,,,
margin,Mississippi State,scientific_f6_m2,16.940869261820136,24,2,True,False,,,,,,,,,,,
margin,BYU,scientific_f6_m2,16.096148054202484,25,1,True,False,,,,,,,,,,,
margin,Missouri,scientific_f6_m2,15.73581284925003,26,0,False,False,,,,,,,,,,,
margin,Nebraska,scientific_f6_m2,15.157521051864821,27,0,False,False,,,,,,,,,,,
margin,James Madison,scientific_f6_m2,14.123105844836648,28,0,False,False,,,,,,,,,,,
margin,Texas Tech,scientific_f6_m2,14.103242237875381,29,0,False,False,,,,,,,,,,,
margin,Virginia Tech,scientific_f6_m2,14.049365563107859,30,0,False,False,,,,,,,,,,,
margin,UCLA,scientific_f6_m2,13.763902286504017,31,0,False,False,,,,,,,,,,,
margin,Houston,scientific_f6_m2,12.915671469459475,32,0,False,False,,,,,,,,,,,
margin,Washington,scientific_f6_m2,12.622417045616666,33,0,False,False,,,,,,,,,,,
margin,Pittsburgh,scientific_f6_m2,12.368125537885726,34,0,False,False,,,,,,,,,,,
margin,SMU,scientific_f6_m2,11.835495647036764,35,0,False,False,,,,,,,,,,,
margin,Boise State,scientific_f6_m2,10.912845742355678,36,0,False,False,,,,,,,,,,,
margin,Wisconsin,scientific_f6_m2,10.64779671797705,37,0,False,False,,,,,,,,,,,
margin,Minnesota,scientific_f6_m2,10.221907649227976,38,0,False,False,,,,,,,,,,,
margin,Duke,scientific_f6_m2,10.218269352689786,39,0,False,False,,,,,,,,,,,
margin,Baylor,scientific_f6_m2,10.046369111725701,40,0,False,False,,,,,,,,,,,
margin,UCF,scientific_f6_m2,9.969819709101182,41,0,False,False,,,,,,,,,,,
margin,Kentucky,scientific_f6_m2,9.777836505293566,42,0,False,False,,,,,,,,,,,
margin,Northwestern,scientific_f6_m2,9.723357815876811,43,0,False,False,,,,,,,,,,,
margin,Maryland,scientific_f6_m2,9.218080177297686,44,0,False,False,,,,,,,,,,,
margin,Iowa State,scientific_f6_m2,9.1495491087506,45,0,False,False,,,,,,,,,,,
margin,Oklahoma State,scientific_f6_m2,9.082950439344115,46,0,False,False,,,,,,,,,,,
margin,Auburn,scientific_f6_m2,9.041748387451339,47,0,False,False,,,,,,,,,,,
margin,Virginia,scientific_f6_m2,8.965300772682754,48,0,False,False,,,,,,,,,,,
margin,TCU,scientific_f6_m2,8.864241181149657,49,0,False,False,,,,,,,,,,,
margin,West Virginia,scientific_f6_m2,8.334631343917213,50,0,False,False,,,,,,,,,,,
margin,Cincinnati,scientific_f6_m2,8.307476505138414,51,0,False,False,,,,,,,,,,,
margin,Army,scientific_f6_m2,8.197819955496414,52,0,False,False,,,,,,,,,,,
margin,Vanderbilt,scientific_f6_m2,7.737227621045901,53,0,False,False,,,,,,,,,,,
margin,Arizona,scientific_f6_m2,7.636832042288468,54,0,False,False,,,,,,,,,,,
margin,South Florida,scientific_f6_m2,7.473189758569843,55,0,False,False,,,,,,,,,,,
margin,NC State,scientific_f6_m2,6.122880394649435,56,0,False,False,,,,,,,,,,,
margin,Wake Forest,scientific_f6_m2,5.349732504092926,57,0,False,False,,,,,,,,,,,
margin,New Mexico,scientific_f6_m2,5.306134412510994,58,0,False,False,,,,,,,,,,,
margin,Michigan State,scientific_f6_m2,4.832282040173396,59,0,False,False,,,,,,,,,,,
margin,Toledo,scientific_f6_m2,4.683888057797638,60,0,False,False,,,,,,,,,,,
margin,Clemson,scientific_f6_m2,4.56741023290762,61,0,False,False,,,,,,,,,,,
margin,North Carolina,scientific_f6_m2,3.8794834700126763,62,0,False,False,,,,,,,,,,,
margin,UTSA,scientific_f6_m2,3.872231389425128,63,0,False,False,,,,,,,,,,,
margin,Kansas,scientific_f6_m2,2.920431751614756,64,0,False,False,,,,,,,,,,,
margin,Arizona State,scientific_f6_m2,2.7614634099349575,65,0,False,False,,,,,,,,,,,
margin,California,scientific_f6_m2,2.741740165367121,66,0,False,False,,,,,,,,,,,
margin,North Dakota State,scientific_f6_m2,2.659911747334335,67,0,False,False,,,,,,,,,,,
margin,Air Force,scientific_f6_m2,2.3403940356704696,68,0,False,False,,,,,,,,,,,
margin,Georgia Tech,scientific_f6_m2,1.8618536194866266,69,0,False,False,,,,,,,,,,,
margin,Purdue,scientific_f6_m2,1.858872314617659,70,0,False,False,,,,,,,,,,,
margin,Florida State,scientific_f6_m2,1.6727865916511844,71,0,False,False,,,,,,,,,,,
margin,Colorado State,scientific_f6_m2,1.279266703535861,72,0,False,False,,,,,,,,,,,
margin,UConn,scientific_f6_m2,1.2005986206583934,73,0,False,False,,,,,,,,,,,
margin,Western Michigan,scientific_f6_m2,1.1943271249666778,74,0,False,False,,,,,,,,,,,
margin,Georgia Southern,scientific_f6_m2,1.0248663935748428,75,0,False,False,,,,,,,,,,,
margin,App State,scientific_f6_m2,0.9899733117890568,76,0,False,False,,,,,,,,,,,
margin,Syracuse,scientific_f6_m2,0.9073059665155777,77,0,False,False,,,,,,,,,,,
margin,Fresno State,scientific_f6_m2,0.6746992908944616,78,0,False,False,,,,,,,,,,,
margin,South Alabama,scientific_f6_m2,0.4580673349310602,79,0,False,False,,,,,,,,,,,
margin,Washington State,scientific_f6_m2,0.4037959296411735,80,0,False,False,,,,,,,,,,,
margin,Louisiana,scientific_f6_m2,0.23182934975664982,81,0,False,False,,,,,,,,,,,
margin,Memphis,scientific_f6_m2,0.1965532592978536,82,0,False,False,,,,,,,,,,,
margin,Liberty,scientific_f6_m2,-0.1295802457390094,83,0,False,False,,,,,,,,,,,
margin,Delaware,scientific_f6_m2,-0.8041073410858645,84,0,False,False,,,,,,,,,,,
margin,Georgia State,scientific_f6_m2,-0.9396671809324458,85,0,False,False,,,,,,,,,,,
margin,Texas State,scientific_f6_m2,-1.2360309975495578,86,0,False,False,,,,,,,,,,,
margin,Tulsa,scientific_f6_m2,-1.8067286415514712,87,0,False,False,,,,,,,,,,,
margin,Jacksonville State,scientific_f6_m2,-1.8354231702228028,88,0,False,False,,,,,,,,,,,
margin,Boston College,scientific_f6_m2,-2.4276844331204805,89,0,False,False,,,,,,,,,,,
margin,Sam Houston,scientific_f6_m2,-2.5186782020300496,90,0,False,False,,,,,,,,,,,
margin,Navy,scientific_f6_m2,-2.562072373527474,91,0,False,False,,,,,,,,,,,
margin,Miami (OH),scientific_f6_m2,-2.7375060093458012,92,0,False,False,,,,,,,,,,,
margin,Colorado,scientific_f6_m2,-3.3270861256449757,93,0,False,False,,,,,,,,,,,
margin,Arkansas,scientific_f6_m2,-3.485138344617637,94,0,False,False,,,,,,,,,,,
margin,Tulane,scientific_f6_m2,-3.659865417592439,95,0,False,False,,,,,,,,,,,
margin,Coastal Carolina,scientific_f6_m2,-3.9269626537055844,96,0,False,False,,,,,,,,,,,
margin,UNLV,scientific_f6_m2,-3.9511951807970567,97,0,False,False,,,,,,,,,,,
margin,Troy,scientific_f6_m2,-5.05913851859517,98,0,False,False,,,,,,,,,,,
margin,Old Dominion,scientific_f6_m2,-5.269262283349368,99,0,False,False,,,,,,,,,,,
margin,Louisiana Tech,scientific_f6_m2,-5.470413903735754,100,0,False,False,,,,,,,,,,,
margin,Middle Tennessee,scientific_f6_m2,-5.5872513640831105,101,0,False,False,,,,,,,,,,,
margin,San Diego State,scientific_f6_m2,-5.725355581649778,102,0,False,False,,,,,,,,,,,
margin,Massachusetts,scientific_f6_m2,-5.766225078337174,103,0,False,False,,,,,,,,,,,
margin,East Carolina,scientific_f6_m2,-6.3320162129465665,104,0,False,False,,,,,,,,,,,
margin,New Mexico State,scientific_f6_m2,-6.463533466245115,105,0,False,False,,,,,,,,,,,
margin,Temple,scientific_f6_m2,-6.481319659028497,106,0,False,False,,,,,,,,,,,
margin,Oregon State,scientific_f6_m2,-6.778618668318943,107,0,False,False,,,,,,,,,,,
margin,San José State,scientific_f6_m2,-6.83923732635967,108,0,False,False,,,,,,,,,,,
margin,Florida International,scientific_f6_m2,-6.880842989098538,109,0,False,False,,,,,,,,,,,
margin,Ohio,scientific_f6_m2,-7.047913762742969,110,0,False,False,,,,,,,,,,,
margin,Arkansas State,scientific_f6_m2,-7.366236987457698,111,0,False,False,,,,,,,,,,,
margin,Rutgers,scientific_f6_m2,-7.580240797264078,112,0,False,False,,,,,,,,,,,
margin,Florida Atlantic,scientific_f6_m2,-7.751177874251155,113,0,False,False,,,,,,,,,,,
margin,Stanford,scientific_f6_m2,-7.892982397176409,114,0,False,False,,,,,,,,,,,
margin,Hawai'i,scientific_f6_m2,-8.066721917759173,115,0,False,False,,,,,,,,,,,
margin,Southern Miss,scientific_f6_m2,-8.308902187172146,116,0,False,False,,,,,,,,,,,
margin,North Texas,scientific_f6_m2,-8.762409276788949,117,0,False,False,,,,,,,,,,,
margin,Utah State,scientific_f6_m2,-9.13290098799596,118,0,False,False,,,,,,,,,,,
margin,Central Michigan,scientific_f6_m2,-9.149520808017567,119,0,False,False,,,,,,,,,,,
margin,Akron,scientific_f6_m2,-9.33461570084734,120,0,False,False,,,,,,,,,,,
margin,Missouri State,scientific_f6_m2,-9.756413588466758,121,0,False,False,,,,,,,,,,,
margin,Rice,scientific_f6_m2,-9.764863145982988,122,0,False,False,,,,,,,,,,,
margin,Kennesaw State,scientific_f6_m2,-9.933078010189535,123,0,False,False,,,,,,,,,,,
margin,UAB,scientific_f6_m2,-10.227111312427416,124,0,False,False,,,,,,,,,,,
margin,Marshall,scientific_f6_m2,-10.335803220842383,125,0,False,False,,,,,,,,,,,
margin,Sacramento State,scientific_f6_m2,-13.340643158779073,126,0,False,False,,,,,,,,,,,
margin,Nevada,scientific_f6_m2,-13.748222940491383,127,0,False,False,,,,,,,,,,,
margin,Wyoming,scientific_f6_m2,-16.237894264650617,128,0,False,False,,,,,,,,,,,
margin,Charlotte,scientific_f6_m2,-16.565465949140037,129,0,False,False,,,,,,,,,,,
margin,UTEP,scientific_f6_m2,-17.028748622442706,130,0,False,False,,,,,,,,,,,
margin,Western Kentucky,scientific_f6_m2,-17.68268804349418,131,0,False,False,,,,,,,,,,,
margin,Eastern Michigan,scientific_f6_m2,-19.041389730449687,132,0,False,False,,,,,,,,,,,
margin,Buffalo,scientific_f6_m2,-19.121253774471796,133,0,False,False,,,,,,,,,,,
margin,Northern Illinois,scientific_f6_m2,-19.783966917640246,134,0,False,False,,,,,,,,,,,
margin,Ball State,scientific_f6_m2,-21.57891805368018,135,0,False,False,,,,,,,,,,,
margin,UL Monroe,scientific_f6_m2,-22.108168294912975,136,0,False,False,,,,,,,,,,,
margin,Bowling Green,scientific_f6_m2,-23.690949837670505,137,0,False,False,,,,,,,,,,,
margin,Kent State,scientific_f6_m2,-26.336526925111027,138,0,False,False,,,,,,,,,,,
margin,Georgia,scientific_f6_m3,29.61822646033727,1,25,True,True,,,,,,,,,,,
margin,Ohio State,scientific_f6_m3,26.9529670432702,2,24,True,False,,,,,,,,,,,
margin,Notre Dame,scientific_f6_m3,23.88226071221321,3,23,True,False,,,,,,,,,,,
margin,Miami,scientific_f6_m3,23.244486224863525,4,22,True,False,,,,,,,,,,,
margin,Oregon,scientific_f6_m3,22.276156077551967,5,21,True,False,,,,,,,,,,,
margin,Indiana,scientific_f6_m3,22.055194236986477,6,20,True,False,,,,,,,,,,,
margin,Alabama,scientific_f6_m3,21.865199973331986,7,19,True,False,,,,,,,,,,,
margin,Tennessee,scientific_f6_m3,20.653611190147206,8,18,True,False,,,,,,,,,,,
margin,Texas,scientific_f6_m3,19.601186037498334,9,17,True,False,,,,,,,,,,,
margin,LSU,scientific_f6_m3,19.53027932661486,10,16,True,False,,,,,,,,,,,
margin,Utah,scientific_f6_m3,19.314354431168926,11,15,True,False,,,,,,,,,,,
margin,Penn State,scientific_f6_m3,18.77439972472954,12,14,True,False,,,,,,,,,,,
margin,Iowa,scientific_f6_m3,18.69321961301606,13,13,True,False,,,,,,,,,,,
margin,Florida,scientific_f6_m3,17.968928258614362,14,12,True,False,,,,,,,,,,,
margin,Kansas State,scientific_f6_m3,17.84008899179122,15,11,True,False,,,,,,,,,,,
margin,Michigan,scientific_f6_m3,17.252391618661193,16,10,True,False,,,,,,,,,,,
margin,James Madison,scientific_f6_m3,17.195014763684167,17,9,True,False,,,,,,,,,,,
margin,Ole Miss,scientific_f6_m3,16.589618455502247,18,8,True,False,,,,,,,,,,,
margin,USC,scientific_f6_m3,16.389308179394423,19,7,True,False,,,,,,,,,,,
margin,Louisville,scientific_f6_m3,15.47170815442891,20,6,True,False,,,,,,,,,,,
margin,South Carolina,scientific_f6_m3,15.449757170165393,21,5,True,False,,,,,,,,,,,
margin,Houston,scientific_f6_m3,15.043586266845205,22,4,True,False,,,,,,,,,,,
margin,BYU,scientific_f6_m3,14.899843023954482,23,3,True,False,,,,,,,,,,,
margin,Mississippi State,scientific_f6_m3,14.181585630258235,24,2,True,False,,,,,,,,,,,
margin,Nebraska,scientific_f6_m3,14.124647233540571,25,1,True,False,,,,,,,,,,,
margin,Texas A&M,scientific_f6_m3,14.090845063362453,26,0,False,False,,,,,,,,,,,
margin,Oklahoma,scientific_f6_m3,13.720752989249515,27,0,False,False,,,,,,,,,,,
margin,Illinois,scientific_f6_m3,13.692493500825561,28,0,False,False,,,,,,,,,,,
margin,Virginia Tech,scientific_f6_m3,12.122406120577221,29,0,False,False,,,,,,,,,,,
margin,SMU,scientific_f6_m3,12.01436952419403,30,0,False,False,,,,,,,,,,,
margin,UCLA,scientific_f6_m3,11.976870818142723,31,0,False,False,,,,,,,,,,,
margin,Texas Tech,scientific_f6_m3,11.584416179081234,32,0,False,False,,,,,,,,,,,
margin,Missouri,scientific_f6_m3,11.031490603833852,33,0,False,False,,,,,,,,,,,
margin,Army,scientific_f6_m3,10.99983392912122,34,0,False,False,,,,,,,,,,,
margin,Washington,scientific_f6_m3,10.6561613711662,35,0,False,False,,,,,,,,,,,
margin,Pittsburgh,scientific_f6_m3,10.538255519990528,36,0,False,False,,,,,,,,,,,
margin,TCU,scientific_f6_m3,10.334189796050712,37,0,False,False,,,,,,,,,,,
margin,Virginia,scientific_f6_m3,10.231743552165739,38,0,False,False,,,,,,,,,,,
margin,West Virginia,scientific_f6_m3,9.933014062058898,39,0,False,False,,,,,,,,,,,
margin,Cincinnati,scientific_f6_m3,9.905487074598776,40,0,False,False,,,,,,,,,,,
margin,Boise State,scientific_f6_m3,9.904824429899918,41,0,False,False,,,,,,,,,,,
margin,Duke,scientific_f6_m3,9.85518614352173,42,0,False,False,,,,,,,,,,,
margin,Maryland,scientific_f6_m3,9.767669037616882,43,0,False,False,,,,,,,,,,,
margin,Iowa State,scientific_f6_m3,9.71062384254307,44,0,False,False,,,,,,,,,,,
margin,South Florida,scientific_f6_m3,8.987196102880956,45,0,False,False,,,,,,,,,,,
margin,Vanderbilt,scientific_f6_m3,8.387801778405555,46,0,False,False,,,,,,,,,,,
margin,UCF,scientific_f6_m3,8.312054230227593,47,0,False,False,,,,,,,,,,,
margin,Auburn,scientific_f6_m3,7.385270310054186,48,0,False,False,,,,,,,,,,,
margin,Baylor,scientific_f6_m3,7.30661602963333,49,0,False,False,,,,,,,,,,,
margin,Northwestern,scientific_f6_m3,7.034995279317329,50,0,False,False,,,,,,,,,,,
margin,Minnesota,scientific_f6_m3,7.018431185459693,51,0,False,False,,,,,,,,,,,
margin,Arizona,scientific_f6_m3,7.011362136285787,52,0,False,False,,,,,,,,,,,
margin,Oklahoma State,scientific_f6_m3,6.5399249336132925,53,0,False,False,,,,,,,,,,,
margin,Toledo,scientific_f6_m3,6.205493330186897,54,0,False,False,,,,,,,,,,,
margin,Wisconsin,scientific_f6_m3,6.1730460053870075,55,0,False,False,,,,,,,,,,,
margin,Air Force,scientific_f6_m3,5.873358562879507,56,0,False,False,,,,,,,,,,,
margin,Kentucky,scientific_f6_m3,5.698605635733365,57,0,False,False,,,,,,,,,,,
margin,NC State,scientific_f6_m3,5.418680204337159,58,0,False,False,,,,,,,,,,,
margin,UConn,scientific_f6_m3,5.39541738615081,59,0,False,False,,,,,,,,,,,
margin,New Mexico,scientific_f6_m3,5.0142865932525815,60,0,False,False,,,,,,,,,,,
margin,Navy,scientific_f6_m3,4.631919374594539,61,0,False,False,,,,,,,,,,,
margin,Kansas,scientific_f6_m3,3.4001849812701956,62,0,False,False,,,,,,,,,,,
margin,Louisiana,scientific_f6_m3,3.2416729321224103,63,0,False,False,,,,,,,,,,,
margin,Syracuse,scientific_f6_m3,3.035079792564926,64,0,False,False,,,,,,,,,,,
margin,North Dakota State,scientific_f6_m3,2.753942845965863,65,0,False,False,,,,,,,,,,,
margin,App State,scientific_f6_m3,2.673344813683916,66,0,False,False,,,,,,,,,,,
margin,Arizona State,scientific_f6_m3,2.3821381196908744,67,0,False,False,,,,,,,,,,,
margin,Memphis,scientific_f6_m3,1.967286521180603,68,0,False,False,,,,,,,,,,,
margin,North Carolina,scientific_f6_m3,1.8862395022825966,69,0,False,False,,,,,,,,,,,
margin,Clemson,scientific_f6_m3,1.7313307736745223,70,0,False,False,,,,,,,,,,,
margin,Liberty,scientific_f6_m3,1.7103693896518701,71,0,False,False,,,,,,,,,,,
margin,Georgia State,scientific_f6_m3,1.1326401405519833,72,0,False,False,,,,,,,,,,,
margin,South Alabama,scientific_f6_m3,0.9718997729250177,73,0,False,False,,,,,,,,,,,
margin,California,scientific_f6_m3,0.701647800394069,74,0,False,False,,,,,,,,,,,
margin,UTSA,scientific_f6_m3,0.3018767379642097,75,0,False,False,,,,,,,,,,,
margin,Fresno State,scientific_f6_m3,0.21645900046774122,76,0,False,False,,,,,,,,,,,
margin,Wake Forest,scientific_f6_m3,0.19636980420010994,77,0,False,False,,,,,,,,,,,
margin,Colorado State,scientific_f6_m3,-0.017990268197079943,78,0,False,False,,,,,,,,,,,
margin,Tulsa,scientific_f6_m3,-0.10452480753028066,79,0,False,False,,,,,,,,,,,
margin,Western Michigan,scientific_f6_m3,-0.10722350413881442,80,0,False,False,,,,,,,,,,,
margin,Georgia Southern,scientific_f6_m3,-0.10812642996416842,81,0,False,False,,,,,,,,,,,
margin,Michigan State,scientific_f6_m3,-0.12068238860163433,82,0,False,False,,,,,,,,,,,
margin,Delaware,scientific_f6_m3,-0.308379931639881,83,0,False,False,,,,,,,,,,,
margin,Georgia Tech,scientific_f6_m3,-0.4067166764341098,84,0,False,False,,,,,,,,,,,
margin,Florida State,scientific_f6_m3,-0.5489050703413716,85,0,False,False,,,,,,,,,,,
margin,Massachusetts,scientific_f6_m3,-0.5624289079463958,86,0,False,False,,,,,,,,,,,
margin,Sam Houston,scientific_f6_m3,-0.5891136588583348,87,0,False,False,,,,,,,,,,,
margin,Coastal Carolina,scientific_f6_m3,-1.1937672113233937,88,0,False,False,,,,,,,,,,,
margin,Jacksonville State,scientific_f6_m3,-1.438222477324023,89,0,False,False,,,,,,,,,,,
margin,Troy,scientific_f6_m3,-1.6054969455182864,90,0,False,False,,,,,,,,,,,
margin,Boston College,scientific_f6_m3,-2.2571977460971167,91,0,False,False,,,,,,,,,,,
margin,Washington State,scientific_f6_m3,-2.3327335239201936,92,0,False,False,,,,,,,,,,,
margin,Colorado,scientific_f6_m3,-2.4711308626907122,93,0,False,False,,,,,,,,,,,
margin,Louisiana Tech,scientific_f6_m3,-2.6758070751407925,94,0,False,False,,,,,,,,,,,
margin,Texas State,scientific_f6_m3,-2.8298417933098743,95,0,False,False,,,,,,,,,,,
margin,Purdue,scientific_f6_m3,-3.1488391469531587,96,0,False,False,,,,,,,,,,,
margin,Miami (OH),scientific_f6_m3,-3.3923062251073355,97,0,False,False,,,,,,,,,,,
margin,Middle Tennessee,scientific_f6_m3,-3.596302708068886,98,0,False,False,,,,,,,,,,,
margin,New Mexico State,scientific_f6_m3,-3.7324290216178193,99,0,False,False,,,,,,,,,,,
margin,UNLV,scientific_f6_m3,-4.626785046453468,100,0,False,False,,,,,,,,,,,
margin,Ohio,scientific_f6_m3,-5.0689543233036325,101,0,False,False,,,,,,,,,,,
margin,Tulane,scientific_f6_m3,-5.26711246303973,102,0,False,False,,,,,,,,,,,
margin,Arkansas State,scientific_f6_m3,-5.269008924821082,103,0,False,False,,,,,,,,,,,
margin,Old Dominion,scientific_f6_m3,-5.374872651050178,104,0,False,False,,,,,,,,,,,
margin,San José State,scientific_f6_m3,-5.950218884243263,105,0,False,False,,,,,,,,,,,
margin,North Texas,scientific_f6_m3,-6.418535899527767,106,0,False,False,,,,,,,,,,,
margin,Hawai'i,scientific_f6_m3,-6.428075989753648,107,0,False,False,,,,,,,,,,,
margin,Akron,scientific_f6_m3,-6.667234547887287,108,0,False,False,,,,,,,,,,,
margin,Oregon State,scientific_f6_m3,-6.807819166331152,109,0,False,False,,,,,,,,,,,
margin,Florida International,scientific_f6_m3,-6.830643272153308,110,0,False,False,,,,,,,,,,,
margin,San Diego State,scientific_f6_m3,-7.1882176218024805,111,0,False,False,,,,,,,,,,,
margin,Kennesaw State,scientific_f6_m3,-7.2326895071909325,112,0,False,False,,,,,,,,,,,
margin,East Carolina,scientific_f6_m3,-7.442905632666402,113,0,False,False,,,,,,,,,,,
margin,Arkansas,scientific_f6_m3,-7.487862958717589,114,0,False,False,,,,,,,,,,,
margin,Florida Atlantic,scientific_f6_m3,-8.337525241082258,115,0,False,False,,,,,,,,,,,
margin,Central Michigan,scientific_f6_m3,-8.799750595605985,116,0,False,False,,,,,,,,,,,
margin,Southern Miss,scientific_f6_m3,-8.983503890458499,117,0,False,False,,,,,,,,,,,
margin,Temple,scientific_f6_m3,-9.00852824411365,118,0,False,False,,,,,,,,,,,
margin,Marshall,scientific_f6_m3,-9.088891077604515,119,0,False,False,,,,,,,,,,,
margin,Nevada,scientific_f6_m3,-9.382758702142015,120,0,False,False,,,,,,,,,,,
margin,Rutgers,scientific_f6_m3,-9.437403765917402,121,0,False,False,,,,,,,,,,,
margin,UAB,scientific_f6_m3,-9.464982508389859,122,0,False,False,,,,,,,,,,,
margin,Missouri State,scientific_f6_m3,-9.94146862322471,123,0,False,False,,,,,,,,,,,
margin,Sacramento State,scientific_f6_m3,-10.378268485049611,124,0,False,False,,,,,,,,,,,
margin,Rice,scientific_f6_m3,-10.705190985794987,125,0,False,False,,,,,,,,,,,
margin,Stanford,scientific_f6_m3,-10.997528780576591,126,0,False,False,,,,,,,,,,,
margin,Utah State,scientific_f6_m3,-12.072879140484535,127,0,False,False,,,,,,,,,,,
margin,Wyoming,scientific_f6_m3,-12.547670234047274,128,0,False,False,,,,,,,,,,,
margin,UTEP,scientific_f6_m3,-13.67575826147821,129,0,False,False,,,,,,,,,,,
margin,Buffalo,scientific_f6_m3,-13.888077878895139,130,0,False,False,,,,,,,,,,,
margin,Western Kentucky,scientific_f6_m3,-14.264326535804019,131,0,False,False,,,,,,,,,,,
margin,Eastern Michigan,scientific_f6_m3,-14.295351372516642,132,0,False,False,,,,,,,,,,,
margin,Charlotte,scientific_f6_m3,-14.433375223253412,133,0,False,False,,,,,,,,,,,
margin,Ball State,scientific_f6_m3,-15.496570834009434,134,0,False,False,,,,,,,,,,,
margin,Northern Illinois,scientific_f6_m3,-15.952584551353937,135,0,False,False,,,,,,,,,,,
margin,Kent State,scientific_f6_m3,-17.083227525145322,136,0,False,False,,,,,,,,,,,
margin,UL Monroe,scientific_f6_m3,-18.08613390159825,137,0,False,False,,,,,,,,,,,
margin,Bowling Green,scientific_f6_m3,-18.473997586529844,138,0,False,False,,,,,,,,,,,
margin,Ohio State,scientific_f6_m4,32.06498548498768,1,25,True,True,,,,,,,,,,,
margin,Georgia,scientific_f6_m4,26.426951925083607,2,24,True,False,,,,,,,,,,,
margin,Oregon,scientific_f6_m4,24.438225631711425,3,23,True,False,,,,,,,,,,,
margin,Indiana,scientific_f6_m4,23.205398095482025,4,22,True,False,,,,,,,,,,,
margin,Alabama,scientific_f6_m4,23.01772061961283,5,21,True,False,,,,,,,,,,,
margin,Notre Dame,scientific_f6_m4,22.812820929605106,6,20,True,False,,,,,,,,,,,
margin,Miami,scientific_f6_m4,22.67710272359282,7,19,True,False,,,,,,,,,,,
margin,Texas,scientific_f6_m4,22.49793008938663,8,18,True,False,,,,,,,,,,,
margin,LSU,scientific_f6_m4,21.60206744222166,9,17,True,False,,,,,,,,,,,
margin,Iowa,scientific_f6_m4,20.765229381243238,10,16,True,False,,,,,,,,,,,
margin,Tennessee,scientific_f6_m4,20.66027006046892,11,15,True,False,,,,,,,,,,,
margin,Utah,scientific_f6_m4,20.537533179410264,12,14,True,False,,,,,,,,,,,
margin,Penn State,scientific_f6_m4,20.394017694734043,13,13,True,False,,,,,,,,,,,
margin,USC,scientific_f6_m4,19.63251809486849,14,12,True,False,,,,,,,,,,,
margin,Florida,scientific_f6_m4,18.285104452923445,15,11,True,False,,,,,,,,,,,
margin,Kansas State,scientific_f6_m4,18.15574436048129,16,10,True,False,,,,,,,,,,,
margin,South Carolina,scientific_f6_m4,17.388400285570157,17,9,True,False,,,,,,,,,,,
margin,Michigan,scientific_f6_m4,17.261922709571508,18,8,True,False,,,,,,,,,,,
margin,Houston,scientific_f6_m4,16.939276970818415,19,7,True,False,,,,,,,,,,,
margin,Louisville,scientific_f6_m4,16.7769366038159,20,6,True,False,,,,,,,,,,,
margin,Texas A&M,scientific_f6_m4,16.73951080357703,21,5,True,False,,,,,,,,,,,
margin,Ole Miss,scientific_f6_m4,16.701457999415126,22,4,True,False,,,,,,,,,,,
margin,BYU,scientific_f6_m4,16.607460976133336,23,3,True,False,,,,,,,,,,,
margin,Oklahoma,scientific_f6_m4,16.212182744975667,24,2,True,False,,,,,,,,,,,
margin,Illinois,scientific_f6_m4,15.45082154576626,25,1,True,False,,,,,,,,,,,
margin,James Madison,scientific_f6_m4,14.819986595769311,26,0,False,False,,,,,,,,,,,
margin,Nebraska,scientific_f6_m4,14.53252598830651,27,0,False,False,,,,,,,,,,,
margin,Mississippi State,scientific_f6_m4,14.175230335136893,28,0,False,False,,,,,,,,,,,
margin,Army,scientific_f6_m4,13.856224018389407,29,0,False,False,,,,,,,,,,,
margin,UCLA,scientific_f6_m4,12.301577184843573,30,0,False,False,,,,,,,,,,,
margin,Virginia Tech,scientific_f6_m4,11.815634037807587,31,0,False,False,,,,,,,,,,,
margin,Duke,scientific_f6_m4,11.205989630907947,32,0,False,False,,,,,,,,,,,
margin,West Virginia,scientific_f6_m4,11.144085959702327,33,0,False,False,,,,,,,,,,,
margin,Auburn,scientific_f6_m4,11.019982149239338,34,0,False,False,,,,,,,,,,,
margin,Missouri,scientific_f6_m4,10.686491314748098,35,0,False,False,,,,,,,,,,,
margin,Virginia,scientific_f6_m4,9.97755962957912,36,0,False,False,,,,,,,,,,,
margin,Pittsburgh,scientific_f6_m4,9.779448442417298,37,0,False,False,,,,,,,,,,,
margin,Iowa State,scientific_f6_m4,9.679282225042273,38,0,False,False,,,,,,,,,,,
margin,NC State,scientific_f6_m4,9.233867091521203,39,0,False,False,,,,,,,,,,,
margin,Washington,scientific_f6_m4,9.076818757279982,40,0,False,False,,,,,,,,,,,
margin,SMU,scientific_f6_m4,8.923747923255412,41,0,False,False,,,,,,,,,,,
margin,South Florida,scientific_f6_m4,8.786713302881417,42,0,False,False,,,,,,,,,,,
margin,Texas Tech,scientific_f6_m4,8.737828609028055,43,0,False,False,,,,,,,,,,,
margin,UCF,scientific_f6_m4,8.475396667252607,44,0,False,False,,,,,,,,,,,
margin,Cincinnati,scientific_f6_m4,8.323390632962715,45,0,False,False,,,,,,,,,,,
margin,Minnesota,scientific_f6_m4,8.305620966381174,46,0,False,False,,,,,,,,,,,
margin,TCU,scientific_f6_m4,7.732067745056076,47,0,False,False,,,,,,,,,,,
margin,Kentucky,scientific_f6_m4,7.708534139118361,48,0,False,False,,,,,,,,,,,
margin,Boise State,scientific_f6_m4,7.536059187620697,49,0,False,False,,,,,,,,,,,
margin,Vanderbilt,scientific_f6_m4,7.487922227140439,50,0,False,False,,,,,,,,,,,
margin,Maryland,scientific_f6_m4,7.388378626354699,51,0,False,False,,,,,,,,,,,
margin,Northwestern,scientific_f6_m4,7.377687048214573,52,0,False,False,,,,,,,,,,,
margin,Baylor,scientific_f6_m4,7.187188360085962,53,0,False,False,,,,,,,,,,,
margin,Arizona,scientific_f6_m4,7.0753938331247275,54,0,False,False,,,,,,,,,,,
margin,Oklahoma State,scientific_f6_m4,6.682995933473903,55,0,False,False,,,,,,,,,,,
margin,Wisconsin,scientific_f6_m4,6.063216803223714,56,0,False,False,,,,,,,,,,,
margin,Liberty,scientific_f6_m4,4.184085159552562,57,0,False,False,,,,,,,,,,,
margin,Air Force,scientific_f6_m4,3.9468333402957128,58,0,False,False,,,,,,,,,,,
margin,Syracuse,scientific_f6_m4,3.3979131044608537,59,0,False,False,,,,,,,,,,,
margin,New Mexico,scientific_f6_m4,3.042971112078331,60,0,False,False,,,,,,,,,,,
margin,UConn,scientific_f6_m4,2.8947465193557442,61,0,False,False,,,,,,,,,,,
margin,Arizona State,scientific_f6_m4,2.7288585767714606,62,0,False,False,,,,,,,,,,,
margin,Memphis,scientific_f6_m4,2.2683517193210756,63,0,False,False,,,,,,,,,,,
margin,Michigan State,scientific_f6_m4,2.1264495481957884,64,0,False,False,,,,,,,,,,,
margin,Western Michigan,scientific_f6_m4,1.9780030221561307,65,0,False,False,,,,,,,,,,,
margin,Kansas,scientific_f6_m4,1.7820612680461538,66,0,False,False,,,,,,,,,,,
margin,Toledo,scientific_f6_m4,1.7813165172168828,67,0,False,False,,,,,,,,,,,
margin,California,scientific_f6_m4,1.5819523298258262,68,0,False,False,,,,,,,,,,,
margin,North Dakota State,scientific_f6_m4,1.511607769559593,69,0,False,False,,,,,,,,,,,
margin,Colorado State,scientific_f6_m4,1.3214474654515813,70,0,False,False,,,,,,,,,,,
margin,Wake Forest,scientific_f6_m4,1.2564931387413432,71,0,False,False,,,,,,,,,,,
margin,UTSA,scientific_f6_m4,1.0158068214605611,72,0,False,False,,,,,,,,,,,
margin,Navy,scientific_f6_m4,0.7538969808799305,73,0,False,False,,,,,,,,,,,
margin,Louisiana,scientific_f6_m4,0.5863422860878407,74,0,False,False,,,,,,,,,,,
margin,North Carolina,scientific_f6_m4,0.4269112994458854,75,0,False,False,,,,,,,,,,,
margin,Clemson,scientific_f6_m4,0.4237004511714279,76,0,False,False,,,,,,,,,,,
margin,Georgia Tech,scientific_f6_m4,0.25231249161393915,77,0,False,False,,,,,,,,,,,
margin,Florida State,scientific_f6_m4,-0.5066154876238835,78,0,False,False,,,,,,,,,,,
margin,Tulsa,scientific_f6_m4,-0.6295615465466038,79,0,False,False,,,,,,,,,,,
margin,Georgia Southern,scientific_f6_m4,-1.2020191591154674,80,0,False,False,,,,,,,,,,,
margin,Miami (OH),scientific_f6_m4,-1.3500133604918976,81,0,False,False,,,,,,,,,,,
margin,Texas State,scientific_f6_m4,-1.4549177346520987,82,0,False,False,,,,,,,,,,,
margin,Delaware,scientific_f6_m4,-1.503999887196641,83,0,False,False,,,,,,,,,,,
margin,South Alabama,scientific_f6_m4,-1.517526752333235,84,0,False,False,,,,,,,,,,,
margin,Jacksonville State,scientific_f6_m4,-1.7860840366107738,85,0,False,False,,,,,,,,,,,
margin,Colorado,scientific_f6_m4,-1.8446866526250767,86,0,False,False,,,,,,,,,,,
margin,App State,scientific_f6_m4,-1.87515626883714,87,0,False,False,,,,,,,,,,,
margin,Georgia State,scientific_f6_m4,-2.2934552299072357,88,0,False,False,,,,,,,,,,,
margin,Purdue,scientific_f6_m4,-2.6519151608260816,89,0,False,False,,,,,,,,,,,
margin,Fresno State,scientific_f6_m4,-2.8641983437053518,90,0,False,False,,,,,,,,,,,
margin,Washington State,scientific_f6_m4,-2.9128810284764968,91,0,False,False,,,,,,,,,,,
margin,Tulane,scientific_f6_m4,-3.4443968913070613,92,0,False,False,,,,,,,,,,,
margin,Boston College,scientific_f6_m4,-3.4701307256624294,93,0,False,False,,,,,,,,,,,
margin,New Mexico State,scientific_f6_m4,-3.526490237897065,94,0,False,False,,,,,,,,,,,
margin,Coastal Carolina,scientific_f6_m4,-3.5659851992867595,95,0,False,False,,,,,,,,,,,
margin,Sam Houston,scientific_f6_m4,-3.625755174751474,96,0,False,False,,,,,,,,,,,
margin,Troy,scientific_f6_m4,-3.8474745791122857,97,0,False,False,,,,,,,,,,,
margin,San Diego State,scientific_f6_m4,-4.90206350004653,98,0,False,False,,,,,,,,,,,
margin,Louisiana Tech,scientific_f6_m4,-5.609171629498773,99,0,False,False,,,,,,,,,,,
margin,Arkansas,scientific_f6_m4,-5.790427806960636,100,0,False,False,,,,,,,,,,,
margin,San José State,scientific_f6_m4,-5.932270206504867,101,0,False,False,,,,,,,,,,,
margin,Middle Tennessee,scientific_f6_m4,-6.0994900252703115,102,0,False,False,,,,,,,,,,,
margin,Old Dominion,scientific_f6_m4,-6.146089510214043,103,0,False,False,,,,,,,,,,,
margin,Ohio,scientific_f6_m4,-6.276696348616772,104,0,False,False,,,,,,,,,,,
margin,UNLV,scientific_f6_m4,-6.29746095801108,105,0,False,False,,,,,,,,,,,
margin,Central Michigan,scientific_f6_m4,-6.714549600569537,106,0,False,False,,,,,,,,,,,
margin,Arkansas State,scientific_f6_m4,-7.109374873017077,107,0,False,False,,,,,,,,,,,
margin,Southern Miss,scientific_f6_m4,-7.320167024613224,108,0,False,False,,,,,,,,,,,
margin,Florida Atlantic,scientific_f6_m4,-7.707797356827618,109,0,False,False,,,,,,,,,,,
margin,Akron,scientific_f6_m4,-7.859597761172682,110,0,False,False,,,,,,,,,,,
margin,Kennesaw State,scientific_f6_m4,-8.321893208400615,111,0,False,False,,,,,,,,,,,
margin,Oregon State,scientific_f6_m4,-8.353785941754367,112,0,False,False,,,,,,,,,,,
margin,Florida International,scientific_f6_m4,-8.410571655411163,113,0,False,False,,,,,,,,,,,
margin,North Texas,scientific_f6_m4,-8.550897562067801,114,0,False,False,,,,,,,,,,,
margin,East Carolina,scientific_f6_m4,-8.701135412222863,115,0,False,False,,,,,,,,,,,
margin,Hawai'i,scientific_f6_m4,-9.321843156007432,116,0,False,False,,,,,,,,,,,
margin,UAB,scientific_f6_m4,-9.635844476637724,117,0,False,False,,,,,,,,,,,
margin,Massachusetts,scientific_f6_m4,-9.878197275723291,118,0,False,False,,,,,,,,,,,
margin,Marshall,scientific_f6_m4,-9.908981493987007,119,0,False,False,,,,,,,,,,,
margin,Missouri State,scientific_f6_m4,-10.289314954080647,120,0,False,False,,,,,,,,,,,
margin,Temple,scientific_f6_m4,-10.386911301653841,121,0,False,False,,,,,,,,,,,
margin,Rutgers,scientific_f6_m4,-10.449119012622619,122,0,False,False,,,,,,,,,,,
margin,Utah State,scientific_f6_m4,-10.904617506119937,123,0,False,False,,,,,,,,,,,
margin,Sacramento State,scientific_f6_m4,-11.499711074161006,124,0,False,False,,,,,,,,,,,
margin,Stanford,scientific_f6_m4,-11.930358775484425,125,0,False,False,,,,,,,,,,,
margin,Rice,scientific_f6_m4,-12.619286606711729,126,0,False,False,,,,,,,,,,,
margin,Nevada,scientific_f6_m4,-13.456195125875169,127,0,False,False,,,,,,,,,,,
margin,Western Kentucky,scientific_f6_m4,-14.95713866246805,128,0,False,False,,,,,,,,,,,
margin,Charlotte,scientific_f6_m4,-15.656237349120714,129,0,False,False,,,,,,,,,,,
margin,UTEP,scientific_f6_m4,-15.789879701367727,130,0,False,False,,,,,,,,,,,
margin,Eastern Michigan,scientific_f6_m4,-16.3101498514996,131,0,False,False,,,,,,,,,,,
margin,Ball State,scientific_f6_m4,-16.847157559223287,132,0,False,False,,,,,,,,,,,
margin,Buffalo,scientific_f6_m4,-17.434971315777208,133,0,False,False,,,,,,,,,,,
margin,Wyoming,scientific_f6_m4,-17.46196095659838,134,0,False,False,,,,,,,,,,,
margin,Bowling Green,scientific_f6_m4,-18.278267036009638,135,0,False,False,,,,,,,,,,,
margin,Northern Illinois,scientific_f6_m4,-18.49290137857905,136,0,False,False,,,,,,,,,,,
margin,Kent State,scientific_f6_m4,-19.581205239744687,137,0,False,False,,,,,,,,,,,
margin,UL Monroe,scientific_f6_m4,-24.559887667749592,138,0,False,False,,,,,,,,,,,
margin,Penn State,scientific_f6_m5,26.277137756347656,1,25,True,True,,,,,,,,,,,
margin,South Carolina,scientific_f6_m5,20.172800064086914,2,24,True,False,,,,,,,,,,,
margin,Alabama,scientific_f6_m5,19.818363189697266,3,23,True,False,,,,,,,,,,,
margin,Florida,scientific_f6_m5,19.142253875732422,4,22,True,False,,,,,,,,,,,
margin,Utah,scientific_f6_m5,18.73971176147461,5,21,True,False,,,,,,,,,,,
margin,Iowa,scientific_f6_m5,18.558738708496094,6,20,True,False,,,,,,,,,,,
margin,Tennessee,scientific_f6_m5,18.539548873901367,7,19,True,False,,,,,,,,,,,
margin,Oregon,scientific_f6_m5,18.531108856201172,8,18,True,False,,,,,,,,,,,
margin,Ohio State,scientific_f6_m5,18.514423370361328,9,17,True,False,,,,,,,,,,,
margin,Notre Dame,scientific_f6_m5,17.895191192626953,10,16,True,False,,,,,,,,,,,
margin,James Madison,scientific_f6_m5,17.795032501220703,11,15,True,False,,,,,,,,,,,
margin,Toledo,scientific_f6_m5,17.77968406677246,12,14,True,False,,,,,,,,,,,
margin,USC,scientific_f6_m5,16.301334381103516,13,13,True,False,,,,,,,,,,,
margin,Northwestern,scientific_f6_m5,15.99158000946045,14,12,True,False,,,,,,,,,,,
margin,Virginia Tech,scientific_f6_m5,15.689390182495117,15,11,True,False,,,,,,,,,,,
margin,Illinois,scientific_f6_m5,15.417292594909668,16,10,True,False,,,,,,,,,,,
margin,Texas Tech,scientific_f6_m5,14.686155319213867,17,9,True,False,,,,,,,,,,,
margin,Pittsburgh,scientific_f6_m5,14.619739532470703,18,8,True,False,,,,,,,,,,,
margin,North Carolina,scientific_f6_m5,14.335786819458008,19,7,True,False,,,,,,,,,,,
margin,Texas,scientific_f6_m5,14.065771102905273,20,6,True,False,,,,,,,,,,,
margin,Boston College,scientific_f6_m5,13.963888168334961,21,5,True,False,,,,,,,,,,,
margin,Texas A&M,scientific_f6_m5,13.87173080444336,22,4,True,False,,,,,,,,,,,
margin,Mississippi State,scientific_f6_m5,13.697464942932129,23,3,True,False,,,,,,,,,,,
margin,Air Force,scientific_f6_m5,13.66832160949707,24,2,True,False,,,,,,,,,,,
margin,Michigan State,scientific_f6_m5,13.591537475585938,25,1,True,False,,,,,,,,,,,
margin,Oklahoma,scientific_f6_m5,13.461374282836914,26,0,False,False,,,,,,,,,,,
margin,Army,scientific_f6_m5,13.411421775817871,27,0,False,False,,,,,,,,,,,
margin,UConn,scientific_f6_m5,13.318506240844727,28,0,False,False,,,,,,,,,,,
margin,Miami,scientific_f6_m5,12.991369247436523,29,0,False,False,,,,,,,,,,,
margin,Louisiana,scientific_f6_m5,12.942752838134766,30,0,False,False,,,,,,,,,,,
margin,Ole Miss,scientific_f6_m5,12.936352729797363,31,0,False,False,,,,,,,,,,,
margin,Iowa State,scientific_f6_m5,12.330305099487305,32,0,False,False,,,,,,,,,,,
margin,Wisconsin,scientific_f6_m5,12.326950073242188,33,0,False,False,,,,,,,,,,,
margin,LSU,scientific_f6_m5,12.307197570800781,34,0,False,False,,,,,,,,,,,
margin,California,scientific_f6_m5,11.544658660888672,35,0,False,False,,,,,,,,,,,
margin,North Dakota State,scientific_f6_m5,11.086348533630371,36,0,False,False,,,,,,,,,,,
margin,Nebraska,scientific_f6_m5,10.92889404296875,37,0,False,False,,,,,,,,,,,
margin,Minnesota,scientific_f6_m5,10.62161636352539,38,0,False,False,,,,,,,,,,,
margin,Louisville,scientific_f6_m5,10.178146362304688,39,0,False,False,,,,,,,,,,,
margin,Georgia,scientific_f6_m5,10.052720069885254,40,0,False,False,,,,,,,,,,,
margin,Purdue,scientific_f6_m5,9.784695625305176,41,0,False,False,,,,,,,,,,,
margin,TCU,scientific_f6_m5,9.454819679260254,42,0,False,False,,,,,,,,,,,
margin,Houston,scientific_f6_m5,9.292853355407715,43,0,False,False,,,,,,,,,,,
margin,Duke,scientific_f6_m5,9.223149299621582,44,0,False,False,,,,,,,,,,,
margin,Washington,scientific_f6_m5,9.013325691223145,45,0,False,False,,,,,,,,,,,
margin,Baylor,scientific_f6_m5,8.794408798217773,46,0,False,False,,,,,,,,,,,
margin,San José State,scientific_f6_m5,8.748387336730957,47,0,False,False,,,,,,,,,,,
margin,South Florida,scientific_f6_m5,8.686952590942383,48,0,False,False,,,,,,,,,,,
margin,Arizona,scientific_f6_m5,8.156957626342773,49,0,False,False,,,,,,,,,,,
margin,Kansas State,scientific_f6_m5,7.861712455749512,50,0,False,False,,,,,,,,,,,
margin,Indiana,scientific_f6_m5,7.65956974029541,51,0,False,False,,,,,,,,,,,
margin,Georgia Southern,scientific_f6_m5,7.281526565551758,52,0,False,False,,,,,,,,,,,
margin,Maryland,scientific_f6_m5,6.675447463989258,53,0,False,False,,,,,,,,,,,
margin,Kentucky,scientific_f6_m5,6.609553337097168,54,0,False,False,,,,,,,,,,,
margin,Georgia Tech,scientific_f6_m5,6.254434585571289,55,0,False,False,,,,,,,,,,,
margin,Cincinnati,scientific_f6_m5,5.488081932067871,56,0,False,False,,,,,,,,,,,
margin,Louisiana Tech,scientific_f6_m5,5.414989471435547,57,0,False,False,,,,,,,,,,,
margin,Troy,scientific_f6_m5,5.32041072845459,58,0,False,False,,,,,,,,,,,
margin,Western Michigan,scientific_f6_m5,5.21378231048584,59,0,False,False,,,,,,,,,,,
margin,Michigan,scientific_f6_m5,5.170612335205078,60,0,False,False,,,,,,,,,,,
margin,UCLA,scientific_f6_m5,5.144914627075195,61,0,False,False,,,,,,,,,,,
margin,SMU,scientific_f6_m5,4.87563419342041,62,0,False,False,,,,,,,,,,,
margin,Jacksonville State,scientific_f6_m5,4.715590476989746,63,0,False,False,,,,,,,,,,,
margin,Delaware,scientific_f6_m5,4.565199851989746,64,0,False,False,,,,,,,,,,,
margin,Florida State,scientific_f6_m5,4.513585090637207,65,0,False,False,,,,,,,,,,,
margin,Kansas,scientific_f6_m5,4.264864921569824,66,0,False,False,,,,,,,,,,,
margin,Syracuse,scientific_f6_m5,4.09467077255249,67,0,False,False,,,,,,,,,,,
margin,NC State,scientific_f6_m5,3.2473807334899902,68,0,False,False,,,,,,,,,,,
margin,Wake Forest,scientific_f6_m5,2.8956375122070312,69,0,False,False,,,,,,,,,,,
margin,UCF,scientific_f6_m5,2.5400638580322266,70,0,False,False,,,,,,,,,,,
margin,Oklahoma State,scientific_f6_m5,2.225569248199463,71,0,False,False,,,,,,,,,,,
margin,Missouri,scientific_f6_m5,1.5406922101974487,72,0,False,False,,,,,,,,,,,
margin,Arkansas,scientific_f6_m5,1.3204165697097778,73,0,False,False,,,,,,,,,,,
margin,Navy,scientific_f6_m5,1.1506890058517456,74,0,False,False,,,,,,,,,,,
margin,Missouri State,scientific_f6_m5,1.0792272090911865,75,0,False,False,,,,,,,,,,,
margin,Miami (OH),scientific_f6_m5,1.034583330154419,76,0,False,False,,,,,,,,,,,
margin,Arizona State,scientific_f6_m5,0.28543519973754883,77,0,False,False,,,,,,,,,,,
margin,West Virginia,scientific_f6_m5,-0.06582522392272949,78,0,False,False,,,,,,,,,,,
margin,Boise State,scientific_f6_m5,-0.21709370613098145,79,0,False,False,,,,,,,,,,,
margin,Auburn,scientific_f6_m5,-0.249131441116333,80,0,False,False,,,,,,,,,,,
margin,Florida International,scientific_f6_m5,-0.8858258724212646,81,0,False,False,,,,,,,,,,,
margin,Colorado State,scientific_f6_m5,-1.3317182064056396,82,0,False,False,,,,,,,,,,,
margin,Washington State,scientific_f6_m5,-2.013315439224243,83,0,False,False,,,,,,,,,,,
margin,Memphis,scientific_f6_m5,-2.2254559993743896,84,0,False,False,,,,,,,,,,,
margin,New Mexico,scientific_f6_m5,-2.3655741214752197,85,0,False,False,,,,,,,,,,,
margin,Coastal Carolina,scientific_f6_m5,-2.47186541557312,86,0,False,False,,,,,,,,,,,
margin,Hawai'i,scientific_f6_m5,-2.500657320022583,87,0,False,False,,,,,,,,,,,
margin,Virginia,scientific_f6_m5,-2.556133508682251,88,0,False,False,,,,,,,,,,,
margin,Tulsa,scientific_f6_m5,-2.7370479106903076,89,0,False,False,,,,,,,,,,,
margin,Vanderbilt,scientific_f6_m5,-2.791374921798706,90,0,False,False,,,,,,,,,,,
margin,Stanford,scientific_f6_m5,-2.8107969760894775,91,0,False,False,,,,,,,,,,,
margin,UAB,scientific_f6_m5,-2.9370033740997314,92,0,False,False,,,,,,,,,,,
margin,Tulane,scientific_f6_m5,-2.9663116931915283,93,0,False,False,,,,,,,,,,,
margin,South Alabama,scientific_f6_m5,-3.08549427986145,94,0,False,False,,,,,,,,,,,
margin,App State,scientific_f6_m5,-3.245215654373169,95,0,False,False,,,,,,,,,,,
margin,Marshall,scientific_f6_m5,-3.540794610977173,96,0,False,False,,,,,,,,,,,
margin,UTEP,scientific_f6_m5,-4.649810791015625,97,0,False,False,,,,,,,,,,,
margin,BYU,scientific_f6_m5,-5.983680725097656,98,0,False,False,,,,,,,,,,,
margin,Florida Atlantic,scientific_f6_m5,-6.0284881591796875,99,0,False,False,,,,,,,,,,,
margin,Oregon State,scientific_f6_m5,-6.159388542175293,100,0,False,False,,,,,,,,,,,
margin,UNLV,scientific_f6_m5,-6.2522478103637695,101,0,False,False,,,,,,,,,,,
margin,Liberty,scientific_f6_m5,-6.595672607421875,102,0,False,False,,,,,,,,,,,
margin,Georgia State,scientific_f6_m5,-7.448709487915039,103,0,False,False,,,,,,,,,,,
margin,Akron,scientific_f6_m5,-7.65328311920166,104,0,False,False,,,,,,,,,,,
margin,San Diego State,scientific_f6_m5,-7.709377288818359,105,0,False,False,,,,,,,,,,,
margin,Arkansas State,scientific_f6_m5,-8.046998977661133,106,0,False,False,,,,,,,,,,,
margin,Massachusetts,scientific_f6_m5,-8.286897659301758,107,0,False,False,,,,,,,,,,,
margin,East Carolina,scientific_f6_m5,-8.332877159118652,108,0,False,False,,,,,,,,,,,
margin,New Mexico State,scientific_f6_m5,-8.512845039367676,109,0,False,False,,,,,,,,,,,
margin,North Texas,scientific_f6_m5,-8.921225547790527,110,0,False,False,,,,,,,,,,,
margin,Old Dominion,scientific_f6_m5,-8.944692611694336,111,0,False,False,,,,,,,,,,,
margin,Temple,scientific_f6_m5,-9.279895782470703,112,0,False,False,,,,,,,,,,,
margin,Bowling Green,scientific_f6_m5,-9.288763046264648,113,0,False,False,,,,,,,,,,,
margin,Clemson,scientific_f6_m5,-9.342599868774414,114,0,False,False,,,,,,,,,,,
margin,Wyoming,scientific_f6_m5,-10.360610008239746,115,0,False,False,,,,,,,,,,,
margin,Eastern Michigan,scientific_f6_m5,-10.579056739807129,116,0,False,False,,,,,,,,,,,
margin,Utah State,scientific_f6_m5,-10.738386154174805,117,0,False,False,,,,,,,,,,,
margin,Texas State,scientific_f6_m5,-10.879648208618164,118,0,False,False,,,,,,,,,,,
margin,Northern Illinois,scientific_f6_m5,-10.880983352661133,119,0,False,False,,,,,,,,,,,
margin,Sacramento State,scientific_f6_m5,-11.00904655456543,120,0,False,False,,,,,,,,,,,
margin,Charlotte,scientific_f6_m5,-11.24106502532959,121,0,False,False,,,,,,,,,,,
margin,Central Michigan,scientific_f6_m5,-11.45775032043457,122,0,False,False,,,,,,,,,,,
margin,Western Kentucky,scientific_f6_m5,-11.756832122802734,123,0,False,False,,,,,,,,,,,
margin,Kent State,scientific_f6_m5,-12.321232795715332,124,0,False,False,,,,,,,,,,,
margin,UL Monroe,scientific_f6_m5,-12.706331253051758,125,0,False,False,,,,,,,,,,,
margin,Sam Houston,scientific_f6_m5,-13.510658264160156,126,0,False,False,,,,,,,,,,,
margin,Rutgers,scientific_f6_m5,-13.775863647460938,127,0,False,False,,,,,,,,,,,
margin,Ohio,scientific_f6_m5,-13.927053451538086,128,0,False,False,,,,,,,,,,,
margin,UTSA,scientific_f6_m5,-14.686315536499023,129,0,False,False,,,,,,,,,,,
margin,Middle Tennessee,scientific_f6_m5,-15.038505554199219,130,0,False,False,,,,,,,,,,,
margin,Fresno State,scientific_f6_m5,-15.824342727661133,131,0,False,False,,,,,,,,,,,
margin,Buffalo,scientific_f6_m5,-15.916784286499023,132,0,False,False,,,,,,,,,,,
margin,Kennesaw State,scientific_f6_m5,-16.145427703857422,133,0,False,False,,,,,,,,,,,
margin,Colorado,scientific_f6_m5,-18.004222869873047,134,0,False,False,,,,,,,,,,,
margin,Southern Miss,scientific_f6_m5,-20.50566864013672,135,0,False,False,,,,,,,,,,,
margin,Nevada,scientific_f6_m5,-22.588651657104492,136,0,False,False,,,,,,,,,,,
margin,Ball State,scientific_f6_m5,-22.813732147216797,137,0,False,False,,,,,,,,,,,
margin,Rice,scientific_f6_m5,-23.715435028076172,138,0,False,False,,,,,,,,,,,
margin,Ohio State,scientific_f6_m10,25.55,1,25,True,True,,,,,,,,,,,
margin,Clemson,scientific_f6_m10,23.1,2,24,True,False,,,,,,,,,,,
margin,Kansas State,scientific_f6_m10,22.5,3,23,True,False,,,,,,,,,,,
margin,Indiana,scientific_f6_m10,22.2,4,22,True,False,,,,,,,,,,,
margin,Georgia,scientific_f6_m10,20.7,5,21,True,False,,,,,,,,,,,
margin,Ole Miss,scientific_f6_m10,20.05,6,20,True,False,,,,,,,,,,,
margin,Oregon,scientific_f6_m10,19.2,7,19,True,False,,,,,,,,,,,
margin,LSU,scientific_f6_m10,18.7,8,18,True,False,,,,,,,,,,,
margin,Michigan,scientific_f6_m10,18.6,9,17,True,False,,,,,,,,,,,
margin,Alabama,scientific_f6_m10,18.45,10,16,True,False,,,,,,,,,,,
margin,Kentucky,scientific_f6_m10,17.85,11,15,True,False,,,,,,,,,,,
margin,Tennessee,scientific_f6_m10,17.05,12,14,True,False,,,,,,,,,,,
margin,Virginia Tech,scientific_f6_m10,16.85,13,13,True,False,,,,,,,,,,,
margin,Texas,scientific_f6_m10,16.5,14,12,True,False,,,,,,,,,,,
margin,Florida State,scientific_f6_m10,16.45,15,11,True,False,,,,,,,,,,,
margin,Notre Dame,scientific_f6_m10,16.3,16,10,True,False,,,,,,,,,,,
margin,Miami,scientific_f6_m10,16.25,17,9,True,False,,,,,,,,,,,
margin,Texas A&M,scientific_f6_m10,15.85,18,8,True,False,,,,,,,,,,,
margin,USC,scientific_f6_m10,15.7,19,7,True,False,,,,,,,,,,,
margin,Houston,scientific_f6_m10,15.1,20,6,True,False,,,,,,,,,,,
margin,Louisville,scientific_f6_m10,15.1,21,5,True,False,,,,,,,,,,,
margin,Penn State,scientific_f6_m10,14.75,22,4,True,False,,,,,,,,,,,
margin,NC State,scientific_f6_m10,14.45,23,3,True,False,,,,,,,,,,,
margin,Utah,scientific_f6_m10,14.45,24,2,True,False,,,,,,,,,,,
margin,Nebraska,scientific_f6_m10,14.25,25,1,True,False,,,,,,,,,,,
margin,Oklahoma,scientific_f6_m10,14.2,26,0,False,False,,,,,,,,,,,
margin,Florida,scientific_f6_m10,13.7,27,0,False,False,,,,,,,,,,,
margin,BYU,scientific_f6_m10,13.6,28,0,False,False,,,,,,,,,,,
margin,Iowa,scientific_f6_m10,13.4,29,0,False,False,,,,,,,,,,,
margin,UNLV,scientific_f6_m10,12.95,30,0,False,False,,,,,,,,,,,
margin,Wisconsin,scientific_f6_m10,12.7,31,0,False,False,,,,,,,,,,,
margin,Missouri,scientific_f6_m10,12.4,32,0,False,False,,,,,,,,,,,
margin,South Carolina,scientific_f6_m10,11.5,33,0,False,False,,,,,,,,,,,
margin,UTSA,scientific_f6_m10,10.75,34,0,False,False,,,,,,,,,,,
margin,Wake Forest,scientific_f6_m10,10.45,35,0,False,False,,,,,,,,,,,
margin,Purdue,scientific_f6_m10,10.3,36,0,False,False,,,,,,,,,,,
margin,Texas Tech,scientific_f6_m10,10.25,37,0,False,False,,,,,,,,,,,
margin,Colorado State,scientific_f6_m10,10.175,38,0,False,False,,,,,,,,,,,
margin,California,scientific_f6_m10,9.95,39,0,False,False,,,,,,,,,,,
margin,UCLA,scientific_f6_m10,9.9,40,0,False,False,,,,,,,,,,,
margin,UConn,scientific_f6_m10,9.675,41,0,False,False,,,,,,,,,,,
margin,Baylor,scientific_f6_m10,9.65,42,0,False,False,,,,,,,,,,,
margin,Arkansas,scientific_f6_m10,9.55,43,0,False,False,,,,,,,,,,,
margin,Minnesota,scientific_f6_m10,9.5,44,0,False,False,,,,,,,,,,,
margin,Pittsburgh,scientific_f6_m10,9.35,45,0,False,False,,,,,,,,,,,
margin,Boston College,scientific_f6_m10,8.9,46,0,False,False,,,,,,,,,,,
margin,Memphis,scientific_f6_m10,8.85,47,0,False,False,,,,,,,,,,,
margin,Washington State,scientific_f6_m10,8.825,48,0,False,False,,,,,,,,,,,
margin,Illinois,scientific_f6_m10,8.55,49,0,False,False,,,,,,,,,,,
margin,Cincinnati,scientific_f6_m10,8.225,50,0,False,False,,,,,,,,,,,
margin,TCU,scientific_f6_m10,8.2,51,0,False,False,,,,,,,,,,,
margin,Washington,scientific_f6_m10,8.15,52,0,False,False,,,,,,,,,,,
margin,Arizona,scientific_f6_m10,7.95,53,0,False,False,,,,,,,,,,,
margin,Rutgers,scientific_f6_m10,7.55,54,0,False,False,,,,,,,,,,,
margin,Liberty,scientific_f6_m10,7.075,55,0,False,False,,,,,,,,,,,
margin,Georgia Southern,scientific_f6_m10,6.9,56,0,False,False,,,,,,,,,,,
margin,Michigan State,scientific_f6_m10,6.7,57,0,False,False,,,,,,,,,,,
margin,Duke,scientific_f6_m10,6.6,58,0,False,False,,,,,,,,,,,
margin,Maryland,scientific_f6_m10,6.55,59,0,False,False,,,,,,,,,,,
margin,Mississippi State,scientific_f6_m10,6.5,60,0,False,False,,,,,,,,,,,
margin,Georgia Tech,scientific_f6_m10,6.45,61,0,False,False,,,,,,,,,,,
margin,UCF,scientific_f6_m10,6.45,62,0,False,False,,,,,,,,,,,
margin,SMU,scientific_f6_m10,5.95,63,0,False,False,,,,,,,,,,,
margin,James Madison,scientific_f6_m10,5.25,64,0,False,False,,,,,,,,,,,
margin,West Virginia,scientific_f6_m10,5.2,65,0,False,False,,,,,,,,,,,
margin,Boise State,scientific_f6_m10,4.875,66,0,False,False,,,,,,,,,,,
margin,Louisiana,scientific_f6_m10,4.6,67,0,False,False,,,,,,,,,,,
margin,Kansas,scientific_f6_m10,4.2,68,0,False,False,,,,,,,,,,,
margin,Iowa State,scientific_f6_m10,3.7,69,0,False,False,,,,,,,,,,,
margin,Texas State,scientific_f6_m10,3.425,70,0,False,False,,,,,,,,,,,
margin,Arizona State,scientific_f6_m10,3.4,71,0,False,False,,,,,,,,,,,
margin,Fresno State,scientific_f6_m10,3.3,72,0,False,False,,,,,,,,,,,
margin,Miami (OH),scientific_f6_m10,3.3,73,0,False,False,,,,,,,,,,,
margin,Colorado,scientific_f6_m10,3.0,74,0,False,False,,,,,,,,,,,
margin,North Texas,scientific_f6_m10,2.35,75,0,False,False,,,,,,,,,,,
margin,South Florida,scientific_f6_m10,2.3,76,0,False,False,,,,,,,,,,,
margin,San José State,scientific_f6_m10,1.95,77,0,False,False,,,,,,,,,,,
margin,Syracuse,scientific_f6_m10,1.95,78,0,False,False,,,,,,,,,,,
margin,Auburn,scientific_f6_m10,1.9,79,0,False,False,,,,,,,,,,,
margin,Virginia,scientific_f6_m10,1.8,80,0,False,False,,,,,,,,,,,
margin,Oklahoma State,scientific_f6_m10,1.7,81,0,False,False,,,,,,,,,,,
margin,Arkansas State,scientific_f6_m10,1.075,82,0,False,False,,,,,,,,,,,
margin,Vanderbilt,scientific_f6_m10,1.0,83,0,False,False,,,,,,,,,,,
margin,South Alabama,scientific_f6_m10,0.4,84,0,False,False,,,,,,,,,,,
margin,Northwestern,scientific_f6_m10,-0.45,85,0,False,False,,,,,,,,,,,
margin,North Carolina,scientific_f6_m10,-0.6,86,0,False,False,,,,,,,,,,,
margin,Toledo,scientific_f6_m10,-0.8,87,0,False,False,,,,,,,,,,,
margin,Florida Atlantic,scientific_f6_m10,-0.875,88,0,False,False,,,,,,,,,,,
margin,Delaware,scientific_f6_m10,-0.95,89,0,False,False,,,,,,,,,,,
margin,Army,scientific_f6_m10,-1.05,90,0,False,False,,,,,,,,,,,
margin,UAB,scientific_f6_m10,-1.125,91,0,False,False,,,,,,,,,,,
margin,Kennesaw State,scientific_f6_m10,-1.15,92,0,False,False,,,,,,,,,,,
margin,Southern Miss,scientific_f6_m10,-1.175,93,0,False,False,,,,,,,,,,,
margin,East Carolina,scientific_f6_m10,-1.225,94,0,False,False,,,,,,,,,,,
margin,San Diego State,scientific_f6_m10,-1.4,95,0,False,False,,,,,,,,,,,
margin,Tulsa,scientific_f6_m10,-1.65,96,0,False,False,,,,,,,,,,,
margin,Tulane,scientific_f6_m10,-1.8,97,0,False,False,,,,,,,,,,,
margin,Middle Tennessee,scientific_f6_m10,-2.1,98,0,False,False,,,,,,,,,,,
margin,Marshall,scientific_f6_m10,-2.25,99,0,False,False,,,,,,,,,,,
margin,App State,scientific_f6_m10,-2.7,100,0,False,False,,,,,,,,,,,
margin,Florida International,scientific_f6_m10,-2.725,101,0,False,False,,,,,,,,,,,
margin,Oregon State,scientific_f6_m10,-2.75,102,0,False,False,,,,,,,,,,,
margin,Georgia State,scientific_f6_m10,-2.85,103,0,False,False,,,,,,,,,,,
margin,Coastal Carolina,scientific_f6_m10,-3.2,104,0,False,False,,,,,,,,,,,
margin,Sam Houston,scientific_f6_m10,-3.25,105,0,False,False,,,,,,,,,,,
margin,Jacksonville State,scientific_f6_m10,-3.6,106,0,False,False,,,,,,,,,,,
margin,Air Force,scientific_f6_m10,-3.75,107,0,False,False,,,,,,,,,,,
margin,Hawai'i,scientific_f6_m10,-3.85,108,0,False,False,,,,,,,,,,,
margin,Navy,scientific_f6_m10,-3.85,109,0,False,False,,,,,,,,,,,
margin,UTEP,scientific_f6_m10,-3.9,110,0,False,False,,,,,,,,,,,
margin,New Mexico,scientific_f6_m10,-4.55,111,0,False,False,,,,,,,,,,,
margin,Wyoming,scientific_f6_m10,-4.6,112,0,False,False,,,,,,,,,,,
margin,Rice,scientific_f6_m10,-5.1,113,0,False,False,,,,,,,,,,,
margin,Sacramento State,scientific_f6_m10,-5.225,114,0,False,False,,,,,,,,,,,
margin,Akron,scientific_f6_m10,-5.275,115,0,False,False,,,,,,,,,,,
margin,Louisiana Tech,scientific_f6_m10,-5.375,116,0,False,False,,,,,,,,,,,
margin,Northern Illinois,scientific_f6_m10,-5.375,117,0,False,False,,,,,,,,,,,
margin,Nevada,scientific_f6_m10,-5.65,118,0,False,False,,,,,,,,,,,
margin,UL Monroe,scientific_f6_m10,-5.8,119,0,False,False,,,,,,,,,,,
margin,Utah State,scientific_f6_m10,-5.9,120,0,False,False,,,,,,,,,,,
margin,Missouri State,scientific_f6_m10,-6.2,121,0,False,False,,,,,,,,,,,
margin,Western Michigan,scientific_f6_m10,-6.3,122,0,False,False,,,,,,,,,,,
margin,New Mexico State,scientific_f6_m10,-6.4,123,0,False,False,,,,,,,,,,,
margin,Troy,scientific_f6_m10,-6.45,124,0,False,False,,,,,,,,,,,
margin,Central Michigan,scientific_f6_m10,-7.2,125,0,False,False,,,,,,,,,,,
margin,Temple,scientific_f6_m10,-7.55,126,0,False,False,,,,,,,,,,,
margin,Ohio,scientific_f6_m10,-7.6,127,0,False,False,,,,,,,,,,,
margin,Massachusetts,scientific_f6_m10,-7.8,128,0,False,False,,,,,,,,,,,
margin,Charlotte,scientific_f6_m10,-9.15,129,0,False,False,,,,,,,,,,,
margin,Old Dominion,scientific_f6_m10,-9.675,130,0,False,False,,,,,,,,,,,
margin,Eastern Michigan,scientific_f6_m10,-11.75,131,0,False,False,,,,,,,,,,,
margin,North Dakota State,scientific_f6_m10,-12.425,132,0,False,False,,,,,,,,,,,
margin,Buffalo,scientific_f6_m10,-13.2,133,0,False,False,,,,,,,,,,,
margin,Ball State,scientific_f6_m10,-13.4,134,0,False,False,,,,,,,,,,,
margin,Stanford,scientific_f6_m10,-14.45,135,0,False,False,,,,,,,,,,,
margin,Bowling Green,scientific_f6_m10,-16.4,136,0,False,False,,,,,,,,,,,
margin,Kent State,scientific_f6_m10,-18.35,137,0,False,False,,,,,,,,,,,
margin,Western Kentucky,scientific_f6_m10,-19.85,138,0,False,False,,,,,,,,,,,
