poll_objective,keys_team,ballot_model,ballot_rank,poll_points,top25_vote,first_place_vote
margin,Ohio State,margin_boosted_hist_gradient_boosted,1,25,True,True
margin,Oregon,margin_boosted_hist_gradient_boosted,2,24,True,False
margin,Georgia,margin_boosted_hist_gradient_boosted,3,23,True,False
margin,Texas Tech,margin_boosted_hist_gradient_boosted,4,22,True,False
margin,Indiana,margin_boosted_hist_gradient_boosted,5,21,True,False
margin,Miami,margin_boosted_hist_gradient_boosted,6,20,True,False
margin,Texas A&M,margin_boosted_hist_gradient_boosted,7,19,True,False
margin,Notre Dame,margin_boosted_hist_gradient_boosted,8,18,True,False
margin,Alabama,margin_boosted_hist_gradient_boosted,9,17,True,False
margin,Utah,margin_boosted_hist_gradient_boosted,10,16,True,False
margin,Ole Miss,margin_boosted_hist_gradient_boosted,11,15,True,False
margin,Oklahoma,margin_boosted_hist_gradient_boosted,12,14,True,False
margin,Clemson,margin_boosted_hist_gradient_boosted,13,13,True,False
margin,Tennessee,margin_boosted_hist_gradient_boosted,14,12,True,False
margin,Texas,margin_boosted_hist_gradient_boosted,15,11,True,False
margin,USC,margin_boosted_hist_gradient_boosted,16,10,True,False
margin,Vanderbilt,margin_boosted_hist_gradient_boosted,17,9,True,False
margin,Penn State,margin_boosted_hist_gradient_boosted,18,8,True,False
margin,Michigan,margin_boosted_hist_gradient_boosted,19,7,True,False
margin,James Madison,margin_boosted_hist_gradient_boosted,20,6,True,False
margin,Missouri,margin_boosted_hist_gradient_boosted,21,5,True,False
margin,Auburn,margin_boosted_hist_gradient_boosted,22,4,True,False
margin,Iowa,margin_boosted_hist_gradient_boosted,23,3,True,False
margin,LSU,margin_boosted_hist_gradient_boosted,24,2,True,False
margin,South Florida,margin_boosted_hist_gradient_boosted,25,1,True,False
margin,Florida State,margin_boosted_hist_gradient_boosted,26,0,False,False
margin,BYU,margin_boosted_hist_gradient_boosted,27,0,False,False
margin,Washington,margin_boosted_hist_gradient_boosted,28,0,False,False
margin,SMU,margin_boosted_hist_gradient_boosted,29,0,False,False
margin,North Texas,margin_boosted_hist_gradient_boosted,30,0,False,False
margin,Boise State,margin_boosted_hist_gradient_boosted,31,0,False,False
margin,Louisville,margin_boosted_hist_gradient_boosted,32,0,False,False
margin,Toledo,margin_boosted_hist_gradient_boosted,33,0,False,False
margin,Nebraska,margin_boosted_hist_gradient_boosted,34,0,False,False
margin,Tulane,margin_boosted_hist_gradient_boosted,35,0,False,False
margin,Illinois,margin_boosted_hist_gradient_boosted,36,0,False,False
margin,Wake Forest,margin_boosted_hist_gradient_boosted,37,0,False,False
margin,Memphis,margin_boosted_hist_gradient_boosted,38,0,False,False
margin,East Carolina,margin_boosted_hist_gradient_boosted,39,0,False,False
margin,Duke,margin_boosted_hist_gradient_boosted,40,0,False,False
margin,Iowa State,margin_boosted_hist_gradient_boosted,41,0,False,False
margin,Kansas State,margin_boosted_hist_gradient_boosted,42,0,False,False
margin,UNLV,margin_boosted_hist_gradient_boosted,43,0,False,False
margin,Pittsburgh,margin_boosted_hist_gradient_boosted,44,0,False,False
margin,TCU,margin_boosted_hist_gradient_boosted,45,0,False,False
margin,Arizona,margin_boosted_hist_gradient_boosted,46,0,False,False
margin,Florida,margin_boosted_hist_gradient_boosted,47,0,False,False
margin,Texas State,margin_boosted_hist_gradient_boosted,48,0,False,False
margin,Georgia Tech,margin_boosted_hist_gradient_boosted,49,0,False,False
margin,UTSA,margin_boosted_hist_gradient_boosted,50,0,False,False
margin,Cincinnati,margin_boosted_hist_gradient_boosted,51,0,False,False
margin,Virginia,margin_boosted_hist_gradient_boosted,52,0,False,False
margin,Navy,margin_boosted_hist_gradient_boosted,53,0,False,False
margin,NC State,margin_boosted_hist_gradient_boosted,54,0,False,False
margin,South Carolina,margin_boosted_hist_gradient_boosted,55,0,False,False
margin,Houston,margin_boosted_hist_gradient_boosted,56,0,False,False
margin,Western Kentucky,margin_boosted_hist_gradient_boosted,57,0,False,False
margin,San Diego State,margin_boosted_hist_gradient_boosted,58,0,False,False
margin,Ohio,margin_boosted_hist_gradient_boosted,59,0,False,False
margin,Jacksonville State,margin_boosted_hist_gradient_boosted,60,0,False,False
margin,Kennesaw State,margin_boosted_hist_gradient_boosted,61,0,False,False
margin,New Mexico,margin_boosted_hist_gradient_boosted,62,0,False,False
margin,Arkansas,margin_boosted_hist_gradient_boosted,63,0,False,False
margin,Fresno State,margin_boosted_hist_gradient_boosted,64,0,False,False
margin,Utah State,margin_boosted_hist_gradient_boosted,65,0,False,False
margin,Baylor,margin_boosted_hist_gradient_boosted,66,0,False,False
margin,Arizona State,margin_boosted_hist_gradient_boosted,67,0,False,False
margin,Old Dominion,margin_boosted_hist_gradient_boosted,68,0,False,False
margin,Marshall,margin_boosted_hist_gradient_boosted,69,0,False,False
margin,UConn,margin_boosted_hist_gradient_boosted,70,0,False,False
margin,Minnesota,margin_boosted_hist_gradient_boosted,71,0,False,False
margin,Kansas,margin_boosted_hist_gradient_boosted,72,0,False,False
margin,Washington State,margin_boosted_hist_gradient_boosted,73,0,False,False
margin,Western Michigan,margin_boosted_hist_gradient_boosted,74,0,False,False
margin,Florida International,margin_boosted_hist_gradient_boosted,75,0,False,False
margin,Kentucky,margin_boosted_hist_gradient_boosted,76,0,False,False
margin,Southern Miss,margin_boosted_hist_gradient_boosted,77,0,False,False
margin,Northwestern,margin_boosted_hist_gradient_boosted,78,0,False,False
margin,Air Force,margin_boosted_hist_gradient_boosted,79,0,False,False
margin,Rutgers,margin_boosted_hist_gradient_boosted,80,0,False,False
margin,UCF,margin_boosted_hist_gradient_boosted,81,0,False,False
margin,Miami (OH),margin_boosted_hist_gradient_boosted,82,0,False,False
margin,Liberty,margin_boosted_hist_gradient_boosted,83,0,False,False
margin,Wisconsin,margin_boosted_hist_gradient_boosted,84,0,False,False
margin,Louisiana Tech,margin_boosted_hist_gradient_boosted,85,0,False,False
margin,Mississippi State,margin_boosted_hist_gradient_boosted,86,0,False,False
margin,California,margin_boosted_hist_gradient_boosted,87,0,False,False
margin,Virginia Tech,margin_boosted_hist_gradient_boosted,88,0,False,False
margin,Boston College,margin_boosted_hist_gradient_boosted,89,0,False,False
margin,South Alabama,margin_boosted_hist_gradient_boosted,90,0,False,False
margin,Delaware,margin_boosted_hist_gradient_boosted,91,0,False,False
margin,Central Michigan,margin_boosted_hist_gradient_boosted,92,0,False,False
margin,Army,margin_boosted_hist_gradient_boosted,93,0,False,False
margin,Stanford,margin_boosted_hist_gradient_boosted,94,0,False,False
margin,Tulsa,margin_boosted_hist_gradient_boosted,95,0,False,False
margin,Hawai'i,margin_boosted_hist_gradient_boosted,96,0,False,False
margin,North Carolina,margin_boosted_hist_gradient_boosted,97,0,False,False
margin,Maryland,margin_boosted_hist_gradient_boosted,98,0,False,False
margin,Michigan State,margin_boosted_hist_gradient_boosted,99,0,False,False
margin,Florida Atlantic,margin_boosted_hist_gradient_boosted,100,0,False,False
margin,Missouri State,margin_boosted_hist_gradient_boosted,101,0,False,False
margin,Oregon State,margin_boosted_hist_gradient_boosted,102,0,False,False
margin,Arkansas State,margin_boosted_hist_gradient_boosted,103,0,False,False
margin,Troy,margin_boosted_hist_gradient_boosted,104,0,False,False
margin,Sacramento State,margin_boosted_hist_gradient_boosted,105,0,False,False
margin,UCLA,margin_boosted_hist_gradient_boosted,106,0,False,False
margin,West Virginia,margin_boosted_hist_gradient_boosted,107,0,False,False
margin,Eastern Michigan,margin_boosted_hist_gradient_boosted,108,0,False,False
margin,North Dakota State,margin_boosted_hist_gradient_boosted,109,0,False,False
margin,Georgia Southern,margin_boosted_hist_gradient_boosted,110,0,False,False
margin,Buffalo,margin_boosted_hist_gradient_boosted,111,0,False,False
margin,Louisiana,margin_boosted_hist_gradient_boosted,112,0,False,False
margin,Temple,margin_boosted_hist_gradient_boosted,113,0,False,False
margin,Purdue,margin_boosted_hist_gradient_boosted,114,0,False,False
margin,Middle Tennessee,margin_boosted_hist_gradient_boosted,115,0,False,False
margin,Colorado,margin_boosted_hist_gradient_boosted,116,0,False,False
margin,Rice,margin_boosted_hist_gradient_boosted,117,0,False,False
margin,San José State,margin_boosted_hist_gradient_boosted,118,0,False,False
margin,App State,margin_boosted_hist_gradient_boosted,119,0,False,False
margin,Akron,margin_boosted_hist_gradient_boosted,120,0,False,False
margin,UAB,margin_boosted_hist_gradient_boosted,121,0,False,False
margin,Kent State,margin_boosted_hist_gradient_boosted,122,0,False,False
margin,Bowling Green,margin_boosted_hist_gradient_boosted,123,0,False,False
margin,Syracuse,margin_boosted_hist_gradient_boosted,124,0,False,False
margin,Oklahoma State,margin_boosted_hist_gradient_boosted,125,0,False,False
margin,Wyoming,margin_boosted_hist_gradient_boosted,126,0,False,False
margin,Coastal Carolina,margin_boosted_hist_gradient_boosted,127,0,False,False
margin,Colorado State,margin_boosted_hist_gradient_boosted,128,0,False,False
margin,Northern Illinois,margin_boosted_hist_gradient_boosted,129,0,False,False
margin,UL Monroe,margin_boosted_hist_gradient_boosted,130,0,False,False
margin,Nevada,margin_boosted_hist_gradient_boosted,131,0,False,False
margin,UTEP,margin_boosted_hist_gradient_boosted,132,0,False,False
margin,New Mexico State,margin_boosted_hist_gradient_boosted,133,0,False,False
margin,Ball State,margin_boosted_hist_gradient_boosted,134,0,False,False
margin,Georgia State,margin_boosted_hist_gradient_boosted,135,0,False,False
margin,Charlotte,margin_boosted_hist_gradient_boosted,136,0,False,False
margin,Sam Houston,margin_boosted_hist_gradient_boosted,137,0,False,False
margin,Massachusetts,margin_boosted_hist_gradient_boosted,138,0,False,False
margin,Ohio State,margin_ensemble_mean_probability,1,25,True,True
margin,Oregon,margin_ensemble_mean_probability,2,24,True,False
margin,Georgia,margin_ensemble_mean_probability,3,23,True,False
margin,Texas Tech,margin_ensemble_mean_probability,4,22,True,False
margin,Notre Dame,margin_ensemble_mean_probability,5,21,True,False
margin,Indiana,margin_ensemble_mean_probability,6,20,True,False
margin,Miami,margin_ensemble_mean_probability,7,19,True,False
margin,Texas A&M,margin_ensemble_mean_probability,8,18,True,False
margin,Ole Miss,margin_ensemble_mean_probability,9,17,True,False
margin,Alabama,margin_ensemble_mean_probability,10,16,True,False
margin,Oklahoma,margin_ensemble_mean_probability,11,15,True,False
margin,USC,margin_ensemble_mean_probability,12,14,True,False
margin,Utah,margin_ensemble_mean_probability,13,13,True,False
margin,Texas,margin_ensemble_mean_probability,14,12,True,False
margin,Michigan,margin_ensemble_mean_probability,15,11,True,False
margin,Clemson,margin_ensemble_mean_probability,16,10,True,False
margin,Tennessee,margin_ensemble_mean_probability,17,9,True,False
margin,Penn State,margin_ensemble_mean_probability,18,8,True,False
margin,Missouri,margin_ensemble_mean_probability,19,7,True,False
margin,BYU,margin_ensemble_mean_probability,20,6,True,False
margin,LSU,margin_ensemble_mean_probability,21,5,True,False
margin,Iowa,margin_ensemble_mean_probability,22,4,True,False
margin,Vanderbilt,margin_ensemble_mean_probability,23,3,True,False
margin,Florida State,margin_ensemble_mean_probability,24,2,True,False
margin,Auburn,margin_ensemble_mean_probability,25,1,True,False
margin,Louisville,margin_ensemble_mean_probability,26,0,False,False
margin,Washington,margin_ensemble_mean_probability,27,0,False,False
margin,SMU,margin_ensemble_mean_probability,28,0,False,False
margin,Illinois,margin_ensemble_mean_probability,29,0,False,False
margin,Florida,margin_ensemble_mean_probability,30,0,False,False
margin,South Florida,margin_ensemble_mean_probability,31,0,False,False
margin,James Madison,margin_ensemble_mean_probability,32,0,False,False
margin,Boise State,margin_ensemble_mean_probability,33,0,False,False
margin,Toledo,margin_ensemble_mean_probability,34,0,False,False
margin,Tulane,margin_ensemble_mean_probability,35,0,False,False
margin,South Carolina,margin_ensemble_mean_probability,36,0,False,False
margin,Arizona,margin_ensemble_mean_probability,37,0,False,False
margin,Duke,margin_ensemble_mean_probability,38,0,False,False
margin,UNLV,margin_ensemble_mean_probability,39,0,False,False
margin,TCU,margin_ensemble_mean_probability,40,0,False,False
margin,Kansas State,margin_ensemble_mean_probability,41,0,False,False
margin,East Carolina,margin_ensemble_mean_probability,42,0,False,False
margin,Iowa State,margin_ensemble_mean_probability,43,0,False,False
margin,Nebraska,margin_ensemble_mean_probability,44,0,False,False
margin,North Texas,margin_ensemble_mean_probability,45,0,False,False
margin,Wake Forest,margin_ensemble_mean_probability,46,0,False,False
margin,Georgia Tech,margin_ensemble_mean_probability,47,0,False,False
margin,Memphis,margin_ensemble_mean_probability,48,0,False,False
margin,Texas State,margin_ensemble_mean_probability,49,0,False,False
margin,NC State,margin_ensemble_mean_probability,50,0,False,False
margin,Cincinnati,margin_ensemble_mean_probability,51,0,False,False
margin,Pittsburgh,margin_ensemble_mean_probability,52,0,False,False
margin,Arizona State,margin_ensemble_mean_probability,53,0,False,False
margin,Baylor,margin_ensemble_mean_probability,54,0,False,False
margin,Houston,margin_ensemble_mean_probability,55,0,False,False
margin,Navy,margin_ensemble_mean_probability,56,0,False,False
margin,Virginia,margin_ensemble_mean_probability,57,0,False,False
margin,Washington State,margin_ensemble_mean_probability,58,0,False,False
margin,Northwestern,margin_ensemble_mean_probability,59,0,False,False
margin,Arkansas,margin_ensemble_mean_probability,60,0,False,False
margin,UTSA,margin_ensemble_mean_probability,61,0,False,False
margin,San Diego State,margin_ensemble_mean_probability,62,0,False,False
margin,Western Kentucky,margin_ensemble_mean_probability,63,0,False,False
margin,Fresno State,margin_ensemble_mean_probability,64,0,False,False
margin,Air Force,margin_ensemble_mean_probability,65,0,False,False
margin,Kentucky,margin_ensemble_mean_probability,66,0,False,False
margin,Marshall,margin_ensemble_mean_probability,67,0,False,False
margin,Minnesota,margin_ensemble_mean_probability,68,0,False,False
margin,Rutgers,margin_ensemble_mean_probability,69,0,False,False
margin,Wisconsin,margin_ensemble_mean_probability,70,0,False,False
margin,Jacksonville State,margin_ensemble_mean_probability,71,0,False,False
margin,Ohio,margin_ensemble_mean_probability,72,0,False,False
margin,Southern Miss,margin_ensemble_mean_probability,73,0,False,False
margin,California,margin_ensemble_mean_probability,74,0,False,False
margin,Old Dominion,margin_ensemble_mean_probability,75,0,False,False
margin,UCF,margin_ensemble_mean_probability,76,0,False,False
margin,UConn,margin_ensemble_mean_probability,77,0,False,False
margin,Kansas,margin_ensemble_mean_probability,78,0,False,False
margin,Florida International,margin_ensemble_mean_probability,79,0,False,False
margin,Western Michigan,margin_ensemble_mean_probability,80,0,False,False
margin,Michigan State,margin_ensemble_mean_probability,81,0,False,False
margin,Utah State,margin_ensemble_mean_probability,82,0,False,False
margin,Mississippi State,margin_ensemble_mean_probability,83,0,False,False
margin,Liberty,margin_ensemble_mean_probability,84,0,False,False
margin,New Mexico,margin_ensemble_mean_probability,85,0,False,False
margin,North Carolina,margin_ensemble_mean_probability,86,0,False,False
margin,Stanford,margin_ensemble_mean_probability,87,0,False,False
margin,Boston College,margin_ensemble_mean_probability,88,0,False,False
margin,Central Michigan,margin_ensemble_mean_probability,89,0,False,False
margin,App State,margin_ensemble_mean_probability,90,0,False,False
margin,Georgia Southern,margin_ensemble_mean_probability,91,0,False,False
margin,South Alabama,margin_ensemble_mean_probability,92,0,False,False
margin,Louisiana Tech,margin_ensemble_mean_probability,93,0,False,False
margin,West Virginia,margin_ensemble_mean_probability,94,0,False,False
margin,Louisiana,margin_ensemble_mean_probability,95,0,False,False
margin,Tulsa,margin_ensemble_mean_probability,96,0,False,False
margin,Miami (OH),margin_ensemble_mean_probability,97,0,False,False
margin,Maryland,margin_ensemble_mean_probability,98,0,False,False
margin,Kennesaw State,margin_ensemble_mean_probability,99,0,False,False
margin,Virginia Tech,margin_ensemble_mean_probability,100,0,False,False
margin,Florida Atlantic,margin_ensemble_mean_probability,101,0,False,False
margin,Hawai'i,margin_ensemble_mean_probability,102,0,False,False
margin,Colorado,margin_ensemble_mean_probability,103,0,False,False
margin,Syracuse,margin_ensemble_mean_probability,104,0,False,False
margin,Bowling Green,margin_ensemble_mean_probability,105,0,False,False
margin,Arkansas State,margin_ensemble_mean_probability,106,0,False,False
margin,UCLA,margin_ensemble_mean_probability,107,0,False,False
margin,Purdue,margin_ensemble_mean_probability,108,0,False,False
margin,Oregon State,margin_ensemble_mean_probability,109,0,False,False
margin,Sacramento State,margin_ensemble_mean_probability,110,0,False,False
margin,Delaware,margin_ensemble_mean_probability,111,0,False,False
margin,North Dakota State,margin_ensemble_mean_probability,112,0,False,False
margin,Troy,margin_ensemble_mean_probability,113,0,False,False
margin,Oklahoma State,margin_ensemble_mean_probability,114,0,False,False
margin,Buffalo,margin_ensemble_mean_probability,115,0,False,False
margin,Eastern Michigan,margin_ensemble_mean_probability,116,0,False,False
margin,Missouri State,margin_ensemble_mean_probability,117,0,False,False
margin,Kent State,margin_ensemble_mean_probability,118,0,False,False
margin,Temple,margin_ensemble_mean_probability,119,0,False,False
margin,Akron,margin_ensemble_mean_probability,120,0,False,False
margin,UAB,margin_ensemble_mean_probability,121,0,False,False
margin,Middle Tennessee,margin_ensemble_mean_probability,122,0,False,False
margin,Rice,margin_ensemble_mean_probability,123,0,False,False
margin,Colorado State,margin_ensemble_mean_probability,124,0,False,False
margin,San José State,margin_ensemble_mean_probability,125,0,False,False
margin,Army,margin_ensemble_mean_probability,126,0,False,False
margin,Northern Illinois,margin_ensemble_mean_probability,127,0,False,False
margin,Nevada,margin_ensemble_mean_probability,128,0,False,False
margin,Wyoming,margin_ensemble_mean_probability,129,0,False,False
margin,UL Monroe,margin_ensemble_mean_probability,130,0,False,False
margin,Coastal Carolina,margin_ensemble_mean_probability,131,0,False,False
margin,New Mexico State,margin_ensemble_mean_probability,132,0,False,False
margin,Ball State,margin_ensemble_mean_probability,133,0,False,False
margin,Georgia State,margin_ensemble_mean_probability,134,0,False,False
margin,UTEP,margin_ensemble_mean_probability,135,0,False,False
margin,Sam Houston,margin_ensemble_mean_probability,136,0,False,False
margin,Charlotte,margin_ensemble_mean_probability,137,0,False,False
margin,Massachusetts,margin_ensemble_mean_probability,138,0,False,False
margin,Ohio State,margin_ensemble_median_margin,1,25,True,True
margin,Georgia,margin_ensemble_median_margin,2,24,True,False
margin,Oregon,margin_ensemble_median_margin,3,23,True,False
margin,Miami,margin_ensemble_median_margin,4,22,True,False
margin,Ole Miss,margin_ensemble_median_margin,5,21,True,False
margin,Alabama,margin_ensemble_median_margin,6,20,True,False
margin,Texas A&M,margin_ensemble_median_margin,7,19,True,False
margin,Texas Tech,margin_ensemble_median_margin,8,18,True,False
margin,Notre Dame,margin_ensemble_median_margin,9,17,True,False
margin,Oklahoma,margin_ensemble_median_margin,10,16,True,False
margin,Indiana,margin_ensemble_median_margin,11,15,True,False
margin,USC,margin_ensemble_median_margin,12,14,True,False
margin,Texas,margin_ensemble_median_margin,13,13,True,False
margin,Utah,margin_ensemble_median_margin,14,12,True,False
margin,Michigan,margin_ensemble_median_margin,15,11,True,False
margin,Tennessee,margin_ensemble_median_margin,16,10,True,False
margin,Missouri,margin_ensemble_median_margin,17,9,True,False
margin,Penn State,margin_ensemble_median_margin,18,8,True,False
margin,Clemson,margin_ensemble_median_margin,19,7,True,False
margin,Iowa,margin_ensemble_median_margin,20,6,True,False
margin,BYU,margin_ensemble_median_margin,21,5,True,False
margin,Washington,margin_ensemble_median_margin,22,4,True,False
margin,Vanderbilt,margin_ensemble_median_margin,23,3,True,False
margin,Louisville,margin_ensemble_median_margin,24,2,True,False
margin,LSU,margin_ensemble_median_margin,25,1,True,False
margin,Florida State,margin_ensemble_median_margin,26,0,False,False
margin,SMU,margin_ensemble_median_margin,27,0,False,False
margin,Auburn,margin_ensemble_median_margin,28,0,False,False
margin,Toledo,margin_ensemble_median_margin,29,0,False,False
margin,Illinois,margin_ensemble_median_margin,30,0,False,False
margin,South Florida,margin_ensemble_median_margin,31,0,False,False
margin,James Madison,margin_ensemble_median_margin,32,0,False,False
margin,Florida,margin_ensemble_median_margin,33,0,False,False
margin,Boise State,margin_ensemble_median_margin,34,0,False,False
margin,Arizona,margin_ensemble_median_margin,35,0,False,False
margin,Tulane,margin_ensemble_median_margin,36,0,False,False
margin,UNLV,margin_ensemble_median_margin,37,0,False,False
margin,TCU,margin_ensemble_median_margin,38,0,False,False
margin,Nebraska,margin_ensemble_median_margin,39,0,False,False
margin,East Carolina,margin_ensemble_median_margin,40,0,False,False
margin,South Carolina,margin_ensemble_median_margin,41,0,False,False
margin,Georgia Tech,margin_ensemble_median_margin,42,0,False,False
margin,Memphis,margin_ensemble_median_margin,43,0,False,False
margin,Iowa State,margin_ensemble_median_margin,44,0,False,False
margin,Kansas State,margin_ensemble_median_margin,45,0,False,False
margin,North Texas,margin_ensemble_median_margin,46,0,False,False
margin,Duke,margin_ensemble_median_margin,47,0,False,False
margin,Pittsburgh,margin_ensemble_median_margin,48,0,False,False
margin,Wake Forest,margin_ensemble_median_margin,49,0,False,False
margin,Arizona State,margin_ensemble_median_margin,50,0,False,False
margin,NC State,margin_ensemble_median_margin,51,0,False,False
margin,Cincinnati,margin_ensemble_median_margin,52,0,False,False
margin,Navy,margin_ensemble_median_margin,53,0,False,False
margin,Houston,margin_ensemble_median_margin,54,0,False,False
margin,Texas State,margin_ensemble_median_margin,55,0,False,False
margin,Virginia,margin_ensemble_median_margin,56,0,False,False
margin,Baylor,margin_ensemble_median_margin,57,0,False,False
margin,Arkansas,margin_ensemble_median_margin,58,0,False,False
margin,Washington State,margin_ensemble_median_margin,59,0,False,False
margin,Fresno State,margin_ensemble_median_margin,60,0,False,False
margin,San Diego State,margin_ensemble_median_margin,61,0,False,False
margin,Air Force,margin_ensemble_median_margin,62,0,False,False
margin,UTSA,margin_ensemble_median_margin,63,0,False,False
margin,Northwestern,margin_ensemble_median_margin,64,0,False,False
margin,UConn,margin_ensemble_median_margin,65,0,False,False
margin,Southern Miss,margin_ensemble_median_margin,66,0,False,False
margin,Mississippi State,margin_ensemble_median_margin,67,0,False,False
margin,Ohio,margin_ensemble_median_margin,68,0,False,False
margin,Western Kentucky,margin_ensemble_median_margin,69,0,False,False
margin,Minnesota,margin_ensemble_median_margin,70,0,False,False
margin,Kentucky,margin_ensemble_median_margin,71,0,False,False
margin,Marshall,margin_ensemble_median_margin,72,0,False,False
margin,Old Dominion,margin_ensemble_median_margin,73,0,False,False
margin,Rutgers,margin_ensemble_median_margin,74,0,False,False
margin,UCF,margin_ensemble_median_margin,75,0,False,False
margin,Jacksonville State,margin_ensemble_median_margin,76,0,False,False
margin,Kansas,margin_ensemble_median_margin,77,0,False,False
margin,California,margin_ensemble_median_margin,78,0,False,False
margin,Florida International,margin_ensemble_median_margin,79,0,False,False
margin,Western Michigan,margin_ensemble_median_margin,80,0,False,False
margin,Utah State,margin_ensemble_median_margin,81,0,False,False
margin,New Mexico,margin_ensemble_median_margin,82,0,False,False
margin,Wisconsin,margin_ensemble_median_margin,83,0,False,False
margin,Miami (OH),margin_ensemble_median_margin,84,0,False,False
margin,North Carolina,margin_ensemble_median_margin,85,0,False,False
margin,Central Michigan,margin_ensemble_median_margin,86,0,False,False
margin,Michigan State,margin_ensemble_median_margin,87,0,False,False
margin,Liberty,margin_ensemble_median_margin,88,0,False,False
margin,South Alabama,margin_ensemble_median_margin,89,0,False,False
margin,Boston College,margin_ensemble_median_margin,90,0,False,False
margin,Louisiana Tech,margin_ensemble_median_margin,91,0,False,False
margin,Stanford,margin_ensemble_median_margin,92,0,False,False
margin,Maryland,margin_ensemble_median_margin,93,0,False,False
margin,Virginia Tech,margin_ensemble_median_margin,94,0,False,False
margin,Louisiana,margin_ensemble_median_margin,95,0,False,False
margin,Tulsa,margin_ensemble_median_margin,96,0,False,False
margin,App State,margin_ensemble_median_margin,97,0,False,False
margin,Georgia Southern,margin_ensemble_median_margin,98,0,False,False
margin,Colorado,margin_ensemble_median_margin,99,0,False,False
margin,West Virginia,margin_ensemble_median_margin,100,0,False,False
margin,Florida Atlantic,margin_ensemble_median_margin,101,0,False,False
margin,Kennesaw State,margin_ensemble_median_margin,102,0,False,False
margin,Bowling Green,margin_ensemble_median_margin,103,0,False,False
margin,Hawai'i,margin_ensemble_median_margin,104,0,False,False
margin,Arkansas State,margin_ensemble_median_margin,105,0,False,False
margin,Sacramento State,margin_ensemble_median_margin,106,0,False,False
margin,UCLA,margin_ensemble_median_margin,107,0,False,False
margin,Oregon State,margin_ensemble_median_margin,108,0,False,False
margin,Buffalo,margin_ensemble_median_margin,109,0,False,False
margin,North Dakota State,margin_ensemble_median_margin,110,0,False,False
margin,Eastern Michigan,margin_ensemble_median_margin,111,0,False,False
margin,Troy,margin_ensemble_median_margin,112,0,False,False
margin,Syracuse,margin_ensemble_median_margin,113,0,False,False
margin,Purdue,margin_ensemble_median_margin,114,0,False,False
margin,Temple,margin_ensemble_median_margin,115,0,False,False
margin,Akron,margin_ensemble_median_margin,116,0,False,False
margin,UAB,margin_ensemble_median_margin,117,0,False,False
margin,Missouri State,margin_ensemble_median_margin,118,0,False,False
margin,Middle Tennessee,margin_ensemble_median_margin,119,0,False,False
margin,Delaware,margin_ensemble_median_margin,120,0,False,False
margin,Kent State,margin_ensemble_median_margin,121,0,False,False
margin,Rice,margin_ensemble_median_margin,122,0,False,False
margin,Oklahoma State,margin_ensemble_median_margin,123,0,False,False
margin,San José State,margin_ensemble_median_margin,124,0,False,False
margin,Wyoming,margin_ensemble_median_margin,125,0,False,False
margin,Colorado State,margin_ensemble_median_margin,126,0,False,False
margin,Northern Illinois,margin_ensemble_median_margin,127,0,False,False
margin,UL Monroe,margin_ensemble_median_margin,128,0,False,False
margin,Coastal Carolina,margin_ensemble_median_margin,129,0,False,False
margin,Nevada,margin_ensemble_median_margin,130,0,False,False
margin,Army,margin_ensemble_median_margin,131,0,False,False
margin,Georgia State,margin_ensemble_median_margin,132,0,False,False
margin,New Mexico State,margin_ensemble_median_margin,133,0,False,False
margin,Ball State,margin_ensemble_median_margin,134,0,False,False
margin,UTEP,margin_ensemble_median_margin,135,0,False,False
margin,Sam Houston,margin_ensemble_median_margin,136,0,False,False
margin,Charlotte,margin_ensemble_median_margin,137,0,False,False
margin,Massachusetts,margin_ensemble_median_margin,138,0,False,False
margin,Oregon,margin_kernel_gaussian_process,1,25,True,True
margin,Michigan,margin_kernel_gaussian_process,2,24,True,False
margin,Georgia,margin_kernel_gaussian_process,3,23,True,False
margin,Ohio State,margin_kernel_gaussian_process,4,22,True,False
margin,USC,margin_kernel_gaussian_process,5,21,True,False
margin,Missouri,margin_kernel_gaussian_process,6,20,True,False
margin,Texas A&M,margin_kernel_gaussian_process,7,19,True,False
margin,Ole Miss,margin_kernel_gaussian_process,8,18,True,False
margin,Texas Tech,margin_kernel_gaussian_process,9,17,True,False
margin,Iowa,margin_kernel_gaussian_process,10,16,True,False
margin,BYU,margin_kernel_gaussian_process,11,15,True,False
margin,Washington,margin_kernel_gaussian_process,12,14,True,False
margin,Oklahoma,margin_kernel_gaussian_process,13,13,True,False
margin,Florida State,margin_kernel_gaussian_process,14,12,True,False
margin,Notre Dame,margin_kernel_gaussian_process,15,11,True,False
margin,Tennessee,margin_kernel_gaussian_process,16,10,True,False
margin,Indiana,margin_kernel_gaussian_process,17,9,True,False
margin,James Madison,margin_kernel_gaussian_process,18,8,True,False
margin,Utah,margin_kernel_gaussian_process,19,7,True,False
margin,Penn State,margin_kernel_gaussian_process,20,6,True,False
margin,Auburn,margin_kernel_gaussian_process,21,5,True,False
margin,Navy,margin_kernel_gaussian_process,22,4,True,False
margin,Alabama,margin_kernel_gaussian_process,23,3,True,False
margin,Vanderbilt,margin_kernel_gaussian_process,24,2,True,False
margin,South Carolina,margin_kernel_gaussian_process,25,1,True,False
margin,LSU,margin_kernel_gaussian_process,26,0,False,False
margin,Boise State,margin_kernel_gaussian_process,27,0,False,False
margin,Nebraska,margin_kernel_gaussian_process,28,0,False,False
margin,East Carolina,margin_kernel_gaussian_process,29,0,False,False
margin,UNLV,margin_kernel_gaussian_process,30,0,False,False
margin,Texas,margin_kernel_gaussian_process,31,0,False,False
margin,South Florida,margin_kernel_gaussian_process,32,0,False,False
margin,Georgia Tech,margin_kernel_gaussian_process,33,0,False,False
margin,Toledo,margin_kernel_gaussian_process,34,0,False,False
margin,Clemson,margin_kernel_gaussian_process,35,0,False,False
margin,Tulane,margin_kernel_gaussian_process,36,0,False,False
margin,Wake Forest,margin_kernel_gaussian_process,37,0,False,False
margin,SMU,margin_kernel_gaussian_process,38,0,False,False
margin,NC State,margin_kernel_gaussian_process,39,0,False,False
margin,Air Force,margin_kernel_gaussian_process,40,0,False,False
margin,Virginia,margin_kernel_gaussian_process,41,0,False,False
margin,Arkansas,margin_kernel_gaussian_process,42,0,False,False
margin,Arizona State,margin_kernel_gaussian_process,43,0,False,False
margin,Memphis,margin_kernel_gaussian_process,44,0,False,False
margin,Louisville,margin_kernel_gaussian_process,45,0,False,False
margin,Florida,margin_kernel_gaussian_process,46,0,False,False
margin,Pittsburgh,margin_kernel_gaussian_process,47,0,False,False
margin,Army,margin_kernel_gaussian_process,48,0,False,False
margin,North Texas,margin_kernel_gaussian_process,49,0,False,False
margin,Illinois,margin_kernel_gaussian_process,50,0,False,False
margin,Wisconsin,margin_kernel_gaussian_process,51,0,False,False
margin,Duke,margin_kernel_gaussian_process,52,0,False,False
margin,Cincinnati,margin_kernel_gaussian_process,53,0,False,False
margin,Old Dominion,margin_kernel_gaussian_process,54,0,False,False
margin,Texas State,margin_kernel_gaussian_process,55,0,False,False
margin,Miami,margin_kernel_gaussian_process,56,0,False,False
margin,Ohio,margin_kernel_gaussian_process,57,0,False,False
margin,Northwestern,margin_kernel_gaussian_process,58,0,False,False
margin,Iowa State,margin_kernel_gaussian_process,59,0,False,False
margin,Jacksonville State,margin_kernel_gaussian_process,60,0,False,False
margin,Mississippi State,margin_kernel_gaussian_process,61,0,False,False
margin,Houston,margin_kernel_gaussian_process,62,0,False,False
margin,Central Michigan,margin_kernel_gaussian_process,63,0,False,False
margin,Kansas State,margin_kernel_gaussian_process,64,0,False,False
margin,New Mexico,margin_kernel_gaussian_process,65,0,False,False
margin,Kentucky,margin_kernel_gaussian_process,66,0,False,False
margin,Minnesota,margin_kernel_gaussian_process,67,0,False,False
margin,Syracuse,margin_kernel_gaussian_process,68,0,False,False
margin,Rutgers,margin_kernel_gaussian_process,69,0,False,False
margin,West Virginia,margin_kernel_gaussian_process,70,0,False,False
margin,UTSA,margin_kernel_gaussian_process,71,0,False,False
margin,Marshall,margin_kernel_gaussian_process,72,0,False,False
margin,Baylor,margin_kernel_gaussian_process,73,0,False,False
margin,Rice,margin_kernel_gaussian_process,74,0,False,False
margin,Bowling Green,margin_kernel_gaussian_process,75,0,False,False
margin,Western Michigan,margin_kernel_gaussian_process,76,0,False,False
margin,Utah State,margin_kernel_gaussian_process,77,0,False,False
margin,South Alabama,margin_kernel_gaussian_process,78,0,False,False
margin,Arizona,margin_kernel_gaussian_process,79,0,False,False
margin,San José State,margin_kernel_gaussian_process,80,0,False,False
margin,UCF,margin_kernel_gaussian_process,81,0,False,False
margin,TCU,margin_kernel_gaussian_process,82,0,False,False
margin,Virginia Tech,margin_kernel_gaussian_process,83,0,False,False
margin,Washington State,margin_kernel_gaussian_process,84,0,False,False
margin,Liberty,margin_kernel_gaussian_process,85,0,False,False
margin,Kansas,margin_kernel_gaussian_process,86,0,False,False
margin,Michigan State,margin_kernel_gaussian_process,87,0,False,False
margin,Oklahoma State,margin_kernel_gaussian_process,88,0,False,False
margin,Miami (OH),margin_kernel_gaussian_process,89,0,False,False
margin,San Diego State,margin_kernel_gaussian_process,90,0,False,False
margin,Stanford,margin_kernel_gaussian_process,91,0,False,False
margin,Fresno State,margin_kernel_gaussian_process,92,0,False,False
margin,Louisiana Tech,margin_kernel_gaussian_process,93,0,False,False
margin,Kennesaw State,margin_kernel_gaussian_process,94,0,False,False
margin,Troy,margin_kernel_gaussian_process,95,0,False,False
margin,Southern Miss,margin_kernel_gaussian_process,96,0,False,False
margin,Kent State,margin_kernel_gaussian_process,97,0,False,False
margin,Tulsa,margin_kernel_gaussian_process,98,0,False,False
margin,Boston College,margin_kernel_gaussian_process,99,0,False,False
margin,Northern Illinois,margin_kernel_gaussian_process,100,0,False,False
margin,North Carolina,margin_kernel_gaussian_process,101,0,False,False
margin,Purdue,margin_kernel_gaussian_process,102,0,False,False
margin,Western Kentucky,margin_kernel_gaussian_process,103,0,False,False
margin,Florida Atlantic,margin_kernel_gaussian_process,104,0,False,False
margin,Florida International,margin_kernel_gaussian_process,105,0,False,False
margin,Louisiana,margin_kernel_gaussian_process,106,0,False,False
margin,Colorado,margin_kernel_gaussian_process,107,0,False,False
margin,Coastal Carolina,margin_kernel_gaussian_process,108,0,False,False
margin,UConn,margin_kernel_gaussian_process,109,0,False,False
margin,UCLA,margin_kernel_gaussian_process,110,0,False,False
margin,Georgia Southern,margin_kernel_gaussian_process,111,0,False,False
margin,Arkansas State,margin_kernel_gaussian_process,112,0,False,False
margin,Oregon State,margin_kernel_gaussian_process,113,0,False,False
margin,California,margin_kernel_gaussian_process,114,0,False,False
margin,Maryland,margin_kernel_gaussian_process,115,0,False,False
margin,App State,margin_kernel_gaussian_process,116,0,False,False
margin,Missouri State,margin_kernel_gaussian_process,117,0,False,False
margin,Temple,margin_kernel_gaussian_process,118,0,False,False
margin,Nevada,margin_kernel_gaussian_process,119,0,False,False
margin,Akron,margin_kernel_gaussian_process,120,0,False,False
margin,Delaware,margin_kernel_gaussian_process,121,0,False,False
margin,Ball State,margin_kernel_gaussian_process,122,0,False,False
margin,Charlotte,margin_kernel_gaussian_process,123,0,False,False
margin,Sacramento State,margin_kernel_gaussian_process,124,0,False,False
margin,Buffalo,margin_kernel_gaussian_process,125,0,False,False
margin,Massachusetts,margin_kernel_gaussian_process,126,0,False,False
margin,North Dakota State,margin_kernel_gaussian_process,127,0,False,False
margin,UL Monroe,margin_kernel_gaussian_process,128,0,False,False
margin,Colorado State,margin_kernel_gaussian_process,129,0,False,False
margin,UTEP,margin_kernel_gaussian_process,130,0,False,False
margin,Hawai'i,margin_kernel_gaussian_process,131,0,False,False
margin,Eastern Michigan,margin_kernel_gaussian_process,132,0,False,False
margin,Wyoming,margin_kernel_gaussian_process,133,0,False,False
margin,Middle Tennessee,margin_kernel_gaussian_process,134,0,False,False
margin,New Mexico State,margin_kernel_gaussian_process,135,0,False,False
margin,Sam Houston,margin_kernel_gaussian_process,136,0,False,False
margin,Georgia State,margin_kernel_gaussian_process,137,0,False,False
margin,UAB,margin_kernel_gaussian_process,138,0,False,False
margin,Ohio State,margin_kernel_nystroem_ridge,1,25,True,True
margin,Oregon,margin_kernel_nystroem_ridge,2,24,True,False
margin,Indiana,margin_kernel_nystroem_ridge,3,23,True,False
margin,Georgia,margin_kernel_nystroem_ridge,4,22,True,False
margin,Texas Tech,margin_kernel_nystroem_ridge,5,21,True,False
margin,Notre Dame,margin_kernel_nystroem_ridge,6,20,True,False
margin,Ole Miss,margin_kernel_nystroem_ridge,7,19,True,False
margin,Miami,margin_kernel_nystroem_ridge,8,18,True,False
margin,Utah,margin_kernel_nystroem_ridge,9,17,True,False
margin,Texas A&M,margin_kernel_nystroem_ridge,10,16,True,False
margin,Oklahoma,margin_kernel_nystroem_ridge,11,15,True,False
margin,USC,margin_kernel_nystroem_ridge,12,14,True,False
margin,Alabama,margin_kernel_nystroem_ridge,13,13,True,False
margin,Penn State,margin_kernel_nystroem_ridge,14,12,True,False
margin,Missouri,margin_kernel_nystroem_ridge,15,11,True,False
margin,Tennessee,margin_kernel_nystroem_ridge,16,10,True,False
margin,BYU,margin_kernel_nystroem_ridge,17,9,True,False
margin,Vanderbilt,margin_kernel_nystroem_ridge,18,8,True,False
margin,James Madison,margin_kernel_nystroem_ridge,19,7,True,False
margin,Texas,margin_kernel_nystroem_ridge,20,6,True,False
margin,Iowa,margin_kernel_nystroem_ridge,21,5,True,False
margin,Louisville,margin_kernel_nystroem_ridge,22,4,True,False
margin,South Florida,margin_kernel_nystroem_ridge,23,3,True,False
margin,Clemson,margin_kernel_nystroem_ridge,24,2,True,False
margin,SMU,margin_kernel_nystroem_ridge,25,1,True,False
margin,Washington,margin_kernel_nystroem_ridge,26,0,False,False
margin,Toledo,margin_kernel_nystroem_ridge,27,0,False,False
margin,Michigan,margin_kernel_nystroem_ridge,28,0,False,False
margin,Florida State,margin_kernel_nystroem_ridge,29,0,False,False
margin,Arizona,margin_kernel_nystroem_ridge,30,0,False,False
margin,LSU,margin_kernel_nystroem_ridge,31,0,False,False
margin,Auburn,margin_kernel_nystroem_ridge,32,0,False,False
margin,Illinois,margin_kernel_nystroem_ridge,33,0,False,False
margin,East Carolina,margin_kernel_nystroem_ridge,34,0,False,False
margin,Boise State,margin_kernel_nystroem_ridge,35,0,False,False
margin,Tulane,margin_kernel_nystroem_ridge,36,0,False,False
margin,North Texas,margin_kernel_nystroem_ridge,37,0,False,False
margin,UNLV,margin_kernel_nystroem_ridge,38,0,False,False
margin,Georgia Tech,margin_kernel_nystroem_ridge,39,0,False,False
margin,Iowa State,margin_kernel_nystroem_ridge,40,0,False,False
margin,Navy,margin_kernel_nystroem_ridge,41,0,False,False
margin,Old Dominion,margin_kernel_nystroem_ridge,42,0,False,False
margin,Florida,margin_kernel_nystroem_ridge,43,0,False,False
margin,Virginia,margin_kernel_nystroem_ridge,44,0,False,False
margin,Texas State,margin_kernel_nystroem_ridge,45,0,False,False
margin,NC State,margin_kernel_nystroem_ridge,46,0,False,False
margin,TCU,margin_kernel_nystroem_ridge,47,0,False,False
margin,Kansas State,margin_kernel_nystroem_ridge,48,0,False,False
margin,Cincinnati,margin_kernel_nystroem_ridge,49,0,False,False
margin,Duke,margin_kernel_nystroem_ridge,50,0,False,False
margin,Nebraska,margin_kernel_nystroem_ridge,51,0,False,False
margin,Arizona State,margin_kernel_nystroem_ridge,52,0,False,False
margin,UTSA,margin_kernel_nystroem_ridge,53,0,False,False
margin,Memphis,margin_kernel_nystroem_ridge,54,0,False,False
margin,Wake Forest,margin_kernel_nystroem_ridge,55,0,False,False
margin,Pittsburgh,margin_kernel_nystroem_ridge,56,0,False,False
margin,Houston,margin_kernel_nystroem_ridge,57,0,False,False
margin,San Diego State,margin_kernel_nystroem_ridge,58,0,False,False
margin,South Carolina,margin_kernel_nystroem_ridge,59,0,False,False
margin,UConn,margin_kernel_nystroem_ridge,60,0,False,False
margin,Washington State,margin_kernel_nystroem_ridge,61,0,False,False
margin,Marshall,margin_kernel_nystroem_ridge,62,0,False,False
margin,Arkansas,margin_kernel_nystroem_ridge,63,0,False,False
margin,Western Kentucky,margin_kernel_nystroem_ridge,64,0,False,False
margin,Jacksonville State,margin_kernel_nystroem_ridge,65,0,False,False
margin,Baylor,margin_kernel_nystroem_ridge,66,0,False,False
margin,Utah State,margin_kernel_nystroem_ridge,67,0,False,False
margin,New Mexico,margin_kernel_nystroem_ridge,68,0,False,False
margin,Ohio,margin_kernel_nystroem_ridge,69,0,False,False
margin,Fresno State,margin_kernel_nystroem_ridge,70,0,False,False
margin,Florida International,margin_kernel_nystroem_ridge,71,0,False,False
margin,Minnesota,margin_kernel_nystroem_ridge,72,0,False,False
margin,Northwestern,margin_kernel_nystroem_ridge,73,0,False,False
margin,Central Michigan,margin_kernel_nystroem_ridge,74,0,False,False
margin,Kansas,margin_kernel_nystroem_ridge,75,0,False,False
margin,Air Force,margin_kernel_nystroem_ridge,76,0,False,False
margin,Western Michigan,margin_kernel_nystroem_ridge,77,0,False,False
margin,Kennesaw State,margin_kernel_nystroem_ridge,78,0,False,False
margin,Rutgers,margin_kernel_nystroem_ridge,79,0,False,False
margin,Mississippi State,margin_kernel_nystroem_ridge,80,0,False,False
margin,Southern Miss,margin_kernel_nystroem_ridge,81,0,False,False
margin,California,margin_kernel_nystroem_ridge,82,0,False,False
margin,Miami (OH),margin_kernel_nystroem_ridge,83,0,False,False
margin,UCF,margin_kernel_nystroem_ridge,84,0,False,False
margin,Louisiana Tech,margin_kernel_nystroem_ridge,85,0,False,False
margin,Michigan State,margin_kernel_nystroem_ridge,86,0,False,False
margin,Kentucky,margin_kernel_nystroem_ridge,87,0,False,False
margin,North Carolina,margin_kernel_nystroem_ridge,88,0,False,False
margin,South Alabama,margin_kernel_nystroem_ridge,89,0,False,False
margin,Wisconsin,margin_kernel_nystroem_ridge,90,0,False,False
margin,Boston College,margin_kernel_nystroem_ridge,91,0,False,False
margin,Hawai'i,margin_kernel_nystroem_ridge,92,0,False,False
margin,Georgia Southern,margin_kernel_nystroem_ridge,93,0,False,False
margin,Liberty,margin_kernel_nystroem_ridge,94,0,False,False
margin,Maryland,margin_kernel_nystroem_ridge,95,0,False,False
margin,Tulsa,margin_kernel_nystroem_ridge,96,0,False,False
margin,Stanford,margin_kernel_nystroem_ridge,97,0,False,False
margin,Virginia Tech,margin_kernel_nystroem_ridge,98,0,False,False
margin,West Virginia,margin_kernel_nystroem_ridge,99,0,False,False
margin,App State,margin_kernel_nystroem_ridge,100,0,False,False
margin,Delaware,margin_kernel_nystroem_ridge,101,0,False,False
margin,Bowling Green,margin_kernel_nystroem_ridge,102,0,False,False
margin,Arkansas State,margin_kernel_nystroem_ridge,103,0,False,False
margin,Missouri State,margin_kernel_nystroem_ridge,104,0,False,False
margin,North Dakota State,margin_kernel_nystroem_ridge,105,0,False,False
margin,Colorado,margin_kernel_nystroem_ridge,106,0,False,False
margin,Louisiana,margin_kernel_nystroem_ridge,107,0,False,False
margin,Sacramento State,margin_kernel_nystroem_ridge,108,0,False,False
margin,Florida Atlantic,margin_kernel_nystroem_ridge,109,0,False,False
margin,Troy,margin_kernel_nystroem_ridge,110,0,False,False
margin,Eastern Michigan,margin_kernel_nystroem_ridge,111,0,False,False
margin,Akron,margin_kernel_nystroem_ridge,112,0,False,False
margin,UCLA,margin_kernel_nystroem_ridge,113,0,False,False
margin,Oregon State,margin_kernel_nystroem_ridge,114,0,False,False
margin,Middle Tennessee,margin_kernel_nystroem_ridge,115,0,False,False
margin,Temple,margin_kernel_nystroem_ridge,116,0,False,False
margin,Army,margin_kernel_nystroem_ridge,117,0,False,False
margin,Purdue,margin_kernel_nystroem_ridge,118,0,False,False
margin,Syracuse,margin_kernel_nystroem_ridge,119,0,False,False
margin,Oklahoma State,margin_kernel_nystroem_ridge,120,0,False,False
margin,Buffalo,margin_kernel_nystroem_ridge,121,0,False,False
margin,San José State,margin_kernel_nystroem_ridge,122,0,False,False
margin,Kent State,margin_kernel_nystroem_ridge,123,0,False,False
margin,UAB,margin_kernel_nystroem_ridge,124,0,False,False
margin,Rice,margin_kernel_nystroem_ridge,125,0,False,False
margin,Wyoming,margin_kernel_nystroem_ridge,126,0,False,False
margin,UL Monroe,margin_kernel_nystroem_ridge,127,0,False,False
margin,Nevada,margin_kernel_nystroem_ridge,128,0,False,False
margin,Colorado State,margin_kernel_nystroem_ridge,129,0,False,False
margin,Northern Illinois,margin_kernel_nystroem_ridge,130,0,False,False
margin,Coastal Carolina,margin_kernel_nystroem_ridge,131,0,False,False
margin,Georgia State,margin_kernel_nystroem_ridge,132,0,False,False
margin,New Mexico State,margin_kernel_nystroem_ridge,133,0,False,False
margin,Ball State,margin_kernel_nystroem_ridge,134,0,False,False
margin,UTEP,margin_kernel_nystroem_ridge,135,0,False,False
margin,Sam Houston,margin_kernel_nystroem_ridge,136,0,False,False
margin,Charlotte,margin_kernel_nystroem_ridge,137,0,False,False
margin,Massachusetts,margin_kernel_nystroem_ridge,138,0,False,False
margin,Ohio State,margin_kernel_rbf_kernel_ridge,1,25,True,True
margin,Oregon,margin_kernel_rbf_kernel_ridge,2,24,True,False
margin,Georgia,margin_kernel_rbf_kernel_ridge,3,23,True,False
margin,Texas Tech,margin_kernel_rbf_kernel_ridge,4,22,True,False
margin,Indiana,margin_kernel_rbf_kernel_ridge,5,21,True,False
margin,Notre Dame,margin_kernel_rbf_kernel_ridge,6,20,True,False
margin,Ole Miss,margin_kernel_rbf_kernel_ridge,7,19,True,False
margin,Miami,margin_kernel_rbf_kernel_ridge,8,18,True,False
margin,Oklahoma,margin_kernel_rbf_kernel_ridge,9,17,True,False
margin,Texas A&M,margin_kernel_rbf_kernel_ridge,10,16,True,False
margin,Alabama,margin_kernel_rbf_kernel_ridge,11,15,True,False
margin,USC,margin_kernel_rbf_kernel_ridge,12,14,True,False
margin,Utah,margin_kernel_rbf_kernel_ridge,13,13,True,False
margin,Michigan,margin_kernel_rbf_kernel_ridge,14,12,True,False
margin,Texas,margin_kernel_rbf_kernel_ridge,15,11,True,False
margin,Tennessee,margin_kernel_rbf_kernel_ridge,16,10,True,False
margin,Missouri,margin_kernel_rbf_kernel_ridge,17,9,True,False
margin,BYU,margin_kernel_rbf_kernel_ridge,18,8,True,False
margin,Penn State,margin_kernel_rbf_kernel_ridge,19,7,True,False
margin,Clemson,margin_kernel_rbf_kernel_ridge,20,6,True,False
margin,Vanderbilt,margin_kernel_rbf_kernel_ridge,21,5,True,False
margin,Washington,margin_kernel_rbf_kernel_ridge,22,4,True,False
margin,Louisville,margin_kernel_rbf_kernel_ridge,23,3,True,False
margin,Iowa,margin_kernel_rbf_kernel_ridge,24,2,True,False
margin,SMU,margin_kernel_rbf_kernel_ridge,25,1,True,False
margin,South Florida,margin_kernel_rbf_kernel_ridge,26,0,False,False
margin,LSU,margin_kernel_rbf_kernel_ridge,27,0,False,False
margin,Auburn,margin_kernel_rbf_kernel_ridge,28,0,False,False
margin,James Madison,margin_kernel_rbf_kernel_ridge,29,0,False,False
margin,Florida State,margin_kernel_rbf_kernel_ridge,30,0,False,False
margin,Illinois,margin_kernel_rbf_kernel_ridge,31,0,False,False
margin,Florida,margin_kernel_rbf_kernel_ridge,32,0,False,False
margin,Tulane,margin_kernel_rbf_kernel_ridge,33,0,False,False
margin,Arizona,margin_kernel_rbf_kernel_ridge,34,0,False,False
margin,Boise State,margin_kernel_rbf_kernel_ridge,35,0,False,False
margin,East Carolina,margin_kernel_rbf_kernel_ridge,36,0,False,False
margin,Georgia Tech,margin_kernel_rbf_kernel_ridge,37,0,False,False
margin,North Texas,margin_kernel_rbf_kernel_ridge,38,0,False,False
margin,Toledo,margin_kernel_rbf_kernel_ridge,39,0,False,False
margin,South Carolina,margin_kernel_rbf_kernel_ridge,40,0,False,False
margin,Iowa State,margin_kernel_rbf_kernel_ridge,41,0,False,False
margin,Arizona State,margin_kernel_rbf_kernel_ridge,42,0,False,False
margin,Navy,margin_kernel_rbf_kernel_ridge,43,0,False,False
margin,Duke,margin_kernel_rbf_kernel_ridge,44,0,False,False
margin,Nebraska,margin_kernel_rbf_kernel_ridge,45,0,False,False
margin,TCU,margin_kernel_rbf_kernel_ridge,46,0,False,False
margin,Kansas State,margin_kernel_rbf_kernel_ridge,47,0,False,False
margin,UNLV,margin_kernel_rbf_kernel_ridge,48,0,False,False
margin,Virginia,margin_kernel_rbf_kernel_ridge,49,0,False,False
margin,NC State,margin_kernel_rbf_kernel_ridge,50,0,False,False
margin,Texas State,margin_kernel_rbf_kernel_ridge,51,0,False,False
margin,Baylor,margin_kernel_rbf_kernel_ridge,52,0,False,False
margin,Wake Forest,margin_kernel_rbf_kernel_ridge,53,0,False,False
margin,Cincinnati,margin_kernel_rbf_kernel_ridge,54,0,False,False
margin,Old Dominion,margin_kernel_rbf_kernel_ridge,55,0,False,False
margin,Washington State,margin_kernel_rbf_kernel_ridge,56,0,False,False
margin,San Diego State,margin_kernel_rbf_kernel_ridge,57,0,False,False
margin,Memphis,margin_kernel_rbf_kernel_ridge,58,0,False,False
margin,Houston,margin_kernel_rbf_kernel_ridge,59,0,False,False
margin,Arkansas,margin_kernel_rbf_kernel_ridge,60,0,False,False
margin,Northwestern,margin_kernel_rbf_kernel_ridge,61,0,False,False
margin,Pittsburgh,margin_kernel_rbf_kernel_ridge,62,0,False,False
margin,UTSA,margin_kernel_rbf_kernel_ridge,63,0,False,False
margin,Western Kentucky,margin_kernel_rbf_kernel_ridge,64,0,False,False
margin,Minnesota,margin_kernel_rbf_kernel_ridge,65,0,False,False
margin,Marshall,margin_kernel_rbf_kernel_ridge,66,0,False,False
margin,Rutgers,margin_kernel_rbf_kernel_ridge,67,0,False,False
margin,Jacksonville State,margin_kernel_rbf_kernel_ridge,68,0,False,False
margin,New Mexico,margin_kernel_rbf_kernel_ridge,69,0,False,False
margin,Western Michigan,margin_kernel_rbf_kernel_ridge,70,0,False,False
margin,Air Force,margin_kernel_rbf_kernel_ridge,71,0,False,False
margin,Utah State,margin_kernel_rbf_kernel_ridge,72,0,False,False
margin,Kansas,margin_kernel_rbf_kernel_ridge,73,0,False,False
margin,Fresno State,margin_kernel_rbf_kernel_ridge,74,0,False,False
margin,Ohio,margin_kernel_rbf_kernel_ridge,75,0,False,False
margin,Mississippi State,margin_kernel_rbf_kernel_ridge,76,0,False,False
margin,California,margin_kernel_rbf_kernel_ridge,77,0,False,False
margin,Kentucky,margin_kernel_rbf_kernel_ridge,78,0,False,False
margin,Southern Miss,margin_kernel_rbf_kernel_ridge,79,0,False,False
margin,Wisconsin,margin_kernel_rbf_kernel_ridge,80,0,False,False
margin,Michigan State,margin_kernel_rbf_kernel_ridge,81,0,False,False
margin,North Carolina,margin_kernel_rbf_kernel_ridge,82,0,False,False
margin,Stanford,margin_kernel_rbf_kernel_ridge,83,0,False,False
margin,UConn,margin_kernel_rbf_kernel_ridge,84,0,False,False
margin,Central Michigan,margin_kernel_rbf_kernel_ridge,85,0,False,False
margin,UCF,margin_kernel_rbf_kernel_ridge,86,0,False,False
margin,Florida International,margin_kernel_rbf_kernel_ridge,87,0,False,False
margin,Boston College,margin_kernel_rbf_kernel_ridge,88,0,False,False
margin,Kennesaw State,margin_kernel_rbf_kernel_ridge,89,0,False,False
margin,Virginia Tech,margin_kernel_rbf_kernel_ridge,90,0,False,False
margin,Miami (OH),margin_kernel_rbf_kernel_ridge,91,0,False,False
margin,Maryland,margin_kernel_rbf_kernel_ridge,92,0,False,False
margin,UCLA,margin_kernel_rbf_kernel_ridge,93,0,False,False
margin,Liberty,margin_kernel_rbf_kernel_ridge,94,0,False,False
margin,App State,margin_kernel_rbf_kernel_ridge,95,0,False,False
margin,South Alabama,margin_kernel_rbf_kernel_ridge,96,0,False,False
margin,West Virginia,margin_kernel_rbf_kernel_ridge,97,0,False,False
margin,Georgia Southern,margin_kernel_rbf_kernel_ridge,98,0,False,False
margin,Colorado,margin_kernel_rbf_kernel_ridge,99,0,False,False
margin,Louisiana Tech,margin_kernel_rbf_kernel_ridge,100,0,False,False
margin,Hawai'i,margin_kernel_rbf_kernel_ridge,101,0,False,False
margin,Tulsa,margin_kernel_rbf_kernel_ridge,102,0,False,False
margin,Syracuse,margin_kernel_rbf_kernel_ridge,103,0,False,False
margin,Delaware,margin_kernel_rbf_kernel_ridge,104,0,False,False
margin,Louisiana,margin_kernel_rbf_kernel_ridge,105,0,False,False
margin,Florida Atlantic,margin_kernel_rbf_kernel_ridge,106,0,False,False
margin,Oregon State,margin_kernel_rbf_kernel_ridge,107,0,False,False
margin,North Dakota State,margin_kernel_rbf_kernel_ridge,108,0,False,False
margin,Purdue,margin_kernel_rbf_kernel_ridge,109,0,False,False
margin,Troy,margin_kernel_rbf_kernel_ridge,110,0,False,False
margin,Arkansas State,margin_kernel_rbf_kernel_ridge,111,0,False,False
margin,Missouri State,margin_kernel_rbf_kernel_ridge,112,0,False,False
margin,Sacramento State,margin_kernel_rbf_kernel_ridge,113,0,False,False
margin,Bowling Green,margin_kernel_rbf_kernel_ridge,114,0,False,False
margin,Akron,margin_kernel_rbf_kernel_ridge,115,0,False,False
margin,Eastern Michigan,margin_kernel_rbf_kernel_ridge,116,0,False,False
margin,Kent State,margin_kernel_rbf_kernel_ridge,117,0,False,False
margin,Oklahoma State,margin_kernel_rbf_kernel_ridge,118,0,False,False
margin,Temple,margin_kernel_rbf_kernel_ridge,119,0,False,False
margin,Middle Tennessee,margin_kernel_rbf_kernel_ridge,120,0,False,False
margin,Army,margin_kernel_rbf_kernel_ridge,121,0,False,False
margin,UAB,margin_kernel_rbf_kernel_ridge,122,0,False,False
margin,Buffalo,margin_kernel_rbf_kernel_ridge,123,0,False,False
margin,Wyoming,margin_kernel_rbf_kernel_ridge,124,0,False,False
margin,San José State,margin_kernel_rbf_kernel_ridge,125,0,False,False
margin,Colorado State,margin_kernel_rbf_kernel_ridge,126,0,False,False
margin,Georgia State,margin_kernel_rbf_kernel_ridge,127,0,False,False
margin,Nevada,margin_kernel_rbf_kernel_ridge,128,0,False,False
margin,UL Monroe,margin_kernel_rbf_kernel_ridge,129,0,False,False
margin,Coastal Carolina,margin_kernel_rbf_kernel_ridge,130,0,False,False
margin,Northern Illinois,margin_kernel_rbf_kernel_ridge,131,0,False,False
margin,Rice,margin_kernel_rbf_kernel_ridge,132,0,False,False
margin,New Mexico State,margin_kernel_rbf_kernel_ridge,133,0,False,False
margin,Ball State,margin_kernel_rbf_kernel_ridge,134,0,False,False
margin,UTEP,margin_kernel_rbf_kernel_ridge,135,0,False,False
margin,Sam Houston,margin_kernel_rbf_kernel_ridge,136,0,False,False
margin,Charlotte,margin_kernel_rbf_kernel_ridge,137,0,False,False
margin,Massachusetts,margin_kernel_rbf_kernel_ridge,138,0,False,False
margin,Ohio State,margin_kernel_rbf_svr,1,25,True,True
margin,Oregon,margin_kernel_rbf_svr,2,24,True,False
margin,Georgia,margin_kernel_rbf_svr,3,23,True,False
margin,Indiana,margin_kernel_rbf_svr,4,22,True,False
margin,Miami,margin_kernel_rbf_svr,5,21,True,False
margin,Texas Tech,margin_kernel_rbf_svr,6,20,True,False
margin,Ole Miss,margin_kernel_rbf_svr,7,19,True,False
margin,Notre Dame,margin_kernel_rbf_svr,8,18,True,False
margin,Texas A&M,margin_kernel_rbf_svr,9,17,True,False
margin,USC,margin_kernel_rbf_svr,10,16,True,False
margin,Oklahoma,margin_kernel_rbf_svr,11,15,True,False
margin,Alabama,margin_kernel_rbf_svr,12,14,True,False
margin,Utah,margin_kernel_rbf_svr,13,13,True,False
margin,Tennessee,margin_kernel_rbf_svr,14,12,True,False
margin,Michigan,margin_kernel_rbf_svr,15,11,True,False
margin,Texas,margin_kernel_rbf_svr,16,10,True,False
margin,Missouri,margin_kernel_rbf_svr,17,9,True,False
margin,Penn State,margin_kernel_rbf_svr,18,8,True,False
margin,BYU,margin_kernel_rbf_svr,19,7,True,False
margin,Vanderbilt,margin_kernel_rbf_svr,20,6,True,False
margin,Clemson,margin_kernel_rbf_svr,21,5,True,False
margin,SMU,margin_kernel_rbf_svr,22,4,True,False
margin,Washington,margin_kernel_rbf_svr,23,3,True,False
margin,Iowa,margin_kernel_rbf_svr,24,2,True,False
margin,Louisville,margin_kernel_rbf_svr,25,1,True,False
margin,South Florida,margin_kernel_rbf_svr,26,0,False,False
margin,LSU,margin_kernel_rbf_svr,27,0,False,False
margin,Florida State,margin_kernel_rbf_svr,28,0,False,False
margin,Illinois,margin_kernel_rbf_svr,29,0,False,False
margin,Auburn,margin_kernel_rbf_svr,30,0,False,False
margin,James Madison,margin_kernel_rbf_svr,31,0,False,False
margin,Florida,margin_kernel_rbf_svr,32,0,False,False
margin,Tulane,margin_kernel_rbf_svr,33,0,False,False
margin,Boise State,margin_kernel_rbf_svr,34,0,False,False
margin,East Carolina,margin_kernel_rbf_svr,35,0,False,False
margin,Arizona,margin_kernel_rbf_svr,36,0,False,False
margin,Georgia Tech,margin_kernel_rbf_svr,37,0,False,False
margin,Toledo,margin_kernel_rbf_svr,38,0,False,False
margin,UNLV,margin_kernel_rbf_svr,39,0,False,False
margin,South Carolina,margin_kernel_rbf_svr,40,0,False,False
margin,Navy,margin_kernel_rbf_svr,41,0,False,False
margin,Nebraska,margin_kernel_rbf_svr,42,0,False,False
margin,Texas State,margin_kernel_rbf_svr,43,0,False,False
margin,Iowa State,margin_kernel_rbf_svr,44,0,False,False
margin,Duke,margin_kernel_rbf_svr,45,0,False,False
margin,North Texas,margin_kernel_rbf_svr,46,0,False,False
margin,NC State,margin_kernel_rbf_svr,47,0,False,False
margin,Cincinnati,margin_kernel_rbf_svr,48,0,False,False
margin,TCU,margin_kernel_rbf_svr,49,0,False,False
margin,Kansas State,margin_kernel_rbf_svr,50,0,False,False
margin,Baylor,margin_kernel_rbf_svr,51,0,False,False
margin,Old Dominion,margin_kernel_rbf_svr,52,0,False,False
margin,Arizona State,margin_kernel_rbf_svr,53,0,False,False
margin,Arkansas,margin_kernel_rbf_svr,54,0,False,False
margin,Virginia,margin_kernel_rbf_svr,55,0,False,False
margin,Wake Forest,margin_kernel_rbf_svr,56,0,False,False
margin,San Diego State,margin_kernel_rbf_svr,57,0,False,False
margin,Memphis,margin_kernel_rbf_svr,58,0,False,False
margin,Washington State,margin_kernel_rbf_svr,59,0,False,False
margin,Northwestern,margin_kernel_rbf_svr,60,0,False,False
margin,Western Kentucky,margin_kernel_rbf_svr,61,0,False,False
margin,Pittsburgh,margin_kernel_rbf_svr,62,0,False,False
margin,UTSA,margin_kernel_rbf_svr,63,0,False,False
margin,Houston,margin_kernel_rbf_svr,64,0,False,False
margin,Marshall,margin_kernel_rbf_svr,65,0,False,False
margin,Air Force,margin_kernel_rbf_svr,66,0,False,False
margin,Rutgers,margin_kernel_rbf_svr,67,0,False,False
margin,Jacksonville State,margin_kernel_rbf_svr,68,0,False,False
margin,Utah State,margin_kernel_rbf_svr,69,0,False,False
margin,Minnesota,margin_kernel_rbf_svr,70,0,False,False
margin,UConn,margin_kernel_rbf_svr,71,0,False,False
margin,Ohio,margin_kernel_rbf_svr,72,0,False,False
margin,Kansas,margin_kernel_rbf_svr,73,0,False,False
margin,New Mexico,margin_kernel_rbf_svr,74,0,False,False
margin,Southern Miss,margin_kernel_rbf_svr,75,0,False,False
margin,Western Michigan,margin_kernel_rbf_svr,76,0,False,False
margin,Fresno State,margin_kernel_rbf_svr,77,0,False,False
margin,Michigan State,margin_kernel_rbf_svr,78,0,False,False
margin,Central Michigan,margin_kernel_rbf_svr,79,0,False,False
margin,Kentucky,margin_kernel_rbf_svr,80,0,False,False
margin,North Carolina,margin_kernel_rbf_svr,81,0,False,False
margin,Mississippi State,margin_kernel_rbf_svr,82,0,False,False
margin,UCF,margin_kernel_rbf_svr,83,0,False,False
margin,California,margin_kernel_rbf_svr,84,0,False,False
margin,Florida International,margin_kernel_rbf_svr,85,0,False,False
margin,Stanford,margin_kernel_rbf_svr,86,0,False,False
margin,Wisconsin,margin_kernel_rbf_svr,87,0,False,False
margin,Boston College,margin_kernel_rbf_svr,88,0,False,False
margin,South Alabama,margin_kernel_rbf_svr,89,0,False,False
margin,Virginia Tech,margin_kernel_rbf_svr,90,0,False,False
margin,Maryland,margin_kernel_rbf_svr,91,0,False,False
margin,Liberty,margin_kernel_rbf_svr,92,0,False,False
margin,Kennesaw State,margin_kernel_rbf_svr,93,0,False,False
margin,UCLA,margin_kernel_rbf_svr,94,0,False,False
margin,App State,margin_kernel_rbf_svr,95,0,False,False
margin,Louisiana Tech,margin_kernel_rbf_svr,96,0,False,False
margin,Georgia Southern,margin_kernel_rbf_svr,97,0,False,False
margin,Miami (OH),margin_kernel_rbf_svr,98,0,False,False
margin,West Virginia,margin_kernel_rbf_svr,99,0,False,False
margin,Hawai'i,margin_kernel_rbf_svr,100,0,False,False
margin,Colorado,margin_kernel_rbf_svr,101,0,False,False
margin,Syracuse,margin_kernel_rbf_svr,102,0,False,False
margin,Delaware,margin_kernel_rbf_svr,103,0,False,False
margin,Purdue,margin_kernel_rbf_svr,104,0,False,False
margin,Tulsa,margin_kernel_rbf_svr,105,0,False,False
margin,Florida Atlantic,margin_kernel_rbf_svr,106,0,False,False
margin,Louisiana,margin_kernel_rbf_svr,107,0,False,False
margin,Arkansas State,margin_kernel_rbf_svr,108,0,False,False
margin,North Dakota State,margin_kernel_rbf_svr,109,0,False,False
margin,Bowling Green,margin_kernel_rbf_svr,110,0,False,False
margin,Oregon State,margin_kernel_rbf_svr,111,0,False,False
margin,Eastern Michigan,margin_kernel_rbf_svr,112,0,False,False
margin,Missouri State,margin_kernel_rbf_svr,113,0,False,False
margin,Sacramento State,margin_kernel_rbf_svr,114,0,False,False
margin,Troy,margin_kernel_rbf_svr,115,0,False,False
margin,Temple,margin_kernel_rbf_svr,116,0,False,False
margin,Kent State,margin_kernel_rbf_svr,117,0,False,False
margin,Akron,margin_kernel_rbf_svr,118,0,False,False
margin,Oklahoma State,margin_kernel_rbf_svr,119,0,False,False
margin,Middle Tennessee,margin_kernel_rbf_svr,120,0,False,False
margin,Army,margin_kernel_rbf_svr,121,0,False,False
margin,UAB,margin_kernel_rbf_svr,122,0,False,False
margin,Buffalo,margin_kernel_rbf_svr,123,0,False,False
margin,San José State,margin_kernel_rbf_svr,124,0,False,False
margin,Colorado State,margin_kernel_rbf_svr,125,0,False,False
margin,Rice,margin_kernel_rbf_svr,126,0,False,False
margin,UL Monroe,margin_kernel_rbf_svr,127,0,False,False
margin,Nevada,margin_kernel_rbf_svr,128,0,False,False
margin,Wyoming,margin_kernel_rbf_svr,129,0,False,False
margin,Northern Illinois,margin_kernel_rbf_svr,130,0,False,False
margin,Georgia State,margin_kernel_rbf_svr,131,0,False,False
margin,Coastal Carolina,margin_kernel_rbf_svr,132,0,False,False
margin,New Mexico State,margin_kernel_rbf_svr,133,0,False,False
margin,Ball State,margin_kernel_rbf_svr,134,0,False,False
margin,UTEP,margin_kernel_rbf_svr,135,0,False,False
margin,Sam Houston,margin_kernel_rbf_svr,136,0,False,False
margin,Charlotte,margin_kernel_rbf_svr,137,0,False,False
margin,Massachusetts,margin_kernel_rbf_svr,138,0,False,False
margin,Georgia,margin_knn_distance_euclidean,1,25,True,True
margin,Ohio State,margin_knn_distance_euclidean,2,24,True,False
margin,Clemson,margin_knn_distance_euclidean,3,23,True,False
margin,LSU,margin_knn_distance_euclidean,4,22,True,False
margin,Ole Miss,margin_knn_distance_euclidean,5,21,True,False
margin,Auburn,margin_knn_distance_euclidean,6,20,True,False
margin,Oregon,margin_knn_distance_euclidean,7,19,True,False
margin,Penn State,margin_knn_distance_euclidean,8,18,True,False
margin,Texas,margin_knn_distance_euclidean,9,17,True,False
margin,Alabama,margin_knn_distance_euclidean,10,16,True,False
margin,Tennessee,margin_knn_distance_euclidean,11,15,True,False
margin,Florida,margin_knn_distance_euclidean,12,14,True,False
margin,Notre Dame,margin_knn_distance_euclidean,13,13,True,False
margin,Miami,margin_knn_distance_euclidean,14,12,True,False
margin,Florida State,margin_knn_distance_euclidean,15,11,True,False
margin,Texas A&M,margin_knn_distance_euclidean,16,10,True,False
margin,UNLV,margin_knn_distance_euclidean,17,9,True,False
margin,Michigan,margin_knn_distance_euclidean,18,8,True,False
margin,Oklahoma,margin_knn_distance_euclidean,19,7,True,False
margin,USC,margin_knn_distance_euclidean,20,6,True,False
margin,Kentucky,margin_knn_distance_euclidean,21,5,True,False
margin,Kansas State,margin_knn_distance_euclidean,22,4,True,False
margin,Iowa,margin_knn_distance_euclidean,23,3,True,False
margin,Pittsburgh,margin_knn_distance_euclidean,24,2,True,False
margin,Wake Forest,margin_knn_distance_euclidean,25,1,True,False
margin,Utah,margin_knn_distance_euclidean,26,0,False,False
margin,Nebraska,margin_knn_distance_euclidean,27,0,False,False
margin,Oklahoma State,margin_knn_distance_euclidean,28,0,False,False
margin,BYU,margin_knn_distance_euclidean,29,0,False,False
margin,California,margin_knn_distance_euclidean,30,0,False,False
margin,South Carolina,margin_knn_distance_euclidean,31,0,False,False
margin,NC State,margin_knn_distance_euclidean,32,0,False,False
margin,TCU,margin_knn_distance_euclidean,33,0,False,False
margin,Cincinnati,margin_knn_distance_euclidean,34,0,False,False
margin,Louisville,margin_knn_distance_euclidean,35,0,False,False
margin,Wisconsin,margin_knn_distance_euclidean,36,0,False,False
margin,Missouri,margin_knn_distance_euclidean,37,0,False,False
margin,Minnesota,margin_knn_distance_euclidean,38,0,False,False
margin,Duke,margin_knn_distance_euclidean,39,0,False,False
margin,Illinois,margin_knn_distance_euclidean,40,0,False,False
margin,Baylor,margin_knn_distance_euclidean,41,0,False,False
margin,West Virginia,margin_knn_distance_euclidean,42,0,False,False
margin,UTSA,margin_knn_distance_euclidean,43,0,False,False
margin,Fresno State,margin_knn_distance_euclidean,44,0,False,False
margin,Tulane,margin_knn_distance_euclidean,45,0,False,False
margin,Florida International,margin_knn_distance_euclidean,46,0,False,False
margin,Florida Atlantic,margin_knn_distance_euclidean,47,0,False,False
margin,Houston,margin_knn_distance_euclidean,48,0,False,False
margin,Arkansas,margin_knn_distance_euclidean,49,0,False,False
margin,Stanford,margin_knn_distance_euclidean,50,0,False,False
margin,Tulsa,margin_knn_distance_euclidean,51,0,False,False
margin,Washington State,margin_knn_distance_euclidean,52,0,False,False
margin,SMU,margin_knn_distance_euclidean,53,0,False,False
margin,Texas State,margin_knn_distance_euclidean,54,0,False,False
margin,App State,margin_knn_distance_euclidean,55,0,False,False
margin,Colorado,margin_knn_distance_euclidean,56,0,False,False
margin,UCF,margin_knn_distance_euclidean,57,0,False,False
margin,Marshall,margin_knn_distance_euclidean,58,0,False,False
margin,Arkansas State,margin_knn_distance_euclidean,59,0,False,False
margin,Michigan State,margin_knn_distance_euclidean,60,0,False,False
margin,Liberty,margin_knn_distance_euclidean,61,0,False,False
margin,Georgia Southern,margin_knn_distance_euclidean,62,0,False,False
margin,Kansas,margin_knn_distance_euclidean,63,0,False,False
margin,Toledo,margin_knn_distance_euclidean,64,0,False,False
margin,Boise State,margin_knn_distance_euclidean,65,0,False,False
margin,Indiana,margin_knn_distance_euclidean,66,0,False,False
margin,North Carolina,margin_knn_distance_euclidean,67,0,False,False
margin,Washington,margin_knn_distance_euclidean,68,0,False,False
margin,Purdue,margin_knn_distance_euclidean,69,0,False,False
margin,Syracuse,margin_knn_distance_euclidean,70,0,False,False
margin,Iowa State,margin_knn_distance_euclidean,71,0,False,False
margin,Boston College,margin_knn_distance_euclidean,72,0,False,False
margin,Virginia Tech,margin_knn_distance_euclidean,73,0,False,False
margin,UConn,margin_knn_distance_euclidean,74,0,False,False
margin,Georgia Tech,margin_knn_distance_euclidean,75,0,False,False
margin,Texas Tech,margin_knn_distance_euclidean,76,0,False,False
margin,Rutgers,margin_knn_distance_euclidean,77,0,False,False
margin,Louisiana,margin_knn_distance_euclidean,78,0,False,False
margin,South Alabama,margin_knn_distance_euclidean,79,0,False,False
margin,Western Kentucky,margin_knn_distance_euclidean,80,0,False,False
margin,Memphis,margin_knn_distance_euclidean,81,0,False,False
margin,Maryland,margin_knn_distance_euclidean,82,0,False,False
margin,UCLA,margin_knn_distance_euclidean,83,0,False,False
margin,Southern Miss,margin_knn_distance_euclidean,84,0,False,False
margin,Air Force,margin_knn_distance_euclidean,85,0,False,False
margin,Arizona State,margin_knn_distance_euclidean,86,0,False,False
margin,Arizona,margin_knn_distance_euclidean,87,0,False,False
margin,Vanderbilt,margin_knn_distance_euclidean,88,0,False,False
margin,Colorado State,margin_knn_distance_euclidean,89,0,False,False
margin,Bowling Green,margin_knn_distance_euclidean,90,0,False,False
margin,Rice,margin_knn_distance_euclidean,91,0,False,False
margin,Mississippi State,margin_knn_distance_euclidean,92,0,False,False
margin,Central Michigan,margin_knn_distance_euclidean,93,0,False,False
margin,Miami (OH),margin_knn_distance_euclidean,94,0,False,False
margin,East Carolina,margin_knn_distance_euclidean,95,0,False,False
margin,Jacksonville State,margin_knn_distance_euclidean,96,0,False,False
margin,Northwestern,margin_knn_distance_euclidean,97,0,False,False
margin,Ball State,margin_knn_distance_euclidean,98,0,False,False
margin,South Florida,margin_knn_distance_euclidean,99,0,False,False
margin,Ohio,margin_knn_distance_euclidean,100,0,False,False
margin,Sam Houston,margin_knn_distance_euclidean,101,0,False,False
margin,San José State,margin_knn_distance_euclidean,102,0,False,False
margin,Oregon State,margin_knn_distance_euclidean,103,0,False,False
margin,North Texas,margin_knn_distance_euclidean,104,0,False,False
margin,Kent State,margin_knn_distance_euclidean,105,0,False,False
margin,Missouri State,margin_knn_distance_euclidean,106,0,False,False
margin,Navy,margin_knn_distance_euclidean,107,0,False,False
margin,Troy,margin_knn_distance_euclidean,108,0,False,False
margin,Eastern Michigan,margin_knn_distance_euclidean,109,0,False,False
margin,UAB,margin_knn_distance_euclidean,110,0,False,False
margin,Virginia,margin_knn_distance_euclidean,111,0,False,False
margin,San Diego State,margin_knn_distance_euclidean,112,0,False,False
margin,Buffalo,margin_knn_distance_euclidean,113,0,False,False
margin,Akron,margin_knn_distance_euclidean,114,0,False,False
margin,Utah State,margin_knn_distance_euclidean,115,0,False,False
margin,Middle Tennessee,margin_knn_distance_euclidean,116,0,False,False
margin,North Dakota State,margin_knn_distance_euclidean,117,0,False,False
margin,Sacramento State,margin_knn_distance_euclidean,118,0,False,False
margin,James Madison,margin_knn_distance_euclidean,119,0,False,False
margin,Georgia State,margin_knn_distance_euclidean,120,0,False,False
margin,Coastal Carolina,margin_knn_distance_euclidean,121,0,False,False
margin,Massachusetts,margin_knn_distance_euclidean,122,0,False,False
margin,Western Michigan,margin_knn_distance_euclidean,123,0,False,False
margin,Temple,margin_knn_distance_euclidean,124,0,False,False
margin,Hawai'i,margin_knn_distance_euclidean,125,0,False,False
margin,Louisiana Tech,margin_knn_distance_euclidean,126,0,False,False
margin,Nevada,margin_knn_distance_euclidean,127,0,False,False
margin,New Mexico,margin_knn_distance_euclidean,128,0,False,False
margin,Northern Illinois,margin_knn_distance_euclidean,129,0,False,False
margin,Old Dominion,margin_knn_distance_euclidean,130,0,False,False
margin,UL Monroe,margin_knn_distance_euclidean,131,0,False,False
margin,UTEP,margin_knn_distance_euclidean,132,0,False,False
margin,Wyoming,margin_knn_distance_euclidean,133,0,False,False
margin,Charlotte,margin_knn_distance_euclidean,134,0,False,False
margin,Kennesaw State,margin_knn_distance_euclidean,135,0,False,False
margin,New Mexico State,margin_knn_distance_euclidean,136,0,False,False
margin,Delaware,margin_knn_distance_euclidean,137,0,False,False
margin,Army,margin_knn_distance_euclidean,138,0,False,False
margin,Ohio State,margin_knn_distance_manhattan,1,25,True,True
margin,Georgia,margin_knn_distance_manhattan,2,24,True,False
margin,Clemson,margin_knn_distance_manhattan,3,23,True,False
margin,Penn State,margin_knn_distance_manhattan,4,22,True,False
margin,LSU,margin_knn_distance_manhattan,5,21,True,False
margin,Oregon,margin_knn_distance_manhattan,6,20,True,False
margin,USC,margin_knn_distance_manhattan,7,19,True,False
margin,Florida,margin_knn_distance_manhattan,8,18,True,False
margin,Auburn,margin_knn_distance_manhattan,9,17,True,False
margin,Texas A&M,margin_knn_distance_manhattan,10,16,True,False
margin,Wisconsin,margin_knn_distance_manhattan,11,15,True,False
margin,Texas,margin_knn_distance_manhattan,12,14,True,False
margin,Ole Miss,margin_knn_distance_manhattan,13,13,True,False
margin,Oklahoma,margin_knn_distance_manhattan,14,12,True,False
margin,Alabama,margin_knn_distance_manhattan,15,11,True,False
margin,Iowa,margin_knn_distance_manhattan,16,10,True,False
margin,Kentucky,margin_knn_distance_manhattan,17,9,True,False
margin,Tennessee,margin_knn_distance_manhattan,18,8,True,False
margin,Miami,margin_knn_distance_manhattan,19,7,True,False
margin,Toledo,margin_knn_distance_manhattan,20,6,True,False
margin,Michigan,margin_knn_distance_manhattan,21,5,True,False
margin,Utah,margin_knn_distance_manhattan,22,4,True,False
margin,Liberty,margin_knn_distance_manhattan,23,3,True,False
margin,Tulsa,margin_knn_distance_manhattan,24,2,True,False
margin,Florida Atlantic,margin_knn_distance_manhattan,25,1,True,False
margin,App State,margin_knn_distance_manhattan,26,0,False,False
margin,Marshall,margin_knn_distance_manhattan,27,0,False,False
margin,Fresno State,margin_knn_distance_manhattan,28,0,False,False
margin,South Carolina,margin_knn_distance_manhattan,29,0,False,False
margin,UCF,margin_knn_distance_manhattan,30,0,False,False
margin,Notre Dame,margin_knn_distance_manhattan,31,0,False,False
margin,Stanford,margin_knn_distance_manhattan,32,0,False,False
margin,Michigan State,margin_knn_distance_manhattan,33,0,False,False
margin,Western Kentucky,margin_knn_distance_manhattan,34,0,False,False
margin,Indiana,margin_knn_distance_manhattan,35,0,False,False
margin,UNLV,margin_knn_distance_manhattan,36,0,False,False
margin,Missouri,margin_knn_distance_manhattan,37,0,False,False
margin,UTSA,margin_knn_distance_manhattan,38,0,False,False
margin,Kansas State,margin_knn_distance_manhattan,39,0,False,False
margin,Cincinnati,margin_knn_distance_manhattan,40,0,False,False
margin,Memphis,margin_knn_distance_manhattan,41,0,False,False
margin,Minnesota,margin_knn_distance_manhattan,42,0,False,False
margin,Nebraska,margin_knn_distance_manhattan,43,0,False,False
margin,Louisiana,margin_knn_distance_manhattan,44,0,False,False
margin,California,margin_knn_distance_manhattan,45,0,False,False
margin,Louisville,margin_knn_distance_manhattan,46,0,False,False
margin,Baylor,margin_knn_distance_manhattan,47,0,False,False
margin,Florida State,margin_knn_distance_manhattan,48,0,False,False
margin,Oklahoma State,margin_knn_distance_manhattan,49,0,False,False
margin,Georgia Southern,margin_knn_distance_manhattan,50,0,False,False
margin,Florida International,margin_knn_distance_manhattan,51,0,False,False
margin,Illinois,margin_knn_distance_manhattan,52,0,False,False
margin,North Carolina,margin_knn_distance_manhattan,53,0,False,False
margin,Purdue,margin_knn_distance_manhattan,54,0,False,False
margin,Pittsburgh,margin_knn_distance_manhattan,55,0,False,False
margin,Houston,margin_knn_distance_manhattan,56,0,False,False
margin,TCU,margin_knn_distance_manhattan,57,0,False,False
margin,Boston College,margin_knn_distance_manhattan,58,0,False,False
margin,Texas Tech,margin_knn_distance_manhattan,59,0,False,False
margin,BYU,margin_knn_distance_manhattan,60,0,False,False
margin,Iowa State,margin_knn_distance_manhattan,61,0,False,False
margin,Wake Forest,margin_knn_distance_manhattan,62,0,False,False
margin,Arizona State,margin_knn_distance_manhattan,63,0,False,False
margin,NC State,margin_knn_distance_manhattan,64,0,False,False
margin,West Virginia,margin_knn_distance_manhattan,65,0,False,False
margin,Southern Miss,margin_knn_distance_manhattan,66,0,False,False
margin,Rice,margin_knn_distance_manhattan,67,0,False,False
margin,Bowling Green,margin_knn_distance_manhattan,68,0,False,False
margin,Washington,margin_knn_distance_manhattan,69,0,False,False
margin,Mississippi State,margin_knn_distance_manhattan,70,0,False,False
margin,Arkansas,margin_knn_distance_manhattan,71,0,False,False
margin,Boise State,margin_knn_distance_manhattan,72,0,False,False
margin,Vanderbilt,margin_knn_distance_manhattan,73,0,False,False
margin,Duke,margin_knn_distance_manhattan,74,0,False,False
margin,Arizona,margin_knn_distance_manhattan,75,0,False,False
margin,Washington State,margin_knn_distance_manhattan,76,0,False,False
margin,SMU,margin_knn_distance_manhattan,77,0,False,False
margin,Tulane,margin_knn_distance_manhattan,78,0,False,False
margin,South Alabama,margin_knn_distance_manhattan,79,0,False,False
margin,Rutgers,margin_knn_distance_manhattan,80,0,False,False
margin,North Texas,margin_knn_distance_manhattan,81,0,False,False
margin,Syracuse,margin_knn_distance_manhattan,82,0,False,False
margin,Virginia Tech,margin_knn_distance_manhattan,83,0,False,False
margin,Air Force,margin_knn_distance_manhattan,84,0,False,False
margin,Texas State,margin_knn_distance_manhattan,85,0,False,False
margin,Kansas,margin_knn_distance_manhattan,86,0,False,False
margin,UConn,margin_knn_distance_manhattan,87,0,False,False
margin,Sacramento State,margin_knn_distance_manhattan,88,0,False,False
margin,Colorado State,margin_knn_distance_manhattan,89,0,False,False
margin,Oregon State,margin_knn_distance_manhattan,90,0,False,False
margin,Maryland,margin_knn_distance_manhattan,91,0,False,False
margin,Northwestern,margin_knn_distance_manhattan,92,0,False,False
margin,Arkansas State,margin_knn_distance_manhattan,93,0,False,False
margin,South Florida,margin_knn_distance_manhattan,94,0,False,False
margin,Colorado,margin_knn_distance_manhattan,95,0,False,False
margin,UCLA,margin_knn_distance_manhattan,96,0,False,False
margin,Virginia,margin_knn_distance_manhattan,97,0,False,False
margin,Western Michigan,margin_knn_distance_manhattan,98,0,False,False
margin,Eastern Michigan,margin_knn_distance_manhattan,99,0,False,False
margin,Navy,margin_knn_distance_manhattan,100,0,False,False
margin,Miami (OH),margin_knn_distance_manhattan,101,0,False,False
margin,UAB,margin_knn_distance_manhattan,102,0,False,False
margin,San Diego State,margin_knn_distance_manhattan,103,0,False,False
margin,Middle Tennessee,margin_knn_distance_manhattan,104,0,False,False
margin,Buffalo,margin_knn_distance_manhattan,105,0,False,False
margin,Georgia Tech,margin_knn_distance_manhattan,106,0,False,False
margin,James Madison,margin_knn_distance_manhattan,107,0,False,False
margin,Ball State,margin_knn_distance_manhattan,108,0,False,False
margin,Coastal Carolina,margin_knn_distance_manhattan,109,0,False,False
margin,Nevada,margin_knn_distance_manhattan,110,0,False,False
margin,San José State,margin_knn_distance_manhattan,111,0,False,False
margin,East Carolina,margin_knn_distance_manhattan,112,0,False,False
margin,Utah State,margin_knn_distance_manhattan,113,0,False,False
margin,UL Monroe,margin_knn_distance_manhattan,114,0,False,False
margin,Jacksonville State,margin_knn_distance_manhattan,115,0,False,False
margin,Louisiana Tech,margin_knn_distance_manhattan,116,0,False,False
margin,Akron,margin_knn_distance_manhattan,117,0,False,False
margin,Temple,margin_knn_distance_manhattan,118,0,False,False
margin,New Mexico State,margin_knn_distance_manhattan,119,0,False,False
margin,Troy,margin_knn_distance_manhattan,120,0,False,False
margin,Northern Illinois,margin_knn_distance_manhattan,121,0,False,False
margin,UTEP,margin_knn_distance_manhattan,122,0,False,False
margin,North Dakota State,margin_knn_distance_manhattan,123,0,False,False
margin,Massachusetts,margin_knn_distance_manhattan,124,0,False,False
margin,Hawai'i,margin_knn_distance_manhattan,125,0,False,False
margin,Ohio,margin_knn_distance_manhattan,126,0,False,False
margin,Kent State,margin_knn_distance_manhattan,127,0,False,False
margin,Sam Houston,margin_knn_distance_manhattan,128,0,False,False
margin,Central Michigan,margin_knn_distance_manhattan,129,0,False,False
margin,Old Dominion,margin_knn_distance_manhattan,130,0,False,False
margin,Georgia State,margin_knn_distance_manhattan,131,0,False,False
margin,Missouri State,margin_knn_distance_manhattan,132,0,False,False
margin,Army,margin_knn_distance_manhattan,133,0,False,False
margin,Charlotte,margin_knn_distance_manhattan,134,0,False,False
margin,Wyoming,margin_knn_distance_manhattan,135,0,False,False
margin,Kennesaw State,margin_knn_distance_manhattan,136,0,False,False
margin,Delaware,margin_knn_distance_manhattan,137,0,False,False
margin,New Mexico,margin_knn_distance_manhattan,138,0,False,False
margin,Georgia,margin_knn_uniform_euclidean,1,25,True,True
margin,Clemson,margin_knn_uniform_euclidean,2,24,True,False
margin,Auburn,margin_knn_uniform_euclidean,3,23,True,False
margin,Ohio State,margin_knn_uniform_euclidean,4,22,True,False
margin,Penn State,margin_knn_uniform_euclidean,5,21,True,False
margin,LSU,margin_knn_uniform_euclidean,6,20,True,False
margin,Alabama,margin_knn_uniform_euclidean,7,19,True,False
margin,Ole Miss,margin_knn_uniform_euclidean,8,18,True,False
margin,Texas,margin_knn_uniform_euclidean,9,17,True,False
margin,Texas A&M,margin_knn_uniform_euclidean,10,16,True,False
margin,USC,margin_knn_uniform_euclidean,11,15,True,False
margin,Miami,margin_knn_uniform_euclidean,12,14,True,False
margin,Oklahoma,margin_knn_uniform_euclidean,13,13,True,False
margin,Florida,margin_knn_uniform_euclidean,14,12,True,False
margin,Michigan,margin_knn_uniform_euclidean,15,11,True,False
margin,Tennessee,margin_knn_uniform_euclidean,16,10,True,False
margin,Kansas State,margin_knn_uniform_euclidean,17,9,True,False
margin,Oregon,margin_knn_uniform_euclidean,18,8,True,False
margin,Wisconsin,margin_knn_uniform_euclidean,19,7,True,False
margin,Iowa,margin_knn_uniform_euclidean,20,6,True,False
margin,Florida State,margin_knn_uniform_euclidean,21,5,True,False
margin,Kentucky,margin_knn_uniform_euclidean,22,4,True,False
margin,Notre Dame,margin_knn_uniform_euclidean,23,3,True,False
margin,BYU,margin_knn_uniform_euclidean,24,2,True,False
margin,UNLV,margin_knn_uniform_euclidean,25,1,True,False
margin,Utah,margin_knn_uniform_euclidean,26,0,False,False
margin,Wake Forest,margin_knn_uniform_euclidean,27,0,False,False
margin,Cincinnati,margin_knn_uniform_euclidean,28,0,False,False
margin,Oklahoma State,margin_knn_uniform_euclidean,29,0,False,False
margin,Louisville,margin_knn_uniform_euclidean,30,0,False,False
margin,Pittsburgh,margin_knn_uniform_euclidean,31,0,False,False
margin,Baylor,margin_knn_uniform_euclidean,32,0,False,False
margin,Stanford,margin_knn_uniform_euclidean,33,0,False,False
margin,South Carolina,margin_knn_uniform_euclidean,34,0,False,False
margin,California,margin_knn_uniform_euclidean,35,0,False,False
margin,Missouri,margin_knn_uniform_euclidean,36,0,False,False
margin,Southern Miss,margin_knn_uniform_euclidean,37,0,False,False
margin,Florida Atlantic,margin_knn_uniform_euclidean,38,0,False,False
margin,Minnesota,margin_knn_uniform_euclidean,39,0,False,False
margin,Nebraska,margin_knn_uniform_euclidean,40,0,False,False
margin,Washington State,margin_knn_uniform_euclidean,41,0,False,False
margin,Louisiana,margin_knn_uniform_euclidean,42,0,False,False
margin,Fresno State,margin_knn_uniform_euclidean,43,0,False,False
margin,Marshall,margin_knn_uniform_euclidean,44,0,False,False
margin,Tulsa,margin_knn_uniform_euclidean,45,0,False,False
margin,Toledo,margin_knn_uniform_euclidean,46,0,False,False
margin,West Virginia,margin_knn_uniform_euclidean,47,0,False,False
margin,Illinois,margin_knn_uniform_euclidean,48,0,False,False
margin,NC State,margin_knn_uniform_euclidean,49,0,False,False
margin,Boise State,margin_knn_uniform_euclidean,50,0,False,False
margin,Western Kentucky,margin_knn_uniform_euclidean,51,0,False,False
margin,Liberty,margin_knn_uniform_euclidean,52,0,False,False
margin,Iowa State,margin_knn_uniform_euclidean,53,0,False,False
margin,Boston College,margin_knn_uniform_euclidean,54,0,False,False
margin,Arkansas,margin_knn_uniform_euclidean,55,0,False,False
margin,App State,margin_knn_uniform_euclidean,56,0,False,False
margin,Washington,margin_knn_uniform_euclidean,57,0,False,False
margin,TCU,margin_knn_uniform_euclidean,58,0,False,False
margin,Colorado,margin_knn_uniform_euclidean,59,0,False,False
margin,Indiana,margin_knn_uniform_euclidean,60,0,False,False
margin,Maryland,margin_knn_uniform_euclidean,61,0,False,False
margin,Purdue,margin_knn_uniform_euclidean,62,0,False,False
margin,Duke,margin_knn_uniform_euclidean,63,0,False,False
margin,UTSA,margin_knn_uniform_euclidean,64,0,False,False
margin,Michigan State,margin_knn_uniform_euclidean,65,0,False,False
margin,UConn,margin_knn_uniform_euclidean,66,0,False,False
margin,Memphis,margin_knn_uniform_euclidean,67,0,False,False
margin,Florida International,margin_knn_uniform_euclidean,68,0,False,False
margin,South Alabama,margin_knn_uniform_euclidean,69,0,False,False
margin,Kansas,margin_knn_uniform_euclidean,70,0,False,False
margin,North Carolina,margin_knn_uniform_euclidean,71,0,False,False
margin,Texas State,margin_knn_uniform_euclidean,72,0,False,False
margin,Tulane,margin_knn_uniform_euclidean,73,0,False,False
margin,UCF,margin_knn_uniform_euclidean,74,0,False,False
margin,Georgia Southern,margin_knn_uniform_euclidean,75,0,False,False
margin,SMU,margin_knn_uniform_euclidean,76,0,False,False
margin,Syracuse,margin_knn_uniform_euclidean,77,0,False,False
margin,Vanderbilt,margin_knn_uniform_euclidean,78,0,False,False
margin,Houston,margin_knn_uniform_euclidean,79,0,False,False
margin,Arkansas State,margin_knn_uniform_euclidean,80,0,False,False
margin,Texas Tech,margin_knn_uniform_euclidean,81,0,False,False
margin,Virginia Tech,margin_knn_uniform_euclidean,82,0,False,False
margin,Georgia Tech,margin_knn_uniform_euclidean,83,0,False,False
margin,North Texas,margin_knn_uniform_euclidean,84,0,False,False
margin,Rice,margin_knn_uniform_euclidean,85,0,False,False
margin,Jacksonville State,margin_knn_uniform_euclidean,86,0,False,False
margin,Arizona,margin_knn_uniform_euclidean,87,0,False,False
margin,Air Force,margin_knn_uniform_euclidean,88,0,False,False
margin,Bowling Green,margin_knn_uniform_euclidean,89,0,False,False
margin,Arizona State,margin_knn_uniform_euclidean,90,0,False,False
margin,Mississippi State,margin_knn_uniform_euclidean,91,0,False,False
margin,UCLA,margin_knn_uniform_euclidean,92,0,False,False
margin,Colorado State,margin_knn_uniform_euclidean,93,0,False,False
margin,Miami (OH),margin_knn_uniform_euclidean,94,0,False,False
margin,Rutgers,margin_knn_uniform_euclidean,95,0,False,False
margin,Northwestern,margin_knn_uniform_euclidean,96,0,False,False
margin,South Florida,margin_knn_uniform_euclidean,97,0,False,False
margin,UAB,margin_knn_uniform_euclidean,98,0,False,False
margin,Louisiana Tech,margin_knn_uniform_euclidean,99,0,False,False
margin,Sacramento State,margin_knn_uniform_euclidean,100,0,False,False
margin,Eastern Michigan,margin_knn_uniform_euclidean,101,0,False,False
margin,Buffalo,margin_knn_uniform_euclidean,102,0,False,False
margin,Virginia,margin_knn_uniform_euclidean,103,0,False,False
margin,Oregon State,margin_knn_uniform_euclidean,104,0,False,False
margin,Navy,margin_knn_uniform_euclidean,105,0,False,False
margin,East Carolina,margin_knn_uniform_euclidean,106,0,False,False
margin,San José State,margin_knn_uniform_euclidean,107,0,False,False
margin,Utah State,margin_knn_uniform_euclidean,108,0,False,False
margin,James Madison,margin_knn_uniform_euclidean,109,0,False,False
margin,Central Michigan,margin_knn_uniform_euclidean,110,0,False,False
margin,North Dakota State,margin_knn_uniform_euclidean,111,0,False,False
margin,Ohio,margin_knn_uniform_euclidean,112,0,False,False
margin,San Diego State,margin_knn_uniform_euclidean,113,0,False,False
margin,Akron,margin_knn_uniform_euclidean,114,0,False,False
margin,Ball State,margin_knn_uniform_euclidean,115,0,False,False
margin,Old Dominion,margin_knn_uniform_euclidean,116,0,False,False
margin,Middle Tennessee,margin_knn_uniform_euclidean,117,0,False,False
margin,Western Michigan,margin_knn_uniform_euclidean,118,0,False,False
margin,Sam Houston,margin_knn_uniform_euclidean,119,0,False,False
margin,Georgia State,margin_knn_uniform_euclidean,120,0,False,False
margin,Northern Illinois,margin_knn_uniform_euclidean,121,0,False,False
margin,Missouri State,margin_knn_uniform_euclidean,122,0,False,False
margin,Troy,margin_knn_uniform_euclidean,123,0,False,False
margin,Temple,margin_knn_uniform_euclidean,124,0,False,False
margin,Kent State,margin_knn_uniform_euclidean,125,0,False,False
margin,UL Monroe,margin_knn_uniform_euclidean,126,0,False,False
margin,New Mexico,margin_knn_uniform_euclidean,127,0,False,False
margin,Coastal Carolina,margin_knn_uniform_euclidean,128,0,False,False
margin,New Mexico State,margin_knn_uniform_euclidean,129,0,False,False
margin,UTEP,margin_knn_uniform_euclidean,130,0,False,False
margin,Hawai'i,margin_knn_uniform_euclidean,131,0,False,False
margin,Delaware,margin_knn_uniform_euclidean,132,0,False,False
margin,Nevada,margin_knn_uniform_euclidean,133,0,False,False
margin,Wyoming,margin_knn_uniform_euclidean,134,0,False,False
margin,Kennesaw State,margin_knn_uniform_euclidean,135,0,False,False
margin,Charlotte,margin_knn_uniform_euclidean,136,0,False,False
margin,Army,margin_knn_uniform_euclidean,137,0,False,False
margin,Massachusetts,margin_knn_uniform_euclidean,138,0,False,False
margin,Ohio State,margin_knn_uniform_manhattan,1,25,True,True
margin,Georgia,margin_knn_uniform_manhattan,2,24,True,False
margin,Clemson,margin_knn_uniform_manhattan,3,23,True,False
margin,Penn State,margin_knn_uniform_manhattan,4,22,True,False
margin,LSU,margin_knn_uniform_manhattan,5,21,True,False
margin,Oregon,margin_knn_uniform_manhattan,6,20,True,False
margin,USC,margin_knn_uniform_manhattan,7,19,True,False
margin,Florida,margin_knn_uniform_manhattan,8,18,True,False
margin,Auburn,margin_knn_uniform_manhattan,9,17,True,False
margin,Texas A&M,margin_knn_uniform_manhattan,10,16,True,False
margin,Wisconsin,margin_knn_uniform_manhattan,11,15,True,False
margin,Texas,margin_knn_uniform_manhattan,12,14,True,False
margin,Ole Miss,margin_knn_uniform_manhattan,13,13,True,False
margin,Oklahoma,margin_knn_uniform_manhattan,14,12,True,False
margin,Alabama,margin_knn_uniform_manhattan,15,11,True,False
margin,Iowa,margin_knn_uniform_manhattan,16,10,True,False
margin,Kentucky,margin_knn_uniform_manhattan,17,9,True,False
margin,Tennessee,margin_knn_uniform_manhattan,18,8,True,False
margin,Miami,margin_knn_uniform_manhattan,19,7,True,False
margin,Toledo,margin_knn_uniform_manhattan,20,6,True,False
margin,Michigan,margin_knn_uniform_manhattan,21,5,True,False
margin,Utah,margin_knn_uniform_manhattan,22,4,True,False
margin,Liberty,margin_knn_uniform_manhattan,23,3,True,False
margin,App State,margin_knn_uniform_manhattan,24,2,True,False
margin,Florida Atlantic,margin_knn_uniform_manhattan,25,1,True,False
margin,Tulsa,margin_knn_uniform_manhattan,26,0,False,False
margin,Fresno State,margin_knn_uniform_manhattan,27,0,False,False
margin,Marshall,margin_knn_uniform_manhattan,28,0,False,False
margin,South Carolina,margin_knn_uniform_manhattan,29,0,False,False
margin,UCF,margin_knn_uniform_manhattan,30,0,False,False
margin,Notre Dame,margin_knn_uniform_manhattan,31,0,False,False
margin,Stanford,margin_knn_uniform_manhattan,32,0,False,False
margin,Michigan State,margin_knn_uniform_manhattan,33,0,False,False
margin,Western Kentucky,margin_knn_uniform_manhattan,34,0,False,False
margin,Indiana,margin_knn_uniform_manhattan,35,0,False,False
margin,Missouri,margin_knn_uniform_manhattan,36,0,False,False
margin,UNLV,margin_knn_uniform_manhattan,37,0,False,False
margin,UTSA,margin_knn_uniform_manhattan,38,0,False,False
margin,Cincinnati,margin_knn_uniform_manhattan,39,0,False,False
margin,Kansas State,margin_knn_uniform_manhattan,40,0,False,False
margin,Memphis,margin_knn_uniform_manhattan,41,0,False,False
margin,Minnesota,margin_knn_uniform_manhattan,42,0,False,False
margin,Nebraska,margin_knn_uniform_manhattan,43,0,False,False
margin,Louisiana,margin_knn_uniform_manhattan,44,0,False,False
margin,California,margin_knn_uniform_manhattan,45,0,False,False
margin,Louisville,margin_knn_uniform_manhattan,46,0,False,False
margin,Baylor,margin_knn_uniform_manhattan,47,0,False,False
margin,Florida State,margin_knn_uniform_manhattan,48,0,False,False
margin,Oklahoma State,margin_knn_uniform_manhattan,49,0,False,False
margin,Georgia Southern,margin_knn_uniform_manhattan,50,0,False,False
margin,Florida International,margin_knn_uniform_manhattan,51,0,False,False
margin,Illinois,margin_knn_uniform_manhattan,52,0,False,False
margin,North Carolina,margin_knn_uniform_manhattan,53,0,False,False
margin,Purdue,margin_knn_uniform_manhattan,54,0,False,False
margin,Pittsburgh,margin_knn_uniform_manhattan,55,0,False,False
margin,Houston,margin_knn_uniform_manhattan,56,0,False,False
margin,TCU,margin_knn_uniform_manhattan,57,0,False,False
margin,Boston College,margin_knn_uniform_manhattan,58,0,False,False
margin,Texas Tech,margin_knn_uniform_manhattan,59,0,False,False
margin,BYU,margin_knn_uniform_manhattan,60,0,False,False
margin,Iowa State,margin_knn_uniform_manhattan,61,0,False,False
margin,Wake Forest,margin_knn_uniform_manhattan,62,0,False,False
margin,Arizona State,margin_knn_uniform_manhattan,63,0,False,False
margin,NC State,margin_knn_uniform_manhattan,64,0,False,False
margin,West Virginia,margin_knn_uniform_manhattan,65,0,False,False
margin,Southern Miss,margin_knn_uniform_manhattan,66,0,False,False
margin,Bowling Green,margin_knn_uniform_manhattan,67,0,False,False
margin,Rice,margin_knn_uniform_manhattan,68,0,False,False
margin,Washington,margin_knn_uniform_manhattan,69,0,False,False
margin,Mississippi State,margin_knn_uniform_manhattan,70,0,False,False
margin,Arkansas,margin_knn_uniform_manhattan,71,0,False,False
margin,Boise State,margin_knn_uniform_manhattan,72,0,False,False
margin,Vanderbilt,margin_knn_uniform_manhattan,73,0,False,False
margin,Duke,margin_knn_uniform_manhattan,74,0,False,False
margin,Arizona,margin_knn_uniform_manhattan,75,0,False,False
margin,Washington State,margin_knn_uniform_manhattan,76,0,False,False
margin,SMU,margin_knn_uniform_manhattan,77,0,False,False
margin,Tulane,margin_knn_uniform_manhattan,78,0,False,False
margin,South Alabama,margin_knn_uniform_manhattan,79,0,False,False
margin,Rutgers,margin_knn_uniform_manhattan,80,0,False,False
margin,North Texas,margin_knn_uniform_manhattan,81,0,False,False
margin,Syracuse,margin_knn_uniform_manhattan,82,0,False,False
margin,Virginia Tech,margin_knn_uniform_manhattan,83,0,False,False
margin,Air Force,margin_knn_uniform_manhattan,84,0,False,False
margin,Texas State,margin_knn_uniform_manhattan,85,0,False,False
margin,Kansas,margin_knn_uniform_manhattan,86,0,False,False
margin,UConn,margin_knn_uniform_manhattan,87,0,False,False
margin,Sacramento State,margin_knn_uniform_manhattan,88,0,False,False
margin,Colorado State,margin_knn_uniform_manhattan,89,0,False,False
margin,Oregon State,margin_knn_uniform_manhattan,90,0,False,False
margin,Maryland,margin_knn_uniform_manhattan,91,0,False,False
margin,Northwestern,margin_knn_uniform_manhattan,92,0,False,False
margin,Arkansas State,margin_knn_uniform_manhattan,93,0,False,False
margin,South Florida,margin_knn_uniform_manhattan,94,0,False,False
margin,Colorado,margin_knn_uniform_manhattan,95,0,False,False
margin,UCLA,margin_knn_uniform_manhattan,96,0,False,False
margin,Virginia,margin_knn_uniform_manhattan,97,0,False,False
margin,Western Michigan,margin_knn_uniform_manhattan,98,0,False,False
margin,Eastern Michigan,margin_knn_uniform_manhattan,99,0,False,False
margin,Navy,margin_knn_uniform_manhattan,100,0,False,False
margin,Miami (OH),margin_knn_uniform_manhattan,101,0,False,False
margin,UAB,margin_knn_uniform_manhattan,102,0,False,False
margin,San Diego State,margin_knn_uniform_manhattan,103,0,False,False
margin,Middle Tennessee,margin_knn_uniform_manhattan,104,0,False,False
margin,Buffalo,margin_knn_uniform_manhattan,105,0,False,False
margin,Georgia Tech,margin_knn_uniform_manhattan,106,0,False,False
margin,James Madison,margin_knn_uniform_manhattan,107,0,False,False
margin,Ball State,margin_knn_uniform_manhattan,108,0,False,False
margin,Coastal Carolina,margin_knn_uniform_manhattan,109,0,False,False
margin,Nevada,margin_knn_uniform_manhattan,110,0,False,False
margin,San José State,margin_knn_uniform_manhattan,111,0,False,False
margin,East Carolina,margin_knn_uniform_manhattan,112,0,False,False
margin,Utah State,margin_knn_uniform_manhattan,113,0,False,False
margin,UL Monroe,margin_knn_uniform_manhattan,114,0,False,False
margin,Jacksonville State,margin_knn_uniform_manhattan,115,0,False,False
margin,Louisiana Tech,margin_knn_uniform_manhattan,116,0,False,False
margin,Akron,margin_knn_uniform_manhattan,117,0,False,False
margin,Temple,margin_knn_uniform_manhattan,118,0,False,False
margin,New Mexico State,margin_knn_uniform_manhattan,119,0,False,False
margin,Troy,margin_knn_uniform_manhattan,120,0,False,False
margin,Northern Illinois,margin_knn_uniform_manhattan,121,0,False,False
margin,UTEP,margin_knn_uniform_manhattan,122,0,False,False
margin,North Dakota State,margin_knn_uniform_manhattan,123,0,False,False
margin,Massachusetts,margin_knn_uniform_manhattan,124,0,False,False
margin,Hawai'i,margin_knn_uniform_manhattan,125,0,False,False
margin,Kent State,margin_knn_uniform_manhattan,126,0,False,False
margin,Ohio,margin_knn_uniform_manhattan,127,0,False,False
margin,Central Michigan,margin_knn_uniform_manhattan,128,0,False,False
margin,Sam Houston,margin_knn_uniform_manhattan,129,0,False,False
margin,Old Dominion,margin_knn_uniform_manhattan,130,0,False,False
margin,Georgia State,margin_knn_uniform_manhattan,131,0,False,False
margin,Missouri State,margin_knn_uniform_manhattan,132,0,False,False
margin,Army,margin_knn_uniform_manhattan,133,0,False,False
margin,Charlotte,margin_knn_uniform_manhattan,134,0,False,False
margin,Wyoming,margin_knn_uniform_manhattan,135,0,False,False
margin,Delaware,margin_knn_uniform_manhattan,136,0,False,False
margin,Kennesaw State,margin_knn_uniform_manhattan,137,0,False,False
margin,New Mexico,margin_knn_uniform_manhattan,138,0,False,False
margin,Ohio State,margin_linear_ard,1,25,True,True
margin,Oregon,margin_linear_ard,2,24,True,False
margin,Georgia,margin_linear_ard,3,23,True,False
margin,Texas Tech,margin_linear_ard,4,22,True,False
margin,Indiana,margin_linear_ard,5,21,True,False
margin,Notre Dame,margin_linear_ard,6,20,True,False
margin,Miami,margin_linear_ard,7,19,True,False
margin,Ole Miss,margin_linear_ard,8,18,True,False
margin,Texas A&M,margin_linear_ard,9,17,True,False
margin,Oklahoma,margin_linear_ard,10,16,True,False
margin,Alabama,margin_linear_ard,11,15,True,False
margin,USC,margin_linear_ard,12,14,True,False
margin,Texas,margin_linear_ard,13,13,True,False
margin,Tennessee,margin_linear_ard,14,12,True,False
margin,Michigan,margin_linear_ard,15,11,True,False
margin,Utah,margin_linear_ard,16,10,True,False
margin,Missouri,margin_linear_ard,17,9,True,False
margin,Penn State,margin_linear_ard,18,8,True,False
margin,BYU,margin_linear_ard,19,7,True,False
margin,Washington,margin_linear_ard,20,6,True,False
margin,Iowa,margin_linear_ard,21,5,True,False
margin,Clemson,margin_linear_ard,22,4,True,False
margin,LSU,margin_linear_ard,23,3,True,False
margin,Vanderbilt,margin_linear_ard,24,2,True,False
margin,SMU,margin_linear_ard,25,1,True,False
margin,Auburn,margin_linear_ard,26,0,False,False
margin,Louisville,margin_linear_ard,27,0,False,False
margin,South Florida,margin_linear_ard,28,0,False,False
margin,Florida State,margin_linear_ard,29,0,False,False
margin,South Carolina,margin_linear_ard,30,0,False,False
margin,Illinois,margin_linear_ard,31,0,False,False
margin,James Madison,margin_linear_ard,32,0,False,False
margin,Florida,margin_linear_ard,33,0,False,False
margin,Arizona,margin_linear_ard,34,0,False,False
margin,Boise State,margin_linear_ard,35,0,False,False
margin,East Carolina,margin_linear_ard,36,0,False,False
margin,Toledo,margin_linear_ard,37,0,False,False
margin,TCU,margin_linear_ard,38,0,False,False
margin,North Texas,margin_linear_ard,39,0,False,False
margin,Tulane,margin_linear_ard,40,0,False,False
margin,Navy,margin_linear_ard,41,0,False,False
margin,Nebraska,margin_linear_ard,42,0,False,False
margin,Duke,margin_linear_ard,43,0,False,False
margin,Iowa State,margin_linear_ard,44,0,False,False
margin,Virginia,margin_linear_ard,45,0,False,False
margin,Arizona State,margin_linear_ard,46,0,False,False
margin,Georgia Tech,margin_linear_ard,47,0,False,False
margin,UNLV,margin_linear_ard,48,0,False,False
margin,Wake Forest,margin_linear_ard,49,0,False,False
margin,Washington State,margin_linear_ard,50,0,False,False
margin,Kansas State,margin_linear_ard,51,0,False,False
margin,San Diego State,margin_linear_ard,52,0,False,False
margin,Texas State,margin_linear_ard,53,0,False,False
margin,Cincinnati,margin_linear_ard,54,0,False,False
margin,Memphis,margin_linear_ard,55,0,False,False
margin,NC State,margin_linear_ard,56,0,False,False
margin,Northwestern,margin_linear_ard,57,0,False,False
margin,Baylor,margin_linear_ard,58,0,False,False
margin,Air Force,margin_linear_ard,59,0,False,False
margin,Pittsburgh,margin_linear_ard,60,0,False,False
margin,Arkansas,margin_linear_ard,61,0,False,False
margin,Rutgers,margin_linear_ard,62,0,False,False
margin,Houston,margin_linear_ard,63,0,False,False
margin,Old Dominion,margin_linear_ard,64,0,False,False
margin,Western Michigan,margin_linear_ard,65,0,False,False
margin,Western Kentucky,margin_linear_ard,66,0,False,False
margin,Mississippi State,margin_linear_ard,67,0,False,False
margin,Minnesota,margin_linear_ard,68,0,False,False
margin,UTSA,margin_linear_ard,69,0,False,False
margin,California,margin_linear_ard,70,0,False,False
margin,Wisconsin,margin_linear_ard,71,0,False,False
margin,Kentucky,margin_linear_ard,72,0,False,False
margin,Fresno State,margin_linear_ard,73,0,False,False
margin,Kansas,margin_linear_ard,74,0,False,False
margin,Ohio,margin_linear_ard,75,0,False,False
margin,Southern Miss,margin_linear_ard,76,0,False,False
margin,Utah State,margin_linear_ard,77,0,False,False
margin,Marshall,margin_linear_ard,78,0,False,False
margin,Michigan State,margin_linear_ard,79,0,False,False
margin,Stanford,margin_linear_ard,80,0,False,False
margin,North Carolina,margin_linear_ard,81,0,False,False
margin,UCF,margin_linear_ard,82,0,False,False
margin,New Mexico,margin_linear_ard,83,0,False,False
margin,Liberty,margin_linear_ard,84,0,False,False
margin,Jacksonville State,margin_linear_ard,85,0,False,False
margin,Central Michigan,margin_linear_ard,86,0,False,False
margin,Kennesaw State,margin_linear_ard,87,0,False,False
margin,Boston College,margin_linear_ard,88,0,False,False
margin,Miami (OH),margin_linear_ard,89,0,False,False
margin,UConn,margin_linear_ard,90,0,False,False
margin,Virginia Tech,margin_linear_ard,91,0,False,False
margin,Florida International,margin_linear_ard,92,0,False,False
margin,Colorado,margin_linear_ard,93,0,False,False
margin,App State,margin_linear_ard,94,0,False,False
margin,UCLA,margin_linear_ard,95,0,False,False
margin,South Alabama,margin_linear_ard,96,0,False,False
margin,Maryland,margin_linear_ard,97,0,False,False
margin,Louisiana Tech,margin_linear_ard,98,0,False,False
margin,West Virginia,margin_linear_ard,99,0,False,False
margin,Hawai'i,margin_linear_ard,100,0,False,False
margin,Troy,margin_linear_ard,101,0,False,False
margin,Tulsa,margin_linear_ard,102,0,False,False
margin,Syracuse,margin_linear_ard,103,0,False,False
margin,Georgia Southern,margin_linear_ard,104,0,False,False
margin,Missouri State,margin_linear_ard,105,0,False,False
margin,Oregon State,margin_linear_ard,106,0,False,False
margin,Purdue,margin_linear_ard,107,0,False,False
margin,Delaware,margin_linear_ard,108,0,False,False
margin,Arkansas State,margin_linear_ard,109,0,False,False
margin,Louisiana,margin_linear_ard,110,0,False,False
margin,North Dakota State,margin_linear_ard,111,0,False,False
margin,Bowling Green,margin_linear_ard,112,0,False,False
margin,Florida Atlantic,margin_linear_ard,113,0,False,False
margin,Sacramento State,margin_linear_ard,114,0,False,False
margin,Kent State,margin_linear_ard,115,0,False,False
margin,Temple,margin_linear_ard,116,0,False,False
margin,Buffalo,margin_linear_ard,117,0,False,False
margin,Eastern Michigan,margin_linear_ard,118,0,False,False
margin,Akron,margin_linear_ard,119,0,False,False
margin,Oklahoma State,margin_linear_ard,120,0,False,False
margin,Colorado State,margin_linear_ard,121,0,False,False
margin,Middle Tennessee,margin_linear_ard,122,0,False,False
margin,Army,margin_linear_ard,123,0,False,False
margin,UAB,margin_linear_ard,124,0,False,False
margin,Wyoming,margin_linear_ard,125,0,False,False
margin,Nevada,margin_linear_ard,126,0,False,False
margin,Northern Illinois,margin_linear_ard,127,0,False,False
margin,New Mexico State,margin_linear_ard,128,0,False,False
margin,Georgia State,margin_linear_ard,129,0,False,False
margin,UL Monroe,margin_linear_ard,130,0,False,False
margin,San José State,margin_linear_ard,131,0,False,False
margin,Rice,margin_linear_ard,132,0,False,False
margin,Coastal Carolina,margin_linear_ard,133,0,False,False
margin,UTEP,margin_linear_ard,134,0,False,False
margin,Ball State,margin_linear_ard,135,0,False,False
margin,Sam Houston,margin_linear_ard,136,0,False,False
margin,Massachusetts,margin_linear_ard,137,0,False,False
margin,Charlotte,margin_linear_ard,138,0,False,False
margin,Ohio State,margin_linear_bayesian,1,25,True,True
margin,Oregon,margin_linear_bayesian,2,24,True,False
margin,Georgia,margin_linear_bayesian,3,23,True,False
margin,Texas Tech,margin_linear_bayesian,4,22,True,False
margin,Notre Dame,margin_linear_bayesian,5,21,True,False
margin,Indiana,margin_linear_bayesian,6,20,True,False
margin,Utah,margin_linear_bayesian,7,19,True,False
margin,USC,margin_linear_bayesian,8,18,True,False
margin,Miami,margin_linear_bayesian,9,17,True,False
margin,Ole Miss,margin_linear_bayesian,10,16,True,False
margin,Alabama,margin_linear_bayesian,11,15,True,False
margin,Texas A&M,margin_linear_bayesian,12,14,True,False
margin,Oklahoma,margin_linear_bayesian,13,13,True,False
margin,Tennessee,margin_linear_bayesian,14,12,True,False
margin,Texas,margin_linear_bayesian,15,11,True,False
margin,Penn State,margin_linear_bayesian,16,10,True,False
margin,Michigan,margin_linear_bayesian,17,9,True,False
margin,Missouri,margin_linear_bayesian,18,8,True,False
margin,Florida State,margin_linear_bayesian,19,7,True,False
margin,SMU,margin_linear_bayesian,20,6,True,False
margin,Clemson,margin_linear_bayesian,21,5,True,False
margin,Washington,margin_linear_bayesian,22,4,True,False
margin,Iowa,margin_linear_bayesian,23,3,True,False
margin,Vanderbilt,margin_linear_bayesian,24,2,True,False
margin,South Florida,margin_linear_bayesian,25,1,True,False
margin,BYU,margin_linear_bayesian,26,0,False,False
margin,James Madison,margin_linear_bayesian,27,0,False,False
margin,Toledo,margin_linear_bayesian,28,0,False,False
margin,Auburn,margin_linear_bayesian,29,0,False,False
margin,LSU,margin_linear_bayesian,30,0,False,False
margin,Louisville,margin_linear_bayesian,31,0,False,False
margin,North Texas,margin_linear_bayesian,32,0,False,False
margin,Boise State,margin_linear_bayesian,33,0,False,False
margin,Memphis,margin_linear_bayesian,34,0,False,False
margin,East Carolina,margin_linear_bayesian,35,0,False,False
margin,Florida,margin_linear_bayesian,36,0,False,False
margin,UNLV,margin_linear_bayesian,37,0,False,False
margin,Nebraska,margin_linear_bayesian,38,0,False,False
margin,TCU,margin_linear_bayesian,39,0,False,False
margin,Arizona,margin_linear_bayesian,40,0,False,False
margin,Illinois,margin_linear_bayesian,41,0,False,False
margin,Georgia Tech,margin_linear_bayesian,42,0,False,False
margin,South Carolina,margin_linear_bayesian,43,0,False,False
margin,Tulane,margin_linear_bayesian,44,0,False,False
margin,Kansas State,margin_linear_bayesian,45,0,False,False
margin,Duke,margin_linear_bayesian,46,0,False,False
margin,Pittsburgh,margin_linear_bayesian,47,0,False,False
margin,Texas State,margin_linear_bayesian,48,0,False,False
margin,Iowa State,margin_linear_bayesian,49,0,False,False
margin,San Diego State,margin_linear_bayesian,50,0,False,False
margin,Air Force,margin_linear_bayesian,51,0,False,False
margin,Virginia,margin_linear_bayesian,52,0,False,False
margin,Navy,margin_linear_bayesian,53,0,False,False
margin,Cincinnati,margin_linear_bayesian,54,0,False,False
margin,Houston,margin_linear_bayesian,55,0,False,False
margin,Arizona State,margin_linear_bayesian,56,0,False,False
margin,UConn,margin_linear_bayesian,57,0,False,False
margin,Mississippi State,margin_linear_bayesian,58,0,False,False
margin,Wake Forest,margin_linear_bayesian,59,0,False,False
margin,Arkansas,margin_linear_bayesian,60,0,False,False
margin,Ohio,margin_linear_bayesian,61,0,False,False
margin,Fresno State,margin_linear_bayesian,62,0,False,False
margin,NC State,margin_linear_bayesian,63,0,False,False
margin,UTSA,margin_linear_bayesian,64,0,False,False
margin,Northwestern,margin_linear_bayesian,65,0,False,False
margin,Baylor,margin_linear_bayesian,66,0,False,False
margin,Southern Miss,margin_linear_bayesian,67,0,False,False
margin,Washington State,margin_linear_bayesian,68,0,False,False
margin,Old Dominion,margin_linear_bayesian,69,0,False,False
margin,Minnesota,margin_linear_bayesian,70,0,False,False
margin,UCF,margin_linear_bayesian,71,0,False,False
margin,Jacksonville State,margin_linear_bayesian,72,0,False,False
margin,Western Kentucky,margin_linear_bayesian,73,0,False,False
margin,Rutgers,margin_linear_bayesian,74,0,False,False
margin,Florida International,margin_linear_bayesian,75,0,False,False
margin,Western Michigan,margin_linear_bayesian,76,0,False,False
margin,Liberty,margin_linear_bayesian,77,0,False,False
margin,Central Michigan,margin_linear_bayesian,78,0,False,False
margin,Marshall,margin_linear_bayesian,79,0,False,False
margin,New Mexico,margin_linear_bayesian,80,0,False,False
margin,Utah State,margin_linear_bayesian,81,0,False,False
margin,California,margin_linear_bayesian,82,0,False,False
margin,Louisiana Tech,margin_linear_bayesian,83,0,False,False
margin,North Carolina,margin_linear_bayesian,84,0,False,False
margin,Kentucky,margin_linear_bayesian,85,0,False,False
margin,Michigan State,margin_linear_bayesian,86,0,False,False
margin,Kansas,margin_linear_bayesian,87,0,False,False
margin,South Alabama,margin_linear_bayesian,88,0,False,False
margin,Boston College,margin_linear_bayesian,89,0,False,False
margin,Wisconsin,margin_linear_bayesian,90,0,False,False
margin,Hawai'i,margin_linear_bayesian,91,0,False,False
margin,Maryland,margin_linear_bayesian,92,0,False,False
margin,Louisiana,margin_linear_bayesian,93,0,False,False
margin,Miami (OH),margin_linear_bayesian,94,0,False,False
margin,App State,margin_linear_bayesian,95,0,False,False
margin,Bowling Green,margin_linear_bayesian,96,0,False,False
margin,Colorado,margin_linear_bayesian,97,0,False,False
margin,Virginia Tech,margin_linear_bayesian,98,0,False,False
margin,Tulsa,margin_linear_bayesian,99,0,False,False
margin,Kennesaw State,margin_linear_bayesian,100,0,False,False
margin,Stanford,margin_linear_bayesian,101,0,False,False
margin,Georgia Southern,margin_linear_bayesian,102,0,False,False
margin,Buffalo,margin_linear_bayesian,103,0,False,False
margin,West Virginia,margin_linear_bayesian,104,0,False,False
margin,Florida Atlantic,margin_linear_bayesian,105,0,False,False
margin,Troy,margin_linear_bayesian,106,0,False,False
margin,Arkansas State,margin_linear_bayesian,107,0,False,False
margin,UCLA,margin_linear_bayesian,108,0,False,False
margin,North Dakota State,margin_linear_bayesian,109,0,False,False
margin,Sacramento State,margin_linear_bayesian,110,0,False,False
margin,Purdue,margin_linear_bayesian,111,0,False,False
margin,Syracuse,margin_linear_bayesian,112,0,False,False
margin,Missouri State,margin_linear_bayesian,113,0,False,False
margin,Temple,margin_linear_bayesian,114,0,False,False
margin,Oregon State,margin_linear_bayesian,115,0,False,False
margin,Akron,margin_linear_bayesian,116,0,False,False
margin,Eastern Michigan,margin_linear_bayesian,117,0,False,False
margin,Delaware,margin_linear_bayesian,118,0,False,False
margin,Rice,margin_linear_bayesian,119,0,False,False
margin,Oklahoma State,margin_linear_bayesian,120,0,False,False
margin,Wyoming,margin_linear_bayesian,121,0,False,False
margin,Middle Tennessee,margin_linear_bayesian,122,0,False,False
margin,Northern Illinois,margin_linear_bayesian,123,0,False,False
margin,Kent State,margin_linear_bayesian,124,0,False,False
margin,Coastal Carolina,margin_linear_bayesian,125,0,False,False
margin,UAB,margin_linear_bayesian,126,0,False,False
margin,San José State,margin_linear_bayesian,127,0,False,False
margin,Colorado State,margin_linear_bayesian,128,0,False,False
margin,Nevada,margin_linear_bayesian,129,0,False,False
margin,Ball State,margin_linear_bayesian,130,0,False,False
margin,UTEP,margin_linear_bayesian,131,0,False,False
margin,Army,margin_linear_bayesian,132,0,False,False
margin,New Mexico State,margin_linear_bayesian,133,0,False,False
margin,UL Monroe,margin_linear_bayesian,134,0,False,False
margin,Georgia State,margin_linear_bayesian,135,0,False,False
margin,Sam Houston,margin_linear_bayesian,136,0,False,False
margin,Charlotte,margin_linear_bayesian,137,0,False,False
margin,Massachusetts,margin_linear_bayesian,138,0,False,False
margin,Ohio State,margin_linear_elastic_net,1,25,True,True
margin,Oregon,margin_linear_elastic_net,2,24,True,False
margin,Georgia,margin_linear_elastic_net,3,23,True,False
margin,Texas Tech,margin_linear_elastic_net,4,22,True,False
margin,Indiana,margin_linear_elastic_net,5,21,True,False
margin,Notre Dame,margin_linear_elastic_net,6,20,True,False
margin,Utah,margin_linear_elastic_net,7,19,True,False
margin,Miami,margin_linear_elastic_net,8,18,True,False
margin,USC,margin_linear_elastic_net,9,17,True,False
margin,Ole Miss,margin_linear_elastic_net,10,16,True,False
margin,Alabama,margin_linear_elastic_net,11,15,True,False
margin,Texas A&M,margin_linear_elastic_net,12,14,True,False
margin,Oklahoma,margin_linear_elastic_net,13,13,True,False
margin,Tennessee,margin_linear_elastic_net,14,12,True,False
margin,Texas,margin_linear_elastic_net,15,11,True,False
margin,Penn State,margin_linear_elastic_net,16,10,True,False
margin,Michigan,margin_linear_elastic_net,17,9,True,False
margin,Florida State,margin_linear_elastic_net,18,8,True,False
margin,Missouri,margin_linear_elastic_net,19,7,True,False
margin,SMU,margin_linear_elastic_net,20,6,True,False
margin,Clemson,margin_linear_elastic_net,21,5,True,False
margin,Iowa,margin_linear_elastic_net,22,4,True,False
margin,BYU,margin_linear_elastic_net,23,3,True,False
margin,Washington,margin_linear_elastic_net,24,2,True,False
margin,Vanderbilt,margin_linear_elastic_net,25,1,True,False
margin,South Florida,margin_linear_elastic_net,26,0,False,False
margin,Toledo,margin_linear_elastic_net,27,0,False,False
margin,Louisville,margin_linear_elastic_net,28,0,False,False
margin,LSU,margin_linear_elastic_net,29,0,False,False
margin,James Madison,margin_linear_elastic_net,30,0,False,False
margin,Auburn,margin_linear_elastic_net,31,0,False,False
margin,North Texas,margin_linear_elastic_net,32,0,False,False
margin,Boise State,margin_linear_elastic_net,33,0,False,False
margin,Florida,margin_linear_elastic_net,34,0,False,False
margin,TCU,margin_linear_elastic_net,35,0,False,False
margin,East Carolina,margin_linear_elastic_net,36,0,False,False
margin,Arizona,margin_linear_elastic_net,37,0,False,False
margin,Memphis,margin_linear_elastic_net,38,0,False,False
margin,Illinois,margin_linear_elastic_net,39,0,False,False
margin,Georgia Tech,margin_linear_elastic_net,40,0,False,False
margin,Nebraska,margin_linear_elastic_net,41,0,False,False
margin,South Carolina,margin_linear_elastic_net,42,0,False,False
margin,Tulane,margin_linear_elastic_net,43,0,False,False
margin,UNLV,margin_linear_elastic_net,44,0,False,False
margin,Arizona State,margin_linear_elastic_net,45,0,False,False
margin,San Diego State,margin_linear_elastic_net,46,0,False,False
margin,Duke,margin_linear_elastic_net,47,0,False,False
margin,Kansas State,margin_linear_elastic_net,48,0,False,False
margin,Iowa State,margin_linear_elastic_net,49,0,False,False
margin,Pittsburgh,margin_linear_elastic_net,50,0,False,False
margin,Texas State,margin_linear_elastic_net,51,0,False,False
margin,Air Force,margin_linear_elastic_net,52,0,False,False
margin,Virginia,margin_linear_elastic_net,53,0,False,False
margin,Houston,margin_linear_elastic_net,54,0,False,False
margin,Navy,margin_linear_elastic_net,55,0,False,False
margin,Cincinnati,margin_linear_elastic_net,56,0,False,False
margin,NC State,margin_linear_elastic_net,57,0,False,False
margin,Mississippi State,margin_linear_elastic_net,58,0,False,False
margin,Wake Forest,margin_linear_elastic_net,59,0,False,False
margin,Arkansas,margin_linear_elastic_net,60,0,False,False
margin,Ohio,margin_linear_elastic_net,61,0,False,False
margin,Fresno State,margin_linear_elastic_net,62,0,False,False
margin,Northwestern,margin_linear_elastic_net,63,0,False,False
margin,UConn,margin_linear_elastic_net,64,0,False,False
margin,UTSA,margin_linear_elastic_net,65,0,False,False
margin,Washington State,margin_linear_elastic_net,66,0,False,False
margin,Baylor,margin_linear_elastic_net,67,0,False,False
margin,Southern Miss,margin_linear_elastic_net,68,0,False,False
margin,Old Dominion,margin_linear_elastic_net,69,0,False,False
margin,Minnesota,margin_linear_elastic_net,70,0,False,False
margin,Western Kentucky,margin_linear_elastic_net,71,0,False,False
margin,UCF,margin_linear_elastic_net,72,0,False,False
margin,Jacksonville State,margin_linear_elastic_net,73,0,False,False
margin,Western Michigan,margin_linear_elastic_net,74,0,False,False
margin,Rutgers,margin_linear_elastic_net,75,0,False,False
margin,Marshall,margin_linear_elastic_net,76,0,False,False
margin,Central Michigan,margin_linear_elastic_net,77,0,False,False
margin,New Mexico,margin_linear_elastic_net,78,0,False,False
margin,California,margin_linear_elastic_net,79,0,False,False
margin,Kentucky,margin_linear_elastic_net,80,0,False,False
margin,Utah State,margin_linear_elastic_net,81,0,False,False
margin,Florida International,margin_linear_elastic_net,82,0,False,False
margin,Liberty,margin_linear_elastic_net,83,0,False,False
margin,North Carolina,margin_linear_elastic_net,84,0,False,False
margin,Louisiana Tech,margin_linear_elastic_net,85,0,False,False
margin,South Alabama,margin_linear_elastic_net,86,0,False,False
margin,Michigan State,margin_linear_elastic_net,87,0,False,False
margin,Kansas,margin_linear_elastic_net,88,0,False,False
margin,Wisconsin,margin_linear_elastic_net,89,0,False,False
margin,Boston College,margin_linear_elastic_net,90,0,False,False
margin,Maryland,margin_linear_elastic_net,91,0,False,False
margin,Hawai'i,margin_linear_elastic_net,92,0,False,False
margin,Louisiana,margin_linear_elastic_net,93,0,False,False
margin,App State,margin_linear_elastic_net,94,0,False,False
margin,Miami (OH),margin_linear_elastic_net,95,0,False,False
margin,Kennesaw State,margin_linear_elastic_net,96,0,False,False
margin,Colorado,margin_linear_elastic_net,97,0,False,False
margin,Bowling Green,margin_linear_elastic_net,98,0,False,False
margin,Virginia Tech,margin_linear_elastic_net,99,0,False,False
margin,Tulsa,margin_linear_elastic_net,100,0,False,False
margin,Stanford,margin_linear_elastic_net,101,0,False,False
margin,West Virginia,margin_linear_elastic_net,102,0,False,False
margin,UCLA,margin_linear_elastic_net,103,0,False,False
margin,Arkansas State,margin_linear_elastic_net,104,0,False,False
margin,Georgia Southern,margin_linear_elastic_net,105,0,False,False
margin,Florida Atlantic,margin_linear_elastic_net,106,0,False,False
margin,North Dakota State,margin_linear_elastic_net,107,0,False,False
margin,Buffalo,margin_linear_elastic_net,108,0,False,False
margin,Troy,margin_linear_elastic_net,109,0,False,False
margin,Sacramento State,margin_linear_elastic_net,110,0,False,False
margin,Syracuse,margin_linear_elastic_net,111,0,False,False
margin,Purdue,margin_linear_elastic_net,112,0,False,False
margin,Missouri State,margin_linear_elastic_net,113,0,False,False
margin,Temple,margin_linear_elastic_net,114,0,False,False
margin,Oregon State,margin_linear_elastic_net,115,0,False,False
margin,Akron,margin_linear_elastic_net,116,0,False,False
margin,Delaware,margin_linear_elastic_net,117,0,False,False
margin,Eastern Michigan,margin_linear_elastic_net,118,0,False,False
margin,Rice,margin_linear_elastic_net,119,0,False,False
margin,Oklahoma State,margin_linear_elastic_net,120,0,False,False
margin,Wyoming,margin_linear_elastic_net,121,0,False,False
margin,Kent State,margin_linear_elastic_net,122,0,False,False
margin,UAB,margin_linear_elastic_net,123,0,False,False
margin,Northern Illinois,margin_linear_elastic_net,124,0,False,False
margin,Middle Tennessee,margin_linear_elastic_net,125,0,False,False
margin,Coastal Carolina,margin_linear_elastic_net,126,0,False,False
margin,Colorado State,margin_linear_elastic_net,127,0,False,False
margin,San José State,margin_linear_elastic_net,128,0,False,False
margin,Nevada,margin_linear_elastic_net,129,0,False,False
margin,Army,margin_linear_elastic_net,130,0,False,False
margin,Ball State,margin_linear_elastic_net,131,0,False,False
margin,New Mexico State,margin_linear_elastic_net,132,0,False,False
margin,UL Monroe,margin_linear_elastic_net,133,0,False,False
margin,UTEP,margin_linear_elastic_net,134,0,False,False
margin,Georgia State,margin_linear_elastic_net,135,0,False,False
margin,Sam Houston,margin_linear_elastic_net,136,0,False,False
margin,Charlotte,margin_linear_elastic_net,137,0,False,False
margin,Massachusetts,margin_linear_elastic_net,138,0,False,False
margin,Ohio State,margin_linear_huber,1,25,True,True
margin,Oregon,margin_linear_huber,2,24,True,False
margin,Georgia,margin_linear_huber,3,23,True,False
margin,Texas Tech,margin_linear_huber,4,22,True,False
margin,Indiana,margin_linear_huber,5,21,True,False
margin,Notre Dame,margin_linear_huber,6,20,True,False
margin,Miami,margin_linear_huber,7,19,True,False
margin,Ole Miss,margin_linear_huber,8,18,True,False
margin,Utah,margin_linear_huber,9,17,True,False
margin,USC,margin_linear_huber,10,16,True,False
margin,Oklahoma,margin_linear_huber,11,15,True,False
margin,Alabama,margin_linear_huber,12,14,True,False
margin,Texas A&M,margin_linear_huber,13,13,True,False
margin,Tennessee,margin_linear_huber,14,12,True,False
margin,Texas,margin_linear_huber,15,11,True,False
margin,Penn State,margin_linear_huber,16,10,True,False
margin,Michigan,margin_linear_huber,17,9,True,False
margin,SMU,margin_linear_huber,18,8,True,False
margin,Florida State,margin_linear_huber,19,7,True,False
margin,Clemson,margin_linear_huber,20,6,True,False
margin,Missouri,margin_linear_huber,21,5,True,False
margin,BYU,margin_linear_huber,22,4,True,False
margin,South Florida,margin_linear_huber,23,3,True,False
margin,Washington,margin_linear_huber,24,2,True,False
margin,Iowa,margin_linear_huber,25,1,True,False
margin,Vanderbilt,margin_linear_huber,26,0,False,False
margin,Toledo,margin_linear_huber,27,0,False,False
margin,LSU,margin_linear_huber,28,0,False,False
margin,Auburn,margin_linear_huber,29,0,False,False
margin,James Madison,margin_linear_huber,30,0,False,False
margin,Louisville,margin_linear_huber,31,0,False,False
margin,Florida,margin_linear_huber,32,0,False,False
margin,North Texas,margin_linear_huber,33,0,False,False
margin,South Carolina,margin_linear_huber,34,0,False,False
margin,Boise State,margin_linear_huber,35,0,False,False
margin,Illinois,margin_linear_huber,36,0,False,False
margin,East Carolina,margin_linear_huber,37,0,False,False
margin,TCU,margin_linear_huber,38,0,False,False
margin,Nebraska,margin_linear_huber,39,0,False,False
margin,Arizona,margin_linear_huber,40,0,False,False
margin,San Diego State,margin_linear_huber,41,0,False,False
margin,Kansas State,margin_linear_huber,42,0,False,False
margin,Texas State,margin_linear_huber,43,0,False,False
margin,Memphis,margin_linear_huber,44,0,False,False
margin,Georgia Tech,margin_linear_huber,45,0,False,False
margin,Tulane,margin_linear_huber,46,0,False,False
margin,Air Force,margin_linear_huber,47,0,False,False
margin,UNLV,margin_linear_huber,48,0,False,False
margin,Pittsburgh,margin_linear_huber,49,0,False,False
margin,Duke,margin_linear_huber,50,0,False,False
margin,Iowa State,margin_linear_huber,51,0,False,False
margin,Houston,margin_linear_huber,52,0,False,False
margin,Cincinnati,margin_linear_huber,53,0,False,False
margin,Virginia,margin_linear_huber,54,0,False,False
margin,Arizona State,margin_linear_huber,55,0,False,False
margin,Wake Forest,margin_linear_huber,56,0,False,False
margin,NC State,margin_linear_huber,57,0,False,False
margin,Washington State,margin_linear_huber,58,0,False,False
margin,Baylor,margin_linear_huber,59,0,False,False
margin,Western Kentucky,margin_linear_huber,60,0,False,False
margin,Mississippi State,margin_linear_huber,61,0,False,False
margin,Arkansas,margin_linear_huber,62,0,False,False
margin,Northwestern,margin_linear_huber,63,0,False,False
margin,Ohio,margin_linear_huber,64,0,False,False
margin,Southern Miss,margin_linear_huber,65,0,False,False
margin,UConn,margin_linear_huber,66,0,False,False
margin,Fresno State,margin_linear_huber,67,0,False,False
margin,UTSA,margin_linear_huber,68,0,False,False
margin,Minnesota,margin_linear_huber,69,0,False,False
margin,Marshall,margin_linear_huber,70,0,False,False
margin,Old Dominion,margin_linear_huber,71,0,False,False
margin,Western Michigan,margin_linear_huber,72,0,False,False
margin,Rutgers,margin_linear_huber,73,0,False,False
margin,Central Michigan,margin_linear_huber,74,0,False,False
margin,New Mexico,margin_linear_huber,75,0,False,False
margin,Utah State,margin_linear_huber,76,0,False,False
margin,Jacksonville State,margin_linear_huber,77,0,False,False
margin,Louisiana Tech,margin_linear_huber,78,0,False,False
margin,Navy,margin_linear_huber,79,0,False,False
margin,Kansas,margin_linear_huber,80,0,False,False
margin,Florida International,margin_linear_huber,81,0,False,False
margin,Liberty,margin_linear_huber,82,0,False,False
margin,UCF,margin_linear_huber,83,0,False,False
margin,California,margin_linear_huber,84,0,False,False
margin,North Carolina,margin_linear_huber,85,0,False,False
margin,Kentucky,margin_linear_huber,86,0,False,False
margin,Boston College,margin_linear_huber,87,0,False,False
margin,Wisconsin,margin_linear_huber,88,0,False,False
margin,Michigan State,margin_linear_huber,89,0,False,False
margin,South Alabama,margin_linear_huber,90,0,False,False
margin,Maryland,margin_linear_huber,91,0,False,False
margin,Hawai'i,margin_linear_huber,92,0,False,False
margin,Stanford,margin_linear_huber,93,0,False,False
margin,App State,margin_linear_huber,94,0,False,False
margin,Louisiana,margin_linear_huber,95,0,False,False
margin,Colorado,margin_linear_huber,96,0,False,False
margin,Kennesaw State,margin_linear_huber,97,0,False,False
margin,Tulsa,margin_linear_huber,98,0,False,False
margin,Bowling Green,margin_linear_huber,99,0,False,False
margin,Miami (OH),margin_linear_huber,100,0,False,False
margin,Virginia Tech,margin_linear_huber,101,0,False,False
margin,Arkansas State,margin_linear_huber,102,0,False,False
margin,Georgia Southern,margin_linear_huber,103,0,False,False
margin,Florida Atlantic,margin_linear_huber,104,0,False,False
margin,North Dakota State,margin_linear_huber,105,0,False,False
margin,West Virginia,margin_linear_huber,106,0,False,False
margin,UCLA,margin_linear_huber,107,0,False,False
margin,Syracuse,margin_linear_huber,108,0,False,False
margin,Sacramento State,margin_linear_huber,109,0,False,False
margin,Buffalo,margin_linear_huber,110,0,False,False
margin,Purdue,margin_linear_huber,111,0,False,False
margin,Missouri State,margin_linear_huber,112,0,False,False
margin,Delaware,margin_linear_huber,113,0,False,False
margin,Troy,margin_linear_huber,114,0,False,False
margin,Eastern Michigan,margin_linear_huber,115,0,False,False
margin,Akron,margin_linear_huber,116,0,False,False
margin,Temple,margin_linear_huber,117,0,False,False
margin,Oregon State,margin_linear_huber,118,0,False,False
margin,Kent State,margin_linear_huber,119,0,False,False
margin,UAB,margin_linear_huber,120,0,False,False
margin,Oklahoma State,margin_linear_huber,121,0,False,False
margin,Rice,margin_linear_huber,122,0,False,False
margin,Wyoming,margin_linear_huber,123,0,False,False
margin,Middle Tennessee,margin_linear_huber,124,0,False,False
margin,Colorado State,margin_linear_huber,125,0,False,False
margin,Northern Illinois,margin_linear_huber,126,0,False,False
margin,Nevada,margin_linear_huber,127,0,False,False
margin,San José State,margin_linear_huber,128,0,False,False
margin,Ball State,margin_linear_huber,129,0,False,False
margin,New Mexico State,margin_linear_huber,130,0,False,False
margin,UTEP,margin_linear_huber,131,0,False,False
margin,Coastal Carolina,margin_linear_huber,132,0,False,False
margin,UL Monroe,margin_linear_huber,133,0,False,False
margin,Georgia State,margin_linear_huber,134,0,False,False
margin,Sam Houston,margin_linear_huber,135,0,False,False
margin,Army,margin_linear_huber,136,0,False,False
margin,Charlotte,margin_linear_huber,137,0,False,False
margin,Massachusetts,margin_linear_huber,138,0,False,False
margin,Ohio State,margin_linear_lasso,1,25,True,True
margin,Oregon,margin_linear_lasso,2,24,True,False
margin,Georgia,margin_linear_lasso,3,23,True,False
margin,Texas Tech,margin_linear_lasso,4,22,True,False
margin,Indiana,margin_linear_lasso,5,21,True,False
margin,Notre Dame,margin_linear_lasso,6,20,True,False
margin,Utah,margin_linear_lasso,7,19,True,False
margin,Miami,margin_linear_lasso,8,18,True,False
margin,USC,margin_linear_lasso,9,17,True,False
margin,Alabama,margin_linear_lasso,10,16,True,False
margin,Ole Miss,margin_linear_lasso,11,15,True,False
margin,Texas A&M,margin_linear_lasso,12,14,True,False
margin,Oklahoma,margin_linear_lasso,13,13,True,False
margin,Tennessee,margin_linear_lasso,14,12,True,False
margin,Texas,margin_linear_lasso,15,11,True,False
margin,Michigan,margin_linear_lasso,16,10,True,False
margin,Penn State,margin_linear_lasso,17,9,True,False
margin,Missouri,margin_linear_lasso,18,8,True,False
margin,Florida State,margin_linear_lasso,19,7,True,False
margin,SMU,margin_linear_lasso,20,6,True,False
margin,Clemson,margin_linear_lasso,21,5,True,False
margin,BYU,margin_linear_lasso,22,4,True,False
margin,Iowa,margin_linear_lasso,23,3,True,False
margin,Washington,margin_linear_lasso,24,2,True,False
margin,Vanderbilt,margin_linear_lasso,25,1,True,False
margin,South Florida,margin_linear_lasso,26,0,False,False
margin,LSU,margin_linear_lasso,27,0,False,False
margin,Louisville,margin_linear_lasso,28,0,False,False
margin,Toledo,margin_linear_lasso,29,0,False,False
margin,Auburn,margin_linear_lasso,30,0,False,False
margin,James Madison,margin_linear_lasso,31,0,False,False
margin,Boise State,margin_linear_lasso,32,0,False,False
margin,Florida,margin_linear_lasso,33,0,False,False
margin,North Texas,margin_linear_lasso,34,0,False,False
margin,Illinois,margin_linear_lasso,35,0,False,False
margin,Arizona,margin_linear_lasso,36,0,False,False
margin,TCU,margin_linear_lasso,37,0,False,False
margin,Nebraska,margin_linear_lasso,38,0,False,False
margin,South Carolina,margin_linear_lasso,39,0,False,False
margin,Georgia Tech,margin_linear_lasso,40,0,False,False
margin,East Carolina,margin_linear_lasso,41,0,False,False
margin,San Diego State,margin_linear_lasso,42,0,False,False
margin,Tulane,margin_linear_lasso,43,0,False,False
margin,Memphis,margin_linear_lasso,44,0,False,False
margin,UNLV,margin_linear_lasso,45,0,False,False
margin,Kansas State,margin_linear_lasso,46,0,False,False
margin,Duke,margin_linear_lasso,47,0,False,False
margin,Pittsburgh,margin_linear_lasso,48,0,False,False
margin,Arizona State,margin_linear_lasso,49,0,False,False
margin,Houston,margin_linear_lasso,50,0,False,False
margin,Texas State,margin_linear_lasso,51,0,False,False
margin,Iowa State,margin_linear_lasso,52,0,False,False
margin,Navy,margin_linear_lasso,53,0,False,False
margin,Virginia,margin_linear_lasso,54,0,False,False
margin,Air Force,margin_linear_lasso,55,0,False,False
margin,NC State,margin_linear_lasso,56,0,False,False
margin,Cincinnati,margin_linear_lasso,57,0,False,False
margin,Northwestern,margin_linear_lasso,58,0,False,False
margin,Mississippi State,margin_linear_lasso,59,0,False,False
margin,Washington State,margin_linear_lasso,60,0,False,False
margin,Fresno State,margin_linear_lasso,61,0,False,False
margin,Wake Forest,margin_linear_lasso,62,0,False,False
margin,Ohio,margin_linear_lasso,63,0,False,False
margin,UTSA,margin_linear_lasso,64,0,False,False
margin,Arkansas,margin_linear_lasso,65,0,False,False
margin,Southern Miss,margin_linear_lasso,66,0,False,False
margin,Baylor,margin_linear_lasso,67,0,False,False
margin,Minnesota,margin_linear_lasso,68,0,False,False
margin,Western Kentucky,margin_linear_lasso,69,0,False,False
margin,Western Michigan,margin_linear_lasso,70,0,False,False
margin,UConn,margin_linear_lasso,71,0,False,False
margin,Old Dominion,margin_linear_lasso,72,0,False,False
margin,Jacksonville State,margin_linear_lasso,73,0,False,False
margin,UCF,margin_linear_lasso,74,0,False,False
margin,Marshall,margin_linear_lasso,75,0,False,False
margin,Rutgers,margin_linear_lasso,76,0,False,False
margin,Central Michigan,margin_linear_lasso,77,0,False,False
margin,New Mexico,margin_linear_lasso,78,0,False,False
margin,California,margin_linear_lasso,79,0,False,False
margin,Kentucky,margin_linear_lasso,80,0,False,False
margin,Utah State,margin_linear_lasso,81,0,False,False
margin,North Carolina,margin_linear_lasso,82,0,False,False
margin,Louisiana Tech,margin_linear_lasso,83,0,False,False
margin,Florida International,margin_linear_lasso,84,0,False,False
margin,Liberty,margin_linear_lasso,85,0,False,False
margin,Wisconsin,margin_linear_lasso,86,0,False,False
margin,South Alabama,margin_linear_lasso,87,0,False,False
margin,Kansas,margin_linear_lasso,88,0,False,False
margin,Michigan State,margin_linear_lasso,89,0,False,False
margin,Louisiana,margin_linear_lasso,90,0,False,False
margin,Maryland,margin_linear_lasso,91,0,False,False
margin,App State,margin_linear_lasso,92,0,False,False
margin,Boston College,margin_linear_lasso,93,0,False,False
margin,Hawai'i,margin_linear_lasso,94,0,False,False
margin,Miami (OH),margin_linear_lasso,95,0,False,False
margin,Stanford,margin_linear_lasso,96,0,False,False
margin,Kennesaw State,margin_linear_lasso,97,0,False,False
margin,Colorado,margin_linear_lasso,98,0,False,False
margin,Virginia Tech,margin_linear_lasso,99,0,False,False
margin,Tulsa,margin_linear_lasso,100,0,False,False
margin,UCLA,margin_linear_lasso,101,0,False,False
margin,West Virginia,margin_linear_lasso,102,0,False,False
margin,Arkansas State,margin_linear_lasso,103,0,False,False
margin,Bowling Green,margin_linear_lasso,104,0,False,False
margin,Florida Atlantic,margin_linear_lasso,105,0,False,False
margin,Georgia Southern,margin_linear_lasso,106,0,False,False
margin,North Dakota State,margin_linear_lasso,107,0,False,False
margin,Troy,margin_linear_lasso,108,0,False,False
margin,Purdue,margin_linear_lasso,109,0,False,False
margin,Syracuse,margin_linear_lasso,110,0,False,False
margin,Sacramento State,margin_linear_lasso,111,0,False,False
margin,Buffalo,margin_linear_lasso,112,0,False,False
margin,Missouri State,margin_linear_lasso,113,0,False,False
margin,Temple,margin_linear_lasso,114,0,False,False
margin,Oregon State,margin_linear_lasso,115,0,False,False
margin,Akron,margin_linear_lasso,116,0,False,False
margin,Delaware,margin_linear_lasso,117,0,False,False
margin,Eastern Michigan,margin_linear_lasso,118,0,False,False
margin,Rice,margin_linear_lasso,119,0,False,False
margin,UAB,margin_linear_lasso,120,0,False,False
margin,Wyoming,margin_linear_lasso,121,0,False,False
margin,Oklahoma State,margin_linear_lasso,122,0,False,False
margin,Kent State,margin_linear_lasso,123,0,False,False
margin,Northern Illinois,margin_linear_lasso,124,0,False,False
margin,Middle Tennessee,margin_linear_lasso,125,0,False,False
margin,Coastal Carolina,margin_linear_lasso,126,0,False,False
margin,Colorado State,margin_linear_lasso,127,0,False,False
margin,Army,margin_linear_lasso,128,0,False,False
margin,San José State,margin_linear_lasso,129,0,False,False
margin,Nevada,margin_linear_lasso,130,0,False,False
margin,Ball State,margin_linear_lasso,131,0,False,False
margin,New Mexico State,margin_linear_lasso,132,0,False,False
margin,UL Monroe,margin_linear_lasso,133,0,False,False
margin,UTEP,margin_linear_lasso,134,0,False,False
margin,Georgia State,margin_linear_lasso,135,0,False,False
margin,Sam Houston,margin_linear_lasso,136,0,False,False
margin,Charlotte,margin_linear_lasso,137,0,False,False
margin,Massachusetts,margin_linear_lasso,138,0,False,False
margin,Georgia,margin_linear_ols,1,25,True,True
margin,Oregon,margin_linear_ols,2,24,True,False
margin,Ohio State,margin_linear_ols,3,23,True,False
margin,Texas Tech,margin_linear_ols,4,22,True,False
margin,Miami,margin_linear_ols,5,21,True,False
margin,Ole Miss,margin_linear_ols,6,20,True,False
margin,Indiana,margin_linear_ols,7,19,True,False
margin,Alabama,margin_linear_ols,8,18,True,False
margin,Notre Dame,margin_linear_ols,9,17,True,False
margin,Texas A&M,margin_linear_ols,10,16,True,False
margin,Missouri,margin_linear_ols,11,15,True,False
margin,Oklahoma,margin_linear_ols,12,14,True,False
margin,BYU,margin_linear_ols,13,13,True,False
margin,Clemson,margin_linear_ols,14,12,True,False
margin,Penn State,margin_linear_ols,15,11,True,False
margin,Tennessee,margin_linear_ols,16,10,True,False
margin,South Florida,margin_linear_ols,17,9,True,False
margin,USC,margin_linear_ols,18,8,True,False
margin,Michigan,margin_linear_ols,19,7,True,False
margin,Arizona,margin_linear_ols,20,6,True,False
margin,LSU,margin_linear_ols,21,5,True,False
margin,Illinois,margin_linear_ols,22,4,True,False
margin,Utah,margin_linear_ols,23,3,True,False
margin,Boise State,margin_linear_ols,24,2,True,False
margin,East Carolina,margin_linear_ols,25,1,True,False
margin,Texas,margin_linear_ols,26,0,False,False
margin,Vanderbilt,margin_linear_ols,27,0,False,False
margin,Tulane,margin_linear_ols,28,0,False,False
margin,James Madison,margin_linear_ols,29,0,False,False
margin,Florida,margin_linear_ols,30,0,False,False
margin,Duke,margin_linear_ols,31,0,False,False
margin,Louisville,margin_linear_ols,32,0,False,False
margin,Florida State,margin_linear_ols,33,0,False,False
margin,Washington,margin_linear_ols,34,0,False,False
margin,Iowa,margin_linear_ols,35,0,False,False
margin,Virginia,margin_linear_ols,36,0,False,False
margin,Washington State,margin_linear_ols,37,0,False,False
margin,South Carolina,margin_linear_ols,38,0,False,False
margin,Texas State,margin_linear_ols,39,0,False,False
margin,Houston,margin_linear_ols,40,0,False,False
margin,Wake Forest,margin_linear_ols,41,0,False,False
margin,Auburn,margin_linear_ols,42,0,False,False
margin,Toledo,margin_linear_ols,43,0,False,False
margin,TCU,margin_linear_ols,44,0,False,False
margin,SMU,margin_linear_ols,45,0,False,False
margin,Arizona State,margin_linear_ols,46,0,False,False
margin,Iowa State,margin_linear_ols,47,0,False,False
margin,Baylor,margin_linear_ols,48,0,False,False
margin,Kansas State,margin_linear_ols,49,0,False,False
margin,North Texas,margin_linear_ols,50,0,False,False
margin,NC State,margin_linear_ols,51,0,False,False
margin,Nebraska,margin_linear_ols,52,0,False,False
margin,Georgia Tech,margin_linear_ols,53,0,False,False
margin,Northwestern,margin_linear_ols,54,0,False,False
margin,Pittsburgh,margin_linear_ols,55,0,False,False
margin,UNLV,margin_linear_ols,56,0,False,False
margin,New Mexico,margin_linear_ols,57,0,False,False
margin,Arkansas,margin_linear_ols,58,0,False,False
margin,Memphis,margin_linear_ols,59,0,False,False
margin,Rutgers,margin_linear_ols,60,0,False,False
margin,Western Kentucky,margin_linear_ols,61,0,False,False
margin,Marshall,margin_linear_ols,62,0,False,False
margin,Jacksonville State,margin_linear_ols,63,0,False,False
margin,Kennesaw State,margin_linear_ols,64,0,False,False
margin,San Diego State,margin_linear_ols,65,0,False,False
margin,Central Michigan,margin_linear_ols,66,0,False,False
margin,Western Michigan,margin_linear_ols,67,0,False,False
margin,Fresno State,margin_linear_ols,68,0,False,False
margin,Air Force,margin_linear_ols,69,0,False,False
margin,Kansas,margin_linear_ols,70,0,False,False
margin,Minnesota,margin_linear_ols,71,0,False,False
margin,California,margin_linear_ols,72,0,False,False
margin,Utah State,margin_linear_ols,73,0,False,False
margin,Miami (OH),margin_linear_ols,74,0,False,False
margin,Kentucky,margin_linear_ols,75,0,False,False
margin,Navy,margin_linear_ols,76,0,False,False
margin,Florida International,margin_linear_ols,77,0,False,False
margin,Stanford,margin_linear_ols,78,0,False,False
margin,Michigan State,margin_linear_ols,79,0,False,False
margin,Ohio,margin_linear_ols,80,0,False,False
margin,Delaware,margin_linear_ols,81,0,False,False
margin,Wisconsin,margin_linear_ols,82,0,False,False
margin,Cincinnati,margin_linear_ols,83,0,False,False
margin,Georgia Southern,margin_linear_ols,84,0,False,False
margin,UTSA,margin_linear_ols,85,0,False,False
margin,Old Dominion,margin_linear_ols,86,0,False,False
margin,UCF,margin_linear_ols,87,0,False,False
margin,Southern Miss,margin_linear_ols,88,0,False,False
margin,UConn,margin_linear_ols,89,0,False,False
margin,Hawai'i,margin_linear_ols,90,0,False,False
margin,Mississippi State,margin_linear_ols,91,0,False,False
margin,App State,margin_linear_ols,92,0,False,False
margin,North Carolina,margin_linear_ols,93,0,False,False
margin,Oregon State,margin_linear_ols,94,0,False,False
margin,Syracuse,margin_linear_ols,95,0,False,False
margin,Boston College,margin_linear_ols,96,0,False,False
margin,UCLA,margin_linear_ols,97,0,False,False
margin,Bowling Green,margin_linear_ols,98,0,False,False
margin,Liberty,margin_linear_ols,99,0,False,False
margin,Oklahoma State,margin_linear_ols,100,0,False,False
margin,Arkansas State,margin_linear_ols,101,0,False,False
margin,West Virginia,margin_linear_ols,102,0,False,False
margin,Maryland,margin_linear_ols,103,0,False,False
margin,Louisiana Tech,margin_linear_ols,104,0,False,False
margin,Colorado,margin_linear_ols,105,0,False,False
margin,Kent State,margin_linear_ols,106,0,False,False
margin,North Dakota State,margin_linear_ols,107,0,False,False
margin,South Alabama,margin_linear_ols,108,0,False,False
margin,Tulsa,margin_linear_ols,109,0,False,False
margin,Louisiana,margin_linear_ols,110,0,False,False
margin,Sacramento State,margin_linear_ols,111,0,False,False
margin,Purdue,margin_linear_ols,112,0,False,False
margin,Virginia Tech,margin_linear_ols,113,0,False,False
margin,Troy,margin_linear_ols,114,0,False,False
margin,Florida Atlantic,margin_linear_ols,115,0,False,False
margin,Akron,margin_linear_ols,116,0,False,False
margin,Northern Illinois,margin_linear_ols,117,0,False,False
margin,Buffalo,margin_linear_ols,118,0,False,False
margin,Missouri State,margin_linear_ols,119,0,False,False
margin,Eastern Michigan,margin_linear_ols,120,0,False,False
margin,UAB,margin_linear_ols,121,0,False,False
margin,Wyoming,margin_linear_ols,122,0,False,False
margin,Middle Tennessee,margin_linear_ols,123,0,False,False
margin,Temple,margin_linear_ols,124,0,False,False
margin,Colorado State,margin_linear_ols,125,0,False,False
margin,Ball State,margin_linear_ols,126,0,False,False
margin,New Mexico State,margin_linear_ols,127,0,False,False
margin,Georgia State,margin_linear_ols,128,0,False,False
margin,Nevada,margin_linear_ols,129,0,False,False
margin,UTEP,margin_linear_ols,130,0,False,False
margin,San José State,margin_linear_ols,131,0,False,False
margin,Army,margin_linear_ols,132,0,False,False
margin,UL Monroe,margin_linear_ols,133,0,False,False
margin,Charlotte,margin_linear_ols,134,0,False,False
margin,Coastal Carolina,margin_linear_ols,135,0,False,False
margin,Sam Houston,margin_linear_ols,136,0,False,False
margin,Rice,margin_linear_ols,137,0,False,False
margin,Massachusetts,margin_linear_ols,138,0,False,False
margin,Ohio State,margin_linear_orthogonal_matching_pursuit,1,25,True,True
margin,Oregon,margin_linear_orthogonal_matching_pursuit,2,24,True,False
margin,Georgia,margin_linear_orthogonal_matching_pursuit,3,23,True,False
margin,Notre Dame,margin_linear_orthogonal_matching_pursuit,4,22,True,False
margin,Indiana,margin_linear_orthogonal_matching_pursuit,5,21,True,False
margin,Texas Tech,margin_linear_orthogonal_matching_pursuit,6,20,True,False
margin,Utah,margin_linear_orthogonal_matching_pursuit,7,19,True,False
margin,Miami,margin_linear_orthogonal_matching_pursuit,8,18,True,False
margin,USC,margin_linear_orthogonal_matching_pursuit,9,17,True,False
margin,Ole Miss,margin_linear_orthogonal_matching_pursuit,10,16,True,False
margin,Alabama,margin_linear_orthogonal_matching_pursuit,11,15,True,False
margin,Oklahoma,margin_linear_orthogonal_matching_pursuit,12,14,True,False
margin,Texas A&M,margin_linear_orthogonal_matching_pursuit,13,13,True,False
margin,Tennessee,margin_linear_orthogonal_matching_pursuit,14,12,True,False
margin,Texas,margin_linear_orthogonal_matching_pursuit,15,11,True,False
margin,Michigan,margin_linear_orthogonal_matching_pursuit,16,10,True,False
margin,Penn State,margin_linear_orthogonal_matching_pursuit,17,9,True,False
margin,Missouri,margin_linear_orthogonal_matching_pursuit,18,8,True,False
margin,Florida State,margin_linear_orthogonal_matching_pursuit,19,7,True,False
margin,Clemson,margin_linear_orthogonal_matching_pursuit,20,6,True,False
margin,Iowa,margin_linear_orthogonal_matching_pursuit,21,5,True,False
margin,SMU,margin_linear_orthogonal_matching_pursuit,22,4,True,False
margin,Vanderbilt,margin_linear_orthogonal_matching_pursuit,23,3,True,False
margin,Washington,margin_linear_orthogonal_matching_pursuit,24,2,True,False
margin,South Florida,margin_linear_orthogonal_matching_pursuit,25,1,True,False
margin,Toledo,margin_linear_orthogonal_matching_pursuit,26,0,False,False
margin,BYU,margin_linear_orthogonal_matching_pursuit,27,0,False,False
margin,James Madison,margin_linear_orthogonal_matching_pursuit,28,0,False,False
margin,Auburn,margin_linear_orthogonal_matching_pursuit,29,0,False,False
margin,LSU,margin_linear_orthogonal_matching_pursuit,30,0,False,False
margin,Louisville,margin_linear_orthogonal_matching_pursuit,31,0,False,False
margin,North Texas,margin_linear_orthogonal_matching_pursuit,32,0,False,False
margin,Boise State,margin_linear_orthogonal_matching_pursuit,33,0,False,False
margin,Memphis,margin_linear_orthogonal_matching_pursuit,34,0,False,False
margin,East Carolina,margin_linear_orthogonal_matching_pursuit,35,0,False,False
margin,Illinois,margin_linear_orthogonal_matching_pursuit,36,0,False,False
margin,South Carolina,margin_linear_orthogonal_matching_pursuit,37,0,False,False
margin,Arizona,margin_linear_orthogonal_matching_pursuit,38,0,False,False
margin,Air Force,margin_linear_orthogonal_matching_pursuit,39,0,False,False
margin,UNLV,margin_linear_orthogonal_matching_pursuit,40,0,False,False
margin,Georgia Tech,margin_linear_orthogonal_matching_pursuit,41,0,False,False
margin,Tulane,margin_linear_orthogonal_matching_pursuit,42,0,False,False
margin,Duke,margin_linear_orthogonal_matching_pursuit,43,0,False,False
margin,Florida,margin_linear_orthogonal_matching_pursuit,44,0,False,False
margin,TCU,margin_linear_orthogonal_matching_pursuit,45,0,False,False
margin,Nebraska,margin_linear_orthogonal_matching_pursuit,46,0,False,False
margin,Pittsburgh,margin_linear_orthogonal_matching_pursuit,47,0,False,False
margin,Virginia,margin_linear_orthogonal_matching_pursuit,48,0,False,False
margin,Kansas State,margin_linear_orthogonal_matching_pursuit,49,0,False,False
margin,San Diego State,margin_linear_orthogonal_matching_pursuit,50,0,False,False
margin,UConn,margin_linear_orthogonal_matching_pursuit,51,0,False,False
margin,Iowa State,margin_linear_orthogonal_matching_pursuit,52,0,False,False
margin,Texas State,margin_linear_orthogonal_matching_pursuit,53,0,False,False
margin,Navy,margin_linear_orthogonal_matching_pursuit,54,0,False,False
margin,Cincinnati,margin_linear_orthogonal_matching_pursuit,55,0,False,False
margin,Fresno State,margin_linear_orthogonal_matching_pursuit,56,0,False,False
margin,Wake Forest,margin_linear_orthogonal_matching_pursuit,57,0,False,False
margin,Northwestern,margin_linear_orthogonal_matching_pursuit,58,0,False,False
margin,Arkansas,margin_linear_orthogonal_matching_pursuit,59,0,False,False
margin,Ohio,margin_linear_orthogonal_matching_pursuit,60,0,False,False
margin,Mississippi State,margin_linear_orthogonal_matching_pursuit,61,0,False,False
margin,NC State,margin_linear_orthogonal_matching_pursuit,62,0,False,False
margin,Houston,margin_linear_orthogonal_matching_pursuit,63,0,False,False
margin,Arizona State,margin_linear_orthogonal_matching_pursuit,64,0,False,False
margin,UTSA,margin_linear_orthogonal_matching_pursuit,65,0,False,False
margin,Southern Miss,margin_linear_orthogonal_matching_pursuit,66,0,False,False
margin,Rutgers,margin_linear_orthogonal_matching_pursuit,67,0,False,False
margin,UCF,margin_linear_orthogonal_matching_pursuit,68,0,False,False
margin,Washington State,margin_linear_orthogonal_matching_pursuit,69,0,False,False
margin,Old Dominion,margin_linear_orthogonal_matching_pursuit,70,0,False,False
margin,Baylor,margin_linear_orthogonal_matching_pursuit,71,0,False,False
margin,Jacksonville State,margin_linear_orthogonal_matching_pursuit,72,0,False,False
margin,Western Kentucky,margin_linear_orthogonal_matching_pursuit,73,0,False,False
margin,Central Michigan,margin_linear_orthogonal_matching_pursuit,74,0,False,False
margin,Florida International,margin_linear_orthogonal_matching_pursuit,75,0,False,False
margin,California,margin_linear_orthogonal_matching_pursuit,76,0,False,False
margin,Western Michigan,margin_linear_orthogonal_matching_pursuit,77,0,False,False
margin,Liberty,margin_linear_orthogonal_matching_pursuit,78,0,False,False
margin,Minnesota,margin_linear_orthogonal_matching_pursuit,79,0,False,False
margin,North Carolina,margin_linear_orthogonal_matching_pursuit,80,0,False,False
margin,New Mexico,margin_linear_orthogonal_matching_pursuit,81,0,False,False
margin,Hawai'i,margin_linear_orthogonal_matching_pursuit,82,0,False,False
margin,Kentucky,margin_linear_orthogonal_matching_pursuit,83,0,False,False
margin,Marshall,margin_linear_orthogonal_matching_pursuit,84,0,False,False
margin,Wisconsin,margin_linear_orthogonal_matching_pursuit,85,0,False,False
margin,Utah State,margin_linear_orthogonal_matching_pursuit,86,0,False,False
margin,Louisiana Tech,margin_linear_orthogonal_matching_pursuit,87,0,False,False
margin,Boston College,margin_linear_orthogonal_matching_pursuit,88,0,False,False
margin,Michigan State,margin_linear_orthogonal_matching_pursuit,89,0,False,False
margin,South Alabama,margin_linear_orthogonal_matching_pursuit,90,0,False,False
margin,Miami (OH),margin_linear_orthogonal_matching_pursuit,91,0,False,False
margin,Kansas,margin_linear_orthogonal_matching_pursuit,92,0,False,False
margin,Maryland,margin_linear_orthogonal_matching_pursuit,93,0,False,False
margin,Louisiana,margin_linear_orthogonal_matching_pursuit,94,0,False,False
margin,App State,margin_linear_orthogonal_matching_pursuit,95,0,False,False
margin,Bowling Green,margin_linear_orthogonal_matching_pursuit,96,0,False,False
margin,Kennesaw State,margin_linear_orthogonal_matching_pursuit,97,0,False,False
margin,Virginia Tech,margin_linear_orthogonal_matching_pursuit,98,0,False,False
margin,Colorado,margin_linear_orthogonal_matching_pursuit,99,0,False,False
margin,Tulsa,margin_linear_orthogonal_matching_pursuit,100,0,False,False
margin,Troy,margin_linear_orthogonal_matching_pursuit,101,0,False,False
margin,Stanford,margin_linear_orthogonal_matching_pursuit,102,0,False,False
margin,Buffalo,margin_linear_orthogonal_matching_pursuit,103,0,False,False
margin,Arkansas State,margin_linear_orthogonal_matching_pursuit,104,0,False,False
margin,Georgia Southern,margin_linear_orthogonal_matching_pursuit,105,0,False,False
margin,North Dakota State,margin_linear_orthogonal_matching_pursuit,106,0,False,False
margin,Florida Atlantic,margin_linear_orthogonal_matching_pursuit,107,0,False,False
margin,UCLA,margin_linear_orthogonal_matching_pursuit,108,0,False,False
margin,Sacramento State,margin_linear_orthogonal_matching_pursuit,109,0,False,False
margin,Purdue,margin_linear_orthogonal_matching_pursuit,110,0,False,False
margin,West Virginia,margin_linear_orthogonal_matching_pursuit,111,0,False,False
margin,Missouri State,margin_linear_orthogonal_matching_pursuit,112,0,False,False
margin,Temple,margin_linear_orthogonal_matching_pursuit,113,0,False,False
margin,Syracuse,margin_linear_orthogonal_matching_pursuit,114,0,False,False
margin,Wyoming,margin_linear_orthogonal_matching_pursuit,115,0,False,False
margin,Oregon State,margin_linear_orthogonal_matching_pursuit,116,0,False,False
margin,Akron,margin_linear_orthogonal_matching_pursuit,117,0,False,False
margin,Eastern Michigan,margin_linear_orthogonal_matching_pursuit,118,0,False,False
margin,Rice,margin_linear_orthogonal_matching_pursuit,119,0,False,False
margin,Oklahoma State,margin_linear_orthogonal_matching_pursuit,120,0,False,False
margin,Delaware,margin_linear_orthogonal_matching_pursuit,121,0,False,False
margin,Coastal Carolina,margin_linear_orthogonal_matching_pursuit,122,0,False,False
margin,Middle Tennessee,margin_linear_orthogonal_matching_pursuit,123,0,False,False
margin,Northern Illinois,margin_linear_orthogonal_matching_pursuit,124,0,False,False
margin,Colorado State,margin_linear_orthogonal_matching_pursuit,125,0,False,False
margin,UTEP,margin_linear_orthogonal_matching_pursuit,126,0,False,False
margin,Kent State,margin_linear_orthogonal_matching_pursuit,127,0,False,False
margin,UAB,margin_linear_orthogonal_matching_pursuit,128,0,False,False
margin,Army,margin_linear_orthogonal_matching_pursuit,129,0,False,False
margin,Ball State,margin_linear_orthogonal_matching_pursuit,130,0,False,False
margin,Nevada,margin_linear_orthogonal_matching_pursuit,131,0,False,False
margin,San José State,margin_linear_orthogonal_matching_pursuit,132,0,False,False
margin,UL Monroe,margin_linear_orthogonal_matching_pursuit,133,0,False,False
margin,New Mexico State,margin_linear_orthogonal_matching_pursuit,134,0,False,False
margin,Georgia State,margin_linear_orthogonal_matching_pursuit,135,0,False,False
margin,Sam Houston,margin_linear_orthogonal_matching_pursuit,136,0,False,False
margin,Charlotte,margin_linear_orthogonal_matching_pursuit,137,0,False,False
margin,Massachusetts,margin_linear_orthogonal_matching_pursuit,138,0,False,False
margin,Oregon,margin_linear_passive_aggressive,1,25,True,True
margin,Ohio State,margin_linear_passive_aggressive,2,24,True,False
margin,Texas Tech,margin_linear_passive_aggressive,3,23,True,False
margin,Texas A&M,margin_linear_passive_aggressive,4,22,True,False
margin,Miami,margin_linear_passive_aggressive,5,21,True,False
margin,Ole Miss,margin_linear_passive_aggressive,6,20,True,False
margin,Georgia,margin_linear_passive_aggressive,7,19,True,False
margin,Indiana,margin_linear_passive_aggressive,8,18,True,False
margin,Oklahoma,margin_linear_passive_aggressive,9,17,True,False
margin,Michigan,margin_linear_passive_aggressive,10,16,True,False
margin,Alabama,margin_linear_passive_aggressive,11,15,True,False
margin,BYU,margin_linear_passive_aggressive,12,14,True,False
margin,Texas,margin_linear_passive_aggressive,13,13,True,False
margin,Notre Dame,margin_linear_passive_aggressive,14,12,True,False
margin,USC,margin_linear_passive_aggressive,15,11,True,False
margin,Tennessee,margin_linear_passive_aggressive,16,10,True,False
margin,Missouri,margin_linear_passive_aggressive,17,9,True,False
margin,Vanderbilt,margin_linear_passive_aggressive,18,8,True,False
margin,LSU,margin_linear_passive_aggressive,19,7,True,False
margin,Utah,margin_linear_passive_aggressive,20,6,True,False
margin,Clemson,margin_linear_passive_aggressive,21,5,True,False
margin,Washington,margin_linear_passive_aggressive,22,4,True,False
margin,South Carolina,margin_linear_passive_aggressive,23,3,True,False
margin,Illinois,margin_linear_passive_aggressive,24,2,True,False
margin,South Florida,margin_linear_passive_aggressive,25,1,True,False
margin,Louisville,margin_linear_passive_aggressive,26,0,False,False
margin,Florida State,margin_linear_passive_aggressive,27,0,False,False
margin,Penn State,margin_linear_passive_aggressive,28,0,False,False
margin,Boise State,margin_linear_passive_aggressive,29,0,False,False
margin,Arizona,margin_linear_passive_aggressive,30,0,False,False
margin,East Carolina,margin_linear_passive_aggressive,31,0,False,False
margin,Florida,margin_linear_passive_aggressive,32,0,False,False
margin,Iowa,margin_linear_passive_aggressive,33,0,False,False
margin,Tulane,margin_linear_passive_aggressive,34,0,False,False
margin,Arizona State,margin_linear_passive_aggressive,35,0,False,False
margin,SMU,margin_linear_passive_aggressive,36,0,False,False
margin,Auburn,margin_linear_passive_aggressive,37,0,False,False
margin,Baylor,margin_linear_passive_aggressive,38,0,False,False
margin,Navy,margin_linear_passive_aggressive,39,0,False,False
margin,Wake Forest,margin_linear_passive_aggressive,40,0,False,False
margin,Northwestern,margin_linear_passive_aggressive,41,0,False,False
margin,James Madison,margin_linear_passive_aggressive,42,0,False,False
margin,Nebraska,margin_linear_passive_aggressive,43,0,False,False
margin,TCU,margin_linear_passive_aggressive,44,0,False,False
margin,Duke,margin_linear_passive_aggressive,45,0,False,False
margin,Rutgers,margin_linear_passive_aggressive,46,0,False,False
margin,North Texas,margin_linear_passive_aggressive,47,0,False,False
margin,San Diego State,margin_linear_passive_aggressive,48,0,False,False
margin,Texas State,margin_linear_passive_aggressive,49,0,False,False
margin,Georgia Tech,margin_linear_passive_aggressive,50,0,False,False
margin,Air Force,margin_linear_passive_aggressive,51,0,False,False
margin,Kansas State,margin_linear_passive_aggressive,52,0,False,False
margin,Iowa State,margin_linear_passive_aggressive,53,0,False,False
margin,NC State,margin_linear_passive_aggressive,54,0,False,False
margin,Toledo,margin_linear_passive_aggressive,55,0,False,False
margin,Western Kentucky,margin_linear_passive_aggressive,56,0,False,False
margin,Washington State,margin_linear_passive_aggressive,57,0,False,False
margin,Virginia,margin_linear_passive_aggressive,58,0,False,False
margin,California,margin_linear_passive_aggressive,59,0,False,False
margin,UNLV,margin_linear_passive_aggressive,60,0,False,False
margin,Houston,margin_linear_passive_aggressive,61,0,False,False
margin,Kentucky,margin_linear_passive_aggressive,62,0,False,False
margin,New Mexico,margin_linear_passive_aggressive,63,0,False,False
margin,Kansas,margin_linear_passive_aggressive,64,0,False,False
margin,Pittsburgh,margin_linear_passive_aggressive,65,0,False,False
margin,Cincinnati,margin_linear_passive_aggressive,66,0,False,False
margin,UCF,margin_linear_passive_aggressive,67,0,False,False
margin,Western Michigan,margin_linear_passive_aggressive,68,0,False,False
margin,Arkansas,margin_linear_passive_aggressive,69,0,False,False
margin,Southern Miss,margin_linear_passive_aggressive,70,0,False,False
margin,Ohio,margin_linear_passive_aggressive,71,0,False,False
margin,Marshall,margin_linear_passive_aggressive,72,0,False,False
margin,Stanford,margin_linear_passive_aggressive,73,0,False,False
margin,Old Dominion,margin_linear_passive_aggressive,74,0,False,False
margin,App State,margin_linear_passive_aggressive,75,0,False,False
margin,North Carolina,margin_linear_passive_aggressive,76,0,False,False
margin,Jacksonville State,margin_linear_passive_aggressive,77,0,False,False
margin,Central Michigan,margin_linear_passive_aggressive,78,0,False,False
margin,Florida Atlantic,margin_linear_passive_aggressive,79,0,False,False
margin,Maryland,margin_linear_passive_aggressive,80,0,False,False
margin,Memphis,margin_linear_passive_aggressive,81,0,False,False
margin,Utah State,margin_linear_passive_aggressive,82,0,False,False
margin,UCLA,margin_linear_passive_aggressive,83,0,False,False
margin,Michigan State,margin_linear_passive_aggressive,84,0,False,False
margin,Liberty,margin_linear_passive_aggressive,85,0,False,False
margin,Syracuse,margin_linear_passive_aggressive,86,0,False,False
margin,UTSA,margin_linear_passive_aggressive,87,0,False,False
margin,West Virginia,margin_linear_passive_aggressive,88,0,False,False
margin,Fresno State,margin_linear_passive_aggressive,89,0,False,False
margin,Purdue,margin_linear_passive_aggressive,90,0,False,False
margin,Wisconsin,margin_linear_passive_aggressive,91,0,False,False
margin,Delaware,margin_linear_passive_aggressive,92,0,False,False
margin,Minnesota,margin_linear_passive_aggressive,93,0,False,False
margin,Kennesaw State,margin_linear_passive_aggressive,94,0,False,False
margin,Colorado,margin_linear_passive_aggressive,95,0,False,False
margin,Kent State,margin_linear_passive_aggressive,96,0,False,False
margin,Mississippi State,margin_linear_passive_aggressive,97,0,False,False
margin,Virginia Tech,margin_linear_passive_aggressive,98,0,False,False
margin,Louisiana Tech,margin_linear_passive_aggressive,99,0,False,False
margin,Army,margin_linear_passive_aggressive,100,0,False,False
margin,Hawai'i,margin_linear_passive_aggressive,101,0,False,False
margin,North Dakota State,margin_linear_passive_aggressive,102,0,False,False
margin,Georgia Southern,margin_linear_passive_aggressive,103,0,False,False
margin,Miami (OH),margin_linear_passive_aggressive,104,0,False,False
margin,Boston College,margin_linear_passive_aggressive,105,0,False,False
margin,Louisiana,margin_linear_passive_aggressive,106,0,False,False
margin,Oregon State,margin_linear_passive_aggressive,107,0,False,False
margin,Troy,margin_linear_passive_aggressive,108,0,False,False
margin,Florida International,margin_linear_passive_aggressive,109,0,False,False
margin,UConn,margin_linear_passive_aggressive,110,0,False,False
margin,South Alabama,margin_linear_passive_aggressive,111,0,False,False
margin,Arkansas State,margin_linear_passive_aggressive,112,0,False,False
margin,Sacramento State,margin_linear_passive_aggressive,113,0,False,False
margin,Missouri State,margin_linear_passive_aggressive,114,0,False,False
margin,Tulsa,margin_linear_passive_aggressive,115,0,False,False
margin,Buffalo,margin_linear_passive_aggressive,116,0,False,False
margin,Temple,margin_linear_passive_aggressive,117,0,False,False
margin,Bowling Green,margin_linear_passive_aggressive,118,0,False,False
margin,New Mexico State,margin_linear_passive_aggressive,119,0,False,False
margin,Oklahoma State,margin_linear_passive_aggressive,120,0,False,False
margin,Eastern Michigan,margin_linear_passive_aggressive,121,0,False,False
margin,Akron,margin_linear_passive_aggressive,122,0,False,False
margin,Colorado State,margin_linear_passive_aggressive,123,0,False,False
margin,Coastal Carolina,margin_linear_passive_aggressive,124,0,False,False
margin,Nevada,margin_linear_passive_aggressive,125,0,False,False
margin,Northern Illinois,margin_linear_passive_aggressive,126,0,False,False
margin,UAB,margin_linear_passive_aggressive,127,0,False,False
margin,Wyoming,margin_linear_passive_aggressive,128,0,False,False
margin,Georgia State,margin_linear_passive_aggressive,129,0,False,False
margin,Middle Tennessee,margin_linear_passive_aggressive,130,0,False,False
margin,San José State,margin_linear_passive_aggressive,131,0,False,False
margin,UL Monroe,margin_linear_passive_aggressive,132,0,False,False
margin,UTEP,margin_linear_passive_aggressive,133,0,False,False
margin,Ball State,margin_linear_passive_aggressive,134,0,False,False
margin,Sam Houston,margin_linear_passive_aggressive,135,0,False,False
margin,Rice,margin_linear_passive_aggressive,136,0,False,False
margin,Charlotte,margin_linear_passive_aggressive,137,0,False,False
margin,Massachusetts,margin_linear_passive_aggressive,138,0,False,False
margin,Texas Tech,margin_linear_ransac,1,25,True,True
margin,Georgia,margin_linear_ransac,2,24,True,False
margin,Ohio State,margin_linear_ransac,3,23,True,False
margin,Alabama,margin_linear_ransac,4,22,True,False
margin,Oregon,margin_linear_ransac,5,21,True,False
margin,Miami,margin_linear_ransac,6,20,True,False
margin,Notre Dame,margin_linear_ransac,7,19,True,False
margin,BYU,margin_linear_ransac,8,18,True,False
margin,Ole Miss,margin_linear_ransac,9,17,True,False
margin,Texas A&M,margin_linear_ransac,10,16,True,False
margin,Indiana,margin_linear_ransac,11,15,True,False
margin,Missouri,margin_linear_ransac,12,14,True,False
margin,Penn State,margin_linear_ransac,13,13,True,False
margin,Boise State,margin_linear_ransac,14,12,True,False
margin,Washington State,margin_linear_ransac,15,11,True,False
margin,Oklahoma,margin_linear_ransac,16,10,True,False
margin,Clemson,margin_linear_ransac,17,9,True,False
margin,Tennessee,margin_linear_ransac,18,8,True,False
margin,Virginia,margin_linear_ransac,19,7,True,False
margin,Duke,margin_linear_ransac,20,6,True,False
margin,Texas,margin_linear_ransac,21,5,True,False
margin,Illinois,margin_linear_ransac,22,4,True,False
margin,USC,margin_linear_ransac,23,3,True,False
margin,Vanderbilt,margin_linear_ransac,24,2,True,False
margin,East Carolina,margin_linear_ransac,25,1,True,False
margin,Washington,margin_linear_ransac,26,0,False,False
margin,UNLV,margin_linear_ransac,27,0,False,False
margin,SMU,margin_linear_ransac,28,0,False,False
margin,Michigan,margin_linear_ransac,29,0,False,False
margin,South Florida,margin_linear_ransac,30,0,False,False
margin,South Carolina,margin_linear_ransac,31,0,False,False
margin,LSU,margin_linear_ransac,32,0,False,False
margin,Arizona,margin_linear_ransac,33,0,False,False
margin,Utah,margin_linear_ransac,34,0,False,False
margin,Florida,margin_linear_ransac,35,0,False,False
margin,Florida State,margin_linear_ransac,36,0,False,False
margin,Tulane,margin_linear_ransac,37,0,False,False
margin,Auburn,margin_linear_ransac,38,0,False,False
margin,Iowa,margin_linear_ransac,39,0,False,False
margin,James Madison,margin_linear_ransac,40,0,False,False
margin,Louisville,margin_linear_ransac,41,0,False,False
margin,Wake Forest,margin_linear_ransac,42,0,False,False
margin,Texas State,margin_linear_ransac,43,0,False,False
margin,Iowa State,margin_linear_ransac,44,0,False,False
margin,Jacksonville State,margin_linear_ransac,45,0,False,False
margin,Houston,margin_linear_ransac,46,0,False,False
margin,Kansas State,margin_linear_ransac,47,0,False,False
margin,Arizona State,margin_linear_ransac,48,0,False,False
margin,Toledo,margin_linear_ransac,49,0,False,False
margin,TCU,margin_linear_ransac,50,0,False,False
margin,Kennesaw State,margin_linear_ransac,51,0,False,False
margin,Baylor,margin_linear_ransac,52,0,False,False
margin,Northwestern,margin_linear_ransac,53,0,False,False
margin,North Texas,margin_linear_ransac,54,0,False,False
margin,Nebraska,margin_linear_ransac,55,0,False,False
margin,Fresno State,margin_linear_ransac,56,0,False,False
margin,Western Michigan,margin_linear_ransac,57,0,False,False
margin,Miami (OH),margin_linear_ransac,58,0,False,False
margin,Rutgers,margin_linear_ransac,59,0,False,False
margin,Western Kentucky,margin_linear_ransac,60,0,False,False
margin,San Diego State,margin_linear_ransac,61,0,False,False
margin,Pittsburgh,margin_linear_ransac,62,0,False,False
margin,NC State,margin_linear_ransac,63,0,False,False
margin,Kansas,margin_linear_ransac,64,0,False,False
margin,Marshall,margin_linear_ransac,65,0,False,False
margin,Arkansas,margin_linear_ransac,66,0,False,False
margin,Navy,margin_linear_ransac,67,0,False,False
margin,Georgia Tech,margin_linear_ransac,68,0,False,False
margin,Central Michigan,margin_linear_ransac,69,0,False,False
margin,Old Dominion,margin_linear_ransac,70,0,False,False
margin,Memphis,margin_linear_ransac,71,0,False,False
margin,Michigan State,margin_linear_ransac,72,0,False,False
margin,Oregon State,margin_linear_ransac,73,0,False,False
margin,Ohio,margin_linear_ransac,74,0,False,False
margin,New Mexico,margin_linear_ransac,75,0,False,False
margin,UTSA,margin_linear_ransac,76,0,False,False
margin,Florida International,margin_linear_ransac,77,0,False,False
margin,Cincinnati,margin_linear_ransac,78,0,False,False
margin,Kentucky,margin_linear_ransac,79,0,False,False
margin,Georgia Southern,margin_linear_ransac,80,0,False,False
margin,Southern Miss,margin_linear_ransac,81,0,False,False
margin,Wisconsin,margin_linear_ransac,82,0,False,False
margin,California,margin_linear_ransac,83,0,False,False
margin,Stanford,margin_linear_ransac,84,0,False,False
margin,UConn,margin_linear_ransac,85,0,False,False
margin,Utah State,margin_linear_ransac,86,0,False,False
margin,Kent State,margin_linear_ransac,87,0,False,False
margin,App State,margin_linear_ransac,88,0,False,False
margin,Minnesota,margin_linear_ransac,89,0,False,False
margin,Liberty,margin_linear_ransac,90,0,False,False
margin,Hawai'i,margin_linear_ransac,91,0,False,False
margin,UCF,margin_linear_ransac,92,0,False,False
margin,Air Force,margin_linear_ransac,93,0,False,False
margin,Arkansas State,margin_linear_ransac,94,0,False,False
margin,Boston College,margin_linear_ransac,95,0,False,False
margin,Tulsa,margin_linear_ransac,96,0,False,False
margin,Syracuse,margin_linear_ransac,97,0,False,False
margin,Delaware,margin_linear_ransac,98,0,False,False
margin,UCLA,margin_linear_ransac,99,0,False,False
margin,Virginia Tech,margin_linear_ransac,100,0,False,False
margin,Northern Illinois,margin_linear_ransac,101,0,False,False
margin,Oklahoma State,margin_linear_ransac,102,0,False,False
margin,Sacramento State,margin_linear_ransac,103,0,False,False
margin,South Alabama,margin_linear_ransac,104,0,False,False
margin,North Carolina,margin_linear_ransac,105,0,False,False
margin,North Dakota State,margin_linear_ransac,106,0,False,False
margin,Colorado,margin_linear_ransac,107,0,False,False
margin,Louisiana Tech,margin_linear_ransac,108,0,False,False
margin,Maryland,margin_linear_ransac,109,0,False,False
margin,Eastern Michigan,margin_linear_ransac,110,0,False,False
margin,Mississippi State,margin_linear_ransac,111,0,False,False
margin,Florida Atlantic,margin_linear_ransac,112,0,False,False
margin,West Virginia,margin_linear_ransac,113,0,False,False
margin,Bowling Green,margin_linear_ransac,114,0,False,False
margin,Louisiana,margin_linear_ransac,115,0,False,False
margin,Middle Tennessee,margin_linear_ransac,116,0,False,False
margin,Troy,margin_linear_ransac,117,0,False,False
margin,Purdue,margin_linear_ransac,118,0,False,False
margin,Missouri State,margin_linear_ransac,119,0,False,False
margin,Akron,margin_linear_ransac,120,0,False,False
margin,Buffalo,margin_linear_ransac,121,0,False,False
margin,UAB,margin_linear_ransac,122,0,False,False
margin,New Mexico State,margin_linear_ransac,123,0,False,False
margin,Temple,margin_linear_ransac,124,0,False,False
margin,Colorado State,margin_linear_ransac,125,0,False,False
margin,Army,margin_linear_ransac,126,0,False,False
margin,Georgia State,margin_linear_ransac,127,0,False,False
margin,Ball State,margin_linear_ransac,128,0,False,False
margin,Nevada,margin_linear_ransac,129,0,False,False
margin,UTEP,margin_linear_ransac,130,0,False,False
margin,San José State,margin_linear_ransac,131,0,False,False
margin,Sam Houston,margin_linear_ransac,132,0,False,False
margin,UL Monroe,margin_linear_ransac,133,0,False,False
margin,Wyoming,margin_linear_ransac,134,0,False,False
margin,Rice,margin_linear_ransac,135,0,False,False
margin,Charlotte,margin_linear_ransac,136,0,False,False
margin,Coastal Carolina,margin_linear_ransac,137,0,False,False
margin,Massachusetts,margin_linear_ransac,138,0,False,False
margin,Ohio State,margin_linear_ridge,1,25,True,True
margin,Oregon,margin_linear_ridge,2,24,True,False
margin,Georgia,margin_linear_ridge,3,23,True,False
margin,Texas Tech,margin_linear_ridge,4,22,True,False
margin,Indiana,margin_linear_ridge,5,21,True,False
margin,Notre Dame,margin_linear_ridge,6,20,True,False
margin,Miami,margin_linear_ridge,7,19,True,False
margin,Ole Miss,margin_linear_ridge,8,18,True,False
margin,Oklahoma,margin_linear_ridge,9,17,True,False
margin,Alabama,margin_linear_ridge,10,16,True,False
margin,USC,margin_linear_ridge,11,15,True,False
margin,Utah,margin_linear_ridge,12,14,True,False
margin,Texas A&M,margin_linear_ridge,13,13,True,False
margin,Texas,margin_linear_ridge,14,12,True,False
margin,Tennessee,margin_linear_ridge,15,11,True,False
margin,Michigan,margin_linear_ridge,16,10,True,False
margin,Penn State,margin_linear_ridge,17,9,True,False
margin,Florida State,margin_linear_ridge,18,8,True,False
margin,Missouri,margin_linear_ridge,19,7,True,False
margin,BYU,margin_linear_ridge,20,6,True,False
margin,Clemson,margin_linear_ridge,21,5,True,False
margin,SMU,margin_linear_ridge,22,4,True,False
margin,Iowa,margin_linear_ridge,23,3,True,False
margin,South Florida,margin_linear_ridge,24,2,True,False
margin,Washington,margin_linear_ridge,25,1,True,False
margin,Vanderbilt,margin_linear_ridge,26,0,False,False
margin,LSU,margin_linear_ridge,27,0,False,False
margin,Louisville,margin_linear_ridge,28,0,False,False
margin,Auburn,margin_linear_ridge,29,0,False,False
margin,Toledo,margin_linear_ridge,30,0,False,False
margin,Florida,margin_linear_ridge,31,0,False,False
margin,North Texas,margin_linear_ridge,32,0,False,False
margin,James Madison,margin_linear_ridge,33,0,False,False
margin,Illinois,margin_linear_ridge,34,0,False,False
margin,TCU,margin_linear_ridge,35,0,False,False
margin,East Carolina,margin_linear_ridge,36,0,False,False
margin,Arizona,margin_linear_ridge,37,0,False,False
margin,Boise State,margin_linear_ridge,38,0,False,False
margin,South Carolina,margin_linear_ridge,39,0,False,False
margin,Nebraska,margin_linear_ridge,40,0,False,False
margin,Georgia Tech,margin_linear_ridge,41,0,False,False
margin,Tulane,margin_linear_ridge,42,0,False,False
margin,Memphis,margin_linear_ridge,43,0,False,False
margin,Iowa State,margin_linear_ridge,44,0,False,False
margin,Air Force,margin_linear_ridge,45,0,False,False
margin,Duke,margin_linear_ridge,46,0,False,False
margin,Kansas State,margin_linear_ridge,47,0,False,False
margin,Texas State,margin_linear_ridge,48,0,False,False
margin,San Diego State,margin_linear_ridge,49,0,False,False
margin,Pittsburgh,margin_linear_ridge,50,0,False,False
margin,UNLV,margin_linear_ridge,51,0,False,False
margin,Arizona State,margin_linear_ridge,52,0,False,False
margin,Houston,margin_linear_ridge,53,0,False,False
margin,Virginia,margin_linear_ridge,54,0,False,False
margin,NC State,margin_linear_ridge,55,0,False,False
margin,Baylor,margin_linear_ridge,56,0,False,False
margin,Washington State,margin_linear_ridge,57,0,False,False
margin,Cincinnati,margin_linear_ridge,58,0,False,False
margin,Wake Forest,margin_linear_ridge,59,0,False,False
margin,Northwestern,margin_linear_ridge,60,0,False,False
margin,Mississippi State,margin_linear_ridge,61,0,False,False
margin,Arkansas,margin_linear_ridge,62,0,False,False
margin,Western Kentucky,margin_linear_ridge,63,0,False,False
margin,Minnesota,margin_linear_ridge,64,0,False,False
margin,Southern Miss,margin_linear_ridge,65,0,False,False
margin,Rutgers,margin_linear_ridge,66,0,False,False
margin,Fresno State,margin_linear_ridge,67,0,False,False
margin,UTSA,margin_linear_ridge,68,0,False,False
margin,Western Michigan,margin_linear_ridge,69,0,False,False
margin,Navy,margin_linear_ridge,70,0,False,False
margin,Ohio,margin_linear_ridge,71,0,False,False
margin,California,margin_linear_ridge,72,0,False,False
margin,Marshall,margin_linear_ridge,73,0,False,False
margin,New Mexico,margin_linear_ridge,74,0,False,False
margin,Old Dominion,margin_linear_ridge,75,0,False,False
margin,UConn,margin_linear_ridge,76,0,False,False
margin,Central Michigan,margin_linear_ridge,77,0,False,False
margin,UCF,margin_linear_ridge,78,0,False,False
margin,Kentucky,margin_linear_ridge,79,0,False,False
margin,Jacksonville State,margin_linear_ridge,80,0,False,False
margin,North Carolina,margin_linear_ridge,81,0,False,False
margin,Utah State,margin_linear_ridge,82,0,False,False
margin,Wisconsin,margin_linear_ridge,83,0,False,False
margin,Kansas,margin_linear_ridge,84,0,False,False
margin,Liberty,margin_linear_ridge,85,0,False,False
margin,Florida International,margin_linear_ridge,86,0,False,False
margin,Louisiana Tech,margin_linear_ridge,87,0,False,False
margin,Boston College,margin_linear_ridge,88,0,False,False
margin,Michigan State,margin_linear_ridge,89,0,False,False
margin,South Alabama,margin_linear_ridge,90,0,False,False
margin,Hawai'i,margin_linear_ridge,91,0,False,False
margin,Stanford,margin_linear_ridge,92,0,False,False
margin,Maryland,margin_linear_ridge,93,0,False,False
margin,Kennesaw State,margin_linear_ridge,94,0,False,False
margin,App State,margin_linear_ridge,95,0,False,False
margin,West Virginia,margin_linear_ridge,96,0,False,False
margin,Louisiana,margin_linear_ridge,97,0,False,False
margin,Virginia Tech,margin_linear_ridge,98,0,False,False
margin,Colorado,margin_linear_ridge,99,0,False,False
margin,Bowling Green,margin_linear_ridge,100,0,False,False
margin,Miami (OH),margin_linear_ridge,101,0,False,False
margin,UCLA,margin_linear_ridge,102,0,False,False
margin,Arkansas State,margin_linear_ridge,103,0,False,False
margin,Tulsa,margin_linear_ridge,104,0,False,False
margin,Georgia Southern,margin_linear_ridge,105,0,False,False
margin,Florida Atlantic,margin_linear_ridge,106,0,False,False
margin,Syracuse,margin_linear_ridge,107,0,False,False
margin,North Dakota State,margin_linear_ridge,108,0,False,False
margin,Troy,margin_linear_ridge,109,0,False,False
margin,Buffalo,margin_linear_ridge,110,0,False,False
margin,Sacramento State,margin_linear_ridge,111,0,False,False
margin,Purdue,margin_linear_ridge,112,0,False,False
margin,Delaware,margin_linear_ridge,113,0,False,False
margin,Missouri State,margin_linear_ridge,114,0,False,False
margin,Oregon State,margin_linear_ridge,115,0,False,False
margin,Akron,margin_linear_ridge,116,0,False,False
margin,Temple,margin_linear_ridge,117,0,False,False
margin,Eastern Michigan,margin_linear_ridge,118,0,False,False
margin,Kent State,margin_linear_ridge,119,0,False,False
margin,Oklahoma State,margin_linear_ridge,120,0,False,False
margin,UAB,margin_linear_ridge,121,0,False,False
margin,Colorado State,margin_linear_ridge,122,0,False,False
margin,Wyoming,margin_linear_ridge,123,0,False,False
margin,Rice,margin_linear_ridge,124,0,False,False
margin,Middle Tennessee,margin_linear_ridge,125,0,False,False
margin,Northern Illinois,margin_linear_ridge,126,0,False,False
margin,Nevada,margin_linear_ridge,127,0,False,False
margin,Coastal Carolina,margin_linear_ridge,128,0,False,False
margin,San José State,margin_linear_ridge,129,0,False,False
margin,New Mexico State,margin_linear_ridge,130,0,False,False
margin,Ball State,margin_linear_ridge,131,0,False,False
margin,UL Monroe,margin_linear_ridge,132,0,False,False
margin,Georgia State,margin_linear_ridge,133,0,False,False
margin,UTEP,margin_linear_ridge,134,0,False,False
margin,Army,margin_linear_ridge,135,0,False,False
margin,Sam Houston,margin_linear_ridge,136,0,False,False
margin,Charlotte,margin_linear_ridge,137,0,False,False
margin,Massachusetts,margin_linear_ridge,138,0,False,False
margin,Ohio State,margin_linear_sgd,1,25,True,True
margin,Oregon,margin_linear_sgd,2,24,True,False
margin,Georgia,margin_linear_sgd,3,23,True,False
margin,Texas Tech,margin_linear_sgd,4,22,True,False
margin,Indiana,margin_linear_sgd,5,21,True,False
margin,Miami,margin_linear_sgd,6,20,True,False
margin,Ole Miss,margin_linear_sgd,7,19,True,False
margin,Notre Dame,margin_linear_sgd,8,18,True,False
margin,Oklahoma,margin_linear_sgd,9,17,True,False
margin,Texas A&M,margin_linear_sgd,10,16,True,False
margin,Alabama,margin_linear_sgd,11,15,True,False
margin,USC,margin_linear_sgd,12,14,True,False
margin,Michigan,margin_linear_sgd,13,13,True,False
margin,Texas,margin_linear_sgd,14,12,True,False
margin,Utah,margin_linear_sgd,15,11,True,False
margin,Tennessee,margin_linear_sgd,16,10,True,False
margin,Missouri,margin_linear_sgd,17,9,True,False
margin,BYU,margin_linear_sgd,18,8,True,False
margin,Penn State,margin_linear_sgd,19,7,True,False
margin,Washington,margin_linear_sgd,20,6,True,False
margin,Clemson,margin_linear_sgd,21,5,True,False
margin,Vanderbilt,margin_linear_sgd,22,4,True,False
margin,Louisville,margin_linear_sgd,23,3,True,False
margin,South Florida,margin_linear_sgd,24,2,True,False
margin,SMU,margin_linear_sgd,25,1,True,False
margin,Auburn,margin_linear_sgd,26,0,False,False
margin,Iowa,margin_linear_sgd,27,0,False,False
margin,LSU,margin_linear_sgd,28,0,False,False
margin,James Madison,margin_linear_sgd,29,0,False,False
margin,Illinois,margin_linear_sgd,30,0,False,False
margin,Florida State,margin_linear_sgd,31,0,False,False
margin,Tulane,margin_linear_sgd,32,0,False,False
margin,Arizona,margin_linear_sgd,33,0,False,False
margin,Florida,margin_linear_sgd,34,0,False,False
margin,Boise State,margin_linear_sgd,35,0,False,False
margin,East Carolina,margin_linear_sgd,36,0,False,False
margin,South Carolina,margin_linear_sgd,37,0,False,False
margin,Navy,margin_linear_sgd,38,0,False,False
margin,Arizona State,margin_linear_sgd,39,0,False,False
margin,North Texas,margin_linear_sgd,40,0,False,False
margin,Georgia Tech,margin_linear_sgd,41,0,False,False
margin,Iowa State,margin_linear_sgd,42,0,False,False
margin,Duke,margin_linear_sgd,43,0,False,False
margin,Toledo,margin_linear_sgd,44,0,False,False
margin,Nebraska,margin_linear_sgd,45,0,False,False
margin,TCU,margin_linear_sgd,46,0,False,False
margin,Kansas State,margin_linear_sgd,47,0,False,False
margin,Virginia,margin_linear_sgd,48,0,False,False
margin,Baylor,margin_linear_sgd,49,0,False,False
margin,Texas State,margin_linear_sgd,50,0,False,False
margin,UNLV,margin_linear_sgd,51,0,False,False
margin,Wake Forest,margin_linear_sgd,52,0,False,False
margin,NC State,margin_linear_sgd,53,0,False,False
margin,Cincinnati,margin_linear_sgd,54,0,False,False
margin,Washington State,margin_linear_sgd,55,0,False,False
margin,San Diego State,margin_linear_sgd,56,0,False,False
margin,Old Dominion,margin_linear_sgd,57,0,False,False
margin,Memphis,margin_linear_sgd,58,0,False,False
margin,Arkansas,margin_linear_sgd,59,0,False,False
margin,Northwestern,margin_linear_sgd,60,0,False,False
margin,Houston,margin_linear_sgd,61,0,False,False
margin,Rutgers,margin_linear_sgd,62,0,False,False
margin,Pittsburgh,margin_linear_sgd,63,0,False,False
margin,Air Force,margin_linear_sgd,64,0,False,False
margin,Minnesota,margin_linear_sgd,65,0,False,False
margin,Western Kentucky,margin_linear_sgd,66,0,False,False
margin,Western Michigan,margin_linear_sgd,67,0,False,False
margin,UTSA,margin_linear_sgd,68,0,False,False
margin,Marshall,margin_linear_sgd,69,0,False,False
margin,Kansas,margin_linear_sgd,70,0,False,False
margin,Utah State,margin_linear_sgd,71,0,False,False
margin,Jacksonville State,margin_linear_sgd,72,0,False,False
margin,California,margin_linear_sgd,73,0,False,False
margin,New Mexico,margin_linear_sgd,74,0,False,False
margin,Ohio,margin_linear_sgd,75,0,False,False
margin,Stanford,margin_linear_sgd,76,0,False,False
margin,Fresno State,margin_linear_sgd,77,0,False,False
margin,Mississippi State,margin_linear_sgd,78,0,False,False
margin,Kentucky,margin_linear_sgd,79,0,False,False
margin,North Carolina,margin_linear_sgd,80,0,False,False
margin,Wisconsin,margin_linear_sgd,81,0,False,False
margin,Michigan State,margin_linear_sgd,82,0,False,False
margin,Southern Miss,margin_linear_sgd,83,0,False,False
margin,Central Michigan,margin_linear_sgd,84,0,False,False
margin,UCF,margin_linear_sgd,85,0,False,False
margin,Boston College,margin_linear_sgd,86,0,False,False
margin,Kennesaw State,margin_linear_sgd,87,0,False,False
margin,Virginia Tech,margin_linear_sgd,88,0,False,False
margin,UConn,margin_linear_sgd,89,0,False,False
margin,Florida International,margin_linear_sgd,90,0,False,False
margin,UCLA,margin_linear_sgd,91,0,False,False
margin,App State,margin_linear_sgd,92,0,False,False
margin,Miami (OH),margin_linear_sgd,93,0,False,False
margin,Liberty,margin_linear_sgd,94,0,False,False
margin,Maryland,margin_linear_sgd,95,0,False,False
margin,Colorado,margin_linear_sgd,96,0,False,False
margin,West Virginia,margin_linear_sgd,97,0,False,False
margin,South Alabama,margin_linear_sgd,98,0,False,False
margin,Georgia Southern,margin_linear_sgd,99,0,False,False
margin,Hawai'i,margin_linear_sgd,100,0,False,False
margin,Tulsa,margin_linear_sgd,101,0,False,False
margin,Syracuse,margin_linear_sgd,102,0,False,False
margin,Louisiana Tech,margin_linear_sgd,103,0,False,False
margin,Delaware,margin_linear_sgd,104,0,False,False
margin,Oregon State,margin_linear_sgd,105,0,False,False
margin,Louisiana,margin_linear_sgd,106,0,False,False
margin,Troy,margin_linear_sgd,107,0,False,False
margin,Florida Atlantic,margin_linear_sgd,108,0,False,False
margin,Purdue,margin_linear_sgd,109,0,False,False
margin,North Dakota State,margin_linear_sgd,110,0,False,False
margin,Sacramento State,margin_linear_sgd,111,0,False,False
margin,Kent State,margin_linear_sgd,112,0,False,False
margin,Missouri State,margin_linear_sgd,113,0,False,False
margin,Arkansas State,margin_linear_sgd,114,0,False,False
margin,Bowling Green,margin_linear_sgd,115,0,False,False
margin,Akron,margin_linear_sgd,116,0,False,False
margin,Eastern Michigan,margin_linear_sgd,117,0,False,False
margin,Temple,margin_linear_sgd,118,0,False,False
margin,Middle Tennessee,margin_linear_sgd,119,0,False,False
margin,Oklahoma State,margin_linear_sgd,120,0,False,False
margin,Army,margin_linear_sgd,121,0,False,False
margin,Buffalo,margin_linear_sgd,122,0,False,False
margin,UAB,margin_linear_sgd,123,0,False,False
margin,Colorado State,margin_linear_sgd,124,0,False,False
margin,Georgia State,margin_linear_sgd,125,0,False,False
margin,Wyoming,margin_linear_sgd,126,0,False,False
margin,Northern Illinois,margin_linear_sgd,127,0,False,False
margin,Coastal Carolina,margin_linear_sgd,128,0,False,False
margin,San José State,margin_linear_sgd,129,0,False,False
margin,Nevada,margin_linear_sgd,130,0,False,False
margin,UL Monroe,margin_linear_sgd,131,0,False,False
margin,Rice,margin_linear_sgd,132,0,False,False
margin,New Mexico State,margin_linear_sgd,133,0,False,False
margin,Ball State,margin_linear_sgd,134,0,False,False
margin,UTEP,margin_linear_sgd,135,0,False,False
margin,Sam Houston,margin_linear_sgd,136,0,False,False
margin,Massachusetts,margin_linear_sgd,137,0,False,False
margin,Charlotte,margin_linear_sgd,138,0,False,False
margin,Vanderbilt,margin_neural_mlp,1,25,True,True
margin,Texas,margin_neural_mlp,2,24,True,False
margin,Alabama,margin_neural_mlp,3,23,True,False
margin,Oregon,margin_neural_mlp,4,22,True,False
margin,Miami,margin_neural_mlp,5,21,True,False
margin,Ohio State,margin_neural_mlp,6,20,True,False
margin,Michigan,margin_neural_mlp,7,19,True,False
margin,Missouri,margin_neural_mlp,8,18,True,False
margin,Iowa State,margin_neural_mlp,9,17,True,False
margin,Texas Tech,margin_neural_mlp,10,16,True,False
margin,Illinois,margin_neural_mlp,11,15,True,False
margin,Clemson,margin_neural_mlp,12,14,True,False
margin,Indiana,margin_neural_mlp,13,13,True,False
margin,USC,margin_neural_mlp,14,12,True,False
margin,LSU,margin_neural_mlp,15,11,True,False
margin,Texas A&M,margin_neural_mlp,16,10,True,False
margin,Wake Forest,margin_neural_mlp,17,9,True,False
margin,Arizona,margin_neural_mlp,18,8,True,False
margin,Georgia,margin_neural_mlp,19,7,True,False
margin,UNLV,margin_neural_mlp,20,6,True,False
margin,Iowa,margin_neural_mlp,21,5,True,False
margin,Louisville,margin_neural_mlp,22,4,True,False
margin,BYU,margin_neural_mlp,23,3,True,False
margin,Notre Dame,margin_neural_mlp,24,2,True,False
margin,Northwestern,margin_neural_mlp,25,1,True,False
margin,NC State,margin_neural_mlp,26,0,False,False
margin,Ole Miss,margin_neural_mlp,27,0,False,False
margin,Washington,margin_neural_mlp,28,0,False,False
margin,Arkansas,margin_neural_mlp,29,0,False,False
margin,James Madison,margin_neural_mlp,30,0,False,False
margin,Tennessee,margin_neural_mlp,31,0,False,False
margin,Oklahoma,margin_neural_mlp,32,0,False,False
margin,SMU,margin_neural_mlp,33,0,False,False
margin,Cincinnati,margin_neural_mlp,34,0,False,False
margin,North Texas,margin_neural_mlp,35,0,False,False
margin,Tulane,margin_neural_mlp,36,0,False,False
margin,Navy,margin_neural_mlp,37,0,False,False
margin,Virginia,margin_neural_mlp,38,0,False,False
margin,Jacksonville State,margin_neural_mlp,39,0,False,False
margin,East Carolina,margin_neural_mlp,40,0,False,False
margin,Duke,margin_neural_mlp,41,0,False,False
margin,Syracuse,margin_neural_mlp,42,0,False,False
margin,Kentucky,margin_neural_mlp,43,0,False,False
margin,Memphis,margin_neural_mlp,44,0,False,False
margin,Georgia Tech,margin_neural_mlp,45,0,False,False
margin,Old Dominion,margin_neural_mlp,46,0,False,False
margin,UTSA,margin_neural_mlp,47,0,False,False
margin,Utah,margin_neural_mlp,48,0,False,False
margin,Rutgers,margin_neural_mlp,49,0,False,False
margin,Miami (OH),margin_neural_mlp,50,0,False,False
margin,Ohio,margin_neural_mlp,51,0,False,False
margin,Baylor,margin_neural_mlp,52,0,False,False
margin,TCU,margin_neural_mlp,53,0,False,False
margin,Arizona State,margin_neural_mlp,54,0,False,False
margin,Houston,margin_neural_mlp,55,0,False,False
margin,South Florida,margin_neural_mlp,56,0,False,False
margin,South Carolina,margin_neural_mlp,57,0,False,False
margin,Georgia Southern,margin_neural_mlp,58,0,False,False
margin,Florida,margin_neural_mlp,59,0,False,False
margin,Utah State,margin_neural_mlp,60,0,False,False
margin,San Diego State,margin_neural_mlp,61,0,False,False
margin,Texas State,margin_neural_mlp,62,0,False,False
margin,Toledo,margin_neural_mlp,63,0,False,False
margin,Fresno State,margin_neural_mlp,64,0,False,False
margin,Kent State,margin_neural_mlp,65,0,False,False
margin,Auburn,margin_neural_mlp,66,0,False,False
margin,Penn State,margin_neural_mlp,67,0,False,False
margin,Wisconsin,margin_neural_mlp,68,0,False,False
margin,Nebraska,margin_neural_mlp,69,0,False,False
margin,Kansas,margin_neural_mlp,70,0,False,False
margin,Kennesaw State,margin_neural_mlp,71,0,False,False
margin,Florida State,margin_neural_mlp,72,0,False,False
margin,Colorado,margin_neural_mlp,73,0,False,False
margin,Oregon State,margin_neural_mlp,74,0,False,False
margin,Air Force,margin_neural_mlp,75,0,False,False
margin,San José State,margin_neural_mlp,76,0,False,False
margin,Bowling Green,margin_neural_mlp,77,0,False,False
margin,Temple,margin_neural_mlp,78,0,False,False
margin,Army,margin_neural_mlp,79,0,False,False
margin,Michigan State,margin_neural_mlp,80,0,False,False
margin,Florida International,margin_neural_mlp,81,0,False,False
margin,Washington State,margin_neural_mlp,82,0,False,False
margin,Buffalo,margin_neural_mlp,83,0,False,False
margin,West Virginia,margin_neural_mlp,84,0,False,False
margin,Southern Miss,margin_neural_mlp,85,0,False,False
margin,App State,margin_neural_mlp,86,0,False,False
margin,Sacramento State,margin_neural_mlp,87,0,False,False
margin,Liberty,margin_neural_mlp,88,0,False,False
margin,Marshall,margin_neural_mlp,89,0,False,False
margin,Boise State,margin_neural_mlp,90,0,False,False
margin,Maryland,margin_neural_mlp,91,0,False,False
margin,Troy,margin_neural_mlp,92,0,False,False
margin,Central Michigan,margin_neural_mlp,93,0,False,False
margin,Louisiana Tech,margin_neural_mlp,94,0,False,False
margin,Pittsburgh,margin_neural_mlp,95,0,False,False
margin,Kansas State,margin_neural_mlp,96,0,False,False
margin,Northern Illinois,margin_neural_mlp,97,0,False,False
margin,New Mexico,margin_neural_mlp,98,0,False,False
margin,New Mexico State,margin_neural_mlp,99,0,False,False
margin,Eastern Michigan,margin_neural_mlp,100,0,False,False
margin,UCF,margin_neural_mlp,101,0,False,False
margin,UConn,margin_neural_mlp,102,0,False,False
margin,UL Monroe,margin_neural_mlp,103,0,False,False
margin,California,margin_neural_mlp,104,0,False,False
margin,Hawai'i,margin_neural_mlp,105,0,False,False
margin,Middle Tennessee,margin_neural_mlp,106,0,False,False
margin,North Dakota State,margin_neural_mlp,107,0,False,False
margin,Georgia State,margin_neural_mlp,108,0,False,False
margin,UAB,margin_neural_mlp,109,0,False,False
margin,Louisiana,margin_neural_mlp,110,0,False,False
margin,Western Kentucky,margin_neural_mlp,111,0,False,False
margin,Arkansas State,margin_neural_mlp,112,0,False,False
margin,Western Michigan,margin_neural_mlp,113,0,False,False
margin,Virginia Tech,margin_neural_mlp,114,0,False,False
margin,Tulsa,margin_neural_mlp,115,0,False,False
margin,Florida Atlantic,margin_neural_mlp,116,0,False,False
margin,Wyoming,margin_neural_mlp,117,0,False,False
margin,South Alabama,margin_neural_mlp,118,0,False,False
margin,Boston College,margin_neural_mlp,119,0,False,False
margin,Stanford,margin_neural_mlp,120,0,False,False
margin,Minnesota,margin_neural_mlp,121,0,False,False
margin,Delaware,margin_neural_mlp,122,0,False,False
margin,Missouri State,margin_neural_mlp,123,0,False,False
margin,North Carolina,margin_neural_mlp,124,0,False,False
margin,Oklahoma State,margin_neural_mlp,125,0,False,False
margin,Colorado State,margin_neural_mlp,126,0,False,False
margin,Ball State,margin_neural_mlp,127,0,False,False
margin,Mississippi State,margin_neural_mlp,128,0,False,False
margin,Nevada,margin_neural_mlp,129,0,False,False
margin,UCLA,margin_neural_mlp,130,0,False,False
margin,Charlotte,margin_neural_mlp,131,0,False,False
margin,Rice,margin_neural_mlp,132,0,False,False
margin,Sam Houston,margin_neural_mlp,133,0,False,False
margin,Purdue,margin_neural_mlp,134,0,False,False
margin,Massachusetts,margin_neural_mlp,135,0,False,False
margin,Akron,margin_neural_mlp,136,0,False,False
margin,Coastal Carolina,margin_neural_mlp,137,0,False,False
margin,UTEP,margin_neural_mlp,138,0,False,False
margin,Ohio State,margin_spline_spline_ridge,1,25,True,True
margin,Oregon,margin_spline_spline_ridge,2,24,True,False
margin,Georgia,margin_spline_spline_ridge,3,23,True,False
margin,Texas Tech,margin_spline_spline_ridge,4,22,True,False
margin,Notre Dame,margin_spline_spline_ridge,5,21,True,False
margin,Indiana,margin_spline_spline_ridge,6,20,True,False
margin,Ole Miss,margin_spline_spline_ridge,7,19,True,False
margin,Oklahoma,margin_spline_spline_ridge,8,18,True,False
margin,Miami,margin_spline_spline_ridge,9,17,True,False
margin,Texas A&M,margin_spline_spline_ridge,10,16,True,False
margin,Alabama,margin_spline_spline_ridge,11,15,True,False
margin,USC,margin_spline_spline_ridge,12,14,True,False
margin,Utah,margin_spline_spline_ridge,13,13,True,False
margin,Tennessee,margin_spline_spline_ridge,14,12,True,False
margin,Missouri,margin_spline_spline_ridge,15,11,True,False
margin,Michigan,margin_spline_spline_ridge,16,10,True,False
margin,Texas,margin_spline_spline_ridge,17,9,True,False
margin,Penn State,margin_spline_spline_ridge,18,8,True,False
margin,BYU,margin_spline_spline_ridge,19,7,True,False
margin,Louisville,margin_spline_spline_ridge,20,6,True,False
margin,Clemson,margin_spline_spline_ridge,21,5,True,False
margin,Iowa,margin_spline_spline_ridge,22,4,True,False
margin,Vanderbilt,margin_spline_spline_ridge,23,3,True,False
margin,Washington,margin_spline_spline_ridge,24,2,True,False
margin,SMU,margin_spline_spline_ridge,25,1,True,False
margin,LSU,margin_spline_spline_ridge,26,0,False,False
margin,James Madison,margin_spline_spline_ridge,27,0,False,False
margin,South Florida,margin_spline_spline_ridge,28,0,False,False
margin,Florida State,margin_spline_spline_ridge,29,0,False,False
margin,Auburn,margin_spline_spline_ridge,30,0,False,False
margin,Illinois,margin_spline_spline_ridge,31,0,False,False
margin,Boise State,margin_spline_spline_ridge,32,0,False,False
margin,Florida,margin_spline_spline_ridge,33,0,False,False
margin,Arizona,margin_spline_spline_ridge,34,0,False,False
margin,Tulane,margin_spline_spline_ridge,35,0,False,False
margin,North Texas,margin_spline_spline_ridge,36,0,False,False
margin,UNLV,margin_spline_spline_ridge,37,0,False,False
margin,Georgia Tech,margin_spline_spline_ridge,38,0,False,False
margin,East Carolina,margin_spline_spline_ridge,39,0,False,False
margin,Duke,margin_spline_spline_ridge,40,0,False,False
margin,Iowa State,margin_spline_spline_ridge,41,0,False,False
margin,TCU,margin_spline_spline_ridge,42,0,False,False
margin,Navy,margin_spline_spline_ridge,43,0,False,False
margin,NC State,margin_spline_spline_ridge,44,0,False,False
margin,Nebraska,margin_spline_spline_ridge,45,0,False,False
margin,Kansas State,margin_spline_spline_ridge,46,0,False,False
margin,Virginia,margin_spline_spline_ridge,47,0,False,False
margin,South Carolina,margin_spline_spline_ridge,48,0,False,False
margin,Pittsburgh,margin_spline_spline_ridge,49,0,False,False
margin,Toledo,margin_spline_spline_ridge,50,0,False,False
margin,Memphis,margin_spline_spline_ridge,51,0,False,False
margin,Arizona State,margin_spline_spline_ridge,52,0,False,False
margin,Cincinnati,margin_spline_spline_ridge,53,0,False,False
margin,Arkansas,margin_spline_spline_ridge,54,0,False,False
margin,Wake Forest,margin_spline_spline_ridge,55,0,False,False
margin,Baylor,margin_spline_spline_ridge,56,0,False,False
margin,Old Dominion,margin_spline_spline_ridge,57,0,False,False
margin,UTSA,margin_spline_spline_ridge,58,0,False,False
margin,Houston,margin_spline_spline_ridge,59,0,False,False
margin,Northwestern,margin_spline_spline_ridge,60,0,False,False
margin,Texas State,margin_spline_spline_ridge,61,0,False,False
margin,San Diego State,margin_spline_spline_ridge,62,0,False,False
margin,Washington State,margin_spline_spline_ridge,63,0,False,False
margin,Minnesota,margin_spline_spline_ridge,64,0,False,False
margin,Mississippi State,margin_spline_spline_ridge,65,0,False,False
margin,Western Kentucky,margin_spline_spline_ridge,66,0,False,False
margin,Jacksonville State,margin_spline_spline_ridge,67,0,False,False
margin,New Mexico,margin_spline_spline_ridge,68,0,False,False
margin,Marshall,margin_spline_spline_ridge,69,0,False,False
margin,Utah State,margin_spline_spline_ridge,70,0,False,False
margin,Rutgers,margin_spline_spline_ridge,71,0,False,False
margin,Fresno State,margin_spline_spline_ridge,72,0,False,False
margin,Kentucky,margin_spline_spline_ridge,73,0,False,False
margin,Kansas,margin_spline_spline_ridge,74,0,False,False
margin,Ohio,margin_spline_spline_ridge,75,0,False,False
margin,Wisconsin,margin_spline_spline_ridge,76,0,False,False
margin,Western Michigan,margin_spline_spline_ridge,77,0,False,False
margin,UCF,margin_spline_spline_ridge,78,0,False,False
margin,California,margin_spline_spline_ridge,79,0,False,False
margin,UConn,margin_spline_spline_ridge,80,0,False,False
margin,Michigan State,margin_spline_spline_ridge,81,0,False,False
margin,North Carolina,margin_spline_spline_ridge,82,0,False,False
margin,Boston College,margin_spline_spline_ridge,83,0,False,False
margin,Air Force,margin_spline_spline_ridge,84,0,False,False
margin,Southern Miss,margin_spline_spline_ridge,85,0,False,False
margin,Florida International,margin_spline_spline_ridge,86,0,False,False
margin,Virginia Tech,margin_spline_spline_ridge,87,0,False,False
margin,Kennesaw State,margin_spline_spline_ridge,88,0,False,False
margin,Stanford,margin_spline_spline_ridge,89,0,False,False
margin,Central Michigan,margin_spline_spline_ridge,90,0,False,False
margin,Maryland,margin_spline_spline_ridge,91,0,False,False
margin,South Alabama,margin_spline_spline_ridge,92,0,False,False
margin,West Virginia,margin_spline_spline_ridge,93,0,False,False
margin,UCLA,margin_spline_spline_ridge,94,0,False,False
margin,Miami (OH),margin_spline_spline_ridge,95,0,False,False
margin,Georgia Southern,margin_spline_spline_ridge,96,0,False,False
margin,Colorado,margin_spline_spline_ridge,97,0,False,False
margin,Hawai'i,margin_spline_spline_ridge,98,0,False,False
margin,Liberty,margin_spline_spline_ridge,99,0,False,False
margin,Louisiana Tech,margin_spline_spline_ridge,100,0,False,False
margin,App State,margin_spline_spline_ridge,101,0,False,False
margin,Tulsa,margin_spline_spline_ridge,102,0,False,False
margin,Army,margin_spline_spline_ridge,103,0,False,False
margin,Syracuse,margin_spline_spline_ridge,104,0,False,False
margin,Delaware,margin_spline_spline_ridge,105,0,False,False
margin,Florida Atlantic,margin_spline_spline_ridge,106,0,False,False
margin,Purdue,margin_spline_spline_ridge,107,0,False,False
margin,Louisiana,margin_spline_spline_ridge,108,0,False,False
margin,Troy,margin_spline_spline_ridge,109,0,False,False
margin,Missouri State,margin_spline_spline_ridge,110,0,False,False
margin,Arkansas State,margin_spline_spline_ridge,111,0,False,False
margin,Oklahoma State,margin_spline_spline_ridge,112,0,False,False
margin,North Dakota State,margin_spline_spline_ridge,113,0,False,False
margin,Oregon State,margin_spline_spline_ridge,114,0,False,False
margin,Temple,margin_spline_spline_ridge,115,0,False,False
margin,Sacramento State,margin_spline_spline_ridge,116,0,False,False
margin,Bowling Green,margin_spline_spline_ridge,117,0,False,False
margin,Akron,margin_spline_spline_ridge,118,0,False,False
margin,Eastern Michigan,margin_spline_spline_ridge,119,0,False,False
margin,Middle Tennessee,margin_spline_spline_ridge,120,0,False,False
margin,UAB,margin_spline_spline_ridge,121,0,False,False
margin,Buffalo,margin_spline_spline_ridge,122,0,False,False
margin,Rice,margin_spline_spline_ridge,123,0,False,False
margin,San José State,margin_spline_spline_ridge,124,0,False,False
margin,Kent State,margin_spline_spline_ridge,125,0,False,False
margin,Wyoming,margin_spline_spline_ridge,126,0,False,False
margin,Coastal Carolina,margin_spline_spline_ridge,127,0,False,False
margin,Colorado State,margin_spline_spline_ridge,128,0,False,False
margin,Nevada,margin_spline_spline_ridge,129,0,False,False
margin,Georgia State,margin_spline_spline_ridge,130,0,False,False
margin,UL Monroe,margin_spline_spline_ridge,131,0,False,False
margin,Northern Illinois,margin_spline_spline_ridge,132,0,False,False
margin,New Mexico State,margin_spline_spline_ridge,133,0,False,False
margin,Ball State,margin_spline_spline_ridge,134,0,False,False
margin,UTEP,margin_spline_spline_ridge,135,0,False,False
margin,Sam Houston,margin_spline_spline_ridge,136,0,False,False
margin,Charlotte,margin_spline_spline_ridge,137,0,False,False
margin,Massachusetts,margin_spline_spline_ridge,138,0,False,False
margin,Notre Dame,margin_stat_percentile,1,25,True,True
margin,Oregon,margin_stat_percentile,2,24,True,False
margin,Utah,margin_stat_percentile,3,23,True,False
margin,Ohio State,margin_stat_percentile,4,22,True,False
margin,Michigan,margin_stat_percentile,5,21,True,False
margin,BYU,margin_stat_percentile,6,20,True,False
margin,Washington,margin_stat_percentile,7,19,True,False
margin,Texas A&M,margin_stat_percentile,8,18,True,False
margin,Louisville,margin_stat_percentile,9,17,True,False
margin,Texas Tech,margin_stat_percentile,10,16,True,False
margin,Indiana,margin_stat_percentile,11,15,True,False
margin,Missouri,margin_stat_percentile,12,14,True,False
margin,USC,margin_stat_percentile,13,13,True,False
margin,Georgia,margin_stat_percentile,14,12,True,False
margin,Ole Miss,margin_stat_percentile,15,11,True,False
margin,Iowa,margin_stat_percentile,16,10,True,False
margin,Alabama,margin_stat_percentile,17,9,True,False
margin,Georgia Tech,margin_stat_percentile,18,8,True,False
margin,Vanderbilt,margin_stat_percentile,19,7,True,False
margin,Western Kentucky,margin_stat_percentile,20,6,True,False
margin,Kansas State,margin_stat_percentile,21,5,True,False
margin,Northwestern,margin_stat_percentile,22,4,True,False
margin,Miami,margin_stat_percentile,23,3,True,False
margin,James Madison,margin_stat_percentile,24,2,True,False
margin,Texas,margin_stat_percentile,25,1,True,False
margin,Penn State,margin_stat_percentile,26,0,False,False
margin,Oklahoma,margin_stat_percentile,27,0,False,False
margin,Illinois,margin_stat_percentile,28,0,False,False
margin,Boise State,margin_stat_percentile,29,0,False,False
margin,Florida State,margin_stat_percentile,30,0,False,False
margin,Ohio,margin_stat_percentile,31,0,False,False
margin,Western Michigan,margin_stat_percentile,32,0,False,False
margin,Tennessee,margin_stat_percentile,33,0,False,False
margin,South Florida,margin_stat_percentile,34,0,False,False
margin,Baylor,margin_stat_percentile,35,0,False,False
margin,Texas State,margin_stat_percentile,36,0,False,False
margin,San Diego State,margin_stat_percentile,37,0,False,False
margin,Navy,margin_stat_percentile,38,0,False,False
margin,Arkansas,margin_stat_percentile,39,0,False,False
margin,New Mexico,margin_stat_percentile,40,0,False,False
margin,Florida,margin_stat_percentile,41,0,False,False
margin,Washington State,margin_stat_percentile,42,0,False,False
margin,Clemson,margin_stat_percentile,43,0,False,False
margin,Kentucky,margin_stat_percentile,44,0,False,False
margin,East Carolina,margin_stat_percentile,45,0,False,False
margin,South Carolina,margin_stat_percentile,46,0,False,False
margin,Auburn,margin_stat_percentile,47,0,False,False
margin,SMU,margin_stat_percentile,48,0,False,False
margin,Nebraska,margin_stat_percentile,49,0,False,False
margin,Wake Forest,margin_stat_percentile,50,0,False,False
margin,NC State,margin_stat_percentile,51,0,False,False
margin,Virginia,margin_stat_percentile,52,0,False,False
margin,Delaware,margin_stat_percentile,53,0,False,False
margin,Utah State,margin_stat_percentile,54,0,False,False
margin,LSU,margin_stat_percentile,55,0,False,False
margin,Memphis,margin_stat_percentile,56,0,False,False
margin,Toledo,margin_stat_percentile,57,0,False,False
margin,Duke,margin_stat_percentile,58,0,False,False
margin,Wisconsin,margin_stat_percentile,59,0,False,False
margin,North Texas,margin_stat_percentile,60,0,False,False
margin,Cincinnati,margin_stat_percentile,61,0,False,False
margin,TCU,margin_stat_percentile,62,0,False,False
margin,Kansas,margin_stat_percentile,63,0,False,False
margin,Northern Illinois,margin_stat_percentile,64,0,False,False
margin,Air Force,margin_stat_percentile,65,0,False,False
margin,Syracuse,margin_stat_percentile,66,0,False,False
margin,Louisiana,margin_stat_percentile,67,0,False,False
margin,UAB,margin_stat_percentile,68,0,False,False
margin,Kent State,margin_stat_percentile,69,0,False,False
margin,Tulane,margin_stat_percentile,70,0,False,False
margin,Jacksonville State,margin_stat_percentile,71,0,False,False
margin,Louisiana Tech,margin_stat_percentile,72,0,False,False
margin,Kennesaw State,margin_stat_percentile,73,0,False,False
margin,Tulsa,margin_stat_percentile,74,0,False,False
margin,Arizona,margin_stat_percentile,75,0,False,False
margin,Minnesota,margin_stat_percentile,76,0,False,False
margin,Liberty,margin_stat_percentile,77,0,False,False
margin,Old Dominion,margin_stat_percentile,78,0,False,False
margin,North Dakota State,margin_stat_percentile,79,0,False,False
margin,Iowa State,margin_stat_percentile,80,0,False,False
margin,West Virginia,margin_stat_percentile,81,0,False,False
margin,Buffalo,margin_stat_percentile,82,0,False,False
margin,Nevada,margin_stat_percentile,83,0,False,False
margin,Marshall,margin_stat_percentile,84,0,False,False
margin,California,margin_stat_percentile,85,0,False,False
margin,Georgia Southern,margin_stat_percentile,86,0,False,False
margin,Houston,margin_stat_percentile,87,0,False,False
margin,Bowling Green,margin_stat_percentile,88,0,False,False
margin,Maryland,margin_stat_percentile,89,0,False,False
margin,Fresno State,margin_stat_percentile,90,0,False,False
margin,Virginia Tech,margin_stat_percentile,91,0,False,False
margin,North Carolina,margin_stat_percentile,92,0,False,False
margin,UTSA,margin_stat_percentile,93,0,False,False
margin,UNLV,margin_stat_percentile,94,0,False,False
margin,Florida Atlantic,margin_stat_percentile,95,0,False,False
margin,Sacramento State,margin_stat_percentile,96,0,False,False
margin,Michigan State,margin_stat_percentile,97,0,False,False
margin,Arkansas State,margin_stat_percentile,98,0,False,False
margin,Arizona State,margin_stat_percentile,99,0,False,False
margin,UConn,margin_stat_percentile,100,0,False,False
margin,South Alabama,margin_stat_percentile,101,0,False,False
margin,Eastern Michigan,margin_stat_percentile,102,0,False,False
margin,Boston College,margin_stat_percentile,103,0,False,False
margin,Miami (OH),margin_stat_percentile,104,0,False,False
margin,Southern Miss,margin_stat_percentile,105,0,False,False
margin,Pittsburgh,margin_stat_percentile,106,0,False,False
margin,Oklahoma State,margin_stat_percentile,107,0,False,False
margin,Hawai'i,margin_stat_percentile,108,0,False,False
margin,UTEP,margin_stat_percentile,109,0,False,False
margin,Purdue,margin_stat_percentile,110,0,False,False
margin,Oregon State,margin_stat_percentile,111,0,False,False
margin,UCLA,margin_stat_percentile,112,0,False,False
margin,Ball State,margin_stat_percentile,113,0,False,False
margin,Central Michigan,margin_stat_percentile,114,0,False,False
margin,App State,margin_stat_percentile,115,0,False,False
margin,Stanford,margin_stat_percentile,116,0,False,False
margin,Army,margin_stat_percentile,117,0,False,False
margin,Rutgers,margin_stat_percentile,118,0,False,False
margin,UCF,margin_stat_percentile,119,0,False,False
margin,New Mexico State,margin_stat_percentile,120,0,False,False
margin,Mississippi State,margin_stat_percentile,121,0,False,False
margin,Georgia State,margin_stat_percentile,122,0,False,False
margin,Wyoming,margin_stat_percentile,123,0,False,False
margin,Temple,margin_stat_percentile,124,0,False,False
margin,Sam Houston,margin_stat_percentile,125,0,False,False
margin,UL Monroe,margin_stat_percentile,126,0,False,False
margin,Missouri State,margin_stat_percentile,127,0,False,False
margin,Coastal Carolina,margin_stat_percentile,128,0,False,False
margin,Colorado State,margin_stat_percentile,129,0,False,False
margin,Florida International,margin_stat_percentile,130,0,False,False
margin,Akron,margin_stat_percentile,131,0,False,False
margin,San José State,margin_stat_percentile,132,0,False,False
margin,Middle Tennessee,margin_stat_percentile,133,0,False,False
margin,Troy,margin_stat_percentile,134,0,False,False
margin,Rice,margin_stat_percentile,135,0,False,False
margin,Colorado,margin_stat_percentile,136,0,False,False
margin,Massachusetts,margin_stat_percentile,137,0,False,False
margin,Charlotte,margin_stat_percentile,138,0,False,False
margin,Oregon,margin_structured_neural_structured_mlp,1,25,True,True
margin,Ohio State,margin_structured_neural_structured_mlp,2,24,True,False
margin,Iowa,margin_structured_neural_structured_mlp,3,23,True,False
margin,Oklahoma,margin_structured_neural_structured_mlp,4,22,True,False
margin,BYU,margin_structured_neural_structured_mlp,5,21,True,False
margin,Michigan,margin_structured_neural_structured_mlp,6,20,True,False
margin,Texas A&M,margin_structured_neural_structured_mlp,7,19,True,False
margin,USC,margin_structured_neural_structured_mlp,8,18,True,False
margin,Northwestern,margin_structured_neural_structured_mlp,9,17,True,False
margin,Miami,margin_structured_neural_structured_mlp,10,16,True,False
margin,Vanderbilt,margin_structured_neural_structured_mlp,11,15,True,False
margin,Notre Dame,margin_structured_neural_structured_mlp,12,14,True,False
margin,Indiana,margin_structured_neural_structured_mlp,13,13,True,False
margin,Utah,margin_structured_neural_structured_mlp,14,12,True,False
margin,Florida State,margin_structured_neural_structured_mlp,15,11,True,False
margin,Missouri,margin_structured_neural_structured_mlp,16,10,True,False
margin,South Carolina,margin_structured_neural_structured_mlp,17,9,True,False
margin,Nebraska,margin_structured_neural_structured_mlp,18,8,True,False
margin,Washington,margin_structured_neural_structured_mlp,19,7,True,False
margin,Texas State,margin_structured_neural_structured_mlp,20,6,True,False
margin,Georgia,margin_structured_neural_structured_mlp,21,5,True,False
margin,Delaware,margin_structured_neural_structured_mlp,22,4,True,False
margin,Texas Tech,margin_structured_neural_structured_mlp,23,3,True,False
margin,LSU,margin_structured_neural_structured_mlp,24,2,True,False
margin,Baylor,margin_structured_neural_structured_mlp,25,1,True,False
margin,East Carolina,margin_structured_neural_structured_mlp,26,0,False,False
margin,San Diego State,margin_structured_neural_structured_mlp,27,0,False,False
margin,Western Michigan,margin_structured_neural_structured_mlp,28,0,False,False
margin,Boise State,margin_structured_neural_structured_mlp,29,0,False,False
margin,Navy,margin_structured_neural_structured_mlp,30,0,False,False
margin,Toledo,margin_structured_neural_structured_mlp,31,0,False,False
margin,Washington State,margin_structured_neural_structured_mlp,32,0,False,False
margin,Clemson,margin_structured_neural_structured_mlp,33,0,False,False
margin,Central Michigan,margin_structured_neural_structured_mlp,34,0,False,False
margin,Tennessee,margin_structured_neural_structured_mlp,35,0,False,False
margin,Air Force,margin_structured_neural_structured_mlp,36,0,False,False
margin,North Texas,margin_structured_neural_structured_mlp,37,0,False,False
margin,Ohio,margin_structured_neural_structured_mlp,38,0,False,False
margin,Houston,margin_structured_neural_structured_mlp,39,0,False,False
margin,Ole Miss,margin_structured_neural_structured_mlp,40,0,False,False
margin,Florida,margin_structured_neural_structured_mlp,41,0,False,False
margin,Arizona,margin_structured_neural_structured_mlp,42,0,False,False
margin,Alabama,margin_structured_neural_structured_mlp,43,0,False,False
margin,Tulane,margin_structured_neural_structured_mlp,44,0,False,False
margin,Marshall,margin_structured_neural_structured_mlp,45,0,False,False
margin,Texas,margin_structured_neural_structured_mlp,46,0,False,False
margin,James Madison,margin_structured_neural_structured_mlp,47,0,False,False
margin,Duke,margin_structured_neural_structured_mlp,48,0,False,False
margin,Auburn,margin_structured_neural_structured_mlp,49,0,False,False
margin,UNLV,margin_structured_neural_structured_mlp,50,0,False,False
margin,New Mexico,margin_structured_neural_structured_mlp,51,0,False,False
margin,South Florida,margin_structured_neural_structured_mlp,52,0,False,False
margin,Arizona State,margin_structured_neural_structured_mlp,53,0,False,False
margin,App State,margin_structured_neural_structured_mlp,54,0,False,False
margin,Cincinnati,margin_structured_neural_structured_mlp,55,0,False,False
margin,Fresno State,margin_structured_neural_structured_mlp,56,0,False,False
margin,Georgia Southern,margin_structured_neural_structured_mlp,57,0,False,False
margin,Georgia State,margin_structured_neural_structured_mlp,58,0,False,False
margin,Georgia Tech,margin_structured_neural_structured_mlp,59,0,False,False
margin,Illinois,margin_structured_neural_structured_mlp,60,0,False,False
margin,Iowa State,margin_structured_neural_structured_mlp,61,0,False,False
margin,Kansas,margin_structured_neural_structured_mlp,62,0,False,False
margin,Kansas State,margin_structured_neural_structured_mlp,63,0,False,False
margin,Kennesaw State,margin_structured_neural_structured_mlp,64,0,False,False
margin,Kentucky,margin_structured_neural_structured_mlp,65,0,False,False
margin,Louisiana,margin_structured_neural_structured_mlp,66,0,False,False
margin,Louisiana Tech,margin_structured_neural_structured_mlp,67,0,False,False
margin,Louisville,margin_structured_neural_structured_mlp,68,0,False,False
margin,Maryland,margin_structured_neural_structured_mlp,69,0,False,False
margin,Memphis,margin_structured_neural_structured_mlp,70,0,False,False
margin,Miami (OH),margin_structured_neural_structured_mlp,71,0,False,False
margin,Michigan State,margin_structured_neural_structured_mlp,72,0,False,False
margin,Middle Tennessee,margin_structured_neural_structured_mlp,73,0,False,False
margin,Minnesota,margin_structured_neural_structured_mlp,74,0,False,False
margin,Mississippi State,margin_structured_neural_structured_mlp,75,0,False,False
margin,NC State,margin_structured_neural_structured_mlp,76,0,False,False
margin,New Mexico State,margin_structured_neural_structured_mlp,77,0,False,False
margin,North Carolina,margin_structured_neural_structured_mlp,78,0,False,False
margin,Northern Illinois,margin_structured_neural_structured_mlp,79,0,False,False
margin,Penn State,margin_structured_neural_structured_mlp,80,0,False,False
margin,Purdue,margin_structured_neural_structured_mlp,81,0,False,False
margin,SMU,margin_structured_neural_structured_mlp,82,0,False,False
margin,San José State,margin_structured_neural_structured_mlp,83,0,False,False
margin,Southern Miss,margin_structured_neural_structured_mlp,84,0,False,False
margin,Syracuse,margin_structured_neural_structured_mlp,85,0,False,False
margin,TCU,margin_structured_neural_structured_mlp,86,0,False,False
margin,Troy,margin_structured_neural_structured_mlp,87,0,False,False
margin,UTSA,margin_structured_neural_structured_mlp,88,0,False,False
margin,Virginia,margin_structured_neural_structured_mlp,89,0,False,False
margin,Virginia Tech,margin_structured_neural_structured_mlp,90,0,False,False
margin,Wake Forest,margin_structured_neural_structured_mlp,91,0,False,False
margin,Western Kentucky,margin_structured_neural_structured_mlp,92,0,False,False
margin,California,margin_structured_neural_structured_mlp,93,0,False,False
margin,Pittsburgh,margin_structured_neural_structured_mlp,94,0,False,False
margin,Liberty,margin_structured_neural_structured_mlp,95,0,False,False
margin,UConn,margin_structured_neural_structured_mlp,96,0,False,False
margin,Temple,margin_structured_neural_structured_mlp,97,0,False,False
margin,North Dakota State,margin_structured_neural_structured_mlp,98,0,False,False
margin,Sacramento State,margin_structured_neural_structured_mlp,99,0,False,False
margin,South Alabama,margin_structured_neural_structured_mlp,100,0,False,False
margin,Hawai'i,margin_structured_neural_structured_mlp,101,0,False,False
margin,UAB,margin_structured_neural_structured_mlp,102,0,False,False
margin,Rice,margin_structured_neural_structured_mlp,103,0,False,False
margin,Florida International,margin_structured_neural_structured_mlp,104,0,False,False
margin,Florida Atlantic,margin_structured_neural_structured_mlp,105,0,False,False
margin,Arkansas State,margin_structured_neural_structured_mlp,106,0,False,False
margin,Kent State,margin_structured_neural_structured_mlp,107,0,False,False
margin,Oregon State,margin_structured_neural_structured_mlp,108,0,False,False
margin,UCF,margin_structured_neural_structured_mlp,109,0,False,False
margin,Tulsa,margin_structured_neural_structured_mlp,110,0,False,False
margin,Buffalo,margin_structured_neural_structured_mlp,111,0,False,False
margin,Bowling Green,margin_structured_neural_structured_mlp,112,0,False,False
margin,Nevada,margin_structured_neural_structured_mlp,113,0,False,False
margin,Ball State,margin_structured_neural_structured_mlp,114,0,False,False
margin,Rutgers,margin_structured_neural_structured_mlp,115,0,False,False
margin,UL Monroe,margin_structured_neural_structured_mlp,116,0,False,False
margin,Utah State,margin_structured_neural_structured_mlp,117,0,False,False
margin,Colorado State,margin_structured_neural_structured_mlp,118,0,False,False
margin,Boston College,margin_structured_neural_structured_mlp,119,0,False,False
margin,UCLA,margin_structured_neural_structured_mlp,120,0,False,False
margin,Arkansas,margin_structured_neural_structured_mlp,121,0,False,False
margin,Massachusetts,margin_structured_neural_structured_mlp,122,0,False,False
margin,Charlotte,margin_structured_neural_structured_mlp,123,0,False,False
margin,Akron,margin_structured_neural_structured_mlp,124,0,False,False
margin,Stanford,margin_structured_neural_structured_mlp,125,0,False,False
margin,Jacksonville State,margin_structured_neural_structured_mlp,126,0,False,False
margin,Oklahoma State,margin_structured_neural_structured_mlp,127,0,False,False
margin,Missouri State,margin_structured_neural_structured_mlp,128,0,False,False
margin,Old Dominion,margin_structured_neural_structured_mlp,129,0,False,False
margin,Wisconsin,margin_structured_neural_structured_mlp,130,0,False,False
margin,Coastal Carolina,margin_structured_neural_structured_mlp,131,0,False,False
margin,Colorado,margin_structured_neural_structured_mlp,132,0,False,False
margin,Eastern Michigan,margin_structured_neural_structured_mlp,133,0,False,False
margin,West Virginia,margin_structured_neural_structured_mlp,134,0,False,False
margin,Sam Houston,margin_structured_neural_structured_mlp,135,0,False,False
margin,Army,margin_structured_neural_structured_mlp,136,0,False,False
margin,Wyoming,margin_structured_neural_structured_mlp,137,0,False,False
margin,UTEP,margin_structured_neural_structured_mlp,138,0,False,False
margin,Ohio State,margin_temporal_decay_ridge,1,25,True,True
margin,Oregon,margin_temporal_decay_ridge,2,24,True,False
margin,Georgia,margin_temporal_decay_ridge,3,23,True,False
margin,Texas Tech,margin_temporal_decay_ridge,4,22,True,False
margin,Miami,margin_temporal_decay_ridge,5,21,True,False
margin,Indiana,margin_temporal_decay_ridge,6,20,True,False
margin,Ole Miss,margin_temporal_decay_ridge,7,19,True,False
margin,Texas A&M,margin_temporal_decay_ridge,8,18,True,False
margin,Oklahoma,margin_temporal_decay_ridge,9,17,True,False
margin,Notre Dame,margin_temporal_decay_ridge,10,16,True,False
margin,Alabama,margin_temporal_decay_ridge,11,15,True,False
margin,USC,margin_temporal_decay_ridge,12,14,True,False
margin,Michigan,margin_temporal_decay_ridge,13,13,True,False
margin,Texas,margin_temporal_decay_ridge,14,12,True,False
margin,Tennessee,margin_temporal_decay_ridge,15,11,True,False
margin,Missouri,margin_temporal_decay_ridge,16,10,True,False
margin,BYU,margin_temporal_decay_ridge,17,9,True,False
margin,Utah,margin_temporal_decay_ridge,18,8,True,False
margin,Clemson,margin_temporal_decay_ridge,19,7,True,False
margin,Penn State,margin_temporal_decay_ridge,20,6,True,False
margin,Vanderbilt,margin_temporal_decay_ridge,21,5,True,False
margin,South Florida,margin_temporal_decay_ridge,22,4,True,False
margin,LSU,margin_temporal_decay_ridge,23,3,True,False
margin,Washington,margin_temporal_decay_ridge,24,2,True,False
margin,Iowa,margin_temporal_decay_ridge,25,1,True,False
margin,Illinois,margin_temporal_decay_ridge,26,0,False,False
margin,Louisville,margin_temporal_decay_ridge,27,0,False,False
margin,Auburn,margin_temporal_decay_ridge,28,0,False,False
margin,Tulane,margin_temporal_decay_ridge,29,0,False,False
margin,SMU,margin_temporal_decay_ridge,30,0,False,False
margin,Arizona,margin_temporal_decay_ridge,31,0,False,False
margin,East Carolina,margin_temporal_decay_ridge,32,0,False,False
margin,Florida State,margin_temporal_decay_ridge,33,0,False,False
margin,James Madison,margin_temporal_decay_ridge,34,0,False,False
margin,Florida,margin_temporal_decay_ridge,35,0,False,False
margin,Boise State,margin_temporal_decay_ridge,36,0,False,False
margin,South Carolina,margin_temporal_decay_ridge,37,0,False,False
margin,Arizona State,margin_temporal_decay_ridge,38,0,False,False
margin,Duke,margin_temporal_decay_ridge,39,0,False,False
margin,Toledo,margin_temporal_decay_ridge,40,0,False,False
margin,Iowa State,margin_temporal_decay_ridge,41,0,False,False
margin,Navy,margin_temporal_decay_ridge,42,0,False,False
margin,Georgia Tech,margin_temporal_decay_ridge,43,0,False,False
margin,TCU,margin_temporal_decay_ridge,44,0,False,False
margin,North Texas,margin_temporal_decay_ridge,45,0,False,False
margin,Nebraska,margin_temporal_decay_ridge,46,0,False,False
margin,Texas State,margin_temporal_decay_ridge,47,0,False,False
margin,Virginia,margin_temporal_decay_ridge,48,0,False,False
margin,Wake Forest,margin_temporal_decay_ridge,49,0,False,False
margin,Kansas State,margin_temporal_decay_ridge,50,0,False,False
margin,Baylor,margin_temporal_decay_ridge,51,0,False,False
margin,Washington State,margin_temporal_decay_ridge,52,0,False,False
margin,NC State,margin_temporal_decay_ridge,53,0,False,False
margin,San Diego State,margin_temporal_decay_ridge,54,0,False,False
margin,Houston,margin_temporal_decay_ridge,55,0,False,False
margin,Northwestern,margin_temporal_decay_ridge,56,0,False,False
margin,UNLV,margin_temporal_decay_ridge,57,0,False,False
margin,Rutgers,margin_temporal_decay_ridge,58,0,False,False
margin,Old Dominion,margin_temporal_decay_ridge,59,0,False,False
margin,Cincinnati,margin_temporal_decay_ridge,60,0,False,False
margin,Air Force,margin_temporal_decay_ridge,61,0,False,False
margin,Memphis,margin_temporal_decay_ridge,62,0,False,False
margin,Arkansas,margin_temporal_decay_ridge,63,0,False,False
margin,Western Michigan,margin_temporal_decay_ridge,64,0,False,False
margin,California,margin_temporal_decay_ridge,65,0,False,False
margin,Kansas,margin_temporal_decay_ridge,66,0,False,False
margin,Pittsburgh,margin_temporal_decay_ridge,67,0,False,False
margin,Marshall,margin_temporal_decay_ridge,68,0,False,False
margin,Western Kentucky,margin_temporal_decay_ridge,69,0,False,False
margin,Minnesota,margin_temporal_decay_ridge,70,0,False,False
margin,New Mexico,margin_temporal_decay_ridge,71,0,False,False
margin,UTSA,margin_temporal_decay_ridge,72,0,False,False
margin,Stanford,margin_temporal_decay_ridge,73,0,False,False
margin,Ohio,margin_temporal_decay_ridge,74,0,False,False
margin,Fresno State,margin_temporal_decay_ridge,75,0,False,False
margin,Kentucky,margin_temporal_decay_ridge,76,0,False,False
margin,Utah State,margin_temporal_decay_ridge,77,0,False,False
margin,Jacksonville State,margin_temporal_decay_ridge,78,0,False,False
margin,Central Michigan,margin_temporal_decay_ridge,79,0,False,False
margin,North Carolina,margin_temporal_decay_ridge,80,0,False,False
margin,Southern Miss,margin_temporal_decay_ridge,81,0,False,False
margin,Wisconsin,margin_temporal_decay_ridge,82,0,False,False
margin,UCF,margin_temporal_decay_ridge,83,0,False,False
margin,Michigan State,margin_temporal_decay_ridge,84,0,False,False
margin,Mississippi State,margin_temporal_decay_ridge,85,0,False,False
margin,Kennesaw State,margin_temporal_decay_ridge,86,0,False,False
margin,App State,margin_temporal_decay_ridge,87,0,False,False
margin,UConn,margin_temporal_decay_ridge,88,0,False,False
margin,Boston College,margin_temporal_decay_ridge,89,0,False,False
margin,UCLA,margin_temporal_decay_ridge,90,0,False,False
margin,Florida International,margin_temporal_decay_ridge,91,0,False,False
margin,Miami (OH),margin_temporal_decay_ridge,92,0,False,False
margin,Maryland,margin_temporal_decay_ridge,93,0,False,False
margin,Virginia Tech,margin_temporal_decay_ridge,94,0,False,False
margin,Liberty,margin_temporal_decay_ridge,95,0,False,False
margin,Colorado,margin_temporal_decay_ridge,96,0,False,False
margin,West Virginia,margin_temporal_decay_ridge,97,0,False,False
margin,Georgia Southern,margin_temporal_decay_ridge,98,0,False,False
margin,South Alabama,margin_temporal_decay_ridge,99,0,False,False
margin,Hawai'i,margin_temporal_decay_ridge,100,0,False,False
margin,Delaware,margin_temporal_decay_ridge,101,0,False,False
margin,Syracuse,margin_temporal_decay_ridge,102,0,False,False
margin,Tulsa,margin_temporal_decay_ridge,103,0,False,False
margin,Oregon State,margin_temporal_decay_ridge,104,0,False,False
margin,Louisiana Tech,margin_temporal_decay_ridge,105,0,False,False
margin,Kent State,margin_temporal_decay_ridge,106,0,False,False
margin,Troy,margin_temporal_decay_ridge,107,0,False,False
margin,Florida Atlantic,margin_temporal_decay_ridge,108,0,False,False
margin,Louisiana,margin_temporal_decay_ridge,109,0,False,False
margin,Bowling Green,margin_temporal_decay_ridge,110,0,False,False
margin,Arkansas State,margin_temporal_decay_ridge,111,0,False,False
margin,Purdue,margin_temporal_decay_ridge,112,0,False,False
margin,Sacramento State,margin_temporal_decay_ridge,113,0,False,False
margin,North Dakota State,margin_temporal_decay_ridge,114,0,False,False
margin,Eastern Michigan,margin_temporal_decay_ridge,115,0,False,False
margin,Missouri State,margin_temporal_decay_ridge,116,0,False,False
margin,Oklahoma State,margin_temporal_decay_ridge,117,0,False,False
margin,Temple,margin_temporal_decay_ridge,118,0,False,False
margin,Akron,margin_temporal_decay_ridge,119,0,False,False
margin,Army,margin_temporal_decay_ridge,120,0,False,False
margin,Buffalo,margin_temporal_decay_ridge,121,0,False,False
margin,Middle Tennessee,margin_temporal_decay_ridge,122,0,False,False
margin,UAB,margin_temporal_decay_ridge,123,0,False,False
margin,Colorado State,margin_temporal_decay_ridge,124,0,False,False
margin,Wyoming,margin_temporal_decay_ridge,125,0,False,False
margin,Georgia State,margin_temporal_decay_ridge,126,0,False,False
margin,Northern Illinois,margin_temporal_decay_ridge,127,0,False,False
margin,Nevada,margin_temporal_decay_ridge,128,0,False,False
margin,New Mexico State,margin_temporal_decay_ridge,129,0,False,False
margin,Coastal Carolina,margin_temporal_decay_ridge,130,0,False,False
margin,San José State,margin_temporal_decay_ridge,131,0,False,False
margin,UL Monroe,margin_temporal_decay_ridge,132,0,False,False
margin,Ball State,margin_temporal_decay_ridge,133,0,False,False
margin,Rice,margin_temporal_decay_ridge,134,0,False,False
margin,UTEP,margin_temporal_decay_ridge,135,0,False,False
margin,Sam Houston,margin_temporal_decay_ridge,136,0,False,False
margin,Massachusetts,margin_temporal_decay_ridge,137,0,False,False
margin,Charlotte,margin_temporal_decay_ridge,138,0,False,False
margin,Ohio State,margin_temporal_temporal_hist_gradient_boosted,1,25,True,True
margin,Oregon,margin_temporal_temporal_hist_gradient_boosted,2,24,True,False
margin,Georgia,margin_temporal_temporal_hist_gradient_boosted,3,23,True,False
margin,Indiana,margin_temporal_temporal_hist_gradient_boosted,4,22,True,False
margin,Texas Tech,margin_temporal_temporal_hist_gradient_boosted,5,21,True,False
margin,Notre Dame,margin_temporal_temporal_hist_gradient_boosted,6,20,True,False
margin,Texas A&M,margin_temporal_temporal_hist_gradient_boosted,7,19,True,False
margin,Miami,margin_temporal_temporal_hist_gradient_boosted,8,18,True,False
margin,Utah,margin_temporal_temporal_hist_gradient_boosted,9,17,True,False
margin,Oklahoma,margin_temporal_temporal_hist_gradient_boosted,10,16,True,False
margin,Alabama,margin_temporal_temporal_hist_gradient_boosted,11,15,True,False
margin,Ole Miss,margin_temporal_temporal_hist_gradient_boosted,12,14,True,False
margin,USC,margin_temporal_temporal_hist_gradient_boosted,13,13,True,False
margin,Texas,margin_temporal_temporal_hist_gradient_boosted,14,12,True,False
margin,Clemson,margin_temporal_temporal_hist_gradient_boosted,15,11,True,False
margin,Michigan,margin_temporal_temporal_hist_gradient_boosted,16,10,True,False
margin,Penn State,margin_temporal_temporal_hist_gradient_boosted,17,9,True,False
margin,Missouri,margin_temporal_temporal_hist_gradient_boosted,18,8,True,False
margin,Tennessee,margin_temporal_temporal_hist_gradient_boosted,19,7,True,False
margin,James Madison,margin_temporal_temporal_hist_gradient_boosted,20,6,True,False
margin,BYU,margin_temporal_temporal_hist_gradient_boosted,21,5,True,False
margin,Florida State,margin_temporal_temporal_hist_gradient_boosted,22,4,True,False
margin,Washington,margin_temporal_temporal_hist_gradient_boosted,23,3,True,False
margin,Vanderbilt,margin_temporal_temporal_hist_gradient_boosted,24,2,True,False
margin,Louisville,margin_temporal_temporal_hist_gradient_boosted,25,1,True,False
margin,LSU,margin_temporal_temporal_hist_gradient_boosted,26,0,False,False
margin,Auburn,margin_temporal_temporal_hist_gradient_boosted,27,0,False,False
margin,Iowa,margin_temporal_temporal_hist_gradient_boosted,28,0,False,False
margin,Toledo,margin_temporal_temporal_hist_gradient_boosted,29,0,False,False
margin,SMU,margin_temporal_temporal_hist_gradient_boosted,30,0,False,False
margin,South Florida,margin_temporal_temporal_hist_gradient_boosted,31,0,False,False
margin,East Carolina,margin_temporal_temporal_hist_gradient_boosted,32,0,False,False
margin,TCU,margin_temporal_temporal_hist_gradient_boosted,33,0,False,False
margin,Boise State,margin_temporal_temporal_hist_gradient_boosted,34,0,False,False
margin,Nebraska,margin_temporal_temporal_hist_gradient_boosted,35,0,False,False
margin,Illinois,margin_temporal_temporal_hist_gradient_boosted,36,0,False,False
margin,Tulane,margin_temporal_temporal_hist_gradient_boosted,37,0,False,False
margin,Iowa State,margin_temporal_temporal_hist_gradient_boosted,38,0,False,False
margin,Duke,margin_temporal_temporal_hist_gradient_boosted,39,0,False,False
margin,UNLV,margin_temporal_temporal_hist_gradient_boosted,40,0,False,False
margin,Arizona,margin_temporal_temporal_hist_gradient_boosted,41,0,False,False
margin,Pittsburgh,margin_temporal_temporal_hist_gradient_boosted,42,0,False,False
margin,Georgia Tech,margin_temporal_temporal_hist_gradient_boosted,43,0,False,False
margin,Wake Forest,margin_temporal_temporal_hist_gradient_boosted,44,0,False,False
margin,Cincinnati,margin_temporal_temporal_hist_gradient_boosted,45,0,False,False
margin,North Texas,margin_temporal_temporal_hist_gradient_boosted,46,0,False,False
margin,Kansas State,margin_temporal_temporal_hist_gradient_boosted,47,0,False,False
margin,San Diego State,margin_temporal_temporal_hist_gradient_boosted,48,0,False,False
margin,Florida,margin_temporal_temporal_hist_gradient_boosted,49,0,False,False
margin,UTSA,margin_temporal_temporal_hist_gradient_boosted,50,0,False,False
margin,Memphis,margin_temporal_temporal_hist_gradient_boosted,51,0,False,False
margin,Texas State,margin_temporal_temporal_hist_gradient_boosted,52,0,False,False
margin,Houston,margin_temporal_temporal_hist_gradient_boosted,53,0,False,False
margin,NC State,margin_temporal_temporal_hist_gradient_boosted,54,0,False,False
margin,Navy,margin_temporal_temporal_hist_gradient_boosted,55,0,False,False
margin,Jacksonville State,margin_temporal_temporal_hist_gradient_boosted,56,0,False,False
margin,Virginia,margin_temporal_temporal_hist_gradient_boosted,57,0,False,False
margin,Old Dominion,margin_temporal_temporal_hist_gradient_boosted,58,0,False,False
margin,Western Kentucky,margin_temporal_temporal_hist_gradient_boosted,59,0,False,False
margin,Northwestern,margin_temporal_temporal_hist_gradient_boosted,60,0,False,False
margin,Kennesaw State,margin_temporal_temporal_hist_gradient_boosted,61,0,False,False
margin,South Carolina,margin_temporal_temporal_hist_gradient_boosted,62,0,False,False
margin,UConn,margin_temporal_temporal_hist_gradient_boosted,63,0,False,False
margin,Ohio,margin_temporal_temporal_hist_gradient_boosted,64,0,False,False
margin,Utah State,margin_temporal_temporal_hist_gradient_boosted,65,0,False,False
margin,Arkansas,margin_temporal_temporal_hist_gradient_boosted,66,0,False,False
margin,New Mexico,margin_temporal_temporal_hist_gradient_boosted,67,0,False,False
margin,Arizona State,margin_temporal_temporal_hist_gradient_boosted,68,0,False,False
margin,Washington State,margin_temporal_temporal_hist_gradient_boosted,69,0,False,False
margin,Baylor,margin_temporal_temporal_hist_gradient_boosted,70,0,False,False
margin,Southern Miss,margin_temporal_temporal_hist_gradient_boosted,71,0,False,False
margin,Western Michigan,margin_temporal_temporal_hist_gradient_boosted,72,0,False,False
margin,Minnesota,margin_temporal_temporal_hist_gradient_boosted,73,0,False,False
margin,Florida International,margin_temporal_temporal_hist_gradient_boosted,74,0,False,False
margin,UCF,margin_temporal_temporal_hist_gradient_boosted,75,0,False,False
margin,Rutgers,margin_temporal_temporal_hist_gradient_boosted,76,0,False,False
margin,Louisiana Tech,margin_temporal_temporal_hist_gradient_boosted,77,0,False,False
margin,Marshall,margin_temporal_temporal_hist_gradient_boosted,78,0,False,False
margin,Fresno State,margin_temporal_temporal_hist_gradient_boosted,79,0,False,False
margin,Air Force,margin_temporal_temporal_hist_gradient_boosted,80,0,False,False
margin,Hawai'i,margin_temporal_temporal_hist_gradient_boosted,81,0,False,False
margin,Kentucky,margin_temporal_temporal_hist_gradient_boosted,82,0,False,False
margin,California,margin_temporal_temporal_hist_gradient_boosted,83,0,False,False
margin,Mississippi State,margin_temporal_temporal_hist_gradient_boosted,84,0,False,False
margin,North Carolina,margin_temporal_temporal_hist_gradient_boosted,85,0,False,False
margin,Central Michigan,margin_temporal_temporal_hist_gradient_boosted,86,0,False,False
margin,Miami (OH),margin_temporal_temporal_hist_gradient_boosted,87,0,False,False
margin,Michigan State,margin_temporal_temporal_hist_gradient_boosted,88,0,False,False
margin,Virginia Tech,margin_temporal_temporal_hist_gradient_boosted,89,0,False,False
margin,Wisconsin,margin_temporal_temporal_hist_gradient_boosted,90,0,False,False
margin,Kansas,margin_temporal_temporal_hist_gradient_boosted,91,0,False,False
margin,South Alabama,margin_temporal_temporal_hist_gradient_boosted,92,0,False,False
margin,Maryland,margin_temporal_temporal_hist_gradient_boosted,93,0,False,False
margin,Troy,margin_temporal_temporal_hist_gradient_boosted,94,0,False,False
margin,Sacramento State,margin_temporal_temporal_hist_gradient_boosted,95,0,False,False
margin,UCLA,margin_temporal_temporal_hist_gradient_boosted,96,0,False,False
margin,Tulsa,margin_temporal_temporal_hist_gradient_boosted,97,0,False,False
margin,Florida Atlantic,margin_temporal_temporal_hist_gradient_boosted,98,0,False,False
margin,Stanford,margin_temporal_temporal_hist_gradient_boosted,99,0,False,False
margin,Boston College,margin_temporal_temporal_hist_gradient_boosted,100,0,False,False
margin,Arkansas State,margin_temporal_temporal_hist_gradient_boosted,101,0,False,False
margin,Liberty,margin_temporal_temporal_hist_gradient_boosted,102,0,False,False
margin,Army,margin_temporal_temporal_hist_gradient_boosted,103,0,False,False
margin,West Virginia,margin_temporal_temporal_hist_gradient_boosted,104,0,False,False
margin,Eastern Michigan,margin_temporal_temporal_hist_gradient_boosted,105,0,False,False
margin,Temple,margin_temporal_temporal_hist_gradient_boosted,106,0,False,False
margin,Delaware,margin_temporal_temporal_hist_gradient_boosted,107,0,False,False
margin,Oregon State,margin_temporal_temporal_hist_gradient_boosted,108,0,False,False
margin,North Dakota State,margin_temporal_temporal_hist_gradient_boosted,109,0,False,False
margin,Louisiana,margin_temporal_temporal_hist_gradient_boosted,110,0,False,False
margin,Missouri State,margin_temporal_temporal_hist_gradient_boosted,111,0,False,False
margin,Purdue,margin_temporal_temporal_hist_gradient_boosted,112,0,False,False
margin,Georgia Southern,margin_temporal_temporal_hist_gradient_boosted,113,0,False,False
margin,Colorado,margin_temporal_temporal_hist_gradient_boosted,114,0,False,False
margin,Buffalo,margin_temporal_temporal_hist_gradient_boosted,115,0,False,False
margin,Akron,margin_temporal_temporal_hist_gradient_boosted,116,0,False,False
margin,UAB,margin_temporal_temporal_hist_gradient_boosted,117,0,False,False
margin,App State,margin_temporal_temporal_hist_gradient_boosted,118,0,False,False
margin,San José State,margin_temporal_temporal_hist_gradient_boosted,119,0,False,False
margin,Bowling Green,margin_temporal_temporal_hist_gradient_boosted,120,0,False,False
margin,Middle Tennessee,margin_temporal_temporal_hist_gradient_boosted,121,0,False,False
margin,Syracuse,margin_temporal_temporal_hist_gradient_boosted,122,0,False,False
margin,Kent State,margin_temporal_temporal_hist_gradient_boosted,123,0,False,False
margin,Rice,margin_temporal_temporal_hist_gradient_boosted,124,0,False,False
margin,Wyoming,margin_temporal_temporal_hist_gradient_boosted,125,0,False,False
margin,Oklahoma State,margin_temporal_temporal_hist_gradient_boosted,126,0,False,False
margin,Coastal Carolina,margin_temporal_temporal_hist_gradient_boosted,127,0,False,False
margin,UL Monroe,margin_temporal_temporal_hist_gradient_boosted,128,0,False,False
margin,Colorado State,margin_temporal_temporal_hist_gradient_boosted,129,0,False,False
margin,Georgia State,margin_temporal_temporal_hist_gradient_boosted,130,0,False,False
margin,New Mexico State,margin_temporal_temporal_hist_gradient_boosted,131,0,False,False
margin,Nevada,margin_temporal_temporal_hist_gradient_boosted,132,0,False,False
margin,Northern Illinois,margin_temporal_temporal_hist_gradient_boosted,133,0,False,False
margin,Ball State,margin_temporal_temporal_hist_gradient_boosted,134,0,False,False
margin,Charlotte,margin_temporal_temporal_hist_gradient_boosted,135,0,False,False
margin,UTEP,margin_temporal_temporal_hist_gradient_boosted,136,0,False,False
margin,Sam Houston,margin_temporal_temporal_hist_gradient_boosted,137,0,False,False
margin,Massachusetts,margin_temporal_temporal_hist_gradient_boosted,138,0,False,False
margin,Ohio State,margin_temporal_temporal_random_forest,1,25,True,True
margin,Oregon,margin_temporal_temporal_random_forest,2,24,True,False
margin,Indiana,margin_temporal_temporal_random_forest,3,23,True,False
margin,Texas Tech,margin_temporal_temporal_random_forest,4,22,True,False
margin,Notre Dame,margin_temporal_temporal_random_forest,5,21,True,False
margin,Georgia,margin_temporal_temporal_random_forest,6,20,True,False
margin,Texas A&M,margin_temporal_temporal_random_forest,7,19,True,False
margin,Ole Miss,margin_temporal_temporal_random_forest,8,18,True,False
margin,Miami,margin_temporal_temporal_random_forest,9,17,True,False
margin,Oklahoma,margin_temporal_temporal_random_forest,10,16,True,False
margin,Alabama,margin_temporal_temporal_random_forest,11,15,True,False
margin,Penn State,margin_temporal_temporal_random_forest,12,14,True,False
margin,USC,margin_temporal_temporal_random_forest,13,13,True,False
margin,Clemson,margin_temporal_temporal_random_forest,14,12,True,False
margin,Tennessee,margin_temporal_temporal_random_forest,15,11,True,False
margin,Utah,margin_temporal_temporal_random_forest,16,10,True,False
margin,Texas,margin_temporal_temporal_random_forest,17,9,True,False
margin,LSU,margin_temporal_temporal_random_forest,18,8,True,False
margin,Michigan,margin_temporal_temporal_random_forest,19,7,True,False
margin,Missouri,margin_temporal_temporal_random_forest,20,6,True,False
margin,SMU,margin_temporal_temporal_random_forest,21,5,True,False
margin,Auburn,margin_temporal_temporal_random_forest,22,4,True,False
margin,BYU,margin_temporal_temporal_random_forest,23,3,True,False
margin,Washington,margin_temporal_temporal_random_forest,24,2,True,False
margin,Iowa,margin_temporal_temporal_random_forest,25,1,True,False
margin,Florida State,margin_temporal_temporal_random_forest,26,0,False,False
margin,James Madison,margin_temporal_temporal_random_forest,27,0,False,False
margin,Louisville,margin_temporal_temporal_random_forest,28,0,False,False
margin,Vanderbilt,margin_temporal_temporal_random_forest,29,0,False,False
margin,Kansas State,margin_temporal_temporal_random_forest,30,0,False,False
margin,South Florida,margin_temporal_temporal_random_forest,31,0,False,False
margin,Boise State,margin_temporal_temporal_random_forest,32,0,False,False
margin,Iowa State,margin_temporal_temporal_random_forest,33,0,False,False
margin,UNLV,margin_temporal_temporal_random_forest,34,0,False,False
margin,Tulane,margin_temporal_temporal_random_forest,35,0,False,False
margin,Illinois,margin_temporal_temporal_random_forest,36,0,False,False
margin,Duke,margin_temporal_temporal_random_forest,37,0,False,False
margin,TCU,margin_temporal_temporal_random_forest,38,0,False,False
margin,Toledo,margin_temporal_temporal_random_forest,39,0,False,False
margin,Nebraska,margin_temporal_temporal_random_forest,40,0,False,False
margin,Pittsburgh,margin_temporal_temporal_random_forest,41,0,False,False
margin,Wake Forest,margin_temporal_temporal_random_forest,42,0,False,False
margin,Cincinnati,margin_temporal_temporal_random_forest,43,0,False,False
margin,NC State,margin_temporal_temporal_random_forest,44,0,False,False
margin,North Texas,margin_temporal_temporal_random_forest,45,0,False,False
margin,Memphis,margin_temporal_temporal_random_forest,46,0,False,False
margin,Georgia Tech,margin_temporal_temporal_random_forest,47,0,False,False
margin,East Carolina,margin_temporal_temporal_random_forest,48,0,False,False
margin,Navy,margin_temporal_temporal_random_forest,49,0,False,False
margin,Florida,margin_temporal_temporal_random_forest,50,0,False,False
margin,UConn,margin_temporal_temporal_random_forest,51,0,False,False
margin,Texas State,margin_temporal_temporal_random_forest,52,0,False,False
margin,UTSA,margin_temporal_temporal_random_forest,53,0,False,False
margin,Arizona,margin_temporal_temporal_random_forest,54,0,False,False
margin,Fresno State,margin_temporal_temporal_random_forest,55,0,False,False
margin,South Carolina,margin_temporal_temporal_random_forest,56,0,False,False
margin,San Diego State,margin_temporal_temporal_random_forest,57,0,False,False
margin,Houston,margin_temporal_temporal_random_forest,58,0,False,False
margin,Virginia,margin_temporal_temporal_random_forest,59,0,False,False
margin,Kennesaw State,margin_temporal_temporal_random_forest,60,0,False,False
margin,Jacksonville State,margin_temporal_temporal_random_forest,61,0,False,False
margin,Old Dominion,margin_temporal_temporal_random_forest,62,0,False,False
margin,Arizona State,margin_temporal_temporal_random_forest,63,0,False,False
margin,Florida International,margin_temporal_temporal_random_forest,64,0,False,False
margin,Ohio,margin_temporal_temporal_random_forest,65,0,False,False
margin,New Mexico,margin_temporal_temporal_random_forest,66,0,False,False
margin,Washington State,margin_temporal_temporal_random_forest,67,0,False,False
margin,Baylor,margin_temporal_temporal_random_forest,68,0,False,False
margin,Southern Miss,margin_temporal_temporal_random_forest,69,0,False,False
margin,Marshall,margin_temporal_temporal_random_forest,70,0,False,False
margin,Western Kentucky,margin_temporal_temporal_random_forest,71,0,False,False
margin,Northwestern,margin_temporal_temporal_random_forest,72,0,False,False
margin,Louisiana Tech,margin_temporal_temporal_random_forest,73,0,False,False
margin,Arkansas,margin_temporal_temporal_random_forest,74,0,False,False
margin,UCF,margin_temporal_temporal_random_forest,75,0,False,False
margin,Utah State,margin_temporal_temporal_random_forest,76,0,False,False
margin,Air Force,margin_temporal_temporal_random_forest,77,0,False,False
margin,Mississippi State,margin_temporal_temporal_random_forest,78,0,False,False
margin,Minnesota,margin_temporal_temporal_random_forest,79,0,False,False
margin,Rutgers,margin_temporal_temporal_random_forest,80,0,False,False
margin,Kentucky,margin_temporal_temporal_random_forest,81,0,False,False
margin,Western Michigan,margin_temporal_temporal_random_forest,82,0,False,False
margin,Kansas,margin_temporal_temporal_random_forest,83,0,False,False
margin,Central Michigan,margin_temporal_temporal_random_forest,84,0,False,False
margin,Georgia Southern,margin_temporal_temporal_random_forest,85,0,False,False
margin,Wisconsin,margin_temporal_temporal_random_forest,86,0,False,False
margin,California,margin_temporal_temporal_random_forest,87,0,False,False
margin,South Alabama,margin_temporal_temporal_random_forest,88,0,False,False
margin,Delaware,margin_temporal_temporal_random_forest,89,0,False,False
margin,Hawai'i,margin_temporal_temporal_random_forest,90,0,False,False
margin,Liberty,margin_temporal_temporal_random_forest,91,0,False,False
margin,Michigan State,margin_temporal_temporal_random_forest,92,0,False,False
margin,Miami (OH),margin_temporal_temporal_random_forest,93,0,False,False
margin,North Carolina,margin_temporal_temporal_random_forest,94,0,False,False
margin,Boston College,margin_temporal_temporal_random_forest,95,0,False,False
margin,Stanford,margin_temporal_temporal_random_forest,96,0,False,False
margin,Sacramento State,margin_temporal_temporal_random_forest,97,0,False,False
margin,North Dakota State,margin_temporal_temporal_random_forest,98,0,False,False
margin,West Virginia,margin_temporal_temporal_random_forest,99,0,False,False
margin,Army,margin_temporal_temporal_random_forest,100,0,False,False
margin,Arkansas State,margin_temporal_temporal_random_forest,101,0,False,False
margin,Virginia Tech,margin_temporal_temporal_random_forest,102,0,False,False
margin,Louisiana,margin_temporal_temporal_random_forest,103,0,False,False
margin,Tulsa,margin_temporal_temporal_random_forest,104,0,False,False
margin,Akron,margin_temporal_temporal_random_forest,105,0,False,False
margin,Bowling Green,margin_temporal_temporal_random_forest,106,0,False,False
margin,Florida Atlantic,margin_temporal_temporal_random_forest,107,0,False,False
margin,Troy,margin_temporal_temporal_random_forest,108,0,False,False
margin,Missouri State,margin_temporal_temporal_random_forest,109,0,False,False
margin,App State,margin_temporal_temporal_random_forest,110,0,False,False
margin,Oregon State,margin_temporal_temporal_random_forest,111,0,False,False
margin,Buffalo,margin_temporal_temporal_random_forest,112,0,False,False
margin,Maryland,margin_temporal_temporal_random_forest,113,0,False,False
margin,Colorado,margin_temporal_temporal_random_forest,114,0,False,False
margin,Eastern Michigan,margin_temporal_temporal_random_forest,115,0,False,False
margin,Temple,margin_temporal_temporal_random_forest,116,0,False,False
margin,UCLA,margin_temporal_temporal_random_forest,117,0,False,False
margin,Kent State,margin_temporal_temporal_random_forest,118,0,False,False
margin,Middle Tennessee,margin_temporal_temporal_random_forest,119,0,False,False
margin,Syracuse,margin_temporal_temporal_random_forest,120,0,False,False
margin,Purdue,margin_temporal_temporal_random_forest,121,0,False,False
margin,Rice,margin_temporal_temporal_random_forest,122,0,False,False
margin,Wyoming,margin_temporal_temporal_random_forest,123,0,False,False
margin,Northern Illinois,margin_temporal_temporal_random_forest,124,0,False,False
margin,Coastal Carolina,margin_temporal_temporal_random_forest,125,0,False,False
margin,UAB,margin_temporal_temporal_random_forest,126,0,False,False
margin,New Mexico State,margin_temporal_temporal_random_forest,127,0,False,False
margin,Oklahoma State,margin_temporal_temporal_random_forest,128,0,False,False
margin,Nevada,margin_temporal_temporal_random_forest,129,0,False,False
margin,San José State,margin_temporal_temporal_random_forest,130,0,False,False
margin,Colorado State,margin_temporal_temporal_random_forest,131,0,False,False
margin,UL Monroe,margin_temporal_temporal_random_forest,132,0,False,False
margin,UTEP,margin_temporal_temporal_random_forest,133,0,False,False
margin,Ball State,margin_temporal_temporal_random_forest,134,0,False,False
margin,Georgia State,margin_temporal_temporal_random_forest,135,0,False,False
margin,Sam Houston,margin_temporal_temporal_random_forest,136,0,False,False
margin,Charlotte,margin_temporal_temporal_random_forest,137,0,False,False
margin,Massachusetts,margin_temporal_temporal_random_forest,138,0,False,False
margin,Ohio State,margin_temporal_trend_elastic_net,1,25,True,True
margin,Oregon,margin_temporal_trend_elastic_net,2,24,True,False
margin,Georgia,margin_temporal_trend_elastic_net,3,23,True,False
margin,Indiana,margin_temporal_trend_elastic_net,4,22,True,False
margin,Notre Dame,margin_temporal_trend_elastic_net,5,21,True,False
margin,Texas Tech,margin_temporal_trend_elastic_net,6,20,True,False
margin,Miami,margin_temporal_trend_elastic_net,7,19,True,False
margin,Ole Miss,margin_temporal_trend_elastic_net,8,18,True,False
margin,Alabama,margin_temporal_trend_elastic_net,9,17,True,False
margin,Texas A&M,margin_temporal_trend_elastic_net,10,16,True,False
margin,Oklahoma,margin_temporal_trend_elastic_net,11,15,True,False
margin,USC,margin_temporal_trend_elastic_net,12,14,True,False
margin,Utah,margin_temporal_trend_elastic_net,13,13,True,False
margin,Texas,margin_temporal_trend_elastic_net,14,12,True,False
margin,Tennessee,margin_temporal_trend_elastic_net,15,11,True,False
margin,Michigan,margin_temporal_trend_elastic_net,16,10,True,False
margin,Penn State,margin_temporal_trend_elastic_net,17,9,True,False
margin,BYU,margin_temporal_trend_elastic_net,18,8,True,False
margin,Clemson,margin_temporal_trend_elastic_net,19,7,True,False
margin,Missouri,margin_temporal_trend_elastic_net,20,6,True,False
margin,SMU,margin_temporal_trend_elastic_net,21,5,True,False
margin,Iowa,margin_temporal_trend_elastic_net,22,4,True,False
margin,LSU,margin_temporal_trend_elastic_net,23,3,True,False
margin,Florida State,margin_temporal_trend_elastic_net,24,2,True,False
margin,Louisville,margin_temporal_trend_elastic_net,25,1,True,False
margin,Vanderbilt,margin_temporal_trend_elastic_net,26,0,False,False
margin,Washington,margin_temporal_trend_elastic_net,27,0,False,False
margin,Auburn,margin_temporal_trend_elastic_net,28,0,False,False
margin,James Madison,margin_temporal_trend_elastic_net,29,0,False,False
margin,South Florida,margin_temporal_trend_elastic_net,30,0,False,False
margin,Illinois,margin_temporal_trend_elastic_net,31,0,False,False
margin,North Texas,margin_temporal_trend_elastic_net,32,0,False,False
margin,UNLV,margin_temporal_trend_elastic_net,33,0,False,False
margin,TCU,margin_temporal_trend_elastic_net,34,0,False,False
margin,Florida,margin_temporal_trend_elastic_net,35,0,False,False
margin,Tulane,margin_temporal_trend_elastic_net,36,0,False,False
margin,Boise State,margin_temporal_trend_elastic_net,37,0,False,False
margin,Toledo,margin_temporal_trend_elastic_net,38,0,False,False
margin,Arizona,margin_temporal_trend_elastic_net,39,0,False,False
margin,Georgia Tech,margin_temporal_trend_elastic_net,40,0,False,False
margin,Nebraska,margin_temporal_trend_elastic_net,41,0,False,False
margin,Pittsburgh,margin_temporal_trend_elastic_net,42,0,False,False
margin,East Carolina,margin_temporal_trend_elastic_net,43,0,False,False
margin,Iowa State,margin_temporal_trend_elastic_net,44,0,False,False
margin,Arizona State,margin_temporal_trend_elastic_net,45,0,False,False
margin,Memphis,margin_temporal_trend_elastic_net,46,0,False,False
margin,NC State,margin_temporal_trend_elastic_net,47,0,False,False
margin,Navy,margin_temporal_trend_elastic_net,48,0,False,False
margin,South Carolina,margin_temporal_trend_elastic_net,49,0,False,False
margin,Duke,margin_temporal_trend_elastic_net,50,0,False,False
margin,Wake Forest,margin_temporal_trend_elastic_net,51,0,False,False
margin,Virginia,margin_temporal_trend_elastic_net,52,0,False,False
margin,Houston,margin_temporal_trend_elastic_net,53,0,False,False
margin,Kansas State,margin_temporal_trend_elastic_net,54,0,False,False
margin,Cincinnati,margin_temporal_trend_elastic_net,55,0,False,False
margin,San Diego State,margin_temporal_trend_elastic_net,56,0,False,False
margin,UTSA,margin_temporal_trend_elastic_net,57,0,False,False
margin,Minnesota,margin_temporal_trend_elastic_net,58,0,False,False
margin,UConn,margin_temporal_trend_elastic_net,59,0,False,False
margin,Baylor,margin_temporal_trend_elastic_net,60,0,False,False
margin,Texas State,margin_temporal_trend_elastic_net,61,0,False,False
margin,Kentucky,margin_temporal_trend_elastic_net,62,0,False,False
margin,Mississippi State,margin_temporal_trend_elastic_net,63,0,False,False
margin,Arkansas,margin_temporal_trend_elastic_net,64,0,False,False
margin,Western Kentucky,margin_temporal_trend_elastic_net,65,0,False,False
margin,Old Dominion,margin_temporal_trend_elastic_net,66,0,False,False
margin,Northwestern,margin_temporal_trend_elastic_net,67,0,False,False
margin,Fresno State,margin_temporal_trend_elastic_net,68,0,False,False
margin,California,margin_temporal_trend_elastic_net,69,0,False,False
margin,Ohio,margin_temporal_trend_elastic_net,70,0,False,False
margin,Washington State,margin_temporal_trend_elastic_net,71,0,False,False
margin,Marshall,margin_temporal_trend_elastic_net,72,0,False,False
margin,Jacksonville State,margin_temporal_trend_elastic_net,73,0,False,False
margin,Air Force,margin_temporal_trend_elastic_net,74,0,False,False
margin,Wisconsin,margin_temporal_trend_elastic_net,75,0,False,False
margin,Kansas,margin_temporal_trend_elastic_net,76,0,False,False
margin,UCF,margin_temporal_trend_elastic_net,77,0,False,False
margin,Rutgers,margin_temporal_trend_elastic_net,78,0,False,False
margin,Southern Miss,margin_temporal_trend_elastic_net,79,0,False,False
margin,New Mexico,margin_temporal_trend_elastic_net,80,0,False,False
margin,North Carolina,margin_temporal_trend_elastic_net,81,0,False,False
margin,Utah State,margin_temporal_trend_elastic_net,82,0,False,False
margin,Florida International,margin_temporal_trend_elastic_net,83,0,False,False
margin,Western Michigan,margin_temporal_trend_elastic_net,84,0,False,False
margin,Michigan State,margin_temporal_trend_elastic_net,85,0,False,False
margin,Stanford,margin_temporal_trend_elastic_net,86,0,False,False
margin,Central Michigan,margin_temporal_trend_elastic_net,87,0,False,False
margin,Kennesaw State,margin_temporal_trend_elastic_net,88,0,False,False
margin,West Virginia,margin_temporal_trend_elastic_net,89,0,False,False
margin,Liberty,margin_temporal_trend_elastic_net,90,0,False,False
margin,Miami (OH),margin_temporal_trend_elastic_net,91,0,False,False
margin,Boston College,margin_temporal_trend_elastic_net,92,0,False,False
margin,Louisiana Tech,margin_temporal_trend_elastic_net,93,0,False,False
margin,Virginia Tech,margin_temporal_trend_elastic_net,94,0,False,False
margin,Maryland,margin_temporal_trend_elastic_net,95,0,False,False
margin,Georgia Southern,margin_temporal_trend_elastic_net,96,0,False,False
margin,South Alabama,margin_temporal_trend_elastic_net,97,0,False,False
margin,Colorado,margin_temporal_trend_elastic_net,98,0,False,False
margin,Arkansas State,margin_temporal_trend_elastic_net,99,0,False,False
margin,Florida Atlantic,margin_temporal_trend_elastic_net,100,0,False,False
margin,Louisiana,margin_temporal_trend_elastic_net,101,0,False,False
margin,Syracuse,margin_temporal_trend_elastic_net,102,0,False,False
margin,App State,margin_temporal_trend_elastic_net,103,0,False,False
margin,Troy,margin_temporal_trend_elastic_net,104,0,False,False
margin,Purdue,margin_temporal_trend_elastic_net,105,0,False,False
margin,Tulsa,margin_temporal_trend_elastic_net,106,0,False,False
margin,UCLA,margin_temporal_trend_elastic_net,107,0,False,False
margin,Hawai'i,margin_temporal_trend_elastic_net,108,0,False,False
margin,Missouri State,margin_temporal_trend_elastic_net,109,0,False,False
margin,Oregon State,margin_temporal_trend_elastic_net,110,0,False,False
margin,North Dakota State,margin_temporal_trend_elastic_net,111,0,False,False
margin,Oklahoma State,margin_temporal_trend_elastic_net,112,0,False,False
margin,Rice,margin_temporal_trend_elastic_net,113,0,False,False
margin,Sacramento State,margin_temporal_trend_elastic_net,114,0,False,False
margin,Bowling Green,margin_temporal_trend_elastic_net,115,0,False,False
margin,Buffalo,margin_temporal_trend_elastic_net,116,0,False,False
margin,Delaware,margin_temporal_trend_elastic_net,117,0,False,False
margin,Temple,margin_temporal_trend_elastic_net,118,0,False,False
margin,Coastal Carolina,margin_temporal_trend_elastic_net,119,0,False,False
margin,Akron,margin_temporal_trend_elastic_net,120,0,False,False
margin,Eastern Michigan,margin_temporal_trend_elastic_net,121,0,False,False
margin,Kent State,margin_temporal_trend_elastic_net,122,0,False,False
margin,San José State,margin_temporal_trend_elastic_net,123,0,False,False
margin,Middle Tennessee,margin_temporal_trend_elastic_net,124,0,False,False
margin,UAB,margin_temporal_trend_elastic_net,125,0,False,False
margin,Colorado State,margin_temporal_trend_elastic_net,126,0,False,False
margin,Wyoming,margin_temporal_trend_elastic_net,127,0,False,False
margin,Army,margin_temporal_trend_elastic_net,128,0,False,False
margin,Ball State,margin_temporal_trend_elastic_net,129,0,False,False
margin,Nevada,margin_temporal_trend_elastic_net,130,0,False,False
margin,UL Monroe,margin_temporal_trend_elastic_net,131,0,False,False
margin,Northern Illinois,margin_temporal_trend_elastic_net,132,0,False,False
margin,New Mexico State,margin_temporal_trend_elastic_net,133,0,False,False
margin,UTEP,margin_temporal_trend_elastic_net,134,0,False,False
margin,Georgia State,margin_temporal_trend_elastic_net,135,0,False,False
margin,Sam Houston,margin_temporal_trend_elastic_net,136,0,False,False
margin,Charlotte,margin_temporal_trend_elastic_net,137,0,False,False
margin,Massachusetts,margin_temporal_trend_elastic_net,138,0,False,False
margin,Ohio State,margin_tree_extra_trees,1,25,True,True
margin,Oregon,margin_tree_extra_trees,2,24,True,False
margin,Indiana,margin_tree_extra_trees,3,23,True,False
margin,Georgia,margin_tree_extra_trees,4,22,True,False
margin,Notre Dame,margin_tree_extra_trees,5,21,True,False
margin,Texas Tech,margin_tree_extra_trees,6,20,True,False
margin,Miami,margin_tree_extra_trees,7,19,True,False
margin,Alabama,margin_tree_extra_trees,8,18,True,False
margin,Ole Miss,margin_tree_extra_trees,9,17,True,False
margin,Texas A&M,margin_tree_extra_trees,10,16,True,False
margin,Penn State,margin_tree_extra_trees,11,15,True,False
margin,Oklahoma,margin_tree_extra_trees,12,14,True,False
margin,Clemson,margin_tree_extra_trees,13,13,True,False
margin,USC,margin_tree_extra_trees,14,12,True,False
margin,Utah,margin_tree_extra_trees,15,11,True,False
margin,Tennessee,margin_tree_extra_trees,16,10,True,False
margin,Texas,margin_tree_extra_trees,17,9,True,False
margin,Michigan,margin_tree_extra_trees,18,8,True,False
margin,BYU,margin_tree_extra_trees,19,7,True,False
margin,Missouri,margin_tree_extra_trees,20,6,True,False
margin,James Madison,margin_tree_extra_trees,21,5,True,False
margin,SMU,margin_tree_extra_trees,22,4,True,False
margin,LSU,margin_tree_extra_trees,23,3,True,False
margin,Washington,margin_tree_extra_trees,24,2,True,False
margin,Auburn,margin_tree_extra_trees,25,1,True,False
margin,Florida State,margin_tree_extra_trees,26,0,False,False
margin,Vanderbilt,margin_tree_extra_trees,27,0,False,False
margin,South Florida,margin_tree_extra_trees,28,0,False,False
margin,Iowa,margin_tree_extra_trees,29,0,False,False
margin,Toledo,margin_tree_extra_trees,30,0,False,False
margin,North Texas,margin_tree_extra_trees,31,0,False,False
margin,Louisville,margin_tree_extra_trees,32,0,False,False
margin,UNLV,margin_tree_extra_trees,33,0,False,False
margin,Illinois,margin_tree_extra_trees,34,0,False,False
margin,Tulane,margin_tree_extra_trees,35,0,False,False
margin,TCU,margin_tree_extra_trees,36,0,False,False
margin,Boise State,margin_tree_extra_trees,37,0,False,False
margin,East Carolina,margin_tree_extra_trees,38,0,False,False
margin,Iowa State,margin_tree_extra_trees,39,0,False,False
margin,Florida,margin_tree_extra_trees,40,0,False,False
margin,Memphis,margin_tree_extra_trees,41,0,False,False
margin,Cincinnati,margin_tree_extra_trees,42,0,False,False
margin,Navy,margin_tree_extra_trees,43,0,False,False
margin,NC State,margin_tree_extra_trees,44,0,False,False
margin,Duke,margin_tree_extra_trees,45,0,False,False
margin,Kansas State,margin_tree_extra_trees,46,0,False,False
margin,Pittsburgh,margin_tree_extra_trees,47,0,False,False
margin,Nebraska,margin_tree_extra_trees,48,0,False,False
margin,Wake Forest,margin_tree_extra_trees,49,0,False,False
margin,Georgia Tech,margin_tree_extra_trees,50,0,False,False
margin,Arizona,margin_tree_extra_trees,51,0,False,False
margin,South Carolina,margin_tree_extra_trees,52,0,False,False
margin,Texas State,margin_tree_extra_trees,53,0,False,False
margin,UTSA,margin_tree_extra_trees,54,0,False,False
margin,Old Dominion,margin_tree_extra_trees,55,0,False,False
margin,Virginia,margin_tree_extra_trees,56,0,False,False
margin,UConn,margin_tree_extra_trees,57,0,False,False
margin,Houston,margin_tree_extra_trees,58,0,False,False
margin,Arizona State,margin_tree_extra_trees,59,0,False,False
margin,San Diego State,margin_tree_extra_trees,60,0,False,False
margin,Baylor,margin_tree_extra_trees,61,0,False,False
margin,Minnesota,margin_tree_extra_trees,62,0,False,False
margin,Fresno State,margin_tree_extra_trees,63,0,False,False
margin,Western Kentucky,margin_tree_extra_trees,64,0,False,False
margin,Arkansas,margin_tree_extra_trees,65,0,False,False
margin,Jacksonville State,margin_tree_extra_trees,66,0,False,False
margin,Louisiana Tech,margin_tree_extra_trees,67,0,False,False
margin,Kentucky,margin_tree_extra_trees,68,0,False,False
margin,Mississippi State,margin_tree_extra_trees,69,0,False,False
margin,Marshall,margin_tree_extra_trees,70,0,False,False
margin,Kansas,margin_tree_extra_trees,71,0,False,False
margin,Ohio,margin_tree_extra_trees,72,0,False,False
margin,Florida International,margin_tree_extra_trees,73,0,False,False
margin,New Mexico,margin_tree_extra_trees,74,0,False,False
margin,Western Michigan,margin_tree_extra_trees,75,0,False,False
margin,Kennesaw State,margin_tree_extra_trees,76,0,False,False
margin,UCF,margin_tree_extra_trees,77,0,False,False
margin,Southern Miss,margin_tree_extra_trees,78,0,False,False
margin,Northwestern,margin_tree_extra_trees,79,0,False,False
margin,Washington State,margin_tree_extra_trees,80,0,False,False
margin,California,margin_tree_extra_trees,81,0,False,False
margin,Utah State,margin_tree_extra_trees,82,0,False,False
margin,Rutgers,margin_tree_extra_trees,83,0,False,False
margin,Wisconsin,margin_tree_extra_trees,84,0,False,False
margin,Air Force,margin_tree_extra_trees,85,0,False,False
margin,Central Michigan,margin_tree_extra_trees,86,0,False,False
margin,Liberty,margin_tree_extra_trees,87,0,False,False
margin,Hawai'i,margin_tree_extra_trees,88,0,False,False
margin,Miami (OH),margin_tree_extra_trees,89,0,False,False
margin,North Carolina,margin_tree_extra_trees,90,0,False,False
margin,Stanford,margin_tree_extra_trees,91,0,False,False
margin,Michigan State,margin_tree_extra_trees,92,0,False,False
margin,South Alabama,margin_tree_extra_trees,93,0,False,False
margin,West Virginia,margin_tree_extra_trees,94,0,False,False
margin,Delaware,margin_tree_extra_trees,95,0,False,False
margin,Virginia Tech,margin_tree_extra_trees,96,0,False,False
margin,Georgia Southern,margin_tree_extra_trees,97,0,False,False
margin,Louisiana,margin_tree_extra_trees,98,0,False,False
margin,Boston College,margin_tree_extra_trees,99,0,False,False
margin,Maryland,margin_tree_extra_trees,100,0,False,False
margin,Army,margin_tree_extra_trees,101,0,False,False
margin,Missouri State,margin_tree_extra_trees,102,0,False,False
margin,Arkansas State,margin_tree_extra_trees,103,0,False,False
margin,Tulsa,margin_tree_extra_trees,104,0,False,False
margin,Troy,margin_tree_extra_trees,105,0,False,False
margin,Florida Atlantic,margin_tree_extra_trees,106,0,False,False
margin,App State,margin_tree_extra_trees,107,0,False,False
margin,Sacramento State,margin_tree_extra_trees,108,0,False,False
margin,Colorado,margin_tree_extra_trees,109,0,False,False
margin,North Dakota State,margin_tree_extra_trees,110,0,False,False
margin,Buffalo,margin_tree_extra_trees,111,0,False,False
margin,Eastern Michigan,margin_tree_extra_trees,112,0,False,False
margin,Akron,margin_tree_extra_trees,113,0,False,False
margin,Bowling Green,margin_tree_extra_trees,114,0,False,False
margin,UCLA,margin_tree_extra_trees,115,0,False,False
margin,Temple,margin_tree_extra_trees,116,0,False,False
margin,Oregon State,margin_tree_extra_trees,117,0,False,False
margin,Rice,margin_tree_extra_trees,118,0,False,False
margin,Syracuse,margin_tree_extra_trees,119,0,False,False
margin,Kent State,margin_tree_extra_trees,120,0,False,False
margin,Purdue,margin_tree_extra_trees,121,0,False,False
margin,Middle Tennessee,margin_tree_extra_trees,122,0,False,False
margin,UAB,margin_tree_extra_trees,123,0,False,False
margin,San José State,margin_tree_extra_trees,124,0,False,False
margin,Wyoming,margin_tree_extra_trees,125,0,False,False
margin,Coastal Carolina,margin_tree_extra_trees,126,0,False,False
margin,Oklahoma State,margin_tree_extra_trees,127,0,False,False
margin,Northern Illinois,margin_tree_extra_trees,128,0,False,False
margin,New Mexico State,margin_tree_extra_trees,129,0,False,False
margin,Nevada,margin_tree_extra_trees,130,0,False,False
margin,Colorado State,margin_tree_extra_trees,131,0,False,False
margin,UL Monroe,margin_tree_extra_trees,132,0,False,False
margin,Ball State,margin_tree_extra_trees,133,0,False,False
margin,Georgia State,margin_tree_extra_trees,134,0,False,False
margin,UTEP,margin_tree_extra_trees,135,0,False,False
margin,Sam Houston,margin_tree_extra_trees,136,0,False,False
margin,Charlotte,margin_tree_extra_trees,137,0,False,False
margin,Massachusetts,margin_tree_extra_trees,138,0,False,False
margin,Ohio State,margin_tree_gradient_boosted,1,25,True,True
margin,Oregon,margin_tree_gradient_boosted,2,24,True,False
margin,Georgia,margin_tree_gradient_boosted,3,23,True,False
margin,Notre Dame,margin_tree_gradient_boosted,4,22,True,False
margin,Indiana,margin_tree_gradient_boosted,5,21,True,False
margin,Texas Tech,margin_tree_gradient_boosted,6,20,True,False
margin,Miami,margin_tree_gradient_boosted,7,19,True,False
margin,Texas A&M,margin_tree_gradient_boosted,8,18,True,False
margin,Alabama,margin_tree_gradient_boosted,9,17,True,False
margin,Ole Miss,margin_tree_gradient_boosted,10,16,True,False
margin,Oklahoma,margin_tree_gradient_boosted,11,15,True,False
margin,Penn State,margin_tree_gradient_boosted,12,14,True,False
margin,Utah,margin_tree_gradient_boosted,13,13,True,False
margin,Clemson,margin_tree_gradient_boosted,14,12,True,False
margin,Tennessee,margin_tree_gradient_boosted,15,11,True,False
margin,USC,margin_tree_gradient_boosted,16,10,True,False
margin,Michigan,margin_tree_gradient_boosted,17,9,True,False
margin,Texas,margin_tree_gradient_boosted,18,8,True,False
margin,Missouri,margin_tree_gradient_boosted,19,7,True,False
margin,Florida State,margin_tree_gradient_boosted,20,6,True,False
margin,BYU,margin_tree_gradient_boosted,21,5,True,False
margin,LSU,margin_tree_gradient_boosted,22,4,True,False
margin,Iowa,margin_tree_gradient_boosted,23,3,True,False
margin,Auburn,margin_tree_gradient_boosted,24,2,True,False
margin,South Florida,margin_tree_gradient_boosted,25,1,True,False
margin,SMU,margin_tree_gradient_boosted,26,0,False,False
margin,Vanderbilt,margin_tree_gradient_boosted,27,0,False,False
margin,Louisville,margin_tree_gradient_boosted,28,0,False,False
margin,James Madison,margin_tree_gradient_boosted,29,0,False,False
margin,Washington,margin_tree_gradient_boosted,30,0,False,False
margin,Illinois,margin_tree_gradient_boosted,31,0,False,False
margin,Iowa State,margin_tree_gradient_boosted,32,0,False,False
margin,Boise State,margin_tree_gradient_boosted,33,0,False,False
margin,TCU,margin_tree_gradient_boosted,34,0,False,False
margin,Toledo,margin_tree_gradient_boosted,35,0,False,False
margin,Duke,margin_tree_gradient_boosted,36,0,False,False
margin,Kansas State,margin_tree_gradient_boosted,37,0,False,False
margin,Pittsburgh,margin_tree_gradient_boosted,38,0,False,False
margin,Nebraska,margin_tree_gradient_boosted,39,0,False,False
margin,East Carolina,margin_tree_gradient_boosted,40,0,False,False
margin,Memphis,margin_tree_gradient_boosted,41,0,False,False
margin,Tulane,margin_tree_gradient_boosted,42,0,False,False
margin,UNLV,margin_tree_gradient_boosted,43,0,False,False
margin,Cincinnati,margin_tree_gradient_boosted,44,0,False,False
margin,North Texas,margin_tree_gradient_boosted,45,0,False,False
margin,Wake Forest,margin_tree_gradient_boosted,46,0,False,False
margin,Georgia Tech,margin_tree_gradient_boosted,47,0,False,False
margin,Arizona,margin_tree_gradient_boosted,48,0,False,False
margin,UTSA,margin_tree_gradient_boosted,49,0,False,False
margin,Florida,margin_tree_gradient_boosted,50,0,False,False
margin,Texas State,margin_tree_gradient_boosted,51,0,False,False
margin,Navy,margin_tree_gradient_boosted,52,0,False,False
margin,NC State,margin_tree_gradient_boosted,53,0,False,False
margin,Virginia,margin_tree_gradient_boosted,54,0,False,False
margin,San Diego State,margin_tree_gradient_boosted,55,0,False,False
margin,South Carolina,margin_tree_gradient_boosted,56,0,False,False
margin,Old Dominion,margin_tree_gradient_boosted,57,0,False,False
margin,Houston,margin_tree_gradient_boosted,58,0,False,False
margin,Ohio,margin_tree_gradient_boosted,59,0,False,False
margin,Jacksonville State,margin_tree_gradient_boosted,60,0,False,False
margin,New Mexico,margin_tree_gradient_boosted,61,0,False,False
margin,Arkansas,margin_tree_gradient_boosted,62,0,False,False
margin,Fresno State,margin_tree_gradient_boosted,63,0,False,False
margin,Western Michigan,margin_tree_gradient_boosted,64,0,False,False
margin,Arizona State,margin_tree_gradient_boosted,65,0,False,False
margin,Western Kentucky,margin_tree_gradient_boosted,66,0,False,False
margin,Northwestern,margin_tree_gradient_boosted,67,0,False,False
margin,Utah State,margin_tree_gradient_boosted,68,0,False,False
margin,UConn,margin_tree_gradient_boosted,69,0,False,False
margin,Kennesaw State,margin_tree_gradient_boosted,70,0,False,False
margin,Washington State,margin_tree_gradient_boosted,71,0,False,False
margin,Marshall,margin_tree_gradient_boosted,72,0,False,False
margin,Baylor,margin_tree_gradient_boosted,73,0,False,False
margin,Louisiana Tech,margin_tree_gradient_boosted,74,0,False,False
margin,Southern Miss,margin_tree_gradient_boosted,75,0,False,False
margin,Kansas,margin_tree_gradient_boosted,76,0,False,False
margin,Minnesota,margin_tree_gradient_boosted,77,0,False,False
margin,Florida International,margin_tree_gradient_boosted,78,0,False,False
margin,Kentucky,margin_tree_gradient_boosted,79,0,False,False
margin,Mississippi State,margin_tree_gradient_boosted,80,0,False,False
margin,Miami (OH),margin_tree_gradient_boosted,81,0,False,False
margin,Air Force,margin_tree_gradient_boosted,82,0,False,False
margin,Wisconsin,margin_tree_gradient_boosted,83,0,False,False
margin,Liberty,margin_tree_gradient_boosted,84,0,False,False
margin,Rutgers,margin_tree_gradient_boosted,85,0,False,False
margin,UCF,margin_tree_gradient_boosted,86,0,False,False
margin,Central Michigan,margin_tree_gradient_boosted,87,0,False,False
margin,South Alabama,margin_tree_gradient_boosted,88,0,False,False
margin,West Virginia,margin_tree_gradient_boosted,89,0,False,False
margin,California,margin_tree_gradient_boosted,90,0,False,False
margin,Boston College,margin_tree_gradient_boosted,91,0,False,False
margin,Michigan State,margin_tree_gradient_boosted,92,0,False,False
margin,Virginia Tech,margin_tree_gradient_boosted,93,0,False,False
margin,Delaware,margin_tree_gradient_boosted,94,0,False,False
margin,North Carolina,margin_tree_gradient_boosted,95,0,False,False
margin,Hawai'i,margin_tree_gradient_boosted,96,0,False,False
margin,Stanford,margin_tree_gradient_boosted,97,0,False,False
margin,Army,margin_tree_gradient_boosted,98,0,False,False
margin,Tulsa,margin_tree_gradient_boosted,99,0,False,False
margin,Colorado,margin_tree_gradient_boosted,100,0,False,False
margin,Oregon State,margin_tree_gradient_boosted,101,0,False,False
margin,Georgia Southern,margin_tree_gradient_boosted,102,0,False,False
margin,Florida Atlantic,margin_tree_gradient_boosted,103,0,False,False
margin,Maryland,margin_tree_gradient_boosted,104,0,False,False
margin,UCLA,margin_tree_gradient_boosted,105,0,False,False
margin,Troy,margin_tree_gradient_boosted,106,0,False,False
margin,Louisiana,margin_tree_gradient_boosted,107,0,False,False
margin,Arkansas State,margin_tree_gradient_boosted,108,0,False,False
margin,App State,margin_tree_gradient_boosted,109,0,False,False
margin,North Dakota State,margin_tree_gradient_boosted,110,0,False,False
margin,Sacramento State,margin_tree_gradient_boosted,111,0,False,False
margin,Missouri State,margin_tree_gradient_boosted,112,0,False,False
margin,Eastern Michigan,margin_tree_gradient_boosted,113,0,False,False
margin,Bowling Green,margin_tree_gradient_boosted,114,0,False,False
margin,Akron,margin_tree_gradient_boosted,115,0,False,False
margin,Syracuse,margin_tree_gradient_boosted,116,0,False,False
margin,Buffalo,margin_tree_gradient_boosted,117,0,False,False
margin,Temple,margin_tree_gradient_boosted,118,0,False,False
margin,Rice,margin_tree_gradient_boosted,119,0,False,False
margin,Purdue,margin_tree_gradient_boosted,120,0,False,False
margin,Middle Tennessee,margin_tree_gradient_boosted,121,0,False,False
margin,Kent State,margin_tree_gradient_boosted,122,0,False,False
margin,San José State,margin_tree_gradient_boosted,123,0,False,False
margin,Oklahoma State,margin_tree_gradient_boosted,124,0,False,False
margin,Wyoming,margin_tree_gradient_boosted,125,0,False,False
margin,UAB,margin_tree_gradient_boosted,126,0,False,False
margin,Coastal Carolina,margin_tree_gradient_boosted,127,0,False,False
margin,Colorado State,margin_tree_gradient_boosted,128,0,False,False
margin,Nevada,margin_tree_gradient_boosted,129,0,False,False
margin,Northern Illinois,margin_tree_gradient_boosted,130,0,False,False
margin,UL Monroe,margin_tree_gradient_boosted,131,0,False,False
margin,New Mexico State,margin_tree_gradient_boosted,132,0,False,False
margin,Georgia State,margin_tree_gradient_boosted,133,0,False,False
margin,UTEP,margin_tree_gradient_boosted,134,0,False,False
margin,Ball State,margin_tree_gradient_boosted,135,0,False,False
margin,Sam Houston,margin_tree_gradient_boosted,136,0,False,False
margin,Charlotte,margin_tree_gradient_boosted,137,0,False,False
margin,Massachusetts,margin_tree_gradient_boosted,138,0,False,False
margin,Ohio State,margin_tree_random_forest,1,25,True,True
margin,Oregon,margin_tree_random_forest,2,24,True,False
margin,Indiana,margin_tree_random_forest,3,23,True,False
margin,Notre Dame,margin_tree_random_forest,4,22,True,False
margin,Texas Tech,margin_tree_random_forest,5,21,True,False
margin,Georgia,margin_tree_random_forest,6,20,True,False
margin,Miami,margin_tree_random_forest,7,19,True,False
margin,Alabama,margin_tree_random_forest,8,18,True,False
margin,Ole Miss,margin_tree_random_forest,9,17,True,False
margin,Texas A&M,margin_tree_random_forest,10,16,True,False
margin,Penn State,margin_tree_random_forest,11,15,True,False
margin,USC,margin_tree_random_forest,12,14,True,False
margin,Clemson,margin_tree_random_forest,13,13,True,False
margin,Utah,margin_tree_random_forest,14,12,True,False
margin,Oklahoma,margin_tree_random_forest,15,11,True,False
margin,Texas,margin_tree_random_forest,16,10,True,False
margin,Missouri,margin_tree_random_forest,17,9,True,False
margin,James Madison,margin_tree_random_forest,18,8,True,False
margin,Tennessee,margin_tree_random_forest,19,7,True,False
margin,BYU,margin_tree_random_forest,20,6,True,False
margin,Michigan,margin_tree_random_forest,21,5,True,False
margin,SMU,margin_tree_random_forest,22,4,True,False
margin,Washington,margin_tree_random_forest,23,3,True,False
margin,Vanderbilt,margin_tree_random_forest,24,2,True,False
margin,South Florida,margin_tree_random_forest,25,1,True,False
margin,North Texas,margin_tree_random_forest,26,0,False,False
margin,Toledo,margin_tree_random_forest,27,0,False,False
margin,Auburn,margin_tree_random_forest,28,0,False,False
margin,Florida State,margin_tree_random_forest,29,0,False,False
margin,LSU,margin_tree_random_forest,30,0,False,False
margin,Louisville,margin_tree_random_forest,31,0,False,False
margin,Iowa,margin_tree_random_forest,32,0,False,False
margin,UNLV,margin_tree_random_forest,33,0,False,False
margin,Illinois,margin_tree_random_forest,34,0,False,False
margin,Boise State,margin_tree_random_forest,35,0,False,False
margin,Iowa State,margin_tree_random_forest,36,0,False,False
margin,East Carolina,margin_tree_random_forest,37,0,False,False
margin,Navy,margin_tree_random_forest,38,0,False,False
margin,Duke,margin_tree_random_forest,39,0,False,False
margin,Wake Forest,margin_tree_random_forest,40,0,False,False
margin,NC State,margin_tree_random_forest,41,0,False,False
margin,Tulane,margin_tree_random_forest,42,0,False,False
margin,Cincinnati,margin_tree_random_forest,43,0,False,False
margin,Memphis,margin_tree_random_forest,44,0,False,False
margin,Pittsburgh,margin_tree_random_forest,45,0,False,False
margin,Nebraska,margin_tree_random_forest,46,0,False,False
margin,TCU,margin_tree_random_forest,47,0,False,False
margin,Arizona,margin_tree_random_forest,48,0,False,False
margin,Old Dominion,margin_tree_random_forest,49,0,False,False
margin,Florida,margin_tree_random_forest,50,0,False,False
margin,Kansas State,margin_tree_random_forest,51,0,False,False
margin,Georgia Tech,margin_tree_random_forest,52,0,False,False
margin,Texas State,margin_tree_random_forest,53,0,False,False
margin,UTSA,margin_tree_random_forest,54,0,False,False
margin,San Diego State,margin_tree_random_forest,55,0,False,False
margin,UConn,margin_tree_random_forest,56,0,False,False
margin,South Carolina,margin_tree_random_forest,57,0,False,False
margin,Virginia,margin_tree_random_forest,58,0,False,False
margin,Jacksonville State,margin_tree_random_forest,59,0,False,False
margin,Arizona State,margin_tree_random_forest,60,0,False,False
margin,Houston,margin_tree_random_forest,61,0,False,False
margin,Ohio,margin_tree_random_forest,62,0,False,False
margin,Baylor,margin_tree_random_forest,63,0,False,False
margin,Marshall,margin_tree_random_forest,64,0,False,False
margin,Florida International,margin_tree_random_forest,65,0,False,False
margin,Western Kentucky,margin_tree_random_forest,66,0,False,False
margin,Kennesaw State,margin_tree_random_forest,67,0,False,False
margin,New Mexico,margin_tree_random_forest,68,0,False,False
margin,Fresno State,margin_tree_random_forest,69,0,False,False
margin,Western Michigan,margin_tree_random_forest,70,0,False,False
margin,Arkansas,margin_tree_random_forest,71,0,False,False
margin,Washington State,margin_tree_random_forest,72,0,False,False
margin,Louisiana Tech,margin_tree_random_forest,73,0,False,False
margin,Utah State,margin_tree_random_forest,74,0,False,False
margin,Southern Miss,margin_tree_random_forest,75,0,False,False
margin,Central Michigan,margin_tree_random_forest,76,0,False,False
margin,Northwestern,margin_tree_random_forest,77,0,False,False
margin,Minnesota,margin_tree_random_forest,78,0,False,False
margin,Kentucky,margin_tree_random_forest,79,0,False,False
margin,Kansas,margin_tree_random_forest,80,0,False,False
margin,UCF,margin_tree_random_forest,81,0,False,False
margin,Miami (OH),margin_tree_random_forest,82,0,False,False
margin,Liberty,margin_tree_random_forest,83,0,False,False
margin,Hawai'i,margin_tree_random_forest,84,0,False,False
margin,Mississippi State,margin_tree_random_forest,85,0,False,False
margin,South Alabama,margin_tree_random_forest,86,0,False,False
margin,Delaware,margin_tree_random_forest,87,0,False,False
margin,Air Force,margin_tree_random_forest,88,0,False,False
margin,California,margin_tree_random_forest,89,0,False,False
margin,Rutgers,margin_tree_random_forest,90,0,False,False
margin,Boston College,margin_tree_random_forest,91,0,False,False
margin,Wisconsin,margin_tree_random_forest,92,0,False,False
margin,Tulsa,margin_tree_random_forest,93,0,False,False
margin,North Carolina,margin_tree_random_forest,94,0,False,False
margin,Stanford,margin_tree_random_forest,95,0,False,False
margin,Missouri State,margin_tree_random_forest,96,0,False,False
margin,Michigan State,margin_tree_random_forest,97,0,False,False
margin,Troy,margin_tree_random_forest,98,0,False,False
margin,Virginia Tech,margin_tree_random_forest,99,0,False,False
margin,Georgia Southern,margin_tree_random_forest,100,0,False,False
margin,Army,margin_tree_random_forest,101,0,False,False
margin,West Virginia,margin_tree_random_forest,102,0,False,False
margin,Sacramento State,margin_tree_random_forest,103,0,False,False
margin,Arkansas State,margin_tree_random_forest,104,0,False,False
margin,Louisiana,margin_tree_random_forest,105,0,False,False
margin,North Dakota State,margin_tree_random_forest,106,0,False,False
margin,Eastern Michigan,margin_tree_random_forest,107,0,False,False
margin,Maryland,margin_tree_random_forest,108,0,False,False
margin,Florida Atlantic,margin_tree_random_forest,109,0,False,False
margin,Buffalo,margin_tree_random_forest,110,0,False,False
margin,Colorado,margin_tree_random_forest,111,0,False,False
margin,App State,margin_tree_random_forest,112,0,False,False
margin,Akron,margin_tree_random_forest,113,0,False,False
margin,Bowling Green,margin_tree_random_forest,114,0,False,False
margin,Oregon State,margin_tree_random_forest,115,0,False,False
margin,Temple,margin_tree_random_forest,116,0,False,False
margin,UCLA,margin_tree_random_forest,117,0,False,False
margin,Middle Tennessee,margin_tree_random_forest,118,0,False,False
margin,Rice,margin_tree_random_forest,119,0,False,False
margin,Wyoming,margin_tree_random_forest,120,0,False,False
margin,San José State,margin_tree_random_forest,121,0,False,False
margin,UAB,margin_tree_random_forest,122,0,False,False
margin,Syracuse,margin_tree_random_forest,123,0,False,False
margin,Purdue,margin_tree_random_forest,124,0,False,False
margin,Nevada,margin_tree_random_forest,125,0,False,False
margin,Kent State,margin_tree_random_forest,126,0,False,False
margin,Oklahoma State,margin_tree_random_forest,127,0,False,False
margin,Northern Illinois,margin_tree_random_forest,128,0,False,False
margin,Colorado State,margin_tree_random_forest,129,0,False,False
margin,New Mexico State,margin_tree_random_forest,130,0,False,False
margin,UL Monroe,margin_tree_random_forest,131,0,False,False
margin,UTEP,margin_tree_random_forest,132,0,False,False
margin,Coastal Carolina,margin_tree_random_forest,133,0,False,False
margin,Ball State,margin_tree_random_forest,134,0,False,False
margin,Georgia State,margin_tree_random_forest,135,0,False,False
margin,Sam Houston,margin_tree_random_forest,136,0,False,False
margin,Charlotte,margin_tree_random_forest,137,0,False,False
margin,Massachusetts,margin_tree_random_forest,138,0,False,False
