game_id,season,week,game_start_time_utc,home_team,away_team,neutral_site,conference_game,season_type,keys_season,next_week,next_game_id,model_name,model_family,objective,checkpoint_path,checkpoint_sha256,fingerprint,roster_rank,preseason_performance_rank,pred_home_margin,pred_home_win_probability,pred_winner,confidence,created_at_utc
401858423,2026,1,2026-09-03T22:00:00.000Z,Rutgers,Massachusetts,False,False,regular,2026,1,401858423,margin_boosted_hist_gradient_boosted,boosted,margin,/groups/bsavoie2/tburton2/TDNet/publication_artifacts/corrected_f6_wide_margin_roster/through_2025_v1/checkpoints/margin_boosted_hist_gradient_boosted.pkl,c522b661f4ef845e32629ac5d5831cc5fbfc4ecda081163540346d653e70756a,F6,1,1,23.268923788301013,0.8405151420367768,Rutgers,0.6810302840735536,2026-09-03T12:59:40.374112+00:00
401858204,2026,1,2026-09-03T23:00:00.000Z,Wake Forest,Akron,False,False,regular,2026,1,401858204,margin_boosted_hist_gradient_boosted,boosted,margin,/groups/bsavoie2/tburton2/TDNet/publication_artifacts/corrected_f6_wide_margin_roster/through_2025_v1/checkpoints/margin_boosted_hist_gradient_boosted.pkl,c522b661f4ef845e32629ac5d5831cc5fbfc4ecda081163540346d653e70756a,F6,1,1,8.738556740198932,0.6511692224685819,Wake Forest,0.3023384449371638,2026-09-03T12:59:40.374112+00:00
401856776,2026,1,2026-09-04T00:00:00.000Z,Georgia Tech,Colorado,False,False,regular,2026,1,401856776,margin_boosted_hist_gradient_boosted,boosted,margin,/groups/bsavoie2/tburton2/TDNet/publication_artifacts/corrected_f6_wide_margin_roster/through_2025_v1/checkpoints/margin_boosted_hist_gradient_boosted.pkl,c522b661f4ef845e32629ac5d5831cc5fbfc4ecda081163540346d653e70756a,F6,1,1,11.679602267845139,0.6972543613148815,Georgia Tech,0.394508722629763,2026-09-03T12:59:40.374112+00:00
401858424,2026,1,2026-09-04T01:00:00.000Z,Illinois,UAB,False,False,regular,2026,1,401858424,margin_boosted_hist_gradient_boosted,boosted,margin,/groups/bsavoie2/tburton2/TDNet/publication_artifacts/corrected_f6_wide_margin_roster/through_2025_v1/checkpoints/margin_boosted_hist_gradient_boosted.pkl,c522b661f4ef845e32629ac5d5831cc5fbfc4ecda081163540346d653e70756a,F6,1,1,12.994911013858271,0.7167115718598518,Illinois,0.4334231437197036,2026-09-03T12:59:40.374112+00:00
401864495,2026,1,2026-09-04T22:30:00.000Z,Eastern Michigan,San José State,False,False,regular,2026,1,401864495,margin_boosted_hist_gradient_boosted,boosted,margin,/groups/bsavoie2/tburton2/TDNet/publication_artifacts/corrected_f6_wide_margin_roster/through_2025_v1/checkpoints/margin_boosted_hist_gradient_boosted.pkl,c522b661f4ef845e32629ac5d5831cc5fbfc4ecda081163540346d653e70756a,F6,1,1,7.3386377829340965,0.6281266346470943,Eastern Michigan,0.25625326929418857,2026-09-03T12:59:40.374112+00:00
401856664,2026,1,2026-09-05T00:00:00.000Z,Oklahoma,UTEP,False,False,regular,2026,1,401856664,margin_boosted_hist_gradient_boosted,boosted,margin,/groups/bsavoie2/tburton2/TDNet/publication_artifacts/corrected_f6_wide_margin_roster/through_2025_v1/checkpoints/margin_boosted_hist_gradient_boosted.pkl,c522b661f4ef845e32629ac5d5831cc5fbfc4ecda081163540346d653e70756a,F6,1,1,22.929011878409785,0.8372335295818646,Oklahoma,0.6744670591637292,2026-09-03T12:59:40.374112+00:00
401858429,2026,1,2026-09-05T00:00:00.000Z,Michigan State,Toledo,False,False,regular,2026,1,401858429,margin_boosted_hist_gradient_boosted,boosted,margin,/groups/bsavoie2/tburton2/TDNet/publication_artifacts/corrected_f6_wide_margin_roster/through_2025_v1/checkpoints/margin_boosted_hist_gradient_boosted.pkl,c522b661f4ef845e32629ac5d5831cc5fbfc4ecda081163540346d653e70756a,F6,1,1,-6.091295242061228,0.3929109433815374,Toledo,0.21417811323692515,2026-09-03T12:59:40.374112+00:00
401858436,2026,1,2026-09-05T01:00:00.000Z,USC,Fresno State,False,False,regular,2026,1,401858436,margin_boosted_hist_gradient_boosted,boosted,margin,/groups/bsavoie2/tburton2/TDNet/publication_artifacts/corrected_f6_wide_margin_roster/through_2025_v1/checkpoints/margin_boosted_hist_gradient_boosted.pkl,c522b661f4ef845e32629ac5d5831cc5fbfc4ecda081163540346d653e70756a,F6,1,1,17.64789780964194,0.7791232042041976,USC,0.5582464084083951,2026-09-03T12:59:40.374112+00:00
401858206,2026,1,2026-09-05T01:00:00.000Z,Stanford,Miami,False,True,regular,2026,1,401858206,margin_boosted_hist_gradient_boosted,boosted,margin,/groups/bsavoie2/tburton2/TDNet/publication_artifacts/corrected_f6_wide_margin_roster/through_2025_v1/checkpoints/margin_boosted_hist_gradient_boosted.pkl,c522b661f4ef845e32629ac5d5831cc5fbfc4ecda081163540346d653e70756a,F6,1,1,-7.865510126765314,0.363125953844517,Miami,0.273748092310966,2026-09-03T12:59:40.374112+00:00
401856637,2026,1,2026-09-05T23:45:00.000Z,Florida,Florida Atlantic,False,False,regular,2026,1,401856637,margin_boosted_hist_gradient_boosted,boosted,margin,/groups/bsavoie2/tburton2/TDNet/publication_artifacts/corrected_f6_wide_margin_roster/through_2025_v1/checkpoints/margin_boosted_hist_gradient_boosted.pkl,c522b661f4ef845e32629ac5d5831cc5fbfc4ecda081163540346d653e70756a,F6,1,1,16.751515750308265,0.7679081336309738,Florida,0.5358162672619475,2026-09-03T12:59:40.374112+00:00
401858430,2026,1,2026-09-05T16:00:00.000Z,Nebraska,Ohio,False,False,regular,2026,1,401858430,margin_boosted_hist_gradient_boosted,boosted,margin,/groups/bsavoie2/tburton2/TDNet/publication_artifacts/corrected_f6_wide_margin_roster/through_2025_v1/checkpoints/margin_boosted_hist_gradient_boosted.pkl,c522b661f4ef845e32629ac5d5831cc5fbfc4ecda081163540346d653e70756a,F6,1,1,12.806519386645432,0.7139714582150343,Nebraska,0.42794291643006854,2026-09-03T12:59:40.374112+00:00
401856780,2026,1,2026-09-05T16:00:00.000Z,West Virginia,Coastal Carolina,False,False,regular,2026,1,401856780,margin_boosted_hist_gradient_boosted,boosted,margin,/groups/bsavoie2/tburton2/TDNet/publication_artifacts/corrected_f6_wide_margin_roster/through_2025_v1/checkpoints/margin_boosted_hist_gradient_boosted.pkl,c522b661f4ef845e32629ac5d5831cc5fbfc4ecda081163540346d653e70756a,F6,1,1,10.8336112345204,0.6843486814534295,West Virginia,0.36869736290685906,2026-09-03T12:59:40.374112+00:00
401856634,2026,1,2026-09-05T16:00:00.000Z,Alabama,East Carolina,False,False,regular,2026,1,401856634,margin_boosted_hist_gradient_boosted,boosted,margin,/groups/bsavoie2/tburton2/TDNet/publication_artifacts/corrected_f6_wide_margin_roster/through_2025_v1/checkpoints/margin_boosted_hist_gradient_boosted.pkl,c522b661f4ef845e32629ac5d5831cc5fbfc4ecda081163540346d653e70756a,F6,1,1,15.678618648025472,0.7539704140897644,Alabama,0.5079408281795288,2026-09-03T12:59:40.374112+00:00
401856778,2026,1,2026-09-05T16:00:00.000Z,Houston,Oregon State,False,False,regular,2026,1,401856778,margin_boosted_hist_gradient_boosted,boosted,margin,/groups/bsavoie2/tburton2/TDNet/publication_artifacts/corrected_f6_wide_margin_roster/through_2025_v1/checkpoints/margin_boosted_hist_gradient_boosted.pkl,c522b661f4ef845e32629ac5d5831cc5fbfc4ecda081163540346d653e70756a,F6,1,1,9.047019333193187,0.656157165809731,Houston,0.3123143316194621,2026-09-03T12:59:40.374112+00:00
401858425,2026,1,2026-09-05T16:00:00.000Z,Indiana,North Texas,False,False,regular,2026,1,401858425,margin_boosted_hist_gradient_boosted,boosted,margin,/groups/bsavoie2/tburton2/TDNet/publication_artifacts/corrected_f6_wide_margin_roster/through_2025_v1/checkpoints/margin_boosted_hist_gradient_boosted.pkl,c522b661f4ef845e32629ac5d5831cc5fbfc4ecda081163540346d653e70756a,F6,1,1,11.044435480954487,0.6875925661729073,Indiana,0.37518513234581463,2026-09-03T12:59:40.374112+00:00
401869960,2026,1,2026-09-05T16:00:00.000Z,James Madison,Liberty,False,False,regular,2026,1,401869960,margin_boosted_hist_gradient_boosted,boosted,margin,/groups/bsavoie2/tburton2/TDNet/publication_artifacts/corrected_f6_wide_margin_roster/through_2025_v1/checkpoints/margin_boosted_hist_gradient_boosted.pkl,c522b661f4ef845e32629ac5d5831cc5fbfc4ecda081163540346d653e70756a,F6,1,1,14.224900847707495,0.7342052732184187,James Madison,0.4684105464368373,2026-09-03T12:59:40.374112+00:00
401858207,2026,1,2026-09-05T16:30:00.000Z,Pittsburgh,Miami (OH),False,False,regular,2026,1,401858207,margin_boosted_hist_gradient_boosted,boosted,margin,/groups/bsavoie2/tburton2/TDNet/publication_artifacts/corrected_f6_wide_margin_roster/through_2025_v1/checkpoints/margin_boosted_hist_gradient_boosted.pkl,c522b661f4ef845e32629ac5d5831cc5fbfc4ecda081163540346d653e70756a,F6,1,1,8.602545887191766,0.6489592388685345,Pittsburgh,0.2979184777370689,2026-09-03T12:59:40.374112+00:00
401858432,2026,1,2026-09-05T16:30:00.000Z,Ohio State,Ball State,False,False,regular,2026,1,401858432,margin_boosted_hist_gradient_boosted,boosted,margin,/groups/bsavoie2/tburton2/TDNet/publication_artifacts/corrected_f6_wide_margin_roster/through_2025_v1/checkpoints/margin_boosted_hist_gradient_boosted.pkl,c522b661f4ef845e32629ac5d5831cc5fbfc4ecda081163540346d653e70756a,F6,1,1,30.0,0.8949994149797352,Ohio State,0.7899988299594705,2026-09-03T12:59:40.374112+00:00
401856665,2026,1,2026-09-05T16:45:00.000Z,South Carolina,Kent State,False,False,regular,2026,1,401856665,margin_boosted_hist_gradient_boosted,boosted,margin,/groups/bsavoie2/tburton2/TDNet/publication_artifacts/corrected_f6_wide_margin_roster/through_2025_v1/checkpoints/margin_boosted_hist_gradient_boosted.pkl,c522b661f4ef845e32629ac5d5831cc5fbfc4ecda081163540346d653e70756a,F6,1,1,21.51661671903927,0.8230137984255363,South Carolina,0.6460275968510727,2026-09-03T12:59:40.374112+00:00
401858433,2026,1,2026-09-05T19:30:00.000Z,Oregon,Boise State,False,False,regular,2026,1,401858433,margin_boosted_hist_gradient_boosted,boosted,margin,/groups/bsavoie2/tburton2/TDNet/publication_artifacts/corrected_f6_wide_margin_roster/through_2025_v1/checkpoints/margin_boosted_hist_gradient_boosted.pkl,c522b661f4ef845e32629ac5d5831cc5fbfc4ecda081163540346d653e70756a,F6,1,1,22.07818008693295,0.8287810504718479,Oregon,0.6575621009436958,2026-09-03T12:59:40.374112+00:00
401856636,2026,1,2026-09-05T19:30:00.000Z,Auburn,Baylor,True,False,regular,2026,1,401856636,margin_boosted_hist_gradient_boosted,boosted,margin,/groups/bsavoie2/tburton2/TDNet/publication_artifacts/corrected_f6_wide_margin_roster/through_2025_v1/checkpoints/margin_boosted_hist_gradient_boosted.pkl,c522b661f4ef845e32629ac5d5831cc5fbfc4ecda081163540346d653e70756a,F6,1,1,6.2931778135967225,0.6105233679944179,Auburn,0.22104673598883573,2026-09-03T12:59:40.374112+00:00
401856667,2026,1,2026-09-05T19:30:00.000Z,Texas,Texas State,False,False,regular,2026,1,401856667,margin_boosted_hist_gradient_boosted,boosted,margin,/groups/bsavoie2/tburton2/TDNet/publication_artifacts/corrected_f6_wide_margin_roster/through_2025_v1/checkpoints/margin_boosted_hist_gradient_boosted.pkl,c522b661f4ef845e32629ac5d5831cc5fbfc4ecda081163540346d653e70756a,F6,1,1,13.854039361538018,0.7290038185972353,Texas,0.4580076371944706,2026-09-03T12:59:40.374112+00:00
401858434,2026,1,2026-09-05T19:30:00.000Z,Penn State,Marshall,False,False,regular,2026,1,401858434,margin_boosted_hist_gradient_boosted,boosted,margin,/groups/bsavoie2/tburton2/TDNet/publication_artifacts/corrected_f6_wide_margin_roster/through_2025_v1/checkpoints/margin_boosted_hist_gradient_boosted.pkl,c522b661f4ef845e32629ac5d5831cc5fbfc4ecda081163540346d653e70756a,F6,1,1,11.67235479835679,0.6971450734767753,Penn State,0.3942901469535507,2026-09-03T12:59:40.374112+00:00
401858209,2026,1,2026-09-05T19:30:00.000Z,Duke,Tulane,False,False,regular,2026,1,401858209,margin_boosted_hist_gradient_boosted,boosted,margin,/groups/bsavoie2/tburton2/TDNet/publication_artifacts/corrected_f6_wide_margin_roster/through_2025_v1/checkpoints/margin_boosted_hist_gradient_boosted.pkl,c522b661f4ef845e32629ac5d5831cc5fbfc4ecda081163540346d653e70756a,F6,1,1,7.590400499919022,0.632317410930113,Duke,0.2646348218602259,2026-09-03T12:59:40.374112+00:00
401856777,2026,1,2026-09-05T19:30:00.000Z,Cincinnati,Boston College,False,False,regular,2026,1,401856777,margin_boosted_hist_gradient_boosted,boosted,margin,/groups/bsavoie2/tburton2/TDNet/publication_artifacts/corrected_f6_wide_margin_roster/through_2025_v1/checkpoints/margin_boosted_hist_gradient_boosted.pkl,c522b661f4ef845e32629ac5d5831cc5fbfc4ecda081163540346d653e70756a,F6,1,1,6.478660717467038,0.6136690711105243,Cincinnati,0.22733814222104853,2026-09-03T12:59:40.374112+00:00
401856772,2026,1,2026-09-05T19:45:00.000Z,Tulsa,Oklahoma State,False,False,regular,2026,1,401856772,margin_boosted_hist_gradient_boosted,boosted,margin,/groups/bsavoie2/tburton2/TDNet/publication_artifacts/corrected_f6_wide_margin_roster/through_2025_v1/checkpoints/margin_boosted_hist_gradient_boosted.pkl,c522b661f4ef845e32629ac5d5831cc5fbfc4ecda081163540346d653e70756a,F6,1,1,8.645232007647278,0.6496535211445936,Tulsa,0.29930704228918725,2026-09-03T12:59:40.374112+00:00
401858426,2026,1,2026-09-05T20:15:00.000Z,Iowa,Northern Illinois,False,False,regular,2026,1,401858426,margin_boosted_hist_gradient_boosted,boosted,margin,/groups/bsavoie2/tburton2/TDNet/publication_artifacts/corrected_f6_wide_margin_roster/through_2025_v1/checkpoints/margin_boosted_hist_gradient_boosted.pkl,c522b661f4ef845e32629ac5d5831cc5fbfc4ecda081163540346d653e70756a,F6,1,1,17.980268833468852,0.783181677417147,Iowa,0.5663633548342939,2026-09-03T12:59:40.374112+00:00
401860878,2026,1,2026-09-05T22:00:00.000Z,Colorado State,Wyoming,False,False,regular,2026,1,401860878,margin_boosted_hist_gradient_boosted,boosted,margin,/groups/bsavoie2/tburton2/TDNet/publication_artifacts/corrected_f6_wide_margin_roster/through_2025_v1/checkpoints/margin_boosted_hist_gradient_boosted.pkl,c522b661f4ef845e32629ac5d5831cc5fbfc4ecda081163540346d653e70756a,F6,1,1,5.69992690907161,0.6004013395622494,Colorado State,0.20080267912449878,2026-09-03T12:59:40.374112+00:00
401856668,2026,1,2026-09-05T23:00:00.000Z,Texas A&M,Missouri State,False,False,regular,2026,1,401856668,margin_boosted_hist_gradient_boosted,boosted,margin,/groups/bsavoie2/tburton2/TDNet/publication_artifacts/corrected_f6_wide_margin_roster/through_2025_v1/checkpoints/margin_boosted_hist_gradient_boosted.pkl,c522b661f4ef845e32629ac5d5831cc5fbfc4ecda081163540346d653e70756a,F6,1,1,21.716651065611472,0.825085446256306,Texas A&M,0.650170892512612,2026-09-03T12:59:40.374112+00:00
401862695,2026,1,2026-09-05T23:00:00.000Z,Memphis,Arkansas State,False,False,regular,2026,1,401862695,margin_boosted_hist_gradient_boosted,boosted,margin,/groups/bsavoie2/tburton2/TDNet/publication_artifacts/corrected_f6_wide_margin_roster/through_2025_v1/checkpoints/margin_boosted_hist_gradient_boosted.pkl,c522b661f4ef845e32629ac5d5831cc5fbfc4ecda081163540346d653e70756a,F6,1,1,15.359191205744013,0.7497135402082331,Memphis,0.4994270804164662,2026-09-03T12:59:40.374112+00:00
401870763,2026,1,2026-09-05T23:00:00.000Z,Troy,Sam Houston,False,False,regular,2026,1,401870763,margin_boosted_hist_gradient_boosted,boosted,margin,/groups/bsavoie2/tburton2/TDNet/publication_artifacts/corrected_f6_wide_margin_roster/through_2025_v1/checkpoints/margin_boosted_hist_gradient_boosted.pkl,c522b661f4ef845e32629ac5d5831cc5fbfc4ecda081163540346d653e70756a,F6,1,1,14.026548484664417,0.731431254433043,Troy,0.46286250886608604,2026-09-03T12:59:40.374112+00:00
401862699,2026,1,2026-09-05T23:00:00.000Z,South Florida,Florida International,False,False,regular,2026,1,401862699,margin_boosted_hist_gradient_boosted,boosted,margin,/groups/bsavoie2/tburton2/TDNet/publication_artifacts/corrected_f6_wide_margin_roster/through_2025_v1/checkpoints/margin_boosted_hist_gradient_boosted.pkl,c522b661f4ef845e32629ac5d5831cc5fbfc4ecda081163540346d653e70756a,F6,1,1,10.086651374137666,0.6727116283393962,South Florida,0.3454232566787925,2026-09-03T12:59:40.374112+00:00
401858428,2026,1,2026-09-05T23:30:00.000Z,Michigan,Western Michigan,False,False,regular,2026,1,401858428,margin_boosted_hist_gradient_boosted,boosted,margin,/groups/bsavoie2/tburton2/TDNet/publication_artifacts/corrected_f6_wide_margin_roster/through_2025_v1/checkpoints/margin_boosted_hist_gradient_boosted.pkl,c522b661f4ef845e32629ac5d5831cc5fbfc4ecda081163540346d653e70756a,F6,1,1,18.03306444408111,0.7838213595578198,Michigan,0.5676427191156397,2026-09-03T12:59:40.374112+00:00
401856662,2026,1,2026-09-05T23:30:00.000Z,Mississippi State,UL Monroe,False,False,regular,2026,1,401856662,margin_boosted_hist_gradient_boosted,boosted,margin,/groups/bsavoie2/tburton2/TDNet/publication_artifacts/corrected_f6_wide_margin_roster/through_2025_v1/checkpoints/margin_boosted_hist_gradient_boosted.pkl,c522b661f4ef845e32629ac5d5831cc5fbfc4ecda081163540346d653e70756a,F6,1,1,18.13269560877506,0.7850247842176742,Mississippi State,0.5700495684353484,2026-09-03T12:59:40.374112+00:00
401856660,2026,1,2026-09-05T23:30:00.000Z,LSU,Clemson,False,False,regular,2026,1,401856660,margin_boosted_hist_gradient_boosted,boosted,margin,/groups/bsavoie2/tburton2/TDNet/publication_artifacts/corrected_f6_wide_margin_roster/through_2025_v1/checkpoints/margin_boosted_hist_gradient_boosted.pkl,c522b661f4ef845e32629ac5d5831cc5fbfc4ecda081163540346d653e70756a,F6,1,1,-1.4936663653132083,0.47335265843751795,Clemson,0.053294683124964104,2026-09-03T12:59:40.374112+00:00
401864498,2026,1,2026-09-06T02:00:00.000Z,New Mexico,Central Michigan,False,False,regular,2026,1,401864498,margin_boosted_hist_gradient_boosted,boosted,margin,/groups/bsavoie2/tburton2/TDNet/publication_artifacts/corrected_f6_wide_margin_roster/through_2025_v1/checkpoints/margin_boosted_hist_gradient_boosted.pkl,c522b661f4ef845e32629ac5d5831cc5fbfc4ecda081163540346d653e70756a,F6,1,1,7.311775400963645,0.6276783380775272,New Mexico,0.2553566761550543,2026-09-03T12:59:40.374112+00:00
401864497,2026,1,2026-09-06T02:00:00.000Z,Hawai'i,UNLV,False,True,regular,2026,1,401864497,margin_boosted_hist_gradient_boosted,boosted,margin,/groups/bsavoie2/tburton2/TDNet/publication_artifacts/corrected_f6_wide_margin_roster/through_2025_v1/checkpoints/margin_boosted_hist_gradient_boosted.pkl,c522b661f4ef845e32629ac5d5831cc5fbfc4ecda081163540346d653e70756a,F6,1,1,-3.4616953203397887,0.43849704807625384,UNLV,0.12300590384749233,2026-09-03T12:59:40.374112+00:00
401864432,2026,1,2026-09-06T02:30:00.000Z,Nevada,Western Kentucky,False,False,regular,2026,1,401864432,margin_boosted_hist_gradient_boosted,boosted,margin,/groups/bsavoie2/tburton2/TDNet/publication_artifacts/corrected_f6_wide_margin_roster/through_2025_v1/checkpoints/margin_boosted_hist_gradient_boosted.pkl,c522b661f4ef845e32629ac5d5831cc5fbfc4ecda081163540346d653e70756a,F6,1,1,-5.674433650909647,0.4000356210304116,Western Kentucky,0.19992875793917675,2026-09-03T12:59:40.374112+00:00
401858210,2026,1,2026-09-06T02:30:00.000Z,California,UCLA,False,False,regular,2026,1,401858210,margin_boosted_hist_gradient_boosted,boosted,margin,/groups/bsavoie2/tburton2/TDNet/publication_artifacts/corrected_f6_wide_margin_roster/through_2025_v1/checkpoints/margin_boosted_hist_gradient_boosted.pkl,c522b661f4ef845e32629ac5d5831cc5fbfc4ecda081163540346d653e70756a,F6,1,1,6.933726122963108,0.6213462160657959,California,0.24269243213159175,2026-09-03T12:59:40.374112+00:00
401858437,2026,1,2026-09-06T20:00:00.000Z,Washington,Washington State,False,False,regular,2026,1,401858437,margin_boosted_hist_gradient_boosted,boosted,margin,/groups/bsavoie2/tburton2/TDNet/publication_artifacts/corrected_f6_wide_margin_roster/through_2025_v1/checkpoints/margin_boosted_hist_gradient_boosted.pkl,c522b661f4ef845e32629ac5d5831cc5fbfc4ecda081163540346d653e70756a,F6,1,1,11.954449777856162,0.7013823686300565,Washington,0.4027647372601131,2026-09-03T12:59:40.374112+00:00
401856661,2026,1,2026-09-06T23:30:00.000Z,Ole Miss,Louisville,True,False,regular,2026,1,401856661,margin_boosted_hist_gradient_boosted,boosted,margin,/groups/bsavoie2/tburton2/TDNet/publication_artifacts/corrected_f6_wide_margin_roster/through_2025_v1/checkpoints/margin_boosted_hist_gradient_boosted.pkl,c522b661f4ef845e32629ac5d5831cc5fbfc4ecda081163540346d653e70756a,F6,1,1,11.496869714304454,0.6944920639471489,Ole Miss,0.3889841278942978,2026-09-03T12:59:40.374112+00:00
401858438,2026,1,2026-09-06T23:30:00.000Z,Notre Dame,Wisconsin,True,False,regular,2026,1,401858438,margin_boosted_hist_gradient_boosted,boosted,margin,/groups/bsavoie2/tburton2/TDNet/publication_artifacts/corrected_f6_wide_margin_roster/through_2025_v1/checkpoints/margin_boosted_hist_gradient_boosted.pkl,c522b661f4ef845e32629ac5d5831cc5fbfc4ecda081163540346d653e70756a,F6,1,1,22.897766995233916,0.8369291684195798,Notre Dame,0.6738583368391595,2026-09-03T12:59:40.374112+00:00
401858212,2026,1,2026-09-07T23:30:00.000Z,Florida State,SMU,False,True,regular,2026,1,401858212,margin_boosted_hist_gradient_boosted,boosted,margin,/groups/bsavoie2/tburton2/TDNet/publication_artifacts/corrected_f6_wide_margin_roster/through_2025_v1/checkpoints/margin_boosted_hist_gradient_boosted.pkl,c522b661f4ef845e32629ac5d5831cc5fbfc4ecda081163540346d653e70756a,F6,1,1,5.549353923232179,0.5978181889239377,Florida State,0.19563637784787535,2026-09-03T12:59:40.374112+00:00
401858423,2026,1,2026-09-03T22:00:00.000Z,Rutgers,Massachusetts,False,False,regular,2026,1,401858423,margin_ensemble_mean_probability,ensemble,margin,/groups/bsavoie2/tburton2/TDNet/publication_artifacts/corrected_f6_wide_margin_roster/through_2025_v1/checkpoints/margin_ensemble_mean_probability.pkl,8f9a35345f517b4b59c80a436063bf938326ff4bcbba098d7f4d0f6b9f87f150,F6,2,2,20.893341255021916,0.8011299557966138,Rutgers,0.6022599115932277,2026-09-03T12:59:40.374112+00:00
401858204,2026,1,2026-09-03T23:00:00.000Z,Wake Forest,Akron,False,False,regular,2026,1,401858204,margin_ensemble_mean_probability,ensemble,margin,/groups/bsavoie2/tburton2/TDNet/publication_artifacts/corrected_f6_wide_margin_roster/through_2025_v1/checkpoints/margin_ensemble_mean_probability.pkl,8f9a35345f517b4b59c80a436063bf938326ff4bcbba098d7f4d0f6b9f87f150,F6,2,2,8.703206653295148,0.6434542213036567,Wake Forest,0.2869084426073134,2026-09-03T12:59:40.374112+00:00
401856776,2026,1,2026-09-04T00:00:00.000Z,Georgia Tech,Colorado,False,False,regular,2026,1,401856776,margin_ensemble_mean_probability,ensemble,margin,/groups/bsavoie2/tburton2/TDNet/publication_artifacts/corrected_f6_wide_margin_roster/through_2025_v1/checkpoints/margin_ensemble_mean_probability.pkl,8f9a35345f517b4b59c80a436063bf938326ff4bcbba098d7f4d0f6b9f87f150,F6,2,2,9.62874490498816,0.6588238937623774,Georgia Tech,0.31764778752475475,2026-09-03T12:59:40.374112+00:00
401858424,2026,1,2026-09-04T01:00:00.000Z,Illinois,UAB,False,False,regular,2026,1,401858424,margin_ensemble_mean_probability,ensemble,margin,/groups/bsavoie2/tburton2/TDNet/publication_artifacts/corrected_f6_wide_margin_roster/through_2025_v1/checkpoints/margin_ensemble_mean_probability.pkl,8f9a35345f517b4b59c80a436063bf938326ff4bcbba098d7f4d0f6b9f87f150,F6,2,2,11.843388167276931,0.6907459311978905,Illinois,0.38149186239578103,2026-09-03T12:59:40.374112+00:00
401864495,2026,1,2026-09-04T22:30:00.000Z,Eastern Michigan,San José State,False,False,regular,2026,1,401864495,margin_ensemble_mean_probability,ensemble,margin,/groups/bsavoie2/tburton2/TDNet/publication_artifacts/corrected_f6_wide_margin_roster/through_2025_v1/checkpoints/margin_ensemble_mean_probability.pkl,8f9a35345f517b4b59c80a436063bf938326ff4bcbba098d7f4d0f6b9f87f150,F6,2,2,8.587321047277998,0.6433648179516255,Eastern Michigan,0.28672963590325096,2026-09-03T12:59:40.374112+00:00
401856664,2026,1,2026-09-05T00:00:00.000Z,Oklahoma,UTEP,False,False,regular,2026,1,401856664,margin_ensemble_mean_probability,ensemble,margin,/groups/bsavoie2/tburton2/TDNet/publication_artifacts/corrected_f6_wide_margin_roster/through_2025_v1/checkpoints/margin_ensemble_mean_probability.pkl,8f9a35345f517b4b59c80a436063bf938326ff4bcbba098d7f4d0f6b9f87f150,F6,2,2,18.917982094823767,0.7762120105692265,Oklahoma,0.552424021138453,2026-09-03T12:59:40.374112+00:00
401858429,2026,1,2026-09-05T00:00:00.000Z,Michigan State,Toledo,False,False,regular,2026,1,401858429,margin_ensemble_mean_probability,ensemble,margin,/groups/bsavoie2/tburton2/TDNet/publication_artifacts/corrected_f6_wide_margin_roster/through_2025_v1/checkpoints/margin_ensemble_mean_probability.pkl,8f9a35345f517b4b59c80a436063bf938326ff4bcbba098d7f4d0f6b9f87f150,F6,2,2,-2.6511489582190486,0.4483685139167438,Toledo,0.10326297216651237,2026-09-03T12:59:40.374112+00:00
401858436,2026,1,2026-09-05T01:00:00.000Z,USC,Fresno State,False,False,regular,2026,1,401858436,margin_ensemble_mean_probability,ensemble,margin,/groups/bsavoie2/tburton2/TDNet/publication_artifacts/corrected_f6_wide_margin_roster/through_2025_v1/checkpoints/margin_ensemble_mean_probability.pkl,8f9a35345f517b4b59c80a436063bf938326ff4bcbba098d7f4d0f6b9f87f150,F6,2,2,13.772075826437238,0.717235981145917,USC,0.43447196229183405,2026-09-03T12:59:40.374112+00:00
401858206,2026,1,2026-09-05T01:00:00.000Z,Stanford,Miami,False,True,regular,2026,1,401858206,margin_ensemble_mean_probability,ensemble,margin,/groups/bsavoie2/tburton2/TDNet/publication_artifacts/corrected_f6_wide_margin_roster/through_2025_v1/checkpoints/margin_ensemble_mean_probability.pkl,8f9a35345f517b4b59c80a436063bf938326ff4bcbba098d7f4d0f6b9f87f150,F6,2,2,-6.527066926941438,0.39038738083578967,Miami,0.21922523832842067,2026-09-03T12:59:40.374112+00:00
401856637,2026,1,2026-09-05T23:45:00.000Z,Florida,Florida Atlantic,False,False,regular,2026,1,401856637,margin_ensemble_mean_probability,ensemble,margin,/groups/bsavoie2/tburton2/TDNet/publication_artifacts/corrected_f6_wide_margin_roster/through_2025_v1/checkpoints/margin_ensemble_mean_probability.pkl,8f9a35345f517b4b59c80a436063bf938326ff4bcbba098d7f4d0f6b9f87f150,F6,2,2,11.438702481128098,0.6833013571098335,Florida,0.36660271421966706,2026-09-03T12:59:40.374112+00:00
401858430,2026,1,2026-09-05T16:00:00.000Z,Nebraska,Ohio,False,False,regular,2026,1,401858430,margin_ensemble_mean_probability,ensemble,margin,/groups/bsavoie2/tburton2/TDNet/publication_artifacts/corrected_f6_wide_margin_roster/through_2025_v1/checkpoints/margin_ensemble_mean_probability.pkl,8f9a35345f517b4b59c80a436063bf938326ff4bcbba098d7f4d0f6b9f87f150,F6,2,2,6.390704055642574,0.6061734487778666,Nebraska,0.21234689755573322,2026-09-03T12:59:40.374112+00:00
401856780,2026,1,2026-09-05T16:00:00.000Z,West Virginia,Coastal Carolina,False,False,regular,2026,1,401856780,margin_ensemble_mean_probability,ensemble,margin,/groups/bsavoie2/tburton2/TDNet/publication_artifacts/corrected_f6_wide_margin_roster/through_2025_v1/checkpoints/margin_ensemble_mean_probability.pkl,8f9a35345f517b4b59c80a436063bf938326ff4bcbba098d7f4d0f6b9f87f150,F6,2,2,9.461443634746399,0.6558993007666508,West Virginia,0.31179860153330163,2026-09-03T12:59:40.374112+00:00
401856634,2026,1,2026-09-05T16:00:00.000Z,Alabama,East Carolina,False,False,regular,2026,1,401856634,margin_ensemble_mean_probability,ensemble,margin,/groups/bsavoie2/tburton2/TDNet/publication_artifacts/corrected_f6_wide_margin_roster/through_2025_v1/checkpoints/margin_ensemble_mean_probability.pkl,8f9a35345f517b4b59c80a436063bf938326ff4bcbba098d7f4d0f6b9f87f150,F6,2,2,7.535011466297063,0.618251589062038,Alabama,0.23650317812407606,2026-09-03T12:59:40.374112+00:00
401856778,2026,1,2026-09-05T16:00:00.000Z,Houston,Oregon State,False,False,regular,2026,1,401856778,margin_ensemble_mean_probability,ensemble,margin,/groups/bsavoie2/tburton2/TDNet/publication_artifacts/corrected_f6_wide_margin_roster/through_2025_v1/checkpoints/margin_ensemble_mean_probability.pkl,8f9a35345f517b4b59c80a436063bf938326ff4bcbba098d7f4d0f6b9f87f150,F6,2,2,8.636218614010405,0.6452898661484827,Houston,0.29057973229696543,2026-09-03T12:59:40.374112+00:00
401858425,2026,1,2026-09-05T16:00:00.000Z,Indiana,North Texas,False,False,regular,2026,1,401858425,margin_ensemble_mean_probability,ensemble,margin,/groups/bsavoie2/tburton2/TDNet/publication_artifacts/corrected_f6_wide_margin_roster/through_2025_v1/checkpoints/margin_ensemble_mean_probability.pkl,8f9a35345f517b4b59c80a436063bf938326ff4bcbba098d7f4d0f6b9f87f150,F6,2,2,11.112360040712044,0.6802099908290373,Indiana,0.36041998165807465,2026-09-03T12:59:40.374112+00:00
401869960,2026,1,2026-09-05T16:00:00.000Z,James Madison,Liberty,False,False,regular,2026,1,401869960,margin_ensemble_mean_probability,ensemble,margin,/groups/bsavoie2/tburton2/TDNet/publication_artifacts/corrected_f6_wide_margin_roster/through_2025_v1/checkpoints/margin_ensemble_mean_probability.pkl,8f9a35345f517b4b59c80a436063bf938326ff4bcbba098d7f4d0f6b9f87f150,F6,2,2,9.163674258234709,0.6512738246321643,James Madison,0.30254764926432864,2026-09-03T12:59:40.374112+00:00
401858207,2026,1,2026-09-05T16:30:00.000Z,Pittsburgh,Miami (OH),False,False,regular,2026,1,401858207,margin_ensemble_mean_probability,ensemble,margin,/groups/bsavoie2/tburton2/TDNet/publication_artifacts/corrected_f6_wide_margin_roster/through_2025_v1/checkpoints/margin_ensemble_mean_probability.pkl,8f9a35345f517b4b59c80a436063bf938326ff4bcbba098d7f4d0f6b9f87f150,F6,2,2,7.298448227533015,0.6212406731769817,Pittsburgh,0.24248134635396346,2026-09-03T12:59:40.374112+00:00
401858432,2026,1,2026-09-05T16:30:00.000Z,Ohio State,Ball State,False,False,regular,2026,1,401858432,margin_ensemble_mean_probability,ensemble,margin,/groups/bsavoie2/tburton2/TDNet/publication_artifacts/corrected_f6_wide_margin_roster/through_2025_v1/checkpoints/margin_ensemble_mean_probability.pkl,8f9a35345f517b4b59c80a436063bf938326ff4bcbba098d7f4d0f6b9f87f150,F6,2,2,25.97354691165254,0.841367987628592,Ohio State,0.682735975257184,2026-09-03T12:59:40.374112+00:00
401856665,2026,1,2026-09-05T16:45:00.000Z,South Carolina,Kent State,False,False,regular,2026,1,401856665,margin_ensemble_mean_probability,ensemble,margin,/groups/bsavoie2/tburton2/TDNet/publication_artifacts/corrected_f6_wide_margin_roster/through_2025_v1/checkpoints/margin_ensemble_mean_probability.pkl,8f9a35345f517b4b59c80a436063bf938326ff4bcbba098d7f4d0f6b9f87f150,F6,2,2,15.484476597438771,0.7366320597555122,South Carolina,0.4732641195110243,2026-09-03T12:59:40.374112+00:00
401858433,2026,1,2026-09-05T19:30:00.000Z,Oregon,Boise State,False,False,regular,2026,1,401858433,margin_ensemble_mean_probability,ensemble,margin,/groups/bsavoie2/tburton2/TDNet/publication_artifacts/corrected_f6_wide_margin_roster/through_2025_v1/checkpoints/margin_ensemble_mean_probability.pkl,8f9a35345f517b4b59c80a436063bf938326ff4bcbba098d7f4d0f6b9f87f150,F6,2,2,14.624514325695822,0.727325153686457,Oregon,0.454650307372914,2026-09-03T12:59:40.374112+00:00
401856636,2026,1,2026-09-05T19:30:00.000Z,Auburn,Baylor,True,False,regular,2026,1,401856636,margin_ensemble_mean_probability,ensemble,margin,/groups/bsavoie2/tburton2/TDNet/publication_artifacts/corrected_f6_wide_margin_roster/through_2025_v1/checkpoints/margin_ensemble_mean_probability.pkl,8f9a35345f517b4b59c80a436063bf938326ff4bcbba098d7f4d0f6b9f87f150,F6,2,2,5.082349876201514,0.5880038657914191,Auburn,0.1760077315828381,2026-09-03T12:59:40.374112+00:00
401856667,2026,1,2026-09-05T19:30:00.000Z,Texas,Texas State,False,False,regular,2026,1,401856667,margin_ensemble_mean_probability,ensemble,margin,/groups/bsavoie2/tburton2/TDNet/publication_artifacts/corrected_f6_wide_margin_roster/through_2025_v1/checkpoints/margin_ensemble_mean_probability.pkl,8f9a35345f517b4b59c80a436063bf938326ff4bcbba098d7f4d0f6b9f87f150,F6,2,2,6.772918508418831,0.6068926683563752,Texas,0.21378533671275046,2026-09-03T12:59:40.374112+00:00
401858434,2026,1,2026-09-05T19:30:00.000Z,Penn State,Marshall,False,False,regular,2026,1,401858434,margin_ensemble_mean_probability,ensemble,margin,/groups/bsavoie2/tburton2/TDNet/publication_artifacts/corrected_f6_wide_margin_roster/through_2025_v1/checkpoints/margin_ensemble_mean_probability.pkl,8f9a35345f517b4b59c80a436063bf938326ff4bcbba098d7f4d0f6b9f87f150,F6,2,2,6.3632004584554585,0.6039015367656844,Penn State,0.20780307353136873,2026-09-03T12:59:40.374112+00:00
401858209,2026,1,2026-09-05T19:30:00.000Z,Duke,Tulane,False,False,regular,2026,1,401858209,margin_ensemble_mean_probability,ensemble,margin,/groups/bsavoie2/tburton2/TDNet/publication_artifacts/corrected_f6_wide_margin_roster/through_2025_v1/checkpoints/margin_ensemble_mean_probability.pkl,8f9a35345f517b4b59c80a436063bf938326ff4bcbba098d7f4d0f6b9f87f150,F6,2,2,7.9059672364546225,0.6253784235333952,Duke,0.25075684706679047,2026-09-03T12:59:40.374112+00:00
401856777,2026,1,2026-09-05T19:30:00.000Z,Cincinnati,Boston College,False,False,regular,2026,1,401856777,margin_ensemble_mean_probability,ensemble,margin,/groups/bsavoie2/tburton2/TDNet/publication_artifacts/corrected_f6_wide_margin_roster/through_2025_v1/checkpoints/margin_ensemble_mean_probability.pkl,8f9a35345f517b4b59c80a436063bf938326ff4bcbba098d7f4d0f6b9f87f150,F6,2,2,4.361238658219479,0.5762884639842637,Cincinnati,0.1525769279685274,2026-09-03T12:59:40.374112+00:00
401856772,2026,1,2026-09-05T19:45:00.000Z,Tulsa,Oklahoma State,False,False,regular,2026,1,401856772,margin_ensemble_mean_probability,ensemble,margin,/groups/bsavoie2/tburton2/TDNet/publication_artifacts/corrected_f6_wide_margin_roster/through_2025_v1/checkpoints/margin_ensemble_mean_probability.pkl,8f9a35345f517b4b59c80a436063bf938326ff4bcbba098d7f4d0f6b9f87f150,F6,2,2,6.871916570850896,0.618917741398425,Tulsa,0.23783548279685007,2026-09-03T12:59:40.374112+00:00
401858426,2026,1,2026-09-05T20:15:00.000Z,Iowa,Northern Illinois,False,False,regular,2026,1,401858426,margin_ensemble_mean_probability,ensemble,margin,/groups/bsavoie2/tburton2/TDNet/publication_artifacts/corrected_f6_wide_margin_roster/through_2025_v1/checkpoints/margin_ensemble_mean_probability.pkl,8f9a35345f517b4b59c80a436063bf938326ff4bcbba098d7f4d0f6b9f87f150,F6,2,2,14.645306004486272,0.7253670791222337,Iowa,0.4507341582444675,2026-09-03T12:59:40.374112+00:00
401860878,2026,1,2026-09-05T22:00:00.000Z,Colorado State,Wyoming,False,False,regular,2026,1,401860878,margin_ensemble_mean_probability,ensemble,margin,/groups/bsavoie2/tburton2/TDNet/publication_artifacts/corrected_f6_wide_margin_roster/through_2025_v1/checkpoints/margin_ensemble_mean_probability.pkl,8f9a35345f517b4b59c80a436063bf938326ff4bcbba098d7f4d0f6b9f87f150,F6,2,2,7.321111193394925,0.6180641772551251,Colorado State,0.23612835451025016,2026-09-03T12:59:40.374112+00:00
401856668,2026,1,2026-09-05T23:00:00.000Z,Texas A&M,Missouri State,False,False,regular,2026,1,401856668,margin_ensemble_mean_probability,ensemble,margin,/groups/bsavoie2/tburton2/TDNet/publication_artifacts/corrected_f6_wide_margin_roster/through_2025_v1/checkpoints/margin_ensemble_mean_probability.pkl,8f9a35345f517b4b59c80a436063bf938326ff4bcbba098d7f4d0f6b9f87f150,F6,2,2,15.473995356372074,0.7330616455380948,Texas A&M,0.46612329107618966,2026-09-03T12:59:40.374112+00:00
401862695,2026,1,2026-09-05T23:00:00.000Z,Memphis,Arkansas State,False,False,regular,2026,1,401862695,margin_ensemble_mean_probability,ensemble,margin,/groups/bsavoie2/tburton2/TDNet/publication_artifacts/corrected_f6_wide_margin_roster/through_2025_v1/checkpoints/margin_ensemble_mean_probability.pkl,8f9a35345f517b4b59c80a436063bf938326ff4bcbba098d7f4d0f6b9f87f150,F6,2,2,11.114965919289684,0.683141761116426,Memphis,0.366283522232852,2026-09-03T12:59:40.374112+00:00
401870763,2026,1,2026-09-05T23:00:00.000Z,Troy,Sam Houston,False,False,regular,2026,1,401870763,margin_ensemble_mean_probability,ensemble,margin,/groups/bsavoie2/tburton2/TDNet/publication_artifacts/corrected_f6_wide_margin_roster/through_2025_v1/checkpoints/margin_ensemble_mean_probability.pkl,8f9a35345f517b4b59c80a436063bf938326ff4bcbba098d7f4d0f6b9f87f150,F6,2,2,12.727242179588853,0.7033496619861845,Troy,0.4066993239723691,2026-09-03T12:59:40.374112+00:00
401862699,2026,1,2026-09-05T23:00:00.000Z,South Florida,Florida International,False,False,regular,2026,1,401862699,margin_ensemble_mean_probability,ensemble,margin,/groups/bsavoie2/tburton2/TDNet/publication_artifacts/corrected_f6_wide_margin_roster/through_2025_v1/checkpoints/margin_ensemble_mean_probability.pkl,8f9a35345f517b4b59c80a436063bf938326ff4bcbba098d7f4d0f6b9f87f150,F6,2,2,11.147234667223142,0.6831896780014517,South Florida,0.3663793560029034,2026-09-03T12:59:40.374112+00:00
401858428,2026,1,2026-09-05T23:30:00.000Z,Michigan,Western Michigan,False,False,regular,2026,1,401858428,margin_ensemble_mean_probability,ensemble,margin,/groups/bsavoie2/tburton2/TDNet/publication_artifacts/corrected_f6_wide_margin_roster/through_2025_v1/checkpoints/margin_ensemble_mean_probability.pkl,8f9a35345f517b4b59c80a436063bf938326ff4bcbba098d7f4d0f6b9f87f150,F6,2,2,10.230733903401719,0.6591445627767553,Michigan,0.3182891255535105,2026-09-03T12:59:40.374112+00:00
401856662,2026,1,2026-09-05T23:30:00.000Z,Mississippi State,UL Monroe,False,False,regular,2026,1,401856662,margin_ensemble_mean_probability,ensemble,margin,/groups/bsavoie2/tburton2/TDNet/publication_artifacts/corrected_f6_wide_margin_roster/through_2025_v1/checkpoints/margin_ensemble_mean_probability.pkl,8f9a35345f517b4b59c80a436063bf938326ff4bcbba098d7f4d0f6b9f87f150,F6,2,2,11.165373294201466,0.6806141125179975,Mississippi State,0.36122822503599505,2026-09-03T12:59:40.374112+00:00
401856660,2026,1,2026-09-05T23:30:00.000Z,LSU,Clemson,False,False,regular,2026,1,401856660,margin_ensemble_mean_probability,ensemble,margin,/groups/bsavoie2/tburton2/TDNet/publication_artifacts/corrected_f6_wide_margin_roster/through_2025_v1/checkpoints/margin_ensemble_mean_probability.pkl,8f9a35345f517b4b59c80a436063bf938326ff4bcbba098d7f4d0f6b9f87f150,F6,2,2,1.5730404341947724,0.5253006928092825,LSU,0.050601385618564976,2026-09-03T12:59:40.374112+00:00
401864498,2026,1,2026-09-06T02:00:00.000Z,New Mexico,Central Michigan,False,False,regular,2026,1,401864498,margin_ensemble_mean_probability,ensemble,margin,/groups/bsavoie2/tburton2/TDNet/publication_artifacts/corrected_f6_wide_margin_roster/through_2025_v1/checkpoints/margin_ensemble_mean_probability.pkl,8f9a35345f517b4b59c80a436063bf938326ff4bcbba098d7f4d0f6b9f87f150,F6,2,2,5.823584316735483,0.5984134635048847,New Mexico,0.19682692700976934,2026-09-03T12:59:40.374112+00:00
401864497,2026,1,2026-09-06T02:00:00.000Z,Hawai'i,UNLV,False,True,regular,2026,1,401864497,margin_ensemble_mean_probability,ensemble,margin,/groups/bsavoie2/tburton2/TDNet/publication_artifacts/corrected_f6_wide_margin_roster/through_2025_v1/checkpoints/margin_ensemble_mean_probability.pkl,8f9a35345f517b4b59c80a436063bf938326ff4bcbba098d7f4d0f6b9f87f150,F6,2,2,-7.218048686384935,0.38077679489604416,UNLV,0.23844641020791169,2026-09-03T12:59:40.374112+00:00
401864432,2026,1,2026-09-06T02:30:00.000Z,Nevada,Western Kentucky,False,False,regular,2026,1,401864432,margin_ensemble_mean_probability,ensemble,margin,/groups/bsavoie2/tburton2/TDNet/publication_artifacts/corrected_f6_wide_margin_roster/through_2025_v1/checkpoints/margin_ensemble_mean_probability.pkl,8f9a35345f517b4b59c80a436063bf938326ff4bcbba098d7f4d0f6b9f87f150,F6,2,2,-5.076040118182308,0.4108580921300607,Western Kentucky,0.17828381573987861,2026-09-03T12:59:40.374112+00:00
401858210,2026,1,2026-09-06T02:30:00.000Z,California,UCLA,False,False,regular,2026,1,401858210,margin_ensemble_mean_probability,ensemble,margin,/groups/bsavoie2/tburton2/TDNet/publication_artifacts/corrected_f6_wide_margin_roster/through_2025_v1/checkpoints/margin_ensemble_mean_probability.pkl,8f9a35345f517b4b59c80a436063bf938326ff4bcbba098d7f4d0f6b9f87f150,F6,2,2,3.1155627582475924,0.555206788395678,California,0.1104135767913561,2026-09-03T12:59:40.374112+00:00
401858437,2026,1,2026-09-06T20:00:00.000Z,Washington,Washington State,False,False,regular,2026,1,401858437,margin_ensemble_mean_probability,ensemble,margin,/groups/bsavoie2/tburton2/TDNet/publication_artifacts/corrected_f6_wide_margin_roster/through_2025_v1/checkpoints/margin_ensemble_mean_probability.pkl,8f9a35345f517b4b59c80a436063bf938326ff4bcbba098d7f4d0f6b9f87f150,F6,2,2,8.61780993925596,0.6458940616158297,Washington,0.2917881232316595,2026-09-03T12:59:40.374112+00:00
401856661,2026,1,2026-09-06T23:30:00.000Z,Ole Miss,Louisville,True,False,regular,2026,1,401856661,margin_ensemble_mean_probability,ensemble,margin,/groups/bsavoie2/tburton2/TDNet/publication_artifacts/corrected_f6_wide_margin_roster/through_2025_v1/checkpoints/margin_ensemble_mean_probability.pkl,8f9a35345f517b4b59c80a436063bf938326ff4bcbba098d7f4d0f6b9f87f150,F6,2,2,9.03996910494222,0.6505227009790536,Ole Miss,0.30104540195810725,2026-09-03T12:59:40.374112+00:00
401858438,2026,1,2026-09-06T23:30:00.000Z,Notre Dame,Wisconsin,True,False,regular,2026,1,401858438,margin_ensemble_mean_probability,ensemble,margin,/groups/bsavoie2/tburton2/TDNet/publication_artifacts/corrected_f6_wide_margin_roster/through_2025_v1/checkpoints/margin_ensemble_mean_probability.pkl,8f9a35345f517b4b59c80a436063bf938326ff4bcbba098d7f4d0f6b9f87f150,F6,2,2,17.170629225220857,0.7608818336565872,Notre Dame,0.5217636673131745,2026-09-03T12:59:40.374112+00:00
401858212,2026,1,2026-09-07T23:30:00.000Z,Florida State,SMU,False,True,regular,2026,1,401858212,margin_ensemble_mean_probability,ensemble,margin,/groups/bsavoie2/tburton2/TDNet/publication_artifacts/corrected_f6_wide_margin_roster/through_2025_v1/checkpoints/margin_ensemble_mean_probability.pkl,8f9a35345f517b4b59c80a436063bf938326ff4bcbba098d7f4d0f6b9f87f150,F6,2,2,1.8719063758079733,0.5322986051610487,Florida State,0.06459721032209731,2026-09-03T12:59:40.374112+00:00
401858423,2026,1,2026-09-03T22:00:00.000Z,Rutgers,Massachusetts,False,False,regular,2026,1,401858423,margin_ensemble_median_margin,ensemble,margin,/groups/bsavoie2/tburton2/TDNet/publication_artifacts/corrected_f6_wide_margin_roster/through_2025_v1/checkpoints/margin_ensemble_median_margin.pkl,bbe4bafcef438b4a7aa536f9f79dd7a00c65f32da115301518cb59dbc5067188,F6,3,3,22.49875613265401,0.8011299557966138,Rutgers,0.6022599115932277,2026-09-03T12:59:40.374112+00:00
401858204,2026,1,2026-09-03T23:00:00.000Z,Wake Forest,Akron,False,False,regular,2026,1,401858204,margin_ensemble_median_margin,ensemble,margin,/groups/bsavoie2/tburton2/TDNet/publication_artifacts/corrected_f6_wide_margin_roster/through_2025_v1/checkpoints/margin_ensemble_median_margin.pkl,bbe4bafcef438b4a7aa536f9f79dd7a00c65f32da115301518cb59dbc5067188,F6,3,3,8.884490665768446,0.6434542213036567,Wake Forest,0.2869084426073134,2026-09-03T12:59:40.374112+00:00
401856776,2026,1,2026-09-04T00:00:00.000Z,Georgia Tech,Colorado,False,False,regular,2026,1,401856776,margin_ensemble_median_margin,ensemble,margin,/groups/bsavoie2/tburton2/TDNet/publication_artifacts/corrected_f6_wide_margin_roster/through_2025_v1/checkpoints/margin_ensemble_median_margin.pkl,bbe4bafcef438b4a7aa536f9f79dd7a00c65f32da115301518cb59dbc5067188,F6,3,3,10.399902489385092,0.6588238937623774,Georgia Tech,0.31764778752475475,2026-09-03T12:59:40.374112+00:00
401858424,2026,1,2026-09-04T01:00:00.000Z,Illinois,UAB,False,False,regular,2026,1,401858424,margin_ensemble_median_margin,ensemble,margin,/groups/bsavoie2/tburton2/TDNet/publication_artifacts/corrected_f6_wide_margin_roster/through_2025_v1/checkpoints/margin_ensemble_median_margin.pkl,bbe4bafcef438b4a7aa536f9f79dd7a00c65f32da115301518cb59dbc5067188,F6,3,3,13.015770694428213,0.6907459311978905,Illinois,0.38149186239578103,2026-09-03T12:59:40.374112+00:00
401864495,2026,1,2026-09-04T22:30:00.000Z,Eastern Michigan,San José State,False,False,regular,2026,1,401864495,margin_ensemble_median_margin,ensemble,margin,/groups/bsavoie2/tburton2/TDNet/publication_artifacts/corrected_f6_wide_margin_roster/through_2025_v1/checkpoints/margin_ensemble_median_margin.pkl,bbe4bafcef438b4a7aa536f9f79dd7a00c65f32da115301518cb59dbc5067188,F6,3,3,8.192276975613439,0.6433648179516255,Eastern Michigan,0.28672963590325096,2026-09-03T12:59:40.374112+00:00
401856664,2026,1,2026-09-05T00:00:00.000Z,Oklahoma,UTEP,False,False,regular,2026,1,401856664,margin_ensemble_median_margin,ensemble,margin,/groups/bsavoie2/tburton2/TDNet/publication_artifacts/corrected_f6_wide_margin_roster/through_2025_v1/checkpoints/margin_ensemble_median_margin.pkl,bbe4bafcef438b4a7aa536f9f79dd7a00c65f32da115301518cb59dbc5067188,F6,3,3,20.519063331640425,0.7762120105692265,Oklahoma,0.552424021138453,2026-09-03T12:59:40.374112+00:00
401858429,2026,1,2026-09-05T00:00:00.000Z,Michigan State,Toledo,False,False,regular,2026,1,401858429,margin_ensemble_median_margin,ensemble,margin,/groups/bsavoie2/tburton2/TDNet/publication_artifacts/corrected_f6_wide_margin_roster/through_2025_v1/checkpoints/margin_ensemble_median_margin.pkl,bbe4bafcef438b4a7aa536f9f79dd7a00c65f32da115301518cb59dbc5067188,F6,3,3,-3.501756512159514,0.4483685139167438,Toledo,0.10326297216651237,2026-09-03T12:59:40.374112+00:00
401858436,2026,1,2026-09-05T01:00:00.000Z,USC,Fresno State,False,False,regular,2026,1,401858436,margin_ensemble_median_margin,ensemble,margin,/groups/bsavoie2/tburton2/TDNet/publication_artifacts/corrected_f6_wide_margin_roster/through_2025_v1/checkpoints/margin_ensemble_median_margin.pkl,bbe4bafcef438b4a7aa536f9f79dd7a00c65f32da115301518cb59dbc5067188,F6,3,3,15.493890492826164,0.717235981145917,USC,0.43447196229183405,2026-09-03T12:59:40.374112+00:00
401858206,2026,1,2026-09-05T01:00:00.000Z,Stanford,Miami,False,True,regular,2026,1,401858206,margin_ensemble_median_margin,ensemble,margin,/groups/bsavoie2/tburton2/TDNet/publication_artifacts/corrected_f6_wide_margin_roster/through_2025_v1/checkpoints/margin_ensemble_median_margin.pkl,bbe4bafcef438b4a7aa536f9f79dd7a00c65f32da115301518cb59dbc5067188,F6,3,3,-5.972927914623855,0.39038738083578967,Miami,0.21922523832842067,2026-09-03T12:59:40.374112+00:00
401856637,2026,1,2026-09-05T23:45:00.000Z,Florida,Florida Atlantic,False,False,regular,2026,1,401856637,margin_ensemble_median_margin,ensemble,margin,/groups/bsavoie2/tburton2/TDNet/publication_artifacts/corrected_f6_wide_margin_roster/through_2025_v1/checkpoints/margin_ensemble_median_margin.pkl,bbe4bafcef438b4a7aa536f9f79dd7a00c65f32da115301518cb59dbc5067188,F6,3,3,13.199388510008056,0.6833013571098335,Florida,0.36660271421966706,2026-09-03T12:59:40.374112+00:00
401858430,2026,1,2026-09-05T16:00:00.000Z,Nebraska,Ohio,False,False,regular,2026,1,401858430,margin_ensemble_median_margin,ensemble,margin,/groups/bsavoie2/tburton2/TDNet/publication_artifacts/corrected_f6_wide_margin_roster/through_2025_v1/checkpoints/margin_ensemble_median_margin.pkl,bbe4bafcef438b4a7aa536f9f79dd7a00c65f32da115301518cb59dbc5067188,F6,3,3,5.351455581275461,0.6061734487778666,Nebraska,0.21234689755573322,2026-09-03T12:59:40.374112+00:00
401856780,2026,1,2026-09-05T16:00:00.000Z,West Virginia,Coastal Carolina,False,False,regular,2026,1,401856780,margin_ensemble_median_margin,ensemble,margin,/groups/bsavoie2/tburton2/TDNet/publication_artifacts/corrected_f6_wide_margin_roster/through_2025_v1/checkpoints/margin_ensemble_median_margin.pkl,bbe4bafcef438b4a7aa536f9f79dd7a00c65f32da115301518cb59dbc5067188,F6,3,3,9.301458807448228,0.6558993007666508,West Virginia,0.31179860153330163,2026-09-03T12:59:40.374112+00:00
401856634,2026,1,2026-09-05T16:00:00.000Z,Alabama,East Carolina,False,False,regular,2026,1,401856634,margin_ensemble_median_margin,ensemble,margin,/groups/bsavoie2/tburton2/TDNet/publication_artifacts/corrected_f6_wide_margin_roster/through_2025_v1/checkpoints/margin_ensemble_median_margin.pkl,bbe4bafcef438b4a7aa536f9f79dd7a00c65f32da115301518cb59dbc5067188,F6,3,3,5.990886395184985,0.618251589062038,Alabama,0.23650317812407606,2026-09-03T12:59:40.374112+00:00
401856778,2026,1,2026-09-05T16:00:00.000Z,Houston,Oregon State,False,False,regular,2026,1,401856778,margin_ensemble_median_margin,ensemble,margin,/groups/bsavoie2/tburton2/TDNet/publication_artifacts/corrected_f6_wide_margin_roster/through_2025_v1/checkpoints/margin_ensemble_median_margin.pkl,bbe4bafcef438b4a7aa536f9f79dd7a00c65f32da115301518cb59dbc5067188,F6,3,3,9.964293305748575,0.6452898661484827,Houston,0.29057973229696543,2026-09-03T12:59:40.374112+00:00
401858425,2026,1,2026-09-05T16:00:00.000Z,Indiana,North Texas,False,False,regular,2026,1,401858425,margin_ensemble_median_margin,ensemble,margin,/groups/bsavoie2/tburton2/TDNet/publication_artifacts/corrected_f6_wide_margin_roster/through_2025_v1/checkpoints/margin_ensemble_median_margin.pkl,bbe4bafcef438b4a7aa536f9f79dd7a00c65f32da115301518cb59dbc5067188,F6,3,3,11.023770698611616,0.6802099908290373,Indiana,0.36041998165807465,2026-09-03T12:59:40.374112+00:00
401869960,2026,1,2026-09-05T16:00:00.000Z,James Madison,Liberty,False,False,regular,2026,1,401869960,margin_ensemble_median_margin,ensemble,margin,/groups/bsavoie2/tburton2/TDNet/publication_artifacts/corrected_f6_wide_margin_roster/through_2025_v1/checkpoints/margin_ensemble_median_margin.pkl,bbe4bafcef438b4a7aa536f9f79dd7a00c65f32da115301518cb59dbc5067188,F6,3,3,9.470633522883348,0.6512738246321643,James Madison,0.30254764926432864,2026-09-03T12:59:40.374112+00:00
401858207,2026,1,2026-09-05T16:30:00.000Z,Pittsburgh,Miami (OH),False,False,regular,2026,1,401858207,margin_ensemble_median_margin,ensemble,margin,/groups/bsavoie2/tburton2/TDNet/publication_artifacts/corrected_f6_wide_margin_roster/through_2025_v1/checkpoints/margin_ensemble_median_margin.pkl,bbe4bafcef438b4a7aa536f9f79dd7a00c65f32da115301518cb59dbc5067188,F6,3,3,7.305777784378157,0.6212406731769817,Pittsburgh,0.24248134635396346,2026-09-03T12:59:40.374112+00:00
401858432,2026,1,2026-09-05T16:30:00.000Z,Ohio State,Ball State,False,False,regular,2026,1,401858432,margin_ensemble_median_margin,ensemble,margin,/groups/bsavoie2/tburton2/TDNet/publication_artifacts/corrected_f6_wide_margin_roster/through_2025_v1/checkpoints/margin_ensemble_median_margin.pkl,bbe4bafcef438b4a7aa536f9f79dd7a00c65f32da115301518cb59dbc5067188,F6,3,3,29.75625251087402,0.841367987628592,Ohio State,0.682735975257184,2026-09-03T12:59:40.374112+00:00
401856665,2026,1,2026-09-05T16:45:00.000Z,South Carolina,Kent State,False,False,regular,2026,1,401856665,margin_ensemble_median_margin,ensemble,margin,/groups/bsavoie2/tburton2/TDNet/publication_artifacts/corrected_f6_wide_margin_roster/through_2025_v1/checkpoints/margin_ensemble_median_margin.pkl,bbe4bafcef438b4a7aa536f9f79dd7a00c65f32da115301518cb59dbc5067188,F6,3,3,15.420587899329552,0.7366320597555122,South Carolina,0.4732641195110243,2026-09-03T12:59:40.374112+00:00
401858433,2026,1,2026-09-05T19:30:00.000Z,Oregon,Boise State,False,False,regular,2026,1,401858433,margin_ensemble_median_margin,ensemble,margin,/groups/bsavoie2/tburton2/TDNet/publication_artifacts/corrected_f6_wide_margin_roster/through_2025_v1/checkpoints/margin_ensemble_median_margin.pkl,bbe4bafcef438b4a7aa536f9f79dd7a00c65f32da115301518cb59dbc5067188,F6,3,3,16.726324780480567,0.727325153686457,Oregon,0.454650307372914,2026-09-03T12:59:40.374112+00:00
401856636,2026,1,2026-09-05T19:30:00.000Z,Auburn,Baylor,True,False,regular,2026,1,401856636,margin_ensemble_median_margin,ensemble,margin,/groups/bsavoie2/tburton2/TDNet/publication_artifacts/corrected_f6_wide_margin_roster/through_2025_v1/checkpoints/margin_ensemble_median_margin.pkl,bbe4bafcef438b4a7aa536f9f79dd7a00c65f32da115301518cb59dbc5067188,F6,3,3,6.157393568962876,0.5880038657914191,Auburn,0.1760077315828381,2026-09-03T12:59:40.374112+00:00
401856667,2026,1,2026-09-05T19:30:00.000Z,Texas,Texas State,False,False,regular,2026,1,401856667,margin_ensemble_median_margin,ensemble,margin,/groups/bsavoie2/tburton2/TDNet/publication_artifacts/corrected_f6_wide_margin_roster/through_2025_v1/checkpoints/margin_ensemble_median_margin.pkl,bbe4bafcef438b4a7aa536f9f79dd7a00c65f32da115301518cb59dbc5067188,F6,3,3,5.232396728075687,0.6068926683563752,Texas,0.21378533671275046,2026-09-03T12:59:40.374112+00:00
401858434,2026,1,2026-09-05T19:30:00.000Z,Penn State,Marshall,False,False,regular,2026,1,401858434,margin_ensemble_median_margin,ensemble,margin,/groups/bsavoie2/tburton2/TDNet/publication_artifacts/corrected_f6_wide_margin_roster/through_2025_v1/checkpoints/margin_ensemble_median_margin.pkl,bbe4bafcef438b4a7aa536f9f79dd7a00c65f32da115301518cb59dbc5067188,F6,3,3,5.595692928626146,0.6039015367656844,Penn State,0.20780307353136873,2026-09-03T12:59:40.374112+00:00
401858209,2026,1,2026-09-05T19:30:00.000Z,Duke,Tulane,False,False,regular,2026,1,401858209,margin_ensemble_median_margin,ensemble,margin,/groups/bsavoie2/tburton2/TDNet/publication_artifacts/corrected_f6_wide_margin_roster/through_2025_v1/checkpoints/margin_ensemble_median_margin.pkl,bbe4bafcef438b4a7aa536f9f79dd7a00c65f32da115301518cb59dbc5067188,F6,3,3,6.047625684291754,0.6253784235333952,Duke,0.25075684706679047,2026-09-03T12:59:40.374112+00:00
401856777,2026,1,2026-09-05T19:30:00.000Z,Cincinnati,Boston College,False,False,regular,2026,1,401856777,margin_ensemble_median_margin,ensemble,margin,/groups/bsavoie2/tburton2/TDNet/publication_artifacts/corrected_f6_wide_margin_roster/through_2025_v1/checkpoints/margin_ensemble_median_margin.pkl,bbe4bafcef438b4a7aa536f9f79dd7a00c65f32da115301518cb59dbc5067188,F6,3,3,4.656561854995569,0.5762884639842637,Cincinnati,0.1525769279685274,2026-09-03T12:59:40.374112+00:00
401856772,2026,1,2026-09-05T19:45:00.000Z,Tulsa,Oklahoma State,False,False,regular,2026,1,401856772,margin_ensemble_median_margin,ensemble,margin,/groups/bsavoie2/tburton2/TDNet/publication_artifacts/corrected_f6_wide_margin_roster/through_2025_v1/checkpoints/margin_ensemble_median_margin.pkl,bbe4bafcef438b4a7aa536f9f79dd7a00c65f32da115301518cb59dbc5067188,F6,3,3,7.572385723698664,0.618917741398425,Tulsa,0.23783548279685007,2026-09-03T12:59:40.374112+00:00
401858426,2026,1,2026-09-05T20:15:00.000Z,Iowa,Northern Illinois,False,False,regular,2026,1,401858426,margin_ensemble_median_margin,ensemble,margin,/groups/bsavoie2/tburton2/TDNet/publication_artifacts/corrected_f6_wide_margin_roster/through_2025_v1/checkpoints/margin_ensemble_median_margin.pkl,bbe4bafcef438b4a7aa536f9f79dd7a00c65f32da115301518cb59dbc5067188,F6,3,3,16.10888843504791,0.7253670791222337,Iowa,0.4507341582444675,2026-09-03T12:59:40.374112+00:00
401860878,2026,1,2026-09-05T22:00:00.000Z,Colorado State,Wyoming,False,False,regular,2026,1,401860878,margin_ensemble_median_margin,ensemble,margin,/groups/bsavoie2/tburton2/TDNet/publication_artifacts/corrected_f6_wide_margin_roster/through_2025_v1/checkpoints/margin_ensemble_median_margin.pkl,bbe4bafcef438b4a7aa536f9f79dd7a00c65f32da115301518cb59dbc5067188,F6,3,3,5.85096966054411,0.6180641772551251,Colorado State,0.23612835451025016,2026-09-03T12:59:40.374112+00:00
401856668,2026,1,2026-09-05T23:00:00.000Z,Texas A&M,Missouri State,False,False,regular,2026,1,401856668,margin_ensemble_median_margin,ensemble,margin,/groups/bsavoie2/tburton2/TDNet/publication_artifacts/corrected_f6_wide_margin_roster/through_2025_v1/checkpoints/margin_ensemble_median_margin.pkl,bbe4bafcef438b4a7aa536f9f79dd7a00c65f32da115301518cb59dbc5067188,F6,3,3,16.1168176354253,0.7330616455380948,Texas A&M,0.46612329107618966,2026-09-03T12:59:40.374112+00:00
401862695,2026,1,2026-09-05T23:00:00.000Z,Memphis,Arkansas State,False,False,regular,2026,1,401862695,margin_ensemble_median_margin,ensemble,margin,/groups/bsavoie2/tburton2/TDNet/publication_artifacts/corrected_f6_wide_margin_roster/through_2025_v1/checkpoints/margin_ensemble_median_margin.pkl,bbe4bafcef438b4a7aa536f9f79dd7a00c65f32da115301518cb59dbc5067188,F6,3,3,12.800740325713978,0.683141761116426,Memphis,0.366283522232852,2026-09-03T12:59:40.374112+00:00
401870763,2026,1,2026-09-05T23:00:00.000Z,Troy,Sam Houston,False,False,regular,2026,1,401870763,margin_ensemble_median_margin,ensemble,margin,/groups/bsavoie2/tburton2/TDNet/publication_artifacts/corrected_f6_wide_margin_roster/through_2025_v1/checkpoints/margin_ensemble_median_margin.pkl,bbe4bafcef438b4a7aa536f9f79dd7a00c65f32da115301518cb59dbc5067188,F6,3,3,12.721252611068088,0.7033496619861845,Troy,0.4066993239723691,2026-09-03T12:59:40.374112+00:00
401862699,2026,1,2026-09-05T23:00:00.000Z,South Florida,Florida International,False,False,regular,2026,1,401862699,margin_ensemble_median_margin,ensemble,margin,/groups/bsavoie2/tburton2/TDNet/publication_artifacts/corrected_f6_wide_margin_roster/through_2025_v1/checkpoints/margin_ensemble_median_margin.pkl,bbe4bafcef438b4a7aa536f9f79dd7a00c65f32da115301518cb59dbc5067188,F6,3,3,11.337594611237975,0.6831896780014517,South Florida,0.3663793560029034,2026-09-03T12:59:40.374112+00:00
401858428,2026,1,2026-09-05T23:30:00.000Z,Michigan,Western Michigan,False,False,regular,2026,1,401858428,margin_ensemble_median_margin,ensemble,margin,/groups/bsavoie2/tburton2/TDNet/publication_artifacts/corrected_f6_wide_margin_roster/through_2025_v1/checkpoints/margin_ensemble_median_margin.pkl,bbe4bafcef438b4a7aa536f9f79dd7a00c65f32da115301518cb59dbc5067188,F6,3,3,7.97984965129994,0.6591445627767553,Michigan,0.3182891255535105,2026-09-03T12:59:40.374112+00:00
401856662,2026,1,2026-09-05T23:30:00.000Z,Mississippi State,UL Monroe,False,False,regular,2026,1,401856662,margin_ensemble_median_margin,ensemble,margin,/groups/bsavoie2/tburton2/TDNet/publication_artifacts/corrected_f6_wide_margin_roster/through_2025_v1/checkpoints/margin_ensemble_median_margin.pkl,bbe4bafcef438b4a7aa536f9f79dd7a00c65f32da115301518cb59dbc5067188,F6,3,3,13.358738088080884,0.6806141125179975,Mississippi State,0.36122822503599505,2026-09-03T12:59:40.374112+00:00
401856660,2026,1,2026-09-05T23:30:00.000Z,LSU,Clemson,False,False,regular,2026,1,401856660,margin_ensemble_median_margin,ensemble,margin,/groups/bsavoie2/tburton2/TDNet/publication_artifacts/corrected_f6_wide_margin_roster/through_2025_v1/checkpoints/margin_ensemble_median_margin.pkl,bbe4bafcef438b4a7aa536f9f79dd7a00c65f32da115301518cb59dbc5067188,F6,3,3,1.709543810182154,0.5253006928092825,LSU,0.050601385618564976,2026-09-03T12:59:40.374112+00:00
401864498,2026,1,2026-09-06T02:00:00.000Z,New Mexico,Central Michigan,False,False,regular,2026,1,401864498,margin_ensemble_median_margin,ensemble,margin,/groups/bsavoie2/tburton2/TDNet/publication_artifacts/corrected_f6_wide_margin_roster/through_2025_v1/checkpoints/margin_ensemble_median_margin.pkl,bbe4bafcef438b4a7aa536f9f79dd7a00c65f32da115301518cb59dbc5067188,F6,3,3,5.607116478582423,0.5984134635048847,New Mexico,0.19682692700976934,2026-09-03T12:59:40.374112+00:00
401864497,2026,1,2026-09-06T02:00:00.000Z,Hawai'i,UNLV,False,True,regular,2026,1,401864497,margin_ensemble_median_margin,ensemble,margin,/groups/bsavoie2/tburton2/TDNet/publication_artifacts/corrected_f6_wide_margin_roster/through_2025_v1/checkpoints/margin_ensemble_median_margin.pkl,bbe4bafcef438b4a7aa536f9f79dd7a00c65f32da115301518cb59dbc5067188,F6,3,3,-6.746668622226341,0.38077679489604416,UNLV,0.23844641020791169,2026-09-03T12:59:40.374112+00:00
401864432,2026,1,2026-09-06T02:30:00.000Z,Nevada,Western Kentucky,False,False,regular,2026,1,401864432,margin_ensemble_median_margin,ensemble,margin,/groups/bsavoie2/tburton2/TDNet/publication_artifacts/corrected_f6_wide_margin_roster/through_2025_v1/checkpoints/margin_ensemble_median_margin.pkl,bbe4bafcef438b4a7aa536f9f79dd7a00c65f32da115301518cb59dbc5067188,F6,3,3,-5.707690609792207,0.4108580921300607,Western Kentucky,0.17828381573987861,2026-09-03T12:59:40.374112+00:00
401858210,2026,1,2026-09-06T02:30:00.000Z,California,UCLA,False,False,regular,2026,1,401858210,margin_ensemble_median_margin,ensemble,margin,/groups/bsavoie2/tburton2/TDNet/publication_artifacts/corrected_f6_wide_margin_roster/through_2025_v1/checkpoints/margin_ensemble_median_margin.pkl,bbe4bafcef438b4a7aa536f9f79dd7a00c65f32da115301518cb59dbc5067188,F6,3,3,3.3360786414733106,0.555206788395678,California,0.1104135767913561,2026-09-03T12:59:40.374112+00:00
401858437,2026,1,2026-09-06T20:00:00.000Z,Washington,Washington State,False,False,regular,2026,1,401858437,margin_ensemble_median_margin,ensemble,margin,/groups/bsavoie2/tburton2/TDNet/publication_artifacts/corrected_f6_wide_margin_roster/through_2025_v1/checkpoints/margin_ensemble_median_margin.pkl,bbe4bafcef438b4a7aa536f9f79dd7a00c65f32da115301518cb59dbc5067188,F6,3,3,9.32346469787121,0.6458940616158297,Washington,0.2917881232316595,2026-09-03T12:59:40.374112+00:00
401856661,2026,1,2026-09-06T23:30:00.000Z,Ole Miss,Louisville,True,False,regular,2026,1,401856661,margin_ensemble_median_margin,ensemble,margin,/groups/bsavoie2/tburton2/TDNet/publication_artifacts/corrected_f6_wide_margin_roster/through_2025_v1/checkpoints/margin_ensemble_median_margin.pkl,bbe4bafcef438b4a7aa536f9f79dd7a00c65f32da115301518cb59dbc5067188,F6,3,3,9.34192246792815,0.6505227009790536,Ole Miss,0.30104540195810725,2026-09-03T12:59:40.374112+00:00
401858438,2026,1,2026-09-06T23:30:00.000Z,Notre Dame,Wisconsin,True,False,regular,2026,1,401858438,margin_ensemble_median_margin,ensemble,margin,/groups/bsavoie2/tburton2/TDNet/publication_artifacts/corrected_f6_wide_margin_roster/through_2025_v1/checkpoints/margin_ensemble_median_margin.pkl,bbe4bafcef438b4a7aa536f9f79dd7a00c65f32da115301518cb59dbc5067188,F6,3,3,18.81418641969755,0.7608818336565872,Notre Dame,0.5217636673131745,2026-09-03T12:59:40.374112+00:00
401858212,2026,1,2026-09-07T23:30:00.000Z,Florida State,SMU,False,True,regular,2026,1,401858212,margin_ensemble_median_margin,ensemble,margin,/groups/bsavoie2/tburton2/TDNet/publication_artifacts/corrected_f6_wide_margin_roster/through_2025_v1/checkpoints/margin_ensemble_median_margin.pkl,bbe4bafcef438b4a7aa536f9f79dd7a00c65f32da115301518cb59dbc5067188,F6,3,3,2.1729018776849536,0.5322986051610487,Florida State,0.06459721032209731,2026-09-03T12:59:40.374112+00:00
401858423,2026,1,2026-09-03T22:00:00.000Z,Rutgers,Massachusetts,False,False,regular,2026,1,401858423,margin_kernel_gaussian_process,kernel,margin,/groups/bsavoie2/tburton2/TDNet/publication_artifacts/corrected_f6_wide_margin_roster/through_2025_v1/checkpoints/margin_kernel_gaussian_process.pkl,87e9f1426733842b8b25e13fb92b80b924b3660f446a9a16218f6fd465b6a06e,F6,4,4,19.54882977235796,0.8016032520188711,Rutgers,0.6032065040377421,2026-09-03T12:59:40.374112+00:00
401858204,2026,1,2026-09-03T23:00:00.000Z,Wake Forest,Akron,False,False,regular,2026,1,401858204,margin_kernel_gaussian_process,kernel,margin,/groups/bsavoie2/tburton2/TDNet/publication_artifacts/corrected_f6_wide_margin_roster/through_2025_v1/checkpoints/margin_kernel_gaussian_process.pkl,87e9f1426733842b8b25e13fb92b80b924b3660f446a9a16218f6fd465b6a06e,F6,4,4,11.6060812867239,0.6961446717434272,Wake Forest,0.3922893434868544,2026-09-03T12:59:40.374112+00:00
401856776,2026,1,2026-09-04T00:00:00.000Z,Georgia Tech,Colorado,False,False,regular,2026,1,401856776,margin_kernel_gaussian_process,kernel,margin,/groups/bsavoie2/tburton2/TDNet/publication_artifacts/corrected_f6_wide_margin_roster/through_2025_v1/checkpoints/margin_kernel_gaussian_process.pkl,87e9f1426733842b8b25e13fb92b80b924b3660f446a9a16218f6fd465b6a06e,F6,4,4,23.32418349461211,0.841043540623928,Georgia Tech,0.6820870812478561,2026-09-03T12:59:40.374112+00:00
401858424,2026,1,2026-09-04T01:00:00.000Z,Illinois,UAB,False,False,regular,2026,1,401858424,margin_kernel_gaussian_process,kernel,margin,/groups/bsavoie2/tburton2/TDNet/publication_artifacts/corrected_f6_wide_margin_roster/through_2025_v1/checkpoints/margin_kernel_gaussian_process.pkl,87e9f1426733842b8b25e13fb92b80b924b3660f446a9a16218f6fd465b6a06e,F6,4,4,12.482862181812344,0.7092270541289216,Illinois,0.41845410825784324,2026-09-03T12:59:40.374112+00:00
401864495,2026,1,2026-09-04T22:30:00.000Z,Eastern Michigan,San José State,False,False,regular,2026,1,401864495,margin_kernel_gaussian_process,kernel,margin,/groups/bsavoie2/tburton2/TDNet/publication_artifacts/corrected_f6_wide_margin_roster/through_2025_v1/checkpoints/margin_kernel_gaussian_process.pkl,87e9f1426733842b8b25e13fb92b80b924b3660f446a9a16218f6fd465b6a06e,F6,4,4,6.391919089176498,0.6121991371345163,Eastern Michigan,0.2243982742690327,2026-09-03T12:59:40.374112+00:00
401856664,2026,1,2026-09-05T00:00:00.000Z,Oklahoma,UTEP,False,False,regular,2026,1,401856664,margin_kernel_gaussian_process,kernel,margin,/groups/bsavoie2/tburton2/TDNet/publication_artifacts/corrected_f6_wide_margin_roster/through_2025_v1/checkpoints/margin_kernel_gaussian_process.pkl,87e9f1426733842b8b25e13fb92b80b924b3660f446a9a16218f6fd465b6a06e,F6,4,4,10.642300955705657,0.6813894157530795,Oklahoma,0.3627788315061591,2026-09-03T12:59:40.374112+00:00
401858429,2026,1,2026-09-05T00:00:00.000Z,Michigan State,Toledo,False,False,regular,2026,1,401858429,margin_kernel_gaussian_process,kernel,margin,/groups/bsavoie2/tburton2/TDNet/publication_artifacts/corrected_f6_wide_margin_roster/through_2025_v1/checkpoints/margin_kernel_gaussian_process.pkl,87e9f1426733842b8b25e13fb92b80b924b3660f446a9a16218f6fd465b6a06e,F6,4,4,-2.3872362121095216,0.4574737730885035,Toledo,0.08505245382299298,2026-09-03T12:59:40.374112+00:00
401858436,2026,1,2026-09-05T01:00:00.000Z,USC,Fresno State,False,False,regular,2026,1,401858436,margin_kernel_gaussian_process,kernel,margin,/groups/bsavoie2/tburton2/TDNet/publication_artifacts/corrected_f6_wide_margin_roster/through_2025_v1/checkpoints/margin_kernel_gaussian_process.pkl,87e9f1426733842b8b25e13fb92b80b924b3660f446a9a16218f6fd465b6a06e,F6,4,4,8.986816776450004,0.6551863299423105,USC,0.31037265988462104,2026-09-03T12:59:40.374112+00:00
401858206,2026,1,2026-09-05T01:00:00.000Z,Stanford,Miami,False,True,regular,2026,1,401858206,margin_kernel_gaussian_process,kernel,margin,/groups/bsavoie2/tburton2/TDNet/publication_artifacts/corrected_f6_wide_margin_roster/through_2025_v1/checkpoints/margin_kernel_gaussian_process.pkl,87e9f1426733842b8b25e13fb92b80b924b3660f446a9a16218f6fd465b6a06e,F6,4,4,-7.193096015031895,0.37430487969813636,Miami,0.2513902406037273,2026-09-03T12:59:40.374112+00:00
401856637,2026,1,2026-09-05T23:45:00.000Z,Florida,Florida Atlantic,False,False,regular,2026,1,401856637,margin_kernel_gaussian_process,kernel,margin,/groups/bsavoie2/tburton2/TDNet/publication_artifacts/corrected_f6_wide_margin_roster/through_2025_v1/checkpoints/margin_kernel_gaussian_process.pkl,87e9f1426733842b8b25e13fb92b80b924b3660f446a9a16218f6fd465b6a06e,F6,4,4,10.387514882444599,0.677425474312467,Florida,0.35485094862493405,2026-09-03T12:59:40.374112+00:00
401858430,2026,1,2026-09-05T16:00:00.000Z,Nebraska,Ohio,False,False,regular,2026,1,401858430,margin_kernel_gaussian_process,kernel,margin,/groups/bsavoie2/tburton2/TDNet/publication_artifacts/corrected_f6_wide_margin_roster/through_2025_v1/checkpoints/margin_kernel_gaussian_process.pkl,87e9f1426733842b8b25e13fb92b80b924b3660f446a9a16218f6fd465b6a06e,F6,4,4,7.0116196732412766,0.6226543589645139,Nebraska,0.24530871792902786,2026-09-03T12:59:40.374112+00:00
401856780,2026,1,2026-09-05T16:00:00.000Z,West Virginia,Coastal Carolina,False,False,regular,2026,1,401856780,margin_kernel_gaussian_process,kernel,margin,/groups/bsavoie2/tburton2/TDNet/publication_artifacts/corrected_f6_wide_margin_roster/through_2025_v1/checkpoints/margin_kernel_gaussian_process.pkl,87e9f1426733842b8b25e13fb92b80b924b3660f446a9a16218f6fd465b6a06e,F6,4,4,15.270219082048644,0.7485191480982117,West Virginia,0.4970382961964235,2026-09-03T12:59:40.374112+00:00
401856634,2026,1,2026-09-05T16:00:00.000Z,Alabama,East Carolina,False,False,regular,2026,1,401856634,margin_kernel_gaussian_process,kernel,margin,/groups/bsavoie2/tburton2/TDNet/publication_artifacts/corrected_f6_wide_margin_roster/through_2025_v1/checkpoints/margin_kernel_gaussian_process.pkl,87e9f1426733842b8b25e13fb92b80b924b3660f446a9a16218f6fd465b6a06e,F6,4,4,5.514936430347246,0.5972269718378932,Alabama,0.1944539436757864,2026-09-03T12:59:40.374112+00:00
401856778,2026,1,2026-09-05T16:00:00.000Z,Houston,Oregon State,False,False,regular,2026,1,401856778,margin_kernel_gaussian_process,kernel,margin,/groups/bsavoie2/tburton2/TDNet/publication_artifacts/corrected_f6_wide_margin_roster/through_2025_v1/checkpoints/margin_kernel_gaussian_process.pkl,87e9f1426733842b8b25e13fb92b80b924b3660f446a9a16218f6fd465b6a06e,F6,4,4,15.497527842962608,0.7515630987262353,Houston,0.5031261974524706,2026-09-03T12:59:40.374112+00:00
401858425,2026,1,2026-09-05T16:00:00.000Z,Indiana,North Texas,False,False,regular,2026,1,401858425,margin_kernel_gaussian_process,kernel,margin,/groups/bsavoie2/tburton2/TDNet/publication_artifacts/corrected_f6_wide_margin_roster/through_2025_v1/checkpoints/margin_kernel_gaussian_process.pkl,87e9f1426733842b8b25e13fb92b80b924b3660f446a9a16218f6fd465b6a06e,F6,4,4,12.430007033565944,0.7084478679827452,Indiana,0.41689573596549034,2026-09-03T12:59:40.374112+00:00
401869960,2026,1,2026-09-05T16:00:00.000Z,James Madison,Liberty,False,False,regular,2026,1,401869960,margin_kernel_gaussian_process,kernel,margin,/groups/bsavoie2/tburton2/TDNet/publication_artifacts/corrected_f6_wide_margin_roster/through_2025_v1/checkpoints/margin_kernel_gaussian_process.pkl,87e9f1426733842b8b25e13fb92b80b924b3660f446a9a16218f6fd465b6a06e,F6,4,4,17.6233470154738,0.7788212742088273,James Madison,0.5576425484176546,2026-09-03T12:59:40.374112+00:00
401858207,2026,1,2026-09-05T16:30:00.000Z,Pittsburgh,Miami (OH),False,False,regular,2026,1,401858207,margin_kernel_gaussian_process,kernel,margin,/groups/bsavoie2/tburton2/TDNet/publication_artifacts/corrected_f6_wide_margin_roster/through_2025_v1/checkpoints/margin_kernel_gaussian_process.pkl,87e9f1426733842b8b25e13fb92b80b924b3660f446a9a16218f6fd465b6a06e,F6,4,4,22.347205817099535,0.8314906739554926,Pittsburgh,0.6629813479109852,2026-09-03T12:59:40.374112+00:00
401858432,2026,1,2026-09-05T16:30:00.000Z,Ohio State,Ball State,False,False,regular,2026,1,401858432,margin_kernel_gaussian_process,kernel,margin,/groups/bsavoie2/tburton2/TDNet/publication_artifacts/corrected_f6_wide_margin_roster/through_2025_v1/checkpoints/margin_kernel_gaussian_process.pkl,87e9f1426733842b8b25e13fb92b80b924b3660f446a9a16218f6fd465b6a06e,F6,4,4,10.624900369219603,0.6811195241958063,Ohio State,0.3622390483916127,2026-09-03T12:59:40.374112+00:00
401856665,2026,1,2026-09-05T16:45:00.000Z,South Carolina,Kent State,False,False,regular,2026,1,401856665,margin_kernel_gaussian_process,kernel,margin,/groups/bsavoie2/tburton2/TDNet/publication_artifacts/corrected_f6_wide_margin_roster/through_2025_v1/checkpoints/margin_kernel_gaussian_process.pkl,87e9f1426733842b8b25e13fb92b80b924b3660f446a9a16218f6fd465b6a06e,F6,4,4,16.58904247147909,0.765833360606905,South Carolina,0.53166672121381,2026-09-03T12:59:40.374112+00:00
401858433,2026,1,2026-09-05T19:30:00.000Z,Oregon,Boise State,False,False,regular,2026,1,401858433,margin_kernel_gaussian_process,kernel,margin,/groups/bsavoie2/tburton2/TDNet/publication_artifacts/corrected_f6_wide_margin_roster/through_2025_v1/checkpoints/margin_kernel_gaussian_process.pkl,87e9f1426733842b8b25e13fb92b80b924b3660f446a9a16218f6fd465b6a06e,F6,4,4,17.36622261215481,0.7756413716295893,Oregon,0.5512827432591787,2026-09-03T12:59:40.374112+00:00
401856636,2026,1,2026-09-05T19:30:00.000Z,Auburn,Baylor,True,False,regular,2026,1,401856636,margin_kernel_gaussian_process,kernel,margin,/groups/bsavoie2/tburton2/TDNet/publication_artifacts/corrected_f6_wide_margin_roster/through_2025_v1/checkpoints/margin_kernel_gaussian_process.pkl,87e9f1426733842b8b25e13fb92b80b924b3660f446a9a16218f6fd465b6a06e,F6,4,4,8.302593484098256,0.6440629067460297,Auburn,0.28812581349205946,2026-09-03T12:59:40.374112+00:00
401856667,2026,1,2026-09-05T19:30:00.000Z,Texas,Texas State,False,False,regular,2026,1,401856667,margin_kernel_gaussian_process,kernel,margin,/groups/bsavoie2/tburton2/TDNet/publication_artifacts/corrected_f6_wide_margin_roster/through_2025_v1/checkpoints/margin_kernel_gaussian_process.pkl,87e9f1426733842b8b25e13fb92b80b924b3660f446a9a16218f6fd465b6a06e,F6,4,4,7.155931709905399,0.62507320546449,Texas,0.25014641092897993,2026-09-03T12:59:40.374112+00:00
401858434,2026,1,2026-09-05T19:30:00.000Z,Penn State,Marshall,False,False,regular,2026,1,401858434,margin_kernel_gaussian_process,kernel,margin,/groups/bsavoie2/tburton2/TDNet/publication_artifacts/corrected_f6_wide_margin_roster/through_2025_v1/checkpoints/margin_kernel_gaussian_process.pkl,87e9f1426733842b8b25e13fb92b80b924b3660f446a9a16218f6fd465b6a06e,F6,4,4,3.230147424155007,0.5574266757217315,Penn State,0.11485335144346309,2026-09-03T12:59:40.374112+00:00
401858209,2026,1,2026-09-05T19:30:00.000Z,Duke,Tulane,False,False,regular,2026,1,401858209,margin_kernel_gaussian_process,kernel,margin,/groups/bsavoie2/tburton2/TDNet/publication_artifacts/corrected_f6_wide_margin_roster/through_2025_v1/checkpoints/margin_kernel_gaussian_process.pkl,87e9f1426733842b8b25e13fb92b80b924b3660f446a9a16218f6fd465b6a06e,F6,4,4,16.02869117346404,0.7585793412782185,Duke,0.5171586825564369,2026-09-03T12:59:40.374112+00:00
401856777,2026,1,2026-09-05T19:30:00.000Z,Cincinnati,Boston College,False,False,regular,2026,1,401856777,margin_kernel_gaussian_process,kernel,margin,/groups/bsavoie2/tburton2/TDNet/publication_artifacts/corrected_f6_wide_margin_roster/through_2025_v1/checkpoints/margin_kernel_gaussian_process.pkl,87e9f1426733842b8b25e13fb92b80b924b3660f446a9a16218f6fd465b6a06e,F6,4,4,11.216163644704558,0.6902213955386325,Cincinnati,0.380442791077265,2026-09-03T12:59:40.374112+00:00
401856772,2026,1,2026-09-05T19:45:00.000Z,Tulsa,Oklahoma State,False,False,regular,2026,1,401856772,margin_kernel_gaussian_process,kernel,margin,/groups/bsavoie2/tburton2/TDNet/publication_artifacts/corrected_f6_wide_margin_roster/through_2025_v1/checkpoints/margin_kernel_gaussian_process.pkl,87e9f1426733842b8b25e13fb92b80b924b3660f446a9a16218f6fd465b6a06e,F6,4,4,10.144977417098186,0.6736282307172871,Tulsa,0.3472564614345741,2026-09-03T12:59:40.374112+00:00
401858426,2026,1,2026-09-05T20:15:00.000Z,Iowa,Northern Illinois,False,False,regular,2026,1,401858426,margin_kernel_gaussian_process,kernel,margin,/groups/bsavoie2/tburton2/TDNet/publication_artifacts/corrected_f6_wide_margin_roster/through_2025_v1/checkpoints/margin_kernel_gaussian_process.pkl,87e9f1426733842b8b25e13fb92b80b924b3660f446a9a16218f6fd465b6a06e,F6,4,4,17.170410329479676,0.7731980193172747,Iowa,0.5463960386345494,2026-09-03T12:59:40.374112+00:00
401860878,2026,1,2026-09-05T22:00:00.000Z,Colorado State,Wyoming,False,False,regular,2026,1,401860878,margin_kernel_gaussian_process,kernel,margin,/groups/bsavoie2/tburton2/TDNet/publication_artifacts/corrected_f6_wide_margin_roster/through_2025_v1/checkpoints/margin_kernel_gaussian_process.pkl,87e9f1426733842b8b25e13fb92b80b924b3660f446a9a16218f6fd465b6a06e,F6,4,4,22.40010422704374,0.8320194256432707,Colorado State,0.6640388512865414,2026-09-03T12:59:40.374112+00:00
401856668,2026,1,2026-09-05T23:00:00.000Z,Texas A&M,Missouri State,False,False,regular,2026,1,401856668,margin_kernel_gaussian_process,kernel,margin,/groups/bsavoie2/tburton2/TDNet/publication_artifacts/corrected_f6_wide_margin_roster/through_2025_v1/checkpoints/margin_kernel_gaussian_process.pkl,87e9f1426733842b8b25e13fb92b80b924b3660f446a9a16218f6fd465b6a06e,F6,4,4,11.594519787531715,0.6959699597151944,Texas A&M,0.39193991943038875,2026-09-03T12:59:40.374112+00:00
401862695,2026,1,2026-09-05T23:00:00.000Z,Memphis,Arkansas State,False,False,regular,2026,1,401862695,margin_kernel_gaussian_process,kernel,margin,/groups/bsavoie2/tburton2/TDNet/publication_artifacts/corrected_f6_wide_margin_roster/through_2025_v1/checkpoints/margin_kernel_gaussian_process.pkl,87e9f1426733842b8b25e13fb92b80b924b3660f446a9a16218f6fd465b6a06e,F6,4,4,8.7298710303602,0.6510282849367611,Memphis,0.30205656987352225,2026-09-03T12:59:40.374112+00:00
401870763,2026,1,2026-09-05T23:00:00.000Z,Troy,Sam Houston,False,False,regular,2026,1,401870763,margin_kernel_gaussian_process,kernel,margin,/groups/bsavoie2/tburton2/TDNet/publication_artifacts/corrected_f6_wide_margin_roster/through_2025_v1/checkpoints/margin_kernel_gaussian_process.pkl,87e9f1426733842b8b25e13fb92b80b924b3660f446a9a16218f6fd465b6a06e,F6,4,4,21.634699569239533,0.8242390383550625,Troy,0.648478076710125,2026-09-03T12:59:40.374112+00:00
401862699,2026,1,2026-09-05T23:00:00.000Z,South Florida,Florida International,False,False,regular,2026,1,401862699,margin_kernel_gaussian_process,kernel,margin,/groups/bsavoie2/tburton2/TDNet/publication_artifacts/corrected_f6_wide_margin_roster/through_2025_v1/checkpoints/margin_kernel_gaussian_process.pkl,87e9f1426733842b8b25e13fb92b80b924b3660f446a9a16218f6fd465b6a06e,F6,4,4,16.440553164139168,0.7639259306349023,South Florida,0.5278518612698047,2026-09-03T12:59:40.374112+00:00
401858428,2026,1,2026-09-05T23:30:00.000Z,Michigan,Western Michigan,False,False,regular,2026,1,401858428,margin_kernel_gaussian_process,kernel,margin,/groups/bsavoie2/tburton2/TDNet/publication_artifacts/corrected_f6_wide_margin_roster/through_2025_v1/checkpoints/margin_kernel_gaussian_process.pkl,87e9f1426733842b8b25e13fb92b80b924b3660f446a9a16218f6fd465b6a06e,F6,4,4,15.494993461085198,0.7515292964966047,Michigan,0.5030585929932094,2026-09-03T12:59:40.374112+00:00
401856662,2026,1,2026-09-05T23:30:00.000Z,Mississippi State,UL Monroe,False,False,regular,2026,1,401856662,margin_kernel_gaussian_process,kernel,margin,/groups/bsavoie2/tburton2/TDNet/publication_artifacts/corrected_f6_wide_margin_roster/through_2025_v1/checkpoints/margin_kernel_gaussian_process.pkl,87e9f1426733842b8b25e13fb92b80b924b3660f446a9a16218f6fd465b6a06e,F6,4,4,24.302089148386816,0.8501608919264295,Mississippi State,0.700321783852859,2026-09-03T12:59:40.374112+00:00
401856660,2026,1,2026-09-05T23:30:00.000Z,LSU,Clemson,False,False,regular,2026,1,401856660,margin_kernel_gaussian_process,kernel,margin,/groups/bsavoie2/tburton2/TDNet/publication_artifacts/corrected_f6_wide_margin_roster/through_2025_v1/checkpoints/margin_kernel_gaussian_process.pkl,87e9f1426733842b8b25e13fb92b80b924b3660f446a9a16218f6fd465b6a06e,F6,4,4,5.8242144794795445,0.6025293588567099,LSU,0.20505871771341977,2026-09-03T12:59:40.374112+00:00
401864498,2026,1,2026-09-06T02:00:00.000Z,New Mexico,Central Michigan,False,False,regular,2026,1,401864498,margin_kernel_gaussian_process,kernel,margin,/groups/bsavoie2/tburton2/TDNet/publication_artifacts/corrected_f6_wide_margin_roster/through_2025_v1/checkpoints/margin_kernel_gaussian_process.pkl,87e9f1426733842b8b25e13fb92b80b924b3660f446a9a16218f6fd465b6a06e,F6,4,4,17.778108461032286,0.7807196184434908,New Mexico,0.5614392368869816,2026-09-03T12:59:40.374112+00:00
401864497,2026,1,2026-09-06T02:00:00.000Z,Hawai'i,UNLV,False,True,regular,2026,1,401864497,margin_kernel_gaussian_process,kernel,margin,/groups/bsavoie2/tburton2/TDNet/publication_artifacts/corrected_f6_wide_margin_roster/through_2025_v1/checkpoints/margin_kernel_gaussian_process.pkl,87e9f1426733842b8b25e13fb92b80b924b3660f446a9a16218f6fd465b6a06e,F6,4,4,0.34403696096553293,0.506143208014023,Hawai'i,0.012286416028046032,2026-09-03T12:59:40.374112+00:00
401864432,2026,1,2026-09-06T02:30:00.000Z,Nevada,Western Kentucky,False,False,regular,2026,1,401864432,margin_kernel_gaussian_process,kernel,margin,/groups/bsavoie2/tburton2/TDNet/publication_artifacts/corrected_f6_wide_margin_roster/through_2025_v1/checkpoints/margin_kernel_gaussian_process.pkl,87e9f1426733842b8b25e13fb92b80b924b3660f446a9a16218f6fd465b6a06e,F6,4,4,-5.3915909503529855,0.4048941438918662,Western Kentucky,0.19021171221626765,2026-09-03T12:59:40.374112+00:00
401858210,2026,1,2026-09-06T02:30:00.000Z,California,UCLA,False,False,regular,2026,1,401858210,margin_kernel_gaussian_process,kernel,margin,/groups/bsavoie2/tburton2/TDNet/publication_artifacts/corrected_f6_wide_margin_roster/through_2025_v1/checkpoints/margin_kernel_gaussian_process.pkl,87e9f1426733842b8b25e13fb92b80b924b3660f446a9a16218f6fd465b6a06e,F6,4,4,1.5274829910742964,0.52724945565003,California,0.054498911300060016,2026-09-03T12:59:40.374112+00:00
401858437,2026,1,2026-09-06T20:00:00.000Z,Washington,Washington State,False,False,regular,2026,1,401858437,margin_kernel_gaussian_process,kernel,margin,/groups/bsavoie2/tburton2/TDNet/publication_artifacts/corrected_f6_wide_margin_roster/through_2025_v1/checkpoints/margin_kernel_gaussian_process.pkl,87e9f1426733842b8b25e13fb92b80b924b3660f446a9a16218f6fd465b6a06e,F6,4,4,13.404782282150272,0.722617867268213,Washington,0.44523573453642595,2026-09-03T12:59:40.374112+00:00
401856661,2026,1,2026-09-06T23:30:00.000Z,Ole Miss,Louisville,True,False,regular,2026,1,401856661,margin_kernel_gaussian_process,kernel,margin,/groups/bsavoie2/tburton2/TDNet/publication_artifacts/corrected_f6_wide_margin_roster/through_2025_v1/checkpoints/margin_kernel_gaussian_process.pkl,87e9f1426733842b8b25e13fb92b80b924b3660f446a9a16218f6fd465b6a06e,F6,4,4,10.152385910572082,0.6737445615457245,Ole Miss,0.34748912309144897,2026-09-03T12:59:40.374112+00:00
401858438,2026,1,2026-09-06T23:30:00.000Z,Notre Dame,Wisconsin,True,False,regular,2026,1,401858438,margin_kernel_gaussian_process,kernel,margin,/groups/bsavoie2/tburton2/TDNet/publication_artifacts/corrected_f6_wide_margin_roster/through_2025_v1/checkpoints/margin_kernel_gaussian_process.pkl,87e9f1426733842b8b25e13fb92b80b924b3660f446a9a16218f6fd465b6a06e,F6,4,4,11.909477716314221,0.7007091351381788,Notre Dame,0.40141827027635757,2026-09-03T12:59:40.374112+00:00
401858212,2026,1,2026-09-07T23:30:00.000Z,Florida State,SMU,False,True,regular,2026,1,401858212,margin_kernel_gaussian_process,kernel,margin,/groups/bsavoie2/tburton2/TDNet/publication_artifacts/corrected_f6_wide_margin_roster/through_2025_v1/checkpoints/margin_kernel_gaussian_process.pkl,87e9f1426733842b8b25e13fb92b80b924b3660f446a9a16218f6fd465b6a06e,F6,4,4,1.551814804781631,0.5276826411868352,Florida State,0.05536528237367033,2026-09-03T12:59:40.374112+00:00
401858423,2026,1,2026-09-03T22:00:00.000Z,Rutgers,Massachusetts,False,False,regular,2026,1,401858423,margin_kernel_nystroem_ridge,kernel,margin,/groups/bsavoie2/tburton2/TDNet/publication_artifacts/corrected_f6_wide_margin_roster/through_2025_v1/checkpoints/margin_kernel_nystroem_ridge.pkl,9825120976cfb66848a68f207cd49649a5b386863825645a1a246b4eb2077dfd,F6,5,5,20.488131868966157,0.8120579433857816,Rutgers,0.6241158867715633,2026-09-03T12:59:40.374112+00:00
401858204,2026,1,2026-09-03T23:00:00.000Z,Wake Forest,Akron,False,False,regular,2026,1,401858204,margin_kernel_nystroem_ridge,kernel,margin,/groups/bsavoie2/tburton2/TDNet/publication_artifacts/corrected_f6_wide_margin_roster/through_2025_v1/checkpoints/margin_kernel_nystroem_ridge.pkl,9825120976cfb66848a68f207cd49649a5b386863825645a1a246b4eb2077dfd,F6,5,5,9.809542752838437,0.6683388799213776,Wake Forest,0.3366777598427553,2026-09-03T12:59:40.374112+00:00
401856776,2026,1,2026-09-04T00:00:00.000Z,Georgia Tech,Colorado,False,False,regular,2026,1,401856776,margin_kernel_nystroem_ridge,kernel,margin,/groups/bsavoie2/tburton2/TDNet/publication_artifacts/corrected_f6_wide_margin_roster/through_2025_v1/checkpoints/margin_kernel_nystroem_ridge.pkl,9825120976cfb66848a68f207cd49649a5b386863825645a1a246b4eb2077dfd,F6,5,5,11.778836989445889,0.6987485180008729,Georgia Tech,0.3974970360017458,2026-09-03T12:59:40.374112+00:00
401858424,2026,1,2026-09-04T01:00:00.000Z,Illinois,UAB,False,False,regular,2026,1,401858424,margin_kernel_nystroem_ridge,kernel,margin,/groups/bsavoie2/tburton2/TDNet/publication_artifacts/corrected_f6_wide_margin_roster/through_2025_v1/checkpoints/margin_kernel_nystroem_ridge.pkl,9825120976cfb66848a68f207cd49649a5b386863825645a1a246b4eb2077dfd,F6,5,5,13.287484757721813,0.7209353627544476,Illinois,0.44187072550889517,2026-09-03T12:59:40.374112+00:00
401864495,2026,1,2026-09-04T22:30:00.000Z,Eastern Michigan,San José State,False,False,regular,2026,1,401864495,margin_kernel_nystroem_ridge,kernel,margin,/groups/bsavoie2/tburton2/TDNet/publication_artifacts/corrected_f6_wide_margin_roster/through_2025_v1/checkpoints/margin_kernel_nystroem_ridge.pkl,9825120976cfb66848a68f207cd49649a5b386863825645a1a246b4eb2077dfd,F6,5,5,12.931092265633994,0.7157851218606608,Eastern Michigan,0.4315702437213216,2026-09-03T12:59:40.374112+00:00
401856664,2026,1,2026-09-05T00:00:00.000Z,Oklahoma,UTEP,False,False,regular,2026,1,401856664,margin_kernel_nystroem_ridge,kernel,margin,/groups/bsavoie2/tburton2/TDNet/publication_artifacts/corrected_f6_wide_margin_roster/through_2025_v1/checkpoints/margin_kernel_nystroem_ridge.pkl,9825120976cfb66848a68f207cd49649a5b386863825645a1a246b4eb2077dfd,F6,5,5,20.525422193123166,0.8124641229098509,Oklahoma,0.6249282458197019,2026-09-03T12:59:40.374112+00:00
401858429,2026,1,2026-09-05T00:00:00.000Z,Michigan State,Toledo,False,False,regular,2026,1,401858429,margin_kernel_nystroem_ridge,kernel,margin,/groups/bsavoie2/tburton2/TDNet/publication_artifacts/corrected_f6_wide_margin_roster/through_2025_v1/checkpoints/margin_kernel_nystroem_ridge.pkl,9825120976cfb66848a68f207cd49649a5b386863825645a1a246b4eb2077dfd,F6,5,5,-2.384367163424488,0.45752463592832043,Toledo,0.08495072814335913,2026-09-03T12:59:40.374112+00:00
401858436,2026,1,2026-09-05T01:00:00.000Z,USC,Fresno State,False,False,regular,2026,1,401858436,margin_kernel_nystroem_ridge,kernel,margin,/groups/bsavoie2/tburton2/TDNet/publication_artifacts/corrected_f6_wide_margin_roster/through_2025_v1/checkpoints/margin_kernel_nystroem_ridge.pkl,9825120976cfb66848a68f207cd49649a5b386863825645a1a246b4eb2077dfd,F6,5,5,16.63946589133506,0.7664786395342198,USC,0.5329572790684396,2026-09-03T12:59:40.374112+00:00
401858206,2026,1,2026-09-05T01:00:00.000Z,Stanford,Miami,False,True,regular,2026,1,401858206,margin_kernel_nystroem_ridge,kernel,margin,/groups/bsavoie2/tburton2/TDNet/publication_artifacts/corrected_f6_wide_margin_roster/through_2025_v1/checkpoints/margin_kernel_nystroem_ridge.pkl,9825120976cfb66848a68f207cd49649a5b386863825645a1a246b4eb2077dfd,F6,5,5,-1.6114455539012336,0.4712559148203486,Miami,0.05748817035930276,2026-09-03T12:59:40.374112+00:00
401856637,2026,1,2026-09-05T23:45:00.000Z,Florida,Florida Atlantic,False,False,regular,2026,1,401856637,margin_kernel_nystroem_ridge,kernel,margin,/groups/bsavoie2/tburton2/TDNet/publication_artifacts/corrected_f6_wide_margin_roster/through_2025_v1/checkpoints/margin_kernel_nystroem_ridge.pkl,9825120976cfb66848a68f207cd49649a5b386863825645a1a246b4eb2077dfd,F6,5,5,13.025668113433197,0.7171574166546034,Florida,0.43431483330920684,2026-09-03T12:59:40.374112+00:00
401858430,2026,1,2026-09-05T16:00:00.000Z,Nebraska,Ohio,False,False,regular,2026,1,401858430,margin_kernel_nystroem_ridge,kernel,margin,/groups/bsavoie2/tburton2/TDNet/publication_artifacts/corrected_f6_wide_margin_roster/through_2025_v1/checkpoints/margin_kernel_nystroem_ridge.pkl,9825120976cfb66848a68f207cd49649a5b386863825645a1a246b4eb2077dfd,F6,5,5,4.230208215177055,0.5749699068427233,Nebraska,0.14993981368544662,2026-09-03T12:59:40.374112+00:00
401856780,2026,1,2026-09-05T16:00:00.000Z,West Virginia,Coastal Carolina,False,False,regular,2026,1,401856780,margin_kernel_nystroem_ridge,kernel,margin,/groups/bsavoie2/tburton2/TDNet/publication_artifacts/corrected_f6_wide_margin_roster/through_2025_v1/checkpoints/margin_kernel_nystroem_ridge.pkl,9825120976cfb66848a68f207cd49649a5b386863825645a1a246b4eb2077dfd,F6,5,5,9.04646619871386,0.6561482517974406,West Virginia,0.31229650359488126,2026-09-03T12:59:40.374112+00:00
401856634,2026,1,2026-09-05T16:00:00.000Z,Alabama,East Carolina,False,False,regular,2026,1,401856634,margin_kernel_nystroem_ridge,kernel,margin,/groups/bsavoie2/tburton2/TDNet/publication_artifacts/corrected_f6_wide_margin_roster/through_2025_v1/checkpoints/margin_kernel_nystroem_ridge.pkl,9825120976cfb66848a68f207cd49649a5b386863825645a1a246b4eb2077dfd,F6,5,5,8.653002132215216,0.6497798327972829,Alabama,0.2995596655945658,2026-09-03T12:59:40.374112+00:00
401856778,2026,1,2026-09-05T16:00:00.000Z,Houston,Oregon State,False,False,regular,2026,1,401856778,margin_kernel_nystroem_ridge,kernel,margin,/groups/bsavoie2/tburton2/TDNet/publication_artifacts/corrected_f6_wide_margin_roster/through_2025_v1/checkpoints/margin_kernel_nystroem_ridge.pkl,9825120976cfb66848a68f207cd49649a5b386863825645a1a246b4eb2077dfd,F6,5,5,9.822131025450469,0.6685381598837475,Houston,0.3370763197674951,2026-09-03T12:59:40.374112+00:00
401858425,2026,1,2026-09-05T16:00:00.000Z,Indiana,North Texas,False,False,regular,2026,1,401858425,margin_kernel_nystroem_ridge,kernel,margin,/groups/bsavoie2/tburton2/TDNet/publication_artifacts/corrected_f6_wide_margin_roster/through_2025_v1/checkpoints/margin_kernel_nystroem_ridge.pkl,9825120976cfb66848a68f207cd49649a5b386863825645a1a246b4eb2077dfd,F6,5,5,12.37099918312068,0.7075765293643312,Indiana,0.4151530587286625,2026-09-03T12:59:40.374112+00:00
401869960,2026,1,2026-09-05T16:00:00.000Z,James Madison,Liberty,False,False,regular,2026,1,401869960,margin_kernel_nystroem_ridge,kernel,margin,/groups/bsavoie2/tburton2/TDNet/publication_artifacts/corrected_f6_wide_margin_roster/through_2025_v1/checkpoints/margin_kernel_nystroem_ridge.pkl,9825120976cfb66848a68f207cd49649a5b386863825645a1a246b4eb2077dfd,F6,5,5,13.236123509654885,0.7201966759601626,James Madison,0.44039335192032514,2026-09-03T12:59:40.374112+00:00
401858207,2026,1,2026-09-05T16:30:00.000Z,Pittsburgh,Miami (OH),False,False,regular,2026,1,401858207,margin_kernel_nystroem_ridge,kernel,margin,/groups/bsavoie2/tburton2/TDNet/publication_artifacts/corrected_f6_wide_margin_roster/through_2025_v1/checkpoints/margin_kernel_nystroem_ridge.pkl,9825120976cfb66848a68f207cd49649a5b386863825645a1a246b4eb2077dfd,F6,5,5,6.921019823989155,0.6211326585815287,Pittsburgh,0.24226531716305733,2026-09-03T12:59:40.374112+00:00
401858432,2026,1,2026-09-05T16:30:00.000Z,Ohio State,Ball State,False,False,regular,2026,1,401858432,margin_kernel_nystroem_ridge,kernel,margin,/groups/bsavoie2/tburton2/TDNet/publication_artifacts/corrected_f6_wide_margin_roster/through_2025_v1/checkpoints/margin_kernel_nystroem_ridge.pkl,9825120976cfb66848a68f207cd49649a5b386863825645a1a246b4eb2077dfd,F6,5,5,29.693485575598757,0.8929240618825147,Ohio State,0.7858481237650294,2026-09-03T12:59:40.374112+00:00
401856665,2026,1,2026-09-05T16:45:00.000Z,South Carolina,Kent State,False,False,regular,2026,1,401856665,margin_kernel_nystroem_ridge,kernel,margin,/groups/bsavoie2/tburton2/TDNet/publication_artifacts/corrected_f6_wide_margin_roster/through_2025_v1/checkpoints/margin_kernel_nystroem_ridge.pkl,9825120976cfb66848a68f207cd49649a5b386863825645a1a246b4eb2077dfd,F6,5,5,14.195869240382772,0.7338004012362764,South Carolina,0.46760080247255287,2026-09-03T12:59:40.374112+00:00
401858433,2026,1,2026-09-05T19:30:00.000Z,Oregon,Boise State,False,False,regular,2026,1,401858433,margin_kernel_nystroem_ridge,kernel,margin,/groups/bsavoie2/tburton2/TDNet/publication_artifacts/corrected_f6_wide_margin_roster/through_2025_v1/checkpoints/margin_kernel_nystroem_ridge.pkl,9825120976cfb66848a68f207cd49649a5b386863825645a1a246b4eb2077dfd,F6,5,5,14.989005243892425,0.7447192214650545,Oregon,0.4894384429301091,2026-09-03T12:59:40.374112+00:00
401856636,2026,1,2026-09-05T19:30:00.000Z,Auburn,Baylor,True,False,regular,2026,1,401856636,margin_kernel_nystroem_ridge,kernel,margin,/groups/bsavoie2/tburton2/TDNet/publication_artifacts/corrected_f6_wide_margin_roster/through_2025_v1/checkpoints/margin_kernel_nystroem_ridge.pkl,9825120976cfb66848a68f207cd49649a5b386863825645a1a246b4eb2077dfd,F6,5,5,6.55265640622881,0.6149213764848949,Auburn,0.22984275296978973,2026-09-03T12:59:40.374112+00:00
401856667,2026,1,2026-09-05T19:30:00.000Z,Texas,Texas State,False,False,regular,2026,1,401856667,margin_kernel_nystroem_ridge,kernel,margin,/groups/bsavoie2/tburton2/TDNet/publication_artifacts/corrected_f6_wide_margin_roster/through_2025_v1/checkpoints/margin_kernel_nystroem_ridge.pkl,9825120976cfb66848a68f207cd49649a5b386863825645a1a246b4eb2077dfd,F6,5,5,8.043142845814664,0.639803228335743,Texas,0.279606456671486,2026-09-03T12:59:40.374112+00:00
401858434,2026,1,2026-09-05T19:30:00.000Z,Penn State,Marshall,False,False,regular,2026,1,401858434,margin_kernel_nystroem_ridge,kernel,margin,/groups/bsavoie2/tburton2/TDNet/publication_artifacts/corrected_f6_wide_margin_roster/through_2025_v1/checkpoints/margin_kernel_nystroem_ridge.pkl,9825120976cfb66848a68f207cd49649a5b386863825645a1a246b4eb2077dfd,F6,5,5,9.854275909754215,0.669046758706966,Penn State,0.3380935174139319,2026-09-03T12:59:40.374112+00:00
401858209,2026,1,2026-09-05T19:30:00.000Z,Duke,Tulane,False,False,regular,2026,1,401858209,margin_kernel_nystroem_ridge,kernel,margin,/groups/bsavoie2/tburton2/TDNet/publication_artifacts/corrected_f6_wide_margin_roster/through_2025_v1/checkpoints/margin_kernel_nystroem_ridge.pkl,9825120976cfb66848a68f207cd49649a5b386863825645a1a246b4eb2077dfd,F6,5,5,4.6923138197538705,0.5830156339687196,Duke,0.16603126793743916,2026-09-03T12:59:40.374112+00:00
401856777,2026,1,2026-09-05T19:30:00.000Z,Cincinnati,Boston College,False,False,regular,2026,1,401856777,margin_kernel_nystroem_ridge,kernel,margin,/groups/bsavoie2/tburton2/TDNet/publication_artifacts/corrected_f6_wide_margin_roster/through_2025_v1/checkpoints/margin_kernel_nystroem_ridge.pkl,9825120976cfb66848a68f207cd49649a5b386863825645a1a246b4eb2077dfd,F6,5,5,7.801311566038752,0.6358128882667996,Cincinnati,0.2716257765335992,2026-09-03T12:59:40.374112+00:00
401856772,2026,1,2026-09-05T19:45:00.000Z,Tulsa,Oklahoma State,False,False,regular,2026,1,401856772,margin_kernel_nystroem_ridge,kernel,margin,/groups/bsavoie2/tburton2/TDNet/publication_artifacts/corrected_f6_wide_margin_roster/through_2025_v1/checkpoints/margin_kernel_nystroem_ridge.pkl,9825120976cfb66848a68f207cd49649a5b386863825645a1a246b4eb2077dfd,F6,5,5,6.899378547638442,0.6207688209533024,Tulsa,0.24153764190660487,2026-09-03T12:59:40.374112+00:00
401858426,2026,1,2026-09-05T20:15:00.000Z,Iowa,Northern Illinois,False,False,regular,2026,1,401858426,margin_kernel_nystroem_ridge,kernel,margin,/groups/bsavoie2/tburton2/TDNet/publication_artifacts/corrected_f6_wide_margin_roster/through_2025_v1/checkpoints/margin_kernel_nystroem_ridge.pkl,9825120976cfb66848a68f207cd49649a5b386863825645a1a246b4eb2077dfd,F6,5,5,16.554938629935762,0.7653962255055144,Iowa,0.5307924510110289,2026-09-03T12:59:40.374112+00:00
401860878,2026,1,2026-09-05T22:00:00.000Z,Colorado State,Wyoming,False,False,regular,2026,1,401860878,margin_kernel_nystroem_ridge,kernel,margin,/groups/bsavoie2/tburton2/TDNet/publication_artifacts/corrected_f6_wide_margin_roster/through_2025_v1/checkpoints/margin_kernel_nystroem_ridge.pkl,9825120976cfb66848a68f207cd49649a5b386863825645a1a246b4eb2077dfd,F6,5,5,5.020551435331329,0.5887041104347002,Colorado State,0.17740822086940033,2026-09-03T12:59:40.374112+00:00
401856668,2026,1,2026-09-05T23:00:00.000Z,Texas A&M,Missouri State,False,False,regular,2026,1,401856668,margin_kernel_nystroem_ridge,kernel,margin,/groups/bsavoie2/tburton2/TDNet/publication_artifacts/corrected_f6_wide_margin_roster/through_2025_v1/checkpoints/margin_kernel_nystroem_ridge.pkl,9825120976cfb66848a68f207cd49649a5b386863825645a1a246b4eb2077dfd,F6,5,5,16.013410974803293,0.7583794016181263,Texas A&M,0.5167588032362527,2026-09-03T12:59:40.374112+00:00
401862695,2026,1,2026-09-05T23:00:00.000Z,Memphis,Arkansas State,False,False,regular,2026,1,401862695,margin_kernel_nystroem_ridge,kernel,margin,/groups/bsavoie2/tburton2/TDNet/publication_artifacts/corrected_f6_wide_margin_roster/through_2025_v1/checkpoints/margin_kernel_nystroem_ridge.pkl,9825120976cfb66848a68f207cd49649a5b386863825645a1a246b4eb2077dfd,F6,5,5,15.298824560760206,0.7489035702435429,Memphis,0.49780714048708585,2026-09-03T12:59:40.374112+00:00
401870763,2026,1,2026-09-05T23:00:00.000Z,Troy,Sam Houston,False,False,regular,2026,1,401870763,margin_kernel_nystroem_ridge,kernel,margin,/groups/bsavoie2/tburton2/TDNet/publication_artifacts/corrected_f6_wide_margin_roster/through_2025_v1/checkpoints/margin_kernel_nystroem_ridge.pkl,9825120976cfb66848a68f207cd49649a5b386863825645a1a246b4eb2077dfd,F6,5,5,12.728668067515972,0.7128345010649938,Troy,0.4256690021299876,2026-09-03T12:59:40.374112+00:00
401862699,2026,1,2026-09-05T23:00:00.000Z,South Florida,Florida International,False,False,regular,2026,1,401862699,margin_kernel_nystroem_ridge,kernel,margin,/groups/bsavoie2/tburton2/TDNet/publication_artifacts/corrected_f6_wide_margin_roster/through_2025_v1/checkpoints/margin_kernel_nystroem_ridge.pkl,9825120976cfb66848a68f207cd49649a5b386863825645a1a246b4eb2077dfd,F6,5,5,11.146759261214545,0.6891604146762098,South Florida,0.3783208293524196,2026-09-03T12:59:40.374112+00:00
401858428,2026,1,2026-09-05T23:30:00.000Z,Michigan,Western Michigan,False,False,regular,2026,1,401858428,margin_kernel_nystroem_ridge,kernel,margin,/groups/bsavoie2/tburton2/TDNet/publication_artifacts/corrected_f6_wide_margin_roster/through_2025_v1/checkpoints/margin_kernel_nystroem_ridge.pkl,9825120976cfb66848a68f207cd49649a5b386863825645a1a246b4eb2077dfd,F6,5,5,10.799570469937857,0.683823207963113,Michigan,0.36764641592622604,2026-09-03T12:59:40.374112+00:00
401856662,2026,1,2026-09-05T23:30:00.000Z,Mississippi State,UL Monroe,False,False,regular,2026,1,401856662,margin_kernel_nystroem_ridge,kernel,margin,/groups/bsavoie2/tburton2/TDNet/publication_artifacts/corrected_f6_wide_margin_roster/through_2025_v1/checkpoints/margin_kernel_nystroem_ridge.pkl,9825120976cfb66848a68f207cd49649a5b386863825645a1a246b4eb2077dfd,F6,5,5,10.581301101329293,0.6804427448427233,Mississippi State,0.36088548968544654,2026-09-03T12:59:40.374112+00:00
401856660,2026,1,2026-09-05T23:30:00.000Z,LSU,Clemson,False,False,regular,2026,1,401856660,margin_kernel_nystroem_ridge,kernel,margin,/groups/bsavoie2/tburton2/TDNet/publication_artifacts/corrected_f6_wide_margin_roster/through_2025_v1/checkpoints/margin_kernel_nystroem_ridge.pkl,9825120976cfb66848a68f207cd49649a5b386863825645a1a246b4eb2077dfd,F6,5,5,2.2615768016013558,0.5402977055215011,LSU,0.08059541104300227,2026-09-03T12:59:40.374112+00:00
401864498,2026,1,2026-09-06T02:00:00.000Z,New Mexico,Central Michigan,False,False,regular,2026,1,401864498,margin_kernel_nystroem_ridge,kernel,margin,/groups/bsavoie2/tburton2/TDNet/publication_artifacts/corrected_f6_wide_margin_roster/through_2025_v1/checkpoints/margin_kernel_nystroem_ridge.pkl,9825120976cfb66848a68f207cd49649a5b386863825645a1a246b4eb2077dfd,F6,5,5,5.572923843901225,0.5982229045915166,New Mexico,0.19644580918303323,2026-09-03T12:59:40.374112+00:00
401864497,2026,1,2026-09-06T02:00:00.000Z,Hawai'i,UNLV,False,True,regular,2026,1,401864497,margin_kernel_nystroem_ridge,kernel,margin,/groups/bsavoie2/tburton2/TDNet/publication_artifacts/corrected_f6_wide_margin_roster/through_2025_v1/checkpoints/margin_kernel_nystroem_ridge.pkl,9825120976cfb66848a68f207cd49649a5b386863825645a1a246b4eb2077dfd,F6,5,5,-3.6492589241350113,0.4352011402497025,UNLV,0.12959771950059495,2026-09-03T12:59:40.374112+00:00
401864432,2026,1,2026-09-06T02:30:00.000Z,Nevada,Western Kentucky,False,False,regular,2026,1,401864432,margin_kernel_nystroem_ridge,kernel,margin,/groups/bsavoie2/tburton2/TDNet/publication_artifacts/corrected_f6_wide_margin_roster/through_2025_v1/checkpoints/margin_kernel_nystroem_ridge.pkl,9825120976cfb66848a68f207cd49649a5b386863825645a1a246b4eb2077dfd,F6,5,5,-4.143215149740184,0.4265493190656979,Western Kentucky,0.14690136186860425,2026-09-03T12:59:40.374112+00:00
401858210,2026,1,2026-09-06T02:30:00.000Z,California,UCLA,False,False,regular,2026,1,401858210,margin_kernel_nystroem_ridge,kernel,margin,/groups/bsavoie2/tburton2/TDNet/publication_artifacts/corrected_f6_wide_margin_roster/through_2025_v1/checkpoints/margin_kernel_nystroem_ridge.pkl,9825120976cfb66848a68f207cd49649a5b386863825645a1a246b4eb2077dfd,F6,5,5,6.160146404653669,0.6082615225507133,California,0.21652304510142661,2026-09-03T12:59:40.374112+00:00
401858437,2026,1,2026-09-06T20:00:00.000Z,Washington,Washington State,False,False,regular,2026,1,401858437,margin_kernel_nystroem_ridge,kernel,margin,/groups/bsavoie2/tburton2/TDNet/publication_artifacts/corrected_f6_wide_margin_roster/through_2025_v1/checkpoints/margin_kernel_nystroem_ridge.pkl,9825120976cfb66848a68f207cd49649a5b386863825645a1a246b4eb2077dfd,F6,5,5,10.653916933295607,0.6815695175020358,Washington,0.3631390350040715,2026-09-03T12:59:40.374112+00:00
401856661,2026,1,2026-09-06T23:30:00.000Z,Ole Miss,Louisville,True,False,regular,2026,1,401856661,margin_kernel_nystroem_ridge,kernel,margin,/groups/bsavoie2/tburton2/TDNet/publication_artifacts/corrected_f6_wide_margin_roster/through_2025_v1/checkpoints/margin_kernel_nystroem_ridge.pkl,9825120976cfb66848a68f207cd49649a5b386863825645a1a246b4eb2077dfd,F6,5,5,9.436117789764582,0.6624001281837487,Ole Miss,0.32480025636749743,2026-09-03T12:59:40.374112+00:00
401858438,2026,1,2026-09-06T23:30:00.000Z,Notre Dame,Wisconsin,True,False,regular,2026,1,401858438,margin_kernel_nystroem_ridge,kernel,margin,/groups/bsavoie2/tburton2/TDNet/publication_artifacts/corrected_f6_wide_margin_roster/through_2025_v1/checkpoints/margin_kernel_nystroem_ridge.pkl,9825120976cfb66848a68f207cd49649a5b386863825645a1a246b4eb2077dfd,F6,5,5,18.5047444504402,0.7894756156328506,Notre Dame,0.5789512312657012,2026-09-03T12:59:40.374112+00:00
401858212,2026,1,2026-09-07T23:30:00.000Z,Florida State,SMU,False,True,regular,2026,1,401858212,margin_kernel_nystroem_ridge,kernel,margin,/groups/bsavoie2/tburton2/TDNet/publication_artifacts/corrected_f6_wide_margin_roster/through_2025_v1/checkpoints/margin_kernel_nystroem_ridge.pkl,9825120976cfb66848a68f207cd49649a5b386863825645a1a246b4eb2077dfd,F6,5,5,2.366506963415436,0.5421587164274717,Florida State,0.08431743285494342,2026-09-03T12:59:40.374112+00:00
401858423,2026,1,2026-09-03T22:00:00.000Z,Rutgers,Massachusetts,False,False,regular,2026,1,401858423,margin_kernel_rbf_kernel_ridge,kernel,margin,/groups/bsavoie2/tburton2/TDNet/publication_artifacts/corrected_f6_wide_margin_roster/through_2025_v1/checkpoints/margin_kernel_rbf_kernel_ridge.pkl,c609ee66ee90ac0ad83453c978e8b861623de8aa30a2870f5d495a5b2e73688b,F6,6,6,23.881963667348252,0.7036174896776831,Rutgers,0.40723497935536623,2026-09-03T12:59:40.374112+00:00
401858204,2026,1,2026-09-03T23:00:00.000Z,Wake Forest,Akron,False,False,regular,2026,1,401858204,margin_kernel_rbf_kernel_ridge,kernel,margin,/groups/bsavoie2/tburton2/TDNet/publication_artifacts/corrected_f6_wide_margin_roster/through_2025_v1/checkpoints/margin_kernel_rbf_kernel_ridge.pkl,c609ee66ee90ac0ad83453c978e8b861623de8aa30a2870f5d495a5b2e73688b,F6,6,6,7.555396380067343,0.5679576769950079,Wake Forest,0.13591535399001575,2026-09-03T12:59:40.374112+00:00
401856776,2026,1,2026-09-04T00:00:00.000Z,Georgia Tech,Colorado,False,False,regular,2026,1,401856776,margin_kernel_rbf_kernel_ridge,kernel,margin,/groups/bsavoie2/tburton2/TDNet/publication_artifacts/corrected_f6_wide_margin_roster/through_2025_v1/checkpoints/margin_kernel_rbf_kernel_ridge.pkl,c609ee66ee90ac0ad83453c978e8b861623de8aa30a2870f5d495a5b2e73688b,F6,6,6,11.398199761161479,0.6017212085927773,Georgia Tech,0.20344241718555467,2026-09-03T12:59:40.374112+00:00
401858424,2026,1,2026-09-04T01:00:00.000Z,Illinois,UAB,False,False,regular,2026,1,401858424,margin_kernel_rbf_kernel_ridge,kernel,margin,/groups/bsavoie2/tburton2/TDNet/publication_artifacts/corrected_f6_wide_margin_roster/through_2025_v1/checkpoints/margin_kernel_rbf_kernel_ridge.pkl,c609ee66ee90ac0ad83453c978e8b861623de8aa30a2870f5d495a5b2e73688b,F6,6,6,13.036630374998154,0.6158468663283141,Illinois,0.23169373265662818,2026-09-03T12:59:40.374112+00:00
401864495,2026,1,2026-09-04T22:30:00.000Z,Eastern Michigan,San José State,False,False,regular,2026,1,401864495,margin_kernel_rbf_kernel_ridge,kernel,margin,/groups/bsavoie2/tburton2/TDNet/publication_artifacts/corrected_f6_wide_margin_roster/through_2025_v1/checkpoints/margin_kernel_rbf_kernel_ridge.pkl,c609ee66ee90ac0ad83453c978e8b861623de8aa30a2870f5d495a5b2e73688b,F6,6,6,10.776872651351106,0.5963184391149234,Eastern Michigan,0.19263687822984688,2026-09-03T12:59:40.374112+00:00
401856664,2026,1,2026-09-05T00:00:00.000Z,Oklahoma,UTEP,False,False,regular,2026,1,401856664,margin_kernel_rbf_kernel_ridge,kernel,margin,/groups/bsavoie2/tburton2/TDNet/publication_artifacts/corrected_f6_wide_margin_roster/through_2025_v1/checkpoints/margin_kernel_rbf_kernel_ridge.pkl,c609ee66ee90ac0ad83453c978e8b861623de8aa30a2870f5d495a5b2e73688b,F6,6,6,24.086385098919564,0.7051584691764551,Oklahoma,0.41031693835291017,2026-09-03T12:59:40.374112+00:00
401858429,2026,1,2026-09-05T00:00:00.000Z,Michigan State,Toledo,False,False,regular,2026,1,401858429,margin_kernel_rbf_kernel_ridge,kernel,margin,/groups/bsavoie2/tburton2/TDNet/publication_artifacts/corrected_f6_wide_margin_roster/through_2025_v1/checkpoints/margin_kernel_rbf_kernel_ridge.pkl,c609ee66ee90ac0ad83453c978e8b861623de8aa30a2870f5d495a5b2e73688b,F6,6,6,-2.9776685808225807,0.4730763929471816,Toledo,0.053847214105636754,2026-09-03T12:59:40.374112+00:00
401858436,2026,1,2026-09-05T01:00:00.000Z,USC,Fresno State,False,False,regular,2026,1,401858436,margin_kernel_rbf_kernel_ridge,kernel,margin,/groups/bsavoie2/tburton2/TDNet/publication_artifacts/corrected_f6_wide_margin_roster/through_2025_v1/checkpoints/margin_kernel_rbf_kernel_ridge.pkl,c609ee66ee90ac0ad83453c978e8b861623de8aa30a2870f5d495a5b2e73688b,F6,6,6,16.64499816005084,0.6462483115841343,USC,0.29249662316826863,2026-09-03T12:59:40.374112+00:00
401858206,2026,1,2026-09-05T01:00:00.000Z,Stanford,Miami,False,True,regular,2026,1,401858206,margin_kernel_rbf_kernel_ridge,kernel,margin,/groups/bsavoie2/tburton2/TDNet/publication_artifacts/corrected_f6_wide_margin_roster/through_2025_v1/checkpoints/margin_kernel_rbf_kernel_ridge.pkl,c609ee66ee90ac0ad83453c978e8b861623de8aa30a2870f5d495a5b2e73688b,F6,6,6,-5.9542860556517,0.44631786916173666,Miami,0.10736426167652668,2026-09-03T12:59:40.374112+00:00
401856637,2026,1,2026-09-05T23:45:00.000Z,Florida,Florida Atlantic,False,False,regular,2026,1,401856637,margin_kernel_rbf_kernel_ridge,kernel,margin,/groups/bsavoie2/tburton2/TDNet/publication_artifacts/corrected_f6_wide_margin_roster/through_2025_v1/checkpoints/margin_kernel_rbf_kernel_ridge.pkl,c609ee66ee90ac0ad83453c978e8b861623de8aa30a2870f5d495a5b2e73688b,F6,6,6,14.39451826912785,0.627408654039276,Florida,0.2548173080785521,2026-09-03T12:59:40.374112+00:00
401858430,2026,1,2026-09-05T16:00:00.000Z,Nebraska,Ohio,False,False,regular,2026,1,401858430,margin_kernel_rbf_kernel_ridge,kernel,margin,/groups/bsavoie2/tburton2/TDNet/publication_artifacts/corrected_f6_wide_margin_roster/through_2025_v1/checkpoints/margin_kernel_rbf_kernel_ridge.pkl,c609ee66ee90ac0ad83453c978e8b861623de8aa30a2870f5d495a5b2e73688b,F6,6,6,5.1887711564580385,0.5468238646656963,Nebraska,0.09364772933139265,2026-09-03T12:59:40.374112+00:00
401856780,2026,1,2026-09-05T16:00:00.000Z,West Virginia,Coastal Carolina,False,False,regular,2026,1,401856780,margin_kernel_rbf_kernel_ridge,kernel,margin,/groups/bsavoie2/tburton2/TDNet/publication_artifacts/corrected_f6_wide_margin_roster/through_2025_v1/checkpoints/margin_kernel_rbf_kernel_ridge.pkl,c609ee66ee90ac0ad83453c978e8b861623de8aa30a2870f5d495a5b2e73688b,F6,6,6,10.252822646513174,0.5917432577610723,West Virginia,0.18348651552214457,2026-09-03T12:59:40.374112+00:00
401856634,2026,1,2026-09-05T16:00:00.000Z,Alabama,East Carolina,False,False,regular,2026,1,401856634,margin_kernel_rbf_kernel_ridge,kernel,margin,/groups/bsavoie2/tburton2/TDNet/publication_artifacts/corrected_f6_wide_margin_roster/through_2025_v1/checkpoints/margin_kernel_rbf_kernel_ridge.pkl,c609ee66ee90ac0ad83453c978e8b861623de8aa30a2870f5d495a5b2e73688b,F6,6,6,7.609347641684181,0.5684368840971085,Alabama,0.13687376819421693,2026-09-03T12:59:40.374112+00:00
401856778,2026,1,2026-09-05T16:00:00.000Z,Houston,Oregon State,False,False,regular,2026,1,401856778,margin_kernel_rbf_kernel_ridge,kernel,margin,/groups/bsavoie2/tburton2/TDNet/publication_artifacts/corrected_f6_wide_margin_roster/through_2025_v1/checkpoints/margin_kernel_rbf_kernel_ridge.pkl,c609ee66ee90ac0ad83453c978e8b861623de8aa30a2870f5d495a5b2e73688b,F6,6,6,7.996079808427915,0.5718681234079512,Houston,0.14373624681590247,2026-09-03T12:59:40.374112+00:00
401858425,2026,1,2026-09-05T16:00:00.000Z,Indiana,North Texas,False,False,regular,2026,1,401858425,margin_kernel_rbf_kernel_ridge,kernel,margin,/groups/bsavoie2/tburton2/TDNet/publication_artifacts/corrected_f6_wide_margin_roster/through_2025_v1/checkpoints/margin_kernel_rbf_kernel_ridge.pkl,c609ee66ee90ac0ad83453c978e8b861623de8aa30a2870f5d495a5b2e73688b,F6,6,6,12.448976934144433,0.6108015220440521,Indiana,0.22160304408810427,2026-09-03T12:59:40.374112+00:00
401869960,2026,1,2026-09-05T16:00:00.000Z,James Madison,Liberty,False,False,regular,2026,1,401869960,margin_kernel_rbf_kernel_ridge,kernel,margin,/groups/bsavoie2/tburton2/TDNet/publication_artifacts/corrected_f6_wide_margin_roster/through_2025_v1/checkpoints/margin_kernel_rbf_kernel_ridge.pkl,c609ee66ee90ac0ad83453c978e8b861623de8aa30a2870f5d495a5b2e73688b,F6,6,6,11.11217575227392,0.5992370693212971,James Madison,0.1984741386425941,2026-09-03T12:59:40.374112+00:00
401858207,2026,1,2026-09-05T16:30:00.000Z,Pittsburgh,Miami (OH),False,False,regular,2026,1,401858207,margin_kernel_rbf_kernel_ridge,kernel,margin,/groups/bsavoie2/tburton2/TDNet/publication_artifacts/corrected_f6_wide_margin_roster/through_2025_v1/checkpoints/margin_kernel_rbf_kernel_ridge.pkl,c609ee66ee90ac0ad83453c978e8b861623de8aa30a2870f5d495a5b2e73688b,F6,6,6,6.077683445589436,0.5547858105284119,Pittsburgh,0.10957162105682383,2026-09-03T12:59:40.374112+00:00
401858432,2026,1,2026-09-05T16:30:00.000Z,Ohio State,Ball State,False,False,regular,2026,1,401858432,margin_kernel_rbf_kernel_ridge,kernel,margin,/groups/bsavoie2/tburton2/TDNet/publication_artifacts/corrected_f6_wide_margin_roster/through_2025_v1/checkpoints/margin_kernel_rbf_kernel_ridge.pkl,c609ee66ee90ac0ad83453c978e8b861623de8aa30a2870f5d495a5b2e73688b,F6,6,6,30.0,0.7476412335549446,Ohio State,0.4952824671098892,2026-09-03T12:59:40.374112+00:00
401856665,2026,1,2026-09-05T16:45:00.000Z,South Carolina,Kent State,False,False,regular,2026,1,401856665,margin_kernel_rbf_kernel_ridge,kernel,margin,/groups/bsavoie2/tburton2/TDNet/publication_artifacts/corrected_f6_wide_margin_roster/through_2025_v1/checkpoints/margin_kernel_rbf_kernel_ridge.pkl,c609ee66ee90ac0ad83453c978e8b861623de8aa30a2870f5d495a5b2e73688b,F6,6,6,15.520681619575143,0.6368887318230099,South Carolina,0.27377746364601974,2026-09-03T12:59:40.374112+00:00
401858433,2026,1,2026-09-05T19:30:00.000Z,Oregon,Boise State,False,False,regular,2026,1,401858433,margin_kernel_rbf_kernel_ridge,kernel,margin,/groups/bsavoie2/tburton2/TDNet/publication_artifacts/corrected_f6_wide_margin_roster/through_2025_v1/checkpoints/margin_kernel_rbf_kernel_ridge.pkl,c609ee66ee90ac0ad83453c978e8b861623de8aa30a2870f5d495a5b2e73688b,F6,6,6,17.059326131994396,0.649669835408382,Oregon,0.29933967081676394,2026-09-03T12:59:40.374112+00:00
401856636,2026,1,2026-09-05T19:30:00.000Z,Auburn,Baylor,True,False,regular,2026,1,401856636,margin_kernel_rbf_kernel_ridge,kernel,margin,/groups/bsavoie2/tburton2/TDNet/publication_artifacts/corrected_f6_wide_margin_roster/through_2025_v1/checkpoints/margin_kernel_rbf_kernel_ridge.pkl,c609ee66ee90ac0ad83453c978e8b861623de8aa30a2870f5d495a5b2e73688b,F6,6,6,6.843459892629205,0.5616225119343872,Auburn,0.12324502386877434,2026-09-03T12:59:40.374112+00:00
401856667,2026,1,2026-09-05T19:30:00.000Z,Texas,Texas State,False,False,regular,2026,1,401856667,margin_kernel_rbf_kernel_ridge,kernel,margin,/groups/bsavoie2/tburton2/TDNet/publication_artifacts/corrected_f6_wide_margin_roster/through_2025_v1/checkpoints/margin_kernel_rbf_kernel_ridge.pkl,c609ee66ee90ac0ad83453c978e8b861623de8aa30a2870f5d495a5b2e73688b,F6,6,6,5.952558925956723,0.5536666794201415,Texas,0.10733335884028294,2026-09-03T12:59:40.374112+00:00
401858434,2026,1,2026-09-05T19:30:00.000Z,Penn State,Marshall,False,False,regular,2026,1,401858434,margin_kernel_rbf_kernel_ridge,kernel,margin,/groups/bsavoie2/tburton2/TDNet/publication_artifacts/corrected_f6_wide_margin_roster/through_2025_v1/checkpoints/margin_kernel_rbf_kernel_ridge.pkl,c609ee66ee90ac0ad83453c978e8b861623de8aa30a2870f5d495a5b2e73688b,F6,6,6,5.028491316389427,0.5453855717590994,Penn State,0.09077114351819882,2026-09-03T12:59:40.374112+00:00
401858209,2026,1,2026-09-05T19:30:00.000Z,Duke,Tulane,False,False,regular,2026,1,401858209,margin_kernel_rbf_kernel_ridge,kernel,margin,/groups/bsavoie2/tburton2/TDNet/publication_artifacts/corrected_f6_wide_margin_roster/through_2025_v1/checkpoints/margin_kernel_rbf_kernel_ridge.pkl,c609ee66ee90ac0ad83453c978e8b861623de8aa30a2870f5d495a5b2e73688b,F6,6,6,5.837905892211886,0.5526407286300153,Duke,0.10528145726003069,2026-09-03T12:59:40.374112+00:00
401856777,2026,1,2026-09-05T19:30:00.000Z,Cincinnati,Boston College,False,False,regular,2026,1,401856777,margin_kernel_rbf_kernel_ridge,kernel,margin,/groups/bsavoie2/tburton2/TDNet/publication_artifacts/corrected_f6_wide_margin_roster/through_2025_v1/checkpoints/margin_kernel_rbf_kernel_ridge.pkl,c609ee66ee90ac0ad83453c978e8b861623de8aa30a2870f5d495a5b2e73688b,F6,6,6,4.971543407941212,0.5448743583041942,Cincinnati,0.08974871660838835,2026-09-03T12:59:40.374112+00:00
401856772,2026,1,2026-09-05T19:45:00.000Z,Tulsa,Oklahoma State,False,False,regular,2026,1,401856772,margin_kernel_rbf_kernel_ridge,kernel,margin,/groups/bsavoie2/tburton2/TDNet/publication_artifacts/corrected_f6_wide_margin_roster/through_2025_v1/checkpoints/margin_kernel_rbf_kernel_ridge.pkl,c609ee66ee90ac0ad83453c978e8b861623de8aa30a2870f5d495a5b2e73688b,F6,6,6,9.213174138086778,0.58262018478447,Tulsa,0.16524036956893995,2026-09-03T12:59:40.374112+00:00
401858426,2026,1,2026-09-05T20:15:00.000Z,Iowa,Northern Illinois,False,False,regular,2026,1,401858426,margin_kernel_rbf_kernel_ridge,kernel,margin,/groups/bsavoie2/tburton2/TDNet/publication_artifacts/corrected_f6_wide_margin_roster/through_2025_v1/checkpoints/margin_kernel_rbf_kernel_ridge.pkl,c609ee66ee90ac0ad83453c978e8b861623de8aa30a2870f5d495a5b2e73688b,F6,6,6,15.028903302548343,0.6327615078713729,Iowa,0.2655230157427457,2026-09-03T12:59:40.374112+00:00
401860878,2026,1,2026-09-05T22:00:00.000Z,Colorado State,Wyoming,False,False,regular,2026,1,401860878,margin_kernel_rbf_kernel_ridge,kernel,margin,/groups/bsavoie2/tburton2/TDNet/publication_artifacts/corrected_f6_wide_margin_roster/through_2025_v1/checkpoints/margin_kernel_rbf_kernel_ridge.pkl,c609ee66ee90ac0ad83453c978e8b861623de8aa30a2870f5d495a5b2e73688b,F6,6,6,6.837977047350783,0.5615736420618539,Colorado State,0.12314728412370779,2026-09-03T12:59:40.374112+00:00
401856668,2026,1,2026-09-05T23:00:00.000Z,Texas A&M,Missouri State,False,False,regular,2026,1,401856668,margin_kernel_rbf_kernel_ridge,kernel,margin,/groups/bsavoie2/tburton2/TDNet/publication_artifacts/corrected_f6_wide_margin_roster/through_2025_v1/checkpoints/margin_kernel_rbf_kernel_ridge.pkl,c609ee66ee90ac0ad83453c978e8b861623de8aa30a2870f5d495a5b2e73688b,F6,6,6,16.894334332187903,0.6483091526348617,Texas A&M,0.2966183052697233,2026-09-03T12:59:40.374112+00:00
401862695,2026,1,2026-09-05T23:00:00.000Z,Memphis,Arkansas State,False,False,regular,2026,1,401862695,margin_kernel_rbf_kernel_ridge,kernel,margin,/groups/bsavoie2/tburton2/TDNet/publication_artifacts/corrected_f6_wide_margin_roster/through_2025_v1/checkpoints/margin_kernel_rbf_kernel_ridge.pkl,c609ee66ee90ac0ad83453c978e8b861623de8aa30a2870f5d495a5b2e73688b,F6,6,6,16.206347438999813,0.6426095416509369,Memphis,0.28521908330187373,2026-09-03T12:59:40.374112+00:00
401870763,2026,1,2026-09-05T23:00:00.000Z,Troy,Sam Houston,False,False,regular,2026,1,401870763,margin_kernel_rbf_kernel_ridge,kernel,margin,/groups/bsavoie2/tburton2/TDNet/publication_artifacts/corrected_f6_wide_margin_roster/through_2025_v1/checkpoints/margin_kernel_rbf_kernel_ridge.pkl,c609ee66ee90ac0ad83453c978e8b861623de8aa30a2870f5d495a5b2e73688b,F6,6,6,12.572325364400221,0.6118625491373677,Troy,0.2237250982747354,2026-09-03T12:59:40.374112+00:00
401862699,2026,1,2026-09-05T23:00:00.000Z,South Florida,Florida International,False,False,regular,2026,1,401862699,margin_kernel_rbf_kernel_ridge,kernel,margin,/groups/bsavoie2/tburton2/TDNet/publication_artifacts/corrected_f6_wide_margin_roster/through_2025_v1/checkpoints/margin_kernel_rbf_kernel_ridge.pkl,c609ee66ee90ac0ad83453c978e8b861623de8aa30a2870f5d495a5b2e73688b,F6,6,6,13.009756029937321,0.615616668577346,South Florida,0.23123333715469196,2026-09-03T12:59:40.374112+00:00
401858428,2026,1,2026-09-05T23:30:00.000Z,Michigan,Western Michigan,False,False,regular,2026,1,401858428,margin_kernel_rbf_kernel_ridge,kernel,margin,/groups/bsavoie2/tburton2/TDNet/publication_artifacts/corrected_f6_wide_margin_roster/through_2025_v1/checkpoints/margin_kernel_rbf_kernel_ridge.pkl,c609ee66ee90ac0ad83453c978e8b861623de8aa30a2870f5d495a5b2e73688b,F6,6,6,8.694689422533962,0.5780487624867792,Michigan,0.15609752497355833,2026-09-03T12:59:40.374112+00:00
401856662,2026,1,2026-09-05T23:30:00.000Z,Mississippi State,UL Monroe,False,False,regular,2026,1,401856662,margin_kernel_rbf_kernel_ridge,kernel,margin,/groups/bsavoie2/tburton2/TDNet/publication_artifacts/corrected_f6_wide_margin_roster/through_2025_v1/checkpoints/margin_kernel_rbf_kernel_ridge.pkl,c609ee66ee90ac0ad83453c978e8b861623de8aa30a2870f5d495a5b2e73688b,F6,6,6,11.177959666627629,0.5998088641822932,Mississippi State,0.19961772836458636,2026-09-03T12:59:40.374112+00:00
401856660,2026,1,2026-09-05T23:30:00.000Z,LSU,Clemson,False,False,regular,2026,1,401856660,margin_kernel_rbf_kernel_ridge,kernel,margin,/groups/bsavoie2/tburton2/TDNet/publication_artifacts/corrected_f6_wide_margin_roster/through_2025_v1/checkpoints/margin_kernel_rbf_kernel_ridge.pkl,c609ee66ee90ac0ad83453c978e8b861623de8aa30a2870f5d495a5b2e73688b,F6,6,6,1.7024302910469515,0.5154031327411959,LSU,0.030806265482391737,2026-09-03T12:59:40.374112+00:00
401864498,2026,1,2026-09-06T02:00:00.000Z,New Mexico,Central Michigan,False,False,regular,2026,1,401864498,margin_kernel_rbf_kernel_ridge,kernel,margin,/groups/bsavoie2/tburton2/TDNet/publication_artifacts/corrected_f6_wide_margin_roster/through_2025_v1/checkpoints/margin_kernel_rbf_kernel_ridge.pkl,c609ee66ee90ac0ad83453c978e8b861623de8aa30a2870f5d495a5b2e73688b,F6,6,6,5.331687836978453,0.548105688657447,New Mexico,0.09621137731489404,2026-09-03T12:59:40.374112+00:00
401864497,2026,1,2026-09-06T02:00:00.000Z,Hawai'i,UNLV,False,True,regular,2026,1,401864497,margin_kernel_rbf_kernel_ridge,kernel,margin,/groups/bsavoie2/tburton2/TDNet/publication_artifacts/corrected_f6_wide_margin_roster/through_2025_v1/checkpoints/margin_kernel_rbf_kernel_ridge.pkl,c609ee66ee90ac0ad83453c978e8b861623de8aa30a2870f5d495a5b2e73688b,F6,6,6,-6.93149045387667,0.4375930155593123,UNLV,0.12481396888137541,2026-09-03T12:59:40.374112+00:00
401864432,2026,1,2026-09-06T02:30:00.000Z,Nevada,Western Kentucky,False,False,regular,2026,1,401864432,margin_kernel_rbf_kernel_ridge,kernel,margin,/groups/bsavoie2/tburton2/TDNet/publication_artifacts/corrected_f6_wide_margin_roster/through_2025_v1/checkpoints/margin_kernel_rbf_kernel_ridge.pkl,c609ee66ee90ac0ad83453c978e8b861623de8aa30a2870f5d495a5b2e73688b,F6,6,6,-6.970877278703817,0.4372421259610906,Western Kentucky,0.12551574807781885,2026-09-03T12:59:40.374112+00:00
401858210,2026,1,2026-09-06T02:30:00.000Z,California,UCLA,False,False,regular,2026,1,401858210,margin_kernel_rbf_kernel_ridge,kernel,margin,/groups/bsavoie2/tburton2/TDNet/publication_artifacts/corrected_f6_wide_margin_roster/through_2025_v1/checkpoints/margin_kernel_rbf_kernel_ridge.pkl,c609ee66ee90ac0ad83453c978e8b861623de8aa30a2870f5d495a5b2e73688b,F6,6,6,3.5046004888724056,0.5316762416478199,California,0.0633524832956398,2026-09-03T12:59:40.374112+00:00
401858437,2026,1,2026-09-06T20:00:00.000Z,Washington,Washington State,False,False,regular,2026,1,401858437,margin_kernel_rbf_kernel_ridge,kernel,margin,/groups/bsavoie2/tburton2/TDNet/publication_artifacts/corrected_f6_wide_margin_roster/through_2025_v1/checkpoints/margin_kernel_rbf_kernel_ridge.pkl,c609ee66ee90ac0ad83453c978e8b861623de8aa30a2870f5d495a5b2e73688b,F6,6,6,10.064172240290986,0.5900923147047803,Washington,0.1801846294095606,2026-09-03T12:59:40.374112+00:00
401856661,2026,1,2026-09-06T23:30:00.000Z,Ole Miss,Louisville,True,False,regular,2026,1,401856661,margin_kernel_rbf_kernel_ridge,kernel,margin,/groups/bsavoie2/tburton2/TDNet/publication_artifacts/corrected_f6_wide_margin_roster/through_2025_v1/checkpoints/margin_kernel_rbf_kernel_ridge.pkl,c609ee66ee90ac0ad83453c978e8b861623de8aa30a2870f5d495a5b2e73688b,F6,6,6,10.255698198920406,0.5917684067758741,Ole Miss,0.1835368135517481,2026-09-03T12:59:40.374112+00:00
401858438,2026,1,2026-09-06T23:30:00.000Z,Notre Dame,Wisconsin,True,False,regular,2026,1,401858438,margin_kernel_rbf_kernel_ridge,kernel,margin,/groups/bsavoie2/tburton2/TDNet/publication_artifacts/corrected_f6_wide_margin_roster/through_2025_v1/checkpoints/margin_kernel_rbf_kernel_ridge.pkl,c609ee66ee90ac0ad83453c978e8b861623de8aa30a2870f5d495a5b2e73688b,F6,6,6,18.96587375244752,0.6652123399074641,Notre Dame,0.3304246798149282,2026-09-03T12:59:40.374112+00:00
401858212,2026,1,2026-09-07T23:30:00.000Z,Florida State,SMU,False,True,regular,2026,1,401858212,margin_kernel_rbf_kernel_ridge,kernel,margin,/groups/bsavoie2/tburton2/TDNet/publication_artifacts/corrected_f6_wide_margin_roster/through_2025_v1/checkpoints/margin_kernel_rbf_kernel_ridge.pkl,c609ee66ee90ac0ad83453c978e8b861623de8aa30a2870f5d495a5b2e73688b,F6,6,6,-1.4798563986821875,0.4866096207370621,SMU,0.026780758525875803,2026-09-03T12:59:40.374112+00:00
401858423,2026,1,2026-09-03T22:00:00.000Z,Rutgers,Massachusetts,False,False,regular,2026,1,401858423,margin_kernel_rbf_svr,kernel,margin,/groups/bsavoie2/tburton2/TDNet/publication_artifacts/corrected_f6_wide_margin_roster/through_2025_v1/checkpoints/margin_kernel_rbf_svr.pkl,ea9f3fbafb9b3195a504d6e8d2885b4ff1aa83d286d83727892a90e54517a4ee,F6,7,7,25.210645788758278,0.8582414745243465,Rutgers,0.716482949048693,2026-09-03T12:59:40.374112+00:00
401858204,2026,1,2026-09-03T23:00:00.000Z,Wake Forest,Akron,False,False,regular,2026,1,401858204,margin_kernel_rbf_svr,kernel,margin,/groups/bsavoie2/tburton2/TDNet/publication_artifacts/corrected_f6_wide_margin_roster/through_2025_v1/checkpoints/margin_kernel_rbf_svr.pkl,ea9f3fbafb9b3195a504d6e8d2885b4ff1aa83d286d83727892a90e54517a4ee,F6,7,7,9.217415981971666,0.6588979249538096,Wake Forest,0.3177958499076192,2026-09-03T12:59:40.374112+00:00
401856776,2026,1,2026-09-04T00:00:00.000Z,Georgia Tech,Colorado,False,False,regular,2026,1,401856776,margin_kernel_rbf_svr,kernel,margin,/groups/bsavoie2/tburton2/TDNet/publication_artifacts/corrected_f6_wide_margin_roster/through_2025_v1/checkpoints/margin_kernel_rbf_svr.pkl,ea9f3fbafb9b3195a504d6e8d2885b4ff1aa83d286d83727892a90e54517a4ee,F6,7,7,12.792334125175811,0.7137644947619499,Georgia Tech,0.42752898952389984,2026-09-03T12:59:40.374112+00:00
401858424,2026,1,2026-09-04T01:00:00.000Z,Illinois,UAB,False,False,regular,2026,1,401858424,margin_kernel_rbf_svr,kernel,margin,/groups/bsavoie2/tburton2/TDNet/publication_artifacts/corrected_f6_wide_margin_roster/through_2025_v1/checkpoints/margin_kernel_rbf_svr.pkl,ea9f3fbafb9b3195a504d6e8d2885b4ff1aa83d286d83727892a90e54517a4ee,F6,7,7,13.91258111588988,0.7298291233797477,Illinois,0.4596582467594954,2026-09-03T12:59:40.374112+00:00
401864495,2026,1,2026-09-04T22:30:00.000Z,Eastern Michigan,San José State,False,False,regular,2026,1,401864495,margin_kernel_rbf_svr,kernel,margin,/groups/bsavoie2/tburton2/TDNet/publication_artifacts/corrected_f6_wide_margin_roster/through_2025_v1/checkpoints/margin_kernel_rbf_svr.pkl,ea9f3fbafb9b3195a504d6e8d2885b4ff1aa83d286d83727892a90e54517a4ee,F6,7,7,8.475617686567915,0.6468910557394651,Eastern Michigan,0.2937821114789303,2026-09-03T12:59:40.374112+00:00
401856664,2026,1,2026-09-05T00:00:00.000Z,Oklahoma,UTEP,False,False,regular,2026,1,401856664,margin_kernel_rbf_svr,kernel,margin,/groups/bsavoie2/tburton2/TDNet/publication_artifacts/corrected_f6_wide_margin_roster/through_2025_v1/checkpoints/margin_kernel_rbf_svr.pkl,ea9f3fbafb9b3195a504d6e8d2885b4ff1aa83d286d83727892a90e54517a4ee,F6,7,7,21.108887180643343,0.8187316219898422,Oklahoma,0.6374632439796843,2026-09-03T12:59:40.374112+00:00
401858429,2026,1,2026-09-05T00:00:00.000Z,Michigan State,Toledo,False,False,regular,2026,1,401858429,margin_kernel_rbf_svr,kernel,margin,/groups/bsavoie2/tburton2/TDNet/publication_artifacts/corrected_f6_wide_margin_roster/through_2025_v1/checkpoints/margin_kernel_rbf_svr.pkl,ea9f3fbafb9b3195a504d6e8d2885b4ff1aa83d286d83727892a90e54517a4ee,F6,7,7,-3.274240121285189,0.4417964822540698,Toledo,0.11640703549186038,2026-09-03T12:59:40.374112+00:00
401858436,2026,1,2026-09-05T01:00:00.000Z,USC,Fresno State,False,False,regular,2026,1,401858436,margin_kernel_rbf_svr,kernel,margin,/groups/bsavoie2/tburton2/TDNet/publication_artifacts/corrected_f6_wide_margin_roster/through_2025_v1/checkpoints/margin_kernel_rbf_svr.pkl,ea9f3fbafb9b3195a504d6e8d2885b4ff1aa83d286d83727892a90e54517a4ee,F6,7,7,20.48226955052703,0.8119940274560907,USC,0.6239880549121815,2026-09-03T12:59:40.374112+00:00
401858206,2026,1,2026-09-05T01:00:00.000Z,Stanford,Miami,False,True,regular,2026,1,401858206,margin_kernel_rbf_svr,kernel,margin,/groups/bsavoie2/tburton2/TDNet/publication_artifacts/corrected_f6_wide_margin_roster/through_2025_v1/checkpoints/margin_kernel_rbf_svr.pkl,ea9f3fbafb9b3195a504d6e8d2885b4ff1aa83d286d83727892a90e54517a4ee,F6,7,7,-5.184355202525827,0.4084658543868772,Miami,0.18306829122624557,2026-09-03T12:59:40.374112+00:00
401856637,2026,1,2026-09-05T23:45:00.000Z,Florida,Florida Atlantic,False,False,regular,2026,1,401856637,margin_kernel_rbf_svr,kernel,margin,/groups/bsavoie2/tburton2/TDNet/publication_artifacts/corrected_f6_wide_margin_roster/through_2025_v1/checkpoints/margin_kernel_rbf_svr.pkl,ea9f3fbafb9b3195a504d6e8d2885b4ff1aa83d286d83727892a90e54517a4ee,F6,7,7,13.565832662299465,0.7249177482094651,Florida,0.44983549641893017,2026-09-03T12:59:40.374112+00:00
401858430,2026,1,2026-09-05T16:00:00.000Z,Nebraska,Ohio,False,False,regular,2026,1,401858430,margin_kernel_rbf_svr,kernel,margin,/groups/bsavoie2/tburton2/TDNet/publication_artifacts/corrected_f6_wide_margin_roster/through_2025_v1/checkpoints/margin_kernel_rbf_svr.pkl,ea9f3fbafb9b3195a504d6e8d2885b4ff1aa83d286d83727892a90e54517a4ee,F6,7,7,5.458910832893036,0.5962639709559729,Nebraska,0.1925279419119459,2026-09-03T12:59:40.374112+00:00
401856780,2026,1,2026-09-05T16:00:00.000Z,West Virginia,Coastal Carolina,False,False,regular,2026,1,401856780,margin_kernel_rbf_svr,kernel,margin,/groups/bsavoie2/tburton2/TDNet/publication_artifacts/corrected_f6_wide_margin_roster/through_2025_v1/checkpoints/margin_kernel_rbf_svr.pkl,ea9f3fbafb9b3195a504d6e8d2885b4ff1aa83d286d83727892a90e54517a4ee,F6,7,7,10.181634327930013,0.6742036216990374,West Virginia,0.3484072433980747,2026-09-03T12:59:40.374112+00:00
401856634,2026,1,2026-09-05T16:00:00.000Z,Alabama,East Carolina,False,False,regular,2026,1,401856634,margin_kernel_rbf_svr,kernel,margin,/groups/bsavoie2/tburton2/TDNet/publication_artifacts/corrected_f6_wide_margin_roster/through_2025_v1/checkpoints/margin_kernel_rbf_svr.pkl,ea9f3fbafb9b3195a504d6e8d2885b4ff1aa83d286d83727892a90e54517a4ee,F6,7,7,8.082479847452252,0.6404505030041928,Alabama,0.28090100600838563,2026-09-03T12:59:40.374112+00:00
401856778,2026,1,2026-09-05T16:00:00.000Z,Houston,Oregon State,False,False,regular,2026,1,401856778,margin_kernel_rbf_svr,kernel,margin,/groups/bsavoie2/tburton2/TDNet/publication_artifacts/corrected_f6_wide_margin_roster/through_2025_v1/checkpoints/margin_kernel_rbf_svr.pkl,ea9f3fbafb9b3195a504d6e8d2885b4ff1aa83d286d83727892a90e54517a4ee,F6,7,7,8.610113622184508,0.6490823728346773,Houston,0.2981647456693546,2026-09-03T12:59:40.374112+00:00
401858425,2026,1,2026-09-05T16:00:00.000Z,Indiana,North Texas,False,False,regular,2026,1,401858425,margin_kernel_rbf_svr,kernel,margin,/groups/bsavoie2/tburton2/TDNet/publication_artifacts/corrected_f6_wide_margin_roster/through_2025_v1/checkpoints/margin_kernel_rbf_svr.pkl,ea9f3fbafb9b3195a504d6e8d2885b4ff1aa83d286d83727892a90e54517a4ee,F6,7,7,13.411078804939082,0.7227080070359316,Indiana,0.44541601407186326,2026-09-03T12:59:40.374112+00:00
401869960,2026,1,2026-09-05T16:00:00.000Z,James Madison,Liberty,False,False,regular,2026,1,401869960,margin_kernel_rbf_svr,kernel,margin,/groups/bsavoie2/tburton2/TDNet/publication_artifacts/corrected_f6_wide_margin_roster/through_2025_v1/checkpoints/margin_kernel_rbf_svr.pkl,ea9f3fbafb9b3195a504d6e8d2885b4ff1aa83d286d83727892a90e54517a4ee,F6,7,7,10.74731793148981,0.6830156926913145,James Madison,0.3660313853826289,2026-09-03T12:59:40.374112+00:00
401858207,2026,1,2026-09-05T16:30:00.000Z,Pittsburgh,Miami (OH),False,False,regular,2026,1,401858207,margin_kernel_rbf_svr,kernel,margin,/groups/bsavoie2/tburton2/TDNet/publication_artifacts/corrected_f6_wide_margin_roster/through_2025_v1/checkpoints/margin_kernel_rbf_svr.pkl,ea9f3fbafb9b3195a504d6e8d2885b4ff1aa83d286d83727892a90e54517a4ee,F6,7,7,7.121479367436707,0.6244963041154946,Pittsburgh,0.24899260823098923,2026-09-03T12:59:40.374112+00:00
401858432,2026,1,2026-09-05T16:30:00.000Z,Ohio State,Ball State,False,False,regular,2026,1,401858432,margin_kernel_rbf_svr,kernel,margin,/groups/bsavoie2/tburton2/TDNet/publication_artifacts/corrected_f6_wide_margin_roster/through_2025_v1/checkpoints/margin_kernel_rbf_svr.pkl,ea9f3fbafb9b3195a504d6e8d2885b4ff1aa83d286d83727892a90e54517a4ee,F6,7,7,30.0,0.8949994149797352,Ohio State,0.7899988299594705,2026-09-03T12:59:40.374112+00:00
401856665,2026,1,2026-09-05T16:45:00.000Z,South Carolina,Kent State,False,False,regular,2026,1,401856665,margin_kernel_rbf_svr,kernel,margin,/groups/bsavoie2/tburton2/TDNet/publication_artifacts/corrected_f6_wide_margin_roster/through_2025_v1/checkpoints/margin_kernel_rbf_svr.pkl,ea9f3fbafb9b3195a504d6e8d2885b4ff1aa83d286d83727892a90e54517a4ee,F6,7,7,16.483474219106597,0.7644783772121506,South Carolina,0.5289567544243012,2026-09-03T12:59:40.374112+00:00
401858433,2026,1,2026-09-05T19:30:00.000Z,Oregon,Boise State,False,False,regular,2026,1,401858433,margin_kernel_rbf_svr,kernel,margin,/groups/bsavoie2/tburton2/TDNet/publication_artifacts/corrected_f6_wide_margin_roster/through_2025_v1/checkpoints/margin_kernel_rbf_svr.pkl,ea9f3fbafb9b3195a504d6e8d2885b4ff1aa83d286d83727892a90e54517a4ee,F6,7,7,17.235622391143103,0.7740138205797102,Oregon,0.5480276411594205,2026-09-03T12:59:40.374112+00:00
401856636,2026,1,2026-09-05T19:30:00.000Z,Auburn,Baylor,True,False,regular,2026,1,401856636,margin_kernel_rbf_svr,kernel,margin,/groups/bsavoie2/tburton2/TDNet/publication_artifacts/corrected_f6_wide_margin_roster/through_2025_v1/checkpoints/margin_kernel_rbf_svr.pkl,ea9f3fbafb9b3195a504d6e8d2885b4ff1aa83d286d83727892a90e54517a4ee,F6,7,7,4.982748651712412,0.5880501507853091,Auburn,0.17610030157061818,2026-09-03T12:59:40.374112+00:00
401856667,2026,1,2026-09-05T19:30:00.000Z,Texas,Texas State,False,False,regular,2026,1,401856667,margin_kernel_rbf_svr,kernel,margin,/groups/bsavoie2/tburton2/TDNet/publication_artifacts/corrected_f6_wide_margin_roster/through_2025_v1/checkpoints/margin_kernel_rbf_svr.pkl,ea9f3fbafb9b3195a504d6e8d2885b4ff1aa83d286d83727892a90e54517a4ee,F6,7,7,6.615644802059334,0.6159861966994019,Texas,0.23197239339880382,2026-09-03T12:59:40.374112+00:00
401858434,2026,1,2026-09-05T19:30:00.000Z,Penn State,Marshall,False,False,regular,2026,1,401858434,margin_kernel_rbf_svr,kernel,margin,/groups/bsavoie2/tburton2/TDNet/publication_artifacts/corrected_f6_wide_margin_roster/through_2025_v1/checkpoints/margin_kernel_rbf_svr.pkl,ea9f3fbafb9b3195a504d6e8d2885b4ff1aa83d286d83727892a90e54517a4ee,F6,7,7,6.17200064889151,0.608463262810514,Penn State,0.216926525621028,2026-09-03T12:59:40.374112+00:00
401858209,2026,1,2026-09-05T19:30:00.000Z,Duke,Tulane,False,False,regular,2026,1,401858209,margin_kernel_rbf_svr,kernel,margin,/groups/bsavoie2/tburton2/TDNet/publication_artifacts/corrected_f6_wide_margin_roster/through_2025_v1/checkpoints/margin_kernel_rbf_svr.pkl,ea9f3fbafb9b3195a504d6e8d2885b4ff1aa83d286d83727892a90e54517a4ee,F6,7,7,6.156113725379912,0.6081928843700156,Duke,0.21638576874003124,2026-09-03T12:59:40.374112+00:00
401856777,2026,1,2026-09-05T19:30:00.000Z,Cincinnati,Boston College,False,False,regular,2026,1,401856777,margin_kernel_rbf_svr,kernel,margin,/groups/bsavoie2/tburton2/TDNet/publication_artifacts/corrected_f6_wide_margin_roster/through_2025_v1/checkpoints/margin_kernel_rbf_svr.pkl,ea9f3fbafb9b3195a504d6e8d2885b4ff1aa83d286d83727892a90e54517a4ee,F6,7,7,6.439544671959815,0.6130064606490181,Cincinnati,0.22601292129803618,2026-09-03T12:59:40.374112+00:00
401856772,2026,1,2026-09-05T19:45:00.000Z,Tulsa,Oklahoma State,False,False,regular,2026,1,401856772,margin_kernel_rbf_svr,kernel,margin,/groups/bsavoie2/tburton2/TDNet/publication_artifacts/corrected_f6_wide_margin_roster/through_2025_v1/checkpoints/margin_kernel_rbf_svr.pkl,ea9f3fbafb9b3195a504d6e8d2885b4ff1aa83d286d83727892a90e54517a4ee,F6,7,7,8.440048113975834,0.6463104887311887,Tulsa,0.29262097746237736,2026-09-03T12:59:40.374112+00:00
401858426,2026,1,2026-09-05T20:15:00.000Z,Iowa,Northern Illinois,False,False,regular,2026,1,401858426,margin_kernel_rbf_svr,kernel,margin,/groups/bsavoie2/tburton2/TDNet/publication_artifacts/corrected_f6_wide_margin_roster/through_2025_v1/checkpoints/margin_kernel_rbf_svr.pkl,ea9f3fbafb9b3195a504d6e8d2885b4ff1aa83d286d83727892a90e54517a4ee,F6,7,7,17.16371632707648,0.7731141598439717,Iowa,0.5462283196879434,2026-09-03T12:59:40.374112+00:00
401860878,2026,1,2026-09-05T22:00:00.000Z,Colorado State,Wyoming,False,False,regular,2026,1,401860878,margin_kernel_rbf_svr,kernel,margin,/groups/bsavoie2/tburton2/TDNet/publication_artifacts/corrected_f6_wide_margin_roster/through_2025_v1/checkpoints/margin_kernel_rbf_svr.pkl,ea9f3fbafb9b3195a504d6e8d2885b4ff1aa83d286d83727892a90e54517a4ee,F6,7,7,7.868717641704428,0.6369270293174455,Colorado State,0.273854058634891,2026-09-03T12:59:40.374112+00:00
401856668,2026,1,2026-09-05T23:00:00.000Z,Texas A&M,Missouri State,False,False,regular,2026,1,401856668,margin_kernel_rbf_svr,kernel,margin,/groups/bsavoie2/tburton2/TDNet/publication_artifacts/corrected_f6_wide_margin_roster/through_2025_v1/checkpoints/margin_kernel_rbf_svr.pkl,ea9f3fbafb9b3195a504d6e8d2885b4ff1aa83d286d83727892a90e54517a4ee,F6,7,7,16.789972997281644,0.7683973484216986,Texas A&M,0.5367946968433972,2026-09-03T12:59:40.374112+00:00
401862695,2026,1,2026-09-05T23:00:00.000Z,Memphis,Arkansas State,False,False,regular,2026,1,401862695,margin_kernel_rbf_svr,kernel,margin,/groups/bsavoie2/tburton2/TDNet/publication_artifacts/corrected_f6_wide_margin_roster/through_2025_v1/checkpoints/margin_kernel_rbf_svr.pkl,ea9f3fbafb9b3195a504d6e8d2885b4ff1aa83d286d83727892a90e54517a4ee,F6,7,7,16.66661637555893,0.7668255773950113,Memphis,0.5336511547900227,2026-09-03T12:59:40.374112+00:00
401870763,2026,1,2026-09-05T23:00:00.000Z,Troy,Sam Houston,False,False,regular,2026,1,401870763,margin_kernel_rbf_svr,kernel,margin,/groups/bsavoie2/tburton2/TDNet/publication_artifacts/corrected_f6_wide_margin_roster/through_2025_v1/checkpoints/margin_kernel_rbf_svr.pkl,ea9f3fbafb9b3195a504d6e8d2885b4ff1aa83d286d83727892a90e54517a4ee,F6,7,7,11.89646533388055,0.7005141771575714,Troy,0.4010283543151427,2026-09-03T12:59:40.374112+00:00
401862699,2026,1,2026-09-05T23:00:00.000Z,South Florida,Florida International,False,False,regular,2026,1,401862699,margin_kernel_rbf_svr,kernel,margin,/groups/bsavoie2/tburton2/TDNet/publication_artifacts/corrected_f6_wide_margin_roster/through_2025_v1/checkpoints/margin_kernel_rbf_svr.pkl,ea9f3fbafb9b3195a504d6e8d2885b4ff1aa83d286d83727892a90e54517a4ee,F6,7,7,13.920860365474782,0.7299457140032933,South Florida,0.45989142800658667,2026-09-03T12:59:40.374112+00:00
401858428,2026,1,2026-09-05T23:30:00.000Z,Michigan,Western Michigan,False,False,regular,2026,1,401858428,margin_kernel_rbf_svr,kernel,margin,/groups/bsavoie2/tburton2/TDNet/publication_artifacts/corrected_f6_wide_margin_roster/through_2025_v1/checkpoints/margin_kernel_rbf_svr.pkl,ea9f3fbafb9b3195a504d6e8d2885b4ff1aa83d286d83727892a90e54517a4ee,F6,7,7,10.60711750208386,0.6808435777064762,Michigan,0.3616871554129524,2026-09-03T12:59:40.374112+00:00
401856662,2026,1,2026-09-05T23:30:00.000Z,Mississippi State,UL Monroe,False,False,regular,2026,1,401856662,margin_kernel_rbf_svr,kernel,margin,/groups/bsavoie2/tburton2/TDNet/publication_artifacts/corrected_f6_wide_margin_roster/through_2025_v1/checkpoints/margin_kernel_rbf_svr.pkl,ea9f3fbafb9b3195a504d6e8d2885b4ff1aa83d286d83727892a90e54517a4ee,F6,7,7,11.657809913348435,0.6969256773364146,Mississippi State,0.3938513546728293,2026-09-03T12:59:40.374112+00:00
401856660,2026,1,2026-09-05T23:30:00.000Z,LSU,Clemson,False,False,regular,2026,1,401856660,margin_kernel_rbf_svr,kernel,margin,/groups/bsavoie2/tburton2/TDNet/publication_artifacts/corrected_f6_wide_margin_roster/through_2025_v1/checkpoints/margin_kernel_rbf_svr.pkl,ea9f3fbafb9b3195a504d6e8d2885b4ff1aa83d286d83727892a90e54517a4ee,F6,7,7,1.6971277800433855,0.5302687953358253,LSU,0.06053759067165054,2026-09-03T12:59:40.374112+00:00
401864498,2026,1,2026-09-06T02:00:00.000Z,New Mexico,Central Michigan,False,False,regular,2026,1,401864498,margin_kernel_rbf_svr,kernel,margin,/groups/bsavoie2/tburton2/TDNet/publication_artifacts/corrected_f6_wide_margin_roster/through_2025_v1/checkpoints/margin_kernel_rbf_svr.pkl,ea9f3fbafb9b3195a504d6e8d2885b4ff1aa83d286d83727892a90e54517a4ee,F6,7,7,5.010482174426544,0.5885299503266758,New Mexico,0.17705990065335153,2026-09-03T12:59:40.374112+00:00
401864497,2026,1,2026-09-06T02:00:00.000Z,Hawai'i,UNLV,False,True,regular,2026,1,401864497,margin_kernel_rbf_svr,kernel,margin,/groups/bsavoie2/tburton2/TDNet/publication_artifacts/corrected_f6_wide_margin_roster/through_2025_v1/checkpoints/margin_kernel_rbf_svr.pkl,ea9f3fbafb9b3195a504d6e8d2885b4ff1aa83d286d83727892a90e54517a4ee,F6,7,7,-7.9554489639069725,0.3616415677704366,UNLV,0.2767168644591268,2026-09-03T12:59:40.374112+00:00
401864432,2026,1,2026-09-06T02:30:00.000Z,Nevada,Western Kentucky,False,False,regular,2026,1,401864432,margin_kernel_rbf_svr,kernel,margin,/groups/bsavoie2/tburton2/TDNet/publication_artifacts/corrected_f6_wide_margin_roster/through_2025_v1/checkpoints/margin_kernel_rbf_svr.pkl,ea9f3fbafb9b3195a504d6e8d2885b4ff1aa83d286d83727892a90e54517a4ee,F6,7,7,-7.566359405823652,0.368081920029819,Western Kentucky,0.263836159940362,2026-09-03T12:59:40.374112+00:00
401858210,2026,1,2026-09-06T02:30:00.000Z,California,UCLA,False,False,regular,2026,1,401858210,margin_kernel_rbf_svr,kernel,margin,/groups/bsavoie2/tburton2/TDNet/publication_artifacts/corrected_f6_wide_margin_roster/through_2025_v1/checkpoints/margin_kernel_rbf_svr.pkl,ea9f3fbafb9b3195a504d6e8d2885b4ff1aa83d286d83727892a90e54517a4ee,F6,7,7,3.00621407738853,0.5534770717121477,California,0.10695414342429532,2026-09-03T12:59:40.374112+00:00
401858437,2026,1,2026-09-06T20:00:00.000Z,Washington,Washington State,False,False,regular,2026,1,401858437,margin_kernel_rbf_svr,kernel,margin,/groups/bsavoie2/tburton2/TDNet/publication_artifacts/corrected_f6_wide_margin_roster/through_2025_v1/checkpoints/margin_kernel_rbf_svr.pkl,ea9f3fbafb9b3195a504d6e8d2885b4ff1aa83d286d83727892a90e54517a4ee,F6,7,7,10.847569363792179,0.6845640113701051,Washington,0.3691280227402103,2026-09-03T12:59:40.374112+00:00
401856661,2026,1,2026-09-06T23:30:00.000Z,Ole Miss,Louisville,True,False,regular,2026,1,401856661,margin_kernel_rbf_svr,kernel,margin,/groups/bsavoie2/tburton2/TDNet/publication_artifacts/corrected_f6_wide_margin_roster/through_2025_v1/checkpoints/margin_kernel_rbf_svr.pkl,ea9f3fbafb9b3195a504d6e8d2885b4ff1aa83d286d83727892a90e54517a4ee,F6,7,7,11.175598660085697,0.6896015232140755,Ole Miss,0.37920304642815106,2026-09-03T12:59:40.374112+00:00
401858438,2026,1,2026-09-06T23:30:00.000Z,Notre Dame,Wisconsin,True,False,regular,2026,1,401858438,margin_kernel_rbf_svr,kernel,margin,/groups/bsavoie2/tburton2/TDNet/publication_artifacts/corrected_f6_wide_margin_roster/through_2025_v1/checkpoints/margin_kernel_rbf_svr.pkl,ea9f3fbafb9b3195a504d6e8d2885b4ff1aa83d286d83727892a90e54517a4ee,F6,7,7,19.758281597633633,0.8039718253576426,Notre Dame,0.6079436507152851,2026-09-03T12:59:40.374112+00:00
401858212,2026,1,2026-09-07T23:30:00.000Z,Florida State,SMU,False,True,regular,2026,1,401858212,margin_kernel_rbf_svr,kernel,margin,/groups/bsavoie2/tburton2/TDNet/publication_artifacts/corrected_f6_wide_margin_roster/through_2025_v1/checkpoints/margin_kernel_rbf_svr.pkl,ea9f3fbafb9b3195a504d6e8d2885b4ff1aa83d286d83727892a90e54517a4ee,F6,7,7,-1.6529687259857804,0.47051694367284114,SMU,0.058966112654317726,2026-09-03T12:59:40.374112+00:00
401858423,2026,1,2026-09-03T22:00:00.000Z,Rutgers,Massachusetts,False,False,regular,2026,1,401858423,margin_knn_distance_euclidean,knn,margin,/groups/bsavoie2/tburton2/TDNet/publication_artifacts/corrected_f6_wide_margin_roster/through_2025_v1/checkpoints/margin_knn_distance_euclidean.pkl,516df024bc9c1ca715c16d9d9b7d98922e55d9082427f6c97f053974708908b9,F6,8,8,26.32094997135278,0.7794703976555902,Rutgers,0.5589407953111805,2026-09-03T12:59:40.374112+00:00
401858204,2026,1,2026-09-03T23:00:00.000Z,Wake Forest,Akron,False,False,regular,2026,1,401858204,margin_knn_distance_euclidean,knn,margin,/groups/bsavoie2/tburton2/TDNet/publication_artifacts/corrected_f6_wide_margin_roster/through_2025_v1/checkpoints/margin_knn_distance_euclidean.pkl,516df024bc9c1ca715c16d9d9b7d98922e55d9082427f6c97f053974708908b9,F6,8,8,15.680606348203282,0.6796532874036744,Wake Forest,0.35930657480734873,2026-09-03T12:59:40.374112+00:00
401856776,2026,1,2026-09-04T00:00:00.000Z,Georgia Tech,Colorado,False,False,regular,2026,1,401856776,margin_knn_distance_euclidean,knn,margin,/groups/bsavoie2/tburton2/TDNet/publication_artifacts/corrected_f6_wide_margin_roster/through_2025_v1/checkpoints/margin_knn_distance_euclidean.pkl,516df024bc9c1ca715c16d9d9b7d98922e55d9082427f6c97f053974708908b9,F6,8,8,11.740001054243539,0.637181779560926,Georgia Tech,0.27436355912185206,2026-09-03T12:59:40.374112+00:00
401858424,2026,1,2026-09-04T01:00:00.000Z,Illinois,UAB,False,False,regular,2026,1,401858424,margin_knn_distance_euclidean,knn,margin,/groups/bsavoie2/tburton2/TDNet/publication_artifacts/corrected_f6_wide_margin_roster/through_2025_v1/checkpoints/margin_knn_distance_euclidean.pkl,516df024bc9c1ca715c16d9d9b7d98922e55d9082427f6c97f053974708908b9,F6,8,8,18.803128455169226,0.7113526007988182,Illinois,0.42270520159763647,2026-09-03T12:59:40.374112+00:00
401864495,2026,1,2026-09-04T22:30:00.000Z,Eastern Michigan,San José State,False,False,regular,2026,1,401864495,margin_knn_distance_euclidean,knn,margin,/groups/bsavoie2/tburton2/TDNet/publication_artifacts/corrected_f6_wide_margin_roster/through_2025_v1/checkpoints/margin_knn_distance_euclidean.pkl,516df024bc9c1ca715c16d9d9b7d98922e55d9082427f6c97f053974708908b9,F6,8,8,8.444316494185726,0.5999035411731811,Eastern Michigan,0.19980708234636224,2026-09-03T12:59:40.374112+00:00
401856664,2026,1,2026-09-05T00:00:00.000Z,Oklahoma,UTEP,False,False,regular,2026,1,401856664,margin_knn_distance_euclidean,knn,margin,/groups/bsavoie2/tburton2/TDNet/publication_artifacts/corrected_f6_wide_margin_roster/through_2025_v1/checkpoints/margin_knn_distance_euclidean.pkl,516df024bc9c1ca715c16d9d9b7d98922e55d9082427f6c97f053974708908b9,F6,8,8,22.445129904855467,0.7458622662068144,Oklahoma,0.4917245324136288,2026-09-03T12:59:40.374112+00:00
401858429,2026,1,2026-09-05T00:00:00.000Z,Michigan State,Toledo,False,False,regular,2026,1,401858429,margin_knn_distance_euclidean,knn,margin,/groups/bsavoie2/tburton2/TDNet/publication_artifacts/corrected_f6_wide_margin_roster/through_2025_v1/checkpoints/margin_knn_distance_euclidean.pkl,516df024bc9c1ca715c16d9d9b7d98922e55d9082427f6c97f053974708908b9,F6,8,8,9.978347089011688,0.6174287402284271,Michigan State,0.23485748045685417,2026-09-03T12:59:40.374112+00:00
401858436,2026,1,2026-09-05T01:00:00.000Z,USC,Fresno State,False,False,regular,2026,1,401858436,margin_knn_distance_euclidean,knn,margin,/groups/bsavoie2/tburton2/TDNet/publication_artifacts/corrected_f6_wide_margin_roster/through_2025_v1/checkpoints/margin_knn_distance_euclidean.pkl,516df024bc9c1ca715c16d9d9b7d98922e55d9082427f6c97f053974708908b9,F6,8,8,18.78971416024435,0.7112204597420754,USC,0.42244091948415075,2026-09-03T12:59:40.374112+00:00
401858206,2026,1,2026-09-05T01:00:00.000Z,Stanford,Miami,False,True,regular,2026,1,401858206,margin_knn_distance_euclidean,knn,margin,/groups/bsavoie2/tburton2/TDNet/publication_artifacts/corrected_f6_wide_margin_roster/through_2025_v1/checkpoints/margin_knn_distance_euclidean.pkl,516df024bc9c1ca715c16d9d9b7d98922e55d9082427f6c97f053974708908b9,F6,8,8,-1.9811526491941687,0.47625951618694673,Miami,0.04748096762610654,2026-09-03T12:59:40.374112+00:00
401856637,2026,1,2026-09-05T23:45:00.000Z,Florida,Florida Atlantic,False,False,regular,2026,1,401856637,margin_knn_distance_euclidean,knn,margin,/groups/bsavoie2/tburton2/TDNet/publication_artifacts/corrected_f6_wide_margin_roster/through_2025_v1/checkpoints/margin_knn_distance_euclidean.pkl,516df024bc9c1ca715c16d9d9b7d98922e55d9082427f6c97f053974708908b9,F6,8,8,19.736307678791135,0.7204562311548991,Florida,0.4409124623097982,2026-09-03T12:59:40.374112+00:00
401858430,2026,1,2026-09-05T16:00:00.000Z,Nebraska,Ohio,False,False,regular,2026,1,401858430,margin_knn_distance_euclidean,knn,margin,/groups/bsavoie2/tburton2/TDNet/publication_artifacts/corrected_f6_wide_margin_roster/through_2025_v1/checkpoints/margin_knn_distance_euclidean.pkl,516df024bc9c1ca715c16d9d9b7d98922e55d9082427f6c97f053974708908b9,F6,8,8,15.60300525257433,0.6788422817627866,Nebraska,0.3576845635255732,2026-09-03T12:59:40.374112+00:00
401856780,2026,1,2026-09-05T16:00:00.000Z,West Virginia,Coastal Carolina,False,False,regular,2026,1,401856780,margin_knn_distance_euclidean,knn,margin,/groups/bsavoie2/tburton2/TDNet/publication_artifacts/corrected_f6_wide_margin_roster/through_2025_v1/checkpoints/margin_knn_distance_euclidean.pkl,516df024bc9c1ca715c16d9d9b7d98922e55d9082427f6c97f053974708908b9,F6,8,8,16.914094468209974,0.6923966336691395,West Virginia,0.384793267338279,2026-09-03T12:59:40.374112+00:00
401856634,2026,1,2026-09-05T16:00:00.000Z,Alabama,East Carolina,False,False,regular,2026,1,401856634,margin_knn_distance_euclidean,knn,margin,/groups/bsavoie2/tburton2/TDNet/publication_artifacts/corrected_f6_wide_margin_roster/through_2025_v1/checkpoints/margin_knn_distance_euclidean.pkl,516df024bc9c1ca715c16d9d9b7d98922e55d9082427f6c97f053974708908b9,F6,8,8,19.51782458909909,0.7183406283027071,Alabama,0.4366812566054141,2026-09-03T12:59:40.374112+00:00
401856778,2026,1,2026-09-05T16:00:00.000Z,Houston,Oregon State,False,False,regular,2026,1,401856778,margin_knn_distance_euclidean,knn,margin,/groups/bsavoie2/tburton2/TDNet/publication_artifacts/corrected_f6_wide_margin_roster/through_2025_v1/checkpoints/margin_knn_distance_euclidean.pkl,516df024bc9c1ca715c16d9d9b7d98922e55d9082427f6c97f053974708908b9,F6,8,8,11.097397926713095,0.6300259597500919,Houston,0.2600519195001838,2026-09-03T12:59:40.374112+00:00
401858425,2026,1,2026-09-05T16:00:00.000Z,Indiana,North Texas,False,False,regular,2026,1,401858425,margin_knn_distance_euclidean,knn,margin,/groups/bsavoie2/tburton2/TDNet/publication_artifacts/corrected_f6_wide_margin_roster/through_2025_v1/checkpoints/margin_knn_distance_euclidean.pkl,516df024bc9c1ca715c16d9d9b7d98922e55d9082427f6c97f053974708908b9,F6,8,8,13.480181399907638,0.6562500306750676,Indiana,0.3125000613501352,2026-09-03T12:59:40.374112+00:00
401869960,2026,1,2026-09-05T16:00:00.000Z,James Madison,Liberty,False,False,regular,2026,1,401869960,margin_knn_distance_euclidean,knn,margin,/groups/bsavoie2/tburton2/TDNet/publication_artifacts/corrected_f6_wide_margin_roster/through_2025_v1/checkpoints/margin_knn_distance_euclidean.pkl,516df024bc9c1ca715c16d9d9b7d98922e55d9082427f6c97f053974708908b9,F6,8,8,11.972468021438623,0.6397557505430961,James Madison,0.27951150108619216,2026-09-03T12:59:40.374112+00:00
401858207,2026,1,2026-09-05T16:30:00.000Z,Pittsburgh,Miami (OH),False,False,regular,2026,1,401858207,margin_knn_distance_euclidean,knn,margin,/groups/bsavoie2/tburton2/TDNet/publication_artifacts/corrected_f6_wide_margin_roster/through_2025_v1/checkpoints/margin_knn_distance_euclidean.pkl,516df024bc9c1ca715c16d9d9b7d98922e55d9082427f6c97f053974708908b9,F6,8,8,13.085473622293284,0.6519663243469299,Pittsburgh,0.30393264869385983,2026-09-03T12:59:40.374112+00:00
401858432,2026,1,2026-09-05T16:30:00.000Z,Ohio State,Ball State,False,False,regular,2026,1,401858432,margin_knn_distance_euclidean,knn,margin,/groups/bsavoie2/tburton2/TDNet/publication_artifacts/corrected_f6_wide_margin_roster/through_2025_v1/checkpoints/margin_knn_distance_euclidean.pkl,516df024bc9c1ca715c16d9d9b7d98922e55d9082427f6c97f053974708908b9,F6,8,8,24.324779129722977,0.7625713602289017,Ohio State,0.5251427204578034,2026-09-03T12:59:40.374112+00:00
401856665,2026,1,2026-09-05T16:45:00.000Z,South Carolina,Kent State,False,False,regular,2026,1,401856665,margin_knn_distance_euclidean,knn,margin,/groups/bsavoie2/tburton2/TDNet/publication_artifacts/corrected_f6_wide_margin_roster/through_2025_v1/checkpoints/margin_knn_distance_euclidean.pkl,516df024bc9c1ca715c16d9d9b7d98922e55d9082427f6c97f053974708908b9,F6,8,8,26.860056005737025,0.7838835361130887,South Carolina,0.5677670722261774,2026-09-03T12:59:40.374112+00:00
401858433,2026,1,2026-09-05T19:30:00.000Z,Oregon,Boise State,False,False,regular,2026,1,401858433,margin_knn_distance_euclidean,knn,margin,/groups/bsavoie2/tburton2/TDNet/publication_artifacts/corrected_f6_wide_margin_roster/through_2025_v1/checkpoints/margin_knn_distance_euclidean.pkl,516df024bc9c1ca715c16d9d9b7d98922e55d9082427f6c97f053974708908b9,F6,8,8,20.4563544209938,0.7273592514954106,Oregon,0.45471850299082117,2026-09-03T12:59:40.374112+00:00
401856636,2026,1,2026-09-05T19:30:00.000Z,Auburn,Baylor,True,False,regular,2026,1,401856636,margin_knn_distance_euclidean,knn,margin,/groups/bsavoie2/tburton2/TDNet/publication_artifacts/corrected_f6_wide_margin_roster/through_2025_v1/checkpoints/margin_knn_distance_euclidean.pkl,516df024bc9c1ca715c16d9d9b7d98922e55d9082427f6c97f053974708908b9,F6,8,8,6.036046980300812,0.57188389580624,Auburn,0.14376779161248,2026-09-03T12:59:40.374112+00:00
401856667,2026,1,2026-09-05T19:30:00.000Z,Texas,Texas State,False,False,regular,2026,1,401856667,margin_knn_distance_euclidean,knn,margin,/groups/bsavoie2/tburton2/TDNet/publication_artifacts/corrected_f6_wide_margin_roster/through_2025_v1/checkpoints/margin_knn_distance_euclidean.pkl,516df024bc9c1ca715c16d9d9b7d98922e55d9082427f6c97f053974708908b9,F6,8,8,19.662414530979955,0.7197418023931456,Texas,0.4394836047862911,2026-09-03T12:59:40.374112+00:00
401858434,2026,1,2026-09-05T19:30:00.000Z,Penn State,Marshall,False,False,regular,2026,1,401858434,margin_knn_distance_euclidean,knn,margin,/groups/bsavoie2/tburton2/TDNet/publication_artifacts/corrected_f6_wide_margin_roster/through_2025_v1/checkpoints/margin_knn_distance_euclidean.pkl,516df024bc9c1ca715c16d9d9b7d98922e55d9082427f6c97f053974708908b9,F6,8,8,17.39860660454541,0.6973244201239205,Penn State,0.39464884024784097,2026-09-03T12:59:40.374112+00:00
401858209,2026,1,2026-09-05T19:30:00.000Z,Duke,Tulane,False,False,regular,2026,1,401858209,margin_knn_distance_euclidean,knn,margin,/groups/bsavoie2/tburton2/TDNet/publication_artifacts/corrected_f6_wide_margin_roster/through_2025_v1/checkpoints/margin_knn_distance_euclidean.pkl,516df024bc9c1ca715c16d9d9b7d98922e55d9082427f6c97f053974708908b9,F6,8,8,19.73957720810814,0.7204878165226458,Duke,0.44097563304529164,2026-09-03T12:59:40.374112+00:00
401856777,2026,1,2026-09-05T19:30:00.000Z,Cincinnati,Boston College,False,False,regular,2026,1,401856777,margin_knn_distance_euclidean,knn,margin,/groups/bsavoie2/tburton2/TDNet/publication_artifacts/corrected_f6_wide_margin_roster/through_2025_v1/checkpoints/margin_knn_distance_euclidean.pkl,516df024bc9c1ca715c16d9d9b7d98922e55d9082427f6c97f053974708908b9,F6,8,8,2.417079639180292,0.5289536372629271,Cincinnati,0.0579072745258542,2026-09-03T12:59:40.374112+00:00
401856772,2026,1,2026-09-05T19:45:00.000Z,Tulsa,Oklahoma State,False,False,regular,2026,1,401856772,margin_knn_distance_euclidean,knn,margin,/groups/bsavoie2/tburton2/TDNet/publication_artifacts/corrected_f6_wide_margin_roster/through_2025_v1/checkpoints/margin_knn_distance_euclidean.pkl,516df024bc9c1ca715c16d9d9b7d98922e55d9082427f6c97f053974708908b9,F6,8,8,0.9425501021421209,0.5113013097982383,Tulsa,0.02260261959647658,2026-09-03T12:59:40.374112+00:00
401858426,2026,1,2026-09-05T20:15:00.000Z,Iowa,Northern Illinois,False,False,regular,2026,1,401858426,margin_knn_distance_euclidean,knn,margin,/groups/bsavoie2/tburton2/TDNet/publication_artifacts/corrected_f6_wide_margin_roster/through_2025_v1/checkpoints/margin_knn_distance_euclidean.pkl,516df024bc9c1ca715c16d9d9b7d98922e55d9082427f6c97f053974708908b9,F6,8,8,20.037145359827708,0.7233533144608977,Iowa,0.44670662892179536,2026-09-03T12:59:40.374112+00:00
401860878,2026,1,2026-09-05T22:00:00.000Z,Colorado State,Wyoming,False,False,regular,2026,1,401860878,margin_knn_distance_euclidean,knn,margin,/groups/bsavoie2/tburton2/TDNet/publication_artifacts/corrected_f6_wide_margin_roster/through_2025_v1/checkpoints/margin_knn_distance_euclidean.pkl,516df024bc9c1ca715c16d9d9b7d98922e55d9082427f6c97f053974708908b9,F6,8,8,19.21891848036952,0.7154305679298432,Colorado State,0.43086113585968633,2026-09-03T12:59:40.374112+00:00
401856668,2026,1,2026-09-05T23:00:00.000Z,Texas A&M,Missouri State,False,False,regular,2026,1,401856668,margin_knn_distance_euclidean,knn,margin,/groups/bsavoie2/tburton2/TDNet/publication_artifacts/corrected_f6_wide_margin_roster/through_2025_v1/checkpoints/margin_knn_distance_euclidean.pkl,516df024bc9c1ca715c16d9d9b7d98922e55d9082427f6c97f053974708908b9,F6,8,8,23.22073016275832,0.7528497349512522,Texas A&M,0.5056994699025044,2026-09-03T12:59:40.374112+00:00
401862695,2026,1,2026-09-05T23:00:00.000Z,Memphis,Arkansas State,False,False,regular,2026,1,401862695,margin_knn_distance_euclidean,knn,margin,/groups/bsavoie2/tburton2/TDNet/publication_artifacts/corrected_f6_wide_margin_roster/through_2025_v1/checkpoints/margin_knn_distance_euclidean.pkl,516df024bc9c1ca715c16d9d9b7d98922e55d9082427f6c97f053974708908b9,F6,8,8,3.2593240268779287,0.5390069909697535,Memphis,0.07801398193950693,2026-09-03T12:59:40.374112+00:00
401870763,2026,1,2026-09-05T23:00:00.000Z,Troy,Sam Houston,False,False,regular,2026,1,401870763,margin_knn_distance_euclidean,knn,margin,/groups/bsavoie2/tburton2/TDNet/publication_artifacts/corrected_f6_wide_margin_roster/through_2025_v1/checkpoints/margin_knn_distance_euclidean.pkl,516df024bc9c1ca715c16d9d9b7d98922e55d9082427f6c97f053974708908b9,F6,8,8,17.787971371708558,0.7012519272541927,Troy,0.40250385450838544,2026-09-03T12:59:40.374112+00:00
401862699,2026,1,2026-09-05T23:00:00.000Z,South Florida,Florida International,False,False,regular,2026,1,401862699,margin_knn_distance_euclidean,knn,margin,/groups/bsavoie2/tburton2/TDNet/publication_artifacts/corrected_f6_wide_margin_roster/through_2025_v1/checkpoints/margin_knn_distance_euclidean.pkl,516df024bc9c1ca715c16d9d9b7d98922e55d9082427f6c97f053974708908b9,F6,8,8,9.314202686204824,0.6098758894881073,South Florida,0.21975177897621467,2026-09-03T12:59:40.374112+00:00
401858428,2026,1,2026-09-05T23:30:00.000Z,Michigan,Western Michigan,False,False,regular,2026,1,401858428,margin_knn_distance_euclidean,knn,margin,/groups/bsavoie2/tburton2/TDNet/publication_artifacts/corrected_f6_wide_margin_roster/through_2025_v1/checkpoints/margin_knn_distance_euclidean.pkl,516df024bc9c1ca715c16d9d9b7d98922e55d9082427f6c97f053974708908b9,F6,8,8,22.343175351809467,0.7449341243314536,Michigan,0.4898682486629071,2026-09-03T12:59:40.374112+00:00
401856662,2026,1,2026-09-05T23:30:00.000Z,Mississippi State,UL Monroe,False,False,regular,2026,1,401856662,margin_knn_distance_euclidean,knn,margin,/groups/bsavoie2/tburton2/TDNet/publication_artifacts/corrected_f6_wide_margin_roster/through_2025_v1/checkpoints/margin_knn_distance_euclidean.pkl,516df024bc9c1ca715c16d9d9b7d98922e55d9082427f6c97f053974708908b9,F6,8,8,17.977474457391487,0.7031528173067081,Mississippi State,0.4063056346134162,2026-09-03T12:59:40.374112+00:00
401856660,2026,1,2026-09-05T23:30:00.000Z,LSU,Clemson,False,False,regular,2026,1,401856660,margin_knn_distance_euclidean,knn,margin,/groups/bsavoie2/tburton2/TDNet/publication_artifacts/corrected_f6_wide_margin_roster/through_2025_v1/checkpoints/margin_knn_distance_euclidean.pkl,516df024bc9c1ca715c16d9d9b7d98922e55d9082427f6c97f053974708908b9,F6,8,8,7.255330771093869,0.5861395513116455,LSU,0.17227910262329105,2026-09-03T12:59:40.374112+00:00
401864498,2026,1,2026-09-06T02:00:00.000Z,New Mexico,Central Michigan,False,False,regular,2026,1,401864498,margin_knn_distance_euclidean,knn,margin,/groups/bsavoie2/tburton2/TDNet/publication_artifacts/corrected_f6_wide_margin_roster/through_2025_v1/checkpoints/margin_knn_distance_euclidean.pkl,516df024bc9c1ca715c16d9d9b7d98922e55d9082427f6c97f053974708908b9,F6,8,8,10.69572332008869,0.6255236194667066,New Mexico,0.2510472389334133,2026-09-03T12:59:40.374112+00:00
401864497,2026,1,2026-09-06T02:00:00.000Z,Hawai'i,UNLV,False,True,regular,2026,1,401864497,margin_knn_distance_euclidean,knn,margin,/groups/bsavoie2/tburton2/TDNet/publication_artifacts/corrected_f6_wide_margin_roster/through_2025_v1/checkpoints/margin_knn_distance_euclidean.pkl,516df024bc9c1ca715c16d9d9b7d98922e55d9082427f6c97f053974708908b9,F6,8,8,-4.806049392847816,0.4426188876680708,UNLV,0.11476222466385844,2026-09-03T12:59:40.374112+00:00
401864432,2026,1,2026-09-06T02:30:00.000Z,Nevada,Western Kentucky,False,False,regular,2026,1,401864432,margin_knn_distance_euclidean,knn,margin,/groups/bsavoie2/tburton2/TDNet/publication_artifacts/corrected_f6_wide_margin_roster/through_2025_v1/checkpoints/margin_knn_distance_euclidean.pkl,516df024bc9c1ca715c16d9d9b7d98922e55d9082427f6c97f053974708908b9,F6,8,8,-5.123672273121461,0.4388634171446687,Western Kentucky,0.1222731657106626,2026-09-03T12:59:40.374112+00:00
401858210,2026,1,2026-09-06T02:30:00.000Z,California,UCLA,False,False,regular,2026,1,401858210,margin_knn_distance_euclidean,knn,margin,/groups/bsavoie2/tburton2/TDNet/publication_artifacts/corrected_f6_wide_margin_roster/through_2025_v1/checkpoints/margin_knn_distance_euclidean.pkl,516df024bc9c1ca715c16d9d9b7d98922e55d9082427f6c97f053974708908b9,F6,8,8,2.5643613300868644,0.5307135765668781,California,0.06142715313375624,2026-09-03T12:59:40.374112+00:00
401858437,2026,1,2026-09-06T20:00:00.000Z,Washington,Washington State,False,False,regular,2026,1,401858437,margin_knn_distance_euclidean,knn,margin,/groups/bsavoie2/tburton2/TDNet/publication_artifacts/corrected_f6_wide_margin_roster/through_2025_v1/checkpoints/margin_knn_distance_euclidean.pkl,516df024bc9c1ca715c16d9d9b7d98922e55d9082427f6c97f053974708908b9,F6,8,8,9.418722833792216,0.6110681261736085,Washington,0.222136252347217,2026-09-03T12:59:40.374112+00:00
401856661,2026,1,2026-09-06T23:30:00.000Z,Ole Miss,Louisville,True,False,regular,2026,1,401856661,margin_knn_distance_euclidean,knn,margin,/groups/bsavoie2/tburton2/TDNet/publication_artifacts/corrected_f6_wide_margin_roster/through_2025_v1/checkpoints/margin_knn_distance_euclidean.pkl,516df024bc9c1ca715c16d9d9b7d98922e55d9082427f6c97f053974708908b9,F6,8,8,8.500230686402698,0.6005471320403007,Ole Miss,0.2010942640806015,2026-09-03T12:59:40.374112+00:00
401858438,2026,1,2026-09-06T23:30:00.000Z,Notre Dame,Wisconsin,True,False,regular,2026,1,401858438,margin_knn_distance_euclidean,knn,margin,/groups/bsavoie2/tburton2/TDNet/publication_artifacts/corrected_f6_wide_margin_roster/through_2025_v1/checkpoints/margin_knn_distance_euclidean.pkl,516df024bc9c1ca715c16d9d9b7d98922e55d9082427f6c97f053974708908b9,F6,8,8,14.224733222851686,0.6642613213032585,Notre Dame,0.3285226426065171,2026-09-03T12:59:40.374112+00:00
401858212,2026,1,2026-09-07T23:30:00.000Z,Florida State,SMU,False,True,regular,2026,1,401858212,margin_knn_distance_euclidean,knn,margin,/groups/bsavoie2/tburton2/TDNet/publication_artifacts/corrected_f6_wide_margin_roster/through_2025_v1/checkpoints/margin_knn_distance_euclidean.pkl,516df024bc9c1ca715c16d9d9b7d98922e55d9082427f6c97f053974708908b9,F6,8,8,6.5767062248943855,0.5782213987171694,Florida State,0.15644279743433875,2026-09-03T12:59:40.374112+00:00
401858423,2026,1,2026-09-03T22:00:00.000Z,Rutgers,Massachusetts,False,False,regular,2026,1,401858423,margin_knn_distance_manhattan,knn,margin,/groups/bsavoie2/tburton2/TDNet/publication_artifacts/corrected_f6_wide_margin_roster/through_2025_v1/checkpoints/margin_knn_distance_manhattan.pkl,6f224c5f223dcc66783cdca2b2407904cef9daec7da6c45bc7ac31ecbeddfb9f,F6,9,9,27.5043515747273,0.8639498904028031,Rutgers,0.7278997808056062,2026-09-03T12:59:40.374112+00:00
401858204,2026,1,2026-09-03T23:00:00.000Z,Wake Forest,Akron,False,False,regular,2026,1,401858204,margin_knn_distance_manhattan,knn,margin,/groups/bsavoie2/tburton2/TDNet/publication_artifacts/corrected_f6_wide_margin_roster/through_2025_v1/checkpoints/margin_knn_distance_manhattan.pkl,6f224c5f223dcc66783cdca2b2407904cef9daec7da6c45bc7ac31ecbeddfb9f,F6,9,9,13.359435088447405,0.7105076272149954,Wake Forest,0.42101525442999077,2026-09-03T12:59:40.374112+00:00
401856776,2026,1,2026-09-04T00:00:00.000Z,Georgia Tech,Colorado,False,False,regular,2026,1,401856776,margin_knn_distance_manhattan,knn,margin,/groups/bsavoie2/tburton2/TDNet/publication_artifacts/corrected_f6_wide_margin_roster/through_2025_v1/checkpoints/margin_knn_distance_manhattan.pkl,6f224c5f223dcc66783cdca2b2407904cef9daec7da6c45bc7ac31ecbeddfb9f,F6,9,9,9.900144204115989,0.6604637102583396,Georgia Tech,0.3209274205166792,2026-09-03T12:59:40.374112+00:00
401858424,2026,1,2026-09-04T01:00:00.000Z,Illinois,UAB,False,False,regular,2026,1,401858424,margin_knn_distance_manhattan,knn,margin,/groups/bsavoie2/tburton2/TDNet/publication_artifacts/corrected_f6_wide_margin_roster/through_2025_v1/checkpoints/margin_knn_distance_manhattan.pkl,6f224c5f223dcc66783cdca2b2407904cef9daec7da6c45bc7ac31ecbeddfb9f,F6,9,9,19.76119234287159,0.7905253764708078,Illinois,0.5810507529416156,2026-09-03T12:59:40.374112+00:00
401864495,2026,1,2026-09-04T22:30:00.000Z,Eastern Michigan,San José State,False,False,regular,2026,1,401864495,margin_knn_distance_manhattan,knn,margin,/groups/bsavoie2/tburton2/TDNet/publication_artifacts/corrected_f6_wide_margin_roster/through_2025_v1/checkpoints/margin_knn_distance_manhattan.pkl,6f224c5f223dcc66783cdca2b2407904cef9daec7da6c45bc7ac31ecbeddfb9f,F6,9,9,5.245763642491545,0.5872366066386244,Eastern Michigan,0.17447321327724885,2026-09-03T12:59:40.374112+00:00
401856664,2026,1,2026-09-05T00:00:00.000Z,Oklahoma,UTEP,False,False,regular,2026,1,401856664,margin_knn_distance_manhattan,knn,margin,/groups/bsavoie2/tburton2/TDNet/publication_artifacts/corrected_f6_wide_margin_roster/through_2025_v1/checkpoints/margin_knn_distance_manhattan.pkl,6f224c5f223dcc66783cdca2b2407904cef9daec7da6c45bc7ac31ecbeddfb9f,F6,9,9,26.679825553772403,0.8573041583547711,Oklahoma,0.7146083167095423,2026-09-03T12:59:40.374112+00:00
401858429,2026,1,2026-09-05T00:00:00.000Z,Michigan State,Toledo,False,False,regular,2026,1,401858429,margin_knn_distance_manhattan,knn,margin,/groups/bsavoie2/tburton2/TDNet/publication_artifacts/corrected_f6_wide_margin_roster/through_2025_v1/checkpoints/margin_knn_distance_manhattan.pkl,6f224c5f223dcc66783cdca2b2407904cef9daec7da6c45bc7ac31ecbeddfb9f,F6,9,9,8.153759960874577,0.6336695212620167,Michigan State,0.2673390425240334,2026-09-03T12:59:40.374112+00:00
401858436,2026,1,2026-09-05T01:00:00.000Z,USC,Fresno State,False,False,regular,2026,1,401858436,margin_knn_distance_manhattan,knn,margin,/groups/bsavoie2/tburton2/TDNet/publication_artifacts/corrected_f6_wide_margin_roster/through_2025_v1/checkpoints/margin_knn_distance_manhattan.pkl,6f224c5f223dcc66783cdca2b2407904cef9daec7da6c45bc7ac31ecbeddfb9f,F6,9,9,18.108936593304183,0.7715442712917564,USC,0.5430885425835128,2026-09-03T12:59:40.374112+00:00
401858206,2026,1,2026-09-05T01:00:00.000Z,Stanford,Miami,False,True,regular,2026,1,401858206,margin_knn_distance_manhattan,knn,margin,/groups/bsavoie2/tburton2/TDNet/publication_artifacts/corrected_f6_wide_margin_roster/through_2025_v1/checkpoints/margin_knn_distance_manhattan.pkl,6f224c5f223dcc66783cdca2b2407904cef9daec7da6c45bc7ac31ecbeddfb9f,F6,9,9,-11.45471473562062,0.3165137751457438,Miami,0.3669724497085124,2026-09-03T12:59:40.374112+00:00
401856637,2026,1,2026-09-05T23:45:00.000Z,Florida,Florida Atlantic,False,False,regular,2026,1,401856637,margin_knn_distance_manhattan,knn,margin,/groups/bsavoie2/tburton2/TDNet/publication_artifacts/corrected_f6_wide_margin_roster/through_2025_v1/checkpoints/margin_knn_distance_manhattan.pkl,6f224c5f223dcc66783cdca2b2407904cef9daec7da6c45bc7ac31ecbeddfb9f,F6,9,9,17.05189073041967,0.7587814599640237,Florida,0.5175629199280474,2026-09-03T12:59:40.374112+00:00
401858430,2026,1,2026-09-05T16:00:00.000Z,Nebraska,Ohio,False,False,regular,2026,1,401858430,margin_knn_distance_manhattan,knn,margin,/groups/bsavoie2/tburton2/TDNet/publication_artifacts/corrected_f6_wide_margin_roster/through_2025_v1/checkpoints/margin_knn_distance_manhattan.pkl,6f224c5f223dcc66783cdca2b2407904cef9daec7da6c45bc7ac31ecbeddfb9f,F6,9,9,16.111125467592682,0.7470205135655803,Nebraska,0.4940410271311606,2026-09-03T12:59:40.374112+00:00
401856780,2026,1,2026-09-05T16:00:00.000Z,West Virginia,Coastal Carolina,False,False,regular,2026,1,401856780,margin_knn_distance_manhattan,knn,margin,/groups/bsavoie2/tburton2/TDNet/publication_artifacts/corrected_f6_wide_margin_roster/through_2025_v1/checkpoints/margin_knn_distance_manhattan.pkl,6f224c5f223dcc66783cdca2b2407904cef9daec7da6c45bc7ac31ecbeddfb9f,F6,9,9,18.08591371488354,0.7712714231525539,West Virginia,0.5425428463051079,2026-09-03T12:59:40.374112+00:00
401856634,2026,1,2026-09-05T16:00:00.000Z,Alabama,East Carolina,False,False,regular,2026,1,401856634,margin_knn_distance_manhattan,knn,margin,/groups/bsavoie2/tburton2/TDNet/publication_artifacts/corrected_f6_wide_margin_roster/through_2025_v1/checkpoints/margin_knn_distance_manhattan.pkl,6f224c5f223dcc66783cdca2b2407904cef9daec7da6c45bc7ac31ecbeddfb9f,F6,9,9,12.718723684304058,0.7015710483028924,Alabama,0.4031420966057848,2026-09-03T12:59:40.374112+00:00
401856778,2026,1,2026-09-05T16:00:00.000Z,Houston,Oregon State,False,False,regular,2026,1,401856778,margin_knn_distance_manhattan,knn,margin,/groups/bsavoie2/tburton2/TDNet/publication_artifacts/corrected_f6_wide_margin_roster/through_2025_v1/checkpoints/margin_knn_distance_manhattan.pkl,6f224c5f223dcc66783cdca2b2407904cef9daec7da6c45bc7ac31ecbeddfb9f,F6,9,9,10.315493076654722,0.6666952475042641,Houston,0.33339049500852824,2026-09-03T12:59:40.374112+00:00
401858425,2026,1,2026-09-05T16:00:00.000Z,Indiana,North Texas,False,False,regular,2026,1,401858425,margin_knn_distance_manhattan,knn,margin,/groups/bsavoie2/tburton2/TDNet/publication_artifacts/corrected_f6_wide_margin_roster/through_2025_v1/checkpoints/margin_knn_distance_manhattan.pkl,6f224c5f223dcc66783cdca2b2407904cef9daec7da6c45bc7ac31ecbeddfb9f,F6,9,9,16.106125047792144,0.7469569985516124,Indiana,0.4939139971032247,2026-09-03T12:59:40.374112+00:00
401869960,2026,1,2026-09-05T16:00:00.000Z,James Madison,Liberty,False,False,regular,2026,1,401869960,margin_knn_distance_manhattan,knn,margin,/groups/bsavoie2/tburton2/TDNet/publication_artifacts/corrected_f6_wide_margin_roster/through_2025_v1/checkpoints/margin_knn_distance_manhattan.pkl,6f224c5f223dcc66783cdca2b2407904cef9daec7da6c45bc7ac31ecbeddfb9f,F6,9,9,8.169465426007177,0.6339145073433293,James Madison,0.26782901468665865,2026-09-03T12:59:40.374112+00:00
401858207,2026,1,2026-09-05T16:30:00.000Z,Pittsburgh,Miami (OH),False,False,regular,2026,1,401858207,margin_knn_distance_manhattan,knn,margin,/groups/bsavoie2/tburton2/TDNet/publication_artifacts/corrected_f6_wide_margin_roster/through_2025_v1/checkpoints/margin_knn_distance_manhattan.pkl,6f224c5f223dcc66783cdca2b2407904cef9daec7da6c45bc7ac31ecbeddfb9f,F6,9,9,13.899690270557322,0.7179184542196683,Pittsburgh,0.43583690843933653,2026-09-03T12:59:40.374112+00:00
401858432,2026,1,2026-09-05T16:30:00.000Z,Ohio State,Ball State,False,False,regular,2026,1,401858432,margin_knn_distance_manhattan,knn,margin,/groups/bsavoie2/tburton2/TDNet/publication_artifacts/corrected_f6_wide_margin_roster/through_2025_v1/checkpoints/margin_knn_distance_manhattan.pkl,6f224c5f223dcc66783cdca2b2407904cef9daec7da6c45bc7ac31ecbeddfb9f,F6,9,9,38.49768493609897,0.9300412442803371,Ohio State,0.8600824885606742,2026-09-03T12:59:40.374112+00:00
401856665,2026,1,2026-09-05T16:45:00.000Z,South Carolina,Kent State,False,False,regular,2026,1,401856665,margin_knn_distance_manhattan,knn,margin,/groups/bsavoie2/tburton2/TDNet/publication_artifacts/corrected_f6_wide_margin_roster/through_2025_v1/checkpoints/margin_knn_distance_manhattan.pkl,6f224c5f223dcc66783cdca2b2407904cef9daec7da6c45bc7ac31ecbeddfb9f,F6,9,9,26.36268965347699,0.8546768492455173,South Carolina,0.7093536984910347,2026-09-03T12:59:40.374112+00:00
401858433,2026,1,2026-09-05T19:30:00.000Z,Oregon,Boise State,False,False,regular,2026,1,401858433,margin_knn_distance_manhattan,knn,margin,/groups/bsavoie2/tburton2/TDNet/publication_artifacts/corrected_f6_wide_margin_roster/through_2025_v1/checkpoints/margin_knn_distance_manhattan.pkl,6f224c5f223dcc66783cdca2b2407904cef9daec7da6c45bc7ac31ecbeddfb9f,F6,9,9,19.29405585437929,0.7852791085698854,Oregon,0.5705582171397707,2026-09-03T12:59:40.374112+00:00
401856636,2026,1,2026-09-05T19:30:00.000Z,Auburn,Baylor,True,False,regular,2026,1,401856636,margin_knn_distance_manhattan,knn,margin,/groups/bsavoie2/tburton2/TDNet/publication_artifacts/corrected_f6_wide_margin_roster/through_2025_v1/checkpoints/margin_knn_distance_manhattan.pkl,6f224c5f223dcc66783cdca2b2407904cef9daec7da6c45bc7ac31ecbeddfb9f,F6,9,9,2.259086809698905,0.5378840007219401,Auburn,0.07576800144388018,2026-09-03T12:59:40.374112+00:00
401856667,2026,1,2026-09-05T19:30:00.000Z,Texas,Texas State,False,False,regular,2026,1,401856667,margin_knn_distance_manhattan,knn,margin,/groups/bsavoie2/tburton2/TDNet/publication_artifacts/corrected_f6_wide_margin_roster/through_2025_v1/checkpoints/margin_knn_distance_manhattan.pkl,6f224c5f223dcc66783cdca2b2407904cef9daec7da6c45bc7ac31ecbeddfb9f,F6,9,9,20.214433173102496,0.7955249452635887,Texas,0.5910498905271775,2026-09-03T12:59:40.374112+00:00
401858434,2026,1,2026-09-05T19:30:00.000Z,Penn State,Marshall,False,False,regular,2026,1,401858434,margin_knn_distance_manhattan,knn,margin,/groups/bsavoie2/tburton2/TDNet/publication_artifacts/corrected_f6_wide_margin_roster/through_2025_v1/checkpoints/margin_knn_distance_manhattan.pkl,6f224c5f223dcc66783cdca2b2407904cef9daec7da6c45bc7ac31ecbeddfb9f,F6,9,9,18.545891802981284,0.7766792121066473,Penn State,0.5533584242132945,2026-09-03T12:59:40.374112+00:00
401858209,2026,1,2026-09-05T19:30:00.000Z,Duke,Tulane,False,False,regular,2026,1,401858209,margin_knn_distance_manhattan,knn,margin,/groups/bsavoie2/tburton2/TDNet/publication_artifacts/corrected_f6_wide_margin_roster/through_2025_v1/checkpoints/margin_knn_distance_manhattan.pkl,6f224c5f223dcc66783cdca2b2407904cef9daec7da6c45bc7ac31ecbeddfb9f,F6,9,9,23.304077808352254,0.8272415992766263,Duke,0.6544831985532527,2026-09-03T12:59:40.374112+00:00
401856777,2026,1,2026-09-05T19:30:00.000Z,Cincinnati,Boston College,False,False,regular,2026,1,401856777,margin_knn_distance_manhattan,knn,margin,/groups/bsavoie2/tburton2/TDNet/publication_artifacts/corrected_f6_wide_margin_roster/through_2025_v1/checkpoints/margin_knn_distance_manhattan.pkl,6f224c5f223dcc66783cdca2b2407904cef9daec7da6c45bc7ac31ecbeddfb9f,F6,9,9,5.46988913237579,0.5908828284984531,Cincinnati,0.18176565699690617,2026-09-03T12:59:40.374112+00:00
401856772,2026,1,2026-09-05T19:45:00.000Z,Tulsa,Oklahoma State,False,False,regular,2026,1,401856772,margin_knn_distance_manhattan,knn,margin,/groups/bsavoie2/tburton2/TDNet/publication_artifacts/corrected_f6_wide_margin_roster/through_2025_v1/checkpoints/margin_knn_distance_manhattan.pkl,6f224c5f223dcc66783cdca2b2407904cef9daec7da6c45bc7ac31ecbeddfb9f,F6,9,9,3.3815609006828087,0.5565730536009984,Tulsa,0.1131461072019968,2026-09-03T12:59:40.374112+00:00
401858426,2026,1,2026-09-05T20:15:00.000Z,Iowa,Northern Illinois,False,False,regular,2026,1,401858426,margin_knn_distance_manhattan,knn,margin,/groups/bsavoie2/tburton2/TDNet/publication_artifacts/corrected_f6_wide_margin_roster/through_2025_v1/checkpoints/margin_knn_distance_manhattan.pkl,6f224c5f223dcc66783cdca2b2407904cef9daec7da6c45bc7ac31ecbeddfb9f,F6,9,9,23.825069093016822,0.8321884209736157,Iowa,0.6643768419472313,2026-09-03T12:59:40.374112+00:00
401860878,2026,1,2026-09-05T22:00:00.000Z,Colorado State,Wyoming,False,False,regular,2026,1,401860878,margin_knn_distance_manhattan,knn,margin,/groups/bsavoie2/tburton2/TDNet/publication_artifacts/corrected_f6_wide_margin_roster/through_2025_v1/checkpoints/margin_knn_distance_manhattan.pkl,6f224c5f223dcc66783cdca2b2407904cef9daec7da6c45bc7ac31ecbeddfb9f,F6,9,9,19.571497028882714,0.788406402899384,Colorado State,0.576812805798768,2026-09-03T12:59:40.374112+00:00
401856668,2026,1,2026-09-05T23:00:00.000Z,Texas A&M,Missouri State,False,False,regular,2026,1,401856668,margin_knn_distance_manhattan,knn,margin,/groups/bsavoie2/tburton2/TDNet/publication_artifacts/corrected_f6_wide_margin_roster/through_2025_v1/checkpoints/margin_knn_distance_manhattan.pkl,6f224c5f223dcc66783cdca2b2407904cef9daec7da6c45bc7ac31ecbeddfb9f,F6,9,9,29.838558221893397,0.8813594363239123,Texas A&M,0.7627188726478247,2026-09-03T12:59:40.374112+00:00
401862695,2026,1,2026-09-05T23:00:00.000Z,Memphis,Arkansas State,False,False,regular,2026,1,401862695,margin_knn_distance_manhattan,knn,margin,/groups/bsavoie2/tburton2/TDNet/publication_artifacts/corrected_f6_wide_margin_roster/through_2025_v1/checkpoints/margin_knn_distance_manhattan.pkl,6f224c5f223dcc66783cdca2b2407904cef9daec7da6c45bc7ac31ecbeddfb9f,F6,9,9,6.36513825170971,0.6053442313874776,Memphis,0.21068846277495523,2026-09-03T12:59:40.374112+00:00
401870763,2026,1,2026-09-05T23:00:00.000Z,Troy,Sam Houston,False,False,regular,2026,1,401870763,margin_knn_distance_manhattan,knn,margin,/groups/bsavoie2/tburton2/TDNet/publication_artifacts/corrected_f6_wide_margin_roster/through_2025_v1/checkpoints/margin_knn_distance_manhattan.pkl,6f224c5f223dcc66783cdca2b2407904cef9daec7da6c45bc7ac31ecbeddfb9f,F6,9,9,21.85304473699691,0.8128570919254922,Troy,0.6257141838509843,2026-09-03T12:59:40.374112+00:00
401862699,2026,1,2026-09-05T23:00:00.000Z,South Florida,Florida International,False,False,regular,2026,1,401862699,margin_knn_distance_manhattan,knn,margin,/groups/bsavoie2/tburton2/TDNet/publication_artifacts/corrected_f6_wide_margin_roster/through_2025_v1/checkpoints/margin_knn_distance_manhattan.pkl,6f224c5f223dcc66783cdca2b2407904cef9daec7da6c45bc7ac31ecbeddfb9f,F6,9,9,7.97136644787786,0.6308193690509941,South Florida,0.26163873810198823,2026-09-03T12:59:40.374112+00:00
401858428,2026,1,2026-09-05T23:30:00.000Z,Michigan,Western Michigan,False,False,regular,2026,1,401858428,margin_knn_distance_manhattan,knn,margin,/groups/bsavoie2/tburton2/TDNet/publication_artifacts/corrected_f6_wide_margin_roster/through_2025_v1/checkpoints/margin_knn_distance_manhattan.pkl,6f224c5f223dcc66783cdca2b2407904cef9daec7da6c45bc7ac31ecbeddfb9f,F6,9,9,24.966902979142464,0.8426337600153537,Michigan,0.6852675200307075,2026-09-03T12:59:40.374112+00:00
401856662,2026,1,2026-09-05T23:30:00.000Z,Mississippi State,UL Monroe,False,False,regular,2026,1,401856662,margin_knn_distance_manhattan,knn,margin,/groups/bsavoie2/tburton2/TDNet/publication_artifacts/corrected_f6_wide_margin_roster/through_2025_v1/checkpoints/margin_knn_distance_manhattan.pkl,6f224c5f223dcc66783cdca2b2407904cef9daec7da6c45bc7ac31ecbeddfb9f,F6,9,9,16.892935366804178,0.7568207345467192,Mississippi State,0.5136414690934383,2026-09-03T12:59:40.374112+00:00
401856660,2026,1,2026-09-05T23:30:00.000Z,LSU,Clemson,False,False,regular,2026,1,401856660,margin_knn_distance_manhattan,knn,margin,/groups/bsavoie2/tburton2/TDNet/publication_artifacts/corrected_f6_wide_margin_roster/through_2025_v1/checkpoints/margin_knn_distance_manhattan.pkl,6f224c5f223dcc66783cdca2b2407904cef9daec7da6c45bc7ac31ecbeddfb9f,F6,9,9,3.236469498609798,0.5541651550511423,LSU,0.10833031010228455,2026-09-03T12:59:40.374112+00:00
401864498,2026,1,2026-09-06T02:00:00.000Z,New Mexico,Central Michigan,False,False,regular,2026,1,401864498,margin_knn_distance_manhattan,knn,margin,/groups/bsavoie2/tburton2/TDNet/publication_artifacts/corrected_f6_wide_margin_roster/through_2025_v1/checkpoints/margin_knn_distance_manhattan.pkl,6f224c5f223dcc66783cdca2b2407904cef9daec7da6c45bc7ac31ecbeddfb9f,F6,9,9,8.337417477885833,0.6365300029482749,New Mexico,0.2730600058965498,2026-09-03T12:59:40.374112+00:00
401864497,2026,1,2026-09-06T02:00:00.000Z,Hawai'i,UNLV,False,True,regular,2026,1,401864497,margin_knn_distance_manhattan,knn,margin,/groups/bsavoie2/tburton2/TDNet/publication_artifacts/corrected_f6_wide_margin_roster/through_2025_v1/checkpoints/margin_knn_distance_manhattan.pkl,6f224c5f223dcc66783cdca2b2407904cef9daec7da6c45bc7ac31ecbeddfb9f,F6,9,9,-4.105711868873537,0.43145100005885817,UNLV,0.13709799988228366,2026-09-03T12:59:40.374112+00:00
401864432,2026,1,2026-09-06T02:30:00.000Z,Nevada,Western Kentucky,False,False,regular,2026,1,401864432,margin_knn_distance_manhattan,knn,margin,/groups/bsavoie2/tburton2/TDNet/publication_artifacts/corrected_f6_wide_margin_roster/through_2025_v1/checkpoints/margin_knn_distance_manhattan.pkl,6f224c5f223dcc66783cdca2b2407904cef9daec7da6c45bc7ac31ecbeddfb9f,F6,9,9,-5.715381219584415,0.40513479730178364,Western Kentucky,0.1897304053964327,2026-09-03T12:59:40.374112+00:00
401858210,2026,1,2026-09-06T02:30:00.000Z,California,UCLA,False,False,regular,2026,1,401858210,margin_knn_distance_manhattan,knn,margin,/groups/bsavoie2/tburton2/TDNet/publication_artifacts/corrected_f6_wide_margin_roster/through_2025_v1/checkpoints/margin_knn_distance_manhattan.pkl,6f224c5f223dcc66783cdca2b2407904cef9daec7da6c45bc7ac31ecbeddfb9f,F6,9,9,1.6169307440048792,0.5271406587623941,California,0.054281317524788264,2026-09-03T12:59:40.374112+00:00
401858437,2026,1,2026-09-06T20:00:00.000Z,Washington,Washington State,False,False,regular,2026,1,401858437,margin_knn_distance_manhattan,knn,margin,/groups/bsavoie2/tburton2/TDNet/publication_artifacts/corrected_f6_wide_margin_roster/through_2025_v1/checkpoints/margin_knn_distance_manhattan.pkl,6f224c5f223dcc66783cdca2b2407904cef9daec7da6c45bc7ac31ecbeddfb9f,F6,9,9,8.350492185489149,0.6367332776587334,Washington,0.2734665553174669,2026-09-03T12:59:40.374112+00:00
401856661,2026,1,2026-09-06T23:30:00.000Z,Ole Miss,Louisville,True,False,regular,2026,1,401856661,margin_knn_distance_manhattan,knn,margin,/groups/bsavoie2/tburton2/TDNet/publication_artifacts/corrected_f6_wide_margin_roster/through_2025_v1/checkpoints/margin_knn_distance_manhattan.pkl,6f224c5f223dcc66783cdca2b2407904cef9daec7da6c45bc7ac31ecbeddfb9f,F6,9,9,6.803379676905433,0.6123583586341467,Ole Miss,0.22471671726829334,2026-09-03T12:59:40.374112+00:00
401858438,2026,1,2026-09-06T23:30:00.000Z,Notre Dame,Wisconsin,True,False,regular,2026,1,401858438,margin_knn_distance_manhattan,knn,margin,/groups/bsavoie2/tburton2/TDNet/publication_artifacts/corrected_f6_wide_margin_roster/through_2025_v1/checkpoints/margin_knn_distance_manhattan.pkl,6f224c5f223dcc66783cdca2b2407904cef9daec7da6c45bc7ac31ecbeddfb9f,F6,9,9,19.651205962348964,0.789298689160539,Notre Dame,0.578597378321078,2026-09-03T12:59:40.374112+00:00
401858212,2026,1,2026-09-07T23:30:00.000Z,Florida State,SMU,False,True,regular,2026,1,401858212,margin_knn_distance_manhattan,knn,margin,/groups/bsavoie2/tburton2/TDNet/publication_artifacts/corrected_f6_wide_margin_roster/through_2025_v1/checkpoints/margin_knn_distance_manhattan.pkl,6f224c5f223dcc66783cdca2b2407904cef9daec7da6c45bc7ac31ecbeddfb9f,F6,9,9,6.797556908042974,0.6122654618323654,Florida State,0.22453092366473082,2026-09-03T12:59:40.374112+00:00
401858423,2026,1,2026-09-03T22:00:00.000Z,Rutgers,Massachusetts,False,False,regular,2026,1,401858423,margin_knn_uniform_euclidean,knn,margin,/groups/bsavoie2/tburton2/TDNet/publication_artifacts/corrected_f6_wide_margin_roster/through_2025_v1/checkpoints/margin_knn_uniform_euclidean.pkl,2dbb72fb93200923fd665838b274b83193bc34fcfcd71f7bdeb04371806267c0,F6,10,10,26.533333333333335,0.7780492727185702,Rutgers,0.5560985454371403,2026-09-03T12:59:40.374112+00:00
401858204,2026,1,2026-09-03T23:00:00.000Z,Wake Forest,Akron,False,False,regular,2026,1,401858204,margin_knn_uniform_euclidean,knn,margin,/groups/bsavoie2/tburton2/TDNet/publication_artifacts/corrected_f6_wide_margin_roster/through_2025_v1/checkpoints/margin_knn_uniform_euclidean.pkl,2dbb72fb93200923fd665838b274b83193bc34fcfcd71f7bdeb04371806267c0,F6,10,10,16.5,0.6856843244977128,Wake Forest,0.37136864899542554,2026-09-03T12:59:40.374112+00:00
401856776,2026,1,2026-09-04T00:00:00.000Z,Georgia Tech,Colorado,False,False,regular,2026,1,401856776,margin_knn_uniform_euclidean,knn,margin,/groups/bsavoie2/tburton2/TDNet/publication_artifacts/corrected_f6_wide_margin_roster/through_2025_v1/checkpoints/margin_knn_uniform_euclidean.pkl,2dbb72fb93200923fd665838b274b83193bc34fcfcd71f7bdeb04371806267c0,F6,10,10,14.733333333333333,0.667411829880222,Georgia Tech,0.3348236597604439,2026-09-03T12:59:40.374112+00:00
401858424,2026,1,2026-09-04T01:00:00.000Z,Illinois,UAB,False,False,regular,2026,1,401858424,margin_knn_uniform_euclidean,knn,margin,/groups/bsavoie2/tburton2/TDNet/publication_artifacts/corrected_f6_wide_margin_roster/through_2025_v1/checkpoints/margin_knn_uniform_euclidean.pkl,2dbb72fb93200923fd665838b274b83193bc34fcfcd71f7bdeb04371806267c0,F6,10,10,18.133333333333333,0.7020823485115436,Illinois,0.4041646970230872,2026-09-03T12:59:40.374112+00:00
401864495,2026,1,2026-09-04T22:30:00.000Z,Eastern Michigan,San José State,False,False,regular,2026,1,401864495,margin_knn_uniform_euclidean,knn,margin,/groups/bsavoie2/tburton2/TDNet/publication_artifacts/corrected_f6_wide_margin_roster/through_2025_v1/checkpoints/margin_knn_uniform_euclidean.pkl,2dbb72fb93200923fd665838b274b83193bc34fcfcd71f7bdeb04371806267c0,F6,10,10,8.266666666666666,0.5964747065829425,Eastern Michigan,0.1929494131658851,2026-09-03T12:59:40.374112+00:00
401856664,2026,1,2026-09-05T00:00:00.000Z,Oklahoma,UTEP,False,False,regular,2026,1,401856664,margin_knn_uniform_euclidean,knn,margin,/groups/bsavoie2/tburton2/TDNet/publication_artifacts/corrected_f6_wide_margin_roster/through_2025_v1/checkpoints/margin_knn_uniform_euclidean.pkl,2dbb72fb93200923fd665838b274b83193bc34fcfcd71f7bdeb04371806267c0,F6,10,10,19.133333333333333,0.711874914375949,Oklahoma,0.42374982875189793,2026-09-03T12:59:40.374112+00:00
401858429,2026,1,2026-09-05T00:00:00.000Z,Michigan State,Toledo,False,False,regular,2026,1,401858429,margin_knn_uniform_euclidean,knn,margin,/groups/bsavoie2/tburton2/TDNet/publication_artifacts/corrected_f6_wide_margin_roster/through_2025_v1/checkpoints/margin_knn_uniform_euclidean.pkl,2dbb72fb93200923fd665838b274b83193bc34fcfcd71f7bdeb04371806267c0,F6,10,10,7.999999999999999,0.5934367902215046,Michigan State,0.18687358044300928,2026-09-03T12:59:40.374112+00:00
401858436,2026,1,2026-09-05T01:00:00.000Z,USC,Fresno State,False,False,regular,2026,1,401858436,margin_knn_uniform_euclidean,knn,margin,/groups/bsavoie2/tburton2/TDNet/publication_artifacts/corrected_f6_wide_margin_roster/through_2025_v1/checkpoints/margin_knn_uniform_euclidean.pkl,2dbb72fb93200923fd665838b274b83193bc34fcfcd71f7bdeb04371806267c0,F6,10,10,16.96666666666667,0.6904193859766161,USC,0.38083877195323224,2026-09-03T12:59:40.374112+00:00
401858206,2026,1,2026-09-05T01:00:00.000Z,Stanford,Miami,False,True,regular,2026,1,401858206,margin_knn_uniform_euclidean,knn,margin,/groups/bsavoie2/tburton2/TDNet/publication_artifacts/corrected_f6_wide_margin_roster/through_2025_v1/checkpoints/margin_knn_uniform_euclidean.pkl,2dbb72fb93200923fd665838b274b83193bc34fcfcd71f7bdeb04371806267c0,F6,10,10,-6.816666666666667,0.4201273830004382,Miami,0.15974523399912355,2026-09-03T12:59:40.374112+00:00
401856637,2026,1,2026-09-05T23:45:00.000Z,Florida,Florida Atlantic,False,False,regular,2026,1,401856637,margin_knn_uniform_euclidean,knn,margin,/groups/bsavoie2/tburton2/TDNet/publication_artifacts/corrected_f6_wide_margin_roster/through_2025_v1/checkpoints/margin_knn_uniform_euclidean.pkl,2dbb72fb93200923fd665838b274b83193bc34fcfcd71f7bdeb04371806267c0,F6,10,10,19.1,0.7115515963076893,Florida,0.42310319261537854,2026-09-03T12:59:40.374112+00:00
401858430,2026,1,2026-09-05T16:00:00.000Z,Nebraska,Ohio,False,False,regular,2026,1,401858430,margin_knn_uniform_euclidean,knn,margin,/groups/bsavoie2/tburton2/TDNet/publication_artifacts/corrected_f6_wide_margin_roster/through_2025_v1/checkpoints/margin_knn_uniform_euclidean.pkl,2dbb72fb93200923fd665838b274b83193bc34fcfcd71f7bdeb04371806267c0,F6,10,10,16.0,0.6805678382344581,Nebraska,0.3611356764689162,2026-09-03T12:59:40.374112+00:00
401856780,2026,1,2026-09-05T16:00:00.000Z,West Virginia,Coastal Carolina,False,False,regular,2026,1,401856780,margin_knn_uniform_euclidean,knn,margin,/groups/bsavoie2/tburton2/TDNet/publication_artifacts/corrected_f6_wide_margin_roster/through_2025_v1/checkpoints/margin_knn_uniform_euclidean.pkl,2dbb72fb93200923fd665838b274b83193bc34fcfcd71f7bdeb04371806267c0,F6,10,10,15.5,0.6754074917306866,West Virginia,0.3508149834613732,2026-09-03T12:59:40.374112+00:00
401856634,2026,1,2026-09-05T16:00:00.000Z,Alabama,East Carolina,False,False,regular,2026,1,401856634,margin_knn_uniform_euclidean,knn,margin,/groups/bsavoie2/tburton2/TDNet/publication_artifacts/corrected_f6_wide_margin_roster/through_2025_v1/checkpoints/margin_knn_uniform_euclidean.pkl,2dbb72fb93200923fd665838b274b83193bc34fcfcd71f7bdeb04371806267c0,F6,10,10,17.8,0.6987759078481576,Alabama,0.39755181569631515,2026-09-03T12:59:40.374112+00:00
401856778,2026,1,2026-09-05T16:00:00.000Z,Houston,Oregon State,False,False,regular,2026,1,401856778,margin_knn_uniform_euclidean,knn,margin,/groups/bsavoie2/tburton2/TDNet/publication_artifacts/corrected_f6_wide_margin_roster/through_2025_v1/checkpoints/margin_knn_uniform_euclidean.pkl,2dbb72fb93200923fd665838b274b83193bc34fcfcd71f7bdeb04371806267c0,F6,10,10,11.466666666666667,0.6322947935048108,Houston,0.26458958700962154,2026-09-03T12:59:40.374112+00:00
401858425,2026,1,2026-09-05T16:00:00.000Z,Indiana,North Texas,False,False,regular,2026,1,401858425,margin_knn_uniform_euclidean,knn,margin,/groups/bsavoie2/tburton2/TDNet/publication_artifacts/corrected_f6_wide_margin_roster/through_2025_v1/checkpoints/margin_knn_uniform_euclidean.pkl,2dbb72fb93200923fd665838b274b83193bc34fcfcd71f7bdeb04371806267c0,F6,10,10,10.6,0.6227186132993286,Indiana,0.2454372265986573,2026-09-03T12:59:40.374112+00:00
401869960,2026,1,2026-09-05T16:00:00.000Z,James Madison,Liberty,False,False,regular,2026,1,401869960,margin_knn_uniform_euclidean,knn,margin,/groups/bsavoie2/tburton2/TDNet/publication_artifacts/corrected_f6_wide_margin_roster/through_2025_v1/checkpoints/margin_knn_uniform_euclidean.pkl,2dbb72fb93200923fd665838b274b83193bc34fcfcd71f7bdeb04371806267c0,F6,10,10,11.916666666666668,0.6372267196732386,James Madison,0.27445343934647726,2026-09-03T12:59:40.374112+00:00
401858207,2026,1,2026-09-05T16:30:00.000Z,Pittsburgh,Miami (OH),False,False,regular,2026,1,401858207,margin_knn_uniform_euclidean,knn,margin,/groups/bsavoie2/tburton2/TDNet/publication_artifacts/corrected_f6_wide_margin_roster/through_2025_v1/checkpoints/margin_knn_uniform_euclidean.pkl,2dbb72fb93200923fd665838b274b83193bc34fcfcd71f7bdeb04371806267c0,F6,10,10,15.066666666666668,0.6709004029612016,Pittsburgh,0.34180080592240314,2026-09-03T12:59:40.374112+00:00
401858432,2026,1,2026-09-05T16:30:00.000Z,Ohio State,Ball State,False,False,regular,2026,1,401858432,margin_knn_uniform_euclidean,knn,margin,/groups/bsavoie2/tburton2/TDNet/publication_artifacts/corrected_f6_wide_margin_roster/through_2025_v1/checkpoints/margin_knn_uniform_euclidean.pkl,2dbb72fb93200923fd665838b274b83193bc34fcfcd71f7bdeb04371806267c0,F6,10,10,25.600000000000005,0.7703364807550427,Ohio State,0.5406729615100854,2026-09-03T12:59:40.374112+00:00
401856665,2026,1,2026-09-05T16:45:00.000Z,South Carolina,Kent State,False,False,regular,2026,1,401856665,margin_knn_uniform_euclidean,knn,margin,/groups/bsavoie2/tburton2/TDNet/publication_artifacts/corrected_f6_wide_margin_roster/through_2025_v1/checkpoints/margin_knn_uniform_euclidean.pkl,2dbb72fb93200923fd665838b274b83193bc34fcfcd71f7bdeb04371806267c0,F6,10,10,26.46666666666666,0.7775045514542626,South Carolina,0.5550091029085251,2026-09-03T12:59:40.374112+00:00
401858433,2026,1,2026-09-05T19:30:00.000Z,Oregon,Boise State,False,False,regular,2026,1,401858433,margin_knn_uniform_euclidean,knn,margin,/groups/bsavoie2/tburton2/TDNet/publication_artifacts/corrected_f6_wide_margin_roster/through_2025_v1/checkpoints/margin_knn_uniform_euclidean.pkl,2dbb72fb93200923fd665838b274b83193bc34fcfcd71f7bdeb04371806267c0,F6,10,10,18.36666666666666,0.7043843797653393,Oregon,0.4087687595306786,2026-09-03T12:59:40.374112+00:00
401856636,2026,1,2026-09-05T19:30:00.000Z,Auburn,Baylor,True,False,regular,2026,1,401856636,margin_knn_uniform_euclidean,knn,margin,/groups/bsavoie2/tburton2/TDNet/publication_artifacts/corrected_f6_wide_margin_roster/through_2025_v1/checkpoints/margin_knn_uniform_euclidean.pkl,2dbb72fb93200923fd665838b274b83193bc34fcfcd71f7bdeb04371806267c0,F6,10,10,5.133333333333334,0.5603721996883795,Auburn,0.12074439937675896,2026-09-03T12:59:40.374112+00:00
401856667,2026,1,2026-09-05T19:30:00.000Z,Texas,Texas State,False,False,regular,2026,1,401856667,margin_knn_uniform_euclidean,knn,margin,/groups/bsavoie2/tburton2/TDNet/publication_artifacts/corrected_f6_wide_margin_roster/through_2025_v1/checkpoints/margin_knn_uniform_euclidean.pkl,2dbb72fb93200923fd665838b274b83193bc34fcfcd71f7bdeb04371806267c0,F6,10,10,20.133333333333333,0.7214732936733981,Texas,0.44294658734679615,2026-09-03T12:59:40.374112+00:00
401858434,2026,1,2026-09-05T19:30:00.000Z,Penn State,Marshall,False,False,regular,2026,1,401858434,margin_knn_uniform_euclidean,knn,margin,/groups/bsavoie2/tburton2/TDNet/publication_artifacts/corrected_f6_wide_margin_roster/through_2025_v1/checkpoints/margin_knn_uniform_euclidean.pkl,2dbb72fb93200923fd665838b274b83193bc34fcfcd71f7bdeb04371806267c0,F6,10,10,16.666666666666664,0.687379924442522,Penn State,0.3747598488850441,2026-09-03T12:59:40.374112+00:00
401858209,2026,1,2026-09-05T19:30:00.000Z,Duke,Tulane,False,False,regular,2026,1,401858209,margin_knn_uniform_euclidean,knn,margin,/groups/bsavoie2/tburton2/TDNet/publication_artifacts/corrected_f6_wide_margin_roster/through_2025_v1/checkpoints/margin_knn_uniform_euclidean.pkl,2dbb72fb93200923fd665838b274b83193bc34fcfcd71f7bdeb04371806267c0,F6,10,10,24.2,0.7584185366056435,Duke,0.516837073211287,2026-09-03T12:59:40.374112+00:00
401856777,2026,1,2026-09-05T19:30:00.000Z,Cincinnati,Boston College,False,False,regular,2026,1,401856777,margin_knn_uniform_euclidean,knn,margin,/groups/bsavoie2/tburton2/TDNet/publication_artifacts/corrected_f6_wide_margin_roster/through_2025_v1/checkpoints/margin_knn_uniform_euclidean.pkl,2dbb72fb93200923fd665838b274b83193bc34fcfcd71f7bdeb04371806267c0,F6,10,10,4.033333333333334,0.5475239675413631,Cincinnati,0.09504793508272624,2026-09-03T12:59:40.374112+00:00
401856772,2026,1,2026-09-05T19:45:00.000Z,Tulsa,Oklahoma State,False,False,regular,2026,1,401856772,margin_knn_uniform_euclidean,knn,margin,/groups/bsavoie2/tburton2/TDNet/publication_artifacts/corrected_f6_wide_margin_roster/through_2025_v1/checkpoints/margin_knn_uniform_euclidean.pkl,2dbb72fb93200923fd665838b274b83193bc34fcfcd71f7bdeb04371806267c0,F6,10,10,3.9833333333333334,0.5469383166066677,Tulsa,0.09387663321333539,2026-09-03T12:59:40.374112+00:00
401858426,2026,1,2026-09-05T20:15:00.000Z,Iowa,Northern Illinois,False,False,regular,2026,1,401858426,margin_knn_uniform_euclidean,knn,margin,/groups/bsavoie2/tburton2/TDNet/publication_artifacts/corrected_f6_wide_margin_roster/through_2025_v1/checkpoints/margin_knn_uniform_euclidean.pkl,2dbb72fb93200923fd665838b274b83193bc34fcfcd71f7bdeb04371806267c0,F6,10,10,23.333333333333336,0.7508326310736647,Iowa,0.5016652621473294,2026-09-03T12:59:40.374112+00:00
401860878,2026,1,2026-09-05T22:00:00.000Z,Colorado State,Wyoming,False,False,regular,2026,1,401860878,margin_knn_uniform_euclidean,knn,margin,/groups/bsavoie2/tburton2/TDNet/publication_artifacts/corrected_f6_wide_margin_roster/through_2025_v1/checkpoints/margin_knn_uniform_euclidean.pkl,2dbb72fb93200923fd665838b274b83193bc34fcfcd71f7bdeb04371806267c0,F6,10,10,18.599999999999998,0.7066760547140664,Colorado State,0.4133521094281327,2026-09-03T12:59:40.374112+00:00
401856668,2026,1,2026-09-05T23:00:00.000Z,Texas A&M,Missouri State,False,False,regular,2026,1,401856668,margin_knn_uniform_euclidean,knn,margin,/groups/bsavoie2/tburton2/TDNet/publication_artifacts/corrected_f6_wide_margin_roster/through_2025_v1/checkpoints/margin_knn_uniform_euclidean.pkl,2dbb72fb93200923fd665838b274b83193bc34fcfcd71f7bdeb04371806267c0,F6,10,10,25.566666666666666,0.7700575748438171,Texas A&M,0.5401151496876342,2026-09-03T12:59:40.374112+00:00
401862695,2026,1,2026-09-05T23:00:00.000Z,Memphis,Arkansas State,False,False,regular,2026,1,401862695,margin_knn_uniform_euclidean,knn,margin,/groups/bsavoie2/tburton2/TDNet/publication_artifacts/corrected_f6_wide_margin_roster/through_2025_v1/checkpoints/margin_knn_uniform_euclidean.pkl,2dbb72fb93200923fd665838b274b83193bc34fcfcd71f7bdeb04371806267c0,F6,10,10,1.5,0.5177202920413178,Memphis,0.03544058408263551,2026-09-03T12:59:40.374112+00:00
401870763,2026,1,2026-09-05T23:00:00.000Z,Troy,Sam Houston,False,False,regular,2026,1,401870763,margin_knn_uniform_euclidean,knn,margin,/groups/bsavoie2/tburton2/TDNet/publication_artifacts/corrected_f6_wide_margin_roster/through_2025_v1/checkpoints/margin_knn_uniform_euclidean.pkl,2dbb72fb93200923fd665838b274b83193bc34fcfcd71f7bdeb04371806267c0,F6,10,10,20.03333333333333,0.7205223325336858,Troy,0.4410446650673716,2026-09-03T12:59:40.374112+00:00
401862699,2026,1,2026-09-05T23:00:00.000Z,South Florida,Florida International,False,False,regular,2026,1,401862699,margin_knn_uniform_euclidean,knn,margin,/groups/bsavoie2/tburton2/TDNet/publication_artifacts/corrected_f6_wide_margin_roster/through_2025_v1/checkpoints/margin_knn_uniform_euclidean.pkl,2dbb72fb93200923fd665838b274b83193bc34fcfcd71f7bdeb04371806267c0,F6,10,10,7.433333333333332,0.5869576985044859,South Florida,0.17391539700897174,2026-09-03T12:59:40.374112+00:00
401858428,2026,1,2026-09-05T23:30:00.000Z,Michigan,Western Michigan,False,False,regular,2026,1,401858428,margin_knn_uniform_euclidean,knn,margin,/groups/bsavoie2/tburton2/TDNet/publication_artifacts/corrected_f6_wide_margin_roster/through_2025_v1/checkpoints/margin_knn_uniform_euclidean.pkl,2dbb72fb93200923fd665838b274b83193bc34fcfcd71f7bdeb04371806267c0,F6,10,10,25.299999999999997,0.7678177819771176,Michigan,0.5356355639542352,2026-09-03T12:59:40.374112+00:00
401856662,2026,1,2026-09-05T23:30:00.000Z,Mississippi State,UL Monroe,False,False,regular,2026,1,401856662,margin_knn_uniform_euclidean,knn,margin,/groups/bsavoie2/tburton2/TDNet/publication_artifacts/corrected_f6_wide_margin_roster/through_2025_v1/checkpoints/margin_knn_uniform_euclidean.pkl,2dbb72fb93200923fd665838b274b83193bc34fcfcd71f7bdeb04371806267c0,F6,10,10,17.9,0.6997700315860141,Mississippi State,0.3995400631720283,2026-09-03T12:59:40.374112+00:00
401856660,2026,1,2026-09-05T23:30:00.000Z,LSU,Clemson,False,False,regular,2026,1,401856660,margin_knn_uniform_euclidean,knn,margin,/groups/bsavoie2/tburton2/TDNet/publication_artifacts/corrected_f6_wide_margin_roster/through_2025_v1/checkpoints/margin_knn_uniform_euclidean.pkl,2dbb72fb93200923fd665838b274b83193bc34fcfcd71f7bdeb04371806267c0,F6,10,10,4.2333333333333325,0.5498652397789896,LSU,0.0997304795579792,2026-09-03T12:59:40.374112+00:00
401864498,2026,1,2026-09-06T02:00:00.000Z,New Mexico,Central Michigan,False,False,regular,2026,1,401864498,margin_knn_uniform_euclidean,knn,margin,/groups/bsavoie2/tburton2/TDNet/publication_artifacts/corrected_f6_wide_margin_roster/through_2025_v1/checkpoints/margin_knn_uniform_euclidean.pkl,2dbb72fb93200923fd665838b274b83193bc34fcfcd71f7bdeb04371806267c0,F6,10,10,11.666666666666666,0.6344902498271989,New Mexico,0.26898049965439785,2026-09-03T12:59:40.374112+00:00
401864497,2026,1,2026-09-06T02:00:00.000Z,Hawai'i,UNLV,False,True,regular,2026,1,401864497,margin_knn_uniform_euclidean,knn,margin,/groups/bsavoie2/tburton2/TDNet/publication_artifacts/corrected_f6_wide_margin_roster/through_2025_v1/checkpoints/margin_knn_uniform_euclidean.pkl,2dbb72fb93200923fd665838b274b83193bc34fcfcd71f7bdeb04371806267c0,F6,10,10,-7.466666666666667,0.41266032026772476,UNLV,0.1746793594645505,2026-09-03T12:59:40.374112+00:00
401864432,2026,1,2026-09-06T02:30:00.000Z,Nevada,Western Kentucky,False,False,regular,2026,1,401864432,margin_knn_uniform_euclidean,knn,margin,/groups/bsavoie2/tburton2/TDNet/publication_artifacts/corrected_f6_wide_margin_roster/through_2025_v1/checkpoints/margin_knn_uniform_euclidean.pkl,2dbb72fb93200923fd665838b274b83193bc34fcfcd71f7bdeb04371806267c0,F6,10,10,-4.666666666666667,0.4450697086600821,Western Kentucky,0.10986058267983578,2026-09-03T12:59:40.374112+00:00
401858210,2026,1,2026-09-06T02:30:00.000Z,California,UCLA,False,False,regular,2026,1,401858210,margin_knn_uniform_euclidean,knn,margin,/groups/bsavoie2/tburton2/TDNet/publication_artifacts/corrected_f6_wide_margin_roster/through_2025_v1/checkpoints/margin_knn_uniform_euclidean.pkl,2dbb72fb93200923fd665838b274b83193bc34fcfcd71f7bdeb04371806267c0,F6,10,10,3.333333333333334,0.5393136088611494,California,0.07862721772229886,2026-09-03T12:59:40.374112+00:00
401858437,2026,1,2026-09-06T20:00:00.000Z,Washington,Washington State,False,False,regular,2026,1,401858437,margin_knn_uniform_euclidean,knn,margin,/groups/bsavoie2/tburton2/TDNet/publication_artifacts/corrected_f6_wide_margin_roster/through_2025_v1/checkpoints/margin_knn_uniform_euclidean.pkl,2dbb72fb93200923fd665838b274b83193bc34fcfcd71f7bdeb04371806267c0,F6,10,10,7.300000000000001,0.585428730927777,Washington,0.17085746185555406,2026-09-03T12:59:40.374112+00:00
401856661,2026,1,2026-09-06T23:30:00.000Z,Ole Miss,Louisville,True,False,regular,2026,1,401856661,margin_knn_uniform_euclidean,knn,margin,/groups/bsavoie2/tburton2/TDNet/publication_artifacts/corrected_f6_wide_margin_roster/through_2025_v1/checkpoints/margin_knn_uniform_euclidean.pkl,2dbb72fb93200923fd665838b274b83193bc34fcfcd71f7bdeb04371806267c0,F6,10,10,8.9,0.6036597879805119,Ole Miss,0.2073195759610238,2026-09-03T12:59:40.374112+00:00
401858438,2026,1,2026-09-06T23:30:00.000Z,Notre Dame,Wisconsin,True,False,regular,2026,1,401858438,margin_knn_uniform_euclidean,knn,margin,/groups/bsavoie2/tburton2/TDNet/publication_artifacts/corrected_f6_wide_margin_roster/through_2025_v1/checkpoints/margin_knn_uniform_euclidean.pkl,2dbb72fb93200923fd665838b274b83193bc34fcfcd71f7bdeb04371806267c0,F6,10,10,16.099999999999998,0.6815946722055488,Notre Dame,0.3631893444110976,2026-09-03T12:59:40.374112+00:00
401858212,2026,1,2026-09-07T23:30:00.000Z,Florida State,SMU,False,True,regular,2026,1,401858212,margin_knn_uniform_euclidean,knn,margin,/groups/bsavoie2/tburton2/TDNet/publication_artifacts/corrected_f6_wide_margin_roster/through_2025_v1/checkpoints/margin_knn_uniform_euclidean.pkl,2dbb72fb93200923fd665838b274b83193bc34fcfcd71f7bdeb04371806267c0,F6,10,10,5.599999999999999,0.5657996319592571,Florida State,0.13159926391851418,2026-09-03T12:59:40.374112+00:00
401858423,2026,1,2026-09-03T22:00:00.000Z,Rutgers,Massachusetts,False,False,regular,2026,1,401858423,margin_knn_uniform_manhattan,knn,margin,/groups/bsavoie2/tburton2/TDNet/publication_artifacts/corrected_f6_wide_margin_roster/through_2025_v1/checkpoints/margin_knn_uniform_manhattan.pkl,1ede7b74b5491d5d025ba9812ec115dcb46d1f87e3a500fbfdf8f4525509c538,F6,11,11,27.500000000000004,0.9159480844224849,Rutgers,0.8318961688449698,2026-09-03T12:59:40.374112+00:00
401858204,2026,1,2026-09-03T23:00:00.000Z,Wake Forest,Akron,False,False,regular,2026,1,401858204,margin_knn_uniform_manhattan,knn,margin,/groups/bsavoie2/tburton2/TDNet/publication_artifacts/corrected_f6_wide_margin_roster/through_2025_v1/checkpoints/margin_knn_uniform_manhattan.pkl,1ede7b74b5491d5d025ba9812ec115dcb46d1f87e3a500fbfdf8f4525509c538,F6,11,11,13.350000000000001,0.7612455464201037,Wake Forest,0.5224910928402073,2026-09-03T12:59:40.374112+00:00
401856776,2026,1,2026-09-04T00:00:00.000Z,Georgia Tech,Colorado,False,False,regular,2026,1,401856776,margin_knn_uniform_manhattan,knn,margin,/groups/bsavoie2/tburton2/TDNet/publication_artifacts/corrected_f6_wide_margin_roster/through_2025_v1/checkpoints/margin_knn_uniform_manhattan.pkl,1ede7b74b5491d5d025ba9812ec115dcb46d1f87e3a500fbfdf8f4525509c538,F6,11,11,9.899999999999999,0.7026332866829297,Georgia Tech,0.40526657336585936,2026-09-03T12:59:40.374112+00:00
401858424,2026,1,2026-09-04T01:00:00.000Z,Illinois,UAB,False,False,regular,2026,1,401858424,margin_knn_uniform_manhattan,knn,margin,/groups/bsavoie2/tburton2/TDNet/publication_artifacts/corrected_f6_wide_margin_roster/through_2025_v1/checkpoints/margin_knn_uniform_manhattan.pkl,1ede7b74b5491d5d025ba9812ec115dcb46d1f87e3a500fbfdf8f4525509c538,F6,11,11,19.75,0.847534764614765,Illinois,0.6950695292295299,2026-09-03T12:59:40.374112+00:00
401864495,2026,1,2026-09-04T22:30:00.000Z,Eastern Michigan,San José State,False,False,regular,2026,1,401864495,margin_knn_uniform_manhattan,knn,margin,/groups/bsavoie2/tburton2/TDNet/publication_artifacts/corrected_f6_wide_margin_roster/through_2025_v1/checkpoints/margin_knn_uniform_manhattan.pkl,1ede7b74b5491d5d025ba9812ec115dcb46d1f87e3a500fbfdf8f4525509c538,F6,11,11,5.35,0.6141230286428069,Eastern Michigan,0.22824605728561376,2026-09-03T12:59:40.374112+00:00
401856664,2026,1,2026-09-05T00:00:00.000Z,Oklahoma,UTEP,False,False,regular,2026,1,401856664,margin_knn_uniform_manhattan,knn,margin,/groups/bsavoie2/tburton2/TDNet/publication_artifacts/corrected_f6_wide_margin_roster/through_2025_v1/checkpoints/margin_knn_uniform_manhattan.pkl,1ede7b74b5491d5d025ba9812ec115dcb46d1f87e3a500fbfdf8f4525509c538,F6,11,11,26.700000000000003,0.910441750142279,Oklahoma,0.820883500284558,2026-09-03T12:59:40.374112+00:00
401858429,2026,1,2026-09-05T00:00:00.000Z,Michigan State,Toledo,False,False,regular,2026,1,401858429,margin_knn_uniform_manhattan,knn,margin,/groups/bsavoie2/tburton2/TDNet/publication_artifacts/corrected_f6_wide_margin_roster/through_2025_v1/checkpoints/margin_knn_uniform_manhattan.pkl,1ede7b74b5491d5d025ba9812ec115dcb46d1f87e3a500fbfdf8f4525509c538,F6,11,11,8.150000000000002,0.6699307715275009,Michigan State,0.3398615430550018,2026-09-03T12:59:40.374112+00:00
401858436,2026,1,2026-09-05T01:00:00.000Z,USC,Fresno State,False,False,regular,2026,1,401858436,margin_knn_uniform_manhattan,knn,margin,/groups/bsavoie2/tburton2/TDNet/publication_artifacts/corrected_f6_wide_margin_roster/through_2025_v1/checkpoints/margin_knn_uniform_manhattan.pkl,1ede7b74b5491d5d025ba9812ec115dcb46d1f87e3a500fbfdf8f4525509c538,F6,11,11,18.1,0.8280804605917286,USC,0.6561609211834571,2026-09-03T12:59:40.374112+00:00
401858206,2026,1,2026-09-05T01:00:00.000Z,Stanford,Miami,False,True,regular,2026,1,401858206,margin_knn_uniform_manhattan,knn,margin,/groups/bsavoie2/tburton2/TDNet/publication_artifacts/corrected_f6_wide_margin_roster/through_2025_v1/checkpoints/margin_knn_uniform_manhattan.pkl,1ede7b74b5491d5d025ba9812ec115dcb46d1f87e3a500fbfdf8f4525509c538,F6,11,11,-11.450000000000001,0.2700251517914638,Miami,0.4599496964170724,2026-09-03T12:59:40.374112+00:00
401856637,2026,1,2026-09-05T23:45:00.000Z,Florida,Florida Atlantic,False,False,regular,2026,1,401856637,margin_knn_uniform_manhattan,knn,margin,/groups/bsavoie2/tburton2/TDNet/publication_artifacts/corrected_f6_wide_margin_roster/through_2025_v1/checkpoints/margin_knn_uniform_manhattan.pkl,1ede7b74b5491d5d025ba9812ec115dcb46d1f87e3a500fbfdf8f4525509c538,F6,11,11,17.05,0.8147062963786619,Florida,0.6294125927573238,2026-09-03T12:59:40.374112+00:00
401858430,2026,1,2026-09-05T16:00:00.000Z,Nebraska,Ohio,False,False,regular,2026,1,401858430,margin_knn_uniform_manhattan,knn,margin,/groups/bsavoie2/tburton2/TDNet/publication_artifacts/corrected_f6_wide_margin_roster/through_2025_v1/checkpoints/margin_knn_uniform_manhattan.pkl,1ede7b74b5491d5d025ba9812ec115dcb46d1f87e3a500fbfdf8f4525509c538,F6,11,11,16.099999999999998,0.8019255557713282,Nebraska,0.6038511115426564,2026-09-03T12:59:40.374112+00:00
401856780,2026,1,2026-09-05T16:00:00.000Z,West Virginia,Coastal Carolina,False,False,regular,2026,1,401856780,margin_knn_uniform_manhattan,knn,margin,/groups/bsavoie2/tburton2/TDNet/publication_artifacts/corrected_f6_wide_margin_roster/through_2025_v1/checkpoints/margin_knn_uniform_manhattan.pkl,1ede7b74b5491d5d025ba9812ec115dcb46d1f87e3a500fbfdf8f4525509c538,F6,11,11,18.1,0.8280804605917286,West Virginia,0.6561609211834571,2026-09-03T12:59:40.374112+00:00
401856634,2026,1,2026-09-05T16:00:00.000Z,Alabama,East Carolina,False,False,regular,2026,1,401856634,margin_knn_uniform_manhattan,knn,margin,/groups/bsavoie2/tburton2/TDNet/publication_artifacts/corrected_f6_wide_margin_roster/through_2025_v1/checkpoints/margin_knn_uniform_manhattan.pkl,1ede7b74b5491d5d025ba9812ec115dcb46d1f87e3a500fbfdf8f4525509c538,F6,11,11,12.700000000000001,0.7508338207215349,Alabama,0.5016676414430699,2026-09-03T12:59:40.374112+00:00
401856778,2026,1,2026-09-05T16:00:00.000Z,Houston,Oregon State,False,False,regular,2026,1,401856778,margin_knn_uniform_manhattan,knn,margin,/groups/bsavoie2/tburton2/TDNet/publication_artifacts/corrected_f6_wide_margin_roster/through_2025_v1/checkpoints/margin_knn_uniform_manhattan.pkl,1ede7b74b5491d5d025ba9812ec115dcb46d1f87e3a500fbfdf8f4525509c538,F6,11,11,10.299999999999999,0.7098408440127215,Houston,0.41968168802544303,2026-09-03T12:59:40.374112+00:00
401858425,2026,1,2026-09-05T16:00:00.000Z,Indiana,North Texas,False,False,regular,2026,1,401858425,margin_knn_uniform_manhattan,knn,margin,/groups/bsavoie2/tburton2/TDNet/publication_artifacts/corrected_f6_wide_margin_roster/through_2025_v1/checkpoints/margin_knn_uniform_manhattan.pkl,1ede7b74b5491d5d025ba9812ec115dcb46d1f87e3a500fbfdf8f4525509c538,F6,11,11,16.1,0.8019255557713283,Indiana,0.6038511115426566,2026-09-03T12:59:40.374112+00:00
401869960,2026,1,2026-09-05T16:00:00.000Z,James Madison,Liberty,False,False,regular,2026,1,401869960,margin_knn_uniform_manhattan,knn,margin,/groups/bsavoie2/tburton2/TDNet/publication_artifacts/corrected_f6_wide_margin_roster/through_2025_v1/checkpoints/margin_knn_uniform_manhattan.pkl,1ede7b74b5491d5d025ba9812ec115dcb46d1f87e3a500fbfdf8f4525509c538,F6,11,11,8.175,0.6704107388692511,James Madison,0.34082147773850213,2026-09-03T12:59:40.374112+00:00
401858207,2026,1,2026-09-05T16:30:00.000Z,Pittsburgh,Miami (OH),False,False,regular,2026,1,401858207,margin_knn_uniform_manhattan,knn,margin,/groups/bsavoie2/tburton2/TDNet/publication_artifacts/corrected_f6_wide_margin_roster/through_2025_v1/checkpoints/margin_knn_uniform_manhattan.pkl,1ede7b74b5491d5d025ba9812ec115dcb46d1f87e3a500fbfdf8f4525509c538,F6,11,11,13.900000000000002,0.7698192427838986,Pittsburgh,0.5396384855677971,2026-09-03T12:59:40.374112+00:00
401858432,2026,1,2026-09-05T16:30:00.000Z,Ohio State,Ball State,False,False,regular,2026,1,401858432,margin_knn_uniform_manhattan,knn,margin,/groups/bsavoie2/tburton2/TDNet/publication_artifacts/corrected_f6_wide_margin_roster/through_2025_v1/checkpoints/margin_knn_uniform_manhattan.pkl,1ede7b74b5491d5d025ba9812ec115dcb46d1f87e3a500fbfdf8f4525509c538,F6,11,11,38.5,0.9659056688827408,Ohio State,0.9318113377654815,2026-09-03T12:59:40.374112+00:00
401856665,2026,1,2026-09-05T16:45:00.000Z,South Carolina,Kent State,False,False,regular,2026,1,401856665,margin_knn_uniform_manhattan,knn,margin,/groups/bsavoie2/tburton2/TDNet/publication_artifacts/corrected_f6_wide_margin_roster/through_2025_v1/checkpoints/margin_knn_uniform_manhattan.pkl,1ede7b74b5491d5d025ba9812ec115dcb46d1f87e3a500fbfdf8f4525509c538,F6,11,11,26.349999999999998,0.9079319339997842,South Carolina,0.8158638679995684,2026-09-03T12:59:40.374112+00:00
401858433,2026,1,2026-09-05T19:30:00.000Z,Oregon,Boise State,False,False,regular,2026,1,401858433,margin_knn_uniform_manhattan,knn,margin,/groups/bsavoie2/tburton2/TDNet/publication_artifacts/corrected_f6_wide_margin_roster/through_2025_v1/checkpoints/margin_knn_uniform_manhattan.pkl,1ede7b74b5491d5d025ba9812ec115dcb46d1f87e3a500fbfdf8f4525509c538,F6,11,11,19.300000000000004,0.8424153353840433,Oregon,0.6848306707680867,2026-09-03T12:59:40.374112+00:00
401856636,2026,1,2026-09-05T19:30:00.000Z,Auburn,Baylor,True,False,regular,2026,1,401856636,margin_knn_uniform_manhattan,knn,margin,/groups/bsavoie2/tburton2/TDNet/publication_artifacts/corrected_f6_wide_margin_roster/through_2025_v1/checkpoints/margin_knn_uniform_manhattan.pkl,1ede7b74b5491d5d025ba9812ec115dcb46d1f87e3a500fbfdf8f4525509c538,F6,11,11,2.249999999999999,0.5487012971889424,Auburn,0.0974025943778849,2026-09-03T12:59:40.374112+00:00
401856667,2026,1,2026-09-05T19:30:00.000Z,Texas,Texas State,False,False,regular,2026,1,401856667,margin_knn_uniform_manhattan,knn,margin,/groups/bsavoie2/tburton2/TDNet/publication_artifacts/corrected_f6_wide_margin_roster/through_2025_v1/checkpoints/margin_knn_uniform_manhattan.pkl,1ede7b74b5491d5d025ba9812ec115dcb46d1f87e3a500fbfdf8f4525509c538,F6,11,11,20.2,0.8525169966007939,Texas,0.7050339932015879,2026-09-03T12:59:40.374112+00:00
401858434,2026,1,2026-09-05T19:30:00.000Z,Penn State,Marshall,False,False,regular,2026,1,401858434,margin_knn_uniform_manhattan,knn,margin,/groups/bsavoie2/tburton2/TDNet/publication_artifacts/corrected_f6_wide_margin_roster/through_2025_v1/checkpoints/margin_knn_uniform_manhattan.pkl,1ede7b74b5491d5d025ba9812ec115dcb46d1f87e3a500fbfdf8f4525509c538,F6,11,11,18.55,0.8335735826894705,Penn State,0.6671471653789409,2026-09-03T12:59:40.374112+00:00
401858209,2026,1,2026-09-05T19:30:00.000Z,Duke,Tulane,False,False,regular,2026,1,401858209,margin_knn_uniform_manhattan,knn,margin,/groups/bsavoie2/tburton2/TDNet/publication_artifacts/corrected_f6_wide_margin_roster/through_2025_v1/checkpoints/margin_knn_uniform_manhattan.pkl,1ede7b74b5491d5d025ba9812ec115dcb46d1f87e3a500fbfdf8f4525509c538,F6,11,11,23.300000000000004,0.8832663673431445,Duke,0.7665327346862889,2026-09-03T12:59:40.374112+00:00
401856777,2026,1,2026-09-05T19:30:00.000Z,Cincinnati,Boston College,False,False,regular,2026,1,401856777,margin_knn_uniform_manhattan,knn,margin,/groups/bsavoie2/tburton2/TDNet/publication_artifacts/corrected_f6_wide_margin_roster/through_2025_v1/checkpoints/margin_knn_uniform_manhattan.pkl,1ede7b74b5491d5d025ba9812ec115dcb46d1f87e3a500fbfdf8f4525509c538,F6,11,11,5.449999999999999,0.6161792428345404,Cincinnati,0.2323584856690808,2026-09-03T12:59:40.374112+00:00
401856772,2026,1,2026-09-05T19:45:00.000Z,Tulsa,Oklahoma State,False,False,regular,2026,1,401856772,margin_knn_uniform_manhattan,knn,margin,/groups/bsavoie2/tburton2/TDNet/publication_artifacts/corrected_f6_wide_margin_roster/through_2025_v1/checkpoints/margin_knn_uniform_manhattan.pkl,1ede7b74b5491d5d025ba9812ec115dcb46d1f87e3a500fbfdf8f4525509c538,F6,11,11,3.375,0.5727639884441806,Tulsa,0.14552797688836128,2026-09-03T12:59:40.374112+00:00
401858426,2026,1,2026-09-05T20:15:00.000Z,Iowa,Northern Illinois,False,False,regular,2026,1,401858426,margin_knn_uniform_manhattan,knn,margin,/groups/bsavoie2/tburton2/TDNet/publication_artifacts/corrected_f6_wide_margin_roster/through_2025_v1/checkpoints/margin_knn_uniform_manhattan.pkl,1ede7b74b5491d5d025ba9812ec115dcb46d1f87e3a500fbfdf8f4525509c538,F6,11,11,23.799999999999997,0.8876700762616385,Iowa,0.775340152523277,2026-09-03T12:59:40.374112+00:00
401860878,2026,1,2026-09-05T22:00:00.000Z,Colorado State,Wyoming,False,False,regular,2026,1,401860878,margin_knn_uniform_manhattan,knn,margin,/groups/bsavoie2/tburton2/TDNet/publication_artifacts/corrected_f6_wide_margin_roster/through_2025_v1/checkpoints/margin_knn_uniform_manhattan.pkl,1ede7b74b5491d5d025ba9812ec115dcb46d1f87e3a500fbfdf8f4525509c538,F6,11,11,19.55,0.8452765029105264,Colorado State,0.6905530058210527,2026-09-03T12:59:40.374112+00:00
401856668,2026,1,2026-09-05T23:00:00.000Z,Texas A&M,Missouri State,False,False,regular,2026,1,401856668,margin_knn_uniform_manhattan,knn,margin,/groups/bsavoie2/tburton2/TDNet/publication_artifacts/corrected_f6_wide_margin_roster/through_2025_v1/checkpoints/margin_knn_uniform_manhattan.pkl,1ede7b74b5491d5d025ba9812ec115dcb46d1f87e3a500fbfdf8f4525509c538,F6,11,11,29.85,0.9303860971620892,Texas A&M,0.8607721943241784,2026-09-03T12:59:40.374112+00:00
401862695,2026,1,2026-09-05T23:00:00.000Z,Memphis,Arkansas State,False,False,regular,2026,1,401862695,margin_knn_uniform_manhattan,knn,margin,/groups/bsavoie2/tburton2/TDNet/publication_artifacts/corrected_f6_wide_margin_roster/through_2025_v1/checkpoints/margin_knn_uniform_manhattan.pkl,1ede7b74b5491d5d025ba9812ec115dcb46d1f87e3a500fbfdf8f4525509c538,F6,11,11,6.3999999999999995,0.6354975395939111,Memphis,0.2709950791878222,2026-09-03T12:59:40.374112+00:00
401870763,2026,1,2026-09-05T23:00:00.000Z,Troy,Sam Houston,False,False,regular,2026,1,401870763,margin_knn_uniform_manhattan,knn,margin,/groups/bsavoie2/tburton2/TDNet/publication_artifacts/corrected_f6_wide_margin_roster/through_2025_v1/checkpoints/margin_knn_uniform_manhattan.pkl,1ede7b74b5491d5d025ba9812ec115dcb46d1f87e3a500fbfdf8f4525509c538,F6,11,11,21.850000000000005,0.8696413866447527,Troy,0.7392827732895053,2026-09-03T12:59:40.374112+00:00
401862699,2026,1,2026-09-05T23:00:00.000Z,South Florida,Florida International,False,False,regular,2026,1,401862699,margin_knn_uniform_manhattan,knn,margin,/groups/bsavoie2/tburton2/TDNet/publication_artifacts/corrected_f6_wide_margin_roster/through_2025_v1/checkpoints/margin_knn_uniform_manhattan.pkl,1ede7b74b5491d5d025ba9812ec115dcb46d1f87e3a500fbfdf8f4525509c538,F6,11,11,8.0,0.6670435525294942,South Florida,0.3340871050589884,2026-09-03T12:59:40.374112+00:00
401858428,2026,1,2026-09-05T23:30:00.000Z,Michigan,Western Michigan,False,False,regular,2026,1,401858428,margin_knn_uniform_manhattan,knn,margin,/groups/bsavoie2/tburton2/TDNet/publication_artifacts/corrected_f6_wide_margin_roster/through_2025_v1/checkpoints/margin_knn_uniform_manhattan.pkl,1ede7b74b5491d5d025ba9812ec115dcb46d1f87e3a500fbfdf8f4525509c538,F6,11,11,24.949999999999996,0.8972507326561313,Michigan,0.7945014653122626,2026-09-03T12:59:40.374112+00:00
401856662,2026,1,2026-09-05T23:30:00.000Z,Mississippi State,UL Monroe,False,False,regular,2026,1,401856662,margin_knn_uniform_manhattan,knn,margin,/groups/bsavoie2/tburton2/TDNet/publication_artifacts/corrected_f6_wide_margin_roster/through_2025_v1/checkpoints/margin_knn_uniform_manhattan.pkl,1ede7b74b5491d5d025ba9812ec115dcb46d1f87e3a500fbfdf8f4525509c538,F6,11,11,16.900000000000002,0.8127314730989941,Mississippi State,0.6254629461979881,2026-09-03T12:59:40.374112+00:00
401856660,2026,1,2026-09-05T23:30:00.000Z,LSU,Clemson,False,False,regular,2026,1,401856660,margin_knn_uniform_manhattan,knn,margin,/groups/bsavoie2/tburton2/TDNet/publication_artifacts/corrected_f6_wide_margin_roster/through_2025_v1/checkpoints/margin_knn_uniform_manhattan.pkl,1ede7b74b5491d5d025ba9812ec115dcb46d1f87e3a500fbfdf8f4525509c538,F6,11,11,3.25,0.5701051642016497,LSU,0.1402103284032994,2026-09-03T12:59:40.374112+00:00
401864498,2026,1,2026-09-06T02:00:00.000Z,New Mexico,Central Michigan,False,False,regular,2026,1,401864498,margin_knn_uniform_manhattan,knn,margin,/groups/bsavoie2/tburton2/TDNet/publication_artifacts/corrected_f6_wide_margin_roster/through_2025_v1/checkpoints/margin_knn_uniform_manhattan.pkl,1ede7b74b5491d5d025ba9812ec115dcb46d1f87e3a500fbfdf8f4525509c538,F6,11,11,8.350000000000001,0.6737605272835008,New Mexico,0.34752105456700155,2026-09-03T12:59:40.374112+00:00
401864497,2026,1,2026-09-06T02:00:00.000Z,Hawai'i,UNLV,False,True,regular,2026,1,401864497,margin_knn_uniform_manhattan,knn,margin,/groups/bsavoie2/tburton2/TDNet/publication_artifacts/corrected_f6_wide_margin_roster/through_2025_v1/checkpoints/margin_knn_uniform_manhattan.pkl,1ede7b74b5491d5d025ba9812ec115dcb46d1f87e3a500fbfdf8f4525509c538,F6,11,11,-4.1,0.4119021876561194,UNLV,0.17619562468776118,2026-09-03T12:59:40.374112+00:00
401864432,2026,1,2026-09-06T02:30:00.000Z,Nevada,Western Kentucky,False,False,regular,2026,1,401864432,margin_knn_uniform_manhattan,knn,margin,/groups/bsavoie2/tburton2/TDNet/publication_artifacts/corrected_f6_wide_margin_roster/through_2025_v1/checkpoints/margin_knn_uniform_manhattan.pkl,1ede7b74b5491d5d025ba9812ec115dcb46d1f87e3a500fbfdf8f4525509c538,F6,11,11,-5.699999999999999,0.3786984997591465,Western Kentucky,0.24260300048170702,2026-09-03T12:59:40.374112+00:00
401858210,2026,1,2026-09-06T02:30:00.000Z,California,UCLA,False,False,regular,2026,1,401858210,margin_knn_uniform_manhattan,knn,margin,/groups/bsavoie2/tburton2/TDNet/publication_artifacts/corrected_f6_wide_margin_roster/through_2025_v1/checkpoints/margin_knn_uniform_manhattan.pkl,1ede7b74b5491d5d025ba9812ec115dcb46d1f87e3a500fbfdf8f4525509c538,F6,11,11,1.6,0.5346863774705195,California,0.069372754941039,2026-09-03T12:59:40.374112+00:00
401858437,2026,1,2026-09-06T20:00:00.000Z,Washington,Washington State,False,False,regular,2026,1,401858437,margin_knn_uniform_manhattan,knn,margin,/groups/bsavoie2/tburton2/TDNet/publication_artifacts/corrected_f6_wide_margin_roster/through_2025_v1/checkpoints/margin_knn_uniform_manhattan.pkl,1ede7b74b5491d5d025ba9812ec115dcb46d1f87e3a500fbfdf8f4525509c538,F6,11,11,8.35,0.6737605272835008,Washington,0.34752105456700155,2026-09-03T12:59:40.374112+00:00
401856661,2026,1,2026-09-06T23:30:00.000Z,Ole Miss,Louisville,True,False,regular,2026,1,401856661,margin_knn_uniform_manhattan,knn,margin,/groups/bsavoie2/tburton2/TDNet/publication_artifacts/corrected_f6_wide_margin_roster/through_2025_v1/checkpoints/margin_knn_uniform_manhattan.pkl,1ede7b74b5491d5d025ba9812ec115dcb46d1f87e3a500fbfdf8f4525509c538,F6,11,11,6.8,0.6435067245245164,Ole Miss,0.2870134490490328,2026-09-03T12:59:40.374112+00:00
401858438,2026,1,2026-09-06T23:30:00.000Z,Notre Dame,Wisconsin,True,False,regular,2026,1,401858438,margin_knn_uniform_manhattan,knn,margin,/groups/bsavoie2/tburton2/TDNet/publication_artifacts/corrected_f6_wide_margin_roster/through_2025_v1/checkpoints/margin_knn_uniform_manhattan.pkl,1ede7b74b5491d5d025ba9812ec115dcb46d1f87e3a500fbfdf8f4525509c538,F6,11,11,19.65,0.846409031015355,Notre Dame,0.6928180620307101,2026-09-03T12:59:40.374112+00:00
401858212,2026,1,2026-09-07T23:30:00.000Z,Florida State,SMU,False,True,regular,2026,1,401858212,margin_knn_uniform_manhattan,knn,margin,/groups/bsavoie2/tburton2/TDNet/publication_artifacts/corrected_f6_wide_margin_roster/through_2025_v1/checkpoints/margin_knn_uniform_manhattan.pkl,1ede7b74b5491d5d025ba9812ec115dcb46d1f87e3a500fbfdf8f4525509c538,F6,11,11,6.800000000000001,0.6435067245245164,Florida State,0.2870134490490328,2026-09-03T12:59:40.374112+00:00
401858423,2026,1,2026-09-03T22:00:00.000Z,Rutgers,Massachusetts,False,False,regular,2026,1,401858423,margin_linear_ard,linear,margin,/groups/bsavoie2/tburton2/TDNet/publication_artifacts/corrected_f6_wide_margin_roster/through_2025_v1/checkpoints/margin_linear_ard.pkl,65038d214f296c00c1f34040a6d5fbeaeb570e443283aaaf4c849b6cb5bb72c7,F6,12,12,22.658068827669275,0.8345789752971511,Rutgers,0.6691579505943022,2026-09-03T12:59:40.374112+00:00
401858204,2026,1,2026-09-03T23:00:00.000Z,Wake Forest,Akron,False,False,regular,2026,1,401858204,margin_linear_ard,linear,margin,/groups/bsavoie2/tburton2/TDNet/publication_artifacts/corrected_f6_wide_margin_roster/through_2025_v1/checkpoints/margin_linear_ard.pkl,65038d214f296c00c1f34040a6d5fbeaeb570e443283aaaf4c849b6cb5bb72c7,F6,12,12,5.8688557237962575,0.6032927536530476,Wake Forest,0.20658550730609515,2026-09-03T12:59:40.374112+00:00
401856776,2026,1,2026-09-04T00:00:00.000Z,Georgia Tech,Colorado,False,False,regular,2026,1,401856776,margin_linear_ard,linear,margin,/groups/bsavoie2/tburton2/TDNet/publication_artifacts/corrected_f6_wide_margin_roster/through_2025_v1/checkpoints/margin_linear_ard.pkl,65038d214f296c00c1f34040a6d5fbeaeb570e443283aaaf4c849b6cb5bb72c7,F6,12,12,8.932550570011308,0.6543101132876886,Georgia Tech,0.30862022657537724,2026-09-03T12:59:40.374112+00:00
401858424,2026,1,2026-09-04T01:00:00.000Z,Illinois,UAB,False,False,regular,2026,1,401858424,margin_linear_ard,linear,margin,/groups/bsavoie2/tburton2/TDNet/publication_artifacts/corrected_f6_wide_margin_roster/through_2025_v1/checkpoints/margin_linear_ard.pkl,65038d214f296c00c1f34040a6d5fbeaeb570e443283aaaf4c849b6cb5bb72c7,F6,12,12,11.030316458290844,0.6873758899452546,Illinois,0.3747517798905091,2026-09-03T12:59:40.374112+00:00
401864495,2026,1,2026-09-04T22:30:00.000Z,Eastern Michigan,San José State,False,False,regular,2026,1,401864495,margin_linear_ard,linear,margin,/groups/bsavoie2/tburton2/TDNet/publication_artifacts/corrected_f6_wide_margin_roster/through_2025_v1/checkpoints/margin_linear_ard.pkl,65038d214f296c00c1f34040a6d5fbeaeb570e443283aaaf4c849b6cb5bb72c7,F6,12,12,11.513124009737854,0.6947383454479897,Eastern Michigan,0.38947669089597947,2026-09-03T12:59:40.374112+00:00
401856664,2026,1,2026-09-05T00:00:00.000Z,Oklahoma,UTEP,False,False,regular,2026,1,401856664,margin_linear_ard,linear,margin,/groups/bsavoie2/tburton2/TDNet/publication_artifacts/corrected_f6_wide_margin_roster/through_2025_v1/checkpoints/margin_linear_ard.pkl,65038d214f296c00c1f34040a6d5fbeaeb570e443283aaaf4c849b6cb5bb72c7,F6,12,12,19.72841713438256,0.8036354164107544,Oklahoma,0.6072708328215088,2026-09-03T12:59:40.374112+00:00
401858429,2026,1,2026-09-05T00:00:00.000Z,Michigan State,Toledo,False,False,regular,2026,1,401858429,margin_linear_ard,linear,margin,/groups/bsavoie2/tburton2/TDNet/publication_artifacts/corrected_f6_wide_margin_roster/through_2025_v1/checkpoints/margin_linear_ard.pkl,65038d214f296c00c1f34040a6d5fbeaeb570e443283aaaf4c849b6cb5bb72c7,F6,12,12,-5.7541208763887,0.39867029431031986,Toledo,0.20265941137936028,2026-09-03T12:59:40.374112+00:00
401858436,2026,1,2026-09-05T01:00:00.000Z,USC,Fresno State,False,False,regular,2026,1,401858436,margin_linear_ard,linear,margin,/groups/bsavoie2/tburton2/TDNet/publication_artifacts/corrected_f6_wide_margin_roster/through_2025_v1/checkpoints/margin_linear_ard.pkl,65038d214f296c00c1f34040a6d5fbeaeb570e443283aaaf4c849b6cb5bb72c7,F6,12,12,13.539318380153187,0.7245399255107695,USC,0.449079851021539,2026-09-03T12:59:40.374112+00:00
401858206,2026,1,2026-09-05T01:00:00.000Z,Stanford,Miami,False,True,regular,2026,1,401858206,margin_linear_ard,linear,margin,/groups/bsavoie2/tburton2/TDNet/publication_artifacts/corrected_f6_wide_margin_roster/through_2025_v1/checkpoints/margin_linear_ard.pkl,65038d214f296c00c1f34040a6d5fbeaeb570e443283aaaf4c849b6cb5bb72c7,F6,12,12,-7.974657475366462,0.3613248837757927,Miami,0.2773502324484146,2026-09-03T12:59:40.374112+00:00
401856637,2026,1,2026-09-05T23:45:00.000Z,Florida,Florida Atlantic,False,False,regular,2026,1,401856637,margin_linear_ard,linear,margin,/groups/bsavoie2/tburton2/TDNet/publication_artifacts/corrected_f6_wide_margin_roster/through_2025_v1/checkpoints/margin_linear_ard.pkl,65038d214f296c00c1f34040a6d5fbeaeb570e443283aaaf4c849b6cb5bb72c7,F6,12,12,10.754590343214023,0.6831281473809602,Florida,0.36625629476192034,2026-09-03T12:59:40.374112+00:00
401858430,2026,1,2026-09-05T16:00:00.000Z,Nebraska,Ohio,False,False,regular,2026,1,401858430,margin_linear_ard,linear,margin,/groups/bsavoie2/tburton2/TDNet/publication_artifacts/corrected_f6_wide_margin_roster/through_2025_v1/checkpoints/margin_linear_ard.pkl,65038d214f296c00c1f34040a6d5fbeaeb570e443283aaaf4c849b6cb5bb72c7,F6,12,12,4.043275006678373,0.5717036395749006,Nebraska,0.14340727914980111,2026-09-03T12:59:40.374112+00:00
401856780,2026,1,2026-09-05T16:00:00.000Z,West Virginia,Coastal Carolina,False,False,regular,2026,1,401856780,margin_linear_ard,linear,margin,/groups/bsavoie2/tburton2/TDNet/publication_artifacts/corrected_f6_wide_margin_roster/through_2025_v1/checkpoints/margin_linear_ard.pkl,65038d214f296c00c1f34040a6d5fbeaeb570e443283aaaf4c849b6cb5bb72c7,F6,12,12,10.41613017611634,0.677871956507023,West Virginia,0.35574391301404606,2026-09-03T12:59:40.374112+00:00
401856634,2026,1,2026-09-05T16:00:00.000Z,Alabama,East Carolina,False,False,regular,2026,1,401856634,margin_linear_ard,linear,margin,/groups/bsavoie2/tburton2/TDNet/publication_artifacts/corrected_f6_wide_margin_roster/through_2025_v1/checkpoints/margin_linear_ard.pkl,65038d214f296c00c1f34040a6d5fbeaeb570e443283aaaf4c849b6cb5bb72c7,F6,12,12,4.419898090440842,0.5782776619288702,Alabama,0.1565553238577404,2026-09-03T12:59:40.374112+00:00
401856778,2026,1,2026-09-05T16:00:00.000Z,Houston,Oregon State,False,False,regular,2026,1,401856778,margin_linear_ard,linear,margin,/groups/bsavoie2/tburton2/TDNet/publication_artifacts/corrected_f6_wide_margin_roster/through_2025_v1/checkpoints/margin_linear_ard.pkl,65038d214f296c00c1f34040a6d5fbeaeb570e443283aaaf4c849b6cb5bb72c7,F6,12,12,6.217295246178489,0.6092337625465606,Houston,0.21846752509312117,2026-09-03T12:59:40.374112+00:00
401858425,2026,1,2026-09-05T16:00:00.000Z,Indiana,North Texas,False,False,regular,2026,1,401858425,margin_linear_ard,linear,margin,/groups/bsavoie2/tburton2/TDNet/publication_artifacts/corrected_f6_wide_margin_roster/through_2025_v1/checkpoints/margin_linear_ard.pkl,65038d214f296c00c1f34040a6d5fbeaeb570e443283aaaf4c849b6cb5bb72c7,F6,12,12,10.701467723539306,0.6823062101464061,Indiana,0.36461242029281227,2026-09-03T12:59:40.374112+00:00
401869960,2026,1,2026-09-05T16:00:00.000Z,James Madison,Liberty,False,False,regular,2026,1,401869960,margin_linear_ard,linear,margin,/groups/bsavoie2/tburton2/TDNet/publication_artifacts/corrected_f6_wide_margin_roster/through_2025_v1/checkpoints/margin_linear_ard.pkl,65038d214f296c00c1f34040a6d5fbeaeb570e443283aaaf4c849b6cb5bb72c7,F6,12,12,7.622233945862648,0.6328458963268575,James Madison,0.265691792653715,2026-09-03T12:59:40.374112+00:00
401858207,2026,1,2026-09-05T16:30:00.000Z,Pittsburgh,Miami (OH),False,False,regular,2026,1,401858207,margin_linear_ard,linear,margin,/groups/bsavoie2/tburton2/TDNet/publication_artifacts/corrected_f6_wide_margin_roster/through_2025_v1/checkpoints/margin_linear_ard.pkl,65038d214f296c00c1f34040a6d5fbeaeb570e443283aaaf4c849b6cb5bb72c7,F6,12,12,5.329509896522402,0.5940369261533587,Pittsburgh,0.18807385230671736,2026-09-03T12:59:40.374112+00:00
401858432,2026,1,2026-09-05T16:30:00.000Z,Ohio State,Ball State,False,False,regular,2026,1,401858432,margin_linear_ard,linear,margin,/groups/bsavoie2/tburton2/TDNet/publication_artifacts/corrected_f6_wide_margin_roster/through_2025_v1/checkpoints/margin_linear_ard.pkl,65038d214f296c00c1f34040a6d5fbeaeb570e443283aaaf4c849b6cb5bb72c7,F6,12,12,28.22625474377367,0.88248346999103,Ohio State,0.76496693998206,2026-09-03T12:59:40.374112+00:00
401856665,2026,1,2026-09-05T16:45:00.000Z,South Carolina,Kent State,False,False,regular,2026,1,401856665,margin_linear_ard,linear,margin,/groups/bsavoie2/tburton2/TDNet/publication_artifacts/corrected_f6_wide_margin_roster/through_2025_v1/checkpoints/margin_linear_ard.pkl,65038d214f296c00c1f34040a6d5fbeaeb570e443283aaaf4c849b6cb5bb72c7,F6,12,12,14.44919371745205,0.7373199682805893,South Carolina,0.47463993656117864,2026-09-03T12:59:40.374112+00:00
401858433,2026,1,2026-09-05T19:30:00.000Z,Oregon,Boise State,False,False,regular,2026,1,401858433,margin_linear_ard,linear,margin,/groups/bsavoie2/tburton2/TDNet/publication_artifacts/corrected_f6_wide_margin_roster/through_2025_v1/checkpoints/margin_linear_ard.pkl,65038d214f296c00c1f34040a6d5fbeaeb570e443283aaaf4c849b6cb5bb72c7,F6,12,12,14.642178243777895,0.7399810133976905,Oregon,0.479962026795381,2026-09-03T12:59:40.374112+00:00
401856636,2026,1,2026-09-05T19:30:00.000Z,Auburn,Baylor,True,False,regular,2026,1,401856636,margin_linear_ard,linear,margin,/groups/bsavoie2/tburton2/TDNet/publication_artifacts/corrected_f6_wide_margin_roster/through_2025_v1/checkpoints/margin_linear_ard.pkl,65038d214f296c00c1f34040a6d5fbeaeb570e443283aaaf4c849b6cb5bb72c7,F6,12,12,6.709592654251736,0.6175723206146096,Auburn,0.2351446412292193,2026-09-03T12:59:40.374112+00:00
401856667,2026,1,2026-09-05T19:30:00.000Z,Texas,Texas State,False,False,regular,2026,1,401856667,margin_linear_ard,linear,margin,/groups/bsavoie2/tburton2/TDNet/publication_artifacts/corrected_f6_wide_margin_roster/through_2025_v1/checkpoints/margin_linear_ard.pkl,65038d214f296c00c1f34040a6d5fbeaeb570e443283aaaf4c849b6cb5bb72c7,F6,12,12,3.173403413653923,0.5564265249460247,Texas,0.11285304989204947,2026-09-03T12:59:40.374112+00:00
401858434,2026,1,2026-09-05T19:30:00.000Z,Penn State,Marshall,False,False,regular,2026,1,401858434,margin_linear_ard,linear,margin,/groups/bsavoie2/tburton2/TDNet/publication_artifacts/corrected_f6_wide_margin_roster/through_2025_v1/checkpoints/margin_linear_ard.pkl,65038d214f296c00c1f34040a6d5fbeaeb570e443283aaaf4c849b6cb5bb72c7,F6,12,12,2.9855226343294836,0.5531117795189157,Penn State,0.10622355903783132,2026-09-03T12:59:40.374112+00:00
401858209,2026,1,2026-09-05T19:30:00.000Z,Duke,Tulane,False,False,regular,2026,1,401858209,margin_linear_ard,linear,margin,/groups/bsavoie2/tburton2/TDNet/publication_artifacts/corrected_f6_wide_margin_roster/through_2025_v1/checkpoints/margin_linear_ard.pkl,65038d214f296c00c1f34040a6d5fbeaeb570e443283aaaf4c849b6cb5bb72c7,F6,12,12,5.14810370474985,0.5909083446884658,Duke,0.18181668937693152,2026-09-03T12:59:40.374112+00:00
401856777,2026,1,2026-09-05T19:30:00.000Z,Cincinnati,Boston College,False,False,regular,2026,1,401856777,margin_linear_ard,linear,margin,/groups/bsavoie2/tburton2/TDNet/publication_artifacts/corrected_f6_wide_margin_roster/through_2025_v1/checkpoints/margin_linear_ard.pkl,65038d214f296c00c1f34040a6d5fbeaeb570e443283aaaf4c849b6cb5bb72c7,F6,12,12,4.21365020365857,0.574680849904001,Cincinnati,0.14936169980800207,2026-09-03T12:59:40.374112+00:00
401856772,2026,1,2026-09-05T19:45:00.000Z,Tulsa,Oklahoma State,False,False,regular,2026,1,401856772,margin_linear_ard,linear,margin,/groups/bsavoie2/tburton2/TDNet/publication_artifacts/corrected_f6_wide_margin_roster/through_2025_v1/checkpoints/margin_linear_ard.pkl,65038d214f296c00c1f34040a6d5fbeaeb570e443283aaaf4c849b6cb5bb72c7,F6,12,12,8.198506863007148,0.6423566993517752,Tulsa,0.2847133987035504,2026-09-03T12:59:40.374112+00:00
401858426,2026,1,2026-09-05T20:15:00.000Z,Iowa,Northern Illinois,False,False,regular,2026,1,401858426,margin_linear_ard,linear,margin,/groups/bsavoie2/tburton2/TDNet/publication_artifacts/corrected_f6_wide_margin_roster/through_2025_v1/checkpoints/margin_linear_ard.pkl,65038d214f296c00c1f34040a6d5fbeaeb570e443283aaaf4c849b6cb5bb72c7,F6,12,12,13.694611887980876,0.7267482427316967,Iowa,0.4534964854633934,2026-09-03T12:59:40.374112+00:00
401860878,2026,1,2026-09-05T22:00:00.000Z,Colorado State,Wyoming,False,False,regular,2026,1,401860878,margin_linear_ard,linear,margin,/groups/bsavoie2/tburton2/TDNet/publication_artifacts/corrected_f6_wide_margin_roster/through_2025_v1/checkpoints/margin_linear_ard.pkl,65038d214f296c00c1f34040a6d5fbeaeb570e443283aaaf4c849b6cb5bb72c7,F6,12,12,7.722494557846175,0.6345082898448556,Colorado State,0.26901657968971127,2026-09-03T12:59:40.374112+00:00
401856668,2026,1,2026-09-05T23:00:00.000Z,Texas A&M,Missouri State,False,False,regular,2026,1,401856668,margin_linear_ard,linear,margin,/groups/bsavoie2/tburton2/TDNet/publication_artifacts/corrected_f6_wide_margin_roster/through_2025_v1/checkpoints/margin_linear_ard.pkl,65038d214f296c00c1f34040a6d5fbeaeb570e443283aaaf4c849b6cb5bb72c7,F6,12,12,14.194887659453869,0.7337867053375279,Texas A&M,0.46757341067505576,2026-09-03T12:59:40.374112+00:00
401862695,2026,1,2026-09-05T23:00:00.000Z,Memphis,Arkansas State,False,False,regular,2026,1,401862695,margin_linear_ard,linear,margin,/groups/bsavoie2/tburton2/TDNet/publication_artifacts/corrected_f6_wide_margin_roster/through_2025_v1/checkpoints/margin_linear_ard.pkl,65038d214f296c00c1f34040a6d5fbeaeb570e443283aaaf4c849b6cb5bb72c7,F6,12,12,11.64168208256891,0.6966822989447365,Memphis,0.3933645978894731,2026-09-03T12:59:40.374112+00:00
401870763,2026,1,2026-09-05T23:00:00.000Z,Troy,Sam Houston,False,False,regular,2026,1,401870763,margin_linear_ard,linear,margin,/groups/bsavoie2/tburton2/TDNet/publication_artifacts/corrected_f6_wide_margin_roster/through_2025_v1/checkpoints/margin_linear_ard.pkl,65038d214f296c00c1f34040a6d5fbeaeb570e443283aaaf4c849b6cb5bb72c7,F6,12,12,13.068006789652916,0.7177704485617122,Troy,0.4355408971234245,2026-09-03T12:59:40.374112+00:00
401862699,2026,1,2026-09-05T23:00:00.000Z,South Florida,Florida International,False,False,regular,2026,1,401862699,margin_linear_ard,linear,margin,/groups/bsavoie2/tburton2/TDNet/publication_artifacts/corrected_f6_wide_margin_roster/through_2025_v1/checkpoints/margin_linear_ard.pkl,65038d214f296c00c1f34040a6d5fbeaeb570e443283aaaf4c849b6cb5bb72c7,F6,12,12,11.819449538073112,0.6993588015684337,South Florida,0.3987176031368673,2026-09-03T12:59:40.374112+00:00
401858428,2026,1,2026-09-05T23:30:00.000Z,Michigan,Western Michigan,False,False,regular,2026,1,401858428,margin_linear_ard,linear,margin,/groups/bsavoie2/tburton2/TDNet/publication_artifacts/corrected_f6_wide_margin_roster/through_2025_v1/checkpoints/margin_linear_ard.pkl,65038d214f296c00c1f34040a6d5fbeaeb570e443283aaaf4c849b6cb5bb72c7,F6,12,12,4.209921775016652,0.5746157548340949,Michigan,0.14923150966818977,2026-09-03T12:59:40.374112+00:00
401856662,2026,1,2026-09-05T23:30:00.000Z,Mississippi State,UL Monroe,False,False,regular,2026,1,401856662,margin_linear_ard,linear,margin,/groups/bsavoie2/tburton2/TDNet/publication_artifacts/corrected_f6_wide_margin_roster/through_2025_v1/checkpoints/margin_linear_ard.pkl,65038d214f296c00c1f34040a6d5fbeaeb570e443283aaaf4c849b6cb5bb72c7,F6,12,12,10.425975563610725,0.6780254983118839,Mississippi State,0.3560509966237677,2026-09-03T12:59:40.374112+00:00
401856660,2026,1,2026-09-05T23:30:00.000Z,LSU,Clemson,False,False,regular,2026,1,401856660,margin_linear_ard,linear,margin,/groups/bsavoie2/tburton2/TDNet/publication_artifacts/corrected_f6_wide_margin_roster/through_2025_v1/checkpoints/margin_linear_ard.pkl,65038d214f296c00c1f34040a6d5fbeaeb570e443283aaaf4c849b6cb5bb72c7,F6,12,12,2.221299949920963,0.5395830655113022,LSU,0.07916613102260439,2026-09-03T12:59:40.374112+00:00
401864498,2026,1,2026-09-06T02:00:00.000Z,New Mexico,Central Michigan,False,False,regular,2026,1,401864498,margin_linear_ard,linear,margin,/groups/bsavoie2/tburton2/TDNet/publication_artifacts/corrected_f6_wide_margin_roster/through_2025_v1/checkpoints/margin_linear_ard.pkl,65038d214f296c00c1f34040a6d5fbeaeb570e443283aaaf4c849b6cb5bb72c7,F6,12,12,2.7198900068614638,0.5484172721214322,New Mexico,0.09683454424286442,2026-09-03T12:59:40.374112+00:00
401864497,2026,1,2026-09-06T02:00:00.000Z,Hawai'i,UNLV,False,True,regular,2026,1,401864497,margin_linear_ard,linear,margin,/groups/bsavoie2/tburton2/TDNet/publication_artifacts/corrected_f6_wide_margin_roster/through_2025_v1/checkpoints/margin_linear_ard.pkl,65038d214f296c00c1f34040a6d5fbeaeb570e443283aaaf4c849b6cb5bb72c7,F6,12,12,-8.391310286940637,0.3544857115664755,UNLV,0.29102857686704897,2026-09-03T12:59:40.374112+00:00
401864432,2026,1,2026-09-06T02:30:00.000Z,Nevada,Western Kentucky,False,False,regular,2026,1,401864432,margin_linear_ard,linear,margin,/groups/bsavoie2/tburton2/TDNet/publication_artifacts/corrected_f6_wide_margin_roster/through_2025_v1/checkpoints/margin_linear_ard.pkl,65038d214f296c00c1f34040a6d5fbeaeb570e443283aaaf4c849b6cb5bb72c7,F6,12,12,-7.16108142899627,0.37484059342105386,Western Kentucky,0.2503188131578923,2026-09-03T12:59:40.374112+00:00
401858210,2026,1,2026-09-06T02:30:00.000Z,California,UCLA,False,False,regular,2026,1,401858210,margin_linear_ard,linear,margin,/groups/bsavoie2/tburton2/TDNet/publication_artifacts/corrected_f6_wide_margin_roster/through_2025_v1/checkpoints/margin_linear_ard.pkl,65038d214f296c00c1f34040a6d5fbeaeb570e443283aaaf4c849b6cb5bb72c7,F6,12,12,4.853027165695572,0.5858037153022055,California,0.17160743060441108,2026-09-03T12:59:40.374112+00:00
401858437,2026,1,2026-09-06T20:00:00.000Z,Washington,Washington State,False,False,regular,2026,1,401858437,margin_linear_ard,linear,margin,/groups/bsavoie2/tburton2/TDNet/publication_artifacts/corrected_f6_wide_margin_roster/through_2025_v1/checkpoints/margin_linear_ard.pkl,65038d214f296c00c1f34040a6d5fbeaeb570e443283aaaf4c849b6cb5bb72c7,F6,12,12,8.220140909266078,0.6427116275116747,Washington,0.2854232550233493,2026-09-03T12:59:40.374112+00:00
401856661,2026,1,2026-09-06T23:30:00.000Z,Ole Miss,Louisville,True,False,regular,2026,1,401856661,margin_linear_ard,linear,margin,/groups/bsavoie2/tburton2/TDNet/publication_artifacts/corrected_f6_wide_margin_roster/through_2025_v1/checkpoints/margin_linear_ard.pkl,65038d214f296c00c1f34040a6d5fbeaeb570e443283aaaf4c849b6cb5bb72c7,F6,12,12,9.826692262649065,0.6686103521225336,Ole Miss,0.3372207042450672,2026-09-03T12:59:40.374112+00:00
401858438,2026,1,2026-09-06T23:30:00.000Z,Notre Dame,Wisconsin,True,False,regular,2026,1,401858438,margin_linear_ard,linear,margin,/groups/bsavoie2/tburton2/TDNet/publication_artifacts/corrected_f6_wide_margin_roster/through_2025_v1/checkpoints/margin_linear_ard.pkl,65038d214f296c00c1f34040a6d5fbeaeb570e443283aaaf4c849b6cb5bb72c7,F6,12,12,17.140230398717915,0.7728197653796457,Notre Dame,0.5456395307592914,2026-09-03T12:59:40.374112+00:00
401858212,2026,1,2026-09-07T23:30:00.000Z,Florida State,SMU,False,True,regular,2026,1,401858212,margin_linear_ard,linear,margin,/groups/bsavoie2/tburton2/TDNet/publication_artifacts/corrected_f6_wide_margin_roster/through_2025_v1/checkpoints/margin_linear_ard.pkl,65038d214f296c00c1f34040a6d5fbeaeb570e443283aaaf4c849b6cb5bb72c7,F6,12,12,-0.5517847355572183,0.49014797646217,SMU,0.01970404707565998,2026-09-03T12:59:40.374112+00:00
401858423,2026,1,2026-09-03T22:00:00.000Z,Rutgers,Massachusetts,False,False,regular,2026,1,401858423,margin_linear_bayesian,linear,margin,/groups/bsavoie2/tburton2/TDNet/publication_artifacts/corrected_f6_wide_margin_roster/through_2025_v1/checkpoints/margin_linear_bayesian.pkl,7759917ee1e83a0c43f22c30a6c5da1d330622d9311500c8fb970aa7e7da1b58,F6,13,13,18.765011041076818,0.7925487969831992,Rutgers,0.5850975939663985,2026-09-03T12:59:40.374112+00:00
401858204,2026,1,2026-09-03T23:00:00.000Z,Wake Forest,Akron,False,False,regular,2026,1,401858204,margin_linear_bayesian,linear,margin,/groups/bsavoie2/tburton2/TDNet/publication_artifacts/corrected_f6_wide_margin_roster/through_2025_v1/checkpoints/margin_linear_bayesian.pkl,7759917ee1e83a0c43f22c30a6c5da1d330622d9311500c8fb970aa7e7da1b58,F6,13,13,7.599505343575366,0.632468598218159,Wake Forest,0.2649371964363181,2026-09-03T12:59:40.374112+00:00
401856776,2026,1,2026-09-04T00:00:00.000Z,Georgia Tech,Colorado,False,False,regular,2026,1,401856776,margin_linear_bayesian,linear,margin,/groups/bsavoie2/tburton2/TDNet/publication_artifacts/corrected_f6_wide_margin_roster/through_2025_v1/checkpoints/margin_linear_bayesian.pkl,7759917ee1e83a0c43f22c30a6c5da1d330622d9311500c8fb970aa7e7da1b58,F6,13,13,10.55566431676495,0.6800444366927005,Georgia Tech,0.3600888733854011,2026-09-03T12:59:40.374112+00:00
401858424,2026,1,2026-09-04T01:00:00.000Z,Illinois,UAB,False,False,regular,2026,1,401858424,margin_linear_bayesian,linear,margin,/groups/bsavoie2/tburton2/TDNet/publication_artifacts/corrected_f6_wide_margin_roster/through_2025_v1/checkpoints/margin_linear_bayesian.pkl,7759917ee1e83a0c43f22c30a6c5da1d330622d9311500c8fb970aa7e7da1b58,F6,13,13,9.762776336435984,0.6675980112556159,Illinois,0.3351960225112318,2026-09-03T12:59:40.374112+00:00
401864495,2026,1,2026-09-04T22:30:00.000Z,Eastern Michigan,San José State,False,False,regular,2026,1,401864495,margin_linear_bayesian,linear,margin,/groups/bsavoie2/tburton2/TDNet/publication_artifacts/corrected_f6_wide_margin_roster/through_2025_v1/checkpoints/margin_linear_bayesian.pkl,7759917ee1e83a0c43f22c30a6c5da1d330622d9311500c8fb970aa7e7da1b58,F6,13,13,8.382408412240057,0.6453687766358741,Eastern Michigan,0.2907375532717482,2026-09-03T12:59:40.374112+00:00
401856664,2026,1,2026-09-05T00:00:00.000Z,Oklahoma,UTEP,False,False,regular,2026,1,401856664,margin_linear_bayesian,linear,margin,/groups/bsavoie2/tburton2/TDNet/publication_artifacts/corrected_f6_wide_margin_roster/through_2025_v1/checkpoints/margin_linear_bayesian.pkl,7759917ee1e83a0c43f22c30a6c5da1d330622d9311500c8fb970aa7e7da1b58,F6,13,13,13.460881658357494,0.7234203382820068,Oklahoma,0.4468406765640136,2026-09-03T12:59:40.374112+00:00
401858429,2026,1,2026-09-05T00:00:00.000Z,Michigan State,Toledo,False,False,regular,2026,1,401858429,margin_linear_bayesian,linear,margin,/groups/bsavoie2/tburton2/TDNet/publication_artifacts/corrected_f6_wide_margin_roster/through_2025_v1/checkpoints/margin_linear_bayesian.pkl,7759917ee1e83a0c43f22c30a6c5da1d330622d9311500c8fb970aa7e7da1b58,F6,13,13,-5.608290060479392,0.40117007848276404,Toledo,0.19765984303447193,2026-09-03T12:59:40.374112+00:00
401858436,2026,1,2026-09-05T01:00:00.000Z,USC,Fresno State,False,False,regular,2026,1,401858436,margin_linear_bayesian,linear,margin,/groups/bsavoie2/tburton2/TDNet/publication_artifacts/corrected_f6_wide_margin_roster/through_2025_v1/checkpoints/margin_linear_bayesian.pkl,7759917ee1e83a0c43f22c30a6c5da1d330622d9311500c8fb970aa7e7da1b58,F6,13,13,10.80144898227448,0.6838522180565834,USC,0.3677044361131667,2026-09-03T12:59:40.374112+00:00
401858206,2026,1,2026-09-05T01:00:00.000Z,Stanford,Miami,False,True,regular,2026,1,401858206,margin_linear_bayesian,linear,margin,/groups/bsavoie2/tburton2/TDNet/publication_artifacts/corrected_f6_wide_margin_roster/through_2025_v1/checkpoints/margin_linear_bayesian.pkl,7759917ee1e83a0c43f22c30a6c5da1d330622d9311500c8fb970aa7e7da1b58,F6,13,13,-5.05924820779641,0.4106267889942366,Miami,0.1787464220115268,2026-09-03T12:59:40.374112+00:00
401856637,2026,1,2026-09-05T23:45:00.000Z,Florida,Florida Atlantic,False,False,regular,2026,1,401856637,margin_linear_bayesian,linear,margin,/groups/bsavoie2/tburton2/TDNet/publication_artifacts/corrected_f6_wide_margin_roster/through_2025_v1/checkpoints/margin_linear_bayesian.pkl,7759917ee1e83a0c43f22c30a6c5da1d330622d9311500c8fb970aa7e7da1b58,F6,13,13,8.040638288732389,0.6397619996014197,Florida,0.2795239992028393,2026-09-03T12:59:40.374112+00:00
401858430,2026,1,2026-09-05T16:00:00.000Z,Nebraska,Ohio,False,False,regular,2026,1,401858430,margin_linear_bayesian,linear,margin,/groups/bsavoie2/tburton2/TDNet/publication_artifacts/corrected_f6_wide_margin_roster/through_2025_v1/checkpoints/margin_linear_bayesian.pkl,7759917ee1e83a0c43f22c30a6c5da1d330622d9311500c8fb970aa7e7da1b58,F6,13,13,6.200310169525866,0.6089448955160311,Nebraska,0.2178897910320623,2026-09-03T12:59:40.374112+00:00
401856780,2026,1,2026-09-05T16:00:00.000Z,West Virginia,Coastal Carolina,False,False,regular,2026,1,401856780,margin_linear_bayesian,linear,margin,/groups/bsavoie2/tburton2/TDNet/publication_artifacts/corrected_f6_wide_margin_roster/through_2025_v1/checkpoints/margin_linear_bayesian.pkl,7759917ee1e83a0c43f22c30a6c5da1d330622d9311500c8fb970aa7e7da1b58,F6,13,13,7.181613509700456,0.6255030139930463,West Virginia,0.2510060279860926,2026-09-03T12:59:40.374112+00:00
401856634,2026,1,2026-09-05T16:00:00.000Z,Alabama,East Carolina,False,False,regular,2026,1,401856634,margin_linear_bayesian,linear,margin,/groups/bsavoie2/tburton2/TDNet/publication_artifacts/corrected_f6_wide_margin_roster/through_2025_v1/checkpoints/margin_linear_bayesian.pkl,7759917ee1e83a0c43f22c30a6c5da1d330622d9311500c8fb970aa7e7da1b58,F6,13,13,0.6932070052757524,0.5123761680573466,Alabama,0.024752336114693296,2026-09-03T12:59:40.374112+00:00
401856778,2026,1,2026-09-05T16:00:00.000Z,Houston,Oregon State,False,False,regular,2026,1,401856778,margin_linear_bayesian,linear,margin,/groups/bsavoie2/tburton2/TDNet/publication_artifacts/corrected_f6_wide_margin_roster/through_2025_v1/checkpoints/margin_linear_bayesian.pkl,7759917ee1e83a0c43f22c30a6c5da1d330622d9311500c8fb970aa7e7da1b58,F6,13,13,11.165847724712135,0.6894524178135929,Houston,0.3789048356271858,2026-09-03T12:59:40.374112+00:00
401858425,2026,1,2026-09-05T16:00:00.000Z,Indiana,North Texas,False,False,regular,2026,1,401858425,margin_linear_bayesian,linear,margin,/groups/bsavoie2/tburton2/TDNet/publication_artifacts/corrected_f6_wide_margin_roster/through_2025_v1/checkpoints/margin_linear_bayesian.pkl,7759917ee1e83a0c43f22c30a6c5da1d330622d9311500c8fb970aa7e7da1b58,F6,13,13,8.854574578962012,0.653049228306569,Indiana,0.30609845661313795,2026-09-03T12:59:40.374112+00:00
401869960,2026,1,2026-09-05T16:00:00.000Z,James Madison,Liberty,False,False,regular,2026,1,401869960,margin_linear_bayesian,linear,margin,/groups/bsavoie2/tburton2/TDNet/publication_artifacts/corrected_f6_wide_margin_roster/through_2025_v1/checkpoints/margin_linear_bayesian.pkl,7759917ee1e83a0c43f22c30a6c5da1d330622d9311500c8fb970aa7e7da1b58,F6,13,13,7.432552090535094,0.629692200239744,James Madison,0.2593844004794881,2026-09-03T12:59:40.374112+00:00
401858207,2026,1,2026-09-05T16:30:00.000Z,Pittsburgh,Miami (OH),False,False,regular,2026,1,401858207,margin_linear_bayesian,linear,margin,/groups/bsavoie2/tburton2/TDNet/publication_artifacts/corrected_f6_wide_margin_roster/through_2025_v1/checkpoints/margin_linear_bayesian.pkl,7759917ee1e83a0c43f22c30a6c5da1d330622d9311500c8fb970aa7e7da1b58,F6,13,13,7.241954884551392,0.6265121027501949,Pittsburgh,0.25302420550038973,2026-09-03T12:59:40.374112+00:00
401858432,2026,1,2026-09-05T16:30:00.000Z,Ohio State,Ball State,False,False,regular,2026,1,401858432,margin_linear_bayesian,linear,margin,/groups/bsavoie2/tburton2/TDNet/publication_artifacts/corrected_f6_wide_margin_roster/through_2025_v1/checkpoints/margin_linear_bayesian.pkl,7759917ee1e83a0c43f22c30a6c5da1d330622d9311500c8fb970aa7e7da1b58,F6,13,13,27.09730679198345,0.8738593535282106,Ohio State,0.7477187070564213,2026-09-03T12:59:40.374112+00:00
401856665,2026,1,2026-09-05T16:45:00.000Z,South Carolina,Kent State,False,False,regular,2026,1,401856665,margin_linear_bayesian,linear,margin,/groups/bsavoie2/tburton2/TDNet/publication_artifacts/corrected_f6_wide_margin_roster/through_2025_v1/checkpoints/margin_linear_bayesian.pkl,7759917ee1e83a0c43f22c30a6c5da1d330622d9311500c8fb970aa7e7da1b58,F6,13,13,12.507781086285823,0.709593980039443,South Carolina,0.4191879600788859,2026-09-03T12:59:40.374112+00:00
401858433,2026,1,2026-09-05T19:30:00.000Z,Oregon,Boise State,False,False,regular,2026,1,401858433,margin_linear_bayesian,linear,margin,/groups/bsavoie2/tburton2/TDNet/publication_artifacts/corrected_f6_wide_margin_roster/through_2025_v1/checkpoints/margin_linear_bayesian.pkl,7759917ee1e83a0c43f22c30a6c5da1d330622d9311500c8fb970aa7e7da1b58,F6,13,13,13.342678588076145,0.7217278366365276,Oregon,0.44345567327305524,2026-09-03T12:59:40.374112+00:00
401856636,2026,1,2026-09-05T19:30:00.000Z,Auburn,Baylor,True,False,regular,2026,1,401856636,margin_linear_bayesian,linear,margin,/groups/bsavoie2/tburton2/TDNet/publication_artifacts/corrected_f6_wide_margin_roster/through_2025_v1/checkpoints/margin_linear_bayesian.pkl,7759917ee1e83a0c43f22c30a6c5da1d330622d9311500c8fb970aa7e7da1b58,F6,13,13,7.094673897994963,0.6240472043042287,Auburn,0.24809440860845733,2026-09-03T12:59:40.374112+00:00
401856667,2026,1,2026-09-05T19:30:00.000Z,Texas,Texas State,False,False,regular,2026,1,401856667,margin_linear_bayesian,linear,margin,/groups/bsavoie2/tburton2/TDNet/publication_artifacts/corrected_f6_wide_margin_roster/through_2025_v1/checkpoints/margin_linear_bayesian.pkl,7759917ee1e83a0c43f22c30a6c5da1d330622d9311500c8fb970aa7e7da1b58,F6,13,13,2.425442607708664,0.5432034695649105,Texas,0.086406939129821,2026-09-03T12:59:40.374112+00:00
401858434,2026,1,2026-09-05T19:30:00.000Z,Penn State,Marshall,False,False,regular,2026,1,401858434,margin_linear_bayesian,linear,margin,/groups/bsavoie2/tburton2/TDNet/publication_artifacts/corrected_f6_wide_margin_roster/through_2025_v1/checkpoints/margin_linear_bayesian.pkl,7759917ee1e83a0c43f22c30a6c5da1d330622d9311500c8fb970aa7e7da1b58,F6,13,13,6.262968811264034,0.6100101575796834,Penn State,0.2200203151593667,2026-09-03T12:59:40.374112+00:00
401858209,2026,1,2026-09-05T19:30:00.000Z,Duke,Tulane,False,False,regular,2026,1,401858209,margin_linear_bayesian,linear,margin,/groups/bsavoie2/tburton2/TDNet/publication_artifacts/corrected_f6_wide_margin_roster/through_2025_v1/checkpoints/margin_linear_bayesian.pkl,7759917ee1e83a0c43f22c30a6c5da1d330622d9311500c8fb970aa7e7da1b58,F6,13,13,6.043710977722861,0.6062780217254842,Duke,0.21255604345096835,2026-09-03T12:59:40.374112+00:00
401856777,2026,1,2026-09-05T19:30:00.000Z,Cincinnati,Boston College,False,False,regular,2026,1,401856777,margin_linear_bayesian,linear,margin,/groups/bsavoie2/tburton2/TDNet/publication_artifacts/corrected_f6_wide_margin_roster/through_2025_v1/checkpoints/margin_linear_bayesian.pkl,7759917ee1e83a0c43f22c30a6c5da1d330622d9311500c8fb970aa7e7da1b58,F6,13,13,4.803989823490969,0.584953581454341,Cincinnati,0.1699071629086819,2026-09-03T12:59:40.374112+00:00
401856772,2026,1,2026-09-05T19:45:00.000Z,Tulsa,Oklahoma State,False,False,regular,2026,1,401856772,margin_linear_bayesian,linear,margin,/groups/bsavoie2/tburton2/TDNet/publication_artifacts/corrected_f6_wide_margin_roster/through_2025_v1/checkpoints/margin_linear_bayesian.pkl,7759917ee1e83a0c43f22c30a6c5da1d330622d9311500c8fb970aa7e7da1b58,F6,13,13,10.384549954241876,0.6773791942374392,Tulsa,0.3547583884748784,2026-09-03T12:59:40.374112+00:00
401858426,2026,1,2026-09-05T20:15:00.000Z,Iowa,Northern Illinois,False,False,regular,2026,1,401858426,margin_linear_bayesian,linear,margin,/groups/bsavoie2/tburton2/TDNet/publication_artifacts/corrected_f6_wide_margin_roster/through_2025_v1/checkpoints/margin_linear_bayesian.pkl,7759917ee1e83a0c43f22c30a6c5da1d330622d9311500c8fb970aa7e7da1b58,F6,13,13,13.155997675987717,0.7190419073138022,Iowa,0.4380838146276045,2026-09-03T12:59:40.374112+00:00
401860878,2026,1,2026-09-05T22:00:00.000Z,Colorado State,Wyoming,False,False,regular,2026,1,401860878,margin_linear_bayesian,linear,margin,/groups/bsavoie2/tburton2/TDNet/publication_artifacts/corrected_f6_wide_margin_roster/through_2025_v1/checkpoints/margin_linear_bayesian.pkl,7759917ee1e83a0c43f22c30a6c5da1d330622d9311500c8fb970aa7e7da1b58,F6,13,13,5.387823092260756,0.5950410056071839,Colorado State,0.19008201121436774,2026-09-03T12:59:40.374112+00:00
401856668,2026,1,2026-09-05T23:00:00.000Z,Texas A&M,Missouri State,False,False,regular,2026,1,401856668,margin_linear_bayesian,linear,margin,/groups/bsavoie2/tburton2/TDNet/publication_artifacts/corrected_f6_wide_margin_roster/through_2025_v1/checkpoints/margin_linear_bayesian.pkl,7759917ee1e83a0c43f22c30a6c5da1d330622d9311500c8fb970aa7e7da1b58,F6,13,13,9.730963831713389,0.6670935663783853,Texas A&M,0.3341871327567707,2026-09-03T12:59:40.374112+00:00
401862695,2026,1,2026-09-05T23:00:00.000Z,Memphis,Arkansas State,False,False,regular,2026,1,401862695,margin_linear_bayesian,linear,margin,/groups/bsavoie2/tburton2/TDNet/publication_artifacts/corrected_f6_wide_margin_roster/through_2025_v1/checkpoints/margin_linear_bayesian.pkl,7759917ee1e83a0c43f22c30a6c5da1d330622d9311500c8fb970aa7e7da1b58,F6,13,13,10.720494536932403,0.6826007326044664,Memphis,0.3652014652089328,2026-09-03T12:59:40.374112+00:00
401870763,2026,1,2026-09-05T23:00:00.000Z,Troy,Sam Houston,False,False,regular,2026,1,401870763,margin_linear_bayesian,linear,margin,/groups/bsavoie2/tburton2/TDNet/publication_artifacts/corrected_f6_wide_margin_roster/through_2025_v1/checkpoints/margin_linear_bayesian.pkl,7759917ee1e83a0c43f22c30a6c5da1d330622d9311500c8fb970aa7e7da1b58,F6,13,13,12.953222023891998,0.7161065840593523,Troy,0.4322131681187047,2026-09-03T12:59:40.374112+00:00
401862699,2026,1,2026-09-05T23:00:00.000Z,South Florida,Florida International,False,False,regular,2026,1,401862699,margin_linear_bayesian,linear,margin,/groups/bsavoie2/tburton2/TDNet/publication_artifacts/corrected_f6_wide_margin_roster/through_2025_v1/checkpoints/margin_linear_bayesian.pkl,7759917ee1e83a0c43f22c30a6c5da1d330622d9311500c8fb970aa7e7da1b58,F6,13,13,10.306647125373814,0.6761619515713804,South Florida,0.35232390314276074,2026-09-03T12:59:40.374112+00:00
401858428,2026,1,2026-09-05T23:30:00.000Z,Michigan,Western Michigan,False,False,regular,2026,1,401858428,margin_linear_bayesian,linear,margin,/groups/bsavoie2/tburton2/TDNet/publication_artifacts/corrected_f6_wide_margin_roster/through_2025_v1/checkpoints/margin_linear_bayesian.pkl,7759917ee1e83a0c43f22c30a6c5da1d330622d9311500c8fb970aa7e7da1b58,F6,13,13,6.362935890209768,0.6117075273701005,Michigan,0.22341505474020096,2026-09-03T12:59:40.374112+00:00
401856662,2026,1,2026-09-05T23:30:00.000Z,Mississippi State,UL Monroe,False,False,regular,2026,1,401856662,margin_linear_bayesian,linear,margin,/groups/bsavoie2/tburton2/TDNet/publication_artifacts/corrected_f6_wide_margin_roster/through_2025_v1/checkpoints/margin_linear_bayesian.pkl,7759917ee1e83a0c43f22c30a6c5da1d330622d9311500c8fb970aa7e7da1b58,F6,13,13,14.355008452829281,0.7360149088795854,Mississippi State,0.47202981775917086,2026-09-03T12:59:40.374112+00:00
401856660,2026,1,2026-09-05T23:30:00.000Z,LSU,Clemson,False,False,regular,2026,1,401856660,margin_linear_bayesian,linear,margin,/groups/bsavoie2/tburton2/TDNet/publication_artifacts/corrected_f6_wide_margin_roster/through_2025_v1/checkpoints/margin_linear_bayesian.pkl,7759917ee1e83a0c43f22c30a6c5da1d330622d9311500c8fb970aa7e7da1b58,F6,13,13,2.0355833670027534,0.5362857995485023,LSU,0.07257159909700461,2026-09-03T12:59:40.374112+00:00
401864498,2026,1,2026-09-06T02:00:00.000Z,New Mexico,Central Michigan,False,False,regular,2026,1,401864498,margin_linear_bayesian,linear,margin,/groups/bsavoie2/tburton2/TDNet/publication_artifacts/corrected_f6_wide_margin_roster/through_2025_v1/checkpoints/margin_linear_bayesian.pkl,7759917ee1e83a0c43f22c30a6c5da1d330622d9311500c8fb970aa7e7da1b58,F6,13,13,5.406901614667385,0.5953693414785475,New Mexico,0.19073868295709495,2026-09-03T12:59:40.374112+00:00
401864497,2026,1,2026-09-06T02:00:00.000Z,Hawai'i,UNLV,False,True,regular,2026,1,401864497,margin_linear_bayesian,linear,margin,/groups/bsavoie2/tburton2/TDNet/publication_artifacts/corrected_f6_wide_margin_roster/through_2025_v1/checkpoints/margin_linear_bayesian.pkl,7759917ee1e83a0c43f22c30a6c5da1d330622d9311500c8fb970aa7e7da1b58,F6,13,13,-10.45357776718362,0.3215442419810909,UNLV,0.35691151603781823,2026-09-03T12:59:40.374112+00:00
401864432,2026,1,2026-09-06T02:30:00.000Z,Nevada,Western Kentucky,False,False,regular,2026,1,401864432,margin_linear_bayesian,linear,margin,/groups/bsavoie2/tburton2/TDNet/publication_artifacts/corrected_f6_wide_margin_roster/through_2025_v1/checkpoints/margin_linear_bayesian.pkl,7759917ee1e83a0c43f22c30a6c5da1d330622d9311500c8fb970aa7e7da1b58,F6,13,13,-3.31606973517726,0.44105977524542095,Western Kentucky,0.1178804495091581,2026-09-03T12:59:40.374112+00:00
401858210,2026,1,2026-09-06T02:30:00.000Z,California,UCLA,False,False,regular,2026,1,401858210,margin_linear_bayesian,linear,margin,/groups/bsavoie2/tburton2/TDNet/publication_artifacts/corrected_f6_wide_margin_roster/through_2025_v1/checkpoints/margin_linear_bayesian.pkl,7759917ee1e83a0c43f22c30a6c5da1d330622d9311500c8fb970aa7e7da1b58,F6,13,13,4.120375549997544,0.5730515846117503,California,0.14610316922350064,2026-09-03T12:59:40.374112+00:00
401858437,2026,1,2026-09-06T20:00:00.000Z,Washington,Washington State,False,False,regular,2026,1,401858437,margin_linear_bayesian,linear,margin,/groups/bsavoie2/tburton2/TDNet/publication_artifacts/corrected_f6_wide_margin_roster/through_2025_v1/checkpoints/margin_linear_bayesian.pkl,7759917ee1e83a0c43f22c30a6c5da1d330622d9311500c8fb970aa7e7da1b58,F6,13,13,10.033819464428829,0.671880227578456,Washington,0.343760455156912,2026-09-03T12:59:40.374112+00:00
401856661,2026,1,2026-09-06T23:30:00.000Z,Ole Miss,Louisville,True,False,regular,2026,1,401856661,margin_linear_bayesian,linear,margin,/groups/bsavoie2/tburton2/TDNet/publication_artifacts/corrected_f6_wide_margin_roster/through_2025_v1/checkpoints/margin_linear_bayesian.pkl,7759917ee1e83a0c43f22c30a6c5da1d330622d9311500c8fb970aa7e7da1b58,F6,13,13,7.992888779878765,0.6389755779062375,Ole Miss,0.277951155812475,2026-09-03T12:59:40.374112+00:00
401858438,2026,1,2026-09-06T23:30:00.000Z,Notre Dame,Wisconsin,True,False,regular,2026,1,401858438,margin_linear_bayesian,linear,margin,/groups/bsavoie2/tburton2/TDNet/publication_artifacts/corrected_f6_wide_margin_roster/through_2025_v1/checkpoints/margin_linear_bayesian.pkl,7759917ee1e83a0c43f22c30a6c5da1d330622d9311500c8fb970aa7e7da1b58,F6,13,13,19.162111041392553,0.7971736300928826,Notre Dame,0.5943472601857651,2026-09-03T12:59:40.374112+00:00
401858212,2026,1,2026-09-07T23:30:00.000Z,Florida State,SMU,False,True,regular,2026,1,401858212,margin_linear_bayesian,linear,margin,/groups/bsavoie2/tburton2/TDNet/publication_artifacts/corrected_f6_wide_margin_roster/through_2025_v1/checkpoints/margin_linear_bayesian.pkl,7759917ee1e83a0c43f22c30a6c5da1d330622d9311500c8fb970aa7e7da1b58,F6,13,13,2.8124104005733677,0.5500534004498152,Florida State,0.10010680089963042,2026-09-03T12:59:40.374112+00:00
401858423,2026,1,2026-09-03T22:00:00.000Z,Rutgers,Massachusetts,False,False,regular,2026,1,401858423,margin_linear_elastic_net,linear,margin,/groups/bsavoie2/tburton2/TDNet/publication_artifacts/corrected_f6_wide_margin_roster/through_2025_v1/checkpoints/margin_linear_elastic_net.pkl,f86b07645268395106902b3bf4e4b5cc00414911b74f7e7e20d5188da19f342e,F6,14,14,19.631835729393426,0.8025444870039287,Rutgers,0.6050889740078573,2026-09-03T12:59:40.374112+00:00
401858204,2026,1,2026-09-03T23:00:00.000Z,Wake Forest,Akron,False,False,regular,2026,1,401858204,margin_linear_elastic_net,linear,margin,/groups/bsavoie2/tburton2/TDNet/publication_artifacts/corrected_f6_wide_margin_roster/through_2025_v1/checkpoints/margin_linear_elastic_net.pkl,f86b07645268395106902b3bf4e4b5cc00414911b74f7e7e20d5188da19f342e,F6,14,14,6.5022904225954266,0.6140691453272572,Wake Forest,0.2281382906545144,2026-09-03T12:59:40.374112+00:00
401856776,2026,1,2026-09-04T00:00:00.000Z,Georgia Tech,Colorado,False,False,regular,2026,1,401856776,margin_linear_elastic_net,linear,margin,/groups/bsavoie2/tburton2/TDNet/publication_artifacts/corrected_f6_wide_margin_roster/through_2025_v1/checkpoints/margin_linear_elastic_net.pkl,f86b07645268395106902b3bf4e4b5cc00414911b74f7e7e20d5188da19f342e,F6,14,14,10.476202958811982,0.6788082109878628,Georgia Tech,0.35761642197572563,2026-09-03T12:59:40.374112+00:00
401858424,2026,1,2026-09-04T01:00:00.000Z,Illinois,UAB,False,False,regular,2026,1,401858424,margin_linear_elastic_net,linear,margin,/groups/bsavoie2/tburton2/TDNet/publication_artifacts/corrected_f6_wide_margin_roster/through_2025_v1/checkpoints/margin_linear_elastic_net.pkl,f86b07645268395106902b3bf4e4b5cc00414911b74f7e7e20d5188da19f342e,F6,14,14,9.214444793828202,0.6588502248567186,Illinois,0.31770044971343725,2026-09-03T12:59:40.374112+00:00
401864495,2026,1,2026-09-04T22:30:00.000Z,Eastern Michigan,San José State,False,False,regular,2026,1,401864495,margin_linear_elastic_net,linear,margin,/groups/bsavoie2/tburton2/TDNet/publication_artifacts/corrected_f6_wide_margin_roster/through_2025_v1/checkpoints/margin_linear_elastic_net.pkl,f86b07645268395106902b3bf4e4b5cc00414911b74f7e7e20d5188da19f342e,F6,14,14,9.396609967775033,0.6617687689680586,Eastern Michigan,0.32353753793611717,2026-09-03T12:59:40.374112+00:00
401856664,2026,1,2026-09-05T00:00:00.000Z,Oklahoma,UTEP,False,False,regular,2026,1,401856664,margin_linear_elastic_net,linear,margin,/groups/bsavoie2/tburton2/TDNet/publication_artifacts/corrected_f6_wide_margin_roster/through_2025_v1/checkpoints/margin_linear_elastic_net.pkl,f86b07645268395106902b3bf4e4b5cc00414911b74f7e7e20d5188da19f342e,F6,14,14,14.291743585925124,0.7351359606993823,Oklahoma,0.4702719213987645,2026-09-03T12:59:40.374112+00:00
401858429,2026,1,2026-09-05T00:00:00.000Z,Michigan State,Toledo,False,False,regular,2026,1,401858429,margin_linear_elastic_net,linear,margin,/groups/bsavoie2/tburton2/TDNet/publication_artifacts/corrected_f6_wide_margin_roster/through_2025_v1/checkpoints/margin_linear_elastic_net.pkl,f86b07645268395106902b3bf4e4b5cc00414911b74f7e7e20d5188da19f342e,F6,14,14,-5.791184353332226,0.39803579973068676,Toledo,0.2039284005386265,2026-09-03T12:59:40.374112+00:00
401858436,2026,1,2026-09-05T01:00:00.000Z,USC,Fresno State,False,False,regular,2026,1,401858436,margin_linear_elastic_net,linear,margin,/groups/bsavoie2/tburton2/TDNet/publication_artifacts/corrected_f6_wide_margin_roster/through_2025_v1/checkpoints/margin_linear_elastic_net.pkl,f86b07645268395106902b3bf4e4b5cc00414911b74f7e7e20d5188da19f342e,F6,14,14,11.154259709506487,0.6892751697270844,USC,0.3785503394541687,2026-09-03T12:59:40.374112+00:00
401858206,2026,1,2026-09-05T01:00:00.000Z,Stanford,Miami,False,True,regular,2026,1,401858206,margin_linear_elastic_net,linear,margin,/groups/bsavoie2/tburton2/TDNet/publication_artifacts/corrected_f6_wide_margin_roster/through_2025_v1/checkpoints/margin_linear_elastic_net.pkl,f86b07645268395106902b3bf4e4b5cc00414911b74f7e7e20d5188da19f342e,F6,14,14,-4.80270217672198,0.4150687486203058,Miami,0.1698625027593884,2026-09-03T12:59:40.374112+00:00
401856637,2026,1,2026-09-05T23:45:00.000Z,Florida,Florida Atlantic,False,False,regular,2026,1,401856637,margin_linear_elastic_net,linear,margin,/groups/bsavoie2/tburton2/TDNet/publication_artifacts/corrected_f6_wide_margin_roster/through_2025_v1/checkpoints/margin_linear_elastic_net.pkl,f86b07645268395106902b3bf4e4b5cc00414911b74f7e7e20d5188da19f342e,F6,14,14,8.335977883847676,0.644609378475053,Florida,0.2892187569501059,2026-09-03T12:59:40.374112+00:00
401858430,2026,1,2026-09-05T16:00:00.000Z,Nebraska,Ohio,False,False,regular,2026,1,401858430,margin_linear_elastic_net,linear,margin,/groups/bsavoie2/tburton2/TDNet/publication_artifacts/corrected_f6_wide_margin_roster/through_2025_v1/checkpoints/margin_linear_elastic_net.pkl,f86b07645268395106902b3bf4e4b5cc00414911b74f7e7e20d5188da19f342e,F6,14,14,5.969831861544229,0.605017652566153,Nebraska,0.21003530513230606,2026-09-03T12:59:40.374112+00:00
401856780,2026,1,2026-09-05T16:00:00.000Z,West Virginia,Coastal Carolina,False,False,regular,2026,1,401856780,margin_linear_elastic_net,linear,margin,/groups/bsavoie2/tburton2/TDNet/publication_artifacts/corrected_f6_wide_margin_roster/through_2025_v1/checkpoints/margin_linear_elastic_net.pkl,f86b07645268395106902b3bf4e4b5cc00414911b74f7e7e20d5188da19f342e,F6,14,14,7.715637743252211,0.6343947004449365,West Virginia,0.268789400889873,2026-09-03T12:59:40.374112+00:00
401856634,2026,1,2026-09-05T16:00:00.000Z,Alabama,East Carolina,False,False,regular,2026,1,401856634,margin_linear_elastic_net,linear,margin,/groups/bsavoie2/tburton2/TDNet/publication_artifacts/corrected_f6_wide_margin_roster/through_2025_v1/checkpoints/margin_linear_elastic_net.pkl,f86b07645268395106902b3bf4e4b5cc00414911b74f7e7e20d5188da19f342e,F6,14,14,0.9564411748459651,0.5170726670189995,Alabama,0.03414533403799891,2026-09-03T12:59:40.374112+00:00
401856778,2026,1,2026-09-05T16:00:00.000Z,Houston,Oregon State,False,False,regular,2026,1,401856778,margin_linear_elastic_net,linear,margin,/groups/bsavoie2/tburton2/TDNet/publication_artifacts/corrected_f6_wide_margin_roster/through_2025_v1/checkpoints/margin_linear_elastic_net.pkl,f86b07645268395106902b3bf4e4b5cc00414911b74f7e7e20d5188da19f342e,F6,14,14,10.907898667566872,0.685493790173569,Houston,0.3709875803471381,2026-09-03T12:59:40.374112+00:00
401858425,2026,1,2026-09-05T16:00:00.000Z,Indiana,North Texas,False,False,regular,2026,1,401858425,margin_linear_elastic_net,linear,margin,/groups/bsavoie2/tburton2/TDNet/publication_artifacts/corrected_f6_wide_margin_roster/through_2025_v1/checkpoints/margin_linear_elastic_net.pkl,f86b07645268395106902b3bf4e4b5cc00414911b74f7e7e20d5188da19f342e,F6,14,14,9.268328321504548,0.6597147821849952,Indiana,0.3194295643699905,2026-09-03T12:59:40.374112+00:00
401869960,2026,1,2026-09-05T16:00:00.000Z,James Madison,Liberty,False,False,regular,2026,1,401869960,margin_linear_elastic_net,linear,margin,/groups/bsavoie2/tburton2/TDNet/publication_artifacts/corrected_f6_wide_margin_roster/through_2025_v1/checkpoints/margin_linear_elastic_net.pkl,f86b07645268395106902b3bf4e4b5cc00414911b74f7e7e20d5188da19f342e,F6,14,14,7.0942798083909535,0.62404060011939,James Madison,0.24808120023878,2026-09-03T12:59:40.374112+00:00
401858207,2026,1,2026-09-05T16:30:00.000Z,Pittsburgh,Miami (OH),False,False,regular,2026,1,401858207,margin_linear_elastic_net,linear,margin,/groups/bsavoie2/tburton2/TDNet/publication_artifacts/corrected_f6_wide_margin_roster/through_2025_v1/checkpoints/margin_linear_elastic_net.pkl,f86b07645268395106902b3bf4e4b5cc00414911b74f7e7e20d5188da19f342e,F6,14,14,7.369600684204922,0.6286430898658686,Pittsburgh,0.2572861797317372,2026-09-03T12:59:40.374112+00:00
401858432,2026,1,2026-09-05T16:30:00.000Z,Ohio State,Ball State,False,False,regular,2026,1,401858432,margin_linear_elastic_net,linear,margin,/groups/bsavoie2/tburton2/TDNet/publication_artifacts/corrected_f6_wide_margin_roster/through_2025_v1/checkpoints/margin_linear_elastic_net.pkl,f86b07645268395106902b3bf4e4b5cc00414911b74f7e7e20d5188da19f342e,F6,14,14,27.324934128999118,0.875640712913625,Ohio State,0.75128142582725,2026-09-03T12:59:40.374112+00:00
401856665,2026,1,2026-09-05T16:45:00.000Z,South Carolina,Kent State,False,False,regular,2026,1,401856665,margin_linear_elastic_net,linear,margin,/groups/bsavoie2/tburton2/TDNet/publication_artifacts/corrected_f6_wide_margin_roster/through_2025_v1/checkpoints/margin_linear_elastic_net.pkl,f86b07645268395106902b3bf4e4b5cc00414911b74f7e7e20d5188da19f342e,F6,14,14,12.474852001150184,0.7091090477329802,South Carolina,0.41821809546596045,2026-09-03T12:59:40.374112+00:00
401858433,2026,1,2026-09-05T19:30:00.000Z,Oregon,Boise State,False,False,regular,2026,1,401858433,margin_linear_elastic_net,linear,margin,/groups/bsavoie2/tburton2/TDNet/publication_artifacts/corrected_f6_wide_margin_roster/through_2025_v1/checkpoints/margin_linear_elastic_net.pkl,f86b07645268395106902b3bf4e4b5cc00414911b74f7e7e20d5188da19f342e,F6,14,14,13.574432779508944,0.7250402288993635,Oregon,0.45008045779872696,2026-09-03T12:59:40.374112+00:00
401856636,2026,1,2026-09-05T19:30:00.000Z,Auburn,Baylor,True,False,regular,2026,1,401856636,margin_linear_elastic_net,linear,margin,/groups/bsavoie2/tburton2/TDNet/publication_artifacts/corrected_f6_wide_margin_roster/through_2025_v1/checkpoints/margin_linear_elastic_net.pkl,f86b07645268395106902b3bf4e4b5cc00414911b74f7e7e20d5188da19f342e,F6,14,14,6.599941919945982,0.6157208427183735,Auburn,0.23144168543674692,2026-09-03T12:59:40.374112+00:00
401856667,2026,1,2026-09-05T19:30:00.000Z,Texas,Texas State,False,False,regular,2026,1,401856667,margin_linear_elastic_net,linear,margin,/groups/bsavoie2/tburton2/TDNet/publication_artifacts/corrected_f6_wide_margin_roster/through_2025_v1/checkpoints/margin_linear_elastic_net.pkl,f86b07645268395106902b3bf4e4b5cc00414911b74f7e7e20d5188da19f342e,F6,14,14,2.2441104086403163,0.5399878160907272,Texas,0.07997563218145443,2026-09-03T12:59:40.374112+00:00
401858434,2026,1,2026-09-05T19:30:00.000Z,Penn State,Marshall,False,False,regular,2026,1,401858434,margin_linear_elastic_net,linear,margin,/groups/bsavoie2/tburton2/TDNet/publication_artifacts/corrected_f6_wide_margin_roster/through_2025_v1/checkpoints/margin_linear_elastic_net.pkl,f86b07645268395106902b3bf4e4b5cc00414911b74f7e7e20d5188da19f342e,F6,14,14,5.3998208024533785,0.5952474926850189,Penn State,0.19049498537003773,2026-09-03T12:59:40.374112+00:00
401858209,2026,1,2026-09-05T19:30:00.000Z,Duke,Tulane,False,False,regular,2026,1,401858209,margin_linear_elastic_net,linear,margin,/groups/bsavoie2/tburton2/TDNet/publication_artifacts/corrected_f6_wide_margin_roster/through_2025_v1/checkpoints/margin_linear_elastic_net.pkl,f86b07645268395106902b3bf4e4b5cc00414911b74f7e7e20d5188da19f342e,F6,14,14,5.9566100255905665,0.6047919416804638,Duke,0.2095838833609276,2026-09-03T12:59:40.374112+00:00
401856777,2026,1,2026-09-05T19:30:00.000Z,Cincinnati,Boston College,False,False,regular,2026,1,401856777,margin_linear_elastic_net,linear,margin,/groups/bsavoie2/tburton2/TDNet/publication_artifacts/corrected_f6_wide_margin_roster/through_2025_v1/checkpoints/margin_linear_elastic_net.pkl,f86b07645268395106902b3bf4e4b5cc00414911b74f7e7e20d5188da19f342e,F6,14,14,4.764573489775374,0.5842698747055891,Cincinnati,0.16853974941117822,2026-09-03T12:59:40.374112+00:00
401856772,2026,1,2026-09-05T19:45:00.000Z,Tulsa,Oklahoma State,False,False,regular,2026,1,401856772,margin_linear_elastic_net,linear,margin,/groups/bsavoie2/tburton2/TDNet/publication_artifacts/corrected_f6_wide_margin_roster/through_2025_v1/checkpoints/margin_linear_elastic_net.pkl,f86b07645268395106902b3bf4e4b5cc00414911b74f7e7e20d5188da19f342e,F6,14,14,10.275314265642367,0.6756716969692501,Tulsa,0.3513433939385002,2026-09-03T12:59:40.374112+00:00
401858426,2026,1,2026-09-05T20:15:00.000Z,Iowa,Northern Illinois,False,False,regular,2026,1,401858426,margin_linear_elastic_net,linear,margin,/groups/bsavoie2/tburton2/TDNet/publication_artifacts/corrected_f6_wide_margin_roster/through_2025_v1/checkpoints/margin_linear_elastic_net.pkl,f86b07645268395106902b3bf4e4b5cc00414911b74f7e7e20d5188da19f342e,F6,14,14,13.225745368697336,0.7200472705281381,Iowa,0.4400945410562762,2026-09-03T12:59:40.374112+00:00
401860878,2026,1,2026-09-05T22:00:00.000Z,Colorado State,Wyoming,False,False,regular,2026,1,401860878,margin_linear_elastic_net,linear,margin,/groups/bsavoie2/tburton2/TDNet/publication_artifacts/corrected_f6_wide_margin_roster/through_2025_v1/checkpoints/margin_linear_elastic_net.pkl,f86b07645268395106902b3bf4e4b5cc00414911b74f7e7e20d5188da19f342e,F6,14,14,6.002012412016611,0.6055668217395768,Colorado State,0.21113364347915353,2026-09-03T12:59:40.374112+00:00
401856668,2026,1,2026-09-05T23:00:00.000Z,Texas A&M,Missouri State,False,False,regular,2026,1,401856668,margin_linear_elastic_net,linear,margin,/groups/bsavoie2/tburton2/TDNet/publication_artifacts/corrected_f6_wide_margin_roster/through_2025_v1/checkpoints/margin_linear_elastic_net.pkl,f86b07645268395106902b3bf4e4b5cc00414911b74f7e7e20d5188da19f342e,F6,14,14,10.275614045546465,0.6756763893519395,Texas A&M,0.35135277870387904,2026-09-03T12:59:40.374112+00:00
401862695,2026,1,2026-09-05T23:00:00.000Z,Memphis,Arkansas State,False,False,regular,2026,1,401862695,margin_linear_elastic_net,linear,margin,/groups/bsavoie2/tburton2/TDNet/publication_artifacts/corrected_f6_wide_margin_roster/through_2025_v1/checkpoints/margin_linear_elastic_net.pkl,f86b07645268395106902b3bf4e4b5cc00414911b74f7e7e20d5188da19f342e,F6,14,14,12.586866596003222,0.7107566845850528,Memphis,0.4215133691701056,2026-09-03T12:59:40.374112+00:00
401870763,2026,1,2026-09-05T23:00:00.000Z,Troy,Sam Houston,False,False,regular,2026,1,401870763,margin_linear_elastic_net,linear,margin,/groups/bsavoie2/tburton2/TDNet/publication_artifacts/corrected_f6_wide_margin_roster/through_2025_v1/checkpoints/margin_linear_elastic_net.pkl,f86b07645268395106902b3bf4e4b5cc00414911b74f7e7e20d5188da19f342e,F6,14,14,12.566867257975568,0.7104629178826064,Troy,0.4209258357652128,2026-09-03T12:59:40.374112+00:00
401862699,2026,1,2026-09-05T23:00:00.000Z,South Florida,Florida International,False,False,regular,2026,1,401862699,margin_linear_elastic_net,linear,margin,/groups/bsavoie2/tburton2/TDNet/publication_artifacts/corrected_f6_wide_margin_roster/through_2025_v1/checkpoints/margin_linear_elastic_net.pkl,f86b07645268395106902b3bf4e4b5cc00414911b74f7e7e20d5188da19f342e,F6,14,14,10.447861025143824,0.6783666709906871,South Florida,0.3567333419813743,2026-09-03T12:59:40.374112+00:00
401858428,2026,1,2026-09-05T23:30:00.000Z,Michigan,Western Michigan,False,False,regular,2026,1,401858428,margin_linear_elastic_net,linear,margin,/groups/bsavoie2/tburton2/TDNet/publication_artifacts/corrected_f6_wide_margin_roster/through_2025_v1/checkpoints/margin_linear_elastic_net.pkl,f86b07645268395106902b3bf4e4b5cc00414911b74f7e7e20d5188da19f342e,F6,14,14,5.937379094884179,0.6044635693873257,Michigan,0.2089271387746514,2026-09-03T12:59:40.374112+00:00
401856662,2026,1,2026-09-05T23:30:00.000Z,Mississippi State,UL Monroe,False,False,regular,2026,1,401856662,margin_linear_elastic_net,linear,margin,/groups/bsavoie2/tburton2/TDNet/publication_artifacts/corrected_f6_wide_margin_roster/through_2025_v1/checkpoints/margin_linear_elastic_net.pkl,f86b07645268395106902b3bf4e4b5cc00414911b74f7e7e20d5188da19f342e,F6,14,14,14.006630105186417,0.7311516797120345,Mississippi State,0.4623033594240691,2026-09-03T12:59:40.374112+00:00
401856660,2026,1,2026-09-05T23:30:00.000Z,LSU,Clemson,False,False,regular,2026,1,401856660,margin_linear_elastic_net,linear,margin,/groups/bsavoie2/tburton2/TDNet/publication_artifacts/corrected_f6_wide_margin_roster/through_2025_v1/checkpoints/margin_linear_elastic_net.pkl,f86b07645268395106902b3bf4e4b5cc00414911b74f7e7e20d5188da19f342e,F6,14,14,1.7839457472846307,0.531813139732928,LSU,0.06362627946585597,2026-09-03T12:59:40.374112+00:00
401864498,2026,1,2026-09-06T02:00:00.000Z,New Mexico,Central Michigan,False,False,regular,2026,1,401864498,margin_linear_elastic_net,linear,margin,/groups/bsavoie2/tburton2/TDNet/publication_artifacts/corrected_f6_wide_margin_roster/through_2025_v1/checkpoints/margin_linear_elastic_net.pkl,f86b07645268395106902b3bf4e4b5cc00414911b74f7e7e20d5188da19f342e,F6,14,14,5.074086709645376,0.5896296939631012,New Mexico,0.17925938792620233,2026-09-03T12:59:40.374112+00:00
401864497,2026,1,2026-09-06T02:00:00.000Z,Hawai'i,UNLV,False,True,regular,2026,1,401864497,margin_linear_elastic_net,linear,margin,/groups/bsavoie2/tburton2/TDNet/publication_artifacts/corrected_f6_wide_margin_roster/through_2025_v1/checkpoints/margin_linear_elastic_net.pkl,f86b07645268395106902b3bf4e4b5cc00414911b74f7e7e20d5188da19f342e,F6,14,14,-9.941654163580875,0.3295727328822987,UNLV,0.3408545342354026,2026-09-03T12:59:40.374112+00:00
401864432,2026,1,2026-09-06T02:30:00.000Z,Nevada,Western Kentucky,False,False,regular,2026,1,401864432,margin_linear_elastic_net,linear,margin,/groups/bsavoie2/tburton2/TDNet/publication_artifacts/corrected_f6_wide_margin_roster/through_2025_v1/checkpoints/margin_linear_elastic_net.pkl,f86b07645268395106902b3bf4e4b5cc00414911b74f7e7e20d5188da19f342e,F6,14,14,-4.073248788918643,0.4277722026636543,Western Kentucky,0.14445559467269142,2026-09-03T12:59:40.374112+00:00
401858210,2026,1,2026-09-06T02:30:00.000Z,California,UCLA,False,False,regular,2026,1,401858210,margin_linear_elastic_net,linear,margin,/groups/bsavoie2/tburton2/TDNet/publication_artifacts/corrected_f6_wide_margin_roster/through_2025_v1/checkpoints/margin_linear_elastic_net.pkl,f86b07645268395106902b3bf4e4b5cc00414911b74f7e7e20d5188da19f342e,F6,14,14,3.852525719896275,0.5683642429949646,California,0.13672848598992915,2026-09-03T12:59:40.374112+00:00
401858437,2026,1,2026-09-06T20:00:00.000Z,Washington,Washington State,False,False,regular,2026,1,401858437,margin_linear_elastic_net,linear,margin,/groups/bsavoie2/tburton2/TDNet/publication_artifacts/corrected_f6_wide_margin_roster/through_2025_v1/checkpoints/margin_linear_elastic_net.pkl,f86b07645268395106902b3bf4e4b5cc00414911b74f7e7e20d5188da19f342e,F6,14,14,9.322255215817826,0.6605789717872406,Washington,0.32115794357448113,2026-09-03T12:59:40.374112+00:00
401856661,2026,1,2026-09-06T23:30:00.000Z,Ole Miss,Louisville,True,False,regular,2026,1,401856661,margin_linear_elastic_net,linear,margin,/groups/bsavoie2/tburton2/TDNet/publication_artifacts/corrected_f6_wide_margin_roster/through_2025_v1/checkpoints/margin_linear_elastic_net.pkl,f86b07645268395106902b3bf4e4b5cc00414911b74f7e7e20d5188da19f342e,F6,14,14,8.089007011216928,0.6405578555343926,Ole Miss,0.2811157110687852,2026-09-03T12:59:40.374112+00:00
401858438,2026,1,2026-09-06T23:30:00.000Z,Notre Dame,Wisconsin,True,False,regular,2026,1,401858438,margin_linear_elastic_net,linear,margin,/groups/bsavoie2/tburton2/TDNet/publication_artifacts/corrected_f6_wide_margin_roster/through_2025_v1/checkpoints/margin_linear_elastic_net.pkl,f86b07645268395106902b3bf4e4b5cc00414911b74f7e7e20d5188da19f342e,F6,14,14,18.342991597774578,0.7875489110062825,Notre Dame,0.5750978220125651,2026-09-03T12:59:40.374112+00:00
401858212,2026,1,2026-09-07T23:30:00.000Z,Florida State,SMU,False,True,regular,2026,1,401858212,margin_linear_elastic_net,linear,margin,/groups/bsavoie2/tburton2/TDNet/publication_artifacts/corrected_f6_wide_margin_roster/through_2025_v1/checkpoints/margin_linear_elastic_net.pkl,f86b07645268395106902b3bf4e4b5cc00414911b74f7e7e20d5188da19f342e,F6,14,14,3.0662282349214403,0.5545362495014866,Florida State,0.10907249900297322,2026-09-03T12:59:40.374112+00:00
401858423,2026,1,2026-09-03T22:00:00.000Z,Rutgers,Massachusetts,False,False,regular,2026,1,401858423,margin_linear_huber,linear,margin,/groups/bsavoie2/tburton2/TDNet/publication_artifacts/corrected_f6_wide_margin_roster/through_2025_v1/checkpoints/margin_linear_huber.pkl,f3ef324415da951d0bf4f40c5c369792c2025a6427a4ab36276f04bf1dff1d79,F6,15,15,22.13658801246917,0.829372257320205,Rutgers,0.6587445146404101,2026-09-03T12:59:40.374112+00:00
401858204,2026,1,2026-09-03T23:00:00.000Z,Wake Forest,Akron,False,False,regular,2026,1,401858204,margin_linear_huber,linear,margin,/groups/bsavoie2/tburton2/TDNet/publication_artifacts/corrected_f6_wide_margin_roster/through_2025_v1/checkpoints/margin_linear_huber.pkl,f3ef324415da951d0bf4f40c5c369792c2025a6427a4ab36276f04bf1dff1d79,F6,15,15,7.874165067066944,0.6370170047011688,Wake Forest,0.2740340094023377,2026-09-03T12:59:40.374112+00:00
401856776,2026,1,2026-09-04T00:00:00.000Z,Georgia Tech,Colorado,False,False,regular,2026,1,401856776,margin_linear_huber,linear,margin,/groups/bsavoie2/tburton2/TDNet/publication_artifacts/corrected_f6_wide_margin_roster/through_2025_v1/checkpoints/margin_linear_huber.pkl,f3ef324415da951d0bf4f40c5c369792c2025a6427a4ab36276f04bf1dff1d79,F6,15,15,10.340323249478576,0.6766884395592944,Georgia Tech,0.3533768791185887,2026-09-03T12:59:40.374112+00:00
401858424,2026,1,2026-09-04T01:00:00.000Z,Illinois,UAB,False,False,regular,2026,1,401858424,margin_linear_huber,linear,margin,/groups/bsavoie2/tburton2/TDNet/publication_artifacts/corrected_f6_wide_margin_roster/through_2025_v1/checkpoints/margin_linear_huber.pkl,f3ef324415da951d0bf4f40c5c369792c2025a6427a4ab36276f04bf1dff1d79,F6,15,15,10.19490503623143,0.6744117981784511,Illinois,0.3488235963569022,2026-09-03T12:59:40.374112+00:00
401864495,2026,1,2026-09-04T22:30:00.000Z,Eastern Michigan,San José State,False,False,regular,2026,1,401864495,margin_linear_huber,linear,margin,/groups/bsavoie2/tburton2/TDNet/publication_artifacts/corrected_f6_wide_margin_roster/through_2025_v1/checkpoints/margin_linear_huber.pkl,f3ef324415da951d0bf4f40c5c369792c2025a6427a4ab36276f04bf1dff1d79,F6,15,15,10.515236232576697,0.6794157885481558,Eastern Michigan,0.3588315770963115,2026-09-03T12:59:40.374112+00:00
401856664,2026,1,2026-09-05T00:00:00.000Z,Oklahoma,UTEP,False,False,regular,2026,1,401856664,margin_linear_huber,linear,margin,/groups/bsavoie2/tburton2/TDNet/publication_artifacts/corrected_f6_wide_margin_roster/through_2025_v1/checkpoints/margin_linear_huber.pkl,f3ef324415da951d0bf4f40c5c369792c2025a6427a4ab36276f04bf1dff1d79,F6,15,15,18.122957792333505,0.784907377918037,Oklahoma,0.569814755836074,2026-09-03T12:59:40.374112+00:00
401858429,2026,1,2026-09-05T00:00:00.000Z,Michigan State,Toledo,False,False,regular,2026,1,401858429,margin_linear_huber,linear,margin,/groups/bsavoie2/tburton2/TDNet/publication_artifacts/corrected_f6_wide_margin_roster/through_2025_v1/checkpoints/margin_linear_huber.pkl,f3ef324415da951d0bf4f40c5c369792c2025a6427a4ab36276f04bf1dff1d79,F6,15,15,-5.640504640219574,0.4006174191399459,Toledo,0.19876516172010816,2026-09-03T12:59:40.374112+00:00
401858436,2026,1,2026-09-05T01:00:00.000Z,USC,Fresno State,False,False,regular,2026,1,401858436,margin_linear_huber,linear,margin,/groups/bsavoie2/tburton2/TDNet/publication_artifacts/corrected_f6_wide_margin_roster/through_2025_v1/checkpoints/margin_linear_huber.pkl,f3ef324415da951d0bf4f40c5c369792c2025a6427a4ab36276f04bf1dff1d79,F6,15,15,12.477659856741797,0.7091504164219368,USC,0.41830083284387354,2026-09-03T12:59:40.374112+00:00
401858206,2026,1,2026-09-05T01:00:00.000Z,Stanford,Miami,False,True,regular,2026,1,401858206,margin_linear_huber,linear,margin,/groups/bsavoie2/tburton2/TDNet/publication_artifacts/corrected_f6_wide_margin_roster/through_2025_v1/checkpoints/margin_linear_huber.pkl,f3ef324415da951d0bf4f40c5c369792c2025a6427a4ab36276f04bf1dff1d79,F6,15,15,-4.358327712203427,0.4227952291693234,Miami,0.15440954166135323,2026-09-03T12:59:40.374112+00:00
401856637,2026,1,2026-09-05T23:45:00.000Z,Florida,Florida Atlantic,False,False,regular,2026,1,401856637,margin_linear_huber,linear,margin,/groups/bsavoie2/tburton2/TDNet/publication_artifacts/corrected_f6_wide_margin_roster/through_2025_v1/checkpoints/margin_linear_huber.pkl,f3ef324415da951d0bf4f40c5c369792c2025a6427a4ab36276f04bf1dff1d79,F6,15,15,11.23788607271445,0.6905530546387568,Florida,0.38110610927751365,2026-09-03T12:59:40.374112+00:00
401858430,2026,1,2026-09-05T16:00:00.000Z,Nebraska,Ohio,False,False,regular,2026,1,401858430,margin_linear_huber,linear,margin,/groups/bsavoie2/tburton2/TDNet/publication_artifacts/corrected_f6_wide_margin_roster/through_2025_v1/checkpoints/margin_linear_huber.pkl,f3ef324415da951d0bf4f40c5c369792c2025a6427a4ab36276f04bf1dff1d79,F6,15,15,6.61770659806204,0.6160210326811406,Nebraska,0.23204206536228122,2026-09-03T12:59:40.374112+00:00
401856780,2026,1,2026-09-05T16:00:00.000Z,West Virginia,Coastal Carolina,False,False,regular,2026,1,401856780,margin_linear_huber,linear,margin,/groups/bsavoie2/tburton2/TDNet/publication_artifacts/corrected_f6_wide_margin_roster/through_2025_v1/checkpoints/margin_linear_huber.pkl,f3ef324415da951d0bf4f40c5c369792c2025a6427a4ab36276f04bf1dff1d79,F6,15,15,8.638684104764508,0.6495470617140974,West Virginia,0.29909412342819475,2026-09-03T12:59:40.374112+00:00
401856634,2026,1,2026-09-05T16:00:00.000Z,Alabama,East Carolina,False,False,regular,2026,1,401856634,margin_linear_huber,linear,margin,/groups/bsavoie2/tburton2/TDNet/publication_artifacts/corrected_f6_wide_margin_roster/through_2025_v1/checkpoints/margin_linear_huber.pkl,f3ef324415da951d0bf4f40c5c369792c2025a6427a4ab36276f04bf1dff1d79,F6,15,15,2.4771260021904595,0.5441193495560523,Alabama,0.08823869911210469,2026-09-03T12:59:40.374112+00:00
401856778,2026,1,2026-09-05T16:00:00.000Z,Houston,Oregon State,False,False,regular,2026,1,401856778,margin_linear_huber,linear,margin,/groups/bsavoie2/tburton2/TDNet/publication_artifacts/corrected_f6_wide_margin_roster/through_2025_v1/checkpoints/margin_linear_huber.pkl,f3ef324415da951d0bf4f40c5c369792c2025a6427a4ab36276f04bf1dff1d79,F6,15,15,10.196649204164027,0.674439153677565,Houston,0.34887830735513004,2026-09-03T12:59:40.374112+00:00
401858425,2026,1,2026-09-05T16:00:00.000Z,Indiana,North Texas,False,False,regular,2026,1,401858425,margin_linear_huber,linear,margin,/groups/bsavoie2/tburton2/TDNet/publication_artifacts/corrected_f6_wide_margin_roster/through_2025_v1/checkpoints/margin_linear_huber.pkl,f3ef324415da951d0bf4f40c5c369792c2025a6427a4ab36276f04bf1dff1d79,F6,15,15,13.288226171406896,0.7209460171450937,Indiana,0.4418920342901873,2026-09-03T12:59:40.374112+00:00
401869960,2026,1,2026-09-05T16:00:00.000Z,James Madison,Liberty,False,False,regular,2026,1,401869960,margin_linear_huber,linear,margin,/groups/bsavoie2/tburton2/TDNet/publication_artifacts/corrected_f6_wide_margin_roster/through_2025_v1/checkpoints/margin_linear_huber.pkl,f3ef324415da951d0bf4f40c5c369792c2025a6427a4ab36276f04bf1dff1d79,F6,15,15,9.146699760810195,0.6577617602335808,James Madison,0.3155235204671616,2026-09-03T12:59:40.374112+00:00
401858207,2026,1,2026-09-05T16:30:00.000Z,Pittsburgh,Miami (OH),False,False,regular,2026,1,401858207,margin_linear_huber,linear,margin,/groups/bsavoie2/tburton2/TDNet/publication_artifacts/corrected_f6_wide_margin_roster/through_2025_v1/checkpoints/margin_linear_huber.pkl,f3ef324415da951d0bf4f40c5c369792c2025a6427a4ab36276f04bf1dff1d79,F6,15,15,8.455264251528526,0.6465588996470617,Pittsburgh,0.2931177992941234,2026-09-03T12:59:40.374112+00:00
401858432,2026,1,2026-09-05T16:30:00.000Z,Ohio State,Ball State,False,False,regular,2026,1,401858432,margin_linear_huber,linear,margin,/groups/bsavoie2/tburton2/TDNet/publication_artifacts/corrected_f6_wide_margin_roster/through_2025_v1/checkpoints/margin_linear_huber.pkl,f3ef324415da951d0bf4f40c5c369792c2025a6427a4ab36276f04bf1dff1d79,F6,15,15,31.031574769027735,0.9017251002000565,Ohio State,0.803450200400113,2026-09-03T12:59:40.374112+00:00
401856665,2026,1,2026-09-05T16:45:00.000Z,South Carolina,Kent State,False,False,regular,2026,1,401856665,margin_linear_huber,linear,margin,/groups/bsavoie2/tburton2/TDNet/publication_artifacts/corrected_f6_wide_margin_roster/through_2025_v1/checkpoints/margin_linear_huber.pkl,f3ef324415da951d0bf4f40c5c369792c2025a6427a4ab36276f04bf1dff1d79,F6,15,15,15.320494179083962,0.7491945228781145,South Carolina,0.498389045756229,2026-09-03T12:59:40.374112+00:00
401858433,2026,1,2026-09-05T19:30:00.000Z,Oregon,Boise State,False,False,regular,2026,1,401858433,margin_linear_huber,linear,margin,/groups/bsavoie2/tburton2/TDNet/publication_artifacts/corrected_f6_wide_margin_roster/through_2025_v1/checkpoints/margin_linear_huber.pkl,f3ef324415da951d0bf4f40c5c369792c2025a6427a4ab36276f04bf1dff1d79,F6,15,15,14.737907418583243,0.74129450760051,Oregon,0.48258901520101993,2026-09-03T12:59:40.374112+00:00
401856636,2026,1,2026-09-05T19:30:00.000Z,Auburn,Baylor,True,False,regular,2026,1,401856636,margin_linear_huber,linear,margin,/groups/bsavoie2/tburton2/TDNet/publication_artifacts/corrected_f6_wide_margin_roster/through_2025_v1/checkpoints/margin_linear_huber.pkl,f3ef324415da951d0bf4f40c5c369792c2025a6427a4ab36276f04bf1dff1d79,F6,15,15,6.098281570808433,0.6072080832914483,Auburn,0.21441616658289653,2026-09-03T12:59:40.374112+00:00
401856667,2026,1,2026-09-05T19:30:00.000Z,Texas,Texas State,False,False,regular,2026,1,401856667,margin_linear_huber,linear,margin,/groups/bsavoie2/tburton2/TDNet/publication_artifacts/corrected_f6_wide_margin_roster/through_2025_v1/checkpoints/margin_linear_huber.pkl,f3ef324415da951d0bf4f40c5c369792c2025a6427a4ab36276f04bf1dff1d79,F6,15,15,3.8075674388510357,0.5675762528133603,Texas,0.13515250562672065,2026-09-03T12:59:40.374112+00:00
401858434,2026,1,2026-09-05T19:30:00.000Z,Penn State,Marshall,False,False,regular,2026,1,401858434,margin_linear_huber,linear,margin,/groups/bsavoie2/tburton2/TDNet/publication_artifacts/corrected_f6_wide_margin_roster/through_2025_v1/checkpoints/margin_linear_huber.pkl,f3ef324415da951d0bf4f40c5c369792c2025a6427a4ab36276f04bf1dff1d79,F6,15,15,5.819365508929312,0.6024464081294946,Penn State,0.20489281625898914,2026-09-03T12:59:40.374112+00:00
401858209,2026,1,2026-09-05T19:30:00.000Z,Duke,Tulane,False,False,regular,2026,1,401858209,margin_linear_huber,linear,margin,/groups/bsavoie2/tburton2/TDNet/publication_artifacts/corrected_f6_wide_margin_roster/through_2025_v1/checkpoints/margin_linear_huber.pkl,f3ef324415da951d0bf4f40c5c369792c2025a6427a4ab36276f04bf1dff1d79,F6,15,15,6.177554605750787,0.6085577695224027,Duke,0.2171155390448054,2026-09-03T12:59:40.374112+00:00
401856777,2026,1,2026-09-05T19:30:00.000Z,Cincinnati,Boston College,False,False,regular,2026,1,401856777,margin_linear_huber,linear,margin,/groups/bsavoie2/tburton2/TDNet/publication_artifacts/corrected_f6_wide_margin_roster/through_2025_v1/checkpoints/margin_linear_huber.pkl,f3ef324415da951d0bf4f40c5c369792c2025a6427a4ab36276f04bf1dff1d79,F6,15,15,5.086493850255501,0.5898441135323799,Cincinnati,0.17968822706475973,2026-09-03T12:59:40.374112+00:00
401856772,2026,1,2026-09-05T19:45:00.000Z,Tulsa,Oklahoma State,False,False,regular,2026,1,401856772,margin_linear_huber,linear,margin,/groups/bsavoie2/tburton2/TDNet/publication_artifacts/corrected_f6_wide_margin_roster/through_2025_v1/checkpoints/margin_linear_huber.pkl,f3ef324415da951d0bf4f40c5c369792c2025a6427a4ab36276f04bf1dff1d79,F6,15,15,9.691343093256775,0.6664647720731145,Tulsa,0.332929544146229,2026-09-03T12:59:40.374112+00:00
401858426,2026,1,2026-09-05T20:15:00.000Z,Iowa,Northern Illinois,False,False,regular,2026,1,401858426,margin_linear_huber,linear,margin,/groups/bsavoie2/tburton2/TDNet/publication_artifacts/corrected_f6_wide_margin_roster/through_2025_v1/checkpoints/margin_linear_huber.pkl,f3ef324415da951d0bf4f40c5c369792c2025a6427a4ab36276f04bf1dff1d79,F6,15,15,15.662838240160058,0.7537612649296558,Iowa,0.5075225298593116,2026-09-03T12:59:40.374112+00:00
401860878,2026,1,2026-09-05T22:00:00.000Z,Colorado State,Wyoming,False,False,regular,2026,1,401860878,margin_linear_huber,linear,margin,/groups/bsavoie2/tburton2/TDNet/publication_artifacts/corrected_f6_wide_margin_roster/through_2025_v1/checkpoints/margin_linear_huber.pkl,f3ef324415da951d0bf4f40c5c369792c2025a6427a4ab36276f04bf1dff1d79,F6,15,15,5.5825467320301545,0.5983880993549525,Colorado State,0.19677619870990504,2026-09-03T12:59:40.374112+00:00
401856668,2026,1,2026-09-05T23:00:00.000Z,Texas A&M,Missouri State,False,False,regular,2026,1,401856668,margin_linear_huber,linear,margin,/groups/bsavoie2/tburton2/TDNet/publication_artifacts/corrected_f6_wide_margin_roster/through_2025_v1/checkpoints/margin_linear_huber.pkl,f3ef324415da951d0bf4f40c5c369792c2025a6427a4ab36276f04bf1dff1d79,F6,15,15,13.560594329939676,0.7248431286186827,Texas A&M,0.44968625723736544,2026-09-03T12:59:40.374112+00:00
401862695,2026,1,2026-09-05T23:00:00.000Z,Memphis,Arkansas State,False,False,regular,2026,1,401862695,margin_linear_huber,linear,margin,/groups/bsavoie2/tburton2/TDNet/publication_artifacts/corrected_f6_wide_margin_roster/through_2025_v1/checkpoints/margin_linear_huber.pkl,f3ef324415da951d0bf4f40c5c369792c2025a6427a4ab36276f04bf1dff1d79,F6,15,15,13.535502368968922,0.7244855217196721,Memphis,0.44897104343934413,2026-09-03T12:59:40.374112+00:00
401870763,2026,1,2026-09-05T23:00:00.000Z,Troy,Sam Houston,False,False,regular,2026,1,401870763,margin_linear_huber,linear,margin,/groups/bsavoie2/tburton2/TDNet/publication_artifacts/corrected_f6_wide_margin_roster/through_2025_v1/checkpoints/margin_linear_huber.pkl,f3ef324415da951d0bf4f40c5c369792c2025a6427a4ab36276f04bf1dff1d79,F6,15,15,12.166138175210671,0.7045396307113118,Troy,0.4090792614226235,2026-09-03T12:59:40.374112+00:00
401862699,2026,1,2026-09-05T23:00:00.000Z,South Florida,Florida International,False,False,regular,2026,1,401862699,margin_linear_huber,linear,margin,/groups/bsavoie2/tburton2/TDNet/publication_artifacts/corrected_f6_wide_margin_roster/through_2025_v1/checkpoints/margin_linear_huber.pkl,f3ef324415da951d0bf4f40c5c369792c2025a6427a4ab36276f04bf1dff1d79,F6,15,15,13.37407611089173,0.7221780252247731,South Florida,0.4443560504495463,2026-09-03T12:59:40.374112+00:00
401858428,2026,1,2026-09-05T23:30:00.000Z,Michigan,Western Michigan,False,False,regular,2026,1,401858428,margin_linear_huber,linear,margin,/groups/bsavoie2/tburton2/TDNet/publication_artifacts/corrected_f6_wide_margin_roster/through_2025_v1/checkpoints/margin_linear_huber.pkl,f3ef324415da951d0bf4f40c5c369792c2025a6427a4ab36276f04bf1dff1d79,F6,15,15,5.864708830455033,0.6032218601630301,Michigan,0.2064437203260603,2026-09-03T12:59:40.374112+00:00
401856662,2026,1,2026-09-05T23:30:00.000Z,Mississippi State,UL Monroe,False,False,regular,2026,1,401856662,margin_linear_huber,linear,margin,/groups/bsavoie2/tburton2/TDNet/publication_artifacts/corrected_f6_wide_margin_roster/through_2025_v1/checkpoints/margin_linear_huber.pkl,f3ef324415da951d0bf4f40c5c369792c2025a6427a4ab36276f04bf1dff1d79,F6,15,15,14.75057501365462,0.7414679949169543,Mississippi State,0.4829359898339085,2026-09-03T12:59:40.374112+00:00
401856660,2026,1,2026-09-05T23:30:00.000Z,LSU,Clemson,False,False,regular,2026,1,401856660,margin_linear_huber,linear,margin,/groups/bsavoie2/tburton2/TDNet/publication_artifacts/corrected_f6_wide_margin_roster/through_2025_v1/checkpoints/margin_linear_huber.pkl,f3ef324415da951d0bf4f40c5c369792c2025a6427a4ab36276f04bf1dff1d79,F6,15,15,1.195195467716188,0.5213298230691192,LSU,0.04265964613823847,2026-09-03T12:59:40.374112+00:00
401864498,2026,1,2026-09-06T02:00:00.000Z,New Mexico,Central Michigan,False,False,regular,2026,1,401864498,margin_linear_huber,linear,margin,/groups/bsavoie2/tburton2/TDNet/publication_artifacts/corrected_f6_wide_margin_roster/through_2025_v1/checkpoints/margin_linear_huber.pkl,f3ef324415da951d0bf4f40c5c369792c2025a6427a4ab36276f04bf1dff1d79,F6,15,15,5.623574236600102,0.5990921616310602,New Mexico,0.19818432326212032,2026-09-03T12:59:40.374112+00:00
401864497,2026,1,2026-09-06T02:00:00.000Z,Hawai'i,UNLV,False,True,regular,2026,1,401864497,margin_linear_huber,linear,margin,/groups/bsavoie2/tburton2/TDNet/publication_artifacts/corrected_f6_wide_margin_roster/through_2025_v1/checkpoints/margin_linear_huber.pkl,f3ef324415da951d0bf4f40c5c369792c2025a6427a4ab36276f04bf1dff1d79,F6,15,15,-9.33931774186895,0.33914782000535604,UNLV,0.3217043599892879,2026-09-03T12:59:40.374112+00:00
401864432,2026,1,2026-09-06T02:30:00.000Z,Nevada,Western Kentucky,False,False,regular,2026,1,401864432,margin_linear_huber,linear,margin,/groups/bsavoie2/tburton2/TDNet/publication_artifacts/corrected_f6_wide_margin_roster/through_2025_v1/checkpoints/margin_linear_huber.pkl,f3ef324415da951d0bf4f40c5c369792c2025a6427a4ab36276f04bf1dff1d79,F6,15,15,-5.742457787547649,0.3988700268025078,Western Kentucky,0.20225994639498435,2026-09-03T12:59:40.374112+00:00
401858210,2026,1,2026-09-06T02:30:00.000Z,California,UCLA,False,False,regular,2026,1,401858210,margin_linear_huber,linear,margin,/groups/bsavoie2/tburton2/TDNet/publication_artifacts/corrected_f6_wide_margin_roster/through_2025_v1/checkpoints/margin_linear_huber.pkl,f3ef324415da951d0bf4f40c5c369792c2025a6427a4ab36276f04bf1dff1d79,F6,15,15,2.8261404454952364,0.5502961108561305,California,0.10059222171226101,2026-09-03T12:59:40.374112+00:00
401858437,2026,1,2026-09-06T20:00:00.000Z,Washington,Washington State,False,False,regular,2026,1,401858437,margin_linear_huber,linear,margin,/groups/bsavoie2/tburton2/TDNet/publication_artifacts/corrected_f6_wide_margin_roster/through_2025_v1/checkpoints/margin_linear_huber.pkl,f3ef324415da951d0bf4f40c5c369792c2025a6427a4ab36276f04bf1dff1d79,F6,15,15,9.43894116325227,0.6624452252980144,Washington,0.32489045059602883,2026-09-03T12:59:40.374112+00:00
401856661,2026,1,2026-09-06T23:30:00.000Z,Ole Miss,Louisville,True,False,regular,2026,1,401856661,margin_linear_huber,linear,margin,/groups/bsavoie2/tburton2/TDNet/publication_artifacts/corrected_f6_wide_margin_roster/through_2025_v1/checkpoints/margin_linear_huber.pkl,f3ef324415da951d0bf4f40c5c369792c2025a6427a4ab36276f04bf1dff1d79,F6,15,15,9.617679719815795,0.6652941356514974,Ole Miss,0.33058827130299484,2026-09-03T12:59:40.374112+00:00
401858438,2026,1,2026-09-06T23:30:00.000Z,Notre Dame,Wisconsin,True,False,regular,2026,1,401858438,margin_linear_huber,linear,margin,/groups/bsavoie2/tburton2/TDNet/publication_artifacts/corrected_f6_wide_margin_roster/through_2025_v1/checkpoints/margin_linear_huber.pkl,f3ef324415da951d0bf4f40c5c369792c2025a6427a4ab36276f04bf1dff1d79,F6,15,15,19.79913879337089,0.8044313559658307,Notre Dame,0.6088627119316614,2026-09-03T12:59:40.374112+00:00
401858212,2026,1,2026-09-07T23:30:00.000Z,Florida State,SMU,False,True,regular,2026,1,401858212,margin_linear_huber,linear,margin,/groups/bsavoie2/tburton2/TDNet/publication_artifacts/corrected_f6_wide_margin_roster/through_2025_v1/checkpoints/margin_linear_huber.pkl,f3ef324415da951d0bf4f40c5c369792c2025a6427a4ab36276f04bf1dff1d79,F6,15,15,1.2806639718364732,0.5228530657846225,Florida State,0.04570613156924508,2026-09-03T12:59:40.374112+00:00
401858423,2026,1,2026-09-03T22:00:00.000Z,Rutgers,Massachusetts,False,False,regular,2026,1,401858423,margin_linear_lasso,linear,margin,/groups/bsavoie2/tburton2/TDNet/publication_artifacts/corrected_f6_wide_margin_roster/through_2025_v1/checkpoints/margin_linear_lasso.pkl,c17a7bb695df49d6a21b74f7b6002e1ac5164b8ada55feeb41080ed89246bd3f,F6,16,16,19.308984358636366,0.7988646019293,Rutgers,0.5977292038586,2026-09-03T12:59:40.374112+00:00
401858204,2026,1,2026-09-03T23:00:00.000Z,Wake Forest,Akron,False,False,regular,2026,1,401858204,margin_linear_lasso,linear,margin,/groups/bsavoie2/tburton2/TDNet/publication_artifacts/corrected_f6_wide_margin_roster/through_2025_v1/checkpoints/margin_linear_lasso.pkl,c17a7bb695df49d6a21b74f7b6002e1ac5164b8ada55feeb41080ed89246bd3f,F6,16,16,5.423108174081045,0.5956481846736955,Wake Forest,0.19129636934739103,2026-09-03T12:59:40.374112+00:00
401856776,2026,1,2026-09-04T00:00:00.000Z,Georgia Tech,Colorado,False,False,regular,2026,1,401856776,margin_linear_lasso,linear,margin,/groups/bsavoie2/tburton2/TDNet/publication_artifacts/corrected_f6_wide_margin_roster/through_2025_v1/checkpoints/margin_linear_lasso.pkl,c17a7bb695df49d6a21b74f7b6002e1ac5164b8ada55feeb41080ed89246bd3f,F6,16,16,9.899059457823395,0.6697546693159704,Georgia Tech,0.33950933863194077,2026-09-03T12:59:40.374112+00:00
401858424,2026,1,2026-09-04T01:00:00.000Z,Illinois,UAB,False,False,regular,2026,1,401858424,margin_linear_lasso,linear,margin,/groups/bsavoie2/tburton2/TDNet/publication_artifacts/corrected_f6_wide_margin_roster/through_2025_v1/checkpoints/margin_linear_lasso.pkl,c17a7bb695df49d6a21b74f7b6002e1ac5164b8ada55feeb41080ed89246bd3f,F6,16,16,8.81099754604341,0.6523436422491192,Illinois,0.30468728449823845,2026-09-03T12:59:40.374112+00:00
401864495,2026,1,2026-09-04T22:30:00.000Z,Eastern Michigan,San José State,False,False,regular,2026,1,401864495,margin_linear_lasso,linear,margin,/groups/bsavoie2/tburton2/TDNet/publication_artifacts/corrected_f6_wide_margin_roster/through_2025_v1/checkpoints/margin_linear_lasso.pkl,c17a7bb695df49d6a21b74f7b6002e1ac5164b8ada55feeb41080ed89246bd3f,F6,16,16,9.644704016584605,0.665723835005127,Eastern Michigan,0.331447670010254,2026-09-03T12:59:40.374112+00:00
401856664,2026,1,2026-09-05T00:00:00.000Z,Oklahoma,UTEP,False,False,regular,2026,1,401856664,margin_linear_lasso,linear,margin,/groups/bsavoie2/tburton2/TDNet/publication_artifacts/corrected_f6_wide_margin_roster/through_2025_v1/checkpoints/margin_linear_lasso.pkl,c17a7bb695df49d6a21b74f7b6002e1ac5164b8ada55feeb41080ed89246bd3f,F6,16,16,14.47707538097416,0.7377055073054737,Oklahoma,0.47541101461094737,2026-09-03T12:59:40.374112+00:00
401858429,2026,1,2026-09-05T00:00:00.000Z,Michigan State,Toledo,False,False,regular,2026,1,401858429,margin_linear_lasso,linear,margin,/groups/bsavoie2/tburton2/TDNet/publication_artifacts/corrected_f6_wide_margin_roster/through_2025_v1/checkpoints/margin_linear_lasso.pkl,c17a7bb695df49d6a21b74f7b6002e1ac5164b8ada55feeb41080ed89246bd3f,F6,16,16,-5.363418699486863,0.40537911091481055,Toledo,0.1892417781703789,2026-09-03T12:59:40.374112+00:00
401858436,2026,1,2026-09-05T01:00:00.000Z,USC,Fresno State,False,False,regular,2026,1,401858436,margin_linear_lasso,linear,margin,/groups/bsavoie2/tburton2/TDNet/publication_artifacts/corrected_f6_wide_margin_roster/through_2025_v1/checkpoints/margin_linear_lasso.pkl,c17a7bb695df49d6a21b74f7b6002e1ac5164b8ada55feeb41080ed89246bd3f,F6,16,16,10.606341488523675,0.6808315329905649,USC,0.36166306598112974,2026-09-03T12:59:40.374112+00:00
401858206,2026,1,2026-09-05T01:00:00.000Z,Stanford,Miami,False,True,regular,2026,1,401858206,margin_linear_lasso,linear,margin,/groups/bsavoie2/tburton2/TDNet/publication_artifacts/corrected_f6_wide_margin_roster/through_2025_v1/checkpoints/margin_linear_lasso.pkl,c17a7bb695df49d6a21b74f7b6002e1ac5164b8ada55feeb41080ed89246bd3f,F6,16,16,-4.384401089145903,0.42234079950694564,Miami,0.15531840098610872,2026-09-03T12:59:40.374112+00:00
401856637,2026,1,2026-09-05T23:45:00.000Z,Florida,Florida Atlantic,False,False,regular,2026,1,401856637,margin_linear_lasso,linear,margin,/groups/bsavoie2/tburton2/TDNet/publication_artifacts/corrected_f6_wide_margin_roster/through_2025_v1/checkpoints/margin_linear_lasso.pkl,c17a7bb695df49d6a21b74f7b6002e1ac5164b8ada55feeb41080ed89246bd3f,F6,16,16,8.740108288014163,0.6511943956736435,Florida,0.3023887913472869,2026-09-03T12:59:40.374112+00:00
401858430,2026,1,2026-09-05T16:00:00.000Z,Nebraska,Ohio,False,False,regular,2026,1,401858430,margin_linear_lasso,linear,margin,/groups/bsavoie2/tburton2/TDNet/publication_artifacts/corrected_f6_wide_margin_roster/through_2025_v1/checkpoints/margin_linear_lasso.pkl,c17a7bb695df49d6a21b74f7b6002e1ac5164b8ada55feeb41080ed89246bd3f,F6,16,16,5.53716833946366,0.5976088997305403,Nebraska,0.19521779946108064,2026-09-03T12:59:40.374112+00:00
401856780,2026,1,2026-09-05T16:00:00.000Z,West Virginia,Coastal Carolina,False,False,regular,2026,1,401856780,margin_linear_lasso,linear,margin,/groups/bsavoie2/tburton2/TDNet/publication_artifacts/corrected_f6_wide_margin_roster/through_2025_v1/checkpoints/margin_linear_lasso.pkl,c17a7bb695df49d6a21b74f7b6002e1ac5164b8ada55feeb41080ed89246bd3f,F6,16,16,7.859654404255673,0.6367773101496645,West Virginia,0.2735546202993291,2026-09-03T12:59:40.374112+00:00
401856634,2026,1,2026-09-05T16:00:00.000Z,Alabama,East Carolina,False,False,regular,2026,1,401856634,margin_linear_lasso,linear,margin,/groups/bsavoie2/tburton2/TDNet/publication_artifacts/corrected_f6_wide_margin_roster/through_2025_v1/checkpoints/margin_linear_lasso.pkl,c17a7bb695df49d6a21b74f7b6002e1ac5164b8ada55feeb41080ed89246bd3f,F6,16,16,1.4784473447058089,0.5263763374233056,Alabama,0.05275267484661117,2026-09-03T12:59:40.374112+00:00
401856778,2026,1,2026-09-05T16:00:00.000Z,Houston,Oregon State,False,False,regular,2026,1,401856778,margin_linear_lasso,linear,margin,/groups/bsavoie2/tburton2/TDNet/publication_artifacts/corrected_f6_wide_margin_roster/through_2025_v1/checkpoints/margin_linear_lasso.pkl,c17a7bb695df49d6a21b74f7b6002e1ac5164b8ada55feeb41080ed89246bd3f,F6,16,16,10.159837256636752,0.6738615436856219,Houston,0.3477230873712438,2026-09-03T12:59:40.374112+00:00
401858425,2026,1,2026-09-05T16:00:00.000Z,Indiana,North Texas,False,False,regular,2026,1,401858425,margin_linear_lasso,linear,margin,/groups/bsavoie2/tburton2/TDNet/publication_artifacts/corrected_f6_wide_margin_roster/through_2025_v1/checkpoints/margin_linear_lasso.pkl,c17a7bb695df49d6a21b74f7b6002e1ac5164b8ada55feeb41080ed89246bd3f,F6,16,16,9.452125944255652,0.6626557837342669,Indiana,0.32531156746853385,2026-09-03T12:59:40.374112+00:00
401869960,2026,1,2026-09-05T16:00:00.000Z,James Madison,Liberty,False,False,regular,2026,1,401869960,margin_linear_lasso,linear,margin,/groups/bsavoie2/tburton2/TDNet/publication_artifacts/corrected_f6_wide_margin_roster/through_2025_v1/checkpoints/margin_linear_lasso.pkl,c17a7bb695df49d6a21b74f7b6002e1ac5164b8ada55feeb41080ed89246bd3f,F6,16,16,6.395883213392435,0.6122663584339202,James Madison,0.22453271686784038,2026-09-03T12:59:40.374112+00:00
401858207,2026,1,2026-09-05T16:30:00.000Z,Pittsburgh,Miami (OH),False,False,regular,2026,1,401858207,margin_linear_lasso,linear,margin,/groups/bsavoie2/tburton2/TDNet/publication_artifacts/corrected_f6_wide_margin_roster/through_2025_v1/checkpoints/margin_linear_lasso.pkl,c17a7bb695df49d6a21b74f7b6002e1ac5164b8ada55feeb41080ed89246bd3f,F6,16,16,7.40957794952714,0.6293094682512717,Pittsburgh,0.2586189365025433,2026-09-03T12:59:40.374112+00:00
401858432,2026,1,2026-09-05T16:30:00.000Z,Ohio State,Ball State,False,False,regular,2026,1,401858432,margin_linear_lasso,linear,margin,/groups/bsavoie2/tburton2/TDNet/publication_artifacts/corrected_f6_wide_margin_roster/through_2025_v1/checkpoints/margin_linear_lasso.pkl,c17a7bb695df49d6a21b74f7b6002e1ac5164b8ada55feeb41080ed89246bd3f,F6,16,16,26.847492830127784,0.8718792833280795,Ohio State,0.743758566656159,2026-09-03T12:59:40.374112+00:00
401856665,2026,1,2026-09-05T16:45:00.000Z,South Carolina,Kent State,False,False,regular,2026,1,401856665,margin_linear_lasso,linear,margin,/groups/bsavoie2/tburton2/TDNet/publication_artifacts/corrected_f6_wide_margin_roster/through_2025_v1/checkpoints/margin_linear_lasso.pkl,c17a7bb695df49d6a21b74f7b6002e1ac5164b8ada55feeb41080ed89246bd3f,F6,16,16,12.55317883277719,0.7102617491854868,South Carolina,0.4205234983709736,2026-09-03T12:59:40.374112+00:00
401858433,2026,1,2026-09-05T19:30:00.000Z,Oregon,Boise State,False,False,regular,2026,1,401858433,margin_linear_lasso,linear,margin,/groups/bsavoie2/tburton2/TDNet/publication_artifacts/corrected_f6_wide_margin_roster/through_2025_v1/checkpoints/margin_linear_lasso.pkl,c17a7bb695df49d6a21b74f7b6002e1ac5164b8ada55feeb41080ed89246bd3f,F6,16,16,14.121897043820677,0.7327670174548211,Oregon,0.4655340349096422,2026-09-03T12:59:40.374112+00:00
401856636,2026,1,2026-09-05T19:30:00.000Z,Auburn,Baylor,True,False,regular,2026,1,401856636,margin_linear_lasso,linear,margin,/groups/bsavoie2/tburton2/TDNet/publication_artifacts/corrected_f6_wide_margin_roster/through_2025_v1/checkpoints/margin_linear_lasso.pkl,c17a7bb695df49d6a21b74f7b6002e1ac5164b8ada55feeb41080ed89246bd3f,F6,16,16,6.317905523498976,0.610943276502009,Auburn,0.22188655300401794,2026-09-03T12:59:40.374112+00:00
401856667,2026,1,2026-09-05T19:30:00.000Z,Texas,Texas State,False,False,regular,2026,1,401856667,margin_linear_lasso,linear,margin,/groups/bsavoie2/tburton2/TDNet/publication_artifacts/corrected_f6_wide_margin_roster/through_2025_v1/checkpoints/margin_linear_lasso.pkl,c17a7bb695df49d6a21b74f7b6002e1ac5164b8ada55feeb41080ed89246bd3f,F6,16,16,2.2647931024138392,0.54035476586699,Texas,0.0807095317339801,2026-09-03T12:59:40.374112+00:00
401858434,2026,1,2026-09-05T19:30:00.000Z,Penn State,Marshall,False,False,regular,2026,1,401858434,margin_linear_lasso,linear,margin,/groups/bsavoie2/tburton2/TDNet/publication_artifacts/corrected_f6_wide_margin_roster/through_2025_v1/checkpoints/margin_linear_lasso.pkl,c17a7bb695df49d6a21b74f7b6002e1ac5164b8ada55feeb41080ed89246bd3f,F6,16,16,4.40251837055854,0.5779748870023194,Penn State,0.15594977400463872,2026-09-03T12:59:40.374112+00:00
401858209,2026,1,2026-09-05T19:30:00.000Z,Duke,Tulane,False,False,regular,2026,1,401858209,margin_linear_lasso,linear,margin,/groups/bsavoie2/tburton2/TDNet/publication_artifacts/corrected_f6_wide_margin_roster/through_2025_v1/checkpoints/margin_linear_lasso.pkl,c17a7bb695df49d6a21b74f7b6002e1ac5164b8ada55feeb41080ed89246bd3f,F6,16,16,6.051540390860647,0.6064115080684077,Duke,0.21282301613681542,2026-09-03T12:59:40.374112+00:00
401856777,2026,1,2026-09-05T19:30:00.000Z,Cincinnati,Boston College,False,False,regular,2026,1,401856777,margin_linear_lasso,linear,margin,/groups/bsavoie2/tburton2/TDNet/publication_artifacts/corrected_f6_wide_margin_roster/through_2025_v1/checkpoints/margin_linear_lasso.pkl,c17a7bb695df49d6a21b74f7b6002e1ac5164b8ada55feeb41080ed89246bd3f,F6,16,16,4.343921444808447,0.576953629673178,Cincinnati,0.15390725934635596,2026-09-03T12:59:40.374112+00:00
401856772,2026,1,2026-09-05T19:45:00.000Z,Tulsa,Oklahoma State,False,False,regular,2026,1,401856772,margin_linear_lasso,linear,margin,/groups/bsavoie2/tburton2/TDNet/publication_artifacts/corrected_f6_wide_margin_roster/through_2025_v1/checkpoints/margin_linear_lasso.pkl,c17a7bb695df49d6a21b74f7b6002e1ac5164b8ada55feeb41080ed89246bd3f,F6,16,16,10.040183788952302,0.6719804383955282,Tulsa,0.34396087679105647,2026-09-03T12:59:40.374112+00:00
401858426,2026,1,2026-09-05T20:15:00.000Z,Iowa,Northern Illinois,False,False,regular,2026,1,401858426,margin_linear_lasso,linear,margin,/groups/bsavoie2/tburton2/TDNet/publication_artifacts/corrected_f6_wide_margin_roster/through_2025_v1/checkpoints/margin_linear_lasso.pkl,c17a7bb695df49d6a21b74f7b6002e1ac5164b8ada55feeb41080ed89246bd3f,F6,16,16,12.484793331217762,0.7092554996959113,Iowa,0.41851099939182257,2026-09-03T12:59:40.374112+00:00
401860878,2026,1,2026-09-05T22:00:00.000Z,Colorado State,Wyoming,False,False,regular,2026,1,401860878,margin_linear_lasso,linear,margin,/groups/bsavoie2/tburton2/TDNet/publication_artifacts/corrected_f6_wide_margin_roster/through_2025_v1/checkpoints/margin_linear_lasso.pkl,c17a7bb695df49d6a21b74f7b6002e1ac5164b8ada55feeb41080ed89246bd3f,F6,16,16,6.165046383678862,0.608344916837905,Colorado State,0.21668983367581007,2026-09-03T12:59:40.374112+00:00
401856668,2026,1,2026-09-05T23:00:00.000Z,Texas A&M,Missouri State,False,False,regular,2026,1,401856668,margin_linear_lasso,linear,margin,/groups/bsavoie2/tburton2/TDNet/publication_artifacts/corrected_f6_wide_margin_roster/through_2025_v1/checkpoints/margin_linear_lasso.pkl,c17a7bb695df49d6a21b74f7b6002e1ac5164b8ada55feeb41080ed89246bd3f,F6,16,16,10.42353542929515,0.6779874472590381,Texas A&M,0.3559748945180763,2026-09-03T12:59:40.374112+00:00
401862695,2026,1,2026-09-05T23:00:00.000Z,Memphis,Arkansas State,False,False,regular,2026,1,401862695,margin_linear_lasso,linear,margin,/groups/bsavoie2/tburton2/TDNet/publication_artifacts/corrected_f6_wide_margin_roster/through_2025_v1/checkpoints/margin_linear_lasso.pkl,c17a7bb695df49d6a21b74f7b6002e1ac5164b8ada55feeb41080ed89246bd3f,F6,16,16,12.053372389289294,0.7028601782326412,Memphis,0.4057203564652825,2026-09-03T12:59:40.374112+00:00
401870763,2026,1,2026-09-05T23:00:00.000Z,Troy,Sam Houston,False,False,regular,2026,1,401870763,margin_linear_lasso,linear,margin,/groups/bsavoie2/tburton2/TDNet/publication_artifacts/corrected_f6_wide_margin_roster/through_2025_v1/checkpoints/margin_linear_lasso.pkl,c17a7bb695df49d6a21b74f7b6002e1ac5164b8ada55feeb41080ed89246bd3f,F6,16,16,11.73667302753933,0.698114176427721,Troy,0.396228352855442,2026-09-03T12:59:40.374112+00:00
401862699,2026,1,2026-09-05T23:00:00.000Z,South Florida,Florida International,False,False,regular,2026,1,401862699,margin_linear_lasso,linear,margin,/groups/bsavoie2/tburton2/TDNet/publication_artifacts/corrected_f6_wide_margin_roster/through_2025_v1/checkpoints/margin_linear_lasso.pkl,c17a7bb695df49d6a21b74f7b6002e1ac5164b8ada55feeb41080ed89246bd3f,F6,16,16,9.915939366903427,0.6700212972028702,South Florida,0.34004259440574036,2026-09-03T12:59:40.374112+00:00
401858428,2026,1,2026-09-05T23:30:00.000Z,Michigan,Western Michigan,False,False,regular,2026,1,401858428,margin_linear_lasso,linear,margin,/groups/bsavoie2/tburton2/TDNet/publication_artifacts/corrected_f6_wide_margin_roster/through_2025_v1/checkpoints/margin_linear_lasso.pkl,c17a7bb695df49d6a21b74f7b6002e1ac5164b8ada55feeb41080ed89246bd3f,F6,16,16,5.5671533416322365,0.5981238324914081,Michigan,0.1962476649828162,2026-09-03T12:59:40.374112+00:00
401856662,2026,1,2026-09-05T23:30:00.000Z,Mississippi State,UL Monroe,False,False,regular,2026,1,401856662,margin_linear_lasso,linear,margin,/groups/bsavoie2/tburton2/TDNet/publication_artifacts/corrected_f6_wide_margin_roster/through_2025_v1/checkpoints/margin_linear_lasso.pkl,c17a7bb695df49d6a21b74f7b6002e1ac5164b8ada55feeb41080ed89246bd3f,F6,16,16,13.283966406532222,0.7208847993393763,Mississippi State,0.44176959867875265,2026-09-03T12:59:40.374112+00:00
401856660,2026,1,2026-09-05T23:30:00.000Z,LSU,Clemson,False,False,regular,2026,1,401856660,margin_linear_lasso,linear,margin,/groups/bsavoie2/tburton2/TDNet/publication_artifacts/corrected_f6_wide_margin_roster/through_2025_v1/checkpoints/margin_linear_lasso.pkl,c17a7bb695df49d6a21b74f7b6002e1ac5164b8ada55feeb41080ed89246bd3f,F6,16,16,1.8201860397477772,0.5324576145276511,LSU,0.06491522905530211,2026-09-03T12:59:40.374112+00:00
401864498,2026,1,2026-09-06T02:00:00.000Z,New Mexico,Central Michigan,False,False,regular,2026,1,401864498,margin_linear_lasso,linear,margin,/groups/bsavoie2/tburton2/TDNet/publication_artifacts/corrected_f6_wide_margin_roster/through_2025_v1/checkpoints/margin_linear_lasso.pkl,c17a7bb695df49d6a21b74f7b6002e1ac5164b8ada55feeb41080ed89246bd3f,F6,16,16,4.641235780226285,0.5821284018954486,New Mexico,0.16425680379089713,2026-09-03T12:59:40.374112+00:00
401864497,2026,1,2026-09-06T02:00:00.000Z,Hawai'i,UNLV,False,True,regular,2026,1,401864497,margin_linear_lasso,linear,margin,/groups/bsavoie2/tburton2/TDNet/publication_artifacts/corrected_f6_wide_margin_roster/through_2025_v1/checkpoints/margin_linear_lasso.pkl,c17a7bb695df49d6a21b74f7b6002e1ac5164b8ada55feeb41080ed89246bd3f,F6,16,16,-8.594302595422146,0.35117490958907005,UNLV,0.2976501808218599,2026-09-03T12:59:40.374112+00:00
401864432,2026,1,2026-09-06T02:30:00.000Z,Nevada,Western Kentucky,False,False,regular,2026,1,401864432,margin_linear_lasso,linear,margin,/groups/bsavoie2/tburton2/TDNet/publication_artifacts/corrected_f6_wide_margin_roster/through_2025_v1/checkpoints/margin_linear_lasso.pkl,c17a7bb695df49d6a21b74f7b6002e1ac5164b8ada55feeb41080ed89246bd3f,F6,16,16,-4.313909167645982,0.4235696950835475,Western Kentucky,0.15286060983290495,2026-09-03T12:59:40.374112+00:00
401858210,2026,1,2026-09-06T02:30:00.000Z,California,UCLA,False,False,regular,2026,1,401858210,margin_linear_lasso,linear,margin,/groups/bsavoie2/tburton2/TDNet/publication_artifacts/corrected_f6_wide_margin_roster/through_2025_v1/checkpoints/margin_linear_lasso.pkl,c17a7bb695df49d6a21b74f7b6002e1ac5164b8ada55feeb41080ed89246bd3f,F6,16,16,3.338823949613288,0.559340865329893,California,0.11868173065978604,2026-09-03T12:59:40.374112+00:00
401858437,2026,1,2026-09-06T20:00:00.000Z,Washington,Washington State,False,False,regular,2026,1,401858437,margin_linear_lasso,linear,margin,/groups/bsavoie2/tburton2/TDNet/publication_artifacts/corrected_f6_wide_margin_roster/through_2025_v1/checkpoints/margin_linear_lasso.pkl,c17a7bb695df49d6a21b74f7b6002e1ac5164b8ada55feeb41080ed89246bd3f,F6,16,16,8.599155909973778,0.6489040744082044,Washington,0.2978081488164088,2026-09-03T12:59:40.374112+00:00
401856661,2026,1,2026-09-06T23:30:00.000Z,Ole Miss,Louisville,True,False,regular,2026,1,401856661,margin_linear_lasso,linear,margin,/groups/bsavoie2/tburton2/TDNet/publication_artifacts/corrected_f6_wide_margin_roster/through_2025_v1/checkpoints/margin_linear_lasso.pkl,c17a7bb695df49d6a21b74f7b6002e1ac5164b8ada55feeb41080ed89246bd3f,F6,16,16,7.805871340142826,0.6358883019196762,Ole Miss,0.2717766038393523,2026-09-03T12:59:40.374112+00:00
401858438,2026,1,2026-09-06T23:30:00.000Z,Notre Dame,Wisconsin,True,False,regular,2026,1,401858438,margin_linear_lasso,linear,margin,/groups/bsavoie2/tburton2/TDNet/publication_artifacts/corrected_f6_wide_margin_roster/through_2025_v1/checkpoints/margin_linear_lasso.pkl,c17a7bb695df49d6a21b74f7b6002e1ac5164b8ada55feeb41080ed89246bd3f,F6,16,16,17.393058209932388,0.7759747653728303,Notre Dame,0.5519495307456606,2026-09-03T12:59:40.374112+00:00
401858212,2026,1,2026-09-07T23:30:00.000Z,Florida State,SMU,False,True,regular,2026,1,401858212,margin_linear_lasso,linear,margin,/groups/bsavoie2/tburton2/TDNet/publication_artifacts/corrected_f6_wide_margin_roster/through_2025_v1/checkpoints/margin_linear_lasso.pkl,c17a7bb695df49d6a21b74f7b6002e1ac5164b8ada55feeb41080ed89246bd3f,F6,16,16,3.2847394291583805,0.5583884567356813,Florida State,0.11677691347136254,2026-09-03T12:59:40.374112+00:00
401858423,2026,1,2026-09-03T22:00:00.000Z,Rutgers,Massachusetts,False,False,regular,2026,1,401858423,margin_linear_ols,linear,margin,/groups/bsavoie2/tburton2/TDNet/publication_artifacts/corrected_f6_wide_margin_roster/through_2025_v1/checkpoints/margin_linear_ols.pkl,15e710b28f7d328db42c0a3c716ea8dc97ced876e30d7ef87a9960178e9039e7,F6,17,17,20.760191953391626,0.8363789013577088,Rutgers,0.6727578027154175,2026-09-03T12:59:40.374112+00:00
401858204,2026,1,2026-09-03T23:00:00.000Z,Wake Forest,Akron,False,False,regular,2026,1,401858204,margin_linear_ols,linear,margin,/groups/bsavoie2/tburton2/TDNet/publication_artifacts/corrected_f6_wide_margin_roster/through_2025_v1/checkpoints/margin_linear_ols.pkl,15e710b28f7d328db42c0a3c716ea8dc97ced876e30d7ef87a9960178e9039e7,F6,17,17,9.030424591337962,0.6703336496709063,Wake Forest,0.3406672993418125,2026-09-03T12:59:40.374112+00:00
401856776,2026,1,2026-09-04T00:00:00.000Z,Georgia Tech,Colorado,False,False,regular,2026,1,401856776,margin_linear_ols,linear,margin,/groups/bsavoie2/tburton2/TDNet/publication_artifacts/corrected_f6_wide_margin_roster/through_2025_v1/checkpoints/margin_linear_ols.pkl,15e710b28f7d328db42c0a3c716ea8dc97ced876e30d7ef87a9960178e9039e7,F6,17,17,7.079383019690397,0.6356107200412523,Georgia Tech,0.2712214400825046,2026-09-03T12:59:40.374112+00:00
401858424,2026,1,2026-09-04T01:00:00.000Z,Illinois,UAB,False,False,regular,2026,1,401858424,margin_linear_ols,linear,margin,/groups/bsavoie2/tburton2/TDNet/publication_artifacts/corrected_f6_wide_margin_roster/through_2025_v1/checkpoints/margin_linear_ols.pkl,15e710b28f7d328db42c0a3c716ea8dc97ced876e30d7ef87a9960178e9039e7,F6,17,17,14.344602934707062,0.7553461735491972,Illinois,0.5106923470983944,2026-09-03T12:59:40.374112+00:00
401864495,2026,1,2026-09-04T22:30:00.000Z,Eastern Michigan,San José State,False,False,regular,2026,1,401864495,margin_linear_ols,linear,margin,/groups/bsavoie2/tburton2/TDNet/publication_artifacts/corrected_f6_wide_margin_roster/through_2025_v1/checkpoints/margin_linear_ols.pkl,15e710b28f7d328db42c0a3c716ea8dc97ced876e30d7ef87a9960178e9039e7,F6,17,17,14.569643628815903,0.7585996992453128,Eastern Michigan,0.5171993984906256,2026-09-03T12:59:40.374112+00:00
401856664,2026,1,2026-09-05T00:00:00.000Z,Oklahoma,UTEP,False,False,regular,2026,1,401856664,margin_linear_ols,linear,margin,/groups/bsavoie2/tburton2/TDNet/publication_artifacts/corrected_f6_wide_margin_roster/through_2025_v1/checkpoints/margin_linear_ols.pkl,15e710b28f7d328db42c0a3c716ea8dc97ced876e30d7ef87a9960178e9039e7,F6,17,17,20.512704470157686,0.833699758871738,Oklahoma,0.667399517743476,2026-09-03T12:59:40.374112+00:00
401858429,2026,1,2026-09-05T00:00:00.000Z,Michigan State,Toledo,False,False,regular,2026,1,401858429,margin_linear_ols,linear,margin,/groups/bsavoie2/tburton2/TDNet/publication_artifacts/corrected_f6_wide_margin_roster/through_2025_v1/checkpoints/margin_linear_ols.pkl,15e710b28f7d328db42c0a3c716ea8dc97ced876e30d7ef87a9960178e9039e7,F6,17,17,-6.532961807583867,0.3743919744860943,Toledo,0.2512160510278114,2026-09-03T12:59:40.374112+00:00
401858436,2026,1,2026-09-05T01:00:00.000Z,USC,Fresno State,False,False,regular,2026,1,401858436,margin_linear_ols,linear,margin,/groups/bsavoie2/tburton2/TDNet/publication_artifacts/corrected_f6_wide_margin_roster/through_2025_v1/checkpoints/margin_linear_ols.pkl,15e710b28f7d328db42c0a3c716ea8dc97ced876e30d7ef87a9960178e9039e7,F6,17,17,12.14165537673452,0.7219598199299295,USC,0.44391963985985905,2026-09-03T12:59:40.374112+00:00
401858206,2026,1,2026-09-05T01:00:00.000Z,Stanford,Miami,False,True,regular,2026,1,401858206,margin_linear_ols,linear,margin,/groups/bsavoie2/tburton2/TDNet/publication_artifacts/corrected_f6_wide_margin_roster/through_2025_v1/checkpoints/margin_linear_ols.pkl,15e710b28f7d328db42c0a3c716ea8dc97ced876e30d7ef87a9960178e9039e7,F6,17,17,-9.205197589007025,0.3266381713040807,Miami,0.34672365739183864,2026-09-03T12:59:40.374112+00:00
401856637,2026,1,2026-09-05T23:45:00.000Z,Florida,Florida Atlantic,False,False,regular,2026,1,401856637,margin_linear_ols,linear,margin,/groups/bsavoie2/tburton2/TDNet/publication_artifacts/corrected_f6_wide_margin_roster/through_2025_v1/checkpoints/margin_linear_ols.pkl,15e710b28f7d328db42c0a3c716ea8dc97ced876e30d7ef87a9960178e9039e7,F6,17,17,8.749787908383624,0.6654416066838545,Florida,0.3308832133677091,2026-09-03T12:59:40.374112+00:00
401858430,2026,1,2026-09-05T16:00:00.000Z,Nebraska,Ohio,False,False,regular,2026,1,401858430,margin_linear_ols,linear,margin,/groups/bsavoie2/tburton2/TDNet/publication_artifacts/corrected_f6_wide_margin_roster/through_2025_v1/checkpoints/margin_linear_ols.pkl,15e710b28f7d328db42c0a3c716ea8dc97ced876e30d7ef87a9960178e9039e7,F6,17,17,3.469035901214575,0.5677382074572757,Nebraska,0.1354764149145513,2026-09-03T12:59:40.374112+00:00
401856780,2026,1,2026-09-05T16:00:00.000Z,West Virginia,Coastal Carolina,False,False,regular,2026,1,401856780,margin_linear_ols,linear,margin,/groups/bsavoie2/tburton2/TDNet/publication_artifacts/corrected_f6_wide_margin_roster/through_2025_v1/checkpoints/margin_linear_ols.pkl,15e710b28f7d328db42c0a3c716ea8dc97ced876e30d7ef87a9960178e9039e7,F6,17,17,8.927783454427427,0.6685486212785953,West Virginia,0.33709724255719054,2026-09-03T12:59:40.374112+00:00
401856634,2026,1,2026-09-05T16:00:00.000Z,Alabama,East Carolina,False,False,regular,2026,1,401856634,margin_linear_ols,linear,margin,/groups/bsavoie2/tburton2/TDNet/publication_artifacts/corrected_f6_wide_margin_roster/through_2025_v1/checkpoints/margin_linear_ols.pkl,15e710b28f7d328db42c0a3c716ea8dc97ced876e30d7ef87a9960178e9039e7,F6,17,17,3.9388356619681772,0.5767754723822756,Alabama,0.1535509447645511,2026-09-03T12:59:40.374112+00:00
401856778,2026,1,2026-09-05T16:00:00.000Z,Houston,Oregon State,False,False,regular,2026,1,401856778,margin_linear_ols,linear,margin,/groups/bsavoie2/tburton2/TDNet/publication_artifacts/corrected_f6_wide_margin_roster/through_2025_v1/checkpoints/margin_linear_ols.pkl,15e710b28f7d328db42c0a3c716ea8dc97ced876e30d7ef87a9960178e9039e7,F6,17,17,7.498973617797105,0.6432134381650709,Houston,0.28642687633014186,2026-09-03T12:59:40.374112+00:00
401858425,2026,1,2026-09-05T16:00:00.000Z,Indiana,North Texas,False,False,regular,2026,1,401858425,margin_linear_ols,linear,margin,/groups/bsavoie2/tburton2/TDNet/publication_artifacts/corrected_f6_wide_margin_roster/through_2025_v1/checkpoints/margin_linear_ols.pkl,15e710b28f7d328db42c0a3c716ea8dc97ced876e30d7ef87a9960178e9039e7,F6,17,17,8.975782221621323,0.66938397348327,Indiana,0.3387679469665399,2026-09-03T12:59:40.374112+00:00
401869960,2026,1,2026-09-05T16:00:00.000Z,James Madison,Liberty,False,False,regular,2026,1,401869960,margin_linear_ols,linear,margin,/groups/bsavoie2/tburton2/TDNet/publication_artifacts/corrected_f6_wide_margin_roster/through_2025_v1/checkpoints/margin_linear_ols.pkl,15e710b28f7d328db42c0a3c716ea8dc97ced876e30d7ef87a9960178e9039e7,F6,17,17,9.818015614077197,0.6838648923660415,James Madison,0.36772978473208306,2026-09-03T12:59:40.374112+00:00
401858207,2026,1,2026-09-05T16:30:00.000Z,Pittsburgh,Miami (OH),False,False,regular,2026,1,401858207,margin_linear_ols,linear,margin,/groups/bsavoie2/tburton2/TDNet/publication_artifacts/corrected_f6_wide_margin_roster/through_2025_v1/checkpoints/margin_linear_ols.pkl,15e710b28f7d328db42c0a3c716ea8dc97ced876e30d7ef87a9960178e9039e7,F6,17,17,5.922410438071466,0.6143034068127308,Pittsburgh,0.22860681362546154,2026-09-03T12:59:40.374112+00:00
401858432,2026,1,2026-09-05T16:30:00.000Z,Ohio State,Ball State,False,False,regular,2026,1,401858432,margin_linear_ols,linear,margin,/groups/bsavoie2/tburton2/TDNet/publication_artifacts/corrected_f6_wide_margin_roster/through_2025_v1/checkpoints/margin_linear_ols.pkl,15e710b28f7d328db42c0a3c716ea8dc97ced876e30d7ef87a9960178e9039e7,F6,17,17,24.318241869936376,0.8711486160958029,Ohio State,0.7422972321916057,2026-09-03T12:59:40.374112+00:00
401856665,2026,1,2026-09-05T16:45:00.000Z,South Carolina,Kent State,False,False,regular,2026,1,401856665,margin_linear_ols,linear,margin,/groups/bsavoie2/tburton2/TDNet/publication_artifacts/corrected_f6_wide_margin_roster/through_2025_v1/checkpoints/margin_linear_ols.pkl,15e710b28f7d328db42c0a3c716ea8dc97ced876e30d7ef87a9960178e9039e7,F6,17,17,14.772156755116775,0.7615022112445882,South Carolina,0.5230044224891763,2026-09-03T12:59:40.374112+00:00
401858433,2026,1,2026-09-05T19:30:00.000Z,Oregon,Boise State,False,False,regular,2026,1,401858433,margin_linear_ols,linear,margin,/groups/bsavoie2/tburton2/TDNet/publication_artifacts/corrected_f6_wide_margin_roster/through_2025_v1/checkpoints/margin_linear_ols.pkl,15e710b28f7d328db42c0a3c716ea8dc97ced876e30d7ef87a9960178e9039e7,F6,17,17,10.824572876832917,0.7007129763937089,Oregon,0.4014259527874178,2026-09-03T12:59:40.374112+00:00
401856636,2026,1,2026-09-05T19:30:00.000Z,Auburn,Baylor,True,False,regular,2026,1,401856636,margin_linear_ols,linear,margin,/groups/bsavoie2/tburton2/TDNet/publication_artifacts/corrected_f6_wide_margin_roster/through_2025_v1/checkpoints/margin_linear_ols.pkl,15e710b28f7d328db42c0a3c716ea8dc97ced876e30d7ef87a9960178e9039e7,F6,17,17,-0.9002468833362585,0.4823199375457356,Baylor,0.0353601249085288,2026-09-03T12:59:40.374112+00:00
401856667,2026,1,2026-09-05T19:30:00.000Z,Texas,Texas State,False,False,regular,2026,1,401856667,margin_linear_ols,linear,margin,/groups/bsavoie2/tburton2/TDNet/publication_artifacts/corrected_f6_wide_margin_roster/through_2025_v1/checkpoints/margin_linear_ols.pkl,15e710b28f7d328db42c0a3c716ea8dc97ced876e30d7ef87a9960178e9039e7,F6,17,17,-0.011467987311242211,0.4997746848232688,Texas State,0.0004506303534623779,2026-09-03T12:59:40.374112+00:00
401858434,2026,1,2026-09-05T19:30:00.000Z,Penn State,Marshall,False,False,regular,2026,1,401858434,margin_linear_ols,linear,margin,/groups/bsavoie2/tburton2/TDNet/publication_artifacts/corrected_f6_wide_margin_roster/through_2025_v1/checkpoints/margin_linear_ols.pkl,15e710b28f7d328db42c0a3c716ea8dc97ced876e30d7ef87a9960178e9039e7,F6,17,17,2.1668008803984904,0.5424692491029408,Penn State,0.08493849820588162,2026-09-03T12:59:40.374112+00:00
401858209,2026,1,2026-09-05T19:30:00.000Z,Duke,Tulane,False,False,regular,2026,1,401858209,margin_linear_ols,linear,margin,/groups/bsavoie2/tburton2/TDNet/publication_artifacts/corrected_f6_wide_margin_roster/through_2025_v1/checkpoints/margin_linear_ols.pkl,15e710b28f7d328db42c0a3c716ea8dc97ced876e30d7ef87a9960178e9039e7,F6,17,17,4.480264387010017,0.5871269037590634,Duke,0.1742538075181268,2026-09-03T12:59:40.374112+00:00
401856777,2026,1,2026-09-05T19:30:00.000Z,Cincinnati,Boston College,False,False,regular,2026,1,401856777,margin_linear_ols,linear,margin,/groups/bsavoie2/tburton2/TDNet/publication_artifacts/corrected_f6_wide_margin_roster/through_2025_v1/checkpoints/margin_linear_ols.pkl,15e710b28f7d328db42c0a3c716ea8dc97ced876e30d7ef87a9960178e9039e7,F6,17,17,0.48567930715183394,0.5095411373936037,Cincinnati,0.019082274787207476,2026-09-03T12:59:40.374112+00:00
401856772,2026,1,2026-09-05T19:45:00.000Z,Tulsa,Oklahoma State,False,False,regular,2026,1,401856772,margin_linear_ols,linear,margin,/groups/bsavoie2/tburton2/TDNet/publication_artifacts/corrected_f6_wide_margin_roster/through_2025_v1/checkpoints/margin_linear_ols.pkl,15e710b28f7d328db42c0a3c716ea8dc97ced876e30d7ef87a9960178e9039e7,F6,17,17,6.795472452369673,0.6304275001917781,Tulsa,0.26085500038355613,2026-09-03T12:59:40.374112+00:00
401858426,2026,1,2026-09-05T20:15:00.000Z,Iowa,Northern Illinois,False,False,regular,2026,1,401858426,margin_linear_ols,linear,margin,/groups/bsavoie2/tburton2/TDNet/publication_artifacts/corrected_f6_wide_margin_roster/through_2025_v1/checkpoints/margin_linear_ols.pkl,15e710b28f7d328db42c0a3c716ea8dc97ced876e30d7ef87a9960178e9039e7,F6,17,17,8.331688205393178,0.6580871087734638,Iowa,0.31617421754692754,2026-09-03T12:59:40.374112+00:00
401860878,2026,1,2026-09-05T22:00:00.000Z,Colorado State,Wyoming,False,False,regular,2026,1,401860878,margin_linear_ols,linear,margin,/groups/bsavoie2/tburton2/TDNet/publication_artifacts/corrected_f6_wide_margin_roster/through_2025_v1/checkpoints/margin_linear_ols.pkl,15e710b28f7d328db42c0a3c716ea8dc97ced876e30d7ef87a9960178e9039e7,F6,17,17,3.081685338682277,0.5602526303866388,Colorado State,0.1205052607732775,2026-09-03T12:59:40.374112+00:00
401856668,2026,1,2026-09-05T23:00:00.000Z,Texas A&M,Missouri State,False,False,regular,2026,1,401856668,margin_linear_ols,linear,margin,/groups/bsavoie2/tburton2/TDNet/publication_artifacts/corrected_f6_wide_margin_roster/through_2025_v1/checkpoints/margin_linear_ols.pkl,15e710b28f7d328db42c0a3c716ea8dc97ced876e30d7ef87a9960178e9039e7,F6,17,17,12.672210437663068,0.7302516643193776,Texas A&M,0.4605033286387552,2026-09-03T12:59:40.374112+00:00
401862695,2026,1,2026-09-05T23:00:00.000Z,Memphis,Arkansas State,False,False,regular,2026,1,401862695,margin_linear_ols,linear,margin,/groups/bsavoie2/tburton2/TDNet/publication_artifacts/corrected_f6_wide_margin_roster/through_2025_v1/checkpoints/margin_linear_ols.pkl,15e710b28f7d328db42c0a3c716ea8dc97ced876e30d7ef87a9960178e9039e7,F6,17,17,9.859604707551448,0.6845710870673006,Memphis,0.36914217413460126,2026-09-03T12:59:40.374112+00:00
401870763,2026,1,2026-09-05T23:00:00.000Z,Troy,Sam Houston,False,False,regular,2026,1,401870763,margin_linear_ols,linear,margin,/groups/bsavoie2/tburton2/TDNet/publication_artifacts/corrected_f6_wide_margin_roster/through_2025_v1/checkpoints/margin_linear_ols.pkl,15e710b28f7d328db42c0a3c716ea8dc97ced876e30d7ef87a9960178e9039e7,F6,17,17,12.212486896784974,0.723075842628129,Troy,0.4461516852562579,2026-09-03T12:59:40.374112+00:00
401862699,2026,1,2026-09-05T23:00:00.000Z,South Florida,Florida International,False,False,regular,2026,1,401862699,margin_linear_ols,linear,margin,/groups/bsavoie2/tburton2/TDNet/publication_artifacts/corrected_f6_wide_margin_roster/through_2025_v1/checkpoints/margin_linear_ols.pkl,15e710b28f7d328db42c0a3c716ea8dc97ced876e30d7ef87a9960178e9039e7,F6,17,17,19.800714443522317,0.8257964285733221,South Florida,0.6515928571466443,2026-09-03T12:59:40.374112+00:00
401858428,2026,1,2026-09-05T23:30:00.000Z,Michigan,Western Michigan,False,False,regular,2026,1,401858428,margin_linear_ols,linear,margin,/groups/bsavoie2/tburton2/TDNet/publication_artifacts/corrected_f6_wide_margin_roster/through_2025_v1/checkpoints/margin_linear_ols.pkl,15e710b28f7d328db42c0a3c716ea8dc97ced876e30d7ef87a9960178e9039e7,F6,17,17,5.665088542344087,0.6095010000382152,Michigan,0.21900200007643034,2026-09-03T12:59:40.374112+00:00
401856662,2026,1,2026-09-05T23:30:00.000Z,Mississippi State,UL Monroe,False,False,regular,2026,1,401856662,margin_linear_ols,linear,margin,/groups/bsavoie2/tburton2/TDNet/publication_artifacts/corrected_f6_wide_margin_roster/through_2025_v1/checkpoints/margin_linear_ols.pkl,15e710b28f7d328db42c0a3c716ea8dc97ced876e30d7ef87a9960178e9039e7,F6,17,17,6.05992334764295,0.61686078581033,Mississippi State,0.23372157162065998,2026-09-03T12:59:40.374112+00:00
401856660,2026,1,2026-09-05T23:30:00.000Z,LSU,Clemson,False,False,regular,2026,1,401856660,margin_linear_ols,linear,margin,/groups/bsavoie2/tburton2/TDNet/publication_artifacts/corrected_f6_wide_margin_roster/through_2025_v1/checkpoints/margin_linear_ols.pkl,15e710b28f7d328db42c0a3c716ea8dc97ced876e30d7ef87a9960178e9039e7,F6,17,17,1.3092586645181115,0.525700750426694,LSU,0.051401500853387905,2026-09-03T12:59:40.374112+00:00
401864498,2026,1,2026-09-06T02:00:00.000Z,New Mexico,Central Michigan,False,False,regular,2026,1,401864498,margin_linear_ols,linear,margin,/groups/bsavoie2/tburton2/TDNet/publication_artifacts/corrected_f6_wide_margin_roster/through_2025_v1/checkpoints/margin_linear_ols.pkl,15e710b28f7d328db42c0a3c716ea8dc97ced876e30d7ef87a9960178e9039e7,F6,17,17,6.560767877064428,0.6261197218934429,New Mexico,0.2522394437868858,2026-09-03T12:59:40.374112+00:00
401864497,2026,1,2026-09-06T02:00:00.000Z,Hawai'i,UNLV,False,True,regular,2026,1,401864497,margin_linear_ols,linear,margin,/groups/bsavoie2/tburton2/TDNet/publication_artifacts/corrected_f6_wide_margin_roster/through_2025_v1/checkpoints/margin_linear_ols.pkl,15e710b28f7d328db42c0a3c716ea8dc97ced876e30d7ef87a9960178e9039e7,F6,17,17,-9.730971016310043,0.31761589607781293,UNLV,0.36476820784437414,2026-09-03T12:59:40.374112+00:00
401864432,2026,1,2026-09-06T02:30:00.000Z,Nevada,Western Kentucky,False,False,regular,2026,1,401864432,margin_linear_ols,linear,margin,/groups/bsavoie2/tburton2/TDNet/publication_artifacts/corrected_f6_wide_margin_roster/through_2025_v1/checkpoints/margin_linear_ols.pkl,15e710b28f7d328db42c0a3c716ea8dc97ced876e30d7ef87a9960178e9039e7,F6,17,17,-6.96461656069841,0.3664808076825982,Western Kentucky,0.26703838463480356,2026-09-03T12:59:40.374112+00:00
401858210,2026,1,2026-09-06T02:30:00.000Z,California,UCLA,False,False,regular,2026,1,401858210,margin_linear_ols,linear,margin,/groups/bsavoie2/tburton2/TDNet/publication_artifacts/corrected_f6_wide_margin_roster/through_2025_v1/checkpoints/margin_linear_ols.pkl,15e710b28f7d328db42c0a3c716ea8dc97ced876e30d7ef87a9960178e9039e7,F6,17,17,3.8211023037393446,0.5745152772947864,California,0.1490305545895727,2026-09-03T12:59:40.374112+00:00
401858437,2026,1,2026-09-06T20:00:00.000Z,Washington,Washington State,False,False,regular,2026,1,401858437,margin_linear_ols,linear,margin,/groups/bsavoie2/tburton2/TDNet/publication_artifacts/corrected_f6_wide_margin_roster/through_2025_v1/checkpoints/margin_linear_ols.pkl,15e710b28f7d328db42c0a3c716ea8dc97ced876e30d7ef87a9960178e9039e7,F6,17,17,6.302405507119303,0.6213545225644439,Washington,0.2427090451288878,2026-09-03T12:59:40.374112+00:00
401856661,2026,1,2026-09-06T23:30:00.000Z,Ole Miss,Louisville,True,False,regular,2026,1,401856661,margin_linear_ols,linear,margin,/groups/bsavoie2/tburton2/TDNet/publication_artifacts/corrected_f6_wide_margin_roster/through_2025_v1/checkpoints/margin_linear_ols.pkl,15e710b28f7d328db42c0a3c716ea8dc97ced876e30d7ef87a9960178e9039e7,F6,17,17,11.498476848313885,0.7117004203738495,Ole Miss,0.423400840747699,2026-09-03T12:59:40.374112+00:00
401858438,2026,1,2026-09-06T23:30:00.000Z,Notre Dame,Wisconsin,True,False,regular,2026,1,401858438,margin_linear_ols,linear,margin,/groups/bsavoie2/tburton2/TDNet/publication_artifacts/corrected_f6_wide_margin_roster/through_2025_v1/checkpoints/margin_linear_ols.pkl,15e710b28f7d328db42c0a3c716ea8dc97ced876e30d7ef87a9960178e9039e7,F6,17,17,18.662499086947577,0.8125510508504288,Notre Dame,0.6251021017008576,2026-09-03T12:59:40.374112+00:00
401858212,2026,1,2026-09-07T23:30:00.000Z,Florida State,SMU,False,True,regular,2026,1,401858212,margin_linear_ols,linear,margin,/groups/bsavoie2/tburton2/TDNet/publication_artifacts/corrected_f6_wide_margin_roster/through_2025_v1/checkpoints/margin_linear_ols.pkl,15e710b28f7d328db42c0a3c716ea8dc97ced876e30d7ef87a9960178e9039e7,F6,17,17,-3.547061156998744,0.43075757128551134,SMU,0.13848485742897731,2026-09-03T12:59:40.374112+00:00
401858423,2026,1,2026-09-03T22:00:00.000Z,Rutgers,Massachusetts,False,False,regular,2026,1,401858423,margin_linear_orthogonal_matching_pursuit,linear,margin,/groups/bsavoie2/tburton2/TDNet/publication_artifacts/corrected_f6_wide_margin_roster/through_2025_v1/checkpoints/margin_linear_orthogonal_matching_pursuit.pkl,033c5ed365f840c8644b315e68503e43c67c96c900801186296cbef9df472bcc,F6,18,18,19.269585656078917,0.7984120371965501,Rutgers,0.5968240743931001,2026-09-03T12:59:40.374112+00:00
401858204,2026,1,2026-09-03T23:00:00.000Z,Wake Forest,Akron,False,False,regular,2026,1,401858204,margin_linear_orthogonal_matching_pursuit,linear,margin,/groups/bsavoie2/tburton2/TDNet/publication_artifacts/corrected_f6_wide_margin_roster/through_2025_v1/checkpoints/margin_linear_orthogonal_matching_pursuit.pkl,033c5ed365f840c8644b315e68503e43c67c96c900801186296cbef9df472bcc,F6,18,18,8.211918660848509,0.6425767517260162,Wake Forest,0.2851535034520325,2026-09-03T12:59:40.374112+00:00
401856776,2026,1,2026-09-04T00:00:00.000Z,Georgia Tech,Colorado,False,False,regular,2026,1,401856776,margin_linear_orthogonal_matching_pursuit,linear,margin,/groups/bsavoie2/tburton2/TDNet/publication_artifacts/corrected_f6_wide_margin_roster/through_2025_v1/checkpoints/margin_linear_orthogonal_matching_pursuit.pkl,033c5ed365f840c8644b315e68503e43c67c96c900801186296cbef9df472bcc,F6,18,18,10.459481729291609,0.6785477489694693,Georgia Tech,0.3570954979389387,2026-09-03T12:59:40.374112+00:00
401858424,2026,1,2026-09-04T01:00:00.000Z,Illinois,UAB,False,False,regular,2026,1,401858424,margin_linear_orthogonal_matching_pursuit,linear,margin,/groups/bsavoie2/tburton2/TDNet/publication_artifacts/corrected_f6_wide_margin_roster/through_2025_v1/checkpoints/margin_linear_orthogonal_matching_pursuit.pkl,033c5ed365f840c8644b315e68503e43c67c96c900801186296cbef9df472bcc,F6,18,18,9.689286813044799,0.6664321220278586,Illinois,0.33286424405571724,2026-09-03T12:59:40.374112+00:00
401864495,2026,1,2026-09-04T22:30:00.000Z,Eastern Michigan,San José State,False,False,regular,2026,1,401864495,margin_linear_orthogonal_matching_pursuit,linear,margin,/groups/bsavoie2/tburton2/TDNet/publication_artifacts/corrected_f6_wide_margin_roster/through_2025_v1/checkpoints/margin_linear_orthogonal_matching_pursuit.pkl,033c5ed365f840c8644b315e68503e43c67c96c900801186296cbef9df472bcc,F6,18,18,7.015020471589693,0.6227114313826937,Eastern Michigan,0.24542286276538738,2026-09-03T12:59:40.374112+00:00
401856664,2026,1,2026-09-05T00:00:00.000Z,Oklahoma,UTEP,False,False,regular,2026,1,401856664,margin_linear_orthogonal_matching_pursuit,linear,margin,/groups/bsavoie2/tburton2/TDNet/publication_artifacts/corrected_f6_wide_margin_roster/through_2025_v1/checkpoints/margin_linear_orthogonal_matching_pursuit.pkl,033c5ed365f840c8644b315e68503e43c67c96c900801186296cbef9df472bcc,F6,18,18,13.20466603627559,0.7197436589264601,Oklahoma,0.43948731785292017,2026-09-03T12:59:40.374112+00:00
401858429,2026,1,2026-09-05T00:00:00.000Z,Michigan State,Toledo,False,False,regular,2026,1,401858429,margin_linear_orthogonal_matching_pursuit,linear,margin,/groups/bsavoie2/tburton2/TDNet/publication_artifacts/corrected_f6_wide_margin_roster/through_2025_v1/checkpoints/margin_linear_orthogonal_matching_pursuit.pkl,033c5ed365f840c8644b315e68503e43c67c96c900801186296cbef9df472bcc,F6,18,18,-6.305983116901908,0.3892591608814454,Toledo,0.22148167823710918,2026-09-03T12:59:40.374112+00:00
401858436,2026,1,2026-09-05T01:00:00.000Z,USC,Fresno State,False,False,regular,2026,1,401858436,margin_linear_orthogonal_matching_pursuit,linear,margin,/groups/bsavoie2/tburton2/TDNet/publication_artifacts/corrected_f6_wide_margin_roster/through_2025_v1/checkpoints/margin_linear_orthogonal_matching_pursuit.pkl,033c5ed365f840c8644b315e68503e43c67c96c900801186296cbef9df472bcc,F6,18,18,9.205935744851338,0.6587136009517092,USC,0.31742720190341833,2026-09-03T12:59:40.374112+00:00
401858206,2026,1,2026-09-05T01:00:00.000Z,Stanford,Miami,False,True,regular,2026,1,401858206,margin_linear_orthogonal_matching_pursuit,linear,margin,/groups/bsavoie2/tburton2/TDNet/publication_artifacts/corrected_f6_wide_margin_roster/through_2025_v1/checkpoints/margin_linear_orthogonal_matching_pursuit.pkl,033c5ed365f840c8644b315e68503e43c67c96c900801186296cbef9df472bcc,F6,18,18,-5.9915697735960105,0.39461135536424735,Miami,0.2107772892715053,2026-09-03T12:59:40.374112+00:00
401856637,2026,1,2026-09-05T23:45:00.000Z,Florida,Florida Atlantic,False,False,regular,2026,1,401856637,margin_linear_orthogonal_matching_pursuit,linear,margin,/groups/bsavoie2/tburton2/TDNet/publication_artifacts/corrected_f6_wide_margin_roster/through_2025_v1/checkpoints/margin_linear_orthogonal_matching_pursuit.pkl,033c5ed365f840c8644b315e68503e43c67c96c900801186296cbef9df472bcc,F6,18,18,6.789014465985261,0.6189112514987992,Florida,0.23782250299759844,2026-09-03T12:59:40.374112+00:00
401858430,2026,1,2026-09-05T16:00:00.000Z,Nebraska,Ohio,False,False,regular,2026,1,401858430,margin_linear_orthogonal_matching_pursuit,linear,margin,/groups/bsavoie2/tburton2/TDNet/publication_artifacts/corrected_f6_wide_margin_roster/through_2025_v1/checkpoints/margin_linear_orthogonal_matching_pursuit.pkl,033c5ed365f840c8644b315e68503e43c67c96c900801186296cbef9df472bcc,F6,18,18,4.590040282057236,0.5812385958598221,Nebraska,0.16247719171964414,2026-09-03T12:59:40.374112+00:00
401856780,2026,1,2026-09-05T16:00:00.000Z,West Virginia,Coastal Carolina,False,False,regular,2026,1,401856780,margin_linear_orthogonal_matching_pursuit,linear,margin,/groups/bsavoie2/tburton2/TDNet/publication_artifacts/corrected_f6_wide_margin_roster/through_2025_v1/checkpoints/margin_linear_orthogonal_matching_pursuit.pkl,033c5ed365f840c8644b315e68503e43c67c96c900801186296cbef9df472bcc,F6,18,18,5.615805155376176,0.5989588697544719,West Virginia,0.19791773950894376,2026-09-03T12:59:40.374112+00:00
401856634,2026,1,2026-09-05T16:00:00.000Z,Alabama,East Carolina,False,False,regular,2026,1,401856634,margin_linear_orthogonal_matching_pursuit,linear,margin,/groups/bsavoie2/tburton2/TDNet/publication_artifacts/corrected_f6_wide_margin_roster/through_2025_v1/checkpoints/margin_linear_orthogonal_matching_pursuit.pkl,033c5ed365f840c8644b315e68503e43c67c96c900801186296cbef9df472bcc,F6,18,18,0.5522916289964108,0.5098610716888529,Alabama,0.019722143377705725,2026-09-03T12:59:40.374112+00:00
401856778,2026,1,2026-09-05T16:00:00.000Z,Houston,Oregon State,False,False,regular,2026,1,401856778,margin_linear_orthogonal_matching_pursuit,linear,margin,/groups/bsavoie2/tburton2/TDNet/publication_artifacts/corrected_f6_wide_margin_roster/through_2025_v1/checkpoints/margin_linear_orthogonal_matching_pursuit.pkl,033c5ed365f840c8644b315e68503e43c67c96c900801186296cbef9df472bcc,F6,18,18,9.97049083218642,0.6708822210384198,Houston,0.34176444207683954,2026-09-03T12:59:40.374112+00:00
401858425,2026,1,2026-09-05T16:00:00.000Z,Indiana,North Texas,False,False,regular,2026,1,401858425,margin_linear_orthogonal_matching_pursuit,linear,margin,/groups/bsavoie2/tburton2/TDNet/publication_artifacts/corrected_f6_wide_margin_roster/through_2025_v1/checkpoints/margin_linear_orthogonal_matching_pursuit.pkl,033c5ed365f840c8644b315e68503e43c67c96c900801186296cbef9df472bcc,F6,18,18,9.52871248138021,0.6638775786462947,Indiana,0.3277551572925894,2026-09-03T12:59:40.374112+00:00
401869960,2026,1,2026-09-05T16:00:00.000Z,James Madison,Liberty,False,False,regular,2026,1,401869960,margin_linear_orthogonal_matching_pursuit,linear,margin,/groups/bsavoie2/tburton2/TDNet/publication_artifacts/corrected_f6_wide_margin_roster/through_2025_v1/checkpoints/margin_linear_orthogonal_matching_pursuit.pkl,033c5ed365f840c8644b315e68503e43c67c96c900801186296cbef9df472bcc,F6,18,18,6.390771349020639,0.6121796736309247,James Madison,0.22435934726184947,2026-09-03T12:59:40.374112+00:00
401858207,2026,1,2026-09-05T16:30:00.000Z,Pittsburgh,Miami (OH),False,False,regular,2026,1,401858207,margin_linear_orthogonal_matching_pursuit,linear,margin,/groups/bsavoie2/tburton2/TDNet/publication_artifacts/corrected_f6_wide_margin_roster/through_2025_v1/checkpoints/margin_linear_orthogonal_matching_pursuit.pkl,033c5ed365f840c8644b315e68503e43c67c96c900801186296cbef9df472bcc,F6,18,18,7.195283243175102,0.6257317089006078,Pittsburgh,0.2514634178012156,2026-09-03T12:59:40.374112+00:00
401858432,2026,1,2026-09-05T16:30:00.000Z,Ohio State,Ball State,False,False,regular,2026,1,401858432,margin_linear_orthogonal_matching_pursuit,linear,margin,/groups/bsavoie2/tburton2/TDNet/publication_artifacts/corrected_f6_wide_margin_roster/through_2025_v1/checkpoints/margin_linear_orthogonal_matching_pursuit.pkl,033c5ed365f840c8644b315e68503e43c67c96c900801186296cbef9df472bcc,F6,18,18,27.524540836663117,0.8771849862907798,Ohio State,0.7543699725815596,2026-09-03T12:59:40.374112+00:00
401856665,2026,1,2026-09-05T16:45:00.000Z,South Carolina,Kent State,False,False,regular,2026,1,401856665,margin_linear_orthogonal_matching_pursuit,linear,margin,/groups/bsavoie2/tburton2/TDNet/publication_artifacts/corrected_f6_wide_margin_roster/through_2025_v1/checkpoints/margin_linear_orthogonal_matching_pursuit.pkl,033c5ed365f840c8644b315e68503e43c67c96c900801186296cbef9df472bcc,F6,18,18,13.632765493817548,0.7258700944849045,South Carolina,0.45174018896980894,2026-09-03T12:59:40.374112+00:00
401858433,2026,1,2026-09-05T19:30:00.000Z,Oregon,Boise State,False,False,regular,2026,1,401858433,margin_linear_orthogonal_matching_pursuit,linear,margin,/groups/bsavoie2/tburton2/TDNet/publication_artifacts/corrected_f6_wide_margin_roster/through_2025_v1/checkpoints/margin_linear_orthogonal_matching_pursuit.pkl,033c5ed365f840c8644b315e68503e43c67c96c900801186296cbef9df472bcc,F6,18,18,12.966203438957914,0.7162950530652908,Oregon,0.4325901061305817,2026-09-03T12:59:40.374112+00:00
401856636,2026,1,2026-09-05T19:30:00.000Z,Auburn,Baylor,True,False,regular,2026,1,401856636,margin_linear_orthogonal_matching_pursuit,linear,margin,/groups/bsavoie2/tburton2/TDNet/publication_artifacts/corrected_f6_wide_margin_roster/through_2025_v1/checkpoints/margin_linear_orthogonal_matching_pursuit.pkl,033c5ed365f840c8644b315e68503e43c67c96c900801186296cbef9df472bcc,F6,18,18,6.816159175792158,0.6193684569686917,Auburn,0.2387369139373834,2026-09-03T12:59:40.374112+00:00
401856667,2026,1,2026-09-05T19:30:00.000Z,Texas,Texas State,False,False,regular,2026,1,401856667,margin_linear_orthogonal_matching_pursuit,linear,margin,/groups/bsavoie2/tburton2/TDNet/publication_artifacts/corrected_f6_wide_margin_roster/through_2025_v1/checkpoints/margin_linear_orthogonal_matching_pursuit.pkl,033c5ed365f840c8644b315e68503e43c67c96c900801186296cbef9df472bcc,F6,18,18,1.293557384426407,0.5230828194614019,Texas,0.04616563892280379,2026-09-03T12:59:40.374112+00:00
401858434,2026,1,2026-09-05T19:30:00.000Z,Penn State,Marshall,False,False,regular,2026,1,401858434,margin_linear_orthogonal_matching_pursuit,linear,margin,/groups/bsavoie2/tburton2/TDNet/publication_artifacts/corrected_f6_wide_margin_roster/through_2025_v1/checkpoints/margin_linear_orthogonal_matching_pursuit.pkl,033c5ed365f840c8644b315e68503e43c67c96c900801186296cbef9df472bcc,F6,18,18,5.5835224310437965,0.5984048477954,Penn State,0.19680969559080008,2026-09-03T12:59:40.374112+00:00
401858209,2026,1,2026-09-05T19:30:00.000Z,Duke,Tulane,False,False,regular,2026,1,401858209,margin_linear_orthogonal_matching_pursuit,linear,margin,/groups/bsavoie2/tburton2/TDNet/publication_artifacts/corrected_f6_wide_margin_roster/through_2025_v1/checkpoints/margin_linear_orthogonal_matching_pursuit.pkl,033c5ed365f840c8644b315e68503e43c67c96c900801186296cbef9df472bcc,F6,18,18,6.370200876225166,0.6118307766410329,Duke,0.22366155328206583,2026-09-03T12:59:40.374112+00:00
401856777,2026,1,2026-09-05T19:30:00.000Z,Cincinnati,Boston College,False,False,regular,2026,1,401856777,margin_linear_orthogonal_matching_pursuit,linear,margin,/groups/bsavoie2/tburton2/TDNet/publication_artifacts/corrected_f6_wide_margin_roster/through_2025_v1/checkpoints/margin_linear_orthogonal_matching_pursuit.pkl,033c5ed365f840c8644b315e68503e43c67c96c900801186296cbef9df472bcc,F6,18,18,5.06893896578249,0.589540720913447,Cincinnati,0.179081441826894,2026-09-03T12:59:40.374112+00:00
401856772,2026,1,2026-09-05T19:45:00.000Z,Tulsa,Oklahoma State,False,False,regular,2026,1,401856772,margin_linear_orthogonal_matching_pursuit,linear,margin,/groups/bsavoie2/tburton2/TDNet/publication_artifacts/corrected_f6_wide_margin_roster/through_2025_v1/checkpoints/margin_linear_orthogonal_matching_pursuit.pkl,033c5ed365f840c8644b315e68503e43c67c96c900801186296cbef9df472bcc,F6,18,18,9.681538099725365,0.6663090720050768,Tulsa,0.33261814401015366,2026-09-03T12:59:40.374112+00:00
401858426,2026,1,2026-09-05T20:15:00.000Z,Iowa,Northern Illinois,False,False,regular,2026,1,401858426,margin_linear_orthogonal_matching_pursuit,linear,margin,/groups/bsavoie2/tburton2/TDNet/publication_artifacts/corrected_f6_wide_margin_roster/through_2025_v1/checkpoints/margin_linear_orthogonal_matching_pursuit.pkl,033c5ed365f840c8644b315e68503e43c67c96c900801186296cbef9df472bcc,F6,18,18,13.75014002045006,0.7275351816235683,Iowa,0.4550703632471367,2026-09-03T12:59:40.374112+00:00
401860878,2026,1,2026-09-05T22:00:00.000Z,Colorado State,Wyoming,False,False,regular,2026,1,401860878,margin_linear_orthogonal_matching_pursuit,linear,margin,/groups/bsavoie2/tburton2/TDNet/publication_artifacts/corrected_f6_wide_margin_roster/through_2025_v1/checkpoints/margin_linear_orthogonal_matching_pursuit.pkl,033c5ed365f840c8644b315e68503e43c67c96c900801186296cbef9df472bcc,F6,18,18,5.294666265751828,0.5934365868561344,Colorado State,0.18687317371226886,2026-09-03T12:59:40.374112+00:00
401856668,2026,1,2026-09-05T23:00:00.000Z,Texas A&M,Missouri State,False,False,regular,2026,1,401856668,margin_linear_orthogonal_matching_pursuit,linear,margin,/groups/bsavoie2/tburton2/TDNet/publication_artifacts/corrected_f6_wide_margin_roster/through_2025_v1/checkpoints/margin_linear_orthogonal_matching_pursuit.pkl,033c5ed365f840c8644b315e68503e43c67c96c900801186296cbef9df472bcc,F6,18,18,8.906308527515787,0.6538860160790719,Texas A&M,0.30777203215814386,2026-09-03T12:59:40.374112+00:00
401862695,2026,1,2026-09-05T23:00:00.000Z,Memphis,Arkansas State,False,False,regular,2026,1,401862695,margin_linear_orthogonal_matching_pursuit,linear,margin,/groups/bsavoie2/tburton2/TDNet/publication_artifacts/corrected_f6_wide_margin_roster/through_2025_v1/checkpoints/margin_linear_orthogonal_matching_pursuit.pkl,033c5ed365f840c8644b315e68503e43c67c96c900801186296cbef9df472bcc,F6,18,18,7.784965588493526,0.6355424889534537,Memphis,0.27108497790690733,2026-09-03T12:59:40.374112+00:00
401870763,2026,1,2026-09-05T23:00:00.000Z,Troy,Sam Houston,False,False,regular,2026,1,401870763,margin_linear_orthogonal_matching_pursuit,linear,margin,/groups/bsavoie2/tburton2/TDNet/publication_artifacts/corrected_f6_wide_margin_roster/through_2025_v1/checkpoints/margin_linear_orthogonal_matching_pursuit.pkl,033c5ed365f840c8644b315e68503e43c67c96c900801186296cbef9df472bcc,F6,18,18,13.383730210961096,0.7223163589504765,Troy,0.44463271790095305,2026-09-03T12:59:40.374112+00:00
401862699,2026,1,2026-09-05T23:00:00.000Z,South Florida,Florida International,False,False,regular,2026,1,401862699,margin_linear_orthogonal_matching_pursuit,linear,margin,/groups/bsavoie2/tburton2/TDNet/publication_artifacts/corrected_f6_wide_margin_roster/through_2025_v1/checkpoints/margin_linear_orthogonal_matching_pursuit.pkl,033c5ed365f840c8644b315e68503e43c67c96c900801186296cbef9df472bcc,F6,18,18,9.655418209231346,0.6658941197857171,South Florida,0.3317882395714342,2026-09-03T12:59:40.374112+00:00
401858428,2026,1,2026-09-05T23:30:00.000Z,Michigan,Western Michigan,False,False,regular,2026,1,401858428,margin_linear_orthogonal_matching_pursuit,linear,margin,/groups/bsavoie2/tburton2/TDNet/publication_artifacts/corrected_f6_wide_margin_roster/through_2025_v1/checkpoints/margin_linear_orthogonal_matching_pursuit.pkl,033c5ed365f840c8644b315e68503e43c67c96c900801186296cbef9df472bcc,F6,18,18,5.205565215285635,0.5919001515804913,Michigan,0.1838003031609825,2026-09-03T12:59:40.374112+00:00
401856662,2026,1,2026-09-05T23:30:00.000Z,Mississippi State,UL Monroe,False,False,regular,2026,1,401856662,margin_linear_orthogonal_matching_pursuit,linear,margin,/groups/bsavoie2/tburton2/TDNet/publication_artifacts/corrected_f6_wide_margin_roster/through_2025_v1/checkpoints/margin_linear_orthogonal_matching_pursuit.pkl,033c5ed365f840c8644b315e68503e43c67c96c900801186296cbef9df472bcc,F6,18,18,14.032979328874791,0.7315214785757235,Mississippi State,0.46304295715144694,2026-09-03T12:59:40.374112+00:00
401856660,2026,1,2026-09-05T23:30:00.000Z,LSU,Clemson,False,False,regular,2026,1,401856660,margin_linear_orthogonal_matching_pursuit,linear,margin,/groups/bsavoie2/tburton2/TDNet/publication_artifacts/corrected_f6_wide_margin_roster/through_2025_v1/checkpoints/margin_linear_orthogonal_matching_pursuit.pkl,033c5ed365f840c8644b315e68503e43c67c96c900801186296cbef9df472bcc,F6,18,18,1.5532444578192717,0.5277080923773914,LSU,0.055416184754782716,2026-09-03T12:59:40.374112+00:00
401864498,2026,1,2026-09-06T02:00:00.000Z,New Mexico,Central Michigan,False,False,regular,2026,1,401864498,margin_linear_orthogonal_matching_pursuit,linear,margin,/groups/bsavoie2/tburton2/TDNet/publication_artifacts/corrected_f6_wide_margin_roster/through_2025_v1/checkpoints/margin_linear_orthogonal_matching_pursuit.pkl,033c5ed365f840c8644b315e68503e43c67c96c900801186296cbef9df472bcc,F6,18,18,5.590658720564745,0.5985273393642554,New Mexico,0.1970546787285108,2026-09-03T12:59:40.374112+00:00
401864497,2026,1,2026-09-06T02:00:00.000Z,Hawai'i,UNLV,False,True,regular,2026,1,401864497,margin_linear_orthogonal_matching_pursuit,linear,margin,/groups/bsavoie2/tburton2/TDNet/publication_artifacts/corrected_f6_wide_margin_roster/through_2025_v1/checkpoints/margin_linear_orthogonal_matching_pursuit.pkl,033c5ed365f840c8644b315e68503e43c67c96c900801186296cbef9df472bcc,F6,18,18,-9.614930627387764,0.3347495916239238,UNLV,0.33050081675215237,2026-09-03T12:59:40.374112+00:00
401864432,2026,1,2026-09-06T02:30:00.000Z,Nevada,Western Kentucky,False,False,regular,2026,1,401864432,margin_linear_orthogonal_matching_pursuit,linear,margin,/groups/bsavoie2/tburton2/TDNet/publication_artifacts/corrected_f6_wide_margin_roster/through_2025_v1/checkpoints/margin_linear_orthogonal_matching_pursuit.pkl,033c5ed365f840c8644b315e68503e43c67c96c900801186296cbef9df472bcc,F6,18,18,-3.3915216513720274,0.439731567309365,Western Kentucky,0.12053686538126995,2026-09-03T12:59:40.374112+00:00
401858210,2026,1,2026-09-06T02:30:00.000Z,California,UCLA,False,False,regular,2026,1,401858210,margin_linear_orthogonal_matching_pursuit,linear,margin,/groups/bsavoie2/tburton2/TDNet/publication_artifacts/corrected_f6_wide_margin_roster/through_2025_v1/checkpoints/margin_linear_orthogonal_matching_pursuit.pkl,033c5ed365f840c8644b315e68503e43c67c96c900801186296cbef9df472bcc,F6,18,18,3.9524572424190154,0.5701145124427456,California,0.14022902488549116,2026-09-03T12:59:40.374112+00:00
401858437,2026,1,2026-09-06T20:00:00.000Z,Washington,Washington State,False,False,regular,2026,1,401858437,margin_linear_orthogonal_matching_pursuit,linear,margin,/groups/bsavoie2/tburton2/TDNet/publication_artifacts/corrected_f6_wide_margin_roster/through_2025_v1/checkpoints/margin_linear_orthogonal_matching_pursuit.pkl,033c5ed365f840c8644b315e68503e43c67c96c900801186296cbef9df472bcc,F6,18,18,8.863644992547977,0.6531960092773752,Washington,0.3063920185547504,2026-09-03T12:59:40.374112+00:00
401856661,2026,1,2026-09-06T23:30:00.000Z,Ole Miss,Louisville,True,False,regular,2026,1,401856661,margin_linear_orthogonal_matching_pursuit,linear,margin,/groups/bsavoie2/tburton2/TDNet/publication_artifacts/corrected_f6_wide_margin_roster/through_2025_v1/checkpoints/margin_linear_orthogonal_matching_pursuit.pkl,033c5ed365f840c8644b315e68503e43c67c96c900801186296cbef9df472bcc,F6,18,18,6.87237598213322,0.6203146577300825,Ole Miss,0.24062931546016508,2026-09-03T12:59:40.374112+00:00
401858438,2026,1,2026-09-06T23:30:00.000Z,Notre Dame,Wisconsin,True,False,regular,2026,1,401858438,margin_linear_orthogonal_matching_pursuit,linear,margin,/groups/bsavoie2/tburton2/TDNet/publication_artifacts/corrected_f6_wide_margin_roster/through_2025_v1/checkpoints/margin_linear_orthogonal_matching_pursuit.pkl,033c5ed365f840c8644b315e68503e43c67c96c900801186296cbef9df472bcc,F6,18,18,19.123160666427193,0.796723415169441,Notre Dame,0.593446830338882,2026-09-03T12:59:40.374112+00:00
401858212,2026,1,2026-09-07T23:30:00.000Z,Florida State,SMU,False,True,regular,2026,1,401858212,margin_linear_orthogonal_matching_pursuit,linear,margin,/groups/bsavoie2/tburton2/TDNet/publication_artifacts/corrected_f6_wide_margin_roster/through_2025_v1/checkpoints/margin_linear_orthogonal_matching_pursuit.pkl,033c5ed365f840c8644b315e68503e43c67c96c900801186296cbef9df472bcc,F6,18,18,1.3474409605001538,0.5240428889788941,Florida State,0.04808577795778812,2026-09-03T12:59:40.374112+00:00
401858423,2026,1,2026-09-03T22:00:00.000Z,Rutgers,Massachusetts,False,False,regular,2026,1,401858423,margin_linear_passive_aggressive,linear,margin,/groups/bsavoie2/tburton2/TDNet/publication_artifacts/corrected_f6_wide_margin_roster/through_2025_v1/checkpoints/margin_linear_passive_aggressive.pkl,952e22197b558b1179a022f8d7198a6dad1eb68110babafd6194cb97597b1cba,F6,19,19,20.991182489139906,0.8174805216571847,Rutgers,0.6349610433143693,2026-09-03T12:59:40.374112+00:00
401858204,2026,1,2026-09-03T23:00:00.000Z,Wake Forest,Akron,False,False,regular,2026,1,401858204,margin_linear_passive_aggressive,linear,margin,/groups/bsavoie2/tburton2/TDNet/publication_artifacts/corrected_f6_wide_margin_roster/through_2025_v1/checkpoints/margin_linear_passive_aggressive.pkl,952e22197b558b1179a022f8d7198a6dad1eb68110babafd6194cb97597b1cba,F6,19,19,8.241565516477753,0.643062965370472,Wake Forest,0.28612593074094406,2026-09-03T12:59:40.374112+00:00
401856776,2026,1,2026-09-04T00:00:00.000Z,Georgia Tech,Colorado,False,False,regular,2026,1,401856776,margin_linear_passive_aggressive,linear,margin,/groups/bsavoie2/tburton2/TDNet/publication_artifacts/corrected_f6_wide_margin_roster/through_2025_v1/checkpoints/margin_linear_passive_aggressive.pkl,952e22197b558b1179a022f8d7198a6dad1eb68110babafd6194cb97597b1cba,F6,19,19,6.9417420216963555,0.6214809167992227,Georgia Tech,0.24296183359844536,2026-09-03T12:59:40.374112+00:00
401858424,2026,1,2026-09-04T01:00:00.000Z,Illinois,UAB,False,False,regular,2026,1,401858424,margin_linear_passive_aggressive,linear,margin,/groups/bsavoie2/tburton2/TDNet/publication_artifacts/corrected_f6_wide_margin_roster/through_2025_v1/checkpoints/margin_linear_passive_aggressive.pkl,952e22197b558b1179a022f8d7198a6dad1eb68110babafd6194cb97597b1cba,F6,19,19,8.990483991736019,0.6552455051807926,Illinois,0.3104910103615852,2026-09-03T12:59:40.374112+00:00
401864495,2026,1,2026-09-04T22:30:00.000Z,Eastern Michigan,San José State,False,False,regular,2026,1,401864495,margin_linear_passive_aggressive,linear,margin,/groups/bsavoie2/tburton2/TDNet/publication_artifacts/corrected_f6_wide_margin_roster/through_2025_v1/checkpoints/margin_linear_passive_aggressive.pkl,952e22197b558b1179a022f8d7198a6dad1eb68110babafd6194cb97597b1cba,F6,19,19,8.11788728456021,0.6410326816103008,Eastern Michigan,0.2820653632206016,2026-09-03T12:59:40.374112+00:00
401856664,2026,1,2026-09-05T00:00:00.000Z,Oklahoma,UTEP,False,False,regular,2026,1,401856664,margin_linear_passive_aggressive,linear,margin,/groups/bsavoie2/tburton2/TDNet/publication_artifacts/corrected_f6_wide_margin_roster/through_2025_v1/checkpoints/margin_linear_passive_aggressive.pkl,952e22197b558b1179a022f8d7198a6dad1eb68110babafd6194cb97597b1cba,F6,19,19,19.118749477231397,0.7966723807489176,Oklahoma,0.5933447614978351,2026-09-03T12:59:40.374112+00:00
401858429,2026,1,2026-09-05T00:00:00.000Z,Michigan State,Toledo,False,False,regular,2026,1,401858429,margin_linear_passive_aggressive,linear,margin,/groups/bsavoie2/tburton2/TDNet/publication_artifacts/corrected_f6_wide_margin_roster/through_2025_v1/checkpoints/margin_linear_passive_aggressive.pkl,952e22197b558b1179a022f8d7198a6dad1eb68110babafd6194cb97597b1cba,F6,19,19,-6.611103858598444,0.38409053100580937,Toledo,0.23181893798838127,2026-09-03T12:59:40.374112+00:00
401858436,2026,1,2026-09-05T01:00:00.000Z,USC,Fresno State,False,False,regular,2026,1,401858436,margin_linear_passive_aggressive,linear,margin,/groups/bsavoie2/tburton2/TDNet/publication_artifacts/corrected_f6_wide_margin_roster/through_2025_v1/checkpoints/margin_linear_passive_aggressive.pkl,952e22197b558b1179a022f8d7198a6dad1eb68110babafd6194cb97597b1cba,F6,19,19,11.295061182363014,0.6914250692836101,USC,0.3828501385672203,2026-09-03T12:59:40.374112+00:00
401858206,2026,1,2026-09-05T01:00:00.000Z,Stanford,Miami,False,True,regular,2026,1,401858206,margin_linear_passive_aggressive,linear,margin,/groups/bsavoie2/tburton2/TDNet/publication_artifacts/corrected_f6_wide_margin_roster/through_2025_v1/checkpoints/margin_linear_passive_aggressive.pkl,952e22197b558b1179a022f8d7198a6dad1eb68110babafd6194cb97597b1cba,F6,19,19,-6.938805709944614,0.3785684233852363,Miami,0.24286315322952745,2026-09-03T12:59:40.374112+00:00
401856637,2026,1,2026-09-05T23:45:00.000Z,Florida,Florida Atlantic,False,False,regular,2026,1,401856637,margin_linear_passive_aggressive,linear,margin,/groups/bsavoie2/tburton2/TDNet/publication_artifacts/corrected_f6_wide_margin_roster/through_2025_v1/checkpoints/margin_linear_passive_aggressive.pkl,952e22197b558b1179a022f8d7198a6dad1eb68110babafd6194cb97597b1cba,F6,19,19,3.5561119011071973,0.5631627574524345,Florida,0.12632551490486899,2026-09-03T12:59:40.374112+00:00
401858430,2026,1,2026-09-05T16:00:00.000Z,Nebraska,Ohio,False,False,regular,2026,1,401858430,margin_linear_passive_aggressive,linear,margin,/groups/bsavoie2/tburton2/TDNet/publication_artifacts/corrected_f6_wide_margin_roster/through_2025_v1/checkpoints/margin_linear_passive_aggressive.pkl,952e22197b558b1179a022f8d7198a6dad1eb68110babafd6194cb97597b1cba,F6,19,19,4.184263609935729,0.574167715893125,Nebraska,0.14833543178624997,2026-09-03T12:59:40.374112+00:00
401856780,2026,1,2026-09-05T16:00:00.000Z,West Virginia,Coastal Carolina,False,False,regular,2026,1,401856780,margin_linear_passive_aggressive,linear,margin,/groups/bsavoie2/tburton2/TDNet/publication_artifacts/corrected_f6_wide_margin_roster/through_2025_v1/checkpoints/margin_linear_passive_aggressive.pkl,952e22197b558b1179a022f8d7198a6dad1eb68110babafd6194cb97597b1cba,F6,19,19,8.161216626008247,0.6417445492725768,West Virginia,0.2834890985451537,2026-09-03T12:59:40.374112+00:00
401856634,2026,1,2026-09-05T16:00:00.000Z,Alabama,East Carolina,False,False,regular,2026,1,401856634,margin_linear_passive_aggressive,linear,margin,/groups/bsavoie2/tburton2/TDNet/publication_artifacts/corrected_f6_wide_margin_roster/through_2025_v1/checkpoints/margin_linear_passive_aggressive.pkl,952e22197b558b1179a022f8d7198a6dad1eb68110babafd6194cb97597b1cba,F6,19,19,0.6470862321148423,0.5115530545999988,Alabama,0.02310610919999756,2026-09-03T12:59:40.374112+00:00
401856778,2026,1,2026-09-05T16:00:00.000Z,Houston,Oregon State,False,False,regular,2026,1,401856778,margin_linear_passive_aggressive,linear,margin,/groups/bsavoie2/tburton2/TDNet/publication_artifacts/corrected_f6_wide_margin_roster/through_2025_v1/checkpoints/margin_linear_passive_aggressive.pkl,952e22197b558b1179a022f8d7198a6dad1eb68110babafd6194cb97597b1cba,F6,19,19,3.4840730653408207,0.5618964695757954,Houston,0.12379293915159084,2026-09-03T12:59:40.374112+00:00
401858425,2026,1,2026-09-05T16:00:00.000Z,Indiana,North Texas,False,False,regular,2026,1,401858425,margin_linear_passive_aggressive,linear,margin,/groups/bsavoie2/tburton2/TDNet/publication_artifacts/corrected_f6_wide_margin_roster/through_2025_v1/checkpoints/margin_linear_passive_aggressive.pkl,952e22197b558b1179a022f8d7198a6dad1eb68110babafd6194cb97597b1cba,F6,19,19,4.473129699288293,0.5792046514289442,Indiana,0.15840930285788835,2026-09-03T12:59:40.374112+00:00
401869960,2026,1,2026-09-05T16:00:00.000Z,James Madison,Liberty,False,False,regular,2026,1,401869960,margin_linear_passive_aggressive,linear,margin,/groups/bsavoie2/tburton2/TDNet/publication_artifacts/corrected_f6_wide_margin_roster/through_2025_v1/checkpoints/margin_linear_passive_aggressive.pkl,952e22197b558b1179a022f8d7198a6dad1eb68110babafd6194cb97597b1cba,F6,19,19,2.856893595783656,0.5508396571109974,James Madison,0.10167931422199472,2026-09-03T12:59:40.374112+00:00
401858207,2026,1,2026-09-05T16:30:00.000Z,Pittsburgh,Miami (OH),False,False,regular,2026,1,401858207,margin_linear_passive_aggressive,linear,margin,/groups/bsavoie2/tburton2/TDNet/publication_artifacts/corrected_f6_wide_margin_roster/through_2025_v1/checkpoints/margin_linear_passive_aggressive.pkl,952e22197b558b1179a022f8d7198a6dad1eb68110babafd6194cb97597b1cba,F6,19,19,2.686711851536689,0.5478302935068806,Pittsburgh,0.09566058701376123,2026-09-03T12:59:40.374112+00:00
401858432,2026,1,2026-09-05T16:30:00.000Z,Ohio State,Ball State,False,False,regular,2026,1,401858432,margin_linear_passive_aggressive,linear,margin,/groups/bsavoie2/tburton2/TDNet/publication_artifacts/corrected_f6_wide_margin_roster/through_2025_v1/checkpoints/margin_linear_passive_aggressive.pkl,952e22197b558b1179a022f8d7198a6dad1eb68110babafd6194cb97597b1cba,F6,19,19,22.24708256201794,0.8304862496773144,Ohio State,0.6609724993546289,2026-09-03T12:59:40.374112+00:00
401856665,2026,1,2026-09-05T16:45:00.000Z,South Carolina,Kent State,False,False,regular,2026,1,401856665,margin_linear_passive_aggressive,linear,margin,/groups/bsavoie2/tburton2/TDNet/publication_artifacts/corrected_f6_wide_margin_roster/through_2025_v1/checkpoints/margin_linear_passive_aggressive.pkl,952e22197b558b1179a022f8d7198a6dad1eb68110babafd6194cb97597b1cba,F6,19,19,11.718132986362953,0.6978350083679457,South Carolina,0.3956700167358913,2026-09-03T12:59:40.374112+00:00
401858433,2026,1,2026-09-05T19:30:00.000Z,Oregon,Boise State,False,False,regular,2026,1,401858433,margin_linear_passive_aggressive,linear,margin,/groups/bsavoie2/tburton2/TDNet/publication_artifacts/corrected_f6_wide_margin_roster/through_2025_v1/checkpoints/margin_linear_passive_aggressive.pkl,952e22197b558b1179a022f8d7198a6dad1eb68110babafd6194cb97597b1cba,F6,19,19,7.636080965629322,0.6330756791367922,Oregon,0.2661513582735844,2026-09-03T12:59:40.374112+00:00
401856636,2026,1,2026-09-05T19:30:00.000Z,Auburn,Baylor,True,False,regular,2026,1,401856636,margin_linear_passive_aggressive,linear,margin,/groups/bsavoie2/tburton2/TDNet/publication_artifacts/corrected_f6_wide_margin_roster/through_2025_v1/checkpoints/margin_linear_passive_aggressive.pkl,952e22197b558b1179a022f8d7198a6dad1eb68110babafd6194cb97597b1cba,F6,19,19,-1.0997840836087995,0.4803710917103914,Baylor,0.03925781657921723,2026-09-03T12:59:40.374112+00:00
401856667,2026,1,2026-09-05T19:30:00.000Z,Texas,Texas State,False,False,regular,2026,1,401856667,margin_linear_passive_aggressive,linear,margin,/groups/bsavoie2/tburton2/TDNet/publication_artifacts/corrected_f6_wide_margin_roster/through_2025_v1/checkpoints/margin_linear_passive_aggressive.pkl,952e22197b558b1179a022f8d7198a6dad1eb68110babafd6194cb97597b1cba,F6,19,19,-2.4975004202685103,0.4555196775871178,Texas State,0.08896064482576438,2026-09-03T12:59:40.374112+00:00
401858434,2026,1,2026-09-05T19:30:00.000Z,Penn State,Marshall,False,False,regular,2026,1,401858434,margin_linear_passive_aggressive,linear,margin,/groups/bsavoie2/tburton2/TDNet/publication_artifacts/corrected_f6_wide_margin_roster/through_2025_v1/checkpoints/margin_linear_passive_aggressive.pkl,952e22197b558b1179a022f8d7198a6dad1eb68110babafd6194cb97597b1cba,F6,19,19,-4.9651358558499545,0.412254643649362,Marshall,0.17549071270127603,2026-09-03T12:59:40.374112+00:00
401858209,2026,1,2026-09-05T19:30:00.000Z,Duke,Tulane,False,False,regular,2026,1,401858209,margin_linear_passive_aggressive,linear,margin,/groups/bsavoie2/tburton2/TDNet/publication_artifacts/corrected_f6_wide_margin_roster/through_2025_v1/checkpoints/margin_linear_passive_aggressive.pkl,952e22197b558b1179a022f8d7198a6dad1eb68110babafd6194cb97597b1cba,F6,19,19,2.1116286776548336,0.5376363301775534,Duke,0.07527266035510682,2026-09-03T12:59:40.374112+00:00
401856777,2026,1,2026-09-05T19:30:00.000Z,Cincinnati,Boston College,False,False,regular,2026,1,401856777,margin_linear_passive_aggressive,linear,margin,/groups/bsavoie2/tburton2/TDNet/publication_artifacts/corrected_f6_wide_margin_roster/through_2025_v1/checkpoints/margin_linear_passive_aggressive.pkl,952e22197b558b1179a022f8d7198a6dad1eb68110babafd6194cb97597b1cba,F6,19,19,1.6872553687707712,0.5300931446142303,Cincinnati,0.06018628922846059,2026-09-03T12:59:40.374112+00:00
401856772,2026,1,2026-09-05T19:45:00.000Z,Tulsa,Oklahoma State,False,False,regular,2026,1,401856772,margin_linear_passive_aggressive,linear,margin,/groups/bsavoie2/tburton2/TDNet/publication_artifacts/corrected_f6_wide_margin_roster/through_2025_v1/checkpoints/margin_linear_passive_aggressive.pkl,952e22197b558b1179a022f8d7198a6dad1eb68110babafd6194cb97597b1cba,F6,19,19,8.03885497951056,0.6397326424228471,Tulsa,0.2794652848456942,2026-09-03T12:59:40.374112+00:00
401858426,2026,1,2026-09-05T20:15:00.000Z,Iowa,Northern Illinois,False,False,regular,2026,1,401858426,margin_linear_passive_aggressive,linear,margin,/groups/bsavoie2/tburton2/TDNet/publication_artifacts/corrected_f6_wide_margin_roster/through_2025_v1/checkpoints/margin_linear_passive_aggressive.pkl,952e22197b558b1179a022f8d7198a6dad1eb68110babafd6194cb97597b1cba,F6,19,19,4.661132902512401,0.5824740809887401,Iowa,0.1649481619774802,2026-09-03T12:59:40.374112+00:00
401860878,2026,1,2026-09-05T22:00:00.000Z,Colorado State,Wyoming,False,False,regular,2026,1,401860878,margin_linear_passive_aggressive,linear,margin,/groups/bsavoie2/tburton2/TDNet/publication_artifacts/corrected_f6_wide_margin_roster/through_2025_v1/checkpoints/margin_linear_passive_aggressive.pkl,952e22197b558b1179a022f8d7198a6dad1eb68110babafd6194cb97597b1cba,F6,19,19,5.29281016067137,0.5934045991929138,Colorado State,0.18680919838582755,2026-09-03T12:59:40.374112+00:00
401856668,2026,1,2026-09-05T23:00:00.000Z,Texas A&M,Missouri State,False,False,regular,2026,1,401856668,margin_linear_passive_aggressive,linear,margin,/groups/bsavoie2/tburton2/TDNet/publication_artifacts/corrected_f6_wide_margin_roster/through_2025_v1/checkpoints/margin_linear_passive_aggressive.pkl,952e22197b558b1179a022f8d7198a6dad1eb68110babafd6194cb97597b1cba,F6,19,19,11.920882433333777,0.7008799464753276,Texas A&M,0.4017598929506552,2026-09-03T12:59:40.374112+00:00
401862695,2026,1,2026-09-05T23:00:00.000Z,Memphis,Arkansas State,False,False,regular,2026,1,401862695,margin_linear_passive_aggressive,linear,margin,/groups/bsavoie2/tburton2/TDNet/publication_artifacts/corrected_f6_wide_margin_roster/through_2025_v1/checkpoints/margin_linear_passive_aggressive.pkl,952e22197b558b1179a022f8d7198a6dad1eb68110babafd6194cb97597b1cba,F6,19,19,8.911804415477466,0.6539748553100452,Memphis,0.30794971062009036,2026-09-03T12:59:40.374112+00:00
401870763,2026,1,2026-09-05T23:00:00.000Z,Troy,Sam Houston,False,False,regular,2026,1,401870763,margin_linear_passive_aggressive,linear,margin,/groups/bsavoie2/tburton2/TDNet/publication_artifacts/corrected_f6_wide_margin_roster/through_2025_v1/checkpoints/margin_linear_passive_aggressive.pkl,952e22197b558b1179a022f8d7198a6dad1eb68110babafd6194cb97597b1cba,F6,19,19,11.1034788280485,0.6884977803903637,Troy,0.3769955607807274,2026-09-03T12:59:40.374112+00:00
401862699,2026,1,2026-09-05T23:00:00.000Z,South Florida,Florida International,False,False,regular,2026,1,401862699,margin_linear_passive_aggressive,linear,margin,/groups/bsavoie2/tburton2/TDNet/publication_artifacts/corrected_f6_wide_margin_roster/through_2025_v1/checkpoints/margin_linear_passive_aggressive.pkl,952e22197b558b1179a022f8d7198a6dad1eb68110babafd6194cb97597b1cba,F6,19,19,12.86263143337076,0.7147892550506539,South Florida,0.4295785101013079,2026-09-03T12:59:40.374112+00:00
401858428,2026,1,2026-09-05T23:30:00.000Z,Michigan,Western Michigan,False,False,regular,2026,1,401858428,margin_linear_passive_aggressive,linear,margin,/groups/bsavoie2/tburton2/TDNet/publication_artifacts/corrected_f6_wide_margin_roster/through_2025_v1/checkpoints/margin_linear_passive_aggressive.pkl,952e22197b558b1179a022f8d7198a6dad1eb68110babafd6194cb97597b1cba,F6,19,19,4.615731205560908,0.5816851847467759,Michigan,0.16337036949355177,2026-09-03T12:59:40.374112+00:00
401856662,2026,1,2026-09-05T23:30:00.000Z,Mississippi State,UL Monroe,False,False,regular,2026,1,401856662,margin_linear_passive_aggressive,linear,margin,/groups/bsavoie2/tburton2/TDNet/publication_artifacts/corrected_f6_wide_margin_roster/through_2025_v1/checkpoints/margin_linear_passive_aggressive.pkl,952e22197b558b1179a022f8d7198a6dad1eb68110babafd6194cb97597b1cba,F6,19,19,3.9415874405143643,0.5699242153756122,Mississippi State,0.13984843075122444,2026-09-03T12:59:40.374112+00:00
401856660,2026,1,2026-09-05T23:30:00.000Z,LSU,Clemson,False,False,regular,2026,1,401856660,margin_linear_passive_aggressive,linear,margin,/groups/bsavoie2/tburton2/TDNet/publication_artifacts/corrected_f6_wide_margin_roster/through_2025_v1/checkpoints/margin_linear_passive_aggressive.pkl,952e22197b558b1179a022f8d7198a6dad1eb68110babafd6194cb97597b1cba,F6,19,19,1.4179311794661937,0.5252985776834486,LSU,0.05059715536689713,2026-09-03T12:59:40.374112+00:00
401864498,2026,1,2026-09-06T02:00:00.000Z,New Mexico,Central Michigan,False,False,regular,2026,1,401864498,margin_linear_passive_aggressive,linear,margin,/groups/bsavoie2/tburton2/TDNet/publication_artifacts/corrected_f6_wide_margin_roster/through_2025_v1/checkpoints/margin_linear_passive_aggressive.pkl,952e22197b558b1179a022f8d7198a6dad1eb68110babafd6194cb97597b1cba,F6,19,19,0.7446304109466588,0.5132938378035236,New Mexico,0.026587675607047112,2026-09-03T12:59:40.374112+00:00
401864497,2026,1,2026-09-06T02:00:00.000Z,Hawai'i,UNLV,False,True,regular,2026,1,401864497,margin_linear_passive_aggressive,linear,margin,/groups/bsavoie2/tburton2/TDNet/publication_artifacts/corrected_f6_wide_margin_roster/through_2025_v1/checkpoints/margin_linear_passive_aggressive.pkl,952e22197b558b1179a022f8d7198a6dad1eb68110babafd6194cb97597b1cba,F6,19,19,-0.8608853152023199,0.4846318901834678,UNLV,0.030736219633064388,2026-09-03T12:59:40.374112+00:00
401864432,2026,1,2026-09-06T02:30:00.000Z,Nevada,Western Kentucky,False,False,regular,2026,1,401864432,margin_linear_passive_aggressive,linear,margin,/groups/bsavoie2/tburton2/TDNet/publication_artifacts/corrected_f6_wide_margin_roster/through_2025_v1/checkpoints/margin_linear_passive_aggressive.pkl,952e22197b558b1179a022f8d7198a6dad1eb68110babafd6194cb97597b1cba,F6,19,19,-5.959541726800069,0.3951580071850332,Western Kentucky,0.20968398562993362,2026-09-03T12:59:40.374112+00:00
401858210,2026,1,2026-09-06T02:30:00.000Z,California,UCLA,False,False,regular,2026,1,401858210,margin_linear_passive_aggressive,linear,margin,/groups/bsavoie2/tburton2/TDNet/publication_artifacts/corrected_f6_wide_margin_roster/through_2025_v1/checkpoints/margin_linear_passive_aggressive.pkl,952e22197b558b1179a022f8d7198a6dad1eb68110babafd6194cb97597b1cba,F6,19,19,2.1581492055976894,0.538462242982457,California,0.07692448596491408,2026-09-03T12:59:40.374112+00:00
401858437,2026,1,2026-09-06T20:00:00.000Z,Washington,Washington State,False,False,regular,2026,1,401858437,margin_linear_passive_aggressive,linear,margin,/groups/bsavoie2/tburton2/TDNet/publication_artifacts/corrected_f6_wide_margin_roster/through_2025_v1/checkpoints/margin_linear_passive_aggressive.pkl,952e22197b558b1179a022f8d7198a6dad1eb68110babafd6194cb97597b1cba,F6,19,19,6.085017819668895,0.6069820967912188,Washington,0.21396419358243768,2026-09-03T12:59:40.374112+00:00
401856661,2026,1,2026-09-06T23:30:00.000Z,Ole Miss,Louisville,True,False,regular,2026,1,401856661,margin_linear_passive_aggressive,linear,margin,/groups/bsavoie2/tburton2/TDNet/publication_artifacts/corrected_f6_wide_margin_roster/through_2025_v1/checkpoints/margin_linear_passive_aggressive.pkl,952e22197b558b1179a022f8d7198a6dad1eb68110babafd6194cb97597b1cba,F6,19,19,7.344205657031971,0.6282195273326566,Ole Miss,0.25643905466531325,2026-09-03T12:59:40.374112+00:00
401858438,2026,1,2026-09-06T23:30:00.000Z,Notre Dame,Wisconsin,True,False,regular,2026,1,401858438,margin_linear_passive_aggressive,linear,margin,/groups/bsavoie2/tburton2/TDNet/publication_artifacts/corrected_f6_wide_margin_roster/through_2025_v1/checkpoints/margin_linear_passive_aggressive.pkl,952e22197b558b1179a022f8d7198a6dad1eb68110babafd6194cb97597b1cba,F6,19,19,12.379743745000196,0.7077057522237573,Notre Dame,0.4154115044475146,2026-09-03T12:59:40.374112+00:00
401858212,2026,1,2026-09-07T23:30:00.000Z,Florida State,SMU,False,True,regular,2026,1,401858212,margin_linear_passive_aggressive,linear,margin,/groups/bsavoie2/tburton2/TDNet/publication_artifacts/corrected_f6_wide_margin_roster/through_2025_v1/checkpoints/margin_linear_passive_aggressive.pkl,952e22197b558b1179a022f8d7198a6dad1eb68110babafd6194cb97597b1cba,F6,19,19,-4.277365456288468,0.4242071400658395,SMU,0.15158571986832103,2026-09-03T12:59:40.374112+00:00
401858423,2026,1,2026-09-03T22:00:00.000Z,Rutgers,Massachusetts,False,False,regular,2026,1,401858423,margin_linear_ransac,linear,margin,/groups/bsavoie2/tburton2/TDNet/publication_artifacts/corrected_f6_wide_margin_roster/through_2025_v1/checkpoints/margin_linear_ransac.pkl,27d8b1ea44f824cd70d1a42a173b766255310544087431b44165de11a8a734fc,F6,20,20,22.339443437638746,0.8314129727107853,Rutgers,0.6628259454215706,2026-09-03T12:59:40.374112+00:00
401858204,2026,1,2026-09-03T23:00:00.000Z,Wake Forest,Akron,False,False,regular,2026,1,401858204,margin_linear_ransac,linear,margin,/groups/bsavoie2/tburton2/TDNet/publication_artifacts/corrected_f6_wide_margin_roster/through_2025_v1/checkpoints/margin_linear_ransac.pkl,27d8b1ea44f824cd70d1a42a173b766255310544087431b44165de11a8a734fc,F6,20,20,10.482605489430203,0.6789079120144123,Wake Forest,0.3578158240288245,2026-09-03T12:59:40.374112+00:00
401856776,2026,1,2026-09-04T00:00:00.000Z,Georgia Tech,Colorado,False,False,regular,2026,1,401856776,margin_linear_ransac,linear,margin,/groups/bsavoie2/tburton2/TDNet/publication_artifacts/corrected_f6_wide_margin_roster/through_2025_v1/checkpoints/margin_linear_ransac.pkl,27d8b1ea44f824cd70d1a42a173b766255310544087431b44165de11a8a734fc,F6,20,20,2.7449111440057745,0.5488598500583669,Georgia Tech,0.09771970011673381,2026-09-03T12:59:40.374112+00:00
401858424,2026,1,2026-09-04T01:00:00.000Z,Illinois,UAB,False,False,regular,2026,1,401858424,margin_linear_ransac,linear,margin,/groups/bsavoie2/tburton2/TDNet/publication_artifacts/corrected_f6_wide_margin_roster/through_2025_v1/checkpoints/margin_linear_ransac.pkl,27d8b1ea44f824cd70d1a42a173b766255310544087431b44165de11a8a734fc,F6,20,20,13.667094835794288,0.7263577488057206,Illinois,0.45271549761144114,2026-09-03T12:59:40.374112+00:00
401864495,2026,1,2026-09-04T22:30:00.000Z,Eastern Michigan,San José State,False,False,regular,2026,1,401864495,margin_linear_ransac,linear,margin,/groups/bsavoie2/tburton2/TDNet/publication_artifacts/corrected_f6_wide_margin_roster/through_2025_v1/checkpoints/margin_linear_ransac.pkl,27d8b1ea44f824cd70d1a42a173b766255310544087431b44165de11a8a734fc,F6,20,20,16.181068283429724,0.760567002213708,Eastern Michigan,0.521134004427416,2026-09-03T12:59:40.374112+00:00
401856664,2026,1,2026-09-05T00:00:00.000Z,Oklahoma,UTEP,False,False,regular,2026,1,401856664,margin_linear_ransac,linear,margin,/groups/bsavoie2/tburton2/TDNet/publication_artifacts/corrected_f6_wide_margin_roster/through_2025_v1/checkpoints/margin_linear_ransac.pkl,27d8b1ea44f824cd70d1a42a173b766255310544087431b44165de11a8a734fc,F6,20,20,20.492471767606688,0.8121052498546072,Oklahoma,0.6242104997092144,2026-09-03T12:59:40.374112+00:00
401858429,2026,1,2026-09-05T00:00:00.000Z,Michigan State,Toledo,False,False,regular,2026,1,401858429,margin_linear_ransac,linear,margin,/groups/bsavoie2/tburton2/TDNet/publication_artifacts/corrected_f6_wide_margin_roster/through_2025_v1/checkpoints/margin_linear_ransac.pkl,27d8b1ea44f824cd70d1a42a173b766255310544087431b44165de11a8a734fc,F6,20,20,-8.904143215383982,0.34614898843113795,Toledo,0.3077020231377241,2026-09-03T12:59:40.374112+00:00
401858436,2026,1,2026-09-05T01:00:00.000Z,USC,Fresno State,False,False,regular,2026,1,401858436,margin_linear_ransac,linear,margin,/groups/bsavoie2/tburton2/TDNet/publication_artifacts/corrected_f6_wide_margin_roster/through_2025_v1/checkpoints/margin_linear_ransac.pkl,27d8b1ea44f824cd70d1a42a173b766255310544087431b44165de11a8a734fc,F6,20,20,14.84502598045141,0.7427591444247917,USC,0.4855182888495835,2026-09-03T12:59:40.374112+00:00
401858206,2026,1,2026-09-05T01:00:00.000Z,Stanford,Miami,False,True,regular,2026,1,401858206,margin_linear_ransac,linear,margin,/groups/bsavoie2/tburton2/TDNet/publication_artifacts/corrected_f6_wide_margin_roster/through_2025_v1/checkpoints/margin_linear_ransac.pkl,27d8b1ea44f824cd70d1a42a173b766255310544087431b44165de11a8a734fc,F6,20,20,-7.49581988376052,0.36925464881423326,Miami,0.2614907023715335,2026-09-03T12:59:40.374112+00:00
401856637,2026,1,2026-09-05T23:45:00.000Z,Florida,Florida Atlantic,False,False,regular,2026,1,401856637,margin_linear_ransac,linear,margin,/groups/bsavoie2/tburton2/TDNet/publication_artifacts/corrected_f6_wide_margin_roster/through_2025_v1/checkpoints/margin_linear_ransac.pkl,27d8b1ea44f824cd70d1a42a173b766255310544087431b44165de11a8a734fc,F6,20,20,6.918995095240607,0.6210986241926902,Florida,0.24219724838538048,2026-09-03T12:59:40.374112+00:00
401858430,2026,1,2026-09-05T16:00:00.000Z,Nebraska,Ohio,False,False,regular,2026,1,401858430,margin_linear_ransac,linear,margin,/groups/bsavoie2/tburton2/TDNet/publication_artifacts/corrected_f6_wide_margin_roster/through_2025_v1/checkpoints/margin_linear_ransac.pkl,27d8b1ea44f824cd70d1a42a173b766255310544087431b44165de11a8a734fc,F6,20,20,0.5910045472102325,0.5105520856260883,Nebraska,0.021104171252176673,2026-09-03T12:59:40.374112+00:00
401856780,2026,1,2026-09-05T16:00:00.000Z,West Virginia,Coastal Carolina,False,False,regular,2026,1,401856780,margin_linear_ransac,linear,margin,/groups/bsavoie2/tburton2/TDNet/publication_artifacts/corrected_f6_wide_margin_roster/through_2025_v1/checkpoints/margin_linear_ransac.pkl,27d8b1ea44f824cd70d1a42a173b766255310544087431b44165de11a8a734fc,F6,20,20,6.808045507381902,0.6192318184604222,West Virginia,0.23846363692084438,2026-09-03T12:59:40.374112+00:00
401856634,2026,1,2026-09-05T16:00:00.000Z,Alabama,East Carolina,False,False,regular,2026,1,401856634,margin_linear_ransac,linear,margin,/groups/bsavoie2/tburton2/TDNet/publication_artifacts/corrected_f6_wide_margin_roster/through_2025_v1/checkpoints/margin_linear_ransac.pkl,27d8b1ea44f824cd70d1a42a173b766255310544087431b44165de11a8a734fc,F6,20,20,5.44484252412834,0.596022039740487,Alabama,0.1920440794809739,2026-09-03T12:59:40.374112+00:00
401856778,2026,1,2026-09-05T16:00:00.000Z,Houston,Oregon State,False,False,regular,2026,1,401856778,margin_linear_ransac,linear,margin,/groups/bsavoie2/tburton2/TDNet/publication_artifacts/corrected_f6_wide_margin_roster/through_2025_v1/checkpoints/margin_linear_ransac.pkl,27d8b1ea44f824cd70d1a42a173b766255310544087431b44165de11a8a734fc,F6,20,20,6.109151068615667,0.6073932425191665,Houston,0.21478648503833297,2026-09-03T12:59:40.374112+00:00
401858425,2026,1,2026-09-05T16:00:00.000Z,Indiana,North Texas,False,False,regular,2026,1,401858425,margin_linear_ransac,linear,margin,/groups/bsavoie2/tburton2/TDNet/publication_artifacts/corrected_f6_wide_margin_roster/through_2025_v1/checkpoints/margin_linear_ransac.pkl,27d8b1ea44f824cd70d1a42a173b766255310544087431b44165de11a8a734fc,F6,20,20,8.820770071074882,0.6525019343222884,Indiana,0.30500386864457685,2026-09-03T12:59:40.374112+00:00
401869960,2026,1,2026-09-05T16:00:00.000Z,James Madison,Liberty,False,False,regular,2026,1,401869960,margin_linear_ransac,linear,margin,/groups/bsavoie2/tburton2/TDNet/publication_artifacts/corrected_f6_wide_margin_roster/through_2025_v1/checkpoints/margin_linear_ransac.pkl,27d8b1ea44f824cd70d1a42a173b766255310544087431b44165de11a8a734fc,F6,20,20,6.979774359773057,0.6221197640051104,James Madison,0.24423952801022075,2026-09-03T12:59:40.374112+00:00
401858207,2026,1,2026-09-05T16:30:00.000Z,Pittsburgh,Miami (OH),False,False,regular,2026,1,401858207,margin_linear_ransac,linear,margin,/groups/bsavoie2/tburton2/TDNet/publication_artifacts/corrected_f6_wide_margin_roster/through_2025_v1/checkpoints/margin_linear_ransac.pkl,27d8b1ea44f824cd70d1a42a173b766255310544087431b44165de11a8a734fc,F6,20,20,2.2902641678152573,0.5408066101778936,Pittsburgh,0.08161322035578711,2026-09-03T12:59:40.374112+00:00
401858432,2026,1,2026-09-05T16:30:00.000Z,Ohio State,Ball State,False,False,regular,2026,1,401858432,margin_linear_ransac,linear,margin,/groups/bsavoie2/tburton2/TDNet/publication_artifacts/corrected_f6_wide_margin_roster/through_2025_v1/checkpoints/margin_linear_ransac.pkl,27d8b1ea44f824cd70d1a42a173b766255310544087431b44165de11a8a734fc,F6,20,20,24.09462646960731,0.8482633575210319,Ohio State,0.6965267150420638,2026-09-03T12:59:40.374112+00:00
401856665,2026,1,2026-09-05T16:45:00.000Z,South Carolina,Kent State,False,False,regular,2026,1,401856665,margin_linear_ransac,linear,margin,/groups/bsavoie2/tburton2/TDNet/publication_artifacts/corrected_f6_wide_margin_roster/through_2025_v1/checkpoints/margin_linear_ransac.pkl,27d8b1ea44f824cd70d1a42a173b766255310544087431b44165de11a8a734fc,F6,20,20,19.050366199288053,0.7958800127187682,South Carolina,0.5917600254375364,2026-09-03T12:59:40.374112+00:00
401858433,2026,1,2026-09-05T19:30:00.000Z,Oregon,Boise State,False,False,regular,2026,1,401858433,margin_linear_ransac,linear,margin,/groups/bsavoie2/tburton2/TDNet/publication_artifacts/corrected_f6_wide_margin_roster/through_2025_v1/checkpoints/margin_linear_ransac.pkl,27d8b1ea44f824cd70d1a42a173b766255310544087431b44165de11a8a734fc,F6,20,20,6.7234244268316345,0.6178056322861623,Oregon,0.2356112645723245,2026-09-03T12:59:40.374112+00:00
401856636,2026,1,2026-09-05T19:30:00.000Z,Auburn,Baylor,True,False,regular,2026,1,401856636,margin_linear_ransac,linear,margin,/groups/bsavoie2/tburton2/TDNet/publication_artifacts/corrected_f6_wide_margin_roster/through_2025_v1/checkpoints/margin_linear_ransac.pkl,27d8b1ea44f824cd70d1a42a173b766255310544087431b44165de11a8a734fc,F6,20,20,-0.32658711109811556,0.49416835175460505,Baylor,0.011663296490789898,2026-09-03T12:59:40.374112+00:00
401856667,2026,1,2026-09-05T19:30:00.000Z,Texas,Texas State,False,False,regular,2026,1,401856667,margin_linear_ransac,linear,margin,/groups/bsavoie2/tburton2/TDNet/publication_artifacts/corrected_f6_wide_margin_roster/through_2025_v1/checkpoints/margin_linear_ransac.pkl,27d8b1ea44f824cd70d1a42a173b766255310544087431b44165de11a8a734fc,F6,20,20,-0.10628213161957234,0.4981021139074288,Texas State,0.0037957721851423765,2026-09-03T12:59:40.374112+00:00
401858434,2026,1,2026-09-05T19:30:00.000Z,Penn State,Marshall,False,False,regular,2026,1,401858434,margin_linear_ransac,linear,margin,/groups/bsavoie2/tburton2/TDNet/publication_artifacts/corrected_f6_wide_margin_roster/through_2025_v1/checkpoints/margin_linear_ransac.pkl,27d8b1ea44f824cd70d1a42a173b766255310544087431b44165de11a8a734fc,F6,20,20,3.318203446623478,0.5589777969494593,Penn State,0.11795559389891852,2026-09-03T12:59:40.374112+00:00
401858209,2026,1,2026-09-05T19:30:00.000Z,Duke,Tulane,False,False,regular,2026,1,401858209,margin_linear_ransac,linear,margin,/groups/bsavoie2/tburton2/TDNet/publication_artifacts/corrected_f6_wide_margin_roster/through_2025_v1/checkpoints/margin_linear_ransac.pkl,27d8b1ea44f824cd70d1a42a173b766255310544087431b44165de11a8a734fc,F6,20,20,1.08520971858316,0.5193690475858572,Duke,0.03873809517171445,2026-09-03T12:59:40.374112+00:00
401856777,2026,1,2026-09-05T19:30:00.000Z,Cincinnati,Boston College,False,False,regular,2026,1,401856777,margin_linear_ransac,linear,margin,/groups/bsavoie2/tburton2/TDNet/publication_artifacts/corrected_f6_wide_margin_roster/through_2025_v1/checkpoints/margin_linear_ransac.pkl,27d8b1ea44f824cd70d1a42a173b766255310544087431b44165de11a8a734fc,F6,20,20,1.950197106752757,0.5347687441969042,Cincinnati,0.06953748839380847,2026-09-03T12:59:40.374112+00:00
401856772,2026,1,2026-09-05T19:45:00.000Z,Tulsa,Oklahoma State,False,False,regular,2026,1,401856772,margin_linear_ransac,linear,margin,/groups/bsavoie2/tburton2/TDNet/publication_artifacts/corrected_f6_wide_margin_roster/through_2025_v1/checkpoints/margin_linear_ransac.pkl,27d8b1ea44f824cd70d1a42a173b766255310544087431b44165de11a8a734fc,F6,20,20,7.105916467886768,0.6242355887482126,Tulsa,0.24847117749642522,2026-09-03T12:59:40.374112+00:00
401858426,2026,1,2026-09-05T20:15:00.000Z,Iowa,Northern Illinois,False,False,regular,2026,1,401858426,margin_linear_ransac,linear,margin,/groups/bsavoie2/tburton2/TDNet/publication_artifacts/corrected_f6_wide_margin_roster/through_2025_v1/checkpoints/margin_linear_ransac.pkl,27d8b1ea44f824cd70d1a42a173b766255310544087431b44165de11a8a734fc,F6,20,20,10.59979231711645,0.6807298719167095,Iowa,0.36145974383341906,2026-09-03T12:59:40.374112+00:00
401860878,2026,1,2026-09-05T22:00:00.000Z,Colorado State,Wyoming,False,False,regular,2026,1,401860878,margin_linear_ransac,linear,margin,/groups/bsavoie2/tburton2/TDNet/publication_artifacts/corrected_f6_wide_margin_roster/through_2025_v1/checkpoints/margin_linear_ransac.pkl,27d8b1ea44f824cd70d1a42a173b766255310544087431b44165de11a8a734fc,F6,20,20,1.3084158348627142,0.5233475769348028,Colorado State,0.046695153869605655,2026-09-03T12:59:40.374112+00:00
401856668,2026,1,2026-09-05T23:00:00.000Z,Texas A&M,Missouri State,False,False,regular,2026,1,401856668,margin_linear_ransac,linear,margin,/groups/bsavoie2/tburton2/TDNet/publication_artifacts/corrected_f6_wide_margin_roster/through_2025_v1/checkpoints/margin_linear_ransac.pkl,27d8b1ea44f824cd70d1a42a173b766255310544087431b44165de11a8a734fc,F6,20,20,10.654069368800698,0.6815718806016733,Texas A&M,0.36314376120334657,2026-09-03T12:59:40.374112+00:00
401862695,2026,1,2026-09-05T23:00:00.000Z,Memphis,Arkansas State,False,False,regular,2026,1,401862695,margin_linear_ransac,linear,margin,/groups/bsavoie2/tburton2/TDNet/publication_artifacts/corrected_f6_wide_margin_roster/through_2025_v1/checkpoints/margin_linear_ransac.pkl,27d8b1ea44f824cd70d1a42a173b766255310544087431b44165de11a8a734fc,F6,20,20,9.645892726984506,0.6657427297674257,Memphis,0.3314854595348513,2026-09-03T12:59:40.374112+00:00
401870763,2026,1,2026-09-05T23:00:00.000Z,Troy,Sam Houston,False,False,regular,2026,1,401870763,margin_linear_ransac,linear,margin,/groups/bsavoie2/tburton2/TDNet/publication_artifacts/corrected_f6_wide_margin_roster/through_2025_v1/checkpoints/margin_linear_ransac.pkl,27d8b1ea44f824cd70d1a42a173b766255310544087431b44165de11a8a734fc,F6,20,20,9.149786365931586,0.6578113891833394,Troy,0.31562277836667874,2026-09-03T12:59:40.374112+00:00
401862699,2026,1,2026-09-05T23:00:00.000Z,South Florida,Florida International,False,False,regular,2026,1,401862699,margin_linear_ransac,linear,margin,/groups/bsavoie2/tburton2/TDNet/publication_artifacts/corrected_f6_wide_margin_roster/through_2025_v1/checkpoints/margin_linear_ransac.pkl,27d8b1ea44f824cd70d1a42a173b766255310544087431b44165de11a8a734fc,F6,20,20,16.560167782334897,0.7654632882806337,South Florida,0.5309265765612674,2026-09-03T12:59:40.374112+00:00
401858428,2026,1,2026-09-05T23:30:00.000Z,Michigan,Western Michigan,False,False,regular,2026,1,401858428,margin_linear_ransac,linear,margin,/groups/bsavoie2/tburton2/TDNet/publication_artifacts/corrected_f6_wide_margin_roster/through_2025_v1/checkpoints/margin_linear_ransac.pkl,27d8b1ea44f824cd70d1a42a173b766255310544087431b44165de11a8a734fc,F6,20,20,1.7593190480006733,0.5313751331394018,Michigan,0.06275026627880353,2026-09-03T12:59:40.374112+00:00
401856662,2026,1,2026-09-05T23:30:00.000Z,Mississippi State,UL Monroe,False,False,regular,2026,1,401856662,margin_linear_ransac,linear,margin,/groups/bsavoie2/tburton2/TDNet/publication_artifacts/corrected_f6_wide_margin_roster/through_2025_v1/checkpoints/margin_linear_ransac.pkl,27d8b1ea44f824cd70d1a42a173b766255310544087431b44165de11a8a734fc,F6,20,20,0.7818820225795236,0.5139585510112059,Mississippi State,0.02791710202241182,2026-09-03T12:59:40.374112+00:00
401856660,2026,1,2026-09-05T23:30:00.000Z,LSU,Clemson,False,False,regular,2026,1,401856660,margin_linear_ransac,linear,margin,/groups/bsavoie2/tburton2/TDNet/publication_artifacts/corrected_f6_wide_margin_roster/through_2025_v1/checkpoints/margin_linear_ransac.pkl,27d8b1ea44f824cd70d1a42a173b766255310544087431b44165de11a8a734fc,F6,20,20,-0.9985982795560737,0.4821754444609217,Clemson,0.0356491110781566,2026-09-03T12:59:40.374112+00:00
401864498,2026,1,2026-09-06T02:00:00.000Z,New Mexico,Central Michigan,False,False,regular,2026,1,401864498,margin_linear_ransac,linear,margin,/groups/bsavoie2/tburton2/TDNet/publication_artifacts/corrected_f6_wide_margin_roster/through_2025_v1/checkpoints/margin_linear_ransac.pkl,27d8b1ea44f824cd70d1a42a173b766255310544087431b44165de11a8a734fc,F6,20,20,2.707062418461751,0.5481903459092897,New Mexico,0.09638069181857944,2026-09-03T12:59:40.374112+00:00
401864497,2026,1,2026-09-06T02:00:00.000Z,Hawai'i,UNLV,False,True,regular,2026,1,401864497,margin_linear_ransac,linear,margin,/groups/bsavoie2/tburton2/TDNet/publication_artifacts/corrected_f6_wide_margin_roster/through_2025_v1/checkpoints/margin_linear_ransac.pkl,27d8b1ea44f824cd70d1a42a173b766255310544087431b44165de11a8a734fc,F6,20,20,-10.898392893676752,0.3146526117823069,UNLV,0.3706947764353862,2026-09-03T12:59:40.374112+00:00
401864432,2026,1,2026-09-06T02:30:00.000Z,Nevada,Western Kentucky,False,False,regular,2026,1,401864432,margin_linear_ransac,linear,margin,/groups/bsavoie2/tburton2/TDNet/publication_artifacts/corrected_f6_wide_margin_roster/through_2025_v1/checkpoints/margin_linear_ransac.pkl,27d8b1ea44f824cd70d1a42a173b766255310544087431b44165de11a8a734fc,F6,20,20,-8.415572531937826,0.35408925288907944,Western Kentucky,0.2918214942218411,2026-09-03T12:59:40.374112+00:00
401858210,2026,1,2026-09-06T02:30:00.000Z,California,UCLA,False,False,regular,2026,1,401858210,margin_linear_ransac,linear,margin,/groups/bsavoie2/tburton2/TDNet/publication_artifacts/corrected_f6_wide_margin_roster/through_2025_v1/checkpoints/margin_linear_ransac.pkl,27d8b1ea44f824cd70d1a42a173b766255310544087431b44165de11a8a734fc,F6,20,20,1.906941419372762,0.5339999742568939,California,0.06799994851378788,2026-09-03T12:59:40.374112+00:00
401858437,2026,1,2026-09-06T20:00:00.000Z,Washington,Washington State,False,False,regular,2026,1,401858437,margin_linear_ransac,linear,margin,/groups/bsavoie2/tburton2/TDNet/publication_artifacts/corrected_f6_wide_margin_roster/through_2025_v1/checkpoints/margin_linear_ransac.pkl,27d8b1ea44f824cd70d1a42a173b766255310544087431b44165de11a8a734fc,F6,20,20,8.272515449604441,0.6435702354883004,Washington,0.2871404709766008,2026-09-03T12:59:40.374112+00:00
401856661,2026,1,2026-09-06T23:30:00.000Z,Ole Miss,Louisville,True,False,regular,2026,1,401856661,margin_linear_ransac,linear,margin,/groups/bsavoie2/tburton2/TDNet/publication_artifacts/corrected_f6_wide_margin_roster/through_2025_v1/checkpoints/margin_linear_ransac.pkl,27d8b1ea44f824cd70d1a42a173b766255310544087431b44165de11a8a734fc,F6,20,20,9.24772714609172,0.6593843629923194,Ole Miss,0.3187687259846388,2026-09-03T12:59:40.374112+00:00
401858438,2026,1,2026-09-06T23:30:00.000Z,Notre Dame,Wisconsin,True,False,regular,2026,1,401858438,margin_linear_ransac,linear,margin,/groups/bsavoie2/tburton2/TDNet/publication_artifacts/corrected_f6_wide_margin_roster/through_2025_v1/checkpoints/margin_linear_ransac.pkl,27d8b1ea44f824cd70d1a42a173b766255310544087431b44165de11a8a734fc,F6,20,20,19.178410797223332,0.797361812977127,Notre Dame,0.5947236259542541,2026-09-03T12:59:40.374112+00:00
401858212,2026,1,2026-09-07T23:30:00.000Z,Florida State,SMU,False,True,regular,2026,1,401858212,margin_linear_ransac,linear,margin,/groups/bsavoie2/tburton2/TDNet/publication_artifacts/corrected_f6_wide_margin_roster/through_2025_v1/checkpoints/margin_linear_ransac.pkl,27d8b1ea44f824cd70d1a42a173b766255310544087431b44165de11a8a734fc,F6,20,20,-3.449400470403476,0.43871328872937776,SMU,0.12257342254124448,2026-09-03T12:59:40.374112+00:00
401858423,2026,1,2026-09-03T22:00:00.000Z,Rutgers,Massachusetts,False,False,regular,2026,1,401858423,margin_linear_ridge,linear,margin,/groups/bsavoie2/tburton2/TDNet/publication_artifacts/corrected_f6_wide_margin_roster/through_2025_v1/checkpoints/margin_linear_ridge.pkl,16a4e35d652f96915dd1e0f2a0d5b165920af8509159a2fbd9b5c1036c7e1727,F6,21,21,20.794218671250093,0.9686953008919206,Rutgers,0.9373906017838411,2026-09-03T12:59:40.374112+00:00
401858204,2026,1,2026-09-03T23:00:00.000Z,Wake Forest,Akron,False,False,regular,2026,1,401858204,margin_linear_ridge,linear,margin,/groups/bsavoie2/tburton2/TDNet/publication_artifacts/corrected_f6_wide_margin_roster/through_2025_v1/checkpoints/margin_linear_ridge.pkl,16a4e35d652f96915dd1e0f2a0d5b165920af8509159a2fbd9b5c1036c7e1727,F6,21,21,5.4934681102728655,0.7123289762062032,Wake Forest,0.42465795241240634,2026-09-03T12:59:40.374112+00:00
401856776,2026,1,2026-09-04T00:00:00.000Z,Georgia Tech,Colorado,False,False,regular,2026,1,401856776,margin_linear_ridge,linear,margin,/groups/bsavoie2/tburton2/TDNet/publication_artifacts/corrected_f6_wide_margin_roster/through_2025_v1/checkpoints/margin_linear_ridge.pkl,16a4e35d652f96915dd1e0f2a0d5b165920af8509159a2fbd9b5c1036c7e1727,F6,21,21,9.597791720985697,0.8297928522232407,Georgia Tech,0.6595857044464815,2026-09-03T12:59:40.374112+00:00
401858424,2026,1,2026-09-04T01:00:00.000Z,Illinois,UAB,False,False,regular,2026,1,401858424,margin_linear_ridge,linear,margin,/groups/bsavoie2/tburton2/TDNet/publication_artifacts/corrected_f6_wide_margin_roster/through_2025_v1/checkpoints/margin_linear_ridge.pkl,16a4e35d652f96915dd1e0f2a0d5b165920af8509159a2fbd9b5c1036c7e1727,F6,21,21,8.627889688216435,0.8059761511547039,Illinois,0.6119523023094078,2026-09-03T12:59:40.374112+00:00
401864495,2026,1,2026-09-04T22:30:00.000Z,Eastern Michigan,San José State,False,False,regular,2026,1,401864495,margin_linear_ridge,linear,margin,/groups/bsavoie2/tburton2/TDNet/publication_artifacts/corrected_f6_wide_margin_roster/through_2025_v1/checkpoints/margin_linear_ridge.pkl,16a4e35d652f96915dd1e0f2a0d5b165920af8509159a2fbd9b5c1036c7e1727,F6,21,21,11.256326117759809,0.8650529978995105,Eastern Michigan,0.730105995799021,2026-09-03T12:59:40.374112+00:00
401856664,2026,1,2026-09-05T00:00:00.000Z,Oklahoma,UTEP,False,False,regular,2026,1,401856664,margin_linear_ridge,linear,margin,/groups/bsavoie2/tburton2/TDNet/publication_artifacts/corrected_f6_wide_margin_roster/through_2025_v1/checkpoints/margin_linear_ridge.pkl,16a4e35d652f96915dd1e0f2a0d5b165920af8509159a2fbd9b5c1036c7e1727,F6,21,21,16.449044178294596,0.9379054409449801,Oklahoma,0.8758108818899601,2026-09-03T12:59:40.374112+00:00
401858429,2026,1,2026-09-05T00:00:00.000Z,Michigan State,Toledo,False,False,regular,2026,1,401858429,margin_linear_ridge,linear,margin,/groups/bsavoie2/tburton2/TDNet/publication_artifacts/corrected_f6_wide_margin_roster/through_2025_v1/checkpoints/margin_linear_ridge.pkl,16a4e35d652f96915dd1e0f2a0d5b165920af8509159a2fbd9b5c1036c7e1727,F6,21,21,-5.591456913558094,0.2843682214683847,Toledo,0.4312635570632306,2026-09-03T12:59:40.374112+00:00
401858436,2026,1,2026-09-05T01:00:00.000Z,USC,Fresno State,False,False,regular,2026,1,401858436,margin_linear_ridge,linear,margin,/groups/bsavoie2/tburton2/TDNet/publication_artifacts/corrected_f6_wide_margin_roster/through_2025_v1/checkpoints/margin_linear_ridge.pkl,16a4e35d652f96915dd1e0f2a0d5b165920af8509159a2fbd9b5c1036c7e1727,F6,21,21,12.275320197415173,0.8835101188196243,USC,0.7670202376392485,2026-09-03T12:59:40.374112+00:00
401858206,2026,1,2026-09-05T01:00:00.000Z,Stanford,Miami,False,True,regular,2026,1,401858206,margin_linear_ridge,linear,margin,/groups/bsavoie2/tburton2/TDNet/publication_artifacts/corrected_f6_wide_margin_roster/through_2025_v1/checkpoints/margin_linear_ridge.pkl,16a4e35d652f96915dd1e0f2a0d5b165920af8509159a2fbd9b5c1036c7e1727,F6,21,21,-4.787748027313574,0.3121171520078605,Miami,0.375765695984279,2026-09-03T12:59:40.374112+00:00
401856637,2026,1,2026-09-05T23:45:00.000Z,Florida,Florida Atlantic,False,False,regular,2026,1,401856637,margin_linear_ridge,linear,margin,/groups/bsavoie2/tburton2/TDNet/publication_artifacts/corrected_f6_wide_margin_roster/through_2025_v1/checkpoints/margin_linear_ridge.pkl,16a4e35d652f96915dd1e0f2a0d5b165920af8509159a2fbd9b5c1036c7e1727,F6,21,21,9.266503937132297,0.8219301171885953,Florida,0.6438602343771906,2026-09-03T12:59:40.374112+00:00
401858430,2026,1,2026-09-05T16:00:00.000Z,Nebraska,Ohio,False,False,regular,2026,1,401858430,margin_linear_ridge,linear,margin,/groups/bsavoie2/tburton2/TDNet/publication_artifacts/corrected_f6_wide_margin_roster/through_2025_v1/checkpoints/margin_linear_ridge.pkl,16a4e35d652f96915dd1e0f2a0d5b165920af8509159a2fbd9b5c1036c7e1727,F6,21,21,6.706667564355429,0.7515631367655193,Nebraska,0.5031262735310387,2026-09-03T12:59:40.374112+00:00
401856780,2026,1,2026-09-05T16:00:00.000Z,West Virginia,Coastal Carolina,False,False,regular,2026,1,401856780,margin_linear_ridge,linear,margin,/groups/bsavoie2/tburton2/TDNet/publication_artifacts/corrected_f6_wide_margin_roster/through_2025_v1/checkpoints/margin_linear_ridge.pkl,16a4e35d652f96915dd1e0f2a0d5b165920af8509159a2fbd9b5c1036c7e1727,F6,21,21,8.240910340094887,0.7957922561704983,West Virginia,0.5915845123409966,2026-09-03T12:59:40.374112+00:00
401856634,2026,1,2026-09-05T16:00:00.000Z,Alabama,East Carolina,False,False,regular,2026,1,401856634,margin_linear_ridge,linear,margin,/groups/bsavoie2/tburton2/TDNet/publication_artifacts/corrected_f6_wide_margin_roster/through_2025_v1/checkpoints/margin_linear_ridge.pkl,16a4e35d652f96915dd1e0f2a0d5b165920af8509159a2fbd9b5c1036c7e1727,F6,21,21,0.9821472988700788,0.5404384696610293,Alabama,0.08087693932205853,2026-09-03T12:59:40.374112+00:00
401856778,2026,1,2026-09-05T16:00:00.000Z,Houston,Oregon State,False,False,regular,2026,1,401856778,margin_linear_ridge,linear,margin,/groups/bsavoie2/tburton2/TDNet/publication_artifacts/corrected_f6_wide_margin_roster/through_2025_v1/checkpoints/margin_linear_ridge.pkl,16a4e35d652f96915dd1e0f2a0d5b165920af8509159a2fbd9b5c1036c7e1727,F6,21,21,9.0107356957079,0.815667194452088,Houston,0.631334388904176,2026-09-03T12:59:40.374112+00:00
401858425,2026,1,2026-09-05T16:00:00.000Z,Indiana,North Texas,False,False,regular,2026,1,401858425,margin_linear_ridge,linear,margin,/groups/bsavoie2/tburton2/TDNet/publication_artifacts/corrected_f6_wide_margin_roster/through_2025_v1/checkpoints/margin_linear_ridge.pkl,16a4e35d652f96915dd1e0f2a0d5b165920af8509159a2fbd9b5c1036c7e1727,F6,21,21,10.744510397554683,0.8548838430960888,Indiana,0.7097676861921776,2026-09-03T12:59:40.374112+00:00
401869960,2026,1,2026-09-05T16:00:00.000Z,James Madison,Liberty,False,False,regular,2026,1,401869960,margin_linear_ridge,linear,margin,/groups/bsavoie2/tburton2/TDNet/publication_artifacts/corrected_f6_wide_margin_roster/through_2025_v1/checkpoints/margin_linear_ridge.pkl,16a4e35d652f96915dd1e0f2a0d5b165920af8509159a2fbd9b5c1036c7e1727,F6,21,21,7.103022068760989,0.763576137737539,James Madison,0.5271522754750779,2026-09-03T12:59:40.374112+00:00
401858207,2026,1,2026-09-05T16:30:00.000Z,Pittsburgh,Miami (OH),False,False,regular,2026,1,401858207,margin_linear_ridge,linear,margin,/groups/bsavoie2/tburton2/TDNet/publication_artifacts/corrected_f6_wide_margin_roster/through_2025_v1/checkpoints/margin_linear_ridge.pkl,16a4e35d652f96915dd1e0f2a0d5b165920af8509159a2fbd9b5c1036c7e1727,F6,21,21,6.814152846513723,0.7548608503131451,Pittsburgh,0.5097217006262902,2026-09-03T12:59:40.374112+00:00
401858432,2026,1,2026-09-05T16:30:00.000Z,Ohio State,Ball State,False,False,regular,2026,1,401858432,margin_linear_ridge,linear,margin,/groups/bsavoie2/tburton2/TDNet/publication_artifacts/corrected_f6_wide_margin_roster/through_2025_v1/checkpoints/margin_linear_ridge.pkl,16a4e35d652f96915dd1e0f2a0d5b165920af8509159a2fbd9b5c1036c7e1727,F6,21,21,28.212710251158715,0.9905910294820146,Ohio State,0.9811820589640292,2026-09-03T12:59:40.374112+00:00
401856665,2026,1,2026-09-05T16:45:00.000Z,South Carolina,Kent State,False,False,regular,2026,1,401856665,margin_linear_ridge,linear,margin,/groups/bsavoie2/tburton2/TDNet/publication_artifacts/corrected_f6_wide_margin_roster/through_2025_v1/checkpoints/margin_linear_ridge.pkl,16a4e35d652f96915dd1e0f2a0d5b165920af8509159a2fbd9b5c1036c7e1727,F6,21,21,13.150228279236956,0.897569492649732,South Carolina,0.7951389852994639,2026-09-03T12:59:40.374112+00:00
401858433,2026,1,2026-09-05T19:30:00.000Z,Oregon,Boise State,False,False,regular,2026,1,401858433,margin_linear_ridge,linear,margin,/groups/bsavoie2/tburton2/TDNet/publication_artifacts/corrected_f6_wide_margin_roster/through_2025_v1/checkpoints/margin_linear_ridge.pkl,16a4e35d652f96915dd1e0f2a0d5b165920af8509159a2fbd9b5c1036c7e1727,F6,21,21,13.975071147671592,0.9094263004440815,Oregon,0.8188526008881629,2026-09-03T12:59:40.374112+00:00
401856636,2026,1,2026-09-05T19:30:00.000Z,Auburn,Baylor,True,False,regular,2026,1,401856636,margin_linear_ridge,linear,margin,/groups/bsavoie2/tburton2/TDNet/publication_artifacts/corrected_f6_wide_margin_roster/through_2025_v1/checkpoints/margin_linear_ridge.pkl,16a4e35d652f96915dd1e0f2a0d5b165920af8509159a2fbd9b5c1036c7e1727,F6,21,21,5.774432042723266,0.7217375221305393,Auburn,0.44347504426107864,2026-09-03T12:59:40.374112+00:00
401856667,2026,1,2026-09-05T19:30:00.000Z,Texas,Texas State,False,False,regular,2026,1,401856667,margin_linear_ridge,linear,margin,/groups/bsavoie2/tburton2/TDNet/publication_artifacts/corrected_f6_wide_margin_roster/through_2025_v1/checkpoints/margin_linear_ridge.pkl,16a4e35d652f96915dd1e0f2a0d5b165920af8509159a2fbd9b5c1036c7e1727,F6,21,21,2.0658539946003405,0.5844282533376433,Texas,0.1688565066752865,2026-09-03T12:59:40.374112+00:00
401858434,2026,1,2026-09-05T19:30:00.000Z,Penn State,Marshall,False,False,regular,2026,1,401858434,margin_linear_ridge,linear,margin,/groups/bsavoie2/tburton2/TDNet/publication_artifacts/corrected_f6_wide_margin_roster/through_2025_v1/checkpoints/margin_linear_ridge.pkl,16a4e35d652f96915dd1e0f2a0d5b165920af8509159a2fbd9b5c1036c7e1727,F6,21,21,3.5848307150954195,0.6437534761342611,Penn State,0.2875069522685223,2026-09-03T12:59:40.374112+00:00
401858209,2026,1,2026-09-05T19:30:00.000Z,Duke,Tulane,False,False,regular,2026,1,401858209,margin_linear_ridge,linear,margin,/groups/bsavoie2/tburton2/TDNet/publication_artifacts/corrected_f6_wide_margin_roster/through_2025_v1/checkpoints/margin_linear_ridge.pkl,16a4e35d652f96915dd1e0f2a0d5b165920af8509159a2fbd9b5c1036c7e1727,F6,21,21,5.432741119805664,0.7102706803558054,Duke,0.42054136071161086,2026-09-03T12:59:40.374112+00:00
401856777,2026,1,2026-09-05T19:30:00.000Z,Cincinnati,Boston College,False,False,regular,2026,1,401856777,margin_linear_ridge,linear,margin,/groups/bsavoie2/tburton2/TDNet/publication_artifacts/corrected_f6_wide_margin_roster/through_2025_v1/checkpoints/margin_linear_ridge.pkl,16a4e35d652f96915dd1e0f2a0d5b165920af8509159a2fbd9b5c1036c7e1727,F6,21,21,3.8686458692762633,0.6544228718083729,Cincinnati,0.30884574361674577,2026-09-03T12:59:40.374112+00:00
401856772,2026,1,2026-09-05T19:45:00.000Z,Tulsa,Oklahoma State,False,False,regular,2026,1,401856772,margin_linear_ridge,linear,margin,/groups/bsavoie2/tburton2/TDNet/publication_artifacts/corrected_f6_wide_margin_roster/through_2025_v1/checkpoints/margin_linear_ridge.pkl,16a4e35d652f96915dd1e0f2a0d5b165920af8509159a2fbd9b5c1036c7e1727,F6,21,21,9.86140568863832,0.8358502824957198,Tulsa,0.6717005649914396,2026-09-03T12:59:40.374112+00:00
401858426,2026,1,2026-09-05T20:15:00.000Z,Iowa,Northern Illinois,False,False,regular,2026,1,401858426,margin_linear_ridge,linear,margin,/groups/bsavoie2/tburton2/TDNet/publication_artifacts/corrected_f6_wide_margin_roster/through_2025_v1/checkpoints/margin_linear_ridge.pkl,16a4e35d652f96915dd1e0f2a0d5b165920af8509159a2fbd9b5c1036c7e1727,F6,21,21,12.833561315064172,0.8926632775467643,Iowa,0.7853265550935287,2026-09-03T12:59:40.374112+00:00
401860878,2026,1,2026-09-05T22:00:00.000Z,Colorado State,Wyoming,False,False,regular,2026,1,401860878,margin_linear_ridge,linear,margin,/groups/bsavoie2/tburton2/TDNet/publication_artifacts/corrected_f6_wide_margin_roster/through_2025_v1/checkpoints/margin_linear_ridge.pkl,16a4e35d652f96915dd1e0f2a0d5b165920af8509159a2fbd9b5c1036c7e1727,F6,21,21,6.965075050129377,0.7594411047594916,Colorado State,0.5188822095189831,2026-09-03T12:59:40.374112+00:00
401856668,2026,1,2026-09-05T23:00:00.000Z,Texas A&M,Missouri State,False,False,regular,2026,1,401856668,margin_linear_ridge,linear,margin,/groups/bsavoie2/tburton2/TDNet/publication_artifacts/corrected_f6_wide_margin_roster/through_2025_v1/checkpoints/margin_linear_ridge.pkl,16a4e35d652f96915dd1e0f2a0d5b165920af8509159a2fbd9b5c1036c7e1727,F6,21,21,11.54620060485066,0.8705413544428146,Texas A&M,0.7410827088856291,2026-09-03T12:59:40.374112+00:00
401862695,2026,1,2026-09-05T23:00:00.000Z,Memphis,Arkansas State,False,False,regular,2026,1,401862695,margin_linear_ridge,linear,margin,/groups/bsavoie2/tburton2/TDNet/publication_artifacts/corrected_f6_wide_margin_roster/through_2025_v1/checkpoints/margin_linear_ridge.pkl,16a4e35d652f96915dd1e0f2a0d5b165920af8509159a2fbd9b5c1036c7e1727,F6,21,21,13.094836894625235,0.896725874839102,Memphis,0.7934517496782041,2026-09-03T12:59:40.374112+00:00
401870763,2026,1,2026-09-05T23:00:00.000Z,Troy,Sam Houston,False,False,regular,2026,1,401870763,margin_linear_ridge,linear,margin,/groups/bsavoie2/tburton2/TDNet/publication_artifacts/corrected_f6_wide_margin_roster/through_2025_v1/checkpoints/margin_linear_ridge.pkl,16a4e35d652f96915dd1e0f2a0d5b165920af8509159a2fbd9b5c1036c7e1727,F6,21,21,11.969193489672891,0.8782082041274247,Troy,0.7564164082548495,2026-09-03T12:59:40.374112+00:00
401862699,2026,1,2026-09-05T23:00:00.000Z,South Florida,Florida International,False,False,regular,2026,1,401862699,margin_linear_ridge,linear,margin,/groups/bsavoie2/tburton2/TDNet/publication_artifacts/corrected_f6_wide_margin_roster/through_2025_v1/checkpoints/margin_linear_ridge.pkl,16a4e35d652f96915dd1e0f2a0d5b165920af8509159a2fbd9b5c1036c7e1727,F6,21,21,12.560749132357806,0.8882719048238397,South Florida,0.7765438096476793,2026-09-03T12:59:40.374112+00:00
401858428,2026,1,2026-09-05T23:30:00.000Z,Michigan,Western Michigan,False,False,regular,2026,1,401858428,margin_linear_ridge,linear,margin,/groups/bsavoie2/tburton2/TDNet/publication_artifacts/corrected_f6_wide_margin_roster/through_2025_v1/checkpoints/margin_linear_ridge.pkl,16a4e35d652f96915dd1e0f2a0d5b165920af8509159a2fbd9b5c1036c7e1727,F6,21,21,4.957829002993392,0.6938780326452173,Michigan,0.3877560652904346,2026-09-03T12:59:40.374112+00:00
401856662,2026,1,2026-09-05T23:30:00.000Z,Mississippi State,UL Monroe,False,False,regular,2026,1,401856662,margin_linear_ridge,linear,margin,/groups/bsavoie2/tburton2/TDNet/publication_artifacts/corrected_f6_wide_margin_roster/through_2025_v1/checkpoints/margin_linear_ridge.pkl,16a4e35d652f96915dd1e0f2a0d5b165920af8509159a2fbd9b5c1036c7e1727,F6,21,21,12.875464246906763,0.8933241665553893,Mississippi State,0.7866483331107785,2026-09-03T12:59:40.374112+00:00
401856660,2026,1,2026-09-05T23:30:00.000Z,LSU,Clemson,False,False,regular,2026,1,401856660,margin_linear_ridge,linear,margin,/groups/bsavoie2/tburton2/TDNet/publication_artifacts/corrected_f6_wide_margin_roster/through_2025_v1/checkpoints/margin_linear_ridge.pkl,16a4e35d652f96915dd1e0f2a0d5b165920af8509159a2fbd9b5c1036c7e1727,F6,21,21,1.0665486523608543,0.5438963934440274,LSU,0.08779278688805481,2026-09-03T12:59:40.374112+00:00
401864498,2026,1,2026-09-06T02:00:00.000Z,New Mexico,Central Michigan,False,False,regular,2026,1,401864498,margin_linear_ridge,linear,margin,/groups/bsavoie2/tburton2/TDNet/publication_artifacts/corrected_f6_wide_margin_roster/through_2025_v1/checkpoints/margin_linear_ridge.pkl,16a4e35d652f96915dd1e0f2a0d5b165920af8509159a2fbd9b5c1036c7e1727,F6,21,21,4.712290993377458,0.6852026224244623,New Mexico,0.37040524484892456,2026-09-03T12:59:40.374112+00:00
401864497,2026,1,2026-09-06T02:00:00.000Z,Hawai'i,UNLV,False,True,regular,2026,1,401864497,margin_linear_ridge,linear,margin,/groups/bsavoie2/tburton2/TDNet/publication_artifacts/corrected_f6_wide_margin_roster/through_2025_v1/checkpoints/margin_linear_ridge.pkl,16a4e35d652f96915dd1e0f2a0d5b165920af8509159a2fbd9b5c1036c7e1727,F6,21,21,-8.523641364677982,0.19672877760288243,UNLV,0.6065424447942351,2026-09-03T12:59:40.374112+00:00
401864432,2026,1,2026-09-06T02:30:00.000Z,Nevada,Western Kentucky,False,False,regular,2026,1,401864432,margin_linear_ridge,linear,margin,/groups/bsavoie2/tburton2/TDNet/publication_artifacts/corrected_f6_wide_margin_roster/through_2025_v1/checkpoints/margin_linear_ridge.pkl,16a4e35d652f96915dd1e0f2a0d5b165920af8509159a2fbd9b5c1036c7e1727,F6,21,21,-5.9235084942968825,0.27334790477991877,Western Kentucky,0.45330419044016246,2026-09-03T12:59:40.374112+00:00
401858210,2026,1,2026-09-06T02:30:00.000Z,California,UCLA,False,False,regular,2026,1,401858210,margin_linear_ridge,linear,margin,/groups/bsavoie2/tburton2/TDNet/publication_artifacts/corrected_f6_wide_margin_roster/through_2025_v1/checkpoints/margin_linear_ridge.pkl,16a4e35d652f96915dd1e0f2a0d5b165920af8509159a2fbd9b5c1036c7e1727,F6,21,21,3.159079957665085,0.6274799245562098,California,0.25495984911241965,2026-09-03T12:59:40.374112+00:00
401858437,2026,1,2026-09-06T20:00:00.000Z,Washington,Washington State,False,False,regular,2026,1,401858437,margin_linear_ridge,linear,margin,/groups/bsavoie2/tburton2/TDNet/publication_artifacts/corrected_f6_wide_margin_roster/through_2025_v1/checkpoints/margin_linear_ridge.pkl,16a4e35d652f96915dd1e0f2a0d5b165920af8509159a2fbd9b5c1036c7e1727,F6,21,21,8.762678833879889,0.8094315310467165,Washington,0.618863062093433,2026-09-03T12:59:40.374112+00:00
401856661,2026,1,2026-09-06T23:30:00.000Z,Ole Miss,Louisville,True,False,regular,2026,1,401856661,margin_linear_ridge,linear,margin,/groups/bsavoie2/tburton2/TDNet/publication_artifacts/corrected_f6_wide_margin_roster/through_2025_v1/checkpoints/margin_linear_ridge.pkl,16a4e35d652f96915dd1e0f2a0d5b165920af8509159a2fbd9b5c1036c7e1727,F6,21,21,8.663195972516956,0.8068858174373683,Ole Miss,0.6137716348747366,2026-09-03T12:59:40.374112+00:00
401858438,2026,1,2026-09-06T23:30:00.000Z,Notre Dame,Wisconsin,True,False,regular,2026,1,401858438,margin_linear_ridge,linear,margin,/groups/bsavoie2/tburton2/TDNet/publication_artifacts/corrected_f6_wide_margin_roster/through_2025_v1/checkpoints/margin_linear_ridge.pkl,16a4e35d652f96915dd1e0f2a0d5b165920af8509159a2fbd9b5c1036c7e1727,F6,21,21,16.489976364782613,0.938297743035157,Notre Dame,0.876595486070314,2026-09-03T12:59:40.374112+00:00
401858212,2026,1,2026-09-07T23:30:00.000Z,Florida State,SMU,False,True,regular,2026,1,401858212,margin_linear_ridge,linear,margin,/groups/bsavoie2/tburton2/TDNet/publication_artifacts/corrected_f6_wide_margin_roster/through_2025_v1/checkpoints/margin_linear_ridge.pkl,16a4e35d652f96915dd1e0f2a0d5b165920af8509159a2fbd9b5c1036c7e1727,F6,21,21,2.8286881597416116,0.6146469366133274,Florida State,0.22929387322665473,2026-09-03T12:59:40.374112+00:00
401858423,2026,1,2026-09-03T22:00:00.000Z,Rutgers,Massachusetts,False,False,regular,2026,1,401858423,margin_linear_sgd,linear,margin,/groups/bsavoie2/tburton2/TDNet/publication_artifacts/corrected_f6_wide_margin_roster/through_2025_v1/checkpoints/margin_linear_sgd.pkl,5ad7206687c3cdc2a493293469ec1266e6372f8b0a2ed9b787b6ead8ae4419d3,F6,22,22,23.576882239256733,0.8434417922802356,Rutgers,0.6868835845604713,2026-09-03T12:59:40.374112+00:00
401858204,2026,1,2026-09-03T23:00:00.000Z,Wake Forest,Akron,False,False,regular,2026,1,401858204,margin_linear_sgd,linear,margin,/groups/bsavoie2/tburton2/TDNet/publication_artifacts/corrected_f6_wide_margin_roster/through_2025_v1/checkpoints/margin_linear_sgd.pkl,5ad7206687c3cdc2a493293469ec1266e6372f8b0a2ed9b787b6ead8ae4419d3,F6,22,22,6.13901244460512,0.6079017646656539,Wake Forest,0.21580352933130786,2026-09-03T12:59:40.374112+00:00
401856776,2026,1,2026-09-04T00:00:00.000Z,Georgia Tech,Colorado,False,False,regular,2026,1,401856776,margin_linear_sgd,linear,margin,/groups/bsavoie2/tburton2/TDNet/publication_artifacts/corrected_f6_wide_margin_roster/through_2025_v1/checkpoints/margin_linear_sgd.pkl,5ad7206687c3cdc2a493293469ec1266e6372f8b0a2ed9b787b6ead8ae4419d3,F6,22,22,10.324182928420203,0.6764361597166795,Georgia Tech,0.35287231943335895,2026-09-03T12:59:40.374112+00:00
401858424,2026,1,2026-09-04T01:00:00.000Z,Illinois,UAB,False,False,regular,2026,1,401858424,margin_linear_sgd,linear,margin,/groups/bsavoie2/tburton2/TDNet/publication_artifacts/corrected_f6_wide_margin_roster/through_2025_v1/checkpoints/margin_linear_sgd.pkl,5ad7206687c3cdc2a493293469ec1266e6372f8b0a2ed9b787b6ead8ae4419d3,F6,22,22,12.007794511267328,0.7021798125617527,Illinois,0.4043596251235053,2026-09-03T12:59:40.374112+00:00
401864495,2026,1,2026-09-04T22:30:00.000Z,Eastern Michigan,San José State,False,False,regular,2026,1,401864495,margin_linear_sgd,linear,margin,/groups/bsavoie2/tburton2/TDNet/publication_artifacts/corrected_f6_wide_margin_roster/through_2025_v1/checkpoints/margin_linear_sgd.pkl,5ad7206687c3cdc2a493293469ec1266e6372f8b0a2ed9b787b6ead8ae4419d3,F6,22,22,11.851472637871392,0.6998395143691349,Eastern Michigan,0.3996790287382699,2026-09-03T12:59:40.374112+00:00
401856664,2026,1,2026-09-05T00:00:00.000Z,Oklahoma,UTEP,False,False,regular,2026,1,401856664,margin_linear_sgd,linear,margin,/groups/bsavoie2/tburton2/TDNet/publication_artifacts/corrected_f6_wide_margin_roster/through_2025_v1/checkpoints/margin_linear_sgd.pkl,5ad7206687c3cdc2a493293469ec1266e6372f8b0a2ed9b787b6ead8ae4419d3,F6,22,22,24.34351922541149,0.8505374776880694,Oklahoma,0.7010749553761388,2026-09-03T12:59:40.374112+00:00
401858429,2026,1,2026-09-05T00:00:00.000Z,Michigan State,Toledo,False,False,regular,2026,1,401858429,margin_linear_sgd,linear,margin,/groups/bsavoie2/tburton2/TDNet/publication_artifacts/corrected_f6_wide_margin_roster/through_2025_v1/checkpoints/margin_linear_sgd.pkl,5ad7206687c3cdc2a493293469ec1266e6372f8b0a2ed9b787b6ead8ae4419d3,F6,22,22,-3.5575638639895546,0.436811728567194,Toledo,0.12637654286561195,2026-09-03T12:59:40.374112+00:00
401858436,2026,1,2026-09-05T01:00:00.000Z,USC,Fresno State,False,False,regular,2026,1,401858436,margin_linear_sgd,linear,margin,/groups/bsavoie2/tburton2/TDNet/publication_artifacts/corrected_f6_wide_margin_roster/through_2025_v1/checkpoints/margin_linear_sgd.pkl,5ad7206687c3cdc2a493293469ec1266e6372f8b0a2ed9b787b6ead8ae4419d3,F6,22,22,16.142755005200918,0.7600682873779259,USC,0.5201365747558517,2026-09-03T12:59:40.374112+00:00
401858206,2026,1,2026-09-05T01:00:00.000Z,Stanford,Miami,False,True,regular,2026,1,401858206,margin_linear_sgd,linear,margin,/groups/bsavoie2/tburton2/TDNet/publication_artifacts/corrected_f6_wide_margin_roster/through_2025_v1/checkpoints/margin_linear_sgd.pkl,5ad7206687c3cdc2a493293469ec1266e6372f8b0a2ed9b787b6ead8ae4419d3,F6,22,22,-6.643248963227765,0.38354750387015885,Miami,0.2329049922596823,2026-09-03T12:59:40.374112+00:00
401856637,2026,1,2026-09-05T23:45:00.000Z,Florida,Florida Atlantic,False,False,regular,2026,1,401856637,margin_linear_sgd,linear,margin,/groups/bsavoie2/tburton2/TDNet/publication_artifacts/corrected_f6_wide_margin_roster/through_2025_v1/checkpoints/margin_linear_sgd.pkl,5ad7206687c3cdc2a493293469ec1266e6372f8b0a2ed9b787b6ead8ae4419d3,F6,22,22,13.395666452180045,0.722487334874959,Florida,0.44497466974991795,2026-09-03T12:59:40.374112+00:00
401858430,2026,1,2026-09-05T16:00:00.000Z,Nebraska,Ohio,False,False,regular,2026,1,401858430,margin_linear_sgd,linear,margin,/groups/bsavoie2/tburton2/TDNet/publication_artifacts/corrected_f6_wide_margin_roster/through_2025_v1/checkpoints/margin_linear_sgd.pkl,5ad7206687c3cdc2a493293469ec1266e6372f8b0a2ed9b787b6ead8ae4419d3,F6,22,22,4.6690019406172345,0.5826107699725218,Nebraska,0.16522153994504363,2026-09-03T12:59:40.374112+00:00
401856780,2026,1,2026-09-05T16:00:00.000Z,West Virginia,Coastal Carolina,False,False,regular,2026,1,401856780,margin_linear_sgd,linear,margin,/groups/bsavoie2/tburton2/TDNet/publication_artifacts/corrected_f6_wide_margin_roster/through_2025_v1/checkpoints/margin_linear_sgd.pkl,5ad7206687c3cdc2a493293469ec1266e6372f8b0a2ed9b787b6ead8ae4419d3,F6,22,22,9.556451416182593,0.664319562184927,West Virginia,0.3286391243698541,2026-09-03T12:59:40.374112+00:00
401856634,2026,1,2026-09-05T16:00:00.000Z,Alabama,East Carolina,False,False,regular,2026,1,401856634,margin_linear_sgd,linear,margin,/groups/bsavoie2/tburton2/TDNet/publication_artifacts/corrected_f6_wide_margin_roster/through_2025_v1/checkpoints/margin_linear_sgd.pkl,5ad7206687c3cdc2a493293469ec1266e6372f8b0a2ed9b787b6ead8ae4419d3,F6,22,22,6.4668363600227226,0.6134688154051338,Alabama,0.22693763081026752,2026-09-03T12:59:40.374112+00:00
401856778,2026,1,2026-09-05T16:00:00.000Z,Houston,Oregon State,False,False,regular,2026,1,401856778,margin_linear_sgd,linear,margin,/groups/bsavoie2/tburton2/TDNet/publication_artifacts/corrected_f6_wide_margin_roster/through_2025_v1/checkpoints/margin_linear_sgd.pkl,5ad7206687c3cdc2a493293469ec1266e6372f8b0a2ed9b787b6ead8ae4419d3,F6,22,22,6.1134486911769965,0.6074664429506448,Houston,0.21493288590128956,2026-09-03T12:59:40.374112+00:00
401858425,2026,1,2026-09-05T16:00:00.000Z,Indiana,North Texas,False,False,regular,2026,1,401858425,margin_linear_sgd,linear,margin,/groups/bsavoie2/tburton2/TDNet/publication_artifacts/corrected_f6_wide_margin_roster/through_2025_v1/checkpoints/margin_linear_sgd.pkl,5ad7206687c3cdc2a493293469ec1266e6372f8b0a2ed9b787b6ead8ae4419d3,F6,22,22,11.638968782611116,0.6966413428199159,Indiana,0.3932826856398317,2026-09-03T12:59:40.374112+00:00
401869960,2026,1,2026-09-05T16:00:00.000Z,James Madison,Liberty,False,False,regular,2026,1,401869960,margin_linear_sgd,linear,margin,/groups/bsavoie2/tburton2/TDNet/publication_artifacts/corrected_f6_wide_margin_roster/through_2025_v1/checkpoints/margin_linear_sgd.pkl,5ad7206687c3cdc2a493293469ec1266e6372f8b0a2ed9b787b6ead8ae4419d3,F6,22,22,9.983383603084011,0.67108552577033,James Madison,0.34217105154065997,2026-09-03T12:59:40.374112+00:00
401858207,2026,1,2026-09-05T16:30:00.000Z,Pittsburgh,Miami (OH),False,False,regular,2026,1,401858207,margin_linear_sgd,linear,margin,/groups/bsavoie2/tburton2/TDNet/publication_artifacts/corrected_f6_wide_margin_roster/through_2025_v1/checkpoints/margin_linear_sgd.pkl,5ad7206687c3cdc2a493293469ec1266e6372f8b0a2ed9b787b6ead8ae4419d3,F6,22,22,4.530384698808881,0.5802010821128751,Pittsburgh,0.16040216422575027,2026-09-03T12:59:40.374112+00:00
401858432,2026,1,2026-09-05T16:30:00.000Z,Ohio State,Ball State,False,False,regular,2026,1,401858432,margin_linear_sgd,linear,margin,/groups/bsavoie2/tburton2/TDNet/publication_artifacts/corrected_f6_wide_margin_roster/through_2025_v1/checkpoints/margin_linear_sgd.pkl,5ad7206687c3cdc2a493293469ec1266e6372f8b0a2ed9b787b6ead8ae4419d3,F6,22,22,33.75575817489562,0.9176717600643237,Ohio State,0.8353435201286474,2026-09-03T12:59:40.374112+00:00
401856665,2026,1,2026-09-05T16:45:00.000Z,South Carolina,Kent State,False,False,regular,2026,1,401856665,margin_linear_sgd,linear,margin,/groups/bsavoie2/tburton2/TDNet/publication_artifacts/corrected_f6_wide_margin_roster/through_2025_v1/checkpoints/margin_linear_sgd.pkl,5ad7206687c3cdc2a493293469ec1266e6372f8b0a2ed9b787b6ead8ae4419d3,F6,22,22,14.671358102858893,0.740381846390535,South Carolina,0.4807636927810699,2026-09-03T12:59:40.374112+00:00
401858433,2026,1,2026-09-05T19:30:00.000Z,Oregon,Boise State,False,False,regular,2026,1,401858433,margin_linear_sgd,linear,margin,/groups/bsavoie2/tburton2/TDNet/publication_artifacts/corrected_f6_wide_margin_roster/through_2025_v1/checkpoints/margin_linear_sgd.pkl,5ad7206687c3cdc2a493293469ec1266e6372f8b0a2ed9b787b6ead8ae4419d3,F6,22,22,16.393323428966735,0.7633169921043771,Oregon,0.5266339842087542,2026-09-03T12:59:40.374112+00:00
401856636,2026,1,2026-09-05T19:30:00.000Z,Auburn,Baylor,True,False,regular,2026,1,401856636,margin_linear_sgd,linear,margin,/groups/bsavoie2/tburton2/TDNet/publication_artifacts/corrected_f6_wide_margin_roster/through_2025_v1/checkpoints/margin_linear_sgd.pkl,5ad7206687c3cdc2a493293469ec1266e6372f8b0a2ed9b787b6ead8ae4419d3,F6,22,22,6.800546918177316,0.619105521422243,Auburn,0.2382110428444859,2026-09-03T12:59:40.374112+00:00
401856667,2026,1,2026-09-05T19:30:00.000Z,Texas,Texas State,False,False,regular,2026,1,401856667,margin_linear_sgd,linear,margin,/groups/bsavoie2/tburton2/TDNet/publication_artifacts/corrected_f6_wide_margin_roster/through_2025_v1/checkpoints/margin_linear_sgd.pkl,5ad7206687c3cdc2a493293469ec1266e6372f8b0a2ed9b787b6ead8ae4419d3,F6,22,22,4.512234530194652,0.5798852781501894,Texas,0.15977055630037884,2026-09-03T12:59:40.374112+00:00
401858434,2026,1,2026-09-05T19:30:00.000Z,Penn State,Marshall,False,False,regular,2026,1,401858434,margin_linear_sgd,linear,margin,/groups/bsavoie2/tburton2/TDNet/publication_artifacts/corrected_f6_wide_margin_roster/through_2025_v1/checkpoints/margin_linear_sgd.pkl,5ad7206687c3cdc2a493293469ec1266e6372f8b0a2ed9b787b6ead8ae4419d3,F6,22,22,2.0720534160701725,0.5369335589272192,Penn State,0.07386711785443834,2026-09-03T12:59:40.374112+00:00
401858209,2026,1,2026-09-05T19:30:00.000Z,Duke,Tulane,False,False,regular,2026,1,401858209,margin_linear_sgd,linear,margin,/groups/bsavoie2/tburton2/TDNet/publication_artifacts/corrected_f6_wide_margin_roster/through_2025_v1/checkpoints/margin_linear_sgd.pkl,5ad7206687c3cdc2a493293469ec1266e6372f8b0a2ed9b787b6ead8ae4419d3,F6,22,22,5.510497598642982,0.5971507018247438,Duke,0.19430140364948767,2026-09-03T12:59:40.374112+00:00
401856777,2026,1,2026-09-05T19:30:00.000Z,Cincinnati,Boston College,False,False,regular,2026,1,401856777,margin_linear_sgd,linear,margin,/groups/bsavoie2/tburton2/TDNet/publication_artifacts/corrected_f6_wide_margin_roster/through_2025_v1/checkpoints/margin_linear_sgd.pkl,5ad7206687c3cdc2a493293469ec1266e6372f8b0a2ed9b787b6ead8ae4419d3,F6,22,22,3.38306280893128,0.5601195711535855,Cincinnati,0.12023914230717092,2026-09-03T12:59:40.374112+00:00
401856772,2026,1,2026-09-05T19:45:00.000Z,Tulsa,Oklahoma State,False,False,regular,2026,1,401856772,margin_linear_sgd,linear,margin,/groups/bsavoie2/tburton2/TDNet/publication_artifacts/corrected_f6_wide_margin_roster/through_2025_v1/checkpoints/margin_linear_sgd.pkl,5ad7206687c3cdc2a493293469ec1266e6372f8b0a2ed9b787b6ead8ae4419d3,F6,22,22,9.937873817267082,0.6703676011789881,Tulsa,0.34073520235797616,2026-09-03T12:59:40.374112+00:00
401858426,2026,1,2026-09-05T20:15:00.000Z,Iowa,Northern Illinois,False,False,regular,2026,1,401858426,margin_linear_sgd,linear,margin,/groups/bsavoie2/tburton2/TDNet/publication_artifacts/corrected_f6_wide_margin_roster/through_2025_v1/checkpoints/margin_linear_sgd.pkl,5ad7206687c3cdc2a493293469ec1266e6372f8b0a2ed9b787b6ead8ae4419d3,F6,22,22,12.93923924164865,0.7159034923203191,Iowa,0.43180698464063827,2026-09-03T12:59:40.374112+00:00
401860878,2026,1,2026-09-05T22:00:00.000Z,Colorado State,Wyoming,False,False,regular,2026,1,401860878,margin_linear_sgd,linear,margin,/groups/bsavoie2/tburton2/TDNet/publication_artifacts/corrected_f6_wide_margin_roster/through_2025_v1/checkpoints/margin_linear_sgd.pkl,5ad7206687c3cdc2a493293469ec1266e6372f8b0a2ed9b787b6ead8ae4419d3,F6,22,22,6.66017978807359,0.6167383918450251,Colorado State,0.2334767836900502,2026-09-03T12:59:40.374112+00:00
401856668,2026,1,2026-09-05T23:00:00.000Z,Texas A&M,Missouri State,False,False,regular,2026,1,401856668,margin_linear_sgd,linear,margin,/groups/bsavoie2/tburton2/TDNet/publication_artifacts/corrected_f6_wide_margin_roster/through_2025_v1/checkpoints/margin_linear_sgd.pkl,5ad7206687c3cdc2a493293469ec1266e6372f8b0a2ed9b787b6ead8ae4419d3,F6,22,22,16.80793004069594,0.7686255331832008,Texas A&M,0.5372510663664016,2026-09-03T12:59:40.374112+00:00
401862695,2026,1,2026-09-05T23:00:00.000Z,Memphis,Arkansas State,False,False,regular,2026,1,401862695,margin_linear_sgd,linear,margin,/groups/bsavoie2/tburton2/TDNet/publication_artifacts/corrected_f6_wide_margin_roster/through_2025_v1/checkpoints/margin_linear_sgd.pkl,5ad7206687c3cdc2a493293469ec1266e6372f8b0a2ed9b787b6ead8ae4419d3,F6,22,22,15.271628307788728,0.7485380954930174,Memphis,0.49707619098603484,2026-09-03T12:59:40.374112+00:00
401870763,2026,1,2026-09-05T23:00:00.000Z,Troy,Sam Houston,False,False,regular,2026,1,401870763,margin_linear_sgd,linear,margin,/groups/bsavoie2/tburton2/TDNet/publication_artifacts/corrected_f6_wide_margin_roster/through_2025_v1/checkpoints/margin_linear_sgd.pkl,5ad7206687c3cdc2a493293469ec1266e6372f8b0a2ed9b787b6ead8ae4419d3,F6,22,22,11.754377405992237,0.6983806247409134,Troy,0.3967612494818269,2026-09-03T12:59:40.374112+00:00
401862699,2026,1,2026-09-05T23:00:00.000Z,South Florida,Florida International,False,False,regular,2026,1,401862699,margin_linear_sgd,linear,margin,/groups/bsavoie2/tburton2/TDNet/publication_artifacts/corrected_f6_wide_margin_roster/through_2025_v1/checkpoints/margin_linear_sgd.pkl,5ad7206687c3cdc2a493293469ec1266e6372f8b0a2ed9b787b6ead8ae4419d3,F6,22,22,13.358770410709752,0.7219586227666988,South Florida,0.4439172455333975,2026-09-03T12:59:40.374112+00:00
401858428,2026,1,2026-09-05T23:30:00.000Z,Michigan,Western Michigan,False,False,regular,2026,1,401858428,margin_linear_sgd,linear,margin,/groups/bsavoie2/tburton2/TDNet/publication_artifacts/corrected_f6_wide_margin_roster/through_2025_v1/checkpoints/margin_linear_sgd.pkl,5ad7206687c3cdc2a493293469ec1266e6372f8b0a2ed9b787b6ead8ae4419d3,F6,22,22,6.475319976039141,0.6136124966633676,Michigan,0.22722499332673518,2026-09-03T12:59:40.374112+00:00
401856662,2026,1,2026-09-05T23:30:00.000Z,Mississippi State,UL Monroe,False,False,regular,2026,1,401856662,margin_linear_sgd,linear,margin,/groups/bsavoie2/tburton2/TDNet/publication_artifacts/corrected_f6_wide_margin_roster/through_2025_v1/checkpoints/margin_linear_sgd.pkl,5ad7206687c3cdc2a493293469ec1266e6372f8b0a2ed9b787b6ead8ae4419d3,F6,22,22,10.140401417437243,0.6735563660437581,Mississippi State,0.34711273208751625,2026-09-03T12:59:40.374112+00:00
401856660,2026,1,2026-09-05T23:30:00.000Z,LSU,Clemson,False,False,regular,2026,1,401856660,margin_linear_sgd,linear,margin,/groups/bsavoie2/tburton2/TDNet/publication_artifacts/corrected_f6_wide_margin_roster/through_2025_v1/checkpoints/margin_linear_sgd.pkl,5ad7206687c3cdc2a493293469ec1266e6372f8b0a2ed9b787b6ead8ae4419d3,F6,22,22,0.9997699742723953,0.5178454520374897,LSU,0.035690904074979324,2026-09-03T12:59:40.374112+00:00
401864498,2026,1,2026-09-06T02:00:00.000Z,New Mexico,Central Michigan,False,False,regular,2026,1,401864498,margin_linear_sgd,linear,margin,/groups/bsavoie2/tburton2/TDNet/publication_artifacts/corrected_f6_wide_margin_roster/through_2025_v1/checkpoints/margin_linear_sgd.pkl,5ad7206687c3cdc2a493293469ec1266e6372f8b0a2ed9b787b6ead8ae4419d3,F6,22,22,4.077599841025932,0.5723038716437701,New Mexico,0.1446077432875401,2026-09-03T12:59:40.374112+00:00
401864497,2026,1,2026-09-06T02:00:00.000Z,Hawai'i,UNLV,False,True,regular,2026,1,401864497,margin_linear_sgd,linear,margin,/groups/bsavoie2/tburton2/TDNet/publication_artifacts/corrected_f6_wide_margin_roster/through_2025_v1/checkpoints/margin_linear_sgd.pkl,5ad7206687c3cdc2a493293469ec1266e6372f8b0a2ed9b787b6ead8ae4419d3,F6,22,22,-7.4003427291346435,0.3708444294095749,UNLV,0.2583111411808502,2026-09-03T12:59:40.374112+00:00
401864432,2026,1,2026-09-06T02:30:00.000Z,Nevada,Western Kentucky,False,False,regular,2026,1,401864432,margin_linear_sgd,linear,margin,/groups/bsavoie2/tburton2/TDNet/publication_artifacts/corrected_f6_wide_margin_roster/through_2025_v1/checkpoints/margin_linear_sgd.pkl,5ad7206687c3cdc2a493293469ec1266e6372f8b0a2ed9b787b6ead8ae4419d3,F6,22,22,-8.090796686973555,0.35941271205228925,Western Kentucky,0.2811745758954215,2026-09-03T12:59:40.374112+00:00
401858210,2026,1,2026-09-06T02:30:00.000Z,California,UCLA,False,False,regular,2026,1,401858210,margin_linear_sgd,linear,margin,/groups/bsavoie2/tburton2/TDNet/publication_artifacts/corrected_f6_wide_margin_roster/through_2025_v1/checkpoints/margin_linear_sgd.pkl,5ad7206687c3cdc2a493293469ec1266e6372f8b0a2ed9b787b6ead8ae4419d3,F6,22,22,2.6315781333484534,0.5468545896898331,California,0.09370917937966627,2026-09-03T12:59:40.374112+00:00
401858437,2026,1,2026-09-06T20:00:00.000Z,Washington,Washington State,False,False,regular,2026,1,401858437,margin_linear_sgd,linear,margin,/groups/bsavoie2/tburton2/TDNet/publication_artifacts/corrected_f6_wide_margin_roster/through_2025_v1/checkpoints/margin_linear_sgd.pkl,5ad7206687c3cdc2a493293469ec1266e6372f8b0a2ed9b787b6ead8ae4419d3,F6,22,22,9.324674179924592,0.6606177111816542,Washington,0.3212354223633085,2026-09-03T12:59:40.374112+00:00
401856661,2026,1,2026-09-06T23:30:00.000Z,Ole Miss,Louisville,True,False,regular,2026,1,401856661,margin_linear_sgd,linear,margin,/groups/bsavoie2/tburton2/TDNet/publication_artifacts/corrected_f6_wide_margin_roster/through_2025_v1/checkpoints/margin_linear_sgd.pkl,5ad7206687c3cdc2a493293469ec1266e6372f8b0a2ed9b787b6ead8ae4419d3,F6,22,22,10.066170345508649,0.672389452546014,Ole Miss,0.344778905092028,2026-09-03T12:59:40.374112+00:00
401858438,2026,1,2026-09-06T23:30:00.000Z,Notre Dame,Wisconsin,True,False,regular,2026,1,401858438,margin_linear_sgd,linear,margin,/groups/bsavoie2/tburton2/TDNet/publication_artifacts/corrected_f6_wide_margin_roster/through_2025_v1/checkpoints/margin_linear_sgd.pkl,5ad7206687c3cdc2a493293469ec1266e6372f8b0a2ed9b787b6ead8ae4419d3,F6,22,22,18.03619517311471,0.7838592491346761,Notre Dame,0.5677184982693522,2026-09-03T12:59:40.374112+00:00
401858212,2026,1,2026-09-07T23:30:00.000Z,Florida State,SMU,False,True,regular,2026,1,401858212,margin_linear_sgd,linear,margin,/groups/bsavoie2/tburton2/TDNet/publication_artifacts/corrected_f6_wide_margin_roster/through_2025_v1/checkpoints/margin_linear_sgd.pkl,5ad7206687c3cdc2a493293469ec1266e6372f8b0a2ed9b787b6ead8ae4419d3,F6,22,22,-2.3591905331612733,0.4579710081171477,SMU,0.08405798376570461,2026-09-03T12:59:40.374112+00:00
401858423,2026,1,2026-09-03T22:00:00.000Z,Rutgers,Massachusetts,False,False,regular,2026,1,401858423,margin_neural_mlp,neural,margin,/groups/bsavoie2/tburton2/TDNet/publication_artifacts/corrected_f6_wide_margin_roster/through_2025_v1/checkpoints/margin_neural_mlp.pkl,036f1861c20a2b90d3326fc57a1c4f92a13d39c17c443668c64dda10a440cce5,F6,23,23,30.0,0.9786132640871613,Rutgers,0.9572265281743226,2026-09-03T12:59:40.374112+00:00
401858204,2026,1,2026-09-03T23:00:00.000Z,Wake Forest,Akron,False,False,regular,2026,1,401858204,margin_neural_mlp,neural,margin,/groups/bsavoie2/tburton2/TDNet/publication_artifacts/corrected_f6_wide_margin_roster/through_2025_v1/checkpoints/margin_neural_mlp.pkl,036f1861c20a2b90d3326fc57a1c4f92a13d39c17c443668c64dda10a440cce5,F6,23,23,21.18854522705078,0.8195745241422225,Wake Forest,0.6391490482844451,2026-09-03T12:59:40.374112+00:00
401856776,2026,1,2026-09-04T00:00:00.000Z,Georgia Tech,Colorado,False,False,regular,2026,1,401856776,margin_neural_mlp,neural,margin,/groups/bsavoie2/tburton2/TDNet/publication_artifacts/corrected_f6_wide_margin_roster/through_2025_v1/checkpoints/margin_neural_mlp.pkl,036f1861c20a2b90d3326fc57a1c4f92a13d39c17c443668c64dda10a440cce5,F6,23,23,10.643983840942383,0.6814155116709733,Georgia Tech,0.3628310233419465,2026-09-03T12:59:40.374112+00:00
401858424,2026,1,2026-09-04T01:00:00.000Z,Illinois,UAB,False,False,regular,2026,1,401858424,margin_neural_mlp,neural,margin,/groups/bsavoie2/tburton2/TDNet/publication_artifacts/corrected_f6_wide_margin_roster/through_2025_v1/checkpoints/margin_neural_mlp.pkl,036f1861c20a2b90d3326fc57a1c4f92a13d39c17c443668c64dda10a440cce5,F6,23,23,10.489496231079102,0.6790151972986004,Illinois,0.35803039459720076,2026-09-03T12:59:40.374112+00:00
401864495,2026,1,2026-09-04T22:30:00.000Z,Eastern Michigan,San José State,False,False,regular,2026,1,401864495,margin_neural_mlp,neural,margin,/groups/bsavoie2/tburton2/TDNet/publication_artifacts/corrected_f6_wide_margin_roster/through_2025_v1/checkpoints/margin_neural_mlp.pkl,036f1861c20a2b90d3326fc57a1c4f92a13d39c17c443668c64dda10a440cce5,F6,23,23,7.7987165451049805,0.6357699664930194,Eastern Michigan,0.27153993298603885,2026-09-03T12:59:40.374112+00:00
401856664,2026,1,2026-09-05T00:00:00.000Z,Oklahoma,UTEP,False,False,regular,2026,1,401856664,margin_neural_mlp,neural,margin,/groups/bsavoie2/tburton2/TDNet/publication_artifacts/corrected_f6_wide_margin_roster/through_2025_v1/checkpoints/margin_neural_mlp.pkl,036f1861c20a2b90d3326fc57a1c4f92a13d39c17c443668c64dda10a440cce5,F6,23,23,29.468286514282227,0.8913763533628791,Oklahoma,0.7827527067257583,2026-09-03T12:59:40.374112+00:00
401858429,2026,1,2026-09-05T00:00:00.000Z,Michigan State,Toledo,False,False,regular,2026,1,401858429,margin_neural_mlp,neural,margin,/groups/bsavoie2/tburton2/TDNet/publication_artifacts/corrected_f6_wide_margin_roster/through_2025_v1/checkpoints/margin_neural_mlp.pkl,036f1861c20a2b90d3326fc57a1c4f92a13d39c17c443668c64dda10a440cce5,F6,23,23,-3.879701852798462,0.4311596045599784,Toledo,0.13768079088004315,2026-09-03T12:59:40.374112+00:00
401858436,2026,1,2026-09-05T01:00:00.000Z,USC,Fresno State,False,False,regular,2026,1,401858436,margin_neural_mlp,neural,margin,/groups/bsavoie2/tburton2/TDNet/publication_artifacts/corrected_f6_wide_margin_roster/through_2025_v1/checkpoints/margin_neural_mlp.pkl,036f1861c20a2b90d3326fc57a1c4f92a13d39c17c443668c64dda10a440cce5,F6,23,23,19.780174255371094,0.8042181587572503,USC,0.6084363175145007,2026-09-03T12:59:40.374112+00:00
401858206,2026,1,2026-09-05T01:00:00.000Z,Stanford,Miami,False,True,regular,2026,1,401858206,margin_neural_mlp,neural,margin,/groups/bsavoie2/tburton2/TDNet/publication_artifacts/corrected_f6_wide_margin_roster/through_2025_v1/checkpoints/margin_neural_mlp.pkl,036f1861c20a2b90d3326fc57a1c4f92a13d39c17c443668c64dda10a440cce5,F6,23,23,-6.185163497924805,0.3913127699866899,Miami,0.2173744600266202,2026-09-03T12:59:40.374112+00:00
401856637,2026,1,2026-09-05T23:45:00.000Z,Florida,Florida Atlantic,False,False,regular,2026,1,401856637,margin_neural_mlp,neural,margin,/groups/bsavoie2/tburton2/TDNet/publication_artifacts/corrected_f6_wide_margin_roster/through_2025_v1/checkpoints/margin_neural_mlp.pkl,036f1861c20a2b90d3326fc57a1c4f92a13d39c17c443668c64dda10a440cce5,F6,23,23,18.69603729248047,0.7917376056857416,Florida,0.5834752113714832,2026-09-03T12:59:40.374112+00:00
401858430,2026,1,2026-09-05T16:00:00.000Z,Nebraska,Ohio,False,False,regular,2026,1,401858430,margin_neural_mlp,neural,margin,/groups/bsavoie2/tburton2/TDNet/publication_artifacts/corrected_f6_wide_margin_roster/through_2025_v1/checkpoints/margin_neural_mlp.pkl,036f1861c20a2b90d3326fc57a1c4f92a13d39c17c443668c64dda10a440cce5,F6,23,23,-5.676753997802734,0.39999584313368397,Ohio,0.20000831373263206,2026-09-03T12:59:40.374112+00:00
401856780,2026,1,2026-09-05T16:00:00.000Z,West Virginia,Coastal Carolina,False,False,regular,2026,1,401856780,margin_neural_mlp,neural,margin,/groups/bsavoie2/tburton2/TDNet/publication_artifacts/corrected_f6_wide_margin_roster/through_2025_v1/checkpoints/margin_neural_mlp.pkl,036f1861c20a2b90d3326fc57a1c4f92a13d39c17c443668c64dda10a440cce5,F6,23,23,6.7395782470703125,0.6180780430590846,West Virginia,0.2361560861181693,2026-09-03T12:59:40.374112+00:00
401856634,2026,1,2026-09-05T16:00:00.000Z,Alabama,East Carolina,False,False,regular,2026,1,401856634,margin_neural_mlp,neural,margin,/groups/bsavoie2/tburton2/TDNet/publication_artifacts/corrected_f6_wide_margin_roster/through_2025_v1/checkpoints/margin_neural_mlp.pkl,036f1861c20a2b90d3326fc57a1c4f92a13d39c17c443668c64dda10a440cce5,F6,23,23,4.324424743652344,0.5766136848305484,Alabama,0.15322736966109685,2026-09-03T12:59:40.374112+00:00
401856778,2026,1,2026-09-05T16:00:00.000Z,Houston,Oregon State,False,False,regular,2026,1,401856778,margin_neural_mlp,neural,margin,/groups/bsavoie2/tburton2/TDNet/publication_artifacts/corrected_f6_wide_margin_roster/through_2025_v1/checkpoints/margin_neural_mlp.pkl,036f1861c20a2b90d3326fc57a1c4f92a13d39c17c443668c64dda10a440cce5,F6,23,23,13.31304931640625,0.7213025910221852,Houston,0.4426051820443704,2026-09-03T12:59:40.374112+00:00
401858425,2026,1,2026-09-05T16:00:00.000Z,Indiana,North Texas,False,False,regular,2026,1,401858425,margin_neural_mlp,neural,margin,/groups/bsavoie2/tburton2/TDNet/publication_artifacts/corrected_f6_wide_margin_roster/through_2025_v1/checkpoints/margin_neural_mlp.pkl,036f1861c20a2b90d3326fc57a1c4f92a13d39c17c443668c64dda10a440cce5,F6,23,23,29.112213134765625,0.8888891114724534,Indiana,0.7777782229449068,2026-09-03T12:59:40.374112+00:00
401869960,2026,1,2026-09-05T16:00:00.000Z,James Madison,Liberty,False,False,regular,2026,1,401869960,margin_neural_mlp,neural,margin,/groups/bsavoie2/tburton2/TDNet/publication_artifacts/corrected_f6_wide_margin_roster/through_2025_v1/checkpoints/margin_neural_mlp.pkl,036f1861c20a2b90d3326fc57a1c4f92a13d39c17c443668c64dda10a440cce5,F6,23,23,4.943726539611816,0.5873747714512387,James Madison,0.17474954290247746,2026-09-03T12:59:40.374112+00:00
401858207,2026,1,2026-09-05T16:30:00.000Z,Pittsburgh,Miami (OH),False,False,regular,2026,1,401858207,margin_neural_mlp,neural,margin,/groups/bsavoie2/tburton2/TDNet/publication_artifacts/corrected_f6_wide_margin_roster/through_2025_v1/checkpoints/margin_neural_mlp.pkl,036f1861c20a2b90d3326fc57a1c4f92a13d39c17c443668c64dda10a440cce5,F6,23,23,2.265251398086548,0.5403628963977063,Pittsburgh,0.08072579279541259,2026-09-03T12:59:40.374112+00:00
401858432,2026,1,2026-09-05T16:30:00.000Z,Ohio State,Ball State,False,False,regular,2026,1,401858432,margin_neural_mlp,neural,margin,/groups/bsavoie2/tburton2/TDNet/publication_artifacts/corrected_f6_wide_margin_roster/through_2025_v1/checkpoints/margin_neural_mlp.pkl,036f1861c20a2b90d3326fc57a1c4f92a13d39c17c443668c64dda10a440cce5,F6,23,23,30.0,0.9191915784921149,Ohio State,0.8383831569842297,2026-09-03T12:59:40.374112+00:00
401856665,2026,1,2026-09-05T16:45:00.000Z,South Carolina,Kent State,False,False,regular,2026,1,401856665,margin_neural_mlp,neural,margin,/groups/bsavoie2/tburton2/TDNet/publication_artifacts/corrected_f6_wide_margin_roster/through_2025_v1/checkpoints/margin_neural_mlp.pkl,036f1861c20a2b90d3326fc57a1c4f92a13d39c17c443668c64dda10a440cce5,F6,23,23,16.966232299804688,0.7706303170653546,South Carolina,0.5412606341307091,2026-09-03T12:59:40.374112+00:00
401858433,2026,1,2026-09-05T19:30:00.000Z,Oregon,Boise State,False,False,regular,2026,1,401858433,margin_neural_mlp,neural,margin,/groups/bsavoie2/tburton2/TDNet/publication_artifacts/corrected_f6_wide_margin_roster/through_2025_v1/checkpoints/margin_neural_mlp.pkl,036f1861c20a2b90d3326fc57a1c4f92a13d39c17c443668c64dda10a440cce5,F6,23,23,20.149349212646484,0.8083368141185993,Oregon,0.6166736282371985,2026-09-03T12:59:40.374112+00:00
401856636,2026,1,2026-09-05T19:30:00.000Z,Auburn,Baylor,True,False,regular,2026,1,401856636,margin_neural_mlp,neural,margin,/groups/bsavoie2/tburton2/TDNet/publication_artifacts/corrected_f6_wide_margin_roster/through_2025_v1/checkpoints/margin_neural_mlp.pkl,036f1861c20a2b90d3326fc57a1c4f92a13d39c17c443668c64dda10a440cce5,F6,23,23,15.313460350036621,0.7491001059750845,Auburn,0.49820021195016895,2026-09-03T12:59:40.374112+00:00
401856667,2026,1,2026-09-05T19:30:00.000Z,Texas,Texas State,False,False,regular,2026,1,401856667,margin_neural_mlp,neural,margin,/groups/bsavoie2/tburton2/TDNet/publication_artifacts/corrected_f6_wide_margin_roster/through_2025_v1/checkpoints/margin_neural_mlp.pkl,036f1861c20a2b90d3326fc57a1c4f92a13d39c17c443668c64dda10a440cce5,F6,23,23,16.188400268554688,0.7606623599101247,Texas,0.5213247198202493,2026-09-03T12:59:40.374112+00:00
401858434,2026,1,2026-09-05T19:30:00.000Z,Penn State,Marshall,False,False,regular,2026,1,401858434,margin_neural_mlp,neural,margin,/groups/bsavoie2/tburton2/TDNet/publication_artifacts/corrected_f6_wide_margin_roster/through_2025_v1/checkpoints/margin_neural_mlp.pkl,036f1861c20a2b90d3326fc57a1c4f92a13d39c17c443668c64dda10a440cce5,F6,23,23,5.607863426208496,0.5988226006751858,Penn State,0.19764520135037156,2026-09-03T12:59:40.374112+00:00
401858209,2026,1,2026-09-05T19:30:00.000Z,Duke,Tulane,False,False,regular,2026,1,401858209,margin_neural_mlp,neural,margin,/groups/bsavoie2/tburton2/TDNet/publication_artifacts/corrected_f6_wide_margin_roster/through_2025_v1/checkpoints/margin_neural_mlp.pkl,036f1861c20a2b90d3326fc57a1c4f92a13d39c17c443668c64dda10a440cce5,F6,23,23,9.473700523376465,0.6630001864963534,Duke,0.3260003729927068,2026-09-03T12:59:40.374112+00:00
401856777,2026,1,2026-09-05T19:30:00.000Z,Cincinnati,Boston College,False,False,regular,2026,1,401856777,margin_neural_mlp,neural,margin,/groups/bsavoie2/tburton2/TDNet/publication_artifacts/corrected_f6_wide_margin_roster/through_2025_v1/checkpoints/margin_neural_mlp.pkl,036f1861c20a2b90d3326fc57a1c4f92a13d39c17c443668c64dda10a440cce5,F6,23,23,0.7279692888259888,0.5129965234152652,Cincinnati,0.025993046830530497,2026-09-03T12:59:40.374112+00:00
401856772,2026,1,2026-09-05T19:45:00.000Z,Tulsa,Oklahoma State,False,False,regular,2026,1,401856772,margin_neural_mlp,neural,margin,/groups/bsavoie2/tburton2/TDNet/publication_artifacts/corrected_f6_wide_margin_roster/through_2025_v1/checkpoints/margin_neural_mlp.pkl,036f1861c20a2b90d3326fc57a1c4f92a13d39c17c443668c64dda10a440cce5,F6,23,23,10.767038345336914,0.6833205835592939,Tulsa,0.36664116711858785,2026-09-03T12:59:40.374112+00:00
401858426,2026,1,2026-09-05T20:15:00.000Z,Iowa,Northern Illinois,False,False,regular,2026,1,401858426,margin_neural_mlp,neural,margin,/groups/bsavoie2/tburton2/TDNet/publication_artifacts/corrected_f6_wide_margin_roster/through_2025_v1/checkpoints/margin_neural_mlp.pkl,036f1861c20a2b90d3326fc57a1c4f92a13d39c17c443668c64dda10a440cce5,F6,23,23,23.833818435668945,0.8458499632252504,Iowa,0.6916999264505008,2026-09-03T12:59:40.374112+00:00
401860878,2026,1,2026-09-05T22:00:00.000Z,Colorado State,Wyoming,False,False,regular,2026,1,401860878,margin_neural_mlp,neural,margin,/groups/bsavoie2/tburton2/TDNet/publication_artifacts/corrected_f6_wide_margin_roster/through_2025_v1/checkpoints/margin_neural_mlp.pkl,036f1861c20a2b90d3326fc57a1c4f92a13d39c17c443668c64dda10a440cce5,F6,23,23,20.19567108154297,0.8088489036094958,Colorado State,0.6176978072189916,2026-09-03T12:59:40.374112+00:00
401856668,2026,1,2026-09-05T23:00:00.000Z,Texas A&M,Missouri State,False,False,regular,2026,1,401856668,margin_neural_mlp,neural,margin,/groups/bsavoie2/tburton2/TDNet/publication_artifacts/corrected_f6_wide_margin_roster/through_2025_v1/checkpoints/margin_neural_mlp.pkl,036f1861c20a2b90d3326fc57a1c4f92a13d39c17c443668c64dda10a440cce5,F6,23,23,19.812715530395508,0.8045838761618653,Texas A&M,0.6091677523237307,2026-09-03T12:59:40.374112+00:00
401862695,2026,1,2026-09-05T23:00:00.000Z,Memphis,Arkansas State,False,False,regular,2026,1,401862695,margin_neural_mlp,neural,margin,/groups/bsavoie2/tburton2/TDNet/publication_artifacts/corrected_f6_wide_margin_roster/through_2025_v1/checkpoints/margin_neural_mlp.pkl,036f1861c20a2b90d3326fc57a1c4f92a13d39c17c443668c64dda10a440cce5,F6,23,23,16.30553436279297,0.7621822408688194,Memphis,0.5243644817376387,2026-09-03T12:59:40.374112+00:00
401870763,2026,1,2026-09-05T23:00:00.000Z,Troy,Sam Houston,False,False,regular,2026,1,401870763,margin_neural_mlp,neural,margin,/groups/bsavoie2/tburton2/TDNet/publication_artifacts/corrected_f6_wide_margin_roster/through_2025_v1/checkpoints/margin_neural_mlp.pkl,036f1861c20a2b90d3326fc57a1c4f92a13d39c17c443668c64dda10a440cce5,F6,23,23,21.786205291748047,0.8258012906295742,Troy,0.6516025812591484,2026-09-03T12:59:40.374112+00:00
401862699,2026,1,2026-09-05T23:00:00.000Z,South Florida,Florida International,False,False,regular,2026,1,401862699,margin_neural_mlp,neural,margin,/groups/bsavoie2/tburton2/TDNet/publication_artifacts/corrected_f6_wide_margin_roster/through_2025_v1/checkpoints/margin_neural_mlp.pkl,036f1861c20a2b90d3326fc57a1c4f92a13d39c17c443668c64dda10a440cce5,F6,23,23,10.229677200317383,0.6749569396073125,South Florida,0.349913879214625,2026-09-03T12:59:40.374112+00:00
401858428,2026,1,2026-09-05T23:30:00.000Z,Michigan,Western Michigan,False,False,regular,2026,1,401858428,margin_neural_mlp,neural,margin,/groups/bsavoie2/tburton2/TDNet/publication_artifacts/corrected_f6_wide_margin_roster/through_2025_v1/checkpoints/margin_neural_mlp.pkl,036f1861c20a2b90d3326fc57a1c4f92a13d39c17c443668c64dda10a440cce5,F6,23,23,7.265009880065918,0.62689736143321,Michigan,0.2537947228664199,2026-09-03T12:59:40.374112+00:00
401856662,2026,1,2026-09-05T23:30:00.000Z,Mississippi State,UL Monroe,False,False,regular,2026,1,401856662,margin_neural_mlp,neural,margin,/groups/bsavoie2/tburton2/TDNet/publication_artifacts/corrected_f6_wide_margin_roster/through_2025_v1/checkpoints/margin_neural_mlp.pkl,036f1861c20a2b90d3326fc57a1c4f92a13d39c17c443668c64dda10a440cce5,F6,23,23,12.331562042236328,0.7069933303728528,Mississippi State,0.41398666074570567,2026-09-03T12:59:40.374112+00:00
401856660,2026,1,2026-09-05T23:30:00.000Z,LSU,Clemson,False,False,regular,2026,1,401856660,margin_neural_mlp,neural,margin,/groups/bsavoie2/tburton2/TDNet/publication_artifacts/corrected_f6_wide_margin_roster/through_2025_v1/checkpoints/margin_neural_mlp.pkl,036f1861c20a2b90d3326fc57a1c4f92a13d39c17c443668c64dda10a440cce5,F6,23,23,-2.928163766860962,0.4479011477271242,Clemson,0.10419770454575161,2026-09-03T12:59:40.374112+00:00
401864498,2026,1,2026-09-06T02:00:00.000Z,New Mexico,Central Michigan,False,False,regular,2026,1,401864498,margin_neural_mlp,neural,margin,/groups/bsavoie2/tburton2/TDNet/publication_artifacts/corrected_f6_wide_margin_roster/through_2025_v1/checkpoints/margin_neural_mlp.pkl,036f1861c20a2b90d3326fc57a1c4f92a13d39c17c443668c64dda10a440cce5,F6,23,23,9.704861640930176,0.6666793826261989,New Mexico,0.3333587652523977,2026-09-03T12:59:40.374112+00:00
401864497,2026,1,2026-09-06T02:00:00.000Z,Hawai'i,UNLV,False,True,regular,2026,1,401864497,margin_neural_mlp,neural,margin,/groups/bsavoie2/tburton2/TDNet/publication_artifacts/corrected_f6_wide_margin_roster/through_2025_v1/checkpoints/margin_neural_mlp.pkl,036f1861c20a2b90d3326fc57a1c4f92a13d39c17c443668c64dda10a440cce5,F6,23,23,-30.0,0.09721185989292805,UNLV,0.805576280214144,2026-09-03T12:59:40.374112+00:00
401864432,2026,1,2026-09-06T02:30:00.000Z,Nevada,Western Kentucky,False,False,regular,2026,1,401864432,margin_neural_mlp,neural,margin,/groups/bsavoie2/tburton2/TDNet/publication_artifacts/corrected_f6_wide_margin_roster/through_2025_v1/checkpoints/margin_neural_mlp.pkl,036f1861c20a2b90d3326fc57a1c4f92a13d39c17c443668c64dda10a440cce5,F6,23,23,-4.920775413513184,0.4130226114219694,Western Kentucky,0.17395477715606122,2026-09-03T12:59:40.374112+00:00
401858210,2026,1,2026-09-06T02:30:00.000Z,California,UCLA,False,False,regular,2026,1,401858210,margin_neural_mlp,neural,margin,/groups/bsavoie2/tburton2/TDNet/publication_artifacts/corrected_f6_wide_margin_roster/through_2025_v1/checkpoints/margin_neural_mlp.pkl,036f1861c20a2b90d3326fc57a1c4f92a13d39c17c443668c64dda10a440cce5,F6,23,23,3.168159008026123,0.5563340656022274,California,0.11266813120445485,2026-09-03T12:59:40.374112+00:00
401858437,2026,1,2026-09-06T20:00:00.000Z,Washington,Washington State,False,False,regular,2026,1,401858437,margin_neural_mlp,neural,margin,/groups/bsavoie2/tburton2/TDNet/publication_artifacts/corrected_f6_wide_margin_roster/through_2025_v1/checkpoints/margin_neural_mlp.pkl,036f1861c20a2b90d3326fc57a1c4f92a13d39c17c443668c64dda10a440cce5,F6,23,23,4.231006145477295,0.574983835198793,Washington,0.14996767039758607,2026-09-03T12:59:40.374112+00:00
401856661,2026,1,2026-09-06T23:30:00.000Z,Ole Miss,Louisville,True,False,regular,2026,1,401856661,margin_neural_mlp,neural,margin,/groups/bsavoie2/tburton2/TDNet/publication_artifacts/corrected_f6_wide_margin_roster/through_2025_v1/checkpoints/margin_neural_mlp.pkl,036f1861c20a2b90d3326fc57a1c4f92a13d39c17c443668c64dda10a440cce5,F6,23,23,3.532240390777588,0.5627432379876888,Ole Miss,0.12548647597537754,2026-09-03T12:59:40.374112+00:00
401858438,2026,1,2026-09-06T23:30:00.000Z,Notre Dame,Wisconsin,True,False,regular,2026,1,401858438,margin_neural_mlp,neural,margin,/groups/bsavoie2/tburton2/TDNet/publication_artifacts/corrected_f6_wide_margin_roster/through_2025_v1/checkpoints/margin_neural_mlp.pkl,036f1861c20a2b90d3326fc57a1c4f92a13d39c17c443668c64dda10a440cce5,F6,23,23,23.18096923828125,0.8396711780552907,Notre Dame,0.6793423561105814,2026-09-03T12:59:40.374112+00:00
401858212,2026,1,2026-09-07T23:30:00.000Z,Florida State,SMU,False,True,regular,2026,1,401858212,margin_neural_mlp,neural,margin,/groups/bsavoie2/tburton2/TDNet/publication_artifacts/corrected_f6_wide_margin_roster/through_2025_v1/checkpoints/margin_neural_mlp.pkl,036f1861c20a2b90d3326fc57a1c4f92a13d39c17c443668c64dda10a440cce5,F6,23,23,2.1114914417266846,0.5376338934203503,Florida State,0.07526778684070057,2026-09-03T12:59:40.374112+00:00
401858423,2026,1,2026-09-03T22:00:00.000Z,Rutgers,Massachusetts,False,False,regular,2026,1,401858423,margin_spline_spline_ridge,spline,margin,/groups/bsavoie2/tburton2/TDNet/publication_artifacts/corrected_f6_wide_margin_roster/through_2025_v1/checkpoints/margin_spline_spline_ridge.pkl,4f32c314b8a38930c31fa013c8173bbb28f11bf84a1bcb72a563dfc4c6ac4339,F6,24,24,23.46046042445485,0.7406585052583025,Rutgers,0.4813170105166049,2026-09-03T12:59:40.374112+00:00
401858204,2026,1,2026-09-03T23:00:00.000Z,Wake Forest,Akron,False,False,regular,2026,1,401858204,margin_spline_spline_ridge,spline,margin,/groups/bsavoie2/tburton2/TDNet/publication_artifacts/corrected_f6_wide_margin_roster/through_2025_v1/checkpoints/margin_spline_spline_ridge.pkl,4f32c314b8a38930c31fa013c8173bbb28f11bf84a1bcb72a563dfc4c6ac4339,F6,24,24,10.885927107086106,0.6193831950251459,Wake Forest,0.23876639005029188,2026-09-03T12:59:40.374112+00:00
401856776,2026,1,2026-09-04T00:00:00.000Z,Georgia Tech,Colorado,False,False,regular,2026,1,401856776,margin_spline_spline_ridge,spline,margin,/groups/bsavoie2/tburton2/TDNet/publication_artifacts/corrected_f6_wide_margin_roster/through_2025_v1/checkpoints/margin_spline_spline_ridge.pkl,4f32c314b8a38930c31fa013c8173bbb28f11bf84a1bcb72a563dfc4c6ac4339,F6,24,24,13.31179833521597,0.6446125945412362,Georgia Tech,0.2892251890824724,2026-09-03T12:59:40.374112+00:00
401858424,2026,1,2026-09-04T01:00:00.000Z,Illinois,UAB,False,False,regular,2026,1,401858424,margin_spline_spline_ridge,spline,margin,/groups/bsavoie2/tburton2/TDNet/publication_artifacts/corrected_f6_wide_margin_roster/through_2025_v1/checkpoints/margin_spline_spline_ridge.pkl,4f32c314b8a38930c31fa013c8173bbb28f11bf84a1bcb72a563dfc4c6ac4339,F6,24,24,16.0825297849994,0.6724697564506393,Illinois,0.34493951290127867,2026-09-03T12:59:40.374112+00:00
401864495,2026,1,2026-09-04T22:30:00.000Z,Eastern Michigan,San José State,False,False,regular,2026,1,401864495,margin_spline_spline_ridge,spline,margin,/groups/bsavoie2/tburton2/TDNet/publication_artifacts/corrected_f6_wide_margin_roster/through_2025_v1/checkpoints/margin_spline_spline_ridge.pkl,4f32c314b8a38930c31fa013c8173bbb28f11bf84a1bcb72a563dfc4c6ac4339,F6,24,24,10.782409341835127,0.6182909912923423,Eastern Michigan,0.23658198258468466,2026-09-03T12:59:40.374112+00:00
401856664,2026,1,2026-09-05T00:00:00.000Z,Oklahoma,UTEP,False,False,regular,2026,1,401856664,margin_spline_spline_ridge,spline,margin,/groups/bsavoie2/tburton2/TDNet/publication_artifacts/corrected_f6_wide_margin_roster/through_2025_v1/checkpoints/margin_spline_spline_ridge.pkl,4f32c314b8a38930c31fa013c8173bbb28f11bf84a1bcb72a563dfc4c6ac4339,F6,24,24,23.544819712398137,0.7413826580946503,Oklahoma,0.48276531618930063,2026-09-03T12:59:40.374112+00:00
401858429,2026,1,2026-09-05T00:00:00.000Z,Michigan State,Toledo,False,False,regular,2026,1,401858429,margin_spline_spline_ridge,spline,margin,/groups/bsavoie2/tburton2/TDNet/publication_artifacts/corrected_f6_wide_margin_roster/through_2025_v1/checkpoints/margin_spline_spline_ridge.pkl,4f32c314b8a38930c31fa013c8173bbb28f11bf84a1bcb72a563dfc4c6ac4339,F6,24,24,-1.5242243989780673,0.4829618373141758,Toledo,0.0340763253716484,2026-09-03T12:59:40.374112+00:00
401858436,2026,1,2026-09-05T01:00:00.000Z,USC,Fresno State,False,False,regular,2026,1,401858436,margin_spline_spline_ridge,spline,margin,/groups/bsavoie2/tburton2/TDNet/publication_artifacts/corrected_f6_wide_margin_roster/through_2025_v1/checkpoints/margin_spline_spline_ridge.pkl,4f32c314b8a38930c31fa013c8173bbb28f11bf84a1bcb72a563dfc4c6ac4339,F6,24,24,16.72300817798913,0.6787483234320058,USC,0.3574966468640115,2026-09-03T12:59:40.374112+00:00
401858206,2026,1,2026-09-05T01:00:00.000Z,Stanford,Miami,False,True,regular,2026,1,401858206,margin_spline_spline_ridge,spline,margin,/groups/bsavoie2/tburton2/TDNet/publication_artifacts/corrected_f6_wide_margin_roster/through_2025_v1/checkpoints/margin_spline_spline_ridge.pkl,4f32c314b8a38930c31fa013c8173bbb28f11bf84a1bcb72a563dfc4c6ac4339,F6,24,24,-6.541341748918486,0.4273683628996678,Miami,0.14526327420066443,2026-09-03T12:59:40.374112+00:00
401856637,2026,1,2026-09-05T23:45:00.000Z,Florida,Florida Atlantic,False,False,regular,2026,1,401856637,margin_spline_spline_ridge,spline,margin,/groups/bsavoie2/tburton2/TDNet/publication_artifacts/corrected_f6_wide_margin_roster/through_2025_v1/checkpoints/margin_spline_spline_ridge.pkl,4f32c314b8a38930c31fa013c8173bbb28f11bf84a1bcb72a563dfc4c6ac4339,F6,24,24,17.59669104280009,0.6872095225293284,Florida,0.37441904505865686,2026-09-03T12:59:40.374112+00:00
401858430,2026,1,2026-09-05T16:00:00.000Z,Nebraska,Ohio,False,False,regular,2026,1,401858430,margin_spline_spline_ridge,spline,margin,/groups/bsavoie2/tburton2/TDNet/publication_artifacts/corrected_f6_wide_margin_roster/through_2025_v1/checkpoints/margin_spline_spline_ridge.pkl,4f32c314b8a38930c31fa013c8173bbb28f11bf84a1bcb72a563dfc4c6ac4339,F6,24,24,6.6794391310998416,0.574142652867245,Nebraska,0.14828530573448995,2026-09-03T12:59:40.374112+00:00
401856780,2026,1,2026-09-05T16:00:00.000Z,West Virginia,Coastal Carolina,False,False,regular,2026,1,401856780,margin_spline_spline_ridge,spline,margin,/groups/bsavoie2/tburton2/TDNet/publication_artifacts/corrected_f6_wide_margin_roster/through_2025_v1/checkpoints/margin_spline_spline_ridge.pkl,4f32c314b8a38930c31fa013c8173bbb28f11bf84a1bcb72a563dfc4c6ac4339,F6,24,24,12.210544995452851,0.6332492432489338,West Virginia,0.26649848649786767,2026-09-03T12:59:40.374112+00:00
401856634,2026,1,2026-09-05T16:00:00.000Z,Alabama,East Carolina,False,False,regular,2026,1,401856634,margin_spline_spline_ridge,spline,margin,/groups/bsavoie2/tburton2/TDNet/publication_artifacts/corrected_f6_wide_margin_roster/through_2025_v1/checkpoints/margin_spline_spline_ridge.pkl,4f32c314b8a38930c31fa013c8173bbb28f11bf84a1bcb72a563dfc4c6ac4339,F6,24,24,9.914953528762421,0.6090924718540854,Alabama,0.21818494370817088,2026-09-03T12:59:40.374112+00:00
401856778,2026,1,2026-09-05T16:00:00.000Z,Houston,Oregon State,False,False,regular,2026,1,401856778,margin_spline_spline_ridge,spline,margin,/groups/bsavoie2/tburton2/TDNet/publication_artifacts/corrected_f6_wide_margin_roster/through_2025_v1/checkpoints/margin_spline_spline_ridge.pkl,4f32c314b8a38930c31fa013c8173bbb28f11bf84a1bcb72a563dfc4c6ac4339,F6,24,24,11.577708703463355,0.6266506524055995,Houston,0.25330130481119895,2026-09-03T12:59:40.374112+00:00
401858425,2026,1,2026-09-05T16:00:00.000Z,Indiana,North Texas,False,False,regular,2026,1,401858425,margin_spline_spline_ridge,spline,margin,/groups/bsavoie2/tburton2/TDNet/publication_artifacts/corrected_f6_wide_margin_roster/through_2025_v1/checkpoints/margin_spline_spline_ridge.pkl,4f32c314b8a38930c31fa013c8173bbb28f11bf84a1bcb72a563dfc4c6ac4339,F6,24,24,14.594560876408464,0.6576455292243325,Indiana,0.315291058448665,2026-09-03T12:59:40.374112+00:00
401869960,2026,1,2026-09-05T16:00:00.000Z,James Madison,Liberty,False,False,regular,2026,1,401869960,margin_spline_spline_ridge,spline,margin,/groups/bsavoie2/tburton2/TDNet/publication_artifacts/corrected_f6_wide_margin_roster/through_2025_v1/checkpoints/margin_spline_spline_ridge.pkl,4f32c314b8a38930c31fa013c8173bbb28f11bf84a1bcb72a563dfc4c6ac4339,F6,24,24,13.522895295605117,0.6467727697728374,James Madison,0.29354553954567475,2026-09-03T12:59:40.374112+00:00
401858207,2026,1,2026-09-05T16:30:00.000Z,Pittsburgh,Miami (OH),False,False,regular,2026,1,401858207,margin_spline_spline_ridge,spline,margin,/groups/bsavoie2/tburton2/TDNet/publication_artifacts/corrected_f6_wide_margin_roster/through_2025_v1/checkpoints/margin_spline_spline_ridge.pkl,4f32c314b8a38930c31fa013c8173bbb28f11bf84a1bcb72a563dfc4c6ac4339,F6,24,24,10.008722571538604,0.6100906762218989,Pittsburgh,0.22018135244379788,2026-09-03T12:59:40.374112+00:00
401858432,2026,1,2026-09-05T16:30:00.000Z,Ohio State,Ball State,False,False,regular,2026,1,401858432,margin_spline_spline_ridge,spline,margin,/groups/bsavoie2/tburton2/TDNet/publication_artifacts/corrected_f6_wide_margin_roster/through_2025_v1/checkpoints/margin_spline_spline_ridge.pkl,4f32c314b8a38930c31fa013c8173bbb28f11bf84a1bcb72a563dfc4c6ac4339,F6,24,24,30.0,0.7928038105322128,Ohio State,0.5856076210644257,2026-09-03T12:59:40.374112+00:00
401856665,2026,1,2026-09-05T16:45:00.000Z,South Carolina,Kent State,False,False,regular,2026,1,401856665,margin_spline_spline_ridge,spline,margin,/groups/bsavoie2/tburton2/TDNet/publication_artifacts/corrected_f6_wide_margin_roster/through_2025_v1/checkpoints/margin_spline_spline_ridge.pkl,4f32c314b8a38930c31fa013c8173bbb28f11bf84a1bcb72a563dfc4c6ac4339,F6,24,24,17.650107685812287,0.6877228882717431,South Carolina,0.3754457765434862,2026-09-03T12:59:40.374112+00:00
401858433,2026,1,2026-09-05T19:30:00.000Z,Oregon,Boise State,False,False,regular,2026,1,401858433,margin_spline_spline_ridge,spline,margin,/groups/bsavoie2/tburton2/TDNet/publication_artifacts/corrected_f6_wide_margin_roster/through_2025_v1/checkpoints/margin_spline_spline_ridge.pkl,4f32c314b8a38930c31fa013c8173bbb28f11bf84a1bcb72a563dfc4c6ac4339,F6,24,24,20.23165550462174,0.711969454027966,Oregon,0.42393890805593193,2026-09-03T12:59:40.374112+00:00
401856636,2026,1,2026-09-05T19:30:00.000Z,Auburn,Baylor,True,False,regular,2026,1,401856636,margin_spline_spline_ridge,spline,margin,/groups/bsavoie2/tburton2/TDNet/publication_artifacts/corrected_f6_wide_margin_roster/through_2025_v1/checkpoints/margin_spline_spline_ridge.pkl,4f32c314b8a38930c31fa013c8173bbb28f11bf84a1bcb72a563dfc4c6ac4339,F6,24,24,8.152201232073542,0.590165742454496,Auburn,0.1803314849089921,2026-09-03T12:59:40.374112+00:00
401856667,2026,1,2026-09-05T19:30:00.000Z,Texas,Texas State,False,False,regular,2026,1,401856667,margin_spline_spline_ridge,spline,margin,/groups/bsavoie2/tburton2/TDNet/publication_artifacts/corrected_f6_wide_margin_roster/through_2025_v1/checkpoints/margin_spline_spline_ridge.pkl,4f32c314b8a38930c31fa013c8173bbb28f11bf84a1bcb72a563dfc4c6ac4339,F6,24,24,9.12955611103622,0.6006964883945856,Texas,0.20139297678917112,2026-09-03T12:59:40.374112+00:00
401858434,2026,1,2026-09-05T19:30:00.000Z,Penn State,Marshall,False,False,regular,2026,1,401858434,margin_spline_spline_ridge,spline,margin,/groups/bsavoie2/tburton2/TDNet/publication_artifacts/corrected_f6_wide_margin_roster/through_2025_v1/checkpoints/margin_spline_spline_ridge.pkl,4f32c314b8a38930c31fa013c8173bbb28f11bf84a1bcb72a563dfc4c6ac4339,F6,24,24,10.475345709261628,0.6150441946542967,Penn State,0.23008838930859343,2026-09-03T12:59:40.374112+00:00
401858209,2026,1,2026-09-05T19:30:00.000Z,Duke,Tulane,False,False,regular,2026,1,401858209,margin_spline_spline_ridge,spline,margin,/groups/bsavoie2/tburton2/TDNet/publication_artifacts/corrected_f6_wide_margin_roster/through_2025_v1/checkpoints/margin_spline_spline_ridge.pkl,4f32c314b8a38930c31fa013c8173bbb28f11bf84a1bcb72a563dfc4c6ac4339,F6,24,24,7.572227709996908,0.5838766918309314,Duke,0.16775338366186276,2026-09-03T12:59:40.374112+00:00
401856777,2026,1,2026-09-05T19:30:00.000Z,Cincinnati,Boston College,False,False,regular,2026,1,401856777,margin_spline_spline_ridge,spline,margin,/groups/bsavoie2/tburton2/TDNet/publication_artifacts/corrected_f6_wide_margin_roster/through_2025_v1/checkpoints/margin_spline_spline_ridge.pkl,4f32c314b8a38930c31fa013c8173bbb28f11bf84a1bcb72a563dfc4c6ac4339,F6,24,24,7.620731211458268,0.584403726404011,Cincinnati,0.1688074528080219,2026-09-03T12:59:40.374112+00:00
401856772,2026,1,2026-09-05T19:45:00.000Z,Tulsa,Oklahoma State,False,False,regular,2026,1,401856772,margin_spline_spline_ridge,spline,margin,/groups/bsavoie2/tburton2/TDNet/publication_artifacts/corrected_f6_wide_margin_roster/through_2025_v1/checkpoints/margin_spline_spline_ridge.pkl,4f32c314b8a38930c31fa013c8173bbb28f11bf84a1bcb72a563dfc4c6ac4339,F6,24,24,8.938237340631188,0.5986420667265688,Tulsa,0.19728413345313767,2026-09-03T12:59:40.374112+00:00
401858426,2026,1,2026-09-05T20:15:00.000Z,Iowa,Northern Illinois,False,False,regular,2026,1,401858426,margin_spline_spline_ridge,spline,margin,/groups/bsavoie2/tburton2/TDNet/publication_artifacts/corrected_f6_wide_margin_roster/through_2025_v1/checkpoints/margin_spline_spline_ridge.pkl,4f32c314b8a38930c31fa013c8173bbb28f11bf84a1bcb72a563dfc4c6ac4339,F6,24,24,17.613169109420532,0.6873679356070234,Iowa,0.3747358712140467,2026-09-03T12:59:40.374112+00:00
401860878,2026,1,2026-09-05T22:00:00.000Z,Colorado State,Wyoming,False,False,regular,2026,1,401860878,margin_spline_spline_ridge,spline,margin,/groups/bsavoie2/tburton2/TDNet/publication_artifacts/corrected_f6_wide_margin_roster/through_2025_v1/checkpoints/margin_spline_spline_ridge.pkl,4f32c314b8a38930c31fa013c8173bbb28f11bf84a1bcb72a563dfc4c6ac4339,F6,24,24,8.027732049192577,0.5888184463030552,Colorado State,0.17763689260611049,2026-09-03T12:59:40.374112+00:00
401856668,2026,1,2026-09-05T23:00:00.000Z,Texas A&M,Missouri State,False,False,regular,2026,1,401856668,margin_spline_spline_ridge,spline,margin,/groups/bsavoie2/tburton2/TDNet/publication_artifacts/corrected_f6_wide_margin_roster/through_2025_v1/checkpoints/margin_spline_spline_ridge.pkl,4f32c314b8a38930c31fa013c8173bbb28f11bf84a1bcb72a563dfc4c6ac4339,F6,24,24,17.65666054733606,0.6877858334911287,Texas A&M,0.3755716669822573,2026-09-03T12:59:40.374112+00:00
401862695,2026,1,2026-09-05T23:00:00.000Z,Memphis,Arkansas State,False,False,regular,2026,1,401862695,margin_spline_spline_ridge,spline,margin,/groups/bsavoie2/tburton2/TDNet/publication_artifacts/corrected_f6_wide_margin_roster/through_2025_v1/checkpoints/margin_spline_spline_ridge.pkl,4f32c314b8a38930c31fa013c8173bbb28f11bf84a1bcb72a563dfc4c6ac4339,F6,24,24,14.912959528343622,0.6608448649429433,Memphis,0.3216897298858865,2026-09-03T12:59:40.374112+00:00
401870763,2026,1,2026-09-05T23:00:00.000Z,Troy,Sam Houston,False,False,regular,2026,1,401870763,margin_spline_spline_ridge,spline,margin,/groups/bsavoie2/tburton2/TDNet/publication_artifacts/corrected_f6_wide_margin_roster/through_2025_v1/checkpoints/margin_spline_spline_ridge.pkl,4f32c314b8a38930c31fa013c8173bbb28f11bf84a1bcb72a563dfc4c6ac4339,F6,24,24,15.451672642143517,0.6662245463058578,Troy,0.3324490926117156,2026-09-03T12:59:40.374112+00:00
401862699,2026,1,2026-09-05T23:00:00.000Z,South Florida,Florida International,False,False,regular,2026,1,401862699,margin_spline_spline_ridge,spline,margin,/groups/bsavoie2/tburton2/TDNet/publication_artifacts/corrected_f6_wide_margin_roster/through_2025_v1/checkpoints/margin_spline_spline_ridge.pkl,4f32c314b8a38930c31fa013c8173bbb28f11bf84a1bcb72a563dfc4c6ac4339,F6,24,24,14.647286075896979,0.6581763238242538,South Florida,0.3163526476485077,2026-09-03T12:59:40.374112+00:00
401858428,2026,1,2026-09-05T23:30:00.000Z,Michigan,Western Michigan,False,False,regular,2026,1,401858428,margin_spline_spline_ridge,spline,margin,/groups/bsavoie2/tburton2/TDNet/publication_artifacts/corrected_f6_wide_margin_roster/through_2025_v1/checkpoints/margin_spline_spline_ridge.pkl,4f32c314b8a38930c31fa013c8173bbb28f11bf84a1bcb72a563dfc4c6ac4339,F6,24,24,11.982889339697394,0.6308810774604844,Michigan,0.26176215492096877,2026-09-03T12:59:40.374112+00:00
401856662,2026,1,2026-09-05T23:30:00.000Z,Mississippi State,UL Monroe,False,False,regular,2026,1,401856662,margin_spline_spline_ridge,spline,margin,/groups/bsavoie2/tburton2/TDNet/publication_artifacts/corrected_f6_wide_margin_roster/through_2025_v1/checkpoints/margin_spline_spline_ridge.pkl,4f32c314b8a38930c31fa013c8173bbb28f11bf84a1bcb72a563dfc4c6ac4339,F6,24,24,15.088358960938413,0.6626010820254028,Mississippi State,0.3252021640508056,2026-09-03T12:59:40.374112+00:00
401856660,2026,1,2026-09-05T23:30:00.000Z,LSU,Clemson,False,False,regular,2026,1,401856660,margin_spline_spline_ridge,spline,margin,/groups/bsavoie2/tburton2/TDNet/publication_artifacts/corrected_f6_wide_margin_roster/through_2025_v1/checkpoints/margin_spline_spline_ridge.pkl,4f32c314b8a38930c31fa013c8173bbb28f11bf84a1bcb72a563dfc4c6ac4339,F6,24,24,2.8466006746111905,0.5317894035119435,LSU,0.06357880702388696,2026-09-03T12:59:40.374112+00:00
401864498,2026,1,2026-09-06T02:00:00.000Z,New Mexico,Central Michigan,False,False,regular,2026,1,401864498,margin_spline_spline_ridge,spline,margin,/groups/bsavoie2/tburton2/TDNet/publication_artifacts/corrected_f6_wide_margin_roster/through_2025_v1/checkpoints/margin_spline_spline_ridge.pkl,4f32c314b8a38930c31fa013c8173bbb28f11bf84a1bcb72a563dfc4c6ac4339,F6,24,24,8.475408552218143,0.5936578866138034,New Mexico,0.18731577322760673,2026-09-03T12:59:40.374112+00:00
401864497,2026,1,2026-09-06T02:00:00.000Z,Hawai'i,UNLV,False,True,regular,2026,1,401864497,margin_spline_spline_ridge,spline,margin,/groups/bsavoie2/tburton2/TDNet/publication_artifacts/corrected_f6_wide_margin_roster/through_2025_v1/checkpoints/margin_spline_spline_ridge.pkl,4f32c314b8a38930c31fa013c8173bbb28f11bf84a1bcb72a563dfc4c6ac4339,F6,24,24,-7.091857092443948,0.42135314726230444,UNLV,0.15729370547539112,2026-09-03T12:59:40.374112+00:00
401864432,2026,1,2026-09-06T02:30:00.000Z,Nevada,Western Kentucky,False,False,regular,2026,1,401864432,margin_spline_spline_ridge,spline,margin,/groups/bsavoie2/tburton2/TDNet/publication_artifacts/corrected_f6_wide_margin_roster/through_2025_v1/checkpoints/margin_spline_spline_ridge.pkl,4f32c314b8a38930c31fa013c8173bbb28f11bf84a1bcb72a563dfc4c6ac4339,F6,24,24,-6.171136333122747,0.43142564517472,Western Kentucky,0.13714870965056003,2026-09-03T12:59:40.374112+00:00
401858210,2026,1,2026-09-06T02:30:00.000Z,California,UCLA,False,False,regular,2026,1,401858210,margin_spline_spline_ridge,spline,margin,/groups/bsavoie2/tburton2/TDNet/publication_artifacts/corrected_f6_wide_margin_roster/through_2025_v1/checkpoints/margin_spline_spline_ridge.pkl,4f32c314b8a38930c31fa013c8173bbb28f11bf84a1bcb72a563dfc4c6ac4339,F6,24,24,4.8124855455404765,0.5536091526801522,California,0.10721830536030441,2026-09-03T12:59:40.374112+00:00
401858437,2026,1,2026-09-06T20:00:00.000Z,Washington,Washington State,False,False,regular,2026,1,401858437,margin_spline_spline_ridge,spline,margin,/groups/bsavoie2/tburton2/TDNet/publication_artifacts/corrected_f6_wide_margin_roster/through_2025_v1/checkpoints/margin_spline_spline_ridge.pkl,4f32c314b8a38930c31fa013c8173bbb28f11bf84a1bcb72a563dfc4c6ac4339,F6,24,24,11.900879068597781,0.6300264198560472,Washington,0.2600528397120945,2026-09-03T12:59:40.374112+00:00
401856661,2026,1,2026-09-06T23:30:00.000Z,Ole Miss,Louisville,True,False,regular,2026,1,401856661,margin_spline_spline_ridge,spline,margin,/groups/bsavoie2/tburton2/TDNet/publication_artifacts/corrected_f6_wide_margin_roster/through_2025_v1/checkpoints/margin_spline_spline_ridge.pkl,4f32c314b8a38930c31fa013c8173bbb28f11bf84a1bcb72a563dfc4c6ac4339,F6,24,24,11.180340008637812,0.6224828811781674,Ole Miss,0.24496576235633483,2026-09-03T12:59:40.374112+00:00
401858438,2026,1,2026-09-06T23:30:00.000Z,Notre Dame,Wisconsin,True,False,regular,2026,1,401858438,margin_spline_spline_ridge,spline,margin,/groups/bsavoie2/tburton2/TDNet/publication_artifacts/corrected_f6_wide_margin_roster/through_2025_v1/checkpoints/margin_spline_spline_ridge.pkl,4f32c314b8a38930c31fa013c8173bbb28f11bf84a1bcb72a563dfc4c6ac4339,F6,24,24,20.40885028211921,0.713592091696369,Notre Dame,0.4271841833927379,2026-09-03T12:59:40.374112+00:00
401858212,2026,1,2026-09-07T23:30:00.000Z,Florida State,SMU,False,True,regular,2026,1,401858212,margin_spline_spline_ridge,spline,margin,/groups/bsavoie2/tburton2/TDNet/publication_artifacts/corrected_f6_wide_margin_roster/through_2025_v1/checkpoints/margin_spline_spline_ridge.pkl,4f32c314b8a38930c31fa013c8173bbb28f11bf84a1bcb72a563dfc4c6ac4339,F6,24,24,1.4072172534274117,0.5157311266396394,Florida State,0.03146225327927876,2026-09-03T12:59:40.374112+00:00
401858423,2026,1,2026-09-03T22:00:00.000Z,Rutgers,Massachusetts,False,False,regular,2026,1,401858423,margin_stat_percentile,stat,margin,/groups/bsavoie2/tburton2/TDNet/publication_artifacts/corrected_f6_wide_margin_roster/through_2025_v1/checkpoints/margin_stat_percentile.pkl,0cb25f333688daa4306c325825b6595f395ea77400cfef9a24938e757f056971,F6,25,25,2.608368860199115,0.5344203486353799,Rutgers,0.06884069727075981,2026-09-03T12:59:40.374112+00:00
401858204,2026,1,2026-09-03T23:00:00.000Z,Wake Forest,Akron,False,False,regular,2026,1,401858204,margin_stat_percentile,stat,margin,/groups/bsavoie2/tburton2/TDNet/publication_artifacts/corrected_f6_wide_margin_roster/through_2025_v1/checkpoints/margin_stat_percentile.pkl,0cb25f333688daa4306c325825b6595f395ea77400cfef9a24938e757f056971,F6,25,25,2.007534507510078,0.526508754742355,Wake Forest,0.05301750948471007,2026-09-03T12:59:40.374112+00:00
401856776,2026,1,2026-09-04T00:00:00.000Z,Georgia Tech,Colorado,False,False,regular,2026,1,401856776,margin_stat_percentile,stat,margin,/groups/bsavoie2/tburton2/TDNet/publication_artifacts/corrected_f6_wide_margin_roster/through_2025_v1/checkpoints/margin_stat_percentile.pkl,0cb25f333688daa4306c325825b6595f395ea77400cfef9a24938e757f056971,F6,25,25,2.4719802469013317,0.5326258021237372,Georgia Tech,0.06525160424747445,2026-09-03T12:59:40.374112+00:00
401858424,2026,1,2026-09-04T01:00:00.000Z,Illinois,UAB,False,False,regular,2026,1,401858424,margin_stat_percentile,stat,margin,/groups/bsavoie2/tburton2/TDNet/publication_artifacts/corrected_f6_wide_margin_roster/through_2025_v1/checkpoints/margin_stat_percentile.pkl,0cb25f333688daa4306c325825b6595f395ea77400cfef9a24938e757f056971,F6,25,25,1.4866931954312912,0.5196395517677245,Illinois,0.039279103535448945,2026-09-03T12:59:40.374112+00:00
401864495,2026,1,2026-09-04T22:30:00.000Z,Eastern Michigan,San José State,False,False,regular,2026,1,401864495,margin_stat_percentile,stat,margin,/groups/bsavoie2/tburton2/TDNet/publication_artifacts/corrected_f6_wide_margin_roster/through_2025_v1/checkpoints/margin_stat_percentile.pkl,0cb25f333688daa4306c325825b6595f395ea77400cfef9a24938e757f056971,F6,25,25,2.923888489200484,0.5385683388156188,Eastern Michigan,0.07713667763123766,2026-09-03T12:59:40.374112+00:00
401856664,2026,1,2026-09-05T00:00:00.000Z,Oklahoma,UTEP,False,False,regular,2026,1,401856664,margin_stat_percentile,stat,margin,/groups/bsavoie2/tburton2/TDNet/publication_artifacts/corrected_f6_wide_margin_roster/through_2025_v1/checkpoints/margin_stat_percentile.pkl,0cb25f333688daa4306c325825b6595f395ea77400cfef9a24938e757f056971,F6,25,25,3.4376740013814224,0.5453111711061561,Oklahoma,0.09062234221231225,2026-09-03T12:59:40.374112+00:00
401858429,2026,1,2026-09-05T00:00:00.000Z,Michigan State,Toledo,False,False,regular,2026,1,401858429,margin_stat_percentile,stat,margin,/groups/bsavoie2/tburton2/TDNet/publication_artifacts/corrected_f6_wide_margin_roster/through_2025_v1/checkpoints/margin_stat_percentile.pkl,0cb25f333688daa4306c325825b6595f395ea77400cfef9a24938e757f056971,F6,25,25,-0.7626233064608671,0.48992175376075464,Toledo,0.020156492478490717,2026-09-03T12:59:40.374112+00:00
401858436,2026,1,2026-09-05T01:00:00.000Z,USC,Fresno State,False,False,regular,2026,1,401858436,margin_stat_percentile,stat,margin,/groups/bsavoie2/tburton2/TDNet/publication_artifacts/corrected_f6_wide_margin_roster/through_2025_v1/checkpoints/margin_stat_percentile.pkl,0cb25f333688daa4306c325825b6595f395ea77400cfef9a24938e757f056971,F6,25,25,7.821476275522039,0.6019283959183398,USC,0.2038567918366796,2026-09-03T12:59:40.374112+00:00
401858206,2026,1,2026-09-05T01:00:00.000Z,Stanford,Miami,False,True,regular,2026,1,401858206,margin_stat_percentile,stat,margin,/groups/bsavoie2/tburton2/TDNet/publication_artifacts/corrected_f6_wide_margin_roster/through_2025_v1/checkpoints/margin_stat_percentile.pkl,0cb25f333688daa4306c325825b6595f395ea77400cfef9a24938e757f056971,F6,25,25,-4.797889952241303,0.43692400340847565,Miami,0.1261519931830487,2026-09-03T12:59:40.374112+00:00
401856637,2026,1,2026-09-05T23:45:00.000Z,Florida,Florida Atlantic,False,False,regular,2026,1,401856637,margin_stat_percentile,stat,margin,/groups/bsavoie2/tburton2/TDNet/publication_artifacts/corrected_f6_wide_margin_roster/through_2025_v1/checkpoints/margin_stat_percentile.pkl,0cb25f333688daa4306c325825b6595f395ea77400cfef9a24938e757f056971,F6,25,25,3.7536982566229464,0.5494505392710427,Florida,0.09890107854208541,2026-09-03T12:59:40.374112+00:00
401858430,2026,1,2026-09-05T16:00:00.000Z,Nebraska,Ohio,False,False,regular,2026,1,401858430,margin_stat_percentile,stat,margin,/groups/bsavoie2/tburton2/TDNet/publication_artifacts/corrected_f6_wide_margin_roster/through_2025_v1/checkpoints/margin_stat_percentile.pkl,0cb25f333688daa4306c325825b6595f395ea77400cfef9a24938e757f056971,F6,25,25,1.2970458510139293,0.5171363733660969,Nebraska,0.034272746732193715,2026-09-03T12:59:40.374112+00:00
401856780,2026,1,2026-09-05T16:00:00.000Z,West Virginia,Coastal Carolina,False,False,regular,2026,1,401856780,margin_stat_percentile,stat,margin,/groups/bsavoie2/tburton2/TDNet/publication_artifacts/corrected_f6_wide_margin_roster/through_2025_v1/checkpoints/margin_stat_percentile.pkl,0cb25f333688daa4306c325825b6595f395ea77400cfef9a24938e757f056971,F6,25,25,3.8019096203564353,0.5500814373901043,West Virginia,0.10016287478020858,2026-09-03T12:59:40.374112+00:00
401856634,2026,1,2026-09-05T16:00:00.000Z,Alabama,East Carolina,False,False,regular,2026,1,401856634,margin_stat_percentile,stat,margin,/groups/bsavoie2/tburton2/TDNet/publication_artifacts/corrected_f6_wide_margin_roster/through_2025_v1/checkpoints/margin_stat_percentile.pkl,0cb25f333688daa4306c325825b6595f395ea77400cfef9a24938e757f056971,F6,25,25,2.834813237964124,0.5373978236143918,Alabama,0.07479564722878362,2026-09-03T12:59:40.374112+00:00
401856778,2026,1,2026-09-05T16:00:00.000Z,Houston,Oregon State,False,False,regular,2026,1,401856778,margin_stat_percentile,stat,margin,/groups/bsavoie2/tburton2/TDNet/publication_artifacts/corrected_f6_wide_margin_roster/through_2025_v1/checkpoints/margin_stat_percentile.pkl,0cb25f333688daa4306c325825b6595f395ea77400cfef9a24938e757f056971,F6,25,25,-0.9986404421644578,0.48680400923514894,Oregon State,0.026391981529702124,2026-09-03T12:59:40.374112+00:00
401858425,2026,1,2026-09-05T16:00:00.000Z,Indiana,North Texas,False,False,regular,2026,1,401858425,margin_stat_percentile,stat,margin,/groups/bsavoie2/tburton2/TDNet/publication_artifacts/corrected_f6_wide_margin_roster/through_2025_v1/checkpoints/margin_stat_percentile.pkl,0cb25f333688daa4306c325825b6595f395ea77400cfef9a24938e757f056971,F6,25,25,3.7992946064242936,0.5500472212020937,Indiana,0.10009444240418741,2026-09-03T12:59:40.374112+00:00
401869960,2026,1,2026-09-05T16:00:00.000Z,James Madison,Liberty,False,False,regular,2026,1,401869960,margin_stat_percentile,stat,margin,/groups/bsavoie2/tburton2/TDNet/publication_artifacts/corrected_f6_wide_margin_roster/through_2025_v1/checkpoints/margin_stat_percentile.pkl,0cb25f333688daa4306c325825b6595f395ea77400cfef9a24938e757f056971,F6,25,25,3.6083866320824574,0.5475480245465965,James Madison,0.09509604909319291,2026-09-03T12:59:40.374112+00:00
401858207,2026,1,2026-09-05T16:30:00.000Z,Pittsburgh,Miami (OH),False,False,regular,2026,1,401858207,margin_stat_percentile,stat,margin,/groups/bsavoie2/tburton2/TDNet/publication_artifacts/corrected_f6_wide_margin_roster/through_2025_v1/checkpoints/margin_stat_percentile.pkl,0cb25f333688daa4306c325825b6595f395ea77400cfef9a24938e757f056971,F6,25,25,0.16501799655166816,0.5021810331832249,Pittsburgh,0.004362066366449868,2026-09-03T12:59:40.374112+00:00
401858432,2026,1,2026-09-05T16:30:00.000Z,Ohio State,Ball State,False,False,regular,2026,1,401858432,margin_stat_percentile,stat,margin,/groups/bsavoie2/tburton2/TDNet/publication_artifacts/corrected_f6_wide_margin_roster/through_2025_v1/checkpoints/margin_stat_percentile.pkl,0cb25f333688daa4306c325825b6595f395ea77400cfef9a24938e757f056971,F6,25,25,8.412989524940185,0.6093971268771562,Ohio State,0.21879425375431238,2026-09-03T12:59:40.374112+00:00
401856665,2026,1,2026-09-05T16:45:00.000Z,South Carolina,Kent State,False,False,regular,2026,1,401856665,margin_stat_percentile,stat,margin,/groups/bsavoie2/tburton2/TDNet/publication_artifacts/corrected_f6_wide_margin_roster/through_2025_v1/checkpoints/margin_stat_percentile.pkl,0cb25f333688daa4306c325825b6595f395ea77400cfef9a24938e757f056971,F6,25,25,1.1855800841106878,0.5156647136675178,South Carolina,0.03132942733503552,2026-09-03T12:59:40.374112+00:00
401858433,2026,1,2026-09-05T19:30:00.000Z,Oregon,Boise State,False,False,regular,2026,1,401858433,margin_stat_percentile,stat,margin,/groups/bsavoie2/tburton2/TDNet/publication_artifacts/corrected_f6_wide_margin_roster/through_2025_v1/checkpoints/margin_stat_percentile.pkl,0cb25f333688daa4306c325825b6595f395ea77400cfef9a24938e757f056971,F6,25,25,3.2047331478563246,0.5422560040090327,Oregon,0.08451200801806547,2026-09-03T12:59:40.374112+00:00
401856636,2026,1,2026-09-05T19:30:00.000Z,Auburn,Baylor,True,False,regular,2026,1,401856636,margin_stat_percentile,stat,margin,/groups/bsavoie2/tburton2/TDNet/publication_artifacts/corrected_f6_wide_margin_roster/through_2025_v1/checkpoints/margin_stat_percentile.pkl,0cb25f333688daa4306c325825b6595f395ea77400cfef9a24938e757f056971,F6,25,25,-0.2522726187078034,0.4966657558691605,Baylor,0.006668488261678984,2026-09-03T12:59:40.374112+00:00
401856667,2026,1,2026-09-05T19:30:00.000Z,Texas,Texas State,False,False,regular,2026,1,401856667,margin_stat_percentile,stat,margin,/groups/bsavoie2/tburton2/TDNet/publication_artifacts/corrected_f6_wide_margin_roster/through_2025_v1/checkpoints/margin_stat_percentile.pkl,0cb25f333688daa4306c325825b6595f395ea77400cfef9a24938e757f056971,F6,25,25,-0.46193875744908997,0.4938948472441639,Texas State,0.012210305511672237,2026-09-03T12:59:40.374112+00:00
401858434,2026,1,2026-09-05T19:30:00.000Z,Penn State,Marshall,False,False,regular,2026,1,401858434,margin_stat_percentile,stat,margin,/groups/bsavoie2/tburton2/TDNet/publication_artifacts/corrected_f6_wide_margin_roster/through_2025_v1/checkpoints/margin_stat_percentile.pkl,0cb25f333688daa4306c325825b6595f395ea77400cfef9a24938e757f056971,F6,25,25,1.3851406629436702,0.5182992621290273,Penn State,0.036598524258054654,2026-09-03T12:59:40.374112+00:00
401858209,2026,1,2026-09-05T19:30:00.000Z,Duke,Tulane,False,False,regular,2026,1,401858209,margin_stat_percentile,stat,margin,/groups/bsavoie2/tburton2/TDNet/publication_artifacts/corrected_f6_wide_margin_roster/through_2025_v1/checkpoints/margin_stat_percentile.pkl,0cb25f333688daa4306c325825b6595f395ea77400cfef9a24938e757f056971,F6,25,25,2.104279887983236,0.5277836710302269,Duke,0.055567342060453884,2026-09-03T12:59:40.374112+00:00
401856777,2026,1,2026-09-05T19:30:00.000Z,Cincinnati,Boston College,False,False,regular,2026,1,401856777,margin_stat_percentile,stat,margin,/groups/bsavoie2/tburton2/TDNet/publication_artifacts/corrected_f6_wide_margin_roster/through_2025_v1/checkpoints/margin_stat_percentile.pkl,0cb25f333688daa4306c325825b6595f395ea77400cfef9a24938e757f056971,F6,25,25,-1.0730992781281823,0.4858206227563917,Boston College,0.028358754487216586,2026-09-03T12:59:40.374112+00:00
401856772,2026,1,2026-09-05T19:45:00.000Z,Tulsa,Oklahoma State,False,False,regular,2026,1,401856772,margin_stat_percentile,stat,margin,/groups/bsavoie2/tburton2/TDNet/publication_artifacts/corrected_f6_wide_margin_roster/through_2025_v1/checkpoints/margin_stat_percentile.pkl,0cb25f333688daa4306c325825b6595f395ea77400cfef9a24938e757f056971,F6,25,25,3.7783291117649114,0.5497728807920387,Tulsa,0.09954576158407735,2026-09-03T12:59:40.374112+00:00
401858426,2026,1,2026-09-05T20:15:00.000Z,Iowa,Northern Illinois,False,False,regular,2026,1,401858426,margin_stat_percentile,stat,margin,/groups/bsavoie2/tburton2/TDNet/publication_artifacts/corrected_f6_wide_margin_roster/through_2025_v1/checkpoints/margin_stat_percentile.pkl,0cb25f333688daa4306c325825b6595f395ea77400cfef9a24938e757f056971,F6,25,25,4.104817097678549,0.5540415465846028,Iowa,0.10808309316920561,2026-09-03T12:59:40.374112+00:00
401860878,2026,1,2026-09-05T22:00:00.000Z,Colorado State,Wyoming,False,False,regular,2026,1,401860878,margin_stat_percentile,stat,margin,/groups/bsavoie2/tburton2/TDNet/publication_artifacts/corrected_f6_wide_margin_roster/through_2025_v1/checkpoints/margin_stat_percentile.pkl,0cb25f333688daa4306c325825b6595f395ea77400cfef9a24938e757f056971,F6,25,25,-0.030356932256377145,0.4995987717478997,Wyoming,0.0008024565042006326,2026-09-03T12:59:40.374112+00:00
401856668,2026,1,2026-09-05T23:00:00.000Z,Texas A&M,Missouri State,False,False,regular,2026,1,401856668,margin_stat_percentile,stat,margin,/groups/bsavoie2/tburton2/TDNet/publication_artifacts/corrected_f6_wide_margin_roster/through_2025_v1/checkpoints/margin_stat_percentile.pkl,0cb25f333688daa4306c325825b6595f395ea77400cfef9a24938e757f056971,F6,25,25,2.7831806291864516,0.5367191430376251,Texas A&M,0.07343828607525027,2026-09-03T12:59:40.374112+00:00
401862695,2026,1,2026-09-05T23:00:00.000Z,Memphis,Arkansas State,False,False,regular,2026,1,401862695,margin_stat_percentile,stat,margin,/groups/bsavoie2/tburton2/TDNet/publication_artifacts/corrected_f6_wide_margin_roster/through_2025_v1/checkpoints/margin_stat_percentile.pkl,0cb25f333688daa4306c325825b6595f395ea77400cfef9a24938e757f056971,F6,25,25,-0.07637227546558278,0.4989905870829529,Arkansas State,0.0020188258340941845,2026-09-03T12:59:40.374112+00:00
401870763,2026,1,2026-09-05T23:00:00.000Z,Troy,Sam Houston,False,False,regular,2026,1,401870763,margin_stat_percentile,stat,margin,/groups/bsavoie2/tburton2/TDNet/publication_artifacts/corrected_f6_wide_margin_roster/through_2025_v1/checkpoints/margin_stat_percentile.pkl,0cb25f333688daa4306c325825b6595f395ea77400cfef9a24938e757f056971,F6,25,25,-0.3773791117783144,0.4950123362206712,Sam Houston,0.009975327558657598,2026-09-03T12:59:40.374112+00:00
401862699,2026,1,2026-09-05T23:00:00.000Z,South Florida,Florida International,False,False,regular,2026,1,401862699,margin_stat_percentile,stat,margin,/groups/bsavoie2/tburton2/TDNet/publication_artifacts/corrected_f6_wide_margin_roster/through_2025_v1/checkpoints/margin_stat_percentile.pkl,0cb25f333688daa4306c325825b6595f395ea77400cfef9a24938e757f056971,F6,25,25,5.7858953088233465,0.5758815691323822,South Florida,0.1517631382647644,2026-09-03T12:59:40.374112+00:00
401858428,2026,1,2026-09-05T23:30:00.000Z,Michigan,Western Michigan,False,False,regular,2026,1,401858428,margin_stat_percentile,stat,margin,/groups/bsavoie2/tburton2/TDNet/publication_artifacts/corrected_f6_wide_margin_roster/through_2025_v1/checkpoints/margin_stat_percentile.pkl,0cb25f333688daa4306c325825b6595f395ea77400cfef9a24938e757f056971,F6,25,25,0.7280980880181184,0.5096221026889771,Michigan,0.019244205377954238,2026-09-03T12:59:40.374112+00:00
401856662,2026,1,2026-09-05T23:30:00.000Z,Mississippi State,UL Monroe,False,False,regular,2026,1,401856662,margin_stat_percentile,stat,margin,/groups/bsavoie2/tburton2/TDNet/publication_artifacts/corrected_f6_wide_margin_roster/through_2025_v1/checkpoints/margin_stat_percentile.pkl,0cb25f333688daa4306c325825b6595f395ea77400cfef9a24938e757f056971,F6,25,25,-0.9800661601713386,0.48704933814990997,UL Monroe,0.025901323700180057,2026-09-03T12:59:40.374112+00:00
401856660,2026,1,2026-09-05T23:30:00.000Z,LSU,Clemson,False,False,regular,2026,1,401856660,margin_stat_percentile,stat,margin,/groups/bsavoie2/tburton2/TDNet/publication_artifacts/corrected_f6_wide_margin_roster/through_2025_v1/checkpoints/margin_stat_percentile.pkl,0cb25f333688daa4306c325825b6595f395ea77400cfef9a24938e757f056971,F6,25,25,-1.2823359483900836,0.4830578219943681,Clemson,0.03388435601126383,2026-09-03T12:59:40.374112+00:00
401864498,2026,1,2026-09-06T02:00:00.000Z,New Mexico,Central Michigan,False,False,regular,2026,1,401864498,margin_stat_percentile,stat,margin,/groups/bsavoie2/tburton2/TDNet/publication_artifacts/corrected_f6_wide_margin_roster/through_2025_v1/checkpoints/margin_stat_percentile.pkl,0cb25f333688daa4306c325825b6595f395ea77400cfef9a24938e757f056971,F6,25,25,1.1921538991047969,0.5157515141906838,New Mexico,0.03150302838136754,2026-09-03T12:59:40.374112+00:00
401864497,2026,1,2026-09-06T02:00:00.000Z,Hawai'i,UNLV,False,True,regular,2026,1,401864497,margin_stat_percentile,stat,margin,/groups/bsavoie2/tburton2/TDNet/publication_artifacts/corrected_f6_wide_margin_roster/through_2025_v1/checkpoints/margin_stat_percentile.pkl,0cb25f333688daa4306c325825b6595f395ea77400cfef9a24938e757f056971,F6,25,25,-6.561846790576012,0.4141313612698828,UNLV,0.17173727746023437,2026-09-03T12:59:40.374112+00:00
401864432,2026,1,2026-09-06T02:30:00.000Z,Nevada,Western Kentucky,False,False,regular,2026,1,401864432,margin_stat_percentile,stat,margin,/groups/bsavoie2/tburton2/TDNet/publication_artifacts/corrected_f6_wide_margin_roster/through_2025_v1/checkpoints/margin_stat_percentile.pkl,0cb25f333688daa4306c325825b6595f395ea77400cfef9a24938e757f056971,F6,25,25,-0.665443987487036,0.4912057170849967,Western Kentucky,0.017588565830006564,2026-09-03T12:59:40.374112+00:00
401858210,2026,1,2026-09-06T02:30:00.000Z,California,UCLA,False,False,regular,2026,1,401858210,margin_stat_percentile,stat,margin,/groups/bsavoie2/tburton2/TDNet/publication_artifacts/corrected_f6_wide_margin_roster/through_2025_v1/checkpoints/margin_stat_percentile.pkl,0cb25f333688daa4306c325825b6595f395ea77400cfef9a24938e757f056971,F6,25,25,1.1882171385537683,0.5156995333960445,California,0.031399066792088925,2026-09-03T12:59:40.374112+00:00
401858437,2026,1,2026-09-06T20:00:00.000Z,Washington,Washington State,False,False,regular,2026,1,401858437,margin_stat_percentile,stat,margin,/groups/bsavoie2/tburton2/TDNet/publication_artifacts/corrected_f6_wide_margin_roster/through_2025_v1/checkpoints/margin_stat_percentile.pkl,0cb25f333688daa4306c325825b6595f395ea77400cfef9a24938e757f056971,F6,25,25,2.671184770650898,0.5352465583643974,Washington,0.07049311672879477,2026-09-03T12:59:40.374112+00:00
401856661,2026,1,2026-09-06T23:30:00.000Z,Ole Miss,Louisville,True,False,regular,2026,1,401856661,margin_stat_percentile,stat,margin,/groups/bsavoie2/tburton2/TDNet/publication_artifacts/corrected_f6_wide_margin_roster/through_2025_v1/checkpoints/margin_stat_percentile.pkl,0cb25f333688daa4306c325825b6595f395ea77400cfef9a24938e757f056971,F6,25,25,4.849194894664707,0.5637431892670733,Ole Miss,0.12748637853414668,2026-09-03T12:59:40.374112+00:00
401858438,2026,1,2026-09-06T23:30:00.000Z,Notre Dame,Wisconsin,True,False,regular,2026,1,401858438,margin_stat_percentile,stat,margin,/groups/bsavoie2/tburton2/TDNet/publication_artifacts/corrected_f6_wide_margin_roster/through_2025_v1/checkpoints/margin_stat_percentile.pkl,0cb25f333688daa4306c325825b6595f395ea77400cfef9a24938e757f056971,F6,25,25,5.923365971940934,0.5776556879682144,Notre Dame,0.15531137593642885,2026-09-03T12:59:40.374112+00:00
401858212,2026,1,2026-09-07T23:30:00.000Z,Florida State,SMU,False,True,regular,2026,1,401858212,margin_stat_percentile,stat,margin,/groups/bsavoie2/tburton2/TDNet/publication_artifacts/corrected_f6_wide_margin_roster/through_2025_v1/checkpoints/margin_stat_percentile.pkl,0cb25f333688daa4306c325825b6595f395ea77400cfef9a24938e757f056971,F6,25,25,0.7075665210624755,0.509350834142406,Florida State,0.018701668284812012,2026-09-03T12:59:40.374112+00:00
401858423,2026,1,2026-09-03T22:00:00.000Z,Rutgers,Massachusetts,False,False,regular,2026,1,401858423,margin_structured_neural_structured_mlp,structured_neural,margin,/groups/bsavoie2/tburton2/TDNet/publication_artifacts/corrected_f6_wide_margin_roster/through_2025_v1/checkpoints/margin_structured_neural_structured_mlp.pkl,3a23277e8fc54ef67871de329ca46004fea458ca4493318c55a89fa23752630d,F6,29,29,30.0,0.9565351850446866,Rutgers,0.9130703700893732,2026-09-03T12:59:40.374112+00:00
401858204,2026,1,2026-09-03T23:00:00.000Z,Wake Forest,Akron,False,False,regular,2026,1,401858204,margin_structured_neural_structured_mlp,structured_neural,margin,/groups/bsavoie2/tburton2/TDNet/publication_artifacts/corrected_f6_wide_margin_roster/through_2025_v1/checkpoints/margin_structured_neural_structured_mlp.pkl,3a23277e8fc54ef67871de329ca46004fea458ca4493318c55a89fa23752630d,F6,29,29,2.9100286960601807,0.5517785061376882,Wake Forest,0.10355701227537639,2026-09-03T12:59:40.374112+00:00
401856776,2026,1,2026-09-04T00:00:00.000Z,Georgia Tech,Colorado,False,False,regular,2026,1,401856776,margin_structured_neural_structured_mlp,structured_neural,margin,/groups/bsavoie2/tburton2/TDNet/publication_artifacts/corrected_f6_wide_margin_roster/through_2025_v1/checkpoints/margin_structured_neural_structured_mlp.pkl,3a23277e8fc54ef67871de329ca46004fea458ca4493318c55a89fa23752630d,F6,29,29,4.086431980133057,0.5724582832866982,Georgia Tech,0.14491656657339647,2026-09-03T12:59:40.374112+00:00
401858424,2026,1,2026-09-04T01:00:00.000Z,Illinois,UAB,False,False,regular,2026,1,401858424,margin_structured_neural_structured_mlp,structured_neural,margin,/groups/bsavoie2/tburton2/TDNet/publication_artifacts/corrected_f6_wide_margin_roster/through_2025_v1/checkpoints/margin_structured_neural_structured_mlp.pkl,3a23277e8fc54ef67871de329ca46004fea458ca4493318c55a89fa23752630d,F6,29,29,17.172746658325195,0.7732272826449604,Illinois,0.5464545652899209,2026-09-03T12:59:40.374112+00:00
401864495,2026,1,2026-09-04T22:30:00.000Z,Eastern Michigan,San José State,False,False,regular,2026,1,401864495,margin_structured_neural_structured_mlp,structured_neural,margin,/groups/bsavoie2/tburton2/TDNet/publication_artifacts/corrected_f6_wide_margin_roster/through_2025_v1/checkpoints/margin_structured_neural_structured_mlp.pkl,3a23277e8fc54ef67871de329ca46004fea458ca4493318c55a89fa23752630d,F6,29,29,5.3844499588012695,0.5949829460958582,Eastern Michigan,0.18996589219171645,2026-09-03T12:59:40.374112+00:00
401856664,2026,1,2026-09-05T00:00:00.000Z,Oklahoma,UTEP,False,False,regular,2026,1,401856664,margin_structured_neural_structured_mlp,structured_neural,margin,/groups/bsavoie2/tburton2/TDNet/publication_artifacts/corrected_f6_wide_margin_roster/through_2025_v1/checkpoints/margin_structured_neural_structured_mlp.pkl,3a23277e8fc54ef67871de329ca46004fea458ca4493318c55a89fa23752630d,F6,29,29,26.64742088317871,0.8702744104016893,Oklahoma,0.7405488208033786,2026-09-03T12:59:40.374112+00:00
401858429,2026,1,2026-09-05T00:00:00.000Z,Michigan State,Toledo,False,False,regular,2026,1,401858429,margin_structured_neural_structured_mlp,structured_neural,margin,/groups/bsavoie2/tburton2/TDNet/publication_artifacts/corrected_f6_wide_margin_roster/through_2025_v1/checkpoints/margin_structured_neural_structured_mlp.pkl,3a23277e8fc54ef67871de329ca46004fea458ca4493318c55a89fa23752630d,F6,29,29,-1.6818418502807617,0.4700031763021488,Toledo,0.059993647395702454,2026-09-03T12:59:40.374112+00:00
401858436,2026,1,2026-09-05T01:00:00.000Z,USC,Fresno State,False,False,regular,2026,1,401858436,margin_structured_neural_structured_mlp,structured_neural,margin,/groups/bsavoie2/tburton2/TDNet/publication_artifacts/corrected_f6_wide_margin_roster/through_2025_v1/checkpoints/margin_structured_neural_structured_mlp.pkl,3a23277e8fc54ef67871de329ca46004fea458ca4493318c55a89fa23752630d,F6,29,29,11.587052345275879,0.6958570851171122,USC,0.3917141702342244,2026-09-03T12:59:40.374112+00:00
401858206,2026,1,2026-09-05T01:00:00.000Z,Stanford,Miami,False,True,regular,2026,1,401858206,margin_structured_neural_structured_mlp,structured_neural,margin,/groups/bsavoie2/tburton2/TDNet/publication_artifacts/corrected_f6_wide_margin_roster/through_2025_v1/checkpoints/margin_structured_neural_structured_mlp.pkl,3a23277e8fc54ef67871de329ca46004fea458ca4493318c55a89fa23752630d,F6,29,29,-27.4979305267334,0.12301992971743082,Miami,0.7539601405651384,2026-09-03T12:59:40.374112+00:00
401856637,2026,1,2026-09-05T23:45:00.000Z,Florida,Florida Atlantic,False,False,regular,2026,1,401856637,margin_structured_neural_structured_mlp,structured_neural,margin,/groups/bsavoie2/tburton2/TDNet/publication_artifacts/corrected_f6_wide_margin_roster/through_2025_v1/checkpoints/margin_structured_neural_structured_mlp.pkl,3a23277e8fc54ef67871de329ca46004fea458ca4493318c55a89fa23752630d,F6,29,29,16.109935760498047,0.759640522161772,Florida,0.519281044323544,2026-09-03T12:59:40.374112+00:00
401858430,2026,1,2026-09-05T16:00:00.000Z,Nebraska,Ohio,False,False,regular,2026,1,401858430,margin_structured_neural_structured_mlp,structured_neural,margin,/groups/bsavoie2/tburton2/TDNet/publication_artifacts/corrected_f6_wide_margin_roster/through_2025_v1/checkpoints/margin_structured_neural_structured_mlp.pkl,3a23277e8fc54ef67871de329ca46004fea458ca4493318c55a89fa23752630d,F6,29,29,4.67707633972168,0.5827510129811597,Nebraska,0.16550202596231944,2026-09-03T12:59:40.374112+00:00
401856780,2026,1,2026-09-05T16:00:00.000Z,West Virginia,Coastal Carolina,False,False,regular,2026,1,401856780,margin_structured_neural_structured_mlp,structured_neural,margin,/groups/bsavoie2/tburton2/TDNet/publication_artifacts/corrected_f6_wide_margin_roster/through_2025_v1/checkpoints/margin_structured_neural_structured_mlp.pkl,3a23277e8fc54ef67871de329ca46004fea458ca4493318c55a89fa23752630d,F6,29,29,8.923290252685547,0.6541604854310529,West Virginia,0.30832097086210575,2026-09-03T12:59:40.374112+00:00
401856634,2026,1,2026-09-05T16:00:00.000Z,Alabama,East Carolina,False,False,regular,2026,1,401856634,margin_structured_neural_structured_mlp,structured_neural,margin,/groups/bsavoie2/tburton2/TDNet/publication_artifacts/corrected_f6_wide_margin_roster/through_2025_v1/checkpoints/margin_structured_neural_structured_mlp.pkl,3a23277e8fc54ef67871de329ca46004fea458ca4493318c55a89fa23752630d,F6,29,29,19.216550827026367,0.7978016358072606,Alabama,0.5956032716145212,2026-09-03T12:59:40.374112+00:00
401856778,2026,1,2026-09-05T16:00:00.000Z,Houston,Oregon State,False,False,regular,2026,1,401856778,margin_structured_neural_structured_mlp,structured_neural,margin,/groups/bsavoie2/tburton2/TDNet/publication_artifacts/corrected_f6_wide_margin_roster/through_2025_v1/checkpoints/margin_structured_neural_structured_mlp.pkl,3a23277e8fc54ef67871de329ca46004fea458ca4493318c55a89fa23752630d,F6,29,29,22.625768661499023,0.8342602107252736,Houston,0.6685204214505471,2026-09-03T12:59:40.374112+00:00
401858425,2026,1,2026-09-05T16:00:00.000Z,Indiana,North Texas,False,False,regular,2026,1,401858425,margin_structured_neural_structured_mlp,structured_neural,margin,/groups/bsavoie2/tburton2/TDNet/publication_artifacts/corrected_f6_wide_margin_roster/through_2025_v1/checkpoints/margin_structured_neural_structured_mlp.pkl,3a23277e8fc54ef67871de329ca46004fea458ca4493318c55a89fa23752630d,F6,29,29,18.55695152282715,0.7900947335466676,Indiana,0.5801894670933352,2026-09-03T12:59:40.374112+00:00
401869960,2026,1,2026-09-05T16:00:00.000Z,James Madison,Liberty,False,False,regular,2026,1,401869960,margin_structured_neural_structured_mlp,structured_neural,margin,/groups/bsavoie2/tburton2/TDNet/publication_artifacts/corrected_f6_wide_margin_roster/through_2025_v1/checkpoints/margin_structured_neural_structured_mlp.pkl,3a23277e8fc54ef67871de329ca46004fea458ca4493318c55a89fa23752630d,F6,29,29,16.686372756958008,0.7670778053956999,James Madison,0.5341556107913998,2026-09-03T12:59:40.374112+00:00
401858207,2026,1,2026-09-05T16:30:00.000Z,Pittsburgh,Miami (OH),False,False,regular,2026,1,401858207,margin_structured_neural_structured_mlp,structured_neural,margin,/groups/bsavoie2/tburton2/TDNet/publication_artifacts/corrected_f6_wide_margin_roster/through_2025_v1/checkpoints/margin_structured_neural_structured_mlp.pkl,3a23277e8fc54ef67871de329ca46004fea458ca4493318c55a89fa23752630d,F6,29,29,7.562017440795898,0.6318459391097981,Pittsburgh,0.2636918782195963,2026-09-03T12:59:40.374112+00:00
401858432,2026,1,2026-09-05T16:30:00.000Z,Ohio State,Ball State,False,False,regular,2026,1,401858432,margin_structured_neural_structured_mlp,structured_neural,margin,/groups/bsavoie2/tburton2/TDNet/publication_artifacts/corrected_f6_wide_margin_roster/through_2025_v1/checkpoints/margin_structured_neural_structured_mlp.pkl,3a23277e8fc54ef67871de329ca46004fea458ca4493318c55a89fa23752630d,F6,29,29,30.0,0.9974606076958353,Ohio State,0.9949212153916707,2026-09-03T12:59:40.374112+00:00
401856665,2026,1,2026-09-05T16:45:00.000Z,South Carolina,Kent State,False,False,regular,2026,1,401856665,margin_structured_neural_structured_mlp,structured_neural,margin,/groups/bsavoie2/tburton2/TDNet/publication_artifacts/corrected_f6_wide_margin_roster/through_2025_v1/checkpoints/margin_structured_neural_structured_mlp.pkl,3a23277e8fc54ef67871de329ca46004fea458ca4493318c55a89fa23752630d,F6,29,29,13.910643577575684,0.7298018338659306,South Carolina,0.4596036677318611,2026-09-03T12:59:40.374112+00:00
401858433,2026,1,2026-09-05T19:30:00.000Z,Oregon,Boise State,False,False,regular,2026,1,401858433,margin_structured_neural_structured_mlp,structured_neural,margin,/groups/bsavoie2/tburton2/TDNet/publication_artifacts/corrected_f6_wide_margin_roster/through_2025_v1/checkpoints/margin_structured_neural_structured_mlp.pkl,3a23277e8fc54ef67871de329ca46004fea458ca4493318c55a89fa23752630d,F6,29,29,17.959186553955078,0.7829258581876065,Oregon,0.565851716375213,2026-09-03T12:59:40.374112+00:00
401856636,2026,1,2026-09-05T19:30:00.000Z,Auburn,Baylor,True,False,regular,2026,1,401856636,margin_structured_neural_structured_mlp,structured_neural,margin,/groups/bsavoie2/tburton2/TDNet/publication_artifacts/corrected_f6_wide_margin_roster/through_2025_v1/checkpoints/margin_structured_neural_structured_mlp.pkl,3a23277e8fc54ef67871de329ca46004fea458ca4493318c55a89fa23752630d,F6,29,29,10.635160446166992,0.6812786776903891,Auburn,0.36255735538077816,2026-09-03T12:59:40.374112+00:00
401856667,2026,1,2026-09-05T19:30:00.000Z,Texas,Texas State,False,False,regular,2026,1,401856667,margin_structured_neural_structured_mlp,structured_neural,margin,/groups/bsavoie2/tburton2/TDNet/publication_artifacts/corrected_f6_wide_margin_roster/through_2025_v1/checkpoints/margin_structured_neural_structured_mlp.pkl,3a23277e8fc54ef67871de329ca46004fea458ca4493318c55a89fa23752630d,F6,29,29,1.5390996932983398,0.5274562759456263,Texas,0.05491255189125255,2026-09-03T12:59:40.374112+00:00
401858434,2026,1,2026-09-05T19:30:00.000Z,Penn State,Marshall,False,False,regular,2026,1,401858434,margin_structured_neural_structured_mlp,structured_neural,margin,/groups/bsavoie2/tburton2/TDNet/publication_artifacts/corrected_f6_wide_margin_roster/through_2025_v1/checkpoints/margin_structured_neural_structured_mlp.pkl,3a23277e8fc54ef67871de329ca46004fea458ca4493318c55a89fa23752630d,F6,29,29,0.8647257685661316,0.5154366242634976,Penn State,0.030873248526995134,2026-09-03T12:59:40.374112+00:00
401858209,2026,1,2026-09-05T19:30:00.000Z,Duke,Tulane,False,False,regular,2026,1,401858209,margin_structured_neural_structured_mlp,structured_neural,margin,/groups/bsavoie2/tburton2/TDNet/publication_artifacts/corrected_f6_wide_margin_roster/through_2025_v1/checkpoints/margin_structured_neural_structured_mlp.pkl,3a23277e8fc54ef67871de329ca46004fea458ca4493318c55a89fa23752630d,F6,29,29,2.916764736175537,0.5518974996432653,Duke,0.10379499928653058,2026-09-03T12:59:40.374112+00:00
401856777,2026,1,2026-09-05T19:30:00.000Z,Cincinnati,Boston College,False,False,regular,2026,1,401856777,margin_structured_neural_structured_mlp,structured_neural,margin,/groups/bsavoie2/tburton2/TDNet/publication_artifacts/corrected_f6_wide_margin_roster/through_2025_v1/checkpoints/margin_structured_neural_structured_mlp.pkl,3a23277e8fc54ef67871de329ca46004fea458ca4493318c55a89fa23752630d,F6,29,29,3.768043279647827,0.5668832245765759,Cincinnati,0.13376644915315183,2026-09-03T12:59:40.374112+00:00
401856772,2026,1,2026-09-05T19:45:00.000Z,Tulsa,Oklahoma State,False,False,regular,2026,1,401856772,margin_structured_neural_structured_mlp,structured_neural,margin,/groups/bsavoie2/tburton2/TDNet/publication_artifacts/corrected_f6_wide_margin_roster/through_2025_v1/checkpoints/margin_structured_neural_structured_mlp.pkl,3a23277e8fc54ef67871de329ca46004fea458ca4493318c55a89fa23752630d,F6,29,29,2.2348287105560303,0.5398231272414159,Tulsa,0.0796462544828318,2026-09-03T12:59:40.374112+00:00
401858426,2026,1,2026-09-05T20:15:00.000Z,Iowa,Northern Illinois,False,False,regular,2026,1,401858426,margin_structured_neural_structured_mlp,structured_neural,margin,/groups/bsavoie2/tburton2/TDNet/publication_artifacts/corrected_f6_wide_margin_roster/through_2025_v1/checkpoints/margin_structured_neural_structured_mlp.pkl,3a23277e8fc54ef67871de329ca46004fea458ca4493318c55a89fa23752630d,F6,29,29,27.250864028930664,0.8750634388700621,Iowa,0.7501268777401242,2026-09-03T12:59:40.374112+00:00
401860878,2026,1,2026-09-05T22:00:00.000Z,Colorado State,Wyoming,False,False,regular,2026,1,401860878,margin_structured_neural_structured_mlp,structured_neural,margin,/groups/bsavoie2/tburton2/TDNet/publication_artifacts/corrected_f6_wide_margin_roster/through_2025_v1/checkpoints/margin_structured_neural_structured_mlp.pkl,3a23277e8fc54ef67871de329ca46004fea458ca4493318c55a89fa23752630d,F6,29,29,0.5295650362968445,0.5094553911250257,Colorado State,0.018910782250051383,2026-09-03T12:59:40.374112+00:00
401856668,2026,1,2026-09-05T23:00:00.000Z,Texas A&M,Missouri State,False,False,regular,2026,1,401856668,margin_structured_neural_structured_mlp,structured_neural,margin,/groups/bsavoie2/tburton2/TDNet/publication_artifacts/corrected_f6_wide_margin_roster/through_2025_v1/checkpoints/margin_structured_neural_structured_mlp.pkl,3a23277e8fc54ef67871de329ca46004fea458ca4493318c55a89fa23752630d,F6,29,29,24.644651412963867,0.8532512665025122,Texas A&M,0.7065025330050243,2026-09-03T12:59:40.374112+00:00
401862695,2026,1,2026-09-05T23:00:00.000Z,Memphis,Arkansas State,False,False,regular,2026,1,401862695,margin_structured_neural_structured_mlp,structured_neural,margin,/groups/bsavoie2/tburton2/TDNet/publication_artifacts/corrected_f6_wide_margin_roster/through_2025_v1/checkpoints/margin_structured_neural_structured_mlp.pkl,3a23277e8fc54ef67871de329ca46004fea458ca4493318c55a89fa23752630d,F6,29,29,30.0,0.9563853126798849,Memphis,0.9127706253597698,2026-09-03T12:59:40.374112+00:00
401870763,2026,1,2026-09-05T23:00:00.000Z,Troy,Sam Houston,False,False,regular,2026,1,401870763,margin_structured_neural_structured_mlp,structured_neural,margin,/groups/bsavoie2/tburton2/TDNet/publication_artifacts/corrected_f6_wide_margin_roster/through_2025_v1/checkpoints/margin_structured_neural_structured_mlp.pkl,3a23277e8fc54ef67871de329ca46004fea458ca4493318c55a89fa23752630d,F6,29,29,11.672717094421387,0.6971505372311924,Troy,0.3943010744623847,2026-09-03T12:59:40.374112+00:00
401862699,2026,1,2026-09-05T23:00:00.000Z,South Florida,Florida International,False,False,regular,2026,1,401862699,margin_structured_neural_structured_mlp,structured_neural,margin,/groups/bsavoie2/tburton2/TDNet/publication_artifacts/corrected_f6_wide_margin_roster/through_2025_v1/checkpoints/margin_structured_neural_structured_mlp.pkl,3a23277e8fc54ef67871de329ca46004fea458ca4493318c55a89fa23752630d,F6,29,29,12.2504301071167,0.7057914072843683,South Florida,0.4115828145687366,2026-09-03T12:59:40.374112+00:00
401858428,2026,1,2026-09-05T23:30:00.000Z,Michigan,Western Michigan,False,False,regular,2026,1,401858428,margin_structured_neural_structured_mlp,structured_neural,margin,/groups/bsavoie2/tburton2/TDNet/publication_artifacts/corrected_f6_wide_margin_roster/through_2025_v1/checkpoints/margin_structured_neural_structured_mlp.pkl,3a23277e8fc54ef67871de329ca46004fea458ca4493318c55a89fa23752630d,F6,29,29,20.97342300415039,0.8172911722949884,Michigan,0.6345823445899768,2026-09-03T12:59:40.374112+00:00
401856662,2026,1,2026-09-05T23:30:00.000Z,Mississippi State,UL Monroe,False,False,regular,2026,1,401856662,margin_structured_neural_structured_mlp,structured_neural,margin,/groups/bsavoie2/tburton2/TDNet/publication_artifacts/corrected_f6_wide_margin_roster/through_2025_v1/checkpoints/margin_structured_neural_structured_mlp.pkl,3a23277e8fc54ef67871de329ca46004fea458ca4493318c55a89fa23752630d,F6,29,29,10.798001289367676,0.6837989738205275,Mississippi State,0.3675979476410549,2026-09-03T12:59:40.374112+00:00
401856660,2026,1,2026-09-05T23:30:00.000Z,LSU,Clemson,False,False,regular,2026,1,401856660,margin_structured_neural_structured_mlp,structured_neural,margin,/groups/bsavoie2/tburton2/TDNet/publication_artifacts/corrected_f6_wide_margin_roster/through_2025_v1/checkpoints/margin_structured_neural_structured_mlp.pkl,3a23277e8fc54ef67871de329ca46004fea458ca4493318c55a89fa23752630d,F6,29,29,4.095743179321289,0.5726210550160609,LSU,0.14524211003212173,2026-09-03T12:59:40.374112+00:00
401864498,2026,1,2026-09-06T02:00:00.000Z,New Mexico,Central Michigan,False,False,regular,2026,1,401864498,margin_structured_neural_structured_mlp,structured_neural,margin,/groups/bsavoie2/tburton2/TDNet/publication_artifacts/corrected_f6_wide_margin_roster/through_2025_v1/checkpoints/margin_structured_neural_structured_mlp.pkl,3a23277e8fc54ef67871de329ca46004fea458ca4493318c55a89fa23752630d,F6,29,29,6.708808898925781,0.6175590987572134,New Mexico,0.23511819751442675,2026-09-03T12:59:40.374112+00:00
401864497,2026,1,2026-09-06T02:00:00.000Z,Hawai'i,UNLV,False,True,regular,2026,1,401864497,margin_structured_neural_structured_mlp,structured_neural,margin,/groups/bsavoie2/tburton2/TDNet/publication_artifacts/corrected_f6_wide_margin_roster/through_2025_v1/checkpoints/margin_structured_neural_structured_mlp.pkl,3a23277e8fc54ef67871de329ca46004fea458ca4493318c55a89fa23752630d,F6,29,29,-13.889403343200684,0.270497440813671,UNLV,0.459005118372658,2026-09-03T12:59:40.374112+00:00
401864432,2026,1,2026-09-06T02:30:00.000Z,Nevada,Western Kentucky,False,False,regular,2026,1,401864432,margin_structured_neural_structured_mlp,structured_neural,margin,/groups/bsavoie2/tburton2/TDNet/publication_artifacts/corrected_f6_wide_margin_roster/through_2025_v1/checkpoints/margin_structured_neural_structured_mlp.pkl,3a23277e8fc54ef67871de329ca46004fea458ca4493318c55a89fa23752630d,F6,29,29,-1.9274845123291016,0.4656348993492123,Western Kentucky,0.06873020130157537,2026-09-03T12:59:40.374112+00:00
401858210,2026,1,2026-09-06T02:30:00.000Z,California,UCLA,False,False,regular,2026,1,401858210,margin_structured_neural_structured_mlp,structured_neural,margin,/groups/bsavoie2/tburton2/TDNet/publication_artifacts/corrected_f6_wide_margin_roster/through_2025_v1/checkpoints/margin_structured_neural_structured_mlp.pkl,3a23277e8fc54ef67871de329ca46004fea458ca4493318c55a89fa23752630d,F6,29,29,-0.29814547300338745,0.49467617490176147,UCLA,0.010647650196477065,2026-09-03T12:59:40.374112+00:00
401858437,2026,1,2026-09-06T20:00:00.000Z,Washington,Washington State,False,False,regular,2026,1,401858437,margin_structured_neural_structured_mlp,structured_neural,margin,/groups/bsavoie2/tburton2/TDNet/publication_artifacts/corrected_f6_wide_margin_roster/through_2025_v1/checkpoints/margin_structured_neural_structured_mlp.pkl,3a23277e8fc54ef67871de329ca46004fea458ca4493318c55a89fa23752630d,F6,29,29,14.541805267333984,0.7385991649731075,Washington,0.477198329946215,2026-09-03T12:59:40.374112+00:00
401856661,2026,1,2026-09-06T23:30:00.000Z,Ole Miss,Louisville,True,False,regular,2026,1,401856661,margin_structured_neural_structured_mlp,structured_neural,margin,/groups/bsavoie2/tburton2/TDNet/publication_artifacts/corrected_f6_wide_margin_roster/through_2025_v1/checkpoints/margin_structured_neural_structured_mlp.pkl,3a23277e8fc54ef67871de329ca46004fea458ca4493318c55a89fa23752630d,F6,29,29,23.70027732849121,0.844602132481987,Ole Miss,0.689204264963974,2026-09-03T12:59:40.374112+00:00
401858438,2026,1,2026-09-06T23:30:00.000Z,Notre Dame,Wisconsin,True,False,regular,2026,1,401858438,margin_structured_neural_structured_mlp,structured_neural,margin,/groups/bsavoie2/tburton2/TDNet/publication_artifacts/corrected_f6_wide_margin_roster/through_2025_v1/checkpoints/margin_structured_neural_structured_mlp.pkl,3a23277e8fc54ef67871de329ca46004fea458ca4493318c55a89fa23752630d,F6,29,29,21.690832138061523,0.8248191314198425,Notre Dame,0.6496382628396851,2026-09-03T12:59:40.374112+00:00
401858212,2026,1,2026-09-07T23:30:00.000Z,Florida State,SMU,False,True,regular,2026,1,401858212,margin_structured_neural_structured_mlp,structured_neural,margin,/groups/bsavoie2/tburton2/TDNet/publication_artifacts/corrected_f6_wide_margin_roster/through_2025_v1/checkpoints/margin_structured_neural_structured_mlp.pkl,3a23277e8fc54ef67871de329ca46004fea458ca4493318c55a89fa23752630d,F6,29,29,1.218166470527649,0.5217392586325686,Florida State,0.043478517265137295,2026-09-03T12:59:40.374112+00:00
401858423,2026,1,2026-09-03T22:00:00.000Z,Rutgers,Massachusetts,False,False,regular,2026,1,401858423,margin_temporal_decay_ridge,temporal,margin,/groups/bsavoie2/tburton2/TDNet/publication_artifacts/corrected_f6_wide_margin_roster/through_2025_v1/checkpoints/margin_temporal_decay_ridge.pkl,df6cea8c3feb2391a944363e5e5817f82c6c1c8f46e0335821698d977ca3e9a2,F6,30,30,21.646628897372928,0.8458673610963063,Rutgers,0.6917347221926127,2026-09-03T12:59:40.374112+00:00
401858204,2026,1,2026-09-03T23:00:00.000Z,Wake Forest,Akron,False,False,regular,2026,1,401858204,margin_temporal_decay_ridge,temporal,margin,/groups/bsavoie2/tburton2/TDNet/publication_artifacts/corrected_f6_wide_margin_roster/through_2025_v1/checkpoints/margin_temporal_decay_ridge.pkl,df6cea8c3feb2391a944363e5e5817f82c6c1c8f46e0335821698d977ca3e9a2,F6,30,30,6.511946604535347,0.6253167076714009,Wake Forest,0.2506334153428018,2026-09-03T12:59:40.374112+00:00
401856776,2026,1,2026-09-04T00:00:00.000Z,Georgia Tech,Colorado,False,False,regular,2026,1,401856776,margin_temporal_decay_ridge,temporal,margin,/groups/bsavoie2/tburton2/TDNet/publication_artifacts/corrected_f6_wide_margin_roster/through_2025_v1/checkpoints/margin_temporal_decay_ridge.pkl,df6cea8c3feb2391a944363e5e5817f82c6c1c8f46e0335821698d977ca3e9a2,F6,30,30,8.807475374330245,0.6665728190045789,Georgia Tech,0.33314563800915775,2026-09-03T12:59:40.374112+00:00
401858424,2026,1,2026-09-04T01:00:00.000Z,Illinois,UAB,False,False,regular,2026,1,401858424,margin_temporal_decay_ridge,temporal,margin,/groups/bsavoie2/tburton2/TDNet/publication_artifacts/corrected_f6_wide_margin_roster/through_2025_v1/checkpoints/margin_temporal_decay_ridge.pkl,df6cea8c3feb2391a944363e5e5817f82c6c1c8f46e0335821698d977ca3e9a2,F6,30,30,12.056201609616938,0.7207617883228046,Illinois,0.44152357664560915,2026-09-03T12:59:40.374112+00:00
401864495,2026,1,2026-09-04T22:30:00.000Z,Eastern Michigan,San José State,False,False,regular,2026,1,401864495,margin_temporal_decay_ridge,temporal,margin,/groups/bsavoie2/tburton2/TDNet/publication_artifacts/corrected_f6_wide_margin_roster/through_2025_v1/checkpoints/margin_temporal_decay_ridge.pkl,df6cea8c3feb2391a944363e5e5817f82c6c1c8f46e0335821698d977ca3e9a2,F6,30,30,13.984921496700327,0.7502490509454802,Eastern Michigan,0.5004981018909604,2026-09-03T12:59:40.374112+00:00
401856664,2026,1,2026-09-05T00:00:00.000Z,Oklahoma,UTEP,False,False,regular,2026,1,401856664,margin_temporal_decay_ridge,temporal,margin,/groups/bsavoie2/tburton2/TDNet/publication_artifacts/corrected_f6_wide_margin_roster/through_2025_v1/checkpoints/margin_temporal_decay_ridge.pkl,df6cea8c3feb2391a944363e5e5817f82c6c1c8f46e0335821698d977ca3e9a2,F6,30,30,20.429581394023394,0.8329702394349596,Oklahoma,0.6659404788699193,2026-09-03T12:59:40.374112+00:00
401858429,2026,1,2026-09-05T00:00:00.000Z,Michigan State,Toledo,False,False,regular,2026,1,401858429,margin_temporal_decay_ridge,temporal,margin,/groups/bsavoie2/tburton2/TDNet/publication_artifacts/corrected_f6_wide_margin_roster/through_2025_v1/checkpoints/margin_temporal_decay_ridge.pkl,df6cea8c3feb2391a944363e5e5817f82c6c1c8f46e0335821698d977ca3e9a2,F6,30,30,-4.038281318080898,0.421256222455829,Toledo,0.157487555088342,2026-09-03T12:59:40.374112+00:00
401858436,2026,1,2026-09-05T01:00:00.000Z,USC,Fresno State,False,False,regular,2026,1,401858436,margin_temporal_decay_ridge,temporal,margin,/groups/bsavoie2/tburton2/TDNet/publication_artifacts/corrected_f6_wide_margin_roster/through_2025_v1/checkpoints/margin_temporal_decay_ridge.pkl,df6cea8c3feb2391a944363e5e5817f82c6c1c8f46e0335821698d977ca3e9a2,F6,30,30,13.171816460975473,0.7380752866934687,USC,0.47615057338693734,2026-09-03T12:59:40.374112+00:00
401858206,2026,1,2026-09-05T01:00:00.000Z,Stanford,Miami,False,True,regular,2026,1,401858206,margin_temporal_decay_ridge,temporal,margin,/groups/bsavoie2/tburton2/TDNet/publication_artifacts/corrected_f6_wide_margin_roster/through_2025_v1/checkpoints/margin_temporal_decay_ridge.pkl,df6cea8c3feb2391a944363e5e5817f82c6c1c8f46e0335821698d977ca3e9a2,F6,30,30,-6.951291835849693,0.36662282879027036,Miami,0.2667543424194593,2026-09-03T12:59:40.374112+00:00
401856637,2026,1,2026-09-05T23:45:00.000Z,Florida,Florida Atlantic,False,False,regular,2026,1,401856637,margin_temporal_decay_ridge,temporal,margin,/groups/bsavoie2/tburton2/TDNet/publication_artifacts/corrected_f6_wide_margin_roster/through_2025_v1/checkpoints/margin_temporal_decay_ridge.pkl,df6cea8c3feb2391a944363e5e5817f82c6c1c8f46e0335821698d977ca3e9a2,F6,30,30,10.330998532783347,0.6926532502903164,Florida,0.38530650058063287,2026-09-03T12:59:40.374112+00:00
401858430,2026,1,2026-09-05T16:00:00.000Z,Nebraska,Ohio,False,False,regular,2026,1,401858430,margin_temporal_decay_ridge,temporal,margin,/groups/bsavoie2/tburton2/TDNet/publication_artifacts/corrected_f6_wide_margin_roster/through_2025_v1/checkpoints/margin_temporal_decay_ridge.pkl,df6cea8c3feb2391a944363e5e5817f82c6c1c8f46e0335821698d977ca3e9a2,F6,30,30,4.1151585443569605,0.580217214895068,Nebraska,0.1604344297901359,2026-09-03T12:59:40.374112+00:00
401856780,2026,1,2026-09-05T16:00:00.000Z,West Virginia,Coastal Carolina,False,False,regular,2026,1,401856780,margin_temporal_decay_ridge,temporal,margin,/groups/bsavoie2/tburton2/TDNet/publication_artifacts/corrected_f6_wide_margin_roster/through_2025_v1/checkpoints/margin_temporal_decay_ridge.pkl,df6cea8c3feb2391a944363e5e5817f82c6c1c8f46e0335821698d977ca3e9a2,F6,30,30,8.662131883853482,0.6640272986625387,West Virginia,0.32805459732507747,2026-09-03T12:59:40.374112+00:00
401856634,2026,1,2026-09-05T16:00:00.000Z,Alabama,East Carolina,False,False,regular,2026,1,401856634,margin_temporal_decay_ridge,temporal,margin,/groups/bsavoie2/tburton2/TDNet/publication_artifacts/corrected_f6_wide_margin_roster/through_2025_v1/checkpoints/margin_temporal_decay_ridge.pkl,df6cea8c3feb2391a944363e5e5817f82c6c1c8f46e0335821698d977ca3e9a2,F6,30,30,3.9725508507389202,0.5774828660368161,Alabama,0.15496573207363218,2026-09-03T12:59:40.374112+00:00
401856778,2026,1,2026-09-05T16:00:00.000Z,Houston,Oregon State,False,False,regular,2026,1,401856778,margin_temporal_decay_ridge,temporal,margin,/groups/bsavoie2/tburton2/TDNet/publication_artifacts/corrected_f6_wide_margin_roster/through_2025_v1/checkpoints/margin_temporal_decay_ridge.pkl,df6cea8c3feb2391a944363e5e5817f82c6c1c8f46e0335821698d977ca3e9a2,F6,30,30,5.769503349643743,0.6115381910704483,Houston,0.22307638214089653,2026-09-03T12:59:40.374112+00:00
401858425,2026,1,2026-09-05T16:00:00.000Z,Indiana,North Texas,False,False,regular,2026,1,401858425,margin_temporal_decay_ridge,temporal,margin,/groups/bsavoie2/tburton2/TDNet/publication_artifacts/corrected_f6_wide_margin_roster/through_2025_v1/checkpoints/margin_temporal_decay_ridge.pkl,df6cea8c3feb2391a944363e5e5817f82c6c1c8f46e0335821698d977ca3e9a2,F6,30,30,10.899310904636032,0.7020861544465289,Indiana,0.4041723088930578,2026-09-03T12:59:40.374112+00:00
401869960,2026,1,2026-09-05T16:00:00.000Z,James Madison,Liberty,False,False,regular,2026,1,401869960,margin_temporal_decay_ridge,temporal,margin,/groups/bsavoie2/tburton2/TDNet/publication_artifacts/corrected_f6_wide_margin_roster/through_2025_v1/checkpoints/margin_temporal_decay_ridge.pkl,df6cea8c3feb2391a944363e5e5817f82c6c1c8f46e0335821698d977ca3e9a2,F6,30,30,8.60498627842929,0.6630238349153798,James Madison,0.3260476698307595,2026-09-03T12:59:40.374112+00:00
401858207,2026,1,2026-09-05T16:30:00.000Z,Pittsburgh,Miami (OH),False,False,regular,2026,1,401858207,margin_temporal_decay_ridge,temporal,margin,/groups/bsavoie2/tburton2/TDNet/publication_artifacts/corrected_f6_wide_margin_roster/through_2025_v1/checkpoints/margin_temporal_decay_ridge.pkl,df6cea8c3feb2391a944363e5e5817f82c6c1c8f46e0335821698d977ca3e9a2,F6,30,30,2.838844058567755,0.5555893823853332,Pittsburgh,0.11117876477066635,2026-09-03T12:59:40.374112+00:00
401858432,2026,1,2026-09-05T16:30:00.000Z,Ohio State,Ball State,False,False,regular,2026,1,401858432,margin_temporal_decay_ridge,temporal,margin,/groups/bsavoie2/tburton2/TDNet/publication_artifacts/corrected_f6_wide_margin_roster/through_2025_v1/checkpoints/margin_temporal_decay_ridge.pkl,df6cea8c3feb2391a944363e5e5817f82c6c1c8f46e0335821698d977ca3e9a2,F6,30,30,29.819019446149284,0.912561779322612,Ohio State,0.8251235586452239,2026-09-03T12:59:40.374112+00:00
401856665,2026,1,2026-09-05T16:45:00.000Z,South Carolina,Kent State,False,False,regular,2026,1,401856665,margin_temporal_decay_ridge,temporal,margin,/groups/bsavoie2/tburton2/TDNet/publication_artifacts/corrected_f6_wide_margin_roster/through_2025_v1/checkpoints/margin_temporal_decay_ridge.pkl,df6cea8c3feb2391a944363e5e5817f82c6c1c8f46e0335821698d977ca3e9a2,F6,30,30,13.41991893315097,0.7418301223020521,South Carolina,0.4836602446041043,2026-09-03T12:59:40.374112+00:00
401858433,2026,1,2026-09-05T19:30:00.000Z,Oregon,Boise State,False,False,regular,2026,1,401858433,margin_temporal_decay_ridge,temporal,margin,/groups/bsavoie2/tburton2/TDNet/publication_artifacts/corrected_f6_wide_margin_roster/through_2025_v1/checkpoints/margin_temporal_decay_ridge.pkl,df6cea8c3feb2391a944363e5e5817f82c6c1c8f46e0335821698d977ca3e9a2,F6,30,30,13.759127578217615,0.7469066608859475,Oregon,0.49381332177189496,2026-09-03T12:59:40.374112+00:00
401856636,2026,1,2026-09-05T19:30:00.000Z,Auburn,Baylor,True,False,regular,2026,1,401856636,margin_temporal_decay_ridge,temporal,margin,/groups/bsavoie2/tburton2/TDNet/publication_artifacts/corrected_f6_wide_margin_roster/through_2025_v1/checkpoints/margin_temporal_decay_ridge.pkl,df6cea8c3feb2391a944363e5e5817f82c6c1c8f46e0335821698d977ca3e9a2,F6,30,30,5.627853560442823,0.6088882713481142,Auburn,0.21777654269622837,2026-09-03T12:59:40.374112+00:00
401856667,2026,1,2026-09-05T19:30:00.000Z,Texas,Texas State,False,False,regular,2026,1,401856667,margin_temporal_decay_ridge,temporal,margin,/groups/bsavoie2/tburton2/TDNet/publication_artifacts/corrected_f6_wide_margin_roster/through_2025_v1/checkpoints/margin_temporal_decay_ridge.pkl,df6cea8c3feb2391a944363e5e5817f82c6c1c8f46e0335821698d977ca3e9a2,F6,30,30,2.038980135635689,0.5400067225347829,Texas,0.08001344506956576,2026-09-03T12:59:40.374112+00:00
401858434,2026,1,2026-09-05T19:30:00.000Z,Penn State,Marshall,False,False,regular,2026,1,401858434,margin_temporal_decay_ridge,temporal,margin,/groups/bsavoie2/tburton2/TDNet/publication_artifacts/corrected_f6_wide_margin_roster/through_2025_v1/checkpoints/margin_temporal_decay_ridge.pkl,df6cea8c3feb2391a944363e5e5817f82c6c1c8f46e0335821698d977ca3e9a2,F6,30,30,0.42979861571071254,0.5084503174644759,Penn State,0.016900634928951774,2026-09-03T12:59:40.374112+00:00
401858209,2026,1,2026-09-05T19:30:00.000Z,Duke,Tulane,False,False,regular,2026,1,401858209,margin_temporal_decay_ridge,temporal,margin,/groups/bsavoie2/tburton2/TDNet/publication_artifacts/corrected_f6_wide_margin_roster/through_2025_v1/checkpoints/margin_temporal_decay_ridge.pkl,df6cea8c3feb2391a944363e5e5817f82c6c1c8f46e0335821698d977ca3e9a2,F6,30,30,5.815358502642609,0.6123946258139434,Duke,0.22478925162788688,2026-09-03T12:59:40.374112+00:00
401856777,2026,1,2026-09-05T19:30:00.000Z,Cincinnati,Boston College,False,False,regular,2026,1,401856777,margin_temporal_decay_ridge,temporal,margin,/groups/bsavoie2/tburton2/TDNet/publication_artifacts/corrected_f6_wide_margin_roster/through_2025_v1/checkpoints/margin_temporal_decay_ridge.pkl,df6cea8c3feb2391a944363e5e5817f82c6c1c8f46e0335821698d977ca3e9a2,F6,30,30,3.17182347166651,0.562046051178852,Cincinnati,0.12409210235770396,2026-09-03T12:59:40.374112+00:00
401856772,2026,1,2026-09-05T19:45:00.000Z,Tulsa,Oklahoma State,False,False,regular,2026,1,401856772,margin_temporal_decay_ridge,temporal,margin,/groups/bsavoie2/tburton2/TDNet/publication_artifacts/corrected_f6_wide_margin_roster/through_2025_v1/checkpoints/margin_temporal_decay_ridge.pkl,df6cea8c3feb2391a944363e5e5817f82c6c1c8f46e0335821698d977ca3e9a2,F6,30,30,10.44377211522623,0.6945382743672114,Tulsa,0.38907654873442277,2026-09-03T12:59:40.374112+00:00
401858426,2026,1,2026-09-05T20:15:00.000Z,Iowa,Northern Illinois,False,False,regular,2026,1,401858426,margin_temporal_decay_ridge,temporal,margin,/groups/bsavoie2/tburton2/TDNet/publication_artifacts/corrected_f6_wide_margin_roster/through_2025_v1/checkpoints/margin_temporal_decay_ridge.pkl,df6cea8c3feb2391a944363e5e5817f82c6c1c8f46e0335821698d977ca3e9a2,F6,30,30,11.217404506111873,0.7072924955692765,Iowa,0.41458499113855307,2026-09-03T12:59:40.374112+00:00
401860878,2026,1,2026-09-05T22:00:00.000Z,Colorado State,Wyoming,False,False,regular,2026,1,401860878,margin_temporal_decay_ridge,temporal,margin,/groups/bsavoie2/tburton2/TDNet/publication_artifacts/corrected_f6_wide_margin_roster/through_2025_v1/checkpoints/margin_temporal_decay_ridge.pkl,df6cea8c3feb2391a944363e5e5817f82c6c1c8f46e0335821698d977ca3e9a2,F6,30,30,6.6215964422941465,0.627335120100565,Colorado State,0.25467024020113005,2026-09-03T12:59:40.374112+00:00
401856668,2026,1,2026-09-05T23:00:00.000Z,Texas A&M,Missouri State,False,False,regular,2026,1,401856668,margin_temporal_decay_ridge,temporal,margin,/groups/bsavoie2/tburton2/TDNet/publication_artifacts/corrected_f6_wide_margin_roster/through_2025_v1/checkpoints/margin_temporal_decay_ridge.pkl,df6cea8c3feb2391a944363e5e5817f82c6c1c8f46e0335821698d977ca3e9a2,F6,30,30,14.91133332531476,0.7636516720466567,Texas A&M,0.5273033440933135,2026-09-03T12:59:40.374112+00:00
401862695,2026,1,2026-09-05T23:00:00.000Z,Memphis,Arkansas State,False,False,regular,2026,1,401862695,margin_temporal_decay_ridge,temporal,margin,/groups/bsavoie2/tburton2/TDNet/publication_artifacts/corrected_f6_wide_margin_roster/through_2025_v1/checkpoints/margin_temporal_decay_ridge.pkl,df6cea8c3feb2391a944363e5e5817f82c6c1c8f46e0335821698d977ca3e9a2,F6,30,30,13.828220208775663,0.7479325602011192,Memphis,0.4958651204022384,2026-09-03T12:59:40.374112+00:00
401870763,2026,1,2026-09-05T23:00:00.000Z,Troy,Sam Houston,False,False,regular,2026,1,401870763,margin_temporal_decay_ridge,temporal,margin,/groups/bsavoie2/tburton2/TDNet/publication_artifacts/corrected_f6_wide_margin_roster/through_2025_v1/checkpoints/margin_temporal_decay_ridge.pkl,df6cea8c3feb2391a944363e5e5817f82c6c1c8f46e0335821698d977ca3e9a2,F6,30,30,11.561468225569893,0.7128633958033989,Troy,0.4257267916067977,2026-09-03T12:59:40.374112+00:00
401862699,2026,1,2026-09-05T23:00:00.000Z,South Florida,Florida International,False,False,regular,2026,1,401862699,margin_temporal_decay_ridge,temporal,margin,/groups/bsavoie2/tburton2/TDNet/publication_artifacts/corrected_f6_wide_margin_roster/through_2025_v1/checkpoints/margin_temporal_decay_ridge.pkl,df6cea8c3feb2391a944363e5e5817f82c6c1c8f46e0335821698d977ca3e9a2,F6,30,30,14.633209310083789,0.7596807600415995,South Florida,0.5193615200831989,2026-09-03T12:59:40.374112+00:00
401858428,2026,1,2026-09-05T23:30:00.000Z,Michigan,Western Michigan,False,False,regular,2026,1,401858428,margin_temporal_decay_ridge,temporal,margin,/groups/bsavoie2/tburton2/TDNet/publication_artifacts/corrected_f6_wide_margin_roster/through_2025_v1/checkpoints/margin_temporal_decay_ridge.pkl,df6cea8c3feb2391a944363e5e5817f82c6c1c8f46e0335821698d977ca3e9a2,F6,30,30,4.584761356470125,0.5891857439323261,Michigan,0.1783714878646523,2026-09-03T12:59:40.374112+00:00
401856662,2026,1,2026-09-05T23:30:00.000Z,Mississippi State,UL Monroe,False,False,regular,2026,1,401856662,margin_temporal_decay_ridge,temporal,margin,/groups/bsavoie2/tburton2/TDNet/publication_artifacts/corrected_f6_wide_margin_roster/through_2025_v1/checkpoints/margin_temporal_decay_ridge.pkl,df6cea8c3feb2391a944363e5e5817f82c6c1c8f46e0335821698d977ca3e9a2,F6,30,30,7.514427674745266,0.6436001112750239,Mississippi State,0.28720022255004785,2026-09-03T12:59:40.374112+00:00
401856660,2026,1,2026-09-05T23:30:00.000Z,LSU,Clemson,False,False,regular,2026,1,401856660,margin_temporal_decay_ridge,temporal,margin,/groups/bsavoie2/tburton2/TDNet/publication_artifacts/corrected_f6_wide_margin_roster/through_2025_v1/checkpoints/margin_temporal_decay_ridge.pkl,df6cea8c3feb2391a944363e5e5817f82c6c1c8f46e0335821698d977ca3e9a2,F6,30,30,1.7166573293173566,0.5337034155658494,LSU,0.06740683113169887,2026-09-03T12:59:40.374112+00:00
401864498,2026,1,2026-09-06T02:00:00.000Z,New Mexico,Central Michigan,False,False,regular,2026,1,401864498,margin_temporal_decay_ridge,temporal,margin,/groups/bsavoie2/tburton2/TDNet/publication_artifacts/corrected_f6_wide_margin_roster/through_2025_v1/checkpoints/margin_temporal_decay_ridge.pkl,df6cea8c3feb2391a944363e5e5817f82c6c1c8f46e0335821698d977ca3e9a2,F6,30,30,3.6339534013203263,0.5709718640181967,New Mexico,0.14194372803639332,2026-09-03T12:59:40.374112+00:00
401864497,2026,1,2026-09-06T02:00:00.000Z,Hawai'i,UNLV,False,True,regular,2026,1,401864497,margin_temporal_decay_ridge,temporal,margin,/groups/bsavoie2/tburton2/TDNet/publication_artifacts/corrected_f6_wide_margin_roster/through_2025_v1/checkpoints/margin_temporal_decay_ridge.pkl,df6cea8c3feb2391a944363e5e5817f82c6c1c8f46e0335821698d977ca3e9a2,F6,30,30,-7.75547274632852,0.3520631069702134,UNLV,0.29587378605957315,2026-09-03T12:59:40.374112+00:00
401864432,2026,1,2026-09-06T02:30:00.000Z,Nevada,Western Kentucky,False,False,regular,2026,1,401864432,margin_temporal_decay_ridge,temporal,margin,/groups/bsavoie2/tburton2/TDNet/publication_artifacts/corrected_f6_wide_margin_roster/through_2025_v1/checkpoints/margin_temporal_decay_ridge.pkl,df6cea8c3feb2391a944363e5e5817f82c6c1c8f46e0335821698d977ca3e9a2,F6,30,30,-6.120256100187586,0.38192868937565166,Western Kentucky,0.23614262124869667,2026-09-03T12:59:40.374112+00:00
401858210,2026,1,2026-09-06T02:30:00.000Z,California,UCLA,False,False,regular,2026,1,401858210,margin_temporal_decay_ridge,temporal,margin,/groups/bsavoie2/tburton2/TDNet/publication_artifacts/corrected_f6_wide_margin_roster/through_2025_v1/checkpoints/margin_temporal_decay_ridge.pkl,df6cea8c3feb2391a944363e5e5817f82c6c1c8f46e0335821698d977ca3e9a2,F6,30,30,3.852327486685018,0.5751740106478492,California,0.15034802129569846,2026-09-03T12:59:40.374112+00:00
401858437,2026,1,2026-09-06T20:00:00.000Z,Washington,Washington State,False,False,regular,2026,1,401858437,margin_temporal_decay_ridge,temporal,margin,/groups/bsavoie2/tburton2/TDNet/publication_artifacts/corrected_f6_wide_margin_roster/through_2025_v1/checkpoints/margin_temporal_decay_ridge.pkl,df6cea8c3feb2391a944363e5e5817f82c6c1c8f46e0335821698d977ca3e9a2,F6,30,30,8.686349309482656,0.6644521054638874,Washington,0.3289042109277749,2026-09-03T12:59:40.374112+00:00
401856661,2026,1,2026-09-06T23:30:00.000Z,Ole Miss,Louisville,True,False,regular,2026,1,401856661,margin_temporal_decay_ridge,temporal,margin,/groups/bsavoie2/tburton2/TDNet/publication_artifacts/corrected_f6_wide_margin_roster/through_2025_v1/checkpoints/margin_temporal_decay_ridge.pkl,df6cea8c3feb2391a944363e5e5817f82c6c1c8f46e0335821698d977ca3e9a2,F6,30,30,10.482485461575719,0.6951838773740279,Ole Miss,0.39036775474805574,2026-09-03T12:59:40.374112+00:00
401858438,2026,1,2026-09-06T23:30:00.000Z,Notre Dame,Wisconsin,True,False,regular,2026,1,401858438,margin_temporal_decay_ridge,temporal,margin,/groups/bsavoie2/tburton2/TDNet/publication_artifacts/corrected_f6_wide_margin_roster/through_2025_v1/checkpoints/margin_temporal_decay_ridge.pkl,df6cea8c3feb2391a944363e5e5817f82c6c1c8f46e0335821698d977ca3e9a2,F6,30,30,16.499629665471318,0.785452300348815,Notre Dame,0.5709046006976299,2026-09-03T12:59:40.374112+00:00
401858212,2026,1,2026-09-07T23:30:00.000Z,Florida State,SMU,False,True,regular,2026,1,401858212,margin_temporal_decay_ridge,temporal,margin,/groups/bsavoie2/tburton2/TDNet/publication_artifacts/corrected_f6_wide_margin_roster/through_2025_v1/checkpoints/margin_temporal_decay_ridge.pkl,df6cea8c3feb2391a944363e5e5817f82c6c1c8f46e0335821698d977ca3e9a2,F6,30,30,-1.6925313899773196,0.46676884692337894,SMU,0.06646230615324211,2026-09-03T12:59:40.374112+00:00
401858423,2026,1,2026-09-03T22:00:00.000Z,Rutgers,Massachusetts,False,False,regular,2026,1,401858423,margin_temporal_temporal_hist_gradient_boosted,temporal,margin,/groups/bsavoie2/tburton2/TDNet/publication_artifacts/corrected_f6_wide_margin_roster/through_2025_v1/checkpoints/margin_temporal_temporal_hist_gradient_boosted.pkl,1dd3f8a82f66a5df134f7d6e5a15007387c25ac6a28d86ea22e3afa87f211997,F6,31,31,25.583857430085605,0.8614538960464411,Rutgers,0.7229077920928821,2026-09-03T12:59:40.374112+00:00
401858204,2026,1,2026-09-03T23:00:00.000Z,Wake Forest,Akron,False,False,regular,2026,1,401858204,margin_temporal_temporal_hist_gradient_boosted,temporal,margin,/groups/bsavoie2/tburton2/TDNet/publication_artifacts/corrected_f6_wide_margin_roster/through_2025_v1/checkpoints/margin_temporal_temporal_hist_gradient_boosted.pkl,1dd3f8a82f66a5df134f7d6e5a15007387c25ac6a28d86ea22e3afa87f211997,F6,31,31,9.194926712500116,0.6585367974315177,Wake Forest,0.31707359486303544,2026-09-03T12:59:40.374112+00:00
401856776,2026,1,2026-09-04T00:00:00.000Z,Georgia Tech,Colorado,False,False,regular,2026,1,401856776,margin_temporal_temporal_hist_gradient_boosted,temporal,margin,/groups/bsavoie2/tburton2/TDNet/publication_artifacts/corrected_f6_wide_margin_roster/through_2025_v1/checkpoints/margin_temporal_temporal_hist_gradient_boosted.pkl,1dd3f8a82f66a5df134f7d6e5a15007387c25ac6a28d86ea22e3afa87f211997,F6,31,31,11.106266983977026,0.6885404910626984,Georgia Tech,0.37708098212539687,2026-09-03T12:59:40.374112+00:00
401858424,2026,1,2026-09-04T01:00:00.000Z,Illinois,UAB,False,False,regular,2026,1,401858424,margin_temporal_temporal_hist_gradient_boosted,temporal,margin,/groups/bsavoie2/tburton2/TDNet/publication_artifacts/corrected_f6_wide_margin_roster/through_2025_v1/checkpoints/margin_temporal_temporal_hist_gradient_boosted.pkl,1dd3f8a82f66a5df134f7d6e5a15007387c25ac6a28d86ea22e3afa87f211997,F6,31,31,13.117337644887083,0.7184837040046608,Illinois,0.43696740800932155,2026-09-03T12:59:40.374112+00:00
401864495,2026,1,2026-09-04T22:30:00.000Z,Eastern Michigan,San José State,False,False,regular,2026,1,401864495,margin_temporal_temporal_hist_gradient_boosted,temporal,margin,/groups/bsavoie2/tburton2/TDNet/publication_artifacts/corrected_f6_wide_margin_roster/through_2025_v1/checkpoints/margin_temporal_temporal_hist_gradient_boosted.pkl,1dd3f8a82f66a5df134f7d6e5a15007387c25ac6a28d86ea22e3afa87f211997,F6,31,31,5.272357728094526,0.5930520745416331,Eastern Michigan,0.18610414908326622,2026-09-03T12:59:40.374112+00:00
401856664,2026,1,2026-09-05T00:00:00.000Z,Oklahoma,UTEP,False,False,regular,2026,1,401856664,margin_temporal_temporal_hist_gradient_boosted,temporal,margin,/groups/bsavoie2/tburton2/TDNet/publication_artifacts/corrected_f6_wide_margin_roster/through_2025_v1/checkpoints/margin_temporal_temporal_hist_gradient_boosted.pkl,1dd3f8a82f66a5df134f7d6e5a15007387c25ac6a28d86ea22e3afa87f211997,F6,31,31,22.54183425387167,0.8334295757745842,Oklahoma,0.6668591515491684,2026-09-03T12:59:40.374112+00:00
401858429,2026,1,2026-09-05T00:00:00.000Z,Michigan State,Toledo,False,False,regular,2026,1,401858429,margin_temporal_temporal_hist_gradient_boosted,temporal,margin,/groups/bsavoie2/tburton2/TDNet/publication_artifacts/corrected_f6_wide_margin_roster/through_2025_v1/checkpoints/margin_temporal_temporal_hist_gradient_boosted.pkl,1dd3f8a82f66a5df134f7d6e5a15007387c25ac6a28d86ea22e3afa87f211997,F6,31,31,-5.908519687901557,0.39602938798455933,Toledo,0.20794122403088133,2026-09-03T12:59:40.374112+00:00
401858436,2026,1,2026-09-05T01:00:00.000Z,USC,Fresno State,False,False,regular,2026,1,401858436,margin_temporal_temporal_hist_gradient_boosted,temporal,margin,/groups/bsavoie2/tburton2/TDNet/publication_artifacts/corrected_f6_wide_margin_roster/through_2025_v1/checkpoints/margin_temporal_temporal_hist_gradient_boosted.pkl,1dd3f8a82f66a5df134f7d6e5a15007387c25ac6a28d86ea22e3afa87f211997,F6,31,31,16.63485008600922,0.7664196215637551,USC,0.5328392431275102,2026-09-03T12:59:40.374112+00:00
401858206,2026,1,2026-09-05T01:00:00.000Z,Stanford,Miami,False,True,regular,2026,1,401858206,margin_temporal_temporal_hist_gradient_boosted,temporal,margin,/groups/bsavoie2/tburton2/TDNet/publication_artifacts/corrected_f6_wide_margin_roster/through_2025_v1/checkpoints/margin_temporal_temporal_hist_gradient_boosted.pkl,1dd3f8a82f66a5df134f7d6e5a15007387c25ac6a28d86ea22e3afa87f211997,F6,31,31,-8.273636341033656,0.3564113991099027,Miami,0.28717720178019457,2026-09-03T12:59:40.374112+00:00
401856637,2026,1,2026-09-05T23:45:00.000Z,Florida,Florida Atlantic,False,False,regular,2026,1,401856637,margin_temporal_temporal_hist_gradient_boosted,temporal,margin,/groups/bsavoie2/tburton2/TDNet/publication_artifacts/corrected_f6_wide_margin_roster/through_2025_v1/checkpoints/margin_temporal_temporal_hist_gradient_boosted.pkl,1dd3f8a82f66a5df134f7d6e5a15007387c25ac6a28d86ea22e3afa87f211997,F6,31,31,16.28166936790748,0.7618731184849019,Florida,0.5237462369698038,2026-09-03T12:59:40.374112+00:00
401858430,2026,1,2026-09-05T16:00:00.000Z,Nebraska,Ohio,False,False,regular,2026,1,401858430,margin_temporal_temporal_hist_gradient_boosted,temporal,margin,/groups/bsavoie2/tburton2/TDNet/publication_artifacts/corrected_f6_wide_margin_roster/through_2025_v1/checkpoints/margin_temporal_temporal_hist_gradient_boosted.pkl,1dd3f8a82f66a5df134f7d6e5a15007387c25ac6a28d86ea22e3afa87f211997,F6,31,31,11.062258971891675,0.6878659756091476,Nebraska,0.3757319512182953,2026-09-03T12:59:40.374112+00:00
401856780,2026,1,2026-09-05T16:00:00.000Z,West Virginia,Coastal Carolina,False,False,regular,2026,1,401856780,margin_temporal_temporal_hist_gradient_boosted,temporal,margin,/groups/bsavoie2/tburton2/TDNet/publication_artifacts/corrected_f6_wide_margin_roster/through_2025_v1/checkpoints/margin_temporal_temporal_hist_gradient_boosted.pkl,1dd3f8a82f66a5df134f7d6e5a15007387c25ac6a28d86ea22e3afa87f211997,F6,31,31,13.774107056013799,0.7278744016434249,West Virginia,0.45574880328684975,2026-09-03T12:59:40.374112+00:00
401856634,2026,1,2026-09-05T16:00:00.000Z,Alabama,East Carolina,False,False,regular,2026,1,401856634,margin_temporal_temporal_hist_gradient_boosted,temporal,margin,/groups/bsavoie2/tburton2/TDNet/publication_artifacts/corrected_f6_wide_margin_roster/through_2025_v1/checkpoints/margin_temporal_temporal_hist_gradient_boosted.pkl,1dd3f8a82f66a5df134f7d6e5a15007387c25ac6a28d86ea22e3afa87f211997,F6,31,31,15.287641368881605,0.7487533285351955,Alabama,0.497506657070391,2026-09-03T12:59:40.374112+00:00
401856778,2026,1,2026-09-05T16:00:00.000Z,Houston,Oregon State,False,False,regular,2026,1,401856778,margin_temporal_temporal_hist_gradient_boosted,temporal,margin,/groups/bsavoie2/tburton2/TDNet/publication_artifacts/corrected_f6_wide_margin_roster/through_2025_v1/checkpoints/margin_temporal_temporal_hist_gradient_boosted.pkl,1dd3f8a82f66a5df134f7d6e5a15007387c25ac6a28d86ea22e3afa87f211997,F6,31,31,11.31643641503204,0.6917507271557045,Houston,0.38350145431140903,2026-09-03T12:59:40.374112+00:00
401858425,2026,1,2026-09-05T16:00:00.000Z,Indiana,North Texas,False,False,regular,2026,1,401858425,margin_temporal_temporal_hist_gradient_boosted,temporal,margin,/groups/bsavoie2/tburton2/TDNet/publication_artifacts/corrected_f6_wide_margin_roster/through_2025_v1/checkpoints/margin_temporal_temporal_hist_gradient_boosted.pkl,1dd3f8a82f66a5df134f7d6e5a15007387c25ac6a28d86ea22e3afa87f211997,F6,31,31,10.384981538259753,0.6773859311229675,Indiana,0.35477186224593504,2026-09-03T12:59:40.374112+00:00
401869960,2026,1,2026-09-05T16:00:00.000Z,James Madison,Liberty,False,False,regular,2026,1,401869960,margin_temporal_temporal_hist_gradient_boosted,temporal,margin,/groups/bsavoie2/tburton2/TDNet/publication_artifacts/corrected_f6_wide_margin_roster/through_2025_v1/checkpoints/margin_temporal_temporal_hist_gradient_boosted.pkl,1dd3f8a82f66a5df134f7d6e5a15007387c25ac6a28d86ea22e3afa87f211997,F6,31,31,14.283471884182815,0.7350209024338034,James Madison,0.4700418048676067,2026-09-03T12:59:40.374112+00:00
401858207,2026,1,2026-09-05T16:30:00.000Z,Pittsburgh,Miami (OH),False,False,regular,2026,1,401858207,margin_temporal_temporal_hist_gradient_boosted,temporal,margin,/groups/bsavoie2/tburton2/TDNet/publication_artifacts/corrected_f6_wide_margin_roster/through_2025_v1/checkpoints/margin_temporal_temporal_hist_gradient_boosted.pkl,1dd3f8a82f66a5df134f7d6e5a15007387c25ac6a28d86ea22e3afa87f211997,F6,31,31,7.401418163381055,0.6291734932032682,Pittsburgh,0.2583469864065364,2026-09-03T12:59:40.374112+00:00
401858432,2026,1,2026-09-05T16:30:00.000Z,Ohio State,Ball State,False,False,regular,2026,1,401858432,margin_temporal_temporal_hist_gradient_boosted,temporal,margin,/groups/bsavoie2/tburton2/TDNet/publication_artifacts/corrected_f6_wide_margin_roster/through_2025_v1/checkpoints/margin_temporal_temporal_hist_gradient_boosted.pkl,1dd3f8a82f66a5df134f7d6e5a15007387c25ac6a28d86ea22e3afa87f211997,F6,31,31,30.0,0.8949994149797352,Ohio State,0.7899988299594705,2026-09-03T12:59:40.374112+00:00
401856665,2026,1,2026-09-05T16:45:00.000Z,South Carolina,Kent State,False,False,regular,2026,1,401856665,margin_temporal_temporal_hist_gradient_boosted,temporal,margin,/groups/bsavoie2/tburton2/TDNet/publication_artifacts/corrected_f6_wide_margin_roster/through_2025_v1/checkpoints/margin_temporal_temporal_hist_gradient_boosted.pkl,1dd3f8a82f66a5df134f7d6e5a15007387c25ac6a28d86ea22e3afa87f211997,F6,31,31,23.55067527173458,0.8431944497142947,South Carolina,0.6863888994285894,2026-09-03T12:59:40.374112+00:00
401858433,2026,1,2026-09-05T19:30:00.000Z,Oregon,Boise State,False,False,regular,2026,1,401858433,margin_temporal_temporal_hist_gradient_boosted,temporal,margin,/groups/bsavoie2/tburton2/TDNet/publication_artifacts/corrected_f6_wide_margin_roster/through_2025_v1/checkpoints/margin_temporal_temporal_hist_gradient_boosted.pkl,1dd3f8a82f66a5df134f7d6e5a15007387c25ac6a28d86ea22e3afa87f211997,F6,31,31,21.154916524123085,0.819219055177835,Oregon,0.63843811035567,2026-09-03T12:59:40.374112+00:00
401856636,2026,1,2026-09-05T19:30:00.000Z,Auburn,Baylor,True,False,regular,2026,1,401856636,margin_temporal_temporal_hist_gradient_boosted,temporal,margin,/groups/bsavoie2/tburton2/TDNet/publication_artifacts/corrected_f6_wide_margin_roster/through_2025_v1/checkpoints/margin_temporal_temporal_hist_gradient_boosted.pkl,1dd3f8a82f66a5df134f7d6e5a15007387c25ac6a28d86ea22e3afa87f211997,F6,31,31,5.838282612331508,0.602769987274211,Auburn,0.2055399745484221,2026-09-03T12:59:40.374112+00:00
401856667,2026,1,2026-09-05T19:30:00.000Z,Texas,Texas State,False,False,regular,2026,1,401856667,margin_temporal_temporal_hist_gradient_boosted,temporal,margin,/groups/bsavoie2/tburton2/TDNet/publication_artifacts/corrected_f6_wide_margin_roster/through_2025_v1/checkpoints/margin_temporal_temporal_hist_gradient_boosted.pkl,1dd3f8a82f66a5df134f7d6e5a15007387c25ac6a28d86ea22e3afa87f211997,F6,31,31,15.25626750624444,0.7483315145032488,Texas,0.4966630290064975,2026-09-03T12:59:40.374112+00:00
401858434,2026,1,2026-09-05T19:30:00.000Z,Penn State,Marshall,False,False,regular,2026,1,401858434,margin_temporal_temporal_hist_gradient_boosted,temporal,margin,/groups/bsavoie2/tburton2/TDNet/publication_artifacts/corrected_f6_wide_margin_roster/through_2025_v1/checkpoints/margin_temporal_temporal_hist_gradient_boosted.pkl,1dd3f8a82f66a5df134f7d6e5a15007387c25ac6a28d86ea22e3afa87f211997,F6,31,31,12.457308928144814,0.7088505036332111,Penn State,0.41770100726642223,2026-09-03T12:59:40.374112+00:00
401858209,2026,1,2026-09-05T19:30:00.000Z,Duke,Tulane,False,False,regular,2026,1,401858209,margin_temporal_temporal_hist_gradient_boosted,temporal,margin,/groups/bsavoie2/tburton2/TDNet/publication_artifacts/corrected_f6_wide_margin_roster/through_2025_v1/checkpoints/margin_temporal_temporal_hist_gradient_boosted.pkl,1dd3f8a82f66a5df134f7d6e5a15007387c25ac6a28d86ea22e3afa87f211997,F6,31,31,9.378874438285433,0.6614851566764918,Duke,0.32297031335298354,2026-09-03T12:59:40.374112+00:00
401856777,2026,1,2026-09-05T19:30:00.000Z,Cincinnati,Boston College,False,False,regular,2026,1,401856777,margin_temporal_temporal_hist_gradient_boosted,temporal,margin,/groups/bsavoie2/tburton2/TDNet/publication_artifacts/corrected_f6_wide_margin_roster/through_2025_v1/checkpoints/margin_temporal_temporal_hist_gradient_boosted.pkl,1dd3f8a82f66a5df134f7d6e5a15007387c25ac6a28d86ea22e3afa87f211997,F6,31,31,4.548550220215764,0.580517087457964,Cincinnati,0.16103417491592809,2026-09-03T12:59:40.374112+00:00
401856772,2026,1,2026-09-05T19:45:00.000Z,Tulsa,Oklahoma State,False,False,regular,2026,1,401856772,margin_temporal_temporal_hist_gradient_boosted,temporal,margin,/groups/bsavoie2/tburton2/TDNet/publication_artifacts/corrected_f6_wide_margin_roster/through_2025_v1/checkpoints/margin_temporal_temporal_hist_gradient_boosted.pkl,1dd3f8a82f66a5df134f7d6e5a15007387c25ac6a28d86ea22e3afa87f211997,F6,31,31,8.479679910060062,0.646957331867684,Tulsa,0.293914663735368,2026-09-03T12:59:40.374112+00:00
401858426,2026,1,2026-09-05T20:15:00.000Z,Iowa,Northern Illinois,False,False,regular,2026,1,401858426,margin_temporal_temporal_hist_gradient_boosted,temporal,margin,/groups/bsavoie2/tburton2/TDNet/publication_artifacts/corrected_f6_wide_margin_roster/through_2025_v1/checkpoints/margin_temporal_temporal_hist_gradient_boosted.pkl,1dd3f8a82f66a5df134f7d6e5a15007387c25ac6a28d86ea22e3afa87f211997,F6,31,31,19.544181678050695,0.8015504458815305,Iowa,0.6031008917630609,2026-09-03T12:59:40.374112+00:00
401860878,2026,1,2026-09-05T22:00:00.000Z,Colorado State,Wyoming,False,False,regular,2026,1,401860878,margin_temporal_temporal_hist_gradient_boosted,temporal,margin,/groups/bsavoie2/tburton2/TDNet/publication_artifacts/corrected_f6_wide_margin_roster/through_2025_v1/checkpoints/margin_temporal_temporal_hist_gradient_boosted.pkl,1dd3f8a82f66a5df134f7d6e5a15007387c25ac6a28d86ea22e3afa87f211997,F6,31,31,6.409542028735403,0.6124979438887284,Colorado State,0.22499588777745672,2026-09-03T12:59:40.374112+00:00
401856668,2026,1,2026-09-05T23:00:00.000Z,Texas A&M,Missouri State,False,False,regular,2026,1,401856668,margin_temporal_temporal_hist_gradient_boosted,temporal,margin,/groups/bsavoie2/tburton2/TDNet/publication_artifacts/corrected_f6_wide_margin_roster/through_2025_v1/checkpoints/margin_temporal_temporal_hist_gradient_boosted.pkl,1dd3f8a82f66a5df134f7d6e5a15007387c25ac6a28d86ea22e3afa87f211997,F6,31,31,24.317668823360933,0.8503025976578568,Texas A&M,0.7006051953157135,2026-09-03T12:59:40.374112+00:00
401862695,2026,1,2026-09-05T23:00:00.000Z,Memphis,Arkansas State,False,False,regular,2026,1,401862695,margin_temporal_temporal_hist_gradient_boosted,temporal,margin,/groups/bsavoie2/tburton2/TDNet/publication_artifacts/corrected_f6_wide_margin_roster/through_2025_v1/checkpoints/margin_temporal_temporal_hist_gradient_boosted.pkl,1dd3f8a82f66a5df134f7d6e5a15007387c25ac6a28d86ea22e3afa87f211997,F6,31,31,15.35165950347204,0.749612578624368,Memphis,0.49922515724873606,2026-09-03T12:59:40.374112+00:00
401870763,2026,1,2026-09-05T23:00:00.000Z,Troy,Sam Houston,False,False,regular,2026,1,401870763,margin_temporal_temporal_hist_gradient_boosted,temporal,margin,/groups/bsavoie2/tburton2/TDNet/publication_artifacts/corrected_f6_wide_margin_roster/through_2025_v1/checkpoints/margin_temporal_temporal_hist_gradient_boosted.pkl,1dd3f8a82f66a5df134f7d6e5a15007387c25ac6a28d86ea22e3afa87f211997,F6,31,31,14.280103333062856,0.7349740371803103,Troy,0.4699480743606206,2026-09-03T12:59:40.374112+00:00
401862699,2026,1,2026-09-05T23:00:00.000Z,South Florida,Florida International,False,False,regular,2026,1,401862699,margin_temporal_temporal_hist_gradient_boosted,temporal,margin,/groups/bsavoie2/tburton2/TDNet/publication_artifacts/corrected_f6_wide_margin_roster/through_2025_v1/checkpoints/margin_temporal_temporal_hist_gradient_boosted.pkl,1dd3f8a82f66a5df134f7d6e5a15007387c25ac6a28d86ea22e3afa87f211997,F6,31,31,9.833558561534915,0.6687190123929027,South Florida,0.3374380247858053,2026-09-03T12:59:40.374112+00:00
401858428,2026,1,2026-09-05T23:30:00.000Z,Michigan,Western Michigan,False,False,regular,2026,1,401858428,margin_temporal_temporal_hist_gradient_boosted,temporal,margin,/groups/bsavoie2/tburton2/TDNet/publication_artifacts/corrected_f6_wide_margin_roster/through_2025_v1/checkpoints/margin_temporal_temporal_hist_gradient_boosted.pkl,1dd3f8a82f66a5df134f7d6e5a15007387c25ac6a28d86ea22e3afa87f211997,F6,31,31,17.88883085798933,0.7820705611473169,Michigan,0.5641411222946338,2026-09-03T12:59:40.374112+00:00
401856662,2026,1,2026-09-05T23:30:00.000Z,Mississippi State,UL Monroe,False,False,regular,2026,1,401856662,margin_temporal_temporal_hist_gradient_boosted,temporal,margin,/groups/bsavoie2/tburton2/TDNet/publication_artifacts/corrected_f6_wide_margin_roster/through_2025_v1/checkpoints/margin_temporal_temporal_hist_gradient_boosted.pkl,1dd3f8a82f66a5df134f7d6e5a15007387c25ac6a28d86ea22e3afa87f211997,F6,31,31,16.865305605633317,0.7693535656046618,Mississippi State,0.5387071312093237,2026-09-03T12:59:40.374112+00:00
401856660,2026,1,2026-09-05T23:30:00.000Z,LSU,Clemson,False,False,regular,2026,1,401856660,margin_temporal_temporal_hist_gradient_boosted,temporal,margin,/groups/bsavoie2/tburton2/TDNet/publication_artifacts/corrected_f6_wide_margin_roster/through_2025_v1/checkpoints/margin_temporal_temporal_hist_gradient_boosted.pkl,1dd3f8a82f66a5df134f7d6e5a15007387c25ac6a28d86ea22e3afa87f211997,F6,31,31,-1.5808978464119636,0.4717996406830711,Clemson,0.05640071863385776,2026-09-03T12:59:40.374112+00:00
401864498,2026,1,2026-09-06T02:00:00.000Z,New Mexico,Central Michigan,False,False,regular,2026,1,401864498,margin_temporal_temporal_hist_gradient_boosted,temporal,margin,/groups/bsavoie2/tburton2/TDNet/publication_artifacts/corrected_f6_wide_margin_roster/through_2025_v1/checkpoints/margin_temporal_temporal_hist_gradient_boosted.pkl,1dd3f8a82f66a5df134f7d6e5a15007387c25ac6a28d86ea22e3afa87f211997,F6,31,31,7.749318994296047,0.6349525172597046,New Mexico,0.26990503451940917,2026-09-03T12:59:40.374112+00:00
401864497,2026,1,2026-09-06T02:00:00.000Z,Hawai'i,UNLV,False,True,regular,2026,1,401864497,margin_temporal_temporal_hist_gradient_boosted,temporal,margin,/groups/bsavoie2/tburton2/TDNet/publication_artifacts/corrected_f6_wide_margin_roster/through_2025_v1/checkpoints/margin_temporal_temporal_hist_gradient_boosted.pkl,1dd3f8a82f66a5df134f7d6e5a15007387c25ac6a28d86ea22e3afa87f211997,F6,31,31,-3.577201710709733,0.4364666840267712,UNLV,0.12706663194645762,2026-09-03T12:59:40.374112+00:00
401864432,2026,1,2026-09-06T02:30:00.000Z,Nevada,Western Kentucky,False,False,regular,2026,1,401864432,margin_temporal_temporal_hist_gradient_boosted,temporal,margin,/groups/bsavoie2/tburton2/TDNet/publication_artifacts/corrected_f6_wide_margin_roster/through_2025_v1/checkpoints/margin_temporal_temporal_hist_gradient_boosted.pkl,1dd3f8a82f66a5df134f7d6e5a15007387c25ac6a28d86ea22e3afa87f211997,F6,31,31,-6.269524136157973,0.3898784555069455,Western Kentucky,0.220243088986109,2026-09-03T12:59:40.374112+00:00
401858210,2026,1,2026-09-06T02:30:00.000Z,California,UCLA,False,False,regular,2026,1,401858210,margin_temporal_temporal_hist_gradient_boosted,temporal,margin,/groups/bsavoie2/tburton2/TDNet/publication_artifacts/corrected_f6_wide_margin_roster/through_2025_v1/checkpoints/margin_temporal_temporal_hist_gradient_boosted.pkl,1dd3f8a82f66a5df134f7d6e5a15007387c25ac6a28d86ea22e3afa87f211997,F6,31,31,6.051077559842464,0.6064036175456785,California,0.21280723509135702,2026-09-03T12:59:40.374112+00:00
401858437,2026,1,2026-09-06T20:00:00.000Z,Washington,Washington State,False,False,regular,2026,1,401858437,margin_temporal_temporal_hist_gradient_boosted,temporal,margin,/groups/bsavoie2/tburton2/TDNet/publication_artifacts/corrected_f6_wide_margin_roster/through_2025_v1/checkpoints/margin_temporal_temporal_hist_gradient_boosted.pkl,1dd3f8a82f66a5df134f7d6e5a15007387c25ac6a28d86ea22e3afa87f211997,F6,31,31,9.96084344636625,0.6707300505747118,Washington,0.3414601011494236,2026-09-03T12:59:40.374112+00:00
401856661,2026,1,2026-09-06T23:30:00.000Z,Ole Miss,Louisville,True,False,regular,2026,1,401856661,margin_temporal_temporal_hist_gradient_boosted,temporal,margin,/groups/bsavoie2/tburton2/TDNet/publication_artifacts/corrected_f6_wide_margin_roster/through_2025_v1/checkpoints/margin_temporal_temporal_hist_gradient_boosted.pkl,1dd3f8a82f66a5df134f7d6e5a15007387c25ac6a28d86ea22e3afa87f211997,F6,31,31,12.425191889632366,0.7083768224966656,Ole Miss,0.4167536449933311,2026-09-03T12:59:40.374112+00:00
401858438,2026,1,2026-09-06T23:30:00.000Z,Notre Dame,Wisconsin,True,False,regular,2026,1,401858438,margin_temporal_temporal_hist_gradient_boosted,temporal,margin,/groups/bsavoie2/tburton2/TDNet/publication_artifacts/corrected_f6_wide_margin_roster/through_2025_v1/checkpoints/margin_temporal_temporal_hist_gradient_boosted.pkl,1dd3f8a82f66a5df134f7d6e5a15007387c25ac6a28d86ea22e3afa87f211997,F6,31,31,21.972716267853883,0.8277094275028379,Notre Dame,0.6554188550056759,2026-09-03T12:59:40.374112+00:00
401858212,2026,1,2026-09-07T23:30:00.000Z,Florida State,SMU,False,True,regular,2026,1,401858212,margin_temporal_temporal_hist_gradient_boosted,temporal,margin,/groups/bsavoie2/tburton2/TDNet/publication_artifacts/corrected_f6_wide_margin_roster/through_2025_v1/checkpoints/margin_temporal_temporal_hist_gradient_boosted.pkl,1dd3f8a82f66a5df134f7d6e5a15007387c25ac6a28d86ea22e3afa87f211997,F6,31,31,4.023039835851669,0.5713496918569991,Florida State,0.14269938371399826,2026-09-03T12:59:40.374112+00:00
401858423,2026,1,2026-09-03T22:00:00.000Z,Rutgers,Massachusetts,False,False,regular,2026,1,401858423,margin_temporal_temporal_random_forest,temporal,margin,/groups/bsavoie2/tburton2/TDNet/publication_artifacts/corrected_f6_wide_margin_roster/through_2025_v1/checkpoints/margin_temporal_temporal_random_forest.pkl,43e2c875ac1428becd518fe820ec209300b3d8c49c27143bb7ae0aa4cbedbe04,F6,32,32,24.756561087905908,0.8542493433776323,Rutgers,0.7084986867552645,2026-09-03T12:59:40.374112+00:00
401858204,2026,1,2026-09-03T23:00:00.000Z,Wake Forest,Akron,False,False,regular,2026,1,401858204,margin_temporal_temporal_random_forest,temporal,margin,/groups/bsavoie2/tburton2/TDNet/publication_artifacts/corrected_f6_wide_margin_roster/through_2025_v1/checkpoints/margin_temporal_temporal_random_forest.pkl,43e2c875ac1428becd518fe820ec209300b3d8c49c27143bb7ae0aa4cbedbe04,F6,32,32,11.22154811887459,0.690303624219155,Wake Forest,0.38060724843831006,2026-09-03T12:59:40.374112+00:00
401856776,2026,1,2026-09-04T00:00:00.000Z,Georgia Tech,Colorado,False,False,regular,2026,1,401856776,margin_temporal_temporal_random_forest,temporal,margin,/groups/bsavoie2/tburton2/TDNet/publication_artifacts/corrected_f6_wide_margin_roster/through_2025_v1/checkpoints/margin_temporal_temporal_random_forest.pkl,43e2c875ac1428becd518fe820ec209300b3d8c49c27143bb7ae0aa4cbedbe04,F6,32,32,13.957442869626508,0.7304604990400996,Georgia Tech,0.46092099808019915,2026-09-03T12:59:40.374112+00:00
401858424,2026,1,2026-09-04T01:00:00.000Z,Illinois,UAB,False,False,regular,2026,1,401858424,margin_temporal_temporal_random_forest,temporal,margin,/groups/bsavoie2/tburton2/TDNet/publication_artifacts/corrected_f6_wide_margin_roster/through_2025_v1/checkpoints/margin_temporal_temporal_random_forest.pkl,43e2c875ac1428becd518fe820ec209300b3d8c49c27143bb7ae0aa4cbedbe04,F6,32,32,14.441287888418755,0.7372105825598264,Illinois,0.4744211651196528,2026-09-03T12:59:40.374112+00:00
401864495,2026,1,2026-09-04T22:30:00.000Z,Eastern Michigan,San José State,False,False,regular,2026,1,401864495,margin_temporal_temporal_random_forest,temporal,margin,/groups/bsavoie2/tburton2/TDNet/publication_artifacts/corrected_f6_wide_margin_roster/through_2025_v1/checkpoints/margin_temporal_temporal_random_forest.pkl,43e2c875ac1428becd518fe820ec209300b3d8c49c27143bb7ae0aa4cbedbe04,F6,32,32,4.385320222914342,0.5776752175678855,Eastern Michigan,0.15535043513577107,2026-09-03T12:59:40.374112+00:00
401856664,2026,1,2026-09-05T00:00:00.000Z,Oklahoma,UTEP,False,False,regular,2026,1,401856664,margin_temporal_temporal_random_forest,temporal,margin,/groups/bsavoie2/tburton2/TDNet/publication_artifacts/corrected_f6_wide_margin_roster/through_2025_v1/checkpoints/margin_temporal_temporal_random_forest.pkl,43e2c875ac1428becd518fe820ec209300b3d8c49c27143bb7ae0aa4cbedbe04,F6,32,32,24.904327370342084,0.8555585785567834,Oklahoma,0.7111171571135668,2026-09-03T12:59:40.374112+00:00
401858429,2026,1,2026-09-05T00:00:00.000Z,Michigan State,Toledo,False,False,regular,2026,1,401858429,margin_temporal_temporal_random_forest,temporal,margin,/groups/bsavoie2/tburton2/TDNet/publication_artifacts/corrected_f6_wide_margin_roster/through_2025_v1/checkpoints/margin_temporal_temporal_random_forest.pkl,43e2c875ac1428becd518fe820ec209300b3d8c49c27143bb7ae0aa4cbedbe04,F6,32,32,-4.868184610650787,0.4139336114164352,Toledo,0.1721327771671296,2026-09-03T12:59:40.374112+00:00
401858436,2026,1,2026-09-05T01:00:00.000Z,USC,Fresno State,False,False,regular,2026,1,401858436,margin_temporal_temporal_random_forest,temporal,margin,/groups/bsavoie2/tburton2/TDNet/publication_artifacts/corrected_f6_wide_margin_roster/through_2025_v1/checkpoints/margin_temporal_temporal_random_forest.pkl,43e2c875ac1428becd518fe820ec209300b3d8c49c27143bb7ae0aa4cbedbe04,F6,32,32,18.676245481023965,0.7915044055921835,USC,0.583008811184367,2026-09-03T12:59:40.374112+00:00
401858206,2026,1,2026-09-05T01:00:00.000Z,Stanford,Miami,False,True,regular,2026,1,401858206,margin_temporal_temporal_random_forest,temporal,margin,/groups/bsavoie2/tburton2/TDNet/publication_artifacts/corrected_f6_wide_margin_roster/through_2025_v1/checkpoints/margin_temporal_temporal_random_forest.pkl,43e2c875ac1428becd518fe820ec209300b3d8c49c27143bb7ae0aa4cbedbe04,F6,32,32,-4.228167402042404,0.4250657173265416,Miami,0.14986856534691684,2026-09-03T12:59:40.374112+00:00
401856637,2026,1,2026-09-05T23:45:00.000Z,Florida,Florida Atlantic,False,False,regular,2026,1,401856637,margin_temporal_temporal_random_forest,temporal,margin,/groups/bsavoie2/tburton2/TDNet/publication_artifacts/corrected_f6_wide_margin_roster/through_2025_v1/checkpoints/margin_temporal_temporal_random_forest.pkl,43e2c875ac1428becd518fe820ec209300b3d8c49c27143bb7ae0aa4cbedbe04,F6,32,32,15.120555874844113,0.7465014971322373,Florida,0.4930029942644747,2026-09-03T12:59:40.374112+00:00
401858430,2026,1,2026-09-05T16:00:00.000Z,Nebraska,Ohio,False,False,regular,2026,1,401858430,margin_temporal_temporal_random_forest,temporal,margin,/groups/bsavoie2/tburton2/TDNet/publication_artifacts/corrected_f6_wide_margin_roster/through_2025_v1/checkpoints/margin_temporal_temporal_random_forest.pkl,43e2c875ac1428becd518fe820ec209300b3d8c49c27143bb7ae0aa4cbedbe04,F6,32,32,13.057993593936168,0.7176255378934396,Nebraska,0.43525107578687927,2026-09-03T12:59:40.374112+00:00
401856780,2026,1,2026-09-05T16:00:00.000Z,West Virginia,Coastal Carolina,False,False,regular,2026,1,401856780,margin_temporal_temporal_random_forest,temporal,margin,/groups/bsavoie2/tburton2/TDNet/publication_artifacts/corrected_f6_wide_margin_roster/through_2025_v1/checkpoints/margin_temporal_temporal_random_forest.pkl,43e2c875ac1428becd518fe820ec209300b3d8c49c27143bb7ae0aa4cbedbe04,F6,32,32,10.372646900321893,0.6771933624239626,West Virginia,0.3543867248479251,2026-09-03T12:59:40.374112+00:00
401856634,2026,1,2026-09-05T16:00:00.000Z,Alabama,East Carolina,False,False,regular,2026,1,401856634,margin_temporal_temporal_random_forest,temporal,margin,/groups/bsavoie2/tburton2/TDNet/publication_artifacts/corrected_f6_wide_margin_roster/through_2025_v1/checkpoints/margin_temporal_temporal_random_forest.pkl,43e2c875ac1428becd518fe820ec209300b3d8c49c27143bb7ae0aa4cbedbe04,F6,32,32,15.367756896534845,0.749828329322726,Alabama,0.49965665864545206,2026-09-03T12:59:40.374112+00:00
401856778,2026,1,2026-09-05T16:00:00.000Z,Houston,Oregon State,False,False,regular,2026,1,401856778,margin_temporal_temporal_random_forest,temporal,margin,/groups/bsavoie2/tburton2/TDNet/publication_artifacts/corrected_f6_wide_margin_roster/through_2025_v1/checkpoints/margin_temporal_temporal_random_forest.pkl,43e2c875ac1428becd518fe820ec209300b3d8c49c27143bb7ae0aa4cbedbe04,F6,32,32,11.920949556326033,0.7008809516279698,Houston,0.40176190325593963,2026-09-03T12:59:40.374112+00:00
401858425,2026,1,2026-09-05T16:00:00.000Z,Indiana,North Texas,False,False,regular,2026,1,401858425,margin_temporal_temporal_random_forest,temporal,margin,/groups/bsavoie2/tburton2/TDNet/publication_artifacts/corrected_f6_wide_margin_roster/through_2025_v1/checkpoints/margin_temporal_temporal_random_forest.pkl,43e2c875ac1428becd518fe820ec209300b3d8c49c27143bb7ae0aa4cbedbe04,F6,32,32,12.13419597298127,0.7040644661791237,Indiana,0.4081289323582473,2026-09-03T12:59:40.374112+00:00
401869960,2026,1,2026-09-05T16:00:00.000Z,James Madison,Liberty,False,False,regular,2026,1,401869960,margin_temporal_temporal_random_forest,temporal,margin,/groups/bsavoie2/tburton2/TDNet/publication_artifacts/corrected_f6_wide_margin_roster/through_2025_v1/checkpoints/margin_temporal_temporal_random_forest.pkl,43e2c875ac1428becd518fe820ec209300b3d8c49c27143bb7ae0aa4cbedbe04,F6,32,32,13.519315120990127,0.7242546706923408,James Madison,0.4485093413846817,2026-09-03T12:59:40.374112+00:00
401858207,2026,1,2026-09-05T16:30:00.000Z,Pittsburgh,Miami (OH),False,False,regular,2026,1,401858207,margin_temporal_temporal_random_forest,temporal,margin,/groups/bsavoie2/tburton2/TDNet/publication_artifacts/corrected_f6_wide_margin_roster/through_2025_v1/checkpoints/margin_temporal_temporal_random_forest.pkl,43e2c875ac1428becd518fe820ec209300b3d8c49c27143bb7ae0aa4cbedbe04,F6,32,32,8.138834405472405,0.6413769044409928,Pittsburgh,0.28275380888198565,2026-09-03T12:59:40.374112+00:00
401858432,2026,1,2026-09-05T16:30:00.000Z,Ohio State,Ball State,False,False,regular,2026,1,401858432,margin_temporal_temporal_random_forest,temporal,margin,/groups/bsavoie2/tburton2/TDNet/publication_artifacts/corrected_f6_wide_margin_roster/through_2025_v1/checkpoints/margin_temporal_temporal_random_forest.pkl,43e2c875ac1428becd518fe820ec209300b3d8c49c27143bb7ae0aa4cbedbe04,F6,32,32,30.0,0.8949994149797352,Ohio State,0.7899988299594705,2026-09-03T12:59:40.374112+00:00
401856665,2026,1,2026-09-05T16:45:00.000Z,South Carolina,Kent State,False,False,regular,2026,1,401856665,margin_temporal_temporal_random_forest,temporal,margin,/groups/bsavoie2/tburton2/TDNet/publication_artifacts/corrected_f6_wide_margin_roster/through_2025_v1/checkpoints/margin_temporal_temporal_random_forest.pkl,43e2c875ac1428becd518fe820ec209300b3d8c49c27143bb7ae0aa4cbedbe04,F6,32,32,20.152990419058074,0.8083771056241154,South Carolina,0.6167542112482307,2026-09-03T12:59:40.374112+00:00
401858433,2026,1,2026-09-05T19:30:00.000Z,Oregon,Boise State,False,False,regular,2026,1,401858433,margin_temporal_temporal_random_forest,temporal,margin,/groups/bsavoie2/tburton2/TDNet/publication_artifacts/corrected_f6_wide_margin_roster/through_2025_v1/checkpoints/margin_temporal_temporal_random_forest.pkl,43e2c875ac1428becd518fe820ec209300b3d8c49c27143bb7ae0aa4cbedbe04,F6,32,32,19.68489396730721,0.8031443678126285,Oregon,0.6062887356252571,2026-09-03T12:59:40.374112+00:00
401856636,2026,1,2026-09-05T19:30:00.000Z,Auburn,Baylor,True,False,regular,2026,1,401856636,margin_temporal_temporal_random_forest,temporal,margin,/groups/bsavoie2/tburton2/TDNet/publication_artifacts/corrected_f6_wide_margin_roster/through_2025_v1/checkpoints/margin_temporal_temporal_random_forest.pkl,43e2c875ac1428becd518fe820ec209300b3d8c49c27143bb7ae0aa4cbedbe04,F6,32,32,7.636246162171154,0.6330784201073001,Auburn,0.2661568402146002,2026-09-03T12:59:40.374112+00:00
401856667,2026,1,2026-09-05T19:30:00.000Z,Texas,Texas State,False,False,regular,2026,1,401856667,margin_temporal_temporal_random_forest,temporal,margin,/groups/bsavoie2/tburton2/TDNet/publication_artifacts/corrected_f6_wide_margin_roster/through_2025_v1/checkpoints/margin_temporal_temporal_random_forest.pkl,43e2c875ac1428becd518fe820ec209300b3d8c49c27143bb7ae0aa4cbedbe04,F6,32,32,14.044734887987847,0.7316863583702065,Texas,0.4633727167404129,2026-09-03T12:59:40.374112+00:00
401858434,2026,1,2026-09-05T19:30:00.000Z,Penn State,Marshall,False,False,regular,2026,1,401858434,margin_temporal_temporal_random_forest,temporal,margin,/groups/bsavoie2/tburton2/TDNet/publication_artifacts/corrected_f6_wide_margin_roster/through_2025_v1/checkpoints/margin_temporal_temporal_random_forest.pkl,43e2c875ac1428becd518fe820ec209300b3d8c49c27143bb7ae0aa4cbedbe04,F6,32,32,14.236408062688945,0.7343656429607347,Penn State,0.4687312859214694,2026-09-03T12:59:40.374112+00:00
401858209,2026,1,2026-09-05T19:30:00.000Z,Duke,Tulane,False,False,regular,2026,1,401858209,margin_temporal_temporal_random_forest,temporal,margin,/groups/bsavoie2/tburton2/TDNet/publication_artifacts/corrected_f6_wide_margin_roster/through_2025_v1/checkpoints/margin_temporal_temporal_random_forest.pkl,43e2c875ac1428becd518fe820ec209300b3d8c49c27143bb7ae0aa4cbedbe04,F6,32,32,7.150479704609114,0.624981935739232,Duke,0.249963871478464,2026-09-03T12:59:40.374112+00:00
401856777,2026,1,2026-09-05T19:30:00.000Z,Cincinnati,Boston College,False,False,regular,2026,1,401856777,margin_temporal_temporal_random_forest,temporal,margin,/groups/bsavoie2/tburton2/TDNet/publication_artifacts/corrected_f6_wide_margin_roster/through_2025_v1/checkpoints/margin_temporal_temporal_random_forest.pkl,43e2c875ac1428becd518fe820ec209300b3d8c49c27143bb7ae0aa4cbedbe04,F6,32,32,8.766577323748251,0.6516237145027398,Cincinnati,0.30324742900547963,2026-09-03T12:59:40.374112+00:00
401856772,2026,1,2026-09-05T19:45:00.000Z,Tulsa,Oklahoma State,False,False,regular,2026,1,401856772,margin_temporal_temporal_random_forest,temporal,margin,/groups/bsavoie2/tburton2/TDNet/publication_artifacts/corrected_f6_wide_margin_roster/through_2025_v1/checkpoints/margin_temporal_temporal_random_forest.pkl,43e2c875ac1428becd518fe820ec209300b3d8c49c27143bb7ae0aa4cbedbe04,F6,32,32,4.063973042317161,0.572065607693014,Tulsa,0.1441312153860279,2026-09-03T12:59:40.374112+00:00
401858426,2026,1,2026-09-05T20:15:00.000Z,Iowa,Northern Illinois,False,False,regular,2026,1,401858426,margin_temporal_temporal_random_forest,temporal,margin,/groups/bsavoie2/tburton2/TDNet/publication_artifacts/corrected_f6_wide_margin_roster/through_2025_v1/checkpoints/margin_temporal_temporal_random_forest.pkl,43e2c875ac1428becd518fe820ec209300b3d8c49c27143bb7ae0aa4cbedbe04,F6,32,32,19.371696356584593,0.7995833927855253,Iowa,0.5991667855710505,2026-09-03T12:59:40.374112+00:00
401860878,2026,1,2026-09-05T22:00:00.000Z,Colorado State,Wyoming,False,False,regular,2026,1,401860878,margin_temporal_temporal_random_forest,temporal,margin,/groups/bsavoie2/tburton2/TDNet/publication_artifacts/corrected_f6_wide_margin_roster/through_2025_v1/checkpoints/margin_temporal_temporal_random_forest.pkl,43e2c875ac1428becd518fe820ec209300b3d8c49c27143bb7ae0aa4cbedbe04,F6,32,32,2.6814516010992797,0.5477372183681499,Colorado State,0.09547443673629985,2026-09-03T12:59:40.374112+00:00
401856668,2026,1,2026-09-05T23:00:00.000Z,Texas A&M,Missouri State,False,False,regular,2026,1,401856668,margin_temporal_temporal_random_forest,temporal,margin,/groups/bsavoie2/tburton2/TDNet/publication_artifacts/corrected_f6_wide_margin_roster/through_2025_v1/checkpoints/margin_temporal_temporal_random_forest.pkl,43e2c875ac1428becd518fe820ec209300b3d8c49c27143bb7ae0aa4cbedbe04,F6,32,32,21.929164773289997,0.8272653517524755,Texas A&M,0.654530703504951,2026-09-03T12:59:40.374112+00:00
401862695,2026,1,2026-09-05T23:00:00.000Z,Memphis,Arkansas State,False,False,regular,2026,1,401862695,margin_temporal_temporal_random_forest,temporal,margin,/groups/bsavoie2/tburton2/TDNet/publication_artifacts/corrected_f6_wide_margin_roster/through_2025_v1/checkpoints/margin_temporal_temporal_random_forest.pkl,43e2c875ac1428becd518fe820ec209300b3d8c49c27143bb7ae0aa4cbedbe04,F6,32,32,13.87584282939283,0.7293113826409319,Memphis,0.45862276528186374,2026-09-03T12:59:40.374112+00:00
401870763,2026,1,2026-09-05T23:00:00.000Z,Troy,Sam Houston,False,False,regular,2026,1,401870763,margin_temporal_temporal_random_forest,temporal,margin,/groups/bsavoie2/tburton2/TDNet/publication_artifacts/corrected_f6_wide_margin_roster/through_2025_v1/checkpoints/margin_temporal_temporal_random_forest.pkl,43e2c875ac1428becd518fe820ec209300b3d8c49c27143bb7ae0aa4cbedbe04,F6,32,32,15.502531125084063,0.751629820788545,Troy,0.50325964157709,2026-09-03T12:59:40.374112+00:00
401862699,2026,1,2026-09-05T23:00:00.000Z,South Florida,Florida International,False,False,regular,2026,1,401862699,margin_temporal_temporal_random_forest,temporal,margin,/groups/bsavoie2/tburton2/TDNet/publication_artifacts/corrected_f6_wide_margin_roster/through_2025_v1/checkpoints/margin_temporal_temporal_random_forest.pkl,43e2c875ac1428becd518fe820ec209300b3d8c49c27143bb7ae0aa4cbedbe04,F6,32,32,12.39865081405522,0.7079850370219438,South Florida,0.41597007404388764,2026-09-03T12:59:40.374112+00:00
401858428,2026,1,2026-09-05T23:30:00.000Z,Michigan,Western Michigan,False,False,regular,2026,1,401858428,margin_temporal_temporal_random_forest,temporal,margin,/groups/bsavoie2/tburton2/TDNet/publication_artifacts/corrected_f6_wide_margin_roster/through_2025_v1/checkpoints/margin_temporal_temporal_random_forest.pkl,43e2c875ac1428becd518fe820ec209300b3d8c49c27143bb7ae0aa4cbedbe04,F6,32,32,17.082912974117377,0.7721001637351532,Michigan,0.5442003274703064,2026-09-03T12:59:40.374112+00:00
401856662,2026,1,2026-09-05T23:30:00.000Z,Mississippi State,UL Monroe,False,False,regular,2026,1,401856662,margin_temporal_temporal_random_forest,temporal,margin,/groups/bsavoie2/tburton2/TDNet/publication_artifacts/corrected_f6_wide_margin_roster/through_2025_v1/checkpoints/margin_temporal_temporal_random_forest.pkl,43e2c875ac1428becd518fe820ec209300b3d8c49c27143bb7ae0aa4cbedbe04,F6,32,32,15.44563755250597,0.7508704002248949,Mississippi State,0.5017408004497899,2026-09-03T12:59:40.374112+00:00
401856660,2026,1,2026-09-05T23:30:00.000Z,LSU,Clemson,False,False,regular,2026,1,401856660,margin_temporal_temporal_random_forest,temporal,margin,/groups/bsavoie2/tburton2/TDNet/publication_artifacts/corrected_f6_wide_margin_roster/through_2025_v1/checkpoints/margin_temporal_temporal_random_forest.pkl,43e2c875ac1428becd518fe820ec209300b3d8c49c27143bb7ae0aa4cbedbe04,F6,32,32,-0.5818005522255514,0.4896121993586387,Clemson,0.0207756012827226,2026-09-03T12:59:40.374112+00:00
401864498,2026,1,2026-09-06T02:00:00.000Z,New Mexico,Central Michigan,False,False,regular,2026,1,401864498,margin_temporal_temporal_random_forest,temporal,margin,/groups/bsavoie2/tburton2/TDNet/publication_artifacts/corrected_f6_wide_margin_roster/through_2025_v1/checkpoints/margin_temporal_temporal_random_forest.pkl,43e2c875ac1428becd518fe820ec209300b3d8c49c27143bb7ae0aa4cbedbe04,F6,32,32,6.785046533531821,0.6188444008889527,New Mexico,0.2376888017779053,2026-09-03T12:59:40.374112+00:00
401864497,2026,1,2026-09-06T02:00:00.000Z,Hawai'i,UNLV,False,True,regular,2026,1,401864497,margin_temporal_temporal_random_forest,temporal,margin,/groups/bsavoie2/tburton2/TDNet/publication_artifacts/corrected_f6_wide_margin_roster/through_2025_v1/checkpoints/margin_temporal_temporal_random_forest.pkl,43e2c875ac1428becd518fe820ec209300b3d8c49c27143bb7ae0aa4cbedbe04,F6,32,32,-4.446298447630806,0.4212625257986892,UNLV,0.15747494840262155,2026-09-03T12:59:40.374112+00:00
401864432,2026,1,2026-09-06T02:30:00.000Z,Nevada,Western Kentucky,False,False,regular,2026,1,401864432,margin_temporal_temporal_random_forest,temporal,margin,/groups/bsavoie2/tburton2/TDNet/publication_artifacts/corrected_f6_wide_margin_roster/through_2025_v1/checkpoints/margin_temporal_temporal_random_forest.pkl,43e2c875ac1428becd518fe820ec209300b3d8c49c27143bb7ae0aa4cbedbe04,F6,32,32,-6.9427381810999425,0.37850234485148393,Western Kentucky,0.24299531029703214,2026-09-03T12:59:40.374112+00:00
401858210,2026,1,2026-09-06T02:30:00.000Z,California,UCLA,False,False,regular,2026,1,401858210,margin_temporal_temporal_random_forest,temporal,margin,/groups/bsavoie2/tburton2/TDNet/publication_artifacts/corrected_f6_wide_margin_roster/through_2025_v1/checkpoints/margin_temporal_temporal_random_forest.pkl,43e2c875ac1428becd518fe820ec209300b3d8c49c27143bb7ae0aa4cbedbe04,F6,32,32,5.109934898434892,0.5902491272774256,California,0.18049825455485125,2026-09-03T12:59:40.374112+00:00
401858437,2026,1,2026-09-06T20:00:00.000Z,Washington,Washington State,False,False,regular,2026,1,401858437,margin_temporal_temporal_random_forest,temporal,margin,/groups/bsavoie2/tburton2/TDNet/publication_artifacts/corrected_f6_wide_margin_roster/through_2025_v1/checkpoints/margin_temporal_temporal_random_forest.pkl,43e2c875ac1428becd518fe820ec209300b3d8c49c27143bb7ae0aa4cbedbe04,F6,32,32,12.593127199761033,0.7108486091385889,Washington,0.4216972182771779,2026-09-03T12:59:40.374112+00:00
401856661,2026,1,2026-09-06T23:30:00.000Z,Ole Miss,Louisville,True,False,regular,2026,1,401856661,margin_temporal_temporal_random_forest,temporal,margin,/groups/bsavoie2/tburton2/TDNet/publication_artifacts/corrected_f6_wide_margin_roster/through_2025_v1/checkpoints/margin_temporal_temporal_random_forest.pkl,43e2c875ac1428becd518fe820ec209300b3d8c49c27143bb7ae0aa4cbedbe04,F6,32,32,9.915749347874351,0.6700182963508521,Ole Miss,0.34003659270170417,2026-09-03T12:59:40.374112+00:00
401858438,2026,1,2026-09-06T23:30:00.000Z,Notre Dame,Wisconsin,True,False,regular,2026,1,401858438,margin_temporal_temporal_random_forest,temporal,margin,/groups/bsavoie2/tburton2/TDNet/publication_artifacts/corrected_f6_wide_margin_roster/through_2025_v1/checkpoints/margin_temporal_temporal_random_forest.pkl,43e2c875ac1428becd518fe820ec209300b3d8c49c27143bb7ae0aa4cbedbe04,F6,32,32,20.82340229903397,0.8156855830116397,Notre Dame,0.6313711660232795,2026-09-03T12:59:40.374112+00:00
401858212,2026,1,2026-09-07T23:30:00.000Z,Florida State,SMU,False,True,regular,2026,1,401858212,margin_temporal_temporal_random_forest,temporal,margin,/groups/bsavoie2/tburton2/TDNet/publication_artifacts/corrected_f6_wide_margin_roster/through_2025_v1/checkpoints/margin_temporal_temporal_random_forest.pkl,43e2c875ac1428becd518fe820ec209300b3d8c49c27143bb7ae0aa4cbedbe04,F6,32,32,5.005739003480185,0.5884479037317776,Florida State,0.17689580746355515,2026-09-03T12:59:40.374112+00:00
401858423,2026,1,2026-09-03T22:00:00.000Z,Rutgers,Massachusetts,False,False,regular,2026,1,401858423,margin_temporal_trend_elastic_net,temporal,margin,/groups/bsavoie2/tburton2/TDNet/publication_artifacts/corrected_f6_wide_margin_roster/through_2025_v1/checkpoints/margin_temporal_trend_elastic_net.pkl,012bea45590217f57cb0932d810fb6147bb8cbaa2cda333ffdf36c5795ad3d37,F6,33,33,21.63633629422507,0.8242559741978679,Rutgers,0.6485119483957358,2026-09-03T12:59:40.374112+00:00
401858204,2026,1,2026-09-03T23:00:00.000Z,Wake Forest,Akron,False,False,regular,2026,1,401858204,margin_temporal_trend_elastic_net,temporal,margin,/groups/bsavoie2/tburton2/TDNet/publication_artifacts/corrected_f6_wide_margin_roster/through_2025_v1/checkpoints/margin_temporal_trend_elastic_net.pkl,012bea45590217f57cb0932d810fb6147bb8cbaa2cda333ffdf36c5795ad3d37,F6,33,33,10.170275331126662,0.6740253794558119,Wake Forest,0.34805075891162374,2026-09-03T12:59:40.374112+00:00
401856776,2026,1,2026-09-04T00:00:00.000Z,Georgia Tech,Colorado,False,False,regular,2026,1,401856776,margin_temporal_trend_elastic_net,temporal,margin,/groups/bsavoie2/tburton2/TDNet/publication_artifacts/corrected_f6_wide_margin_roster/through_2025_v1/checkpoints/margin_temporal_trend_elastic_net.pkl,012bea45590217f57cb0932d810fb6147bb8cbaa2cda333ffdf36c5795ad3d37,F6,33,33,10.119300324368602,0.6732248743848677,Georgia Tech,0.34644974876973533,2026-09-03T12:59:40.374112+00:00
401858424,2026,1,2026-09-04T01:00:00.000Z,Illinois,UAB,False,False,regular,2026,1,401858424,margin_temporal_trend_elastic_net,temporal,margin,/groups/bsavoie2/tburton2/TDNet/publication_artifacts/corrected_f6_wide_margin_roster/through_2025_v1/checkpoints/margin_temporal_trend_elastic_net.pkl,012bea45590217f57cb0932d810fb6147bb8cbaa2cda333ffdf36c5795ad3d37,F6,33,33,13.564197996998406,0.7248944638917386,Illinois,0.44978892778347723,2026-09-03T12:59:40.374112+00:00
401864495,2026,1,2026-09-04T22:30:00.000Z,Eastern Michigan,San José State,False,False,regular,2026,1,401864495,margin_temporal_trend_elastic_net,temporal,margin,/groups/bsavoie2/tburton2/TDNet/publication_artifacts/corrected_f6_wide_margin_roster/through_2025_v1/checkpoints/margin_temporal_trend_elastic_net.pkl,012bea45590217f57cb0932d810fb6147bb8cbaa2cda333ffdf36c5795ad3d37,F6,33,33,10.693897654599418,0.6821889898942475,Eastern Michigan,0.36437797978849495,2026-09-03T12:59:40.374112+00:00
401856664,2026,1,2026-09-05T00:00:00.000Z,Oklahoma,UTEP,False,False,regular,2026,1,401856664,margin_temporal_trend_elastic_net,temporal,margin,/groups/bsavoie2/tburton2/TDNet/publication_artifacts/corrected_f6_wide_margin_roster/through_2025_v1/checkpoints/margin_temporal_trend_elastic_net.pkl,012bea45590217f57cb0932d810fb6147bb8cbaa2cda333ffdf36c5795ad3d37,F6,33,33,20.701719786226324,0.8143752769588068,Oklahoma,0.6287505539176137,2026-09-03T12:59:40.374112+00:00
401858429,2026,1,2026-09-05T00:00:00.000Z,Michigan State,Toledo,False,False,regular,2026,1,401858429,margin_temporal_trend_elastic_net,temporal,margin,/groups/bsavoie2/tburton2/TDNet/publication_artifacts/corrected_f6_wide_margin_roster/through_2025_v1/checkpoints/margin_temporal_trend_elastic_net.pkl,012bea45590217f57cb0932d810fb6147bb8cbaa2cda333ffdf36c5795ad3d37,F6,33,33,-2.142858521890804,0.4618092005893609,Toledo,0.07638159882127815,2026-09-03T12:59:40.374112+00:00
401858436,2026,1,2026-09-05T01:00:00.000Z,USC,Fresno State,False,False,regular,2026,1,401858436,margin_temporal_trend_elastic_net,temporal,margin,/groups/bsavoie2/tburton2/TDNet/publication_artifacts/corrected_f6_wide_margin_roster/through_2025_v1/checkpoints/margin_temporal_trend_elastic_net.pkl,012bea45590217f57cb0932d810fb6147bb8cbaa2cda333ffdf36c5795ad3d37,F6,33,33,16.58252601022082,0.7657498778430006,USC,0.5314997556860013,2026-09-03T12:59:40.374112+00:00
401858206,2026,1,2026-09-05T01:00:00.000Z,Stanford,Miami,False,True,regular,2026,1,401858206,margin_temporal_trend_elastic_net,temporal,margin,/groups/bsavoie2/tburton2/TDNet/publication_artifacts/corrected_f6_wide_margin_roster/through_2025_v1/checkpoints/margin_temporal_trend_elastic_net.pkl,012bea45590217f57cb0932d810fb6147bb8cbaa2cda333ffdf36c5795ad3d37,F6,33,33,-4.865312105556211,0.41398338718186833,Miami,0.17203322563626333,2026-09-03T12:59:40.374112+00:00
401856637,2026,1,2026-09-05T23:45:00.000Z,Florida,Florida Atlantic,False,False,regular,2026,1,401856637,margin_temporal_trend_elastic_net,temporal,margin,/groups/bsavoie2/tburton2/TDNet/publication_artifacts/corrected_f6_wide_margin_roster/through_2025_v1/checkpoints/margin_temporal_trend_elastic_net.pkl,012bea45590217f57cb0932d810fb6147bb8cbaa2cda333ffdf36c5795ad3d37,F6,33,33,13.373108906582917,0.7221641638049806,Florida,0.4443283276099612,2026-09-03T12:59:40.374112+00:00
401858430,2026,1,2026-09-05T16:00:00.000Z,Nebraska,Ohio,False,False,regular,2026,1,401858430,margin_temporal_trend_elastic_net,temporal,margin,/groups/bsavoie2/tburton2/TDNet/publication_artifacts/corrected_f6_wide_margin_roster/through_2025_v1/checkpoints/margin_temporal_trend_elastic_net.pkl,012bea45590217f57cb0932d810fb6147bb8cbaa2cda333ffdf36c5795ad3d37,F6,33,33,4.406757459915069,0.5780487422811607,Nebraska,0.1560974845623213,2026-09-03T12:59:40.374112+00:00
401856780,2026,1,2026-09-05T16:00:00.000Z,West Virginia,Coastal Carolina,False,False,regular,2026,1,401856780,margin_temporal_trend_elastic_net,temporal,margin,/groups/bsavoie2/tburton2/TDNet/publication_artifacts/corrected_f6_wide_margin_roster/through_2025_v1/checkpoints/margin_temporal_trend_elastic_net.pkl,012bea45590217f57cb0932d810fb6147bb8cbaa2cda333ffdf36c5795ad3d37,F6,33,33,9.636737949551472,0.6655971992391885,West Virginia,0.33119439847837695,2026-09-03T12:59:40.374112+00:00
401856634,2026,1,2026-09-05T16:00:00.000Z,Alabama,East Carolina,False,False,regular,2026,1,401856634,margin_temporal_trend_elastic_net,temporal,margin,/groups/bsavoie2/tburton2/TDNet/publication_artifacts/corrected_f6_wide_margin_roster/through_2025_v1/checkpoints/margin_temporal_trend_elastic_net.pkl,012bea45590217f57cb0932d810fb6147bb8cbaa2cda333ffdf36c5795ad3d37,F6,33,33,9.96340579234857,0.670770470548184,Alabama,0.3415409410963679,2026-09-03T12:59:40.374112+00:00
401856778,2026,1,2026-09-05T16:00:00.000Z,Houston,Oregon State,False,False,regular,2026,1,401856778,margin_temporal_trend_elastic_net,temporal,margin,/groups/bsavoie2/tburton2/TDNet/publication_artifacts/corrected_f6_wide_margin_roster/through_2025_v1/checkpoints/margin_temporal_trend_elastic_net.pkl,012bea45590217f57cb0932d810fb6147bb8cbaa2cda333ffdf36c5795ad3d37,F6,33,33,8.738856580318538,0.6511740873130715,Houston,0.30234817462614294,2026-09-03T12:59:40.374112+00:00
401858425,2026,1,2026-09-05T16:00:00.000Z,Indiana,North Texas,False,False,regular,2026,1,401858425,margin_temporal_trend_elastic_net,temporal,margin,/groups/bsavoie2/tburton2/TDNet/publication_artifacts/corrected_f6_wide_margin_roster/through_2025_v1/checkpoints/margin_temporal_trend_elastic_net.pkl,012bea45590217f57cb0932d810fb6147bb8cbaa2cda333ffdf36c5795ad3d37,F6,33,33,11.760090934175029,0.6984665839856526,Indiana,0.3969331679713053,2026-09-03T12:59:40.374112+00:00
401869960,2026,1,2026-09-05T16:00:00.000Z,James Madison,Liberty,False,False,regular,2026,1,401869960,margin_temporal_trend_elastic_net,temporal,margin,/groups/bsavoie2/tburton2/TDNet/publication_artifacts/corrected_f6_wide_margin_roster/through_2025_v1/checkpoints/margin_temporal_trend_elastic_net.pkl,012bea45590217f57cb0932d810fb6147bb8cbaa2cda333ffdf36c5795ad3d37,F6,33,33,9.794567284956502,0.6681017306349871,James Madison,0.33620346126997425,2026-09-03T12:59:40.374112+00:00
401858207,2026,1,2026-09-05T16:30:00.000Z,Pittsburgh,Miami (OH),False,False,regular,2026,1,401858207,margin_temporal_trend_elastic_net,temporal,margin,/groups/bsavoie2/tburton2/TDNet/publication_artifacts/corrected_f6_wide_margin_roster/through_2025_v1/checkpoints/margin_temporal_trend_elastic_net.pkl,012bea45590217f57cb0932d810fb6147bb8cbaa2cda333ffdf36c5795ad3d37,F6,33,33,8.042452338612907,0.6397918617661701,Pittsburgh,0.2795837235323402,2026-09-03T12:59:40.374112+00:00
401858432,2026,1,2026-09-05T16:30:00.000Z,Ohio State,Ball State,False,False,regular,2026,1,401858432,margin_temporal_trend_elastic_net,temporal,margin,/groups/bsavoie2/tburton2/TDNet/publication_artifacts/corrected_f6_wide_margin_roster/through_2025_v1/checkpoints/margin_temporal_trend_elastic_net.pkl,012bea45590217f57cb0932d810fb6147bb8cbaa2cda333ffdf36c5795ad3d37,F6,33,33,30.0,0.8949994149797352,Ohio State,0.7899988299594705,2026-09-03T12:59:40.374112+00:00
401856665,2026,1,2026-09-05T16:45:00.000Z,South Carolina,Kent State,False,False,regular,2026,1,401856665,margin_temporal_trend_elastic_net,temporal,margin,/groups/bsavoie2/tburton2/TDNet/publication_artifacts/corrected_f6_wide_margin_roster/through_2025_v1/checkpoints/margin_temporal_trend_elastic_net.pkl,012bea45590217f57cb0932d810fb6147bb8cbaa2cda333ffdf36c5795ad3d37,F6,33,33,17.101493521770223,0.7723336123287468,South Carolina,0.5446672246574935,2026-09-03T12:59:40.374112+00:00
401858433,2026,1,2026-09-05T19:30:00.000Z,Oregon,Boise State,False,False,regular,2026,1,401858433,margin_temporal_trend_elastic_net,temporal,margin,/groups/bsavoie2/tburton2/TDNet/publication_artifacts/corrected_f6_wide_margin_roster/through_2025_v1/checkpoints/margin_temporal_trend_elastic_net.pkl,012bea45590217f57cb0932d810fb6147bb8cbaa2cda333ffdf36c5795ad3d37,F6,33,33,17.401496521253634,0.7760795264125078,Oregon,0.5521590528250155,2026-09-03T12:59:40.374112+00:00
401856636,2026,1,2026-09-05T19:30:00.000Z,Auburn,Baylor,True,False,regular,2026,1,401856636,margin_temporal_trend_elastic_net,temporal,margin,/groups/bsavoie2/tburton2/TDNet/publication_artifacts/corrected_f6_wide_margin_roster/through_2025_v1/checkpoints/margin_temporal_trend_elastic_net.pkl,012bea45590217f57cb0932d810fb6147bb8cbaa2cda333ffdf36c5795ad3d37,F6,33,33,6.21650556711732,0.6092203340850414,Auburn,0.21844066817008279,2026-09-03T12:59:40.374112+00:00
401856667,2026,1,2026-09-05T19:30:00.000Z,Texas,Texas State,False,False,regular,2026,1,401856667,margin_temporal_trend_elastic_net,temporal,margin,/groups/bsavoie2/tburton2/TDNet/publication_artifacts/corrected_f6_wide_margin_roster/through_2025_v1/checkpoints/margin_temporal_trend_elastic_net.pkl,012bea45590217f57cb0932d810fb6147bb8cbaa2cda333ffdf36c5795ad3d37,F6,33,33,10.832084529918184,0.6843251244116526,Texas,0.3686502488233052,2026-09-03T12:59:40.374112+00:00
401858434,2026,1,2026-09-05T19:30:00.000Z,Penn State,Marshall,False,False,regular,2026,1,401858434,margin_temporal_trend_elastic_net,temporal,margin,/groups/bsavoie2/tburton2/TDNet/publication_artifacts/corrected_f6_wide_margin_roster/through_2025_v1/checkpoints/margin_temporal_trend_elastic_net.pkl,012bea45590217f57cb0932d810fb6147bb8cbaa2cda333ffdf36c5795ad3d37,F6,33,33,9.726178869169335,0.6670176589556382,Penn State,0.3340353179112765,2026-09-03T12:59:40.374112+00:00
401858209,2026,1,2026-09-05T19:30:00.000Z,Duke,Tulane,False,False,regular,2026,1,401858209,margin_temporal_trend_elastic_net,temporal,margin,/groups/bsavoie2/tburton2/TDNet/publication_artifacts/corrected_f6_wide_margin_roster/through_2025_v1/checkpoints/margin_temporal_trend_elastic_net.pkl,012bea45590217f57cb0932d810fb6147bb8cbaa2cda333ffdf36c5795ad3d37,F6,33,33,6.2594364229366,0.6099501311074859,Duke,0.21990026221497172,2026-09-03T12:59:40.374112+00:00
401856777,2026,1,2026-09-05T19:30:00.000Z,Cincinnati,Boston College,False,False,regular,2026,1,401856777,margin_temporal_trend_elastic_net,temporal,margin,/groups/bsavoie2/tburton2/TDNet/publication_artifacts/corrected_f6_wide_margin_roster/through_2025_v1/checkpoints/margin_temporal_trend_elastic_net.pkl,012bea45590217f57cb0932d810fb6147bb8cbaa2cda333ffdf36c5795ad3d37,F6,33,33,5.6804201372027,0.6000670031064378,Cincinnati,0.20013400621287558,2026-09-03T12:59:40.374112+00:00
401856772,2026,1,2026-09-05T19:45:00.000Z,Tulsa,Oklahoma State,False,False,regular,2026,1,401856772,margin_temporal_trend_elastic_net,temporal,margin,/groups/bsavoie2/tburton2/TDNet/publication_artifacts/corrected_f6_wide_margin_roster/through_2025_v1/checkpoints/margin_temporal_trend_elastic_net.pkl,012bea45590217f57cb0932d810fb6147bb8cbaa2cda333ffdf36c5795ad3d37,F6,33,33,5.023343295018652,0.5887523951089522,Tulsa,0.17750479021790433,2026-09-03T12:59:40.374112+00:00
401858426,2026,1,2026-09-05T20:15:00.000Z,Iowa,Northern Illinois,False,False,regular,2026,1,401858426,margin_temporal_trend_elastic_net,temporal,margin,/groups/bsavoie2/tburton2/TDNet/publication_artifacts/corrected_f6_wide_margin_roster/through_2025_v1/checkpoints/margin_temporal_trend_elastic_net.pkl,012bea45590217f57cb0932d810fb6147bb8cbaa2cda333ffdf36c5795ad3d37,F6,33,33,16.9297339505772,0.7701691762475403,Iowa,0.5403383524950807,2026-09-03T12:59:40.374112+00:00
401860878,2026,1,2026-09-05T22:00:00.000Z,Colorado State,Wyoming,False,False,regular,2026,1,401860878,margin_temporal_trend_elastic_net,temporal,margin,/groups/bsavoie2/tburton2/TDNet/publication_artifacts/corrected_f6_wide_margin_roster/through_2025_v1/checkpoints/margin_temporal_trend_elastic_net.pkl,012bea45590217f57cb0932d810fb6147bb8cbaa2cda333ffdf36c5795ad3d37,F6,33,33,7.299324363339066,0.6274704726588572,Colorado State,0.2549409453177145,2026-09-03T12:59:40.374112+00:00
401856668,2026,1,2026-09-05T23:00:00.000Z,Texas A&M,Missouri State,False,False,regular,2026,1,401856668,margin_temporal_trend_elastic_net,temporal,margin,/groups/bsavoie2/tburton2/TDNet/publication_artifacts/corrected_f6_wide_margin_roster/through_2025_v1/checkpoints/margin_temporal_trend_elastic_net.pkl,012bea45590217f57cb0932d810fb6147bb8cbaa2cda333ffdf36c5795ad3d37,F6,33,33,16.220224296047306,0.7610759523541324,Texas A&M,0.5221519047082648,2026-09-03T12:59:40.374112+00:00
401862695,2026,1,2026-09-05T23:00:00.000Z,Memphis,Arkansas State,False,False,regular,2026,1,401862695,margin_temporal_trend_elastic_net,temporal,margin,/groups/bsavoie2/tburton2/TDNet/publication_artifacts/corrected_f6_wide_margin_roster/through_2025_v1/checkpoints/margin_temporal_trend_elastic_net.pkl,012bea45590217f57cb0932d810fb6147bb8cbaa2cda333ffdf36c5795ad3d37,F6,33,33,15.009341101672195,0.7449952733467302,Memphis,0.4899905466934604,2026-09-03T12:59:40.374112+00:00
401870763,2026,1,2026-09-05T23:00:00.000Z,Troy,Sam Houston,False,False,regular,2026,1,401870763,margin_temporal_trend_elastic_net,temporal,margin,/groups/bsavoie2/tburton2/TDNet/publication_artifacts/corrected_f6_wide_margin_roster/through_2025_v1/checkpoints/margin_temporal_trend_elastic_net.pkl,012bea45590217f57cb0932d810fb6147bb8cbaa2cda333ffdf36c5795ad3d37,F6,33,33,12.713837154620204,0.7126176014854423,Troy,0.4252352029708846,2026-09-03T12:59:40.374112+00:00
401862699,2026,1,2026-09-05T23:00:00.000Z,South Florida,Florida International,False,False,regular,2026,1,401862699,margin_temporal_trend_elastic_net,temporal,margin,/groups/bsavoie2/tburton2/TDNet/publication_artifacts/corrected_f6_wide_margin_roster/through_2025_v1/checkpoints/margin_temporal_trend_elastic_net.pkl,012bea45590217f57cb0932d810fb6147bb8cbaa2cda333ffdf36c5795ad3d37,F6,33,33,11.114521164686176,0.688666914830712,South Florida,0.3773338296614239,2026-09-03T12:59:40.374112+00:00
401858428,2026,1,2026-09-05T23:30:00.000Z,Michigan,Western Michigan,False,False,regular,2026,1,401858428,margin_temporal_trend_elastic_net,temporal,margin,/groups/bsavoie2/tburton2/TDNet/publication_artifacts/corrected_f6_wide_margin_roster/through_2025_v1/checkpoints/margin_temporal_trend_elastic_net.pkl,012bea45590217f57cb0932d810fb6147bb8cbaa2cda333ffdf36c5795ad3d37,F6,33,33,12.98152981630351,0.7165174698059332,Michigan,0.43303493961186645,2026-09-03T12:59:40.374112+00:00
401856662,2026,1,2026-09-05T23:30:00.000Z,Mississippi State,UL Monroe,False,False,regular,2026,1,401856662,margin_temporal_trend_elastic_net,temporal,margin,/groups/bsavoie2/tburton2/TDNet/publication_artifacts/corrected_f6_wide_margin_roster/through_2025_v1/checkpoints/margin_temporal_trend_elastic_net.pkl,012bea45590217f57cb0932d810fb6147bb8cbaa2cda333ffdf36c5795ad3d37,F6,33,33,13.433509769629545,0.7230289775065746,Mississippi State,0.44605795501314915,2026-09-03T12:59:40.374112+00:00
401856660,2026,1,2026-09-05T23:30:00.000Z,LSU,Clemson,False,False,regular,2026,1,401856660,margin_temporal_trend_elastic_net,temporal,margin,/groups/bsavoie2/tburton2/TDNet/publication_artifacts/corrected_f6_wide_margin_roster/through_2025_v1/checkpoints/margin_temporal_trend_elastic_net.pkl,012bea45590217f57cb0932d810fb6147bb8cbaa2cda333ffdf36c5795ad3d37,F6,33,33,1.9961025042195373,0.5355844258964069,LSU,0.07116885179281374,2026-09-03T12:59:40.374112+00:00
401864498,2026,1,2026-09-06T02:00:00.000Z,New Mexico,Central Michigan,False,False,regular,2026,1,401864498,margin_temporal_trend_elastic_net,temporal,margin,/groups/bsavoie2/tburton2/TDNet/publication_artifacts/corrected_f6_wide_margin_roster/through_2025_v1/checkpoints/margin_temporal_trend_elastic_net.pkl,012bea45590217f57cb0932d810fb6147bb8cbaa2cda333ffdf36c5795ad3d37,F6,33,33,6.036935769391441,0.6061624960728552,New Mexico,0.21232499214571043,2026-09-03T12:59:40.374112+00:00
401864497,2026,1,2026-09-06T02:00:00.000Z,Hawai'i,UNLV,False,True,regular,2026,1,401864497,margin_temporal_trend_elastic_net,temporal,margin,/groups/bsavoie2/tburton2/TDNet/publication_artifacts/corrected_f6_wide_margin_roster/through_2025_v1/checkpoints/margin_temporal_trend_elastic_net.pkl,012bea45590217f57cb0932d810fb6147bb8cbaa2cda333ffdf36c5795ad3d37,F6,33,33,-6.536082319807298,0.3853589922644344,UNLV,0.22928201547113125,2026-09-03T12:59:40.374112+00:00
401864432,2026,1,2026-09-06T02:30:00.000Z,Nevada,Western Kentucky,False,False,regular,2026,1,401864432,margin_temporal_trend_elastic_net,temporal,margin,/groups/bsavoie2/tburton2/TDNet/publication_artifacts/corrected_f6_wide_margin_roster/through_2025_v1/checkpoints/margin_temporal_trend_elastic_net.pkl,012bea45590217f57cb0932d810fb6147bb8cbaa2cda333ffdf36c5795ad3d37,F6,33,33,-5.528680103693438,0.40253690798676434,Western Kentucky,0.19492618402647133,2026-09-03T12:59:40.374112+00:00
401858210,2026,1,2026-09-06T02:30:00.000Z,California,UCLA,False,False,regular,2026,1,401858210,margin_temporal_trend_elastic_net,temporal,margin,/groups/bsavoie2/tburton2/TDNet/publication_artifacts/corrected_f6_wide_margin_roster/through_2025_v1/checkpoints/margin_temporal_trend_elastic_net.pkl,012bea45590217f57cb0932d810fb6147bb8cbaa2cda333ffdf36c5795ad3d37,F6,33,33,4.167888474570332,0.5738817120664368,California,0.14776342413287358,2026-09-03T12:59:40.374112+00:00
401858437,2026,1,2026-09-06T20:00:00.000Z,Washington,Washington State,False,False,regular,2026,1,401858437,margin_temporal_trend_elastic_net,temporal,margin,/groups/bsavoie2/tburton2/TDNet/publication_artifacts/corrected_f6_wide_margin_roster/through_2025_v1/checkpoints/margin_temporal_trend_elastic_net.pkl,012bea45590217f57cb0932d810fb6147bb8cbaa2cda333ffdf36c5795ad3d37,F6,33,33,10.854748116526881,0.6846747260364447,Washington,0.3693494520728895,2026-09-03T12:59:40.374112+00:00
401856661,2026,1,2026-09-06T23:30:00.000Z,Ole Miss,Louisville,True,False,regular,2026,1,401856661,margin_temporal_trend_elastic_net,temporal,margin,/groups/bsavoie2/tburton2/TDNet/publication_artifacts/corrected_f6_wide_margin_roster/through_2025_v1/checkpoints/margin_temporal_trend_elastic_net.pkl,012bea45590217f57cb0932d810fb6147bb8cbaa2cda333ffdf36c5795ad3d37,F6,33,33,8.72433538176686,0.6509384476777861,Ole Miss,0.30187689535557216,2026-09-03T12:59:40.374112+00:00
401858438,2026,1,2026-09-06T23:30:00.000Z,Notre Dame,Wisconsin,True,False,regular,2026,1,401858438,margin_temporal_trend_elastic_net,temporal,margin,/groups/bsavoie2/tburton2/TDNet/publication_artifacts/corrected_f6_wide_margin_roster/through_2025_v1/checkpoints/margin_temporal_trend_elastic_net.pkl,012bea45590217f57cb0932d810fb6147bb8cbaa2cda333ffdf36c5795ad3d37,F6,33,33,17.345476578208576,0.7753833903812649,Notre Dame,0.5507667807625298,2026-09-03T12:59:40.374112+00:00
401858212,2026,1,2026-09-07T23:30:00.000Z,Florida State,SMU,False,True,regular,2026,1,401858212,margin_temporal_trend_elastic_net,temporal,margin,/groups/bsavoie2/tburton2/TDNet/publication_artifacts/corrected_f6_wide_margin_roster/through_2025_v1/checkpoints/margin_temporal_trend_elastic_net.pkl,012bea45590217f57cb0932d810fb6147bb8cbaa2cda333ffdf36c5795ad3d37,F6,33,33,1.9539230662341596,0.5348349568471249,Florida State,0.0696699136942498,2026-09-03T12:59:40.374112+00:00
401858423,2026,1,2026-09-03T22:00:00.000Z,Rutgers,Massachusetts,False,False,regular,2026,1,401858423,margin_tree_extra_trees,tree,margin,/groups/bsavoie2/tburton2/TDNet/publication_artifacts/corrected_f6_wide_margin_roster/through_2025_v1/checkpoints/margin_tree_extra_trees.pkl,cffafd191920bd953cf7e57e3c9520143785f9485a4956f6a3fd32e6414098d0,F6,34,34,24.635026977839207,0.8531651663383529,Rutgers,0.7063303326767059,2026-09-03T12:59:40.374112+00:00
401858204,2026,1,2026-09-03T23:00:00.000Z,Wake Forest,Akron,False,False,regular,2026,1,401858204,margin_tree_extra_trees,tree,margin,/groups/bsavoie2/tburton2/TDNet/publication_artifacts/corrected_f6_wide_margin_roster/through_2025_v1/checkpoints/margin_tree_extra_trees.pkl,cffafd191920bd953cf7e57e3c9520143785f9485a4956f6a3fd32e6414098d0,F6,34,34,13.824836320271416,0.7285915309057348,Wake Forest,0.4571830618114696,2026-09-03T12:59:40.374112+00:00
401856776,2026,1,2026-09-04T00:00:00.000Z,Georgia Tech,Colorado,False,False,regular,2026,1,401856776,margin_tree_extra_trees,tree,margin,/groups/bsavoie2/tburton2/TDNet/publication_artifacts/corrected_f6_wide_margin_roster/through_2025_v1/checkpoints/margin_tree_extra_trees.pkl,cffafd191920bd953cf7e57e3c9520143785f9485a4956f6a3fd32e6414098d0,F6,34,34,13.180132025129549,0.7193900355398265,Georgia Tech,0.438780071079653,2026-09-03T12:59:40.374112+00:00
401858424,2026,1,2026-09-04T01:00:00.000Z,Illinois,UAB,False,False,regular,2026,1,401858424,margin_tree_extra_trees,tree,margin,/groups/bsavoie2/tburton2/TDNet/publication_artifacts/corrected_f6_wide_margin_roster/through_2025_v1/checkpoints/margin_tree_extra_trees.pkl,cffafd191920bd953cf7e57e3c9520143785f9485a4956f6a3fd32e6414098d0,F6,34,34,15.759045648797015,0.7550345108208588,Illinois,0.5100690216417176,2026-09-03T12:59:40.374112+00:00
401864495,2026,1,2026-09-04T22:30:00.000Z,Eastern Michigan,San José State,False,False,regular,2026,1,401864495,margin_tree_extra_trees,tree,margin,/groups/bsavoie2/tburton2/TDNet/publication_artifacts/corrected_f6_wide_margin_roster/through_2025_v1/checkpoints/margin_tree_extra_trees.pkl,cffafd191920bd953cf7e57e3c9520143785f9485a4956f6a3fd32e6414098d0,F6,34,34,6.148694351696706,0.6080665918133586,Eastern Michigan,0.2161331836267173,2026-09-03T12:59:40.374112+00:00
401856664,2026,1,2026-09-05T00:00:00.000Z,Oklahoma,UTEP,False,False,regular,2026,1,401856664,margin_tree_extra_trees,tree,margin,/groups/bsavoie2/tburton2/TDNet/publication_artifacts/corrected_f6_wide_margin_roster/through_2025_v1/checkpoints/margin_tree_extra_trees.pkl,cffafd191920bd953cf7e57e3c9520143785f9485a4956f6a3fd32e6414098d0,F6,34,34,24.22768101239936,0.8494825843498877,Oklahoma,0.6989651686997753,2026-09-03T12:59:40.374112+00:00
401858429,2026,1,2026-09-05T00:00:00.000Z,Michigan State,Toledo,False,False,regular,2026,1,401858429,margin_tree_extra_trees,tree,margin,/groups/bsavoie2/tburton2/TDNet/publication_artifacts/corrected_f6_wide_margin_roster/through_2025_v1/checkpoints/margin_tree_extra_trees.pkl,cffafd191920bd953cf7e57e3c9520143785f9485a4956f6a3fd32e6414098d0,F6,34,34,-3.4377859072933794,0.4389175859457145,Toledo,0.12216482810857099,2026-09-03T12:59:40.374112+00:00
401858436,2026,1,2026-09-05T01:00:00.000Z,USC,Fresno State,False,False,regular,2026,1,401858436,margin_tree_extra_trees,tree,margin,/groups/bsavoie2/tburton2/TDNet/publication_artifacts/corrected_f6_wide_margin_roster/through_2025_v1/checkpoints/margin_tree_extra_trees.pkl,cffafd191920bd953cf7e57e3c9520143785f9485a4956f6a3fd32e6414098d0,F6,34,34,17.320820344395635,0.7750765110532553,USC,0.5501530221065105,2026-09-03T12:59:40.374112+00:00
401858206,2026,1,2026-09-05T01:00:00.000Z,Stanford,Miami,False,True,regular,2026,1,401858206,margin_tree_extra_trees,tree,margin,/groups/bsavoie2/tburton2/TDNet/publication_artifacts/corrected_f6_wide_margin_roster/through_2025_v1/checkpoints/margin_tree_extra_trees.pkl,cffafd191920bd953cf7e57e3c9520143785f9485a4956f6a3fd32e6414098d0,F6,34,34,-5.330232575030837,0.4059506254055065,Miami,0.18809874918898695,2026-09-03T12:59:40.374112+00:00
401856637,2026,1,2026-09-05T23:45:00.000Z,Florida,Florida Atlantic,False,False,regular,2026,1,401856637,margin_tree_extra_trees,tree,margin,/groups/bsavoie2/tburton2/TDNet/publication_artifacts/corrected_f6_wide_margin_roster/through_2025_v1/checkpoints/margin_tree_extra_trees.pkl,cffafd191920bd953cf7e57e3c9520143785f9485a4956f6a3fd32e6414098d0,F6,34,34,16.167352427227712,0.7603885478322019,Florida,0.5207770956644038,2026-09-03T12:59:40.374112+00:00
401858430,2026,1,2026-09-05T16:00:00.000Z,Nebraska,Ohio,False,False,regular,2026,1,401858430,margin_tree_extra_trees,tree,margin,/groups/bsavoie2/tburton2/TDNet/publication_artifacts/corrected_f6_wide_margin_roster/through_2025_v1/checkpoints/margin_tree_extra_trees.pkl,cffafd191920bd953cf7e57e3c9520143785f9485a4956f6a3fd32e6414098d0,F6,34,34,5.467264569117742,0.5964076071335984,Nebraska,0.19281521426719683,2026-09-03T12:59:40.374112+00:00
401856780,2026,1,2026-09-05T16:00:00.000Z,West Virginia,Coastal Carolina,False,False,regular,2026,1,401856780,margin_tree_extra_trees,tree,margin,/groups/bsavoie2/tburton2/TDNet/publication_artifacts/corrected_f6_wide_margin_roster/through_2025_v1/checkpoints/margin_tree_extra_trees.pkl,cffafd191920bd953cf7e57e3c9520143785f9485a4956f6a3fd32e6414098d0,F6,34,34,10.792848729455994,0.6837193915898048,West Virginia,0.36743878317960954,2026-09-03T12:59:40.374112+00:00
401856634,2026,1,2026-09-05T16:00:00.000Z,Alabama,East Carolina,False,False,regular,2026,1,401856634,margin_tree_extra_trees,tree,margin,/groups/bsavoie2/tburton2/TDNet/publication_artifacts/corrected_f6_wide_margin_roster/through_2025_v1/checkpoints/margin_tree_extra_trees.pkl,cffafd191920bd953cf7e57e3c9520143785f9485a4956f6a3fd32e6414098d0,F6,34,34,15.329946298317315,0.749321363887103,Alabama,0.49864272777420604,2026-09-03T12:59:40.374112+00:00
401856778,2026,1,2026-09-05T16:00:00.000Z,Houston,Oregon State,False,False,regular,2026,1,401856778,margin_tree_extra_trees,tree,margin,/groups/bsavoie2/tburton2/TDNet/publication_artifacts/corrected_f6_wide_margin_roster/through_2025_v1/checkpoints/margin_tree_extra_trees.pkl,cffafd191920bd953cf7e57e3c9520143785f9485a4956f6a3fd32e6414098d0,F6,34,34,9.95809577931073,0.6706867044293214,Houston,0.34137340885864287,2026-09-03T12:59:40.374112+00:00
401858425,2026,1,2026-09-05T16:00:00.000Z,Indiana,North Texas,False,False,regular,2026,1,401858425,margin_tree_extra_trees,tree,margin,/groups/bsavoie2/tburton2/TDNet/publication_artifacts/corrected_f6_wide_margin_roster/through_2025_v1/checkpoints/margin_tree_extra_trees.pkl,cffafd191920bd953cf7e57e3c9520143785f9485a4956f6a3fd32e6414098d0,F6,34,34,13.420555451915432,0.7228436387905629,Indiana,0.4456872775811258,2026-09-03T12:59:40.374112+00:00
401869960,2026,1,2026-09-05T16:00:00.000Z,James Madison,Liberty,False,False,regular,2026,1,401869960,margin_tree_extra_trees,tree,margin,/groups/bsavoie2/tburton2/TDNet/publication_artifacts/corrected_f6_wide_margin_roster/through_2025_v1/checkpoints/margin_tree_extra_trees.pkl,cffafd191920bd953cf7e57e3c9520143785f9485a4956f6a3fd32e6414098d0,F6,34,34,14.045712091479754,0.7317000614334729,James Madison,0.46340012286694576,2026-09-03T12:59:40.374112+00:00
401858207,2026,1,2026-09-05T16:30:00.000Z,Pittsburgh,Miami (OH),False,False,regular,2026,1,401858207,margin_tree_extra_trees,tree,margin,/groups/bsavoie2/tburton2/TDNet/publication_artifacts/corrected_f6_wide_margin_roster/through_2025_v1/checkpoints/margin_tree_extra_trees.pkl,cffafd191920bd953cf7e57e3c9520143785f9485a4956f6a3fd32e6414098d0,F6,34,34,8.712979154276729,0.6507541155059402,Pittsburgh,0.3015082310118804,2026-09-03T12:59:40.374112+00:00
401858432,2026,1,2026-09-05T16:30:00.000Z,Ohio State,Ball State,False,False,regular,2026,1,401858432,margin_tree_extra_trees,tree,margin,/groups/bsavoie2/tburton2/TDNet/publication_artifacts/corrected_f6_wide_margin_roster/through_2025_v1/checkpoints/margin_tree_extra_trees.pkl,cffafd191920bd953cf7e57e3c9520143785f9485a4956f6a3fd32e6414098d0,F6,34,34,30.0,0.8949994149797352,Ohio State,0.7899988299594705,2026-09-03T12:59:40.374112+00:00
401856665,2026,1,2026-09-05T16:45:00.000Z,South Carolina,Kent State,False,False,regular,2026,1,401856665,margin_tree_extra_trees,tree,margin,/groups/bsavoie2/tburton2/TDNet/publication_artifacts/corrected_f6_wide_margin_roster/through_2025_v1/checkpoints/margin_tree_extra_trees.pkl,cffafd191920bd953cf7e57e3c9520143785f9485a4956f6a3fd32e6414098d0,F6,34,34,20.790335185043816,0.815330218470107,South Carolina,0.630660436940214,2026-09-03T12:59:40.374112+00:00
401858433,2026,1,2026-09-05T19:30:00.000Z,Oregon,Boise State,False,False,regular,2026,1,401858433,margin_tree_extra_trees,tree,margin,/groups/bsavoie2/tburton2/TDNet/publication_artifacts/corrected_f6_wide_margin_roster/through_2025_v1/checkpoints/margin_tree_extra_trees.pkl,cffafd191920bd953cf7e57e3c9520143785f9485a4956f6a3fd32e6414098d0,F6,34,34,19.345535417297473,0.7992837762115047,Oregon,0.5985675524230094,2026-09-03T12:59:40.374112+00:00
401856636,2026,1,2026-09-05T19:30:00.000Z,Auburn,Baylor,True,False,regular,2026,1,401856636,margin_tree_extra_trees,tree,margin,/groups/bsavoie2/tburton2/TDNet/publication_artifacts/corrected_f6_wide_margin_roster/through_2025_v1/checkpoints/margin_tree_extra_trees.pkl,cffafd191920bd953cf7e57e3c9520143785f9485a4956f6a3fd32e6414098d0,F6,34,34,8.035763682094819,0.6396817504157978,Auburn,0.27936350083159556,2026-09-03T12:59:40.374112+00:00
401856667,2026,1,2026-09-05T19:30:00.000Z,Texas,Texas State,False,False,regular,2026,1,401856667,margin_tree_extra_trees,tree,margin,/groups/bsavoie2/tburton2/TDNet/publication_artifacts/corrected_f6_wide_margin_roster/through_2025_v1/checkpoints/margin_tree_extra_trees.pkl,cffafd191920bd953cf7e57e3c9520143785f9485a4956f6a3fd32e6414098d0,F6,34,34,15.436752108234618,0.7507516565278861,Texas,0.5015033130557722,2026-09-03T12:59:40.374112+00:00
401858434,2026,1,2026-09-05T19:30:00.000Z,Penn State,Marshall,False,False,regular,2026,1,401858434,margin_tree_extra_trees,tree,margin,/groups/bsavoie2/tburton2/TDNet/publication_artifacts/corrected_f6_wide_margin_roster/through_2025_v1/checkpoints/margin_tree_extra_trees.pkl,cffafd191920bd953cf7e57e3c9520143785f9485a4956f6a3fd32e6414098d0,F6,34,34,14.5120346549595,0.7381883977733138,Penn State,0.4763767955466276,2026-09-03T12:59:40.374112+00:00
401858209,2026,1,2026-09-05T19:30:00.000Z,Duke,Tulane,False,False,regular,2026,1,401858209,margin_tree_extra_trees,tree,margin,/groups/bsavoie2/tburton2/TDNet/publication_artifacts/corrected_f6_wide_margin_roster/through_2025_v1/checkpoints/margin_tree_extra_trees.pkl,cffafd191920bd953cf7e57e3c9520143785f9485a4956f6a3fd32e6414098d0,F6,34,34,9.379931199804323,0.6615020588081642,Duke,0.3230041176163283,2026-09-03T12:59:40.374112+00:00
401856777,2026,1,2026-09-05T19:30:00.000Z,Cincinnati,Boston College,False,False,regular,2026,1,401856777,margin_tree_extra_trees,tree,margin,/groups/bsavoie2/tburton2/TDNet/publication_artifacts/corrected_f6_wide_margin_roster/through_2025_v1/checkpoints/margin_tree_extra_trees.pkl,cffafd191920bd953cf7e57e3c9520143785f9485a4956f6a3fd32e6414098d0,F6,34,34,9.638187118463483,0.6656202383079255,Cincinnati,0.331240476615851,2026-09-03T12:59:40.374112+00:00
401856772,2026,1,2026-09-05T19:45:00.000Z,Tulsa,Oklahoma State,False,False,regular,2026,1,401856772,margin_tree_extra_trees,tree,margin,/groups/bsavoie2/tburton2/TDNet/publication_artifacts/corrected_f6_wide_margin_roster/through_2025_v1/checkpoints/margin_tree_extra_trees.pkl,cffafd191920bd953cf7e57e3c9520143785f9485a4956f6a3fd32e6414098d0,F6,34,34,5.206073299492304,0.5919089179767136,Tulsa,0.18381783595342727,2026-09-03T12:59:40.374112+00:00
401858426,2026,1,2026-09-05T20:15:00.000Z,Iowa,Northern Illinois,False,False,regular,2026,1,401858426,margin_tree_extra_trees,tree,margin,/groups/bsavoie2/tburton2/TDNet/publication_artifacts/corrected_f6_wide_margin_roster/through_2025_v1/checkpoints/margin_tree_extra_trees.pkl,cffafd191920bd953cf7e57e3c9520143785f9485a4956f6a3fd32e6414098d0,F6,34,34,20.821491881898133,0.8156650666204744,Iowa,0.6313301332409489,2026-09-03T12:59:40.374112+00:00
401860878,2026,1,2026-09-05T22:00:00.000Z,Colorado State,Wyoming,False,False,regular,2026,1,401860878,margin_tree_extra_trees,tree,margin,/groups/bsavoie2/tburton2/TDNet/publication_artifacts/corrected_f6_wide_margin_roster/through_2025_v1/checkpoints/margin_tree_extra_trees.pkl,cffafd191920bd953cf7e57e3c9520143785f9485a4956f6a3fd32e6414098d0,F6,34,34,5.556247397180149,0.5979365695757713,Colorado State,0.1958731391515427,2026-09-03T12:59:40.374112+00:00
401856668,2026,1,2026-09-05T23:00:00.000Z,Texas A&M,Missouri State,False,False,regular,2026,1,401856668,margin_tree_extra_trees,tree,margin,/groups/bsavoie2/tburton2/TDNet/publication_artifacts/corrected_f6_wide_margin_roster/through_2025_v1/checkpoints/margin_tree_extra_trees.pkl,cffafd191920bd953cf7e57e3c9520143785f9485a4956f6a3fd32e6414098d0,F6,34,34,22.51811700923441,0.8331942614972171,Texas A&M,0.6663885229944342,2026-09-03T12:59:40.374112+00:00
401862695,2026,1,2026-09-05T23:00:00.000Z,Memphis,Arkansas State,False,False,regular,2026,1,401862695,margin_tree_extra_trees,tree,margin,/groups/bsavoie2/tburton2/TDNet/publication_artifacts/corrected_f6_wide_margin_roster/through_2025_v1/checkpoints/margin_tree_extra_trees.pkl,cffafd191920bd953cf7e57e3c9520143785f9485a4956f6a3fd32e6414098d0,F6,34,34,15.21555043928968,0.7477833829638104,Memphis,0.49556676592762083,2026-09-03T12:59:40.374112+00:00
401870763,2026,1,2026-09-05T23:00:00.000Z,Troy,Sam Houston,False,False,regular,2026,1,401870763,margin_tree_extra_trees,tree,margin,/groups/bsavoie2/tburton2/TDNet/publication_artifacts/corrected_f6_wide_margin_roster/through_2025_v1/checkpoints/margin_tree_extra_trees.pkl,cffafd191920bd953cf7e57e3c9520143785f9485a4956f6a3fd32e6414098d0,F6,34,34,16.0158345895571,0.7584111218687222,Troy,0.5168222437374443,2026-09-03T12:59:40.374112+00:00
401862699,2026,1,2026-09-05T23:00:00.000Z,South Florida,Florida International,False,False,regular,2026,1,401862699,margin_tree_extra_trees,tree,margin,/groups/bsavoie2/tburton2/TDNet/publication_artifacts/corrected_f6_wide_margin_roster/through_2025_v1/checkpoints/margin_tree_extra_trees.pkl,cffafd191920bd953cf7e57e3c9520143785f9485a4956f6a3fd32e6414098d0,F6,34,34,12.473333785129475,0.7090866781121723,South Florida,0.4181733562243446,2026-09-03T12:59:40.374112+00:00
401858428,2026,1,2026-09-05T23:30:00.000Z,Michigan,Western Michigan,False,False,regular,2026,1,401858428,margin_tree_extra_trees,tree,margin,/groups/bsavoie2/tburton2/TDNet/publication_artifacts/corrected_f6_wide_margin_roster/through_2025_v1/checkpoints/margin_tree_extra_trees.pkl,cffafd191920bd953cf7e57e3c9520143785f9485a4956f6a3fd32e6414098d0,F6,34,34,17.799991863697073,0.7809870982959766,Michigan,0.5619741965919531,2026-09-03T12:59:40.374112+00:00
401856662,2026,1,2026-09-05T23:30:00.000Z,Mississippi State,UL Monroe,False,False,regular,2026,1,401856662,margin_tree_extra_trees,tree,margin,/groups/bsavoie2/tburton2/TDNet/publication_artifacts/corrected_f6_wide_margin_roster/through_2025_v1/checkpoints/margin_tree_extra_trees.pkl,cffafd191920bd953cf7e57e3c9520143785f9485a4956f6a3fd32e6414098d0,F6,34,34,15.836008622260143,0.7560498612509783,Mississippi State,0.5120997225019566,2026-09-03T12:59:40.374112+00:00
401856660,2026,1,2026-09-05T23:30:00.000Z,LSU,Clemson,False,False,regular,2026,1,401856660,margin_tree_extra_trees,tree,margin,/groups/bsavoie2/tburton2/TDNet/publication_artifacts/corrected_f6_wide_margin_roster/through_2025_v1/checkpoints/margin_tree_extra_trees.pkl,cffafd191920bd953cf7e57e3c9520143785f9485a4956f6a3fd32e6414098d0,F6,34,34,0.26709233455132314,0.5047693613159093,LSU,0.009538722631818652,2026-09-03T12:59:40.374112+00:00
401864498,2026,1,2026-09-06T02:00:00.000Z,New Mexico,Central Michigan,False,False,regular,2026,1,401864498,margin_tree_extra_trees,tree,margin,/groups/bsavoie2/tburton2/TDNet/publication_artifacts/corrected_f6_wide_margin_roster/through_2025_v1/checkpoints/margin_tree_extra_trees.pkl,cffafd191920bd953cf7e57e3c9520143785f9485a4956f6a3fd32e6414098d0,F6,34,34,6.672381222398359,0.61694437653476,New Mexico,0.23388875306951995,2026-09-03T12:59:40.374112+00:00
401864497,2026,1,2026-09-06T02:00:00.000Z,Hawai'i,UNLV,False,True,regular,2026,1,401864497,margin_tree_extra_trees,tree,margin,/groups/bsavoie2/tburton2/TDNet/publication_artifacts/corrected_f6_wide_margin_roster/through_2025_v1/checkpoints/margin_tree_extra_trees.pkl,cffafd191920bd953cf7e57e3c9520143785f9485a4956f6a3fd32e6414098d0,F6,34,34,-3.9488478001969414,0.4299486755831128,UNLV,0.14010264883377443,2026-09-03T12:59:40.374112+00:00
401864432,2026,1,2026-09-06T02:30:00.000Z,Nevada,Western Kentucky,False,False,regular,2026,1,401864432,margin_tree_extra_trees,tree,margin,/groups/bsavoie2/tburton2/TDNet/publication_artifacts/corrected_f6_wide_margin_roster/through_2025_v1/checkpoints/margin_tree_extra_trees.pkl,cffafd191920bd953cf7e57e3c9520143785f9485a4956f6a3fd32e6414098d0,F6,34,34,-6.5231640395628405,0.3855775718552182,Western Kentucky,0.22884485628956364,2026-09-03T12:59:40.374112+00:00
401858210,2026,1,2026-09-06T02:30:00.000Z,California,UCLA,False,False,regular,2026,1,401858210,margin_tree_extra_trees,tree,margin,/groups/bsavoie2/tburton2/TDNet/publication_artifacts/corrected_f6_wide_margin_roster/through_2025_v1/checkpoints/margin_tree_extra_trees.pkl,cffafd191920bd953cf7e57e3c9520143785f9485a4956f6a3fd32e6414098d0,F6,34,34,4.8219841590635255,0.5852655985400014,California,0.17053119708000275,2026-09-03T12:59:40.374112+00:00
401858437,2026,1,2026-09-06T20:00:00.000Z,Washington,Washington State,False,False,regular,2026,1,401858437,margin_tree_extra_trees,tree,margin,/groups/bsavoie2/tburton2/TDNet/publication_artifacts/corrected_f6_wide_margin_roster/through_2025_v1/checkpoints/margin_tree_extra_trees.pkl,cffafd191920bd953cf7e57e3c9520143785f9485a4956f6a3fd32e6414098d0,F6,34,34,13.017489337502743,0.7170389012916346,Washington,0.4340778025832692,2026-09-03T12:59:40.374112+00:00
401856661,2026,1,2026-09-06T23:30:00.000Z,Ole Miss,Louisville,True,False,regular,2026,1,401856661,margin_tree_extra_trees,tree,margin,/groups/bsavoie2/tburton2/TDNet/publication_artifacts/corrected_f6_wide_margin_roster/through_2025_v1/checkpoints/margin_tree_extra_trees.pkl,cffafd191920bd953cf7e57e3c9520143785f9485a4956f6a3fd32e6414098d0,F6,34,34,10.780076029561606,0.6835220685009283,Ole Miss,0.3670441370018567,2026-09-03T12:59:40.374112+00:00
401858438,2026,1,2026-09-06T23:30:00.000Z,Notre Dame,Wisconsin,True,False,regular,2026,1,401858438,margin_tree_extra_trees,tree,margin,/groups/bsavoie2/tburton2/TDNet/publication_artifacts/corrected_f6_wide_margin_roster/through_2025_v1/checkpoints/margin_tree_extra_trees.pkl,cffafd191920bd953cf7e57e3c9520143785f9485a4956f6a3fd32e6414098d0,F6,34,34,20.82657369878479,0.8157196374707977,Notre Dame,0.6314392749415954,2026-09-03T12:59:40.374112+00:00
401858212,2026,1,2026-09-07T23:30:00.000Z,Florida State,SMU,False,True,regular,2026,1,401858212,margin_tree_extra_trees,tree,margin,/groups/bsavoie2/tburton2/TDNet/publication_artifacts/corrected_f6_wide_margin_roster/through_2025_v1/checkpoints/margin_tree_extra_trees.pkl,cffafd191920bd953cf7e57e3c9520143785f9485a4956f6a3fd32e6414098d0,F6,34,34,2.3097858628740324,0.5411528701792121,Florida State,0.0823057403584242,2026-09-03T12:59:40.374112+00:00
401858423,2026,1,2026-09-03T22:00:00.000Z,Rutgers,Massachusetts,False,False,regular,2026,1,401858423,margin_tree_gradient_boosted,tree,margin,/groups/bsavoie2/tburton2/TDNet/publication_artifacts/corrected_f6_wide_margin_roster/through_2025_v1/checkpoints/margin_tree_gradient_boosted.pkl,cdf023a506eb4a274a497cba604e29db1c31e52f37a0bb5bbcceb6c12a2f139c,F6,35,35,27.134576219372722,0.8741525029234368,Rutgers,0.7483050058468736,2026-09-03T12:59:40.374112+00:00
401858204,2026,1,2026-09-03T23:00:00.000Z,Wake Forest,Akron,False,False,regular,2026,1,401858204,margin_tree_gradient_boosted,tree,margin,/groups/bsavoie2/tburton2/TDNet/publication_artifacts/corrected_f6_wide_margin_roster/through_2025_v1/checkpoints/margin_tree_gradient_boosted.pkl,cdf023a506eb4a274a497cba604e29db1c31e52f37a0bb5bbcceb6c12a2f139c,F6,35,35,10.214933236872817,0.6747258485376285,Wake Forest,0.34945169707525703,2026-09-03T12:59:40.374112+00:00
401856776,2026,1,2026-09-04T00:00:00.000Z,Georgia Tech,Colorado,False,False,regular,2026,1,401856776,margin_tree_gradient_boosted,tree,margin,/groups/bsavoie2/tburton2/TDNet/publication_artifacts/corrected_f6_wide_margin_roster/through_2025_v1/checkpoints/margin_tree_gradient_boosted.pkl,cdf023a506eb4a274a497cba604e29db1c31e52f37a0bb5bbcceb6c12a2f139c,F6,35,35,11.480796331922868,0.694248414200656,Georgia Tech,0.38849682840131194,2026-09-03T12:59:40.374112+00:00
401858424,2026,1,2026-09-04T01:00:00.000Z,Illinois,UAB,False,False,regular,2026,1,401858424,margin_tree_gradient_boosted,tree,margin,/groups/bsavoie2/tburton2/TDNet/publication_artifacts/corrected_f6_wide_margin_roster/through_2025_v1/checkpoints/margin_tree_gradient_boosted.pkl,cdf023a506eb4a274a497cba604e29db1c31e52f37a0bb5bbcceb6c12a2f139c,F6,35,35,13.296280165280892,0.7210617399685738,Illinois,0.4421234799371476,2026-09-03T12:59:40.374112+00:00
401864495,2026,1,2026-09-04T22:30:00.000Z,Eastern Michigan,San José State,False,False,regular,2026,1,401864495,margin_tree_gradient_boosted,tree,margin,/groups/bsavoie2/tburton2/TDNet/publication_artifacts/corrected_f6_wide_margin_roster/through_2025_v1/checkpoints/margin_tree_gradient_boosted.pkl,cdf023a506eb4a274a497cba604e29db1c31e52f37a0bb5bbcceb6c12a2f139c,F6,35,35,6.138485670512113,0.6078927960290511,Eastern Michigan,0.21578559205810222,2026-09-03T12:59:40.374112+00:00
401856664,2026,1,2026-09-05T00:00:00.000Z,Oklahoma,UTEP,False,False,regular,2026,1,401856664,margin_tree_gradient_boosted,tree,margin,/groups/bsavoie2/tburton2/TDNet/publication_artifacts/corrected_f6_wide_margin_roster/through_2025_v1/checkpoints/margin_tree_gradient_boosted.pkl,cdf023a506eb4a274a497cba604e29db1c31e52f37a0bb5bbcceb6c12a2f139c,F6,35,35,24.929485413458856,0.8557805069194718,Oklahoma,0.7115610138389437,2026-09-03T12:59:40.374112+00:00
401858429,2026,1,2026-09-05T00:00:00.000Z,Michigan State,Toledo,False,False,regular,2026,1,401858429,margin_tree_gradient_boosted,tree,margin,/groups/bsavoie2/tburton2/TDNet/publication_artifacts/corrected_f6_wide_margin_roster/through_2025_v1/checkpoints/margin_tree_gradient_boosted.pkl,cdf023a506eb4a274a497cba604e29db1c31e52f37a0bb5bbcceb6c12a2f139c,F6,35,35,-5.535837382029948,0.4024139618148054,Toledo,0.19517207637038925,2026-09-03T12:59:40.374112+00:00
401858436,2026,1,2026-09-05T01:00:00.000Z,USC,Fresno State,False,False,regular,2026,1,401858436,margin_tree_gradient_boosted,tree,margin,/groups/bsavoie2/tburton2/TDNet/publication_artifacts/corrected_f6_wide_margin_roster/through_2025_v1/checkpoints/margin_tree_gradient_boosted.pkl,cdf023a506eb4a274a497cba604e29db1c31e52f37a0bb5bbcceb6c12a2f139c,F6,35,35,17.503265625228387,0.7773402368028729,USC,0.5546804736057458,2026-09-03T12:59:40.374112+00:00
401858206,2026,1,2026-09-05T01:00:00.000Z,Stanford,Miami,False,True,regular,2026,1,401858206,margin_tree_gradient_boosted,tree,margin,/groups/bsavoie2/tburton2/TDNet/publication_artifacts/corrected_f6_wide_margin_roster/through_2025_v1/checkpoints/margin_tree_gradient_boosted.pkl,cdf023a506eb4a274a497cba604e29db1c31e52f37a0bb5bbcceb6c12a2f139c,F6,35,35,-7.746887887700739,0.3650877337472635,Miami,0.269824532505473,2026-09-03T12:59:40.374112+00:00
401856637,2026,1,2026-09-05T23:45:00.000Z,Florida,Florida Atlantic,False,False,regular,2026,1,401856637,margin_tree_gradient_boosted,tree,margin,/groups/bsavoie2/tburton2/TDNet/publication_artifacts/corrected_f6_wide_margin_roster/through_2025_v1/checkpoints/margin_tree_gradient_boosted.pkl,cdf023a506eb4a274a497cba604e29db1c31e52f37a0bb5bbcceb6c12a2f139c,F6,35,35,15.995531988098103,0.7581453139054395,Florida,0.516290627810879,2026-09-03T12:59:40.374112+00:00
401858430,2026,1,2026-09-05T16:00:00.000Z,Nebraska,Ohio,False,False,regular,2026,1,401858430,margin_tree_gradient_boosted,tree,margin,/groups/bsavoie2/tburton2/TDNet/publication_artifacts/corrected_f6_wide_margin_roster/through_2025_v1/checkpoints/margin_tree_gradient_boosted.pkl,cdf023a506eb4a274a497cba604e29db1c31e52f37a0bb5bbcceb6c12a2f139c,F6,35,35,11.651573005732617,0.6968315718423236,Nebraska,0.39366314368464717,2026-09-03T12:59:40.374112+00:00
401856780,2026,1,2026-09-05T16:00:00.000Z,West Virginia,Coastal Carolina,False,False,regular,2026,1,401856780,margin_tree_gradient_boosted,tree,margin,/groups/bsavoie2/tburton2/TDNet/publication_artifacts/corrected_f6_wide_margin_roster/through_2025_v1/checkpoints/margin_tree_gradient_boosted.pkl,cdf023a506eb4a274a497cba604e29db1c31e52f37a0bb5bbcceb6c12a2f139c,F6,35,35,11.66329959634516,0.6970084946807859,West Virginia,0.3940169893615717,2026-09-03T12:59:40.374112+00:00
401856634,2026,1,2026-09-05T16:00:00.000Z,Alabama,East Carolina,False,False,regular,2026,1,401856634,margin_tree_gradient_boosted,tree,margin,/groups/bsavoie2/tburton2/TDNet/publication_artifacts/corrected_f6_wide_margin_roster/through_2025_v1/checkpoints/margin_tree_gradient_boosted.pkl,cdf023a506eb4a274a497cba604e29db1c31e52f37a0bb5bbcceb6c12a2f139c,F6,35,35,12.557866546100717,0.7103306503703969,Alabama,0.4206613007407938,2026-09-03T12:59:40.374112+00:00
401856778,2026,1,2026-09-05T16:00:00.000Z,Houston,Oregon State,False,False,regular,2026,1,401856778,margin_tree_gradient_boosted,tree,margin,/groups/bsavoie2/tburton2/TDNet/publication_artifacts/corrected_f6_wide_margin_roster/through_2025_v1/checkpoints/margin_tree_gradient_boosted.pkl,cdf023a506eb4a274a497cba604e29db1c31e52f37a0bb5bbcceb6c12a2f139c,F6,35,35,10.12024390200577,0.6732397013981816,Houston,0.34647940279636313,2026-09-03T12:59:40.374112+00:00
401858425,2026,1,2026-09-05T16:00:00.000Z,Indiana,North Texas,False,False,regular,2026,1,401858425,margin_tree_gradient_boosted,tree,margin,/groups/bsavoie2/tburton2/TDNet/publication_artifacts/corrected_f6_wide_margin_roster/through_2025_v1/checkpoints/margin_tree_gradient_boosted.pkl,cdf023a506eb4a274a497cba604e29db1c31e52f37a0bb5bbcceb6c12a2f139c,F6,35,35,11.003105916268744,0.6869580749944452,Indiana,0.37391614998889033,2026-09-03T12:59:40.374112+00:00
401869960,2026,1,2026-09-05T16:00:00.000Z,James Madison,Liberty,False,False,regular,2026,1,401869960,margin_tree_gradient_boosted,tree,margin,/groups/bsavoie2/tburton2/TDNet/publication_artifacts/corrected_f6_wide_margin_roster/through_2025_v1/checkpoints/margin_tree_gradient_boosted.pkl,cdf023a506eb4a274a497cba604e29db1c31e52f37a0bb5bbcceb6c12a2f139c,F6,35,35,12.866141985916872,0.7148403723555764,James Madison,0.4296807447111528,2026-09-03T12:59:40.374112+00:00
401858207,2026,1,2026-09-05T16:30:00.000Z,Pittsburgh,Miami (OH),False,False,regular,2026,1,401858207,margin_tree_gradient_boosted,tree,margin,/groups/bsavoie2/tburton2/TDNet/publication_artifacts/corrected_f6_wide_margin_roster/through_2025_v1/checkpoints/margin_tree_gradient_boosted.pkl,cdf023a506eb4a274a497cba604e29db1c31e52f37a0bb5bbcceb6c12a2f139c,F6,35,35,7.629652328059371,0.6329690073507913,Pittsburgh,0.2659380147015826,2026-09-03T12:59:40.374112+00:00
401858432,2026,1,2026-09-05T16:30:00.000Z,Ohio State,Ball State,False,False,regular,2026,1,401858432,margin_tree_gradient_boosted,tree,margin,/groups/bsavoie2/tburton2/TDNet/publication_artifacts/corrected_f6_wide_margin_roster/through_2025_v1/checkpoints/margin_tree_gradient_boosted.pkl,cdf023a506eb4a274a497cba604e29db1c31e52f37a0bb5bbcceb6c12a2f139c,F6,35,35,30.0,0.8949994149797352,Ohio State,0.7899988299594705,2026-09-03T12:59:40.374112+00:00
401856665,2026,1,2026-09-05T16:45:00.000Z,South Carolina,Kent State,False,False,regular,2026,1,401856665,margin_tree_gradient_boosted,tree,margin,/groups/bsavoie2/tburton2/TDNet/publication_artifacts/corrected_f6_wide_margin_roster/through_2025_v1/checkpoints/margin_tree_gradient_boosted.pkl,cdf023a506eb4a274a497cba604e29db1c31e52f37a0bb5bbcceb6c12a2f139c,F6,35,35,19.905577474212105,0.8056246667195948,South Carolina,0.6112493334391895,2026-09-03T12:59:40.374112+00:00
401858433,2026,1,2026-09-05T19:30:00.000Z,Oregon,Boise State,False,False,regular,2026,1,401858433,margin_tree_gradient_boosted,tree,margin,/groups/bsavoie2/tburton2/TDNet/publication_artifacts/corrected_f6_wide_margin_roster/through_2025_v1/checkpoints/margin_tree_gradient_boosted.pkl,cdf023a506eb4a274a497cba604e29db1c31e52f37a0bb5bbcceb6c12a2f139c,F6,35,35,20.357125617528144,0.8106256174932353,Oregon,0.6212512349864705,2026-09-03T12:59:40.374112+00:00
401856636,2026,1,2026-09-05T19:30:00.000Z,Auburn,Baylor,True,False,regular,2026,1,401856636,margin_tree_gradient_boosted,tree,margin,/groups/bsavoie2/tburton2/TDNet/publication_artifacts/corrected_f6_wide_margin_roster/through_2025_v1/checkpoints/margin_tree_gradient_boosted.pkl,cdf023a506eb4a274a497cba604e29db1c31e52f37a0bb5bbcceb6c12a2f139c,F6,35,35,6.091645574105007,0.6070950255581761,Auburn,0.21419005111635214,2026-09-03T12:59:40.374112+00:00
401856667,2026,1,2026-09-05T19:30:00.000Z,Texas,Texas State,False,False,regular,2026,1,401856667,margin_tree_gradient_boosted,tree,margin,/groups/bsavoie2/tburton2/TDNet/publication_artifacts/corrected_f6_wide_margin_roster/through_2025_v1/checkpoints/margin_tree_gradient_boosted.pkl,cdf023a506eb4a274a497cba604e29db1c31e52f37a0bb5bbcceb6c12a2f139c,F6,35,35,12.575833846997867,0.7105946483660625,Texas,0.4211892967321249,2026-09-03T12:59:40.374112+00:00
401858434,2026,1,2026-09-05T19:30:00.000Z,Penn State,Marshall,False,False,regular,2026,1,401858434,margin_tree_gradient_boosted,tree,margin,/groups/bsavoie2/tburton2/TDNet/publication_artifacts/corrected_f6_wide_margin_roster/through_2025_v1/checkpoints/margin_tree_gradient_boosted.pkl,cdf023a506eb4a274a497cba604e29db1c31e52f37a0bb5bbcceb6c12a2f139c,F6,35,35,10.583466675557831,0.6804763784296589,Penn State,0.3609527568593178,2026-09-03T12:59:40.374112+00:00
401858209,2026,1,2026-09-05T19:30:00.000Z,Duke,Tulane,False,False,regular,2026,1,401858209,margin_tree_gradient_boosted,tree,margin,/groups/bsavoie2/tburton2/TDNet/publication_artifacts/corrected_f6_wide_margin_roster/through_2025_v1/checkpoints/margin_tree_gradient_boosted.pkl,cdf023a506eb4a274a497cba604e29db1c31e52f37a0bb5bbcceb6c12a2f139c,F6,35,35,7.343174743670875,0.6282023286081523,Duke,0.25640465721630457,2026-09-03T12:59:40.374112+00:00
401856777,2026,1,2026-09-05T19:30:00.000Z,Cincinnati,Boston College,False,False,regular,2026,1,401856777,margin_tree_gradient_boosted,tree,margin,/groups/bsavoie2/tburton2/TDNet/publication_artifacts/corrected_f6_wide_margin_roster/through_2025_v1/checkpoints/margin_tree_gradient_boosted.pkl,cdf023a506eb4a274a497cba604e29db1c31e52f37a0bb5bbcceb6c12a2f139c,F6,35,35,6.2634937576303935,0.6100190777977026,Cincinnati,0.22003815559540518,2026-09-03T12:59:40.374112+00:00
401856772,2026,1,2026-09-05T19:45:00.000Z,Tulsa,Oklahoma State,False,False,regular,2026,1,401856772,margin_tree_gradient_boosted,tree,margin,/groups/bsavoie2/tburton2/TDNet/publication_artifacts/corrected_f6_wide_margin_roster/through_2025_v1/checkpoints/margin_tree_gradient_boosted.pkl,cdf023a506eb4a274a497cba604e29db1c31e52f37a0bb5bbcceb6c12a2f139c,F6,35,35,6.24941174648615,0.6097797619527455,Tulsa,0.21955952390549105,2026-09-03T12:59:40.374112+00:00
401858426,2026,1,2026-09-05T20:15:00.000Z,Iowa,Northern Illinois,False,False,regular,2026,1,401858426,margin_tree_gradient_boosted,tree,margin,/groups/bsavoie2/tburton2/TDNet/publication_artifacts/corrected_f6_wide_margin_roster/through_2025_v1/checkpoints/margin_tree_gradient_boosted.pkl,cdf023a506eb4a274a497cba604e29db1c31e52f37a0bb5bbcceb6c12a2f139c,F6,35,35,18.62878584744777,0.7909444217105661,Iowa,0.5818888434211322,2026-09-03T12:59:40.374112+00:00
401860878,2026,1,2026-09-05T22:00:00.000Z,Colorado State,Wyoming,False,False,regular,2026,1,401860878,margin_tree_gradient_boosted,tree,margin,/groups/bsavoie2/tburton2/TDNet/publication_artifacts/corrected_f6_wide_margin_roster/through_2025_v1/checkpoints/margin_tree_gradient_boosted.pkl,cdf023a506eb4a274a497cba604e29db1c31e52f37a0bb5bbcceb6c12a2f139c,F6,35,35,4.276133734369202,0.5757713701635688,Colorado State,0.15154274032713766,2026-09-03T12:59:40.374112+00:00
401856668,2026,1,2026-09-05T23:00:00.000Z,Texas A&M,Missouri State,False,False,regular,2026,1,401856668,margin_tree_gradient_boosted,tree,margin,/groups/bsavoie2/tburton2/TDNet/publication_artifacts/corrected_f6_wide_margin_roster/through_2025_v1/checkpoints/margin_tree_gradient_boosted.pkl,cdf023a506eb4a274a497cba604e29db1c31e52f37a0bb5bbcceb6c12a2f139c,F6,35,35,23.161142829191466,0.8394804363054335,Texas A&M,0.6789608726108669,2026-09-03T12:59:40.374112+00:00
401862695,2026,1,2026-09-05T23:00:00.000Z,Memphis,Arkansas State,False,False,regular,2026,1,401862695,margin_tree_gradient_boosted,tree,margin,/groups/bsavoie2/tburton2/TDNet/publication_artifacts/corrected_f6_wide_margin_roster/through_2025_v1/checkpoints/margin_tree_gradient_boosted.pkl,cdf023a506eb4a274a497cba604e29db1c31e52f37a0bb5bbcceb6c12a2f139c,F6,35,35,13.014614055424733,0.7169972295904471,Memphis,0.4339944591808942,2026-09-03T12:59:40.374112+00:00
401870763,2026,1,2026-09-05T23:00:00.000Z,Troy,Sam Houston,False,False,regular,2026,1,401870763,margin_tree_gradient_boosted,tree,margin,/groups/bsavoie2/tburton2/TDNet/publication_artifacts/corrected_f6_wide_margin_roster/through_2025_v1/checkpoints/margin_tree_gradient_boosted.pkl,cdf023a506eb4a274a497cba604e29db1c31e52f37a0bb5bbcceb6c12a2f139c,F6,35,35,14.971363883961043,0.7444795873803294,Troy,0.48895917476065875,2026-09-03T12:59:40.374112+00:00
401862699,2026,1,2026-09-05T23:00:00.000Z,South Florida,Florida International,False,False,regular,2026,1,401862699,margin_tree_gradient_boosted,tree,margin,/groups/bsavoie2/tburton2/TDNet/publication_artifacts/corrected_f6_wide_margin_roster/through_2025_v1/checkpoints/margin_tree_gradient_boosted.pkl,cdf023a506eb4a274a497cba604e29db1c31e52f37a0bb5bbcceb6c12a2f139c,F6,35,35,11.528429961261407,0.6949701560662368,South Florida,0.3899403121324736,2026-09-03T12:59:40.374112+00:00
401858428,2026,1,2026-09-05T23:30:00.000Z,Michigan,Western Michigan,False,False,regular,2026,1,401858428,margin_tree_gradient_boosted,tree,margin,/groups/bsavoie2/tburton2/TDNet/publication_artifacts/corrected_f6_wide_margin_roster/through_2025_v1/checkpoints/margin_tree_gradient_boosted.pkl,cdf023a506eb4a274a497cba604e29db1c31e52f37a0bb5bbcceb6c12a2f139c,F6,35,35,15.284873551249987,0.7487161347930396,Michigan,0.4974322695860791,2026-09-03T12:59:40.374112+00:00
401856662,2026,1,2026-09-05T23:30:00.000Z,Mississippi State,UL Monroe,False,False,regular,2026,1,401856662,margin_tree_gradient_boosted,tree,margin,/groups/bsavoie2/tburton2/TDNet/publication_artifacts/corrected_f6_wide_margin_roster/through_2025_v1/checkpoints/margin_tree_gradient_boosted.pkl,cdf023a506eb4a274a497cba604e29db1c31e52f37a0bb5bbcceb6c12a2f139c,F6,35,35,14.773930326554236,0.7417876557066684,Mississippi State,0.48357531141333676,2026-09-03T12:59:40.374112+00:00
401856660,2026,1,2026-09-05T23:30:00.000Z,LSU,Clemson,False,False,regular,2026,1,401856660,margin_tree_gradient_boosted,tree,margin,/groups/bsavoie2/tburton2/TDNet/publication_artifacts/corrected_f6_wide_margin_roster/through_2025_v1/checkpoints/margin_tree_gradient_boosted.pkl,cdf023a506eb4a274a497cba604e29db1c31e52f37a0bb5bbcceb6c12a2f139c,F6,35,35,-0.6286044605450901,0.48877680581679167,Clemson,0.02244638836641666,2026-09-03T12:59:40.374112+00:00
401864498,2026,1,2026-09-06T02:00:00.000Z,New Mexico,Central Michigan,False,False,regular,2026,1,401864498,margin_tree_gradient_boosted,tree,margin,/groups/bsavoie2/tburton2/TDNet/publication_artifacts/corrected_f6_wide_margin_roster/through_2025_v1/checkpoints/margin_tree_gradient_boosted.pkl,cdf023a506eb4a274a497cba604e29db1c31e52f37a0bb5bbcceb6c12a2f139c,F6,35,35,7.171532275942684,0.6253343188361823,New Mexico,0.2506686376723646,2026-09-03T12:59:40.374112+00:00
401864497,2026,1,2026-09-06T02:00:00.000Z,Hawai'i,UNLV,False,True,regular,2026,1,401864497,margin_tree_gradient_boosted,tree,margin,/groups/bsavoie2/tburton2/TDNet/publication_artifacts/corrected_f6_wide_margin_roster/through_2025_v1/checkpoints/margin_tree_gradient_boosted.pkl,cdf023a506eb4a274a497cba604e29db1c31e52f37a0bb5bbcceb6c12a2f139c,F6,35,35,-3.5357026748623746,0.4371959100283291,UNLV,0.12560817994334184,2026-09-03T12:59:40.374112+00:00
401864432,2026,1,2026-09-06T02:30:00.000Z,Nevada,Western Kentucky,False,False,regular,2026,1,401864432,margin_tree_gradient_boosted,tree,margin,/groups/bsavoie2/tburton2/TDNet/publication_artifacts/corrected_f6_wide_margin_roster/through_2025_v1/checkpoints/margin_tree_gradient_boosted.pkl,cdf023a506eb4a274a497cba604e29db1c31e52f37a0bb5bbcceb6c12a2f139c,F6,35,35,-6.85285880529291,0.380013738086426,Western Kentucky,0.23997252382714795,2026-09-03T12:59:40.374112+00:00
401858210,2026,1,2026-09-06T02:30:00.000Z,California,UCLA,False,False,regular,2026,1,401858210,margin_tree_gradient_boosted,tree,margin,/groups/bsavoie2/tburton2/TDNet/publication_artifacts/corrected_f6_wide_margin_roster/through_2025_v1/checkpoints/margin_tree_gradient_boosted.pkl,cdf023a506eb4a274a497cba604e29db1c31e52f37a0bb5bbcceb6c12a2f139c,F6,35,35,4.413075360961617,0.5781588090523099,California,0.15631761810461975,2026-09-03T12:59:40.374112+00:00
401858437,2026,1,2026-09-06T20:00:00.000Z,Washington,Washington State,False,False,regular,2026,1,401858437,margin_tree_gradient_boosted,tree,margin,/groups/bsavoie2/tburton2/TDNet/publication_artifacts/corrected_f6_wide_margin_roster/through_2025_v1/checkpoints/margin_tree_gradient_boosted.pkl,cdf023a506eb4a274a497cba604e29db1c31e52f37a0bb5bbcceb6c12a2f139c,F6,35,35,11.289815742100108,0.6913451243738984,Washington,0.3826902487477968,2026-09-03T12:59:40.374112+00:00
401856661,2026,1,2026-09-06T23:30:00.000Z,Ole Miss,Louisville,True,False,regular,2026,1,401856661,margin_tree_gradient_boosted,tree,margin,/groups/bsavoie2/tburton2/TDNet/publication_artifacts/corrected_f6_wide_margin_roster/through_2025_v1/checkpoints/margin_tree_gradient_boosted.pkl,cdf023a506eb4a274a497cba604e29db1c31e52f37a0bb5bbcceb6c12a2f139c,F6,35,35,10.725266567337501,0.6826745775547003,Ole Miss,0.3653491551094006,2026-09-03T12:59:40.374112+00:00
401858438,2026,1,2026-09-06T23:30:00.000Z,Notre Dame,Wisconsin,True,False,regular,2026,1,401858438,margin_tree_gradient_boosted,tree,margin,/groups/bsavoie2/tburton2/TDNet/publication_artifacts/corrected_f6_wide_margin_roster/through_2025_v1/checkpoints/margin_tree_gradient_boosted.pkl,cdf023a506eb4a274a497cba604e29db1c31e52f37a0bb5bbcceb6c12a2f139c,F6,35,35,21.65592207411979,0.8244585364297083,Notre Dame,0.6489170728594167,2026-09-03T12:59:40.374112+00:00
401858212,2026,1,2026-09-07T23:30:00.000Z,Florida State,SMU,False,True,regular,2026,1,401858212,margin_tree_gradient_boosted,tree,margin,/groups/bsavoie2/tburton2/TDNet/publication_artifacts/corrected_f6_wide_margin_roster/through_2025_v1/checkpoints/margin_tree_gradient_boosted.pkl,cdf023a506eb4a274a497cba604e29db1c31e52f37a0bb5bbcceb6c12a2f139c,F6,35,35,4.191658392917031,0.5742968549848292,Florida State,0.14859370996965837,2026-09-03T12:59:40.374112+00:00
401858423,2026,1,2026-09-03T22:00:00.000Z,Rutgers,Massachusetts,False,False,regular,2026,1,401858423,margin_tree_random_forest,tree,margin,/groups/bsavoie2/tburton2/TDNet/publication_artifacts/corrected_f6_wide_margin_roster/through_2025_v1/checkpoints/margin_tree_random_forest.pkl,a58c5270dd2b38893bbe8955662d6596385433454fa4eee13b345cd1c79ca0c0,F6,36,36,23.59252065613756,0.84358923695237,Rutgers,0.68717847390474,2026-09-03T12:59:40.374112+00:00
401858204,2026,1,2026-09-03T23:00:00.000Z,Wake Forest,Akron,False,False,regular,2026,1,401858204,margin_tree_random_forest,tree,margin,/groups/bsavoie2/tburton2/TDNet/publication_artifacts/corrected_f6_wide_margin_roster/through_2025_v1/checkpoints/margin_tree_random_forest.pkl,a58c5270dd2b38893bbe8955662d6596385433454fa4eee13b345cd1c79ca0c0,F6,36,36,13.078905241730704,0.7179281193369154,Wake Forest,0.4358562386738307,2026-09-03T12:59:40.374112+00:00
401856776,2026,1,2026-09-04T00:00:00.000Z,Georgia Tech,Colorado,False,False,regular,2026,1,401856776,margin_tree_random_forest,tree,margin,/groups/bsavoie2/tburton2/TDNet/publication_artifacts/corrected_f6_wide_margin_roster/through_2025_v1/checkpoints/margin_tree_random_forest.pkl,a58c5270dd2b38893bbe8955662d6596385433454fa4eee13b345cd1c79ca0c0,F6,36,36,13.98724054754593,0.7308793508559819,Georgia Tech,0.46175870171196376,2026-09-03T12:59:40.374112+00:00
401858424,2026,1,2026-09-04T01:00:00.000Z,Illinois,UAB,False,False,regular,2026,1,401858424,margin_tree_random_forest,tree,margin,/groups/bsavoie2/tburton2/TDNet/publication_artifacts/corrected_f6_wide_margin_roster/through_2025_v1/checkpoints/margin_tree_random_forest.pkl,a58c5270dd2b38893bbe8955662d6596385433454fa4eee13b345cd1c79ca0c0,F6,36,36,14.481295370857882,0.7377638282369843,Illinois,0.47552765647396855,2026-09-03T12:59:40.374112+00:00
401864495,2026,1,2026-09-04T22:30:00.000Z,Eastern Michigan,San José State,False,False,regular,2026,1,401864495,margin_tree_random_forest,tree,margin,/groups/bsavoie2/tburton2/TDNet/publication_artifacts/corrected_f6_wide_margin_roster/through_2025_v1/checkpoints/margin_tree_random_forest.pkl,a58c5270dd2b38893bbe8955662d6596385433454fa4eee13b345cd1c79ca0c0,F6,36,36,5.16350883915707,0.5911743159509623,Eastern Michigan,0.18234863190192452,2026-09-03T12:59:40.374112+00:00
401856664,2026,1,2026-09-05T00:00:00.000Z,Oklahoma,UTEP,False,False,regular,2026,1,401856664,margin_tree_random_forest,tree,margin,/groups/bsavoie2/tburton2/TDNet/publication_artifacts/corrected_f6_wide_margin_roster/through_2025_v1/checkpoints/margin_tree_random_forest.pkl,a58c5270dd2b38893bbe8955662d6596385433454fa4eee13b345cd1c79ca0c0,F6,36,36,22.29778549246231,0.830995489587138,Oklahoma,0.661990979174276,2026-09-03T12:59:40.374112+00:00
401858429,2026,1,2026-09-05T00:00:00.000Z,Michigan State,Toledo,False,False,regular,2026,1,401858429,margin_tree_random_forest,tree,margin,/groups/bsavoie2/tburton2/TDNet/publication_artifacts/corrected_f6_wide_margin_roster/through_2025_v1/checkpoints/margin_tree_random_forest.pkl,a58c5270dd2b38893bbe8955662d6596385433454fa4eee13b345cd1c79ca0c0,F6,36,36,-3.445949160329473,0.4387739942310562,Toledo,0.12245201153788765,2026-09-03T12:59:40.374112+00:00
401858436,2026,1,2026-09-05T01:00:00.000Z,USC,Fresno State,False,False,regular,2026,1,401858436,margin_tree_random_forest,tree,margin,/groups/bsavoie2/tburton2/TDNet/publication_artifacts/corrected_f6_wide_margin_roster/through_2025_v1/checkpoints/margin_tree_random_forest.pkl,a58c5270dd2b38893bbe8955662d6596385433454fa4eee13b345cd1c79ca0c0,F6,36,36,17.77406170100669,0.780670129347002,USC,0.561340258694004,2026-09-03T12:59:40.374112+00:00
401858206,2026,1,2026-09-05T01:00:00.000Z,Stanford,Miami,False,True,regular,2026,1,401858206,margin_tree_random_forest,tree,margin,/groups/bsavoie2/tburton2/TDNet/publication_artifacts/corrected_f6_wide_margin_roster/through_2025_v1/checkpoints/margin_tree_random_forest.pkl,a58c5270dd2b38893bbe8955662d6596385433454fa4eee13b345cd1c79ca0c0,F6,36,36,-3.976348732082803,0.42946729335537337,Miami,0.14106541328925326,2026-09-03T12:59:40.374112+00:00
401856637,2026,1,2026-09-05T23:45:00.000Z,Florida,Florida Atlantic,False,False,regular,2026,1,401856637,margin_tree_random_forest,tree,margin,/groups/bsavoie2/tburton2/TDNet/publication_artifacts/corrected_f6_wide_margin_roster/through_2025_v1/checkpoints/margin_tree_random_forest.pkl,a58c5270dd2b38893bbe8955662d6596385433454fa4eee13b345cd1c79ca0c0,F6,36,36,14.214025139541024,0.7340536476750699,Florida,0.46810729535013973,2026-09-03T12:59:40.374112+00:00
401858430,2026,1,2026-09-05T16:00:00.000Z,Nebraska,Ohio,False,False,regular,2026,1,401858430,margin_tree_random_forest,tree,margin,/groups/bsavoie2/tburton2/TDNet/publication_artifacts/corrected_f6_wide_margin_roster/through_2025_v1/checkpoints/margin_tree_random_forest.pkl,a58c5270dd2b38893bbe8955662d6596385433454fa4eee13b345cd1c79ca0c0,F6,36,36,5.244000329657887,0.5925631388595806,Nebraska,0.18512627771916113,2026-09-03T12:59:40.374112+00:00
401856780,2026,1,2026-09-05T16:00:00.000Z,West Virginia,Coastal Carolina,False,False,regular,2026,1,401856780,margin_tree_random_forest,tree,margin,/groups/bsavoie2/tburton2/TDNet/publication_artifacts/corrected_f6_wide_margin_roster/through_2025_v1/checkpoints/margin_tree_random_forest.pkl,a58c5270dd2b38893bbe8955662d6596385433454fa4eee13b345cd1c79ca0c0,F6,36,36,9.750279598452144,0.6673998985981553,West Virginia,0.3347997971963106,2026-09-03T12:59:40.374112+00:00
401856634,2026,1,2026-09-05T16:00:00.000Z,Alabama,East Carolina,False,False,regular,2026,1,401856634,margin_tree_random_forest,tree,margin,/groups/bsavoie2/tburton2/TDNet/publication_artifacts/corrected_f6_wide_margin_roster/through_2025_v1/checkpoints/margin_tree_random_forest.pkl,a58c5270dd2b38893bbe8955662d6596385433454fa4eee13b345cd1c79ca0c0,F6,36,36,10.683071943848994,0.6820213168713154,Alabama,0.3640426337426308,2026-09-03T12:59:40.374112+00:00
401856778,2026,1,2026-09-05T16:00:00.000Z,Houston,Oregon State,False,False,regular,2026,1,401856778,margin_tree_random_forest,tree,margin,/groups/bsavoie2/tburton2/TDNet/publication_artifacts/corrected_f6_wide_margin_roster/through_2025_v1/checkpoints/margin_tree_random_forest.pkl,a58c5270dd2b38893bbe8955662d6596385433454fa4eee13b345cd1c79ca0c0,F6,36,36,10.409346883726766,0.6777661466503873,Houston,0.3555322933007745,2026-09-03T12:59:40.374112+00:00
401858425,2026,1,2026-09-05T16:00:00.000Z,Indiana,North Texas,False,False,regular,2026,1,401858425,margin_tree_random_forest,tree,margin,/groups/bsavoie2/tburton2/TDNet/publication_artifacts/corrected_f6_wide_margin_roster/through_2025_v1/checkpoints/margin_tree_random_forest.pkl,a58c5270dd2b38893bbe8955662d6596385433454fa4eee13b345cd1c79ca0c0,F6,36,36,12.712426132527874,0.712596960435037,Indiana,0.4251939208700739,2026-09-03T12:59:40.374112+00:00
401869960,2026,1,2026-09-05T16:00:00.000Z,James Madison,Liberty,False,False,regular,2026,1,401869960,margin_tree_random_forest,tree,margin,/groups/bsavoie2/tburton2/TDNet/publication_artifacts/corrected_f6_wide_margin_roster/through_2025_v1/checkpoints/margin_tree_random_forest.pkl,a58c5270dd2b38893bbe8955662d6596385433454fa4eee13b345cd1c79ca0c0,F6,36,36,14.400856959026333,0.7366507187004901,James Madison,0.4733014374009803,2026-09-03T12:59:40.374112+00:00
401858207,2026,1,2026-09-05T16:30:00.000Z,Pittsburgh,Miami (OH),False,False,regular,2026,1,401858207,margin_tree_random_forest,tree,margin,/groups/bsavoie2/tburton2/TDNet/publication_artifacts/corrected_f6_wide_margin_roster/through_2025_v1/checkpoints/margin_tree_random_forest.pkl,a58c5270dd2b38893bbe8955662d6596385433454fa4eee13b345cd1c79ca0c0,F6,36,36,8.189214847195053,0.6422042065735932,Pittsburgh,0.28440841314718646,2026-09-03T12:59:40.374112+00:00
401858432,2026,1,2026-09-05T16:30:00.000Z,Ohio State,Ball State,False,False,regular,2026,1,401858432,margin_tree_random_forest,tree,margin,/groups/bsavoie2/tburton2/TDNet/publication_artifacts/corrected_f6_wide_margin_roster/through_2025_v1/checkpoints/margin_tree_random_forest.pkl,a58c5270dd2b38893bbe8955662d6596385433454fa4eee13b345cd1c79ca0c0,F6,36,36,30.0,0.8949994149797352,Ohio State,0.7899988299594705,2026-09-03T12:59:40.374112+00:00
401856665,2026,1,2026-09-05T16:45:00.000Z,South Carolina,Kent State,False,False,regular,2026,1,401856665,margin_tree_random_forest,tree,margin,/groups/bsavoie2/tburton2/TDNet/publication_artifacts/corrected_f6_wide_margin_roster/through_2025_v1/checkpoints/margin_tree_random_forest.pkl,a58c5270dd2b38893bbe8955662d6596385433454fa4eee13b345cd1c79ca0c0,F6,36,36,18.16881130497293,0.7854598152795965,South Carolina,0.570919630559193,2026-09-03T12:59:40.374112+00:00
401858433,2026,1,2026-09-05T19:30:00.000Z,Oregon,Boise State,False,False,regular,2026,1,401858433,margin_tree_random_forest,tree,margin,/groups/bsavoie2/tburton2/TDNet/publication_artifacts/corrected_f6_wide_margin_roster/through_2025_v1/checkpoints/margin_tree_random_forest.pkl,a58c5270dd2b38893bbe8955662d6596385433454fa4eee13b345cd1c79ca0c0,F6,36,36,18.620684195011982,0.7908487185204122,Oregon,0.5816974370408243,2026-09-03T12:59:40.374112+00:00
401856636,2026,1,2026-09-05T19:30:00.000Z,Auburn,Baylor,True,False,regular,2026,1,401856636,margin_tree_random_forest,tree,margin,/groups/bsavoie2/tburton2/TDNet/publication_artifacts/corrected_f6_wide_margin_roster/through_2025_v1/checkpoints/margin_tree_random_forest.pkl,a58c5270dd2b38893bbe8955662d6596385433454fa4eee13b345cd1c79ca0c0,F6,36,36,7.4154274287744695,0.6294069316289962,Auburn,0.2588138632579924,2026-09-03T12:59:40.374112+00:00
401856667,2026,1,2026-09-05T19:30:00.000Z,Texas,Texas State,False,False,regular,2026,1,401856667,margin_tree_random_forest,tree,margin,/groups/bsavoie2/tburton2/TDNet/publication_artifacts/corrected_f6_wide_margin_roster/through_2025_v1/checkpoints/margin_tree_random_forest.pkl,a58c5270dd2b38893bbe8955662d6596385433454fa4eee13b345cd1c79ca0c0,F6,36,36,10.83409839907588,0.684356198199927,Texas,0.368712396399854,2026-09-03T12:59:40.374112+00:00
401858434,2026,1,2026-09-05T19:30:00.000Z,Penn State,Marshall,False,False,regular,2026,1,401858434,margin_tree_random_forest,tree,margin,/groups/bsavoie2/tburton2/TDNet/publication_artifacts/corrected_f6_wide_margin_roster/through_2025_v1/checkpoints/margin_tree_random_forest.pkl,a58c5270dd2b38893bbe8955662d6596385433454fa4eee13b345cd1c79ca0c0,F6,36,36,12.591245398358353,0.710820980437758,Penn State,0.421641960875516,2026-09-03T12:59:40.374112+00:00
401858209,2026,1,2026-09-05T19:30:00.000Z,Duke,Tulane,False,False,regular,2026,1,401858209,margin_tree_random_forest,tree,margin,/groups/bsavoie2/tburton2/TDNet/publication_artifacts/corrected_f6_wide_margin_roster/through_2025_v1/checkpoints/margin_tree_random_forest.pkl,a58c5270dd2b38893bbe8955662d6596385433454fa4eee13b345cd1c79ca0c0,F6,36,36,4.134661347150809,0.5733012240273863,Duke,0.14660244805477252,2026-09-03T12:59:40.374112+00:00
401856777,2026,1,2026-09-05T19:30:00.000Z,Cincinnati,Boston College,False,False,regular,2026,1,401856777,margin_tree_random_forest,tree,margin,/groups/bsavoie2/tburton2/TDNet/publication_artifacts/corrected_f6_wide_margin_roster/through_2025_v1/checkpoints/margin_tree_random_forest.pkl,a58c5270dd2b38893bbe8955662d6596385433454fa4eee13b345cd1c79ca0c0,F6,36,36,8.393592005877869,0.6455515815265934,Cincinnati,0.29110316305318684,2026-09-03T12:59:40.374112+00:00
401856772,2026,1,2026-09-05T19:45:00.000Z,Tulsa,Oklahoma State,False,False,regular,2026,1,401856772,margin_tree_random_forest,tree,margin,/groups/bsavoie2/tburton2/TDNet/publication_artifacts/corrected_f6_wide_margin_roster/through_2025_v1/checkpoints/margin_tree_random_forest.pkl,a58c5270dd2b38893bbe8955662d6596385433454fa4eee13b345cd1c79ca0c0,F6,36,36,6.545040809920539,0.6147925598291842,Tulsa,0.22958511965836848,2026-09-03T12:59:40.374112+00:00
401858426,2026,1,2026-09-05T20:15:00.000Z,Iowa,Northern Illinois,False,False,regular,2026,1,401858426,margin_tree_random_forest,tree,margin,/groups/bsavoie2/tburton2/TDNet/publication_artifacts/corrected_f6_wide_margin_roster/through_2025_v1/checkpoints/margin_tree_random_forest.pkl,a58c5270dd2b38893bbe8955662d6596385433454fa4eee13b345cd1c79ca0c0,F6,36,36,19.21767896465856,0.797814634395574,Iowa,0.595629268791148,2026-09-03T12:59:40.374112+00:00
401860878,2026,1,2026-09-05T22:00:00.000Z,Colorado State,Wyoming,False,False,regular,2026,1,401860878,margin_tree_random_forest,tree,margin,/groups/bsavoie2/tburton2/TDNet/publication_artifacts/corrected_f6_wide_margin_roster/through_2025_v1/checkpoints/margin_tree_random_forest.pkl,a58c5270dd2b38893bbe8955662d6596385433454fa4eee13b345cd1c79ca0c0,F6,36,36,2.967239644735301,0.552788959057921,Colorado State,0.10557791811584205,2026-09-03T12:59:40.374112+00:00
401856668,2026,1,2026-09-05T23:00:00.000Z,Texas A&M,Missouri State,False,False,regular,2026,1,401856668,margin_tree_random_forest,tree,margin,/groups/bsavoie2/tburton2/TDNet/publication_artifacts/corrected_f6_wide_margin_roster/through_2025_v1/checkpoints/margin_tree_random_forest.pkl,a58c5270dd2b38893bbe8955662d6596385433454fa4eee13b345cd1c79ca0c0,F6,36,36,20.992162282654345,0.8174909636528196,Texas A&M,0.6349819273056392,2026-09-03T12:59:40.374112+00:00
401862695,2026,1,2026-09-05T23:00:00.000Z,Memphis,Arkansas State,False,False,regular,2026,1,401862695,margin_tree_random_forest,tree,margin,/groups/bsavoie2/tburton2/TDNet/publication_artifacts/corrected_f6_wide_margin_roster/through_2025_v1/checkpoints/margin_tree_random_forest.pkl,a58c5270dd2b38893bbe8955662d6596385433454fa4eee13b345cd1c79ca0c0,F6,36,36,15.673793205002394,0.7539064717077684,Memphis,0.5078129434155367,2026-09-03T12:59:40.374112+00:00
401870763,2026,1,2026-09-05T23:00:00.000Z,Troy,Sam Houston,False,False,regular,2026,1,401870763,margin_tree_random_forest,tree,margin,/groups/bsavoie2/tburton2/TDNet/publication_artifacts/corrected_f6_wide_margin_roster/through_2025_v1/checkpoints/margin_tree_random_forest.pkl,a58c5270dd2b38893bbe8955662d6596385433454fa4eee13b345cd1c79ca0c0,F6,36,36,15.923485576041518,0.7572004534998592,Troy,0.5144009069997184,2026-09-03T12:59:40.374112+00:00
401862699,2026,1,2026-09-05T23:00:00.000Z,South Florida,Florida International,False,False,regular,2026,1,401862699,margin_tree_random_forest,tree,margin,/groups/bsavoie2/tburton2/TDNet/publication_artifacts/corrected_f6_wide_margin_roster/through_2025_v1/checkpoints/margin_tree_random_forest.pkl,a58c5270dd2b38893bbe8955662d6596385433454fa4eee13b345cd1c79ca0c0,F6,36,36,12.576102179405963,0.7105985899595313,South Florida,0.4211971799190626,2026-09-03T12:59:40.374112+00:00
401858428,2026,1,2026-09-05T23:30:00.000Z,Michigan,Western Michigan,False,False,regular,2026,1,401858428,margin_tree_random_forest,tree,margin,/groups/bsavoie2/tburton2/TDNet/publication_artifacts/corrected_f6_wide_margin_roster/through_2025_v1/checkpoints/margin_tree_random_forest.pkl,a58c5270dd2b38893bbe8955662d6596385433454fa4eee13b345cd1c79ca0c0,F6,36,36,15.474836042395705,0.7512603380291778,Michigan,0.5025206760583556,2026-09-03T12:59:40.374112+00:00
401856662,2026,1,2026-09-05T23:30:00.000Z,Mississippi State,UL Monroe,False,False,regular,2026,1,401856662,margin_tree_random_forest,tree,margin,/groups/bsavoie2/tburton2/TDNet/publication_artifacts/corrected_f6_wide_margin_roster/through_2025_v1/checkpoints/margin_tree_random_forest.pkl,a58c5270dd2b38893bbe8955662d6596385433454fa4eee13b345cd1c79ca0c0,F6,36,36,14.50964687596201,0.7381554337784364,Mississippi State,0.4763108675568728,2026-09-03T12:59:40.374112+00:00
401856660,2026,1,2026-09-05T23:30:00.000Z,LSU,Clemson,False,False,regular,2026,1,401856660,margin_tree_random_forest,tree,margin,/groups/bsavoie2/tburton2/TDNet/publication_artifacts/corrected_f6_wide_margin_roster/through_2025_v1/checkpoints/margin_tree_random_forest.pkl,a58c5270dd2b38893bbe8955662d6596385433454fa4eee13b345cd1c79ca0c0,F6,36,36,-0.27983957012854344,0.49500303119283473,Clemson,0.00999393761433054,2026-09-03T12:59:40.374112+00:00
401864498,2026,1,2026-09-06T02:00:00.000Z,New Mexico,Central Michigan,False,False,regular,2026,1,401864498,margin_tree_random_forest,tree,margin,/groups/bsavoie2/tburton2/TDNet/publication_artifacts/corrected_f6_wide_margin_roster/through_2025_v1/checkpoints/margin_tree_random_forest.pkl,a58c5270dd2b38893bbe8955662d6596385433454fa4eee13b345cd1c79ca0c0,F6,36,36,6.655364238798871,0.6166570841720328,New Mexico,0.2333141683440656,2026-09-03T12:59:40.374112+00:00
401864497,2026,1,2026-09-06T02:00:00.000Z,Hawai'i,UNLV,False,True,regular,2026,1,401864497,margin_tree_random_forest,tree,margin,/groups/bsavoie2/tburton2/TDNet/publication_artifacts/corrected_f6_wide_margin_roster/through_2025_v1/checkpoints/margin_tree_random_forest.pkl,a58c5270dd2b38893bbe8955662d6596385433454fa4eee13b345cd1c79ca0c0,F6,36,36,-4.175887037617459,0.42597858093830104,UNLV,0.1480428381233979,2026-09-03T12:59:40.374112+00:00
401864432,2026,1,2026-09-06T02:30:00.000Z,Nevada,Western Kentucky,False,False,regular,2026,1,401864432,margin_tree_random_forest,tree,margin,/groups/bsavoie2/tburton2/TDNet/publication_artifacts/corrected_f6_wide_margin_roster/through_2025_v1/checkpoints/margin_tree_random_forest.pkl,a58c5270dd2b38893bbe8955662d6596385433454fa4eee13b345cd1c79ca0c0,F6,36,36,-5.773271165390805,0.39834241533258763,Western Kentucky,0.20331516933482474,2026-09-03T12:59:40.374112+00:00
401858210,2026,1,2026-09-06T02:30:00.000Z,California,UCLA,False,False,regular,2026,1,401858210,margin_tree_random_forest,tree,margin,/groups/bsavoie2/tburton2/TDNet/publication_artifacts/corrected_f6_wide_margin_roster/through_2025_v1/checkpoints/margin_tree_random_forest.pkl,a58c5270dd2b38893bbe8955662d6596385433454fa4eee13b345cd1c79ca0c0,F6,36,36,5.00508832524439,0.588436648022474,California,0.17687329604494795,2026-09-03T12:59:40.374112+00:00
401858437,2026,1,2026-09-06T20:00:00.000Z,Washington,Washington State,False,False,regular,2026,1,401858437,margin_tree_random_forest,tree,margin,/groups/bsavoie2/tburton2/TDNet/publication_artifacts/corrected_f6_wide_margin_roster/through_2025_v1/checkpoints/margin_tree_random_forest.pkl,a58c5270dd2b38893bbe8955662d6596385433454fa4eee13b345cd1c79ca0c0,F6,36,36,13.87973785135764,0.7293663034785167,Washington,0.45873260695703344,2026-09-03T12:59:40.374112+00:00
401856661,2026,1,2026-09-06T23:30:00.000Z,Ole Miss,Louisville,True,False,regular,2026,1,401856661,margin_tree_random_forest,tree,margin,/groups/bsavoie2/tburton2/TDNet/publication_artifacts/corrected_f6_wide_margin_roster/through_2025_v1/checkpoints/margin_tree_random_forest.pkl,a58c5270dd2b38893bbe8955662d6596385433454fa4eee13b345cd1c79ca0c0,F6,36,36,11.017001094465359,0.6871714719446514,Ole Miss,0.3743429438893029,2026-09-03T12:59:40.374112+00:00
401858438,2026,1,2026-09-06T23:30:00.000Z,Notre Dame,Wisconsin,True,False,regular,2026,1,401858438,margin_tree_random_forest,tree,margin,/groups/bsavoie2/tburton2/TDNet/publication_artifacts/corrected_f6_wide_margin_roster/through_2025_v1/checkpoints/margin_tree_random_forest.pkl,a58c5270dd2b38893bbe8955662d6596385433454fa4eee13b345cd1c79ca0c0,F6,36,36,20.989109415395557,0.8174584266694725,Notre Dame,0.6349168533389451,2026-09-03T12:59:40.374112+00:00
401858212,2026,1,2026-09-07T23:30:00.000Z,Florida State,SMU,False,True,regular,2026,1,401858212,margin_tree_random_forest,tree,margin,/groups/bsavoie2/tburton2/TDNet/publication_artifacts/corrected_f6_wide_margin_roster/through_2025_v1/checkpoints/margin_tree_random_forest.pkl,a58c5270dd2b38893bbe8955662d6596385433454fa4eee13b345cd1c79ca0c0,F6,36,36,3.2874304225540567,0.5584358543594646,Florida State,0.11687170871892927,2026-09-03T12:59:40.374112+00:00
