poll_objective,keys_team,ballot_model,power_rating_vs_average,ballot_rank,poll_points,top25_vote,first_place_vote,model_id,model_level,model_family,objective,feature_config,fingerprint,checkpoint_sha256,training_end_season,selected_feature_count,calibration_status,calibrator_sha256
margin,Georgia,scientific_f0_m1,18.53800588823397,1,25,True,True,,,,,,,,,,,
margin,Texas,scientific_f0_m1,17.685535366885652,2,24,True,False,,,,,,,,,,,
margin,Oregon,scientific_f0_m1,17.646828597267678,3,23,True,False,,,,,,,,,,,
margin,Alabama,scientific_f0_m1,17.149170130750818,4,22,True,False,,,,,,,,,,,
margin,Ohio State,scientific_f0_m1,16.722474075200253,5,21,True,False,,,,,,,,,,,
margin,Notre Dame,scientific_f0_m1,16.204540634121596,6,20,True,False,,,,,,,,,,,
margin,Texas A&M,scientific_f0_m1,15.281568496683388,7,19,True,False,,,,,,,,,,,
margin,LSU,scientific_f0_m1,15.22442993200923,8,18,True,False,,,,,,,,,,,
margin,USC,scientific_f0_m1,13.714865916908096,9,17,True,False,,,,,,,,,,,
margin,Florida,scientific_f0_m1,13.34945557991933,10,16,True,False,,,,,,,,,,,
margin,Michigan,scientific_f0_m1,13.301072117896855,11,15,True,False,,,,,,,,,,,
margin,Miami,scientific_f0_m1,13.113067808323823,12,14,True,False,,,,,,,,,,,
margin,Tennessee,scientific_f0_m1,13.1112246288182,13,13,True,False,,,,,,,,,,,
margin,Ole Miss,scientific_f0_m1,13.102930321042923,14,12,True,False,,,,,,,,,,,
margin,South Carolina,scientific_f0_m1,12.05001402845864,15,11,True,False,,,,,,,,,,,
margin,Clemson,scientific_f0_m1,12.049092438705834,16,10,True,False,,,,,,,,,,,
margin,Oklahoma,scientific_f0_m1,11.509501638436166,17,9,True,False,,,,,,,,,,,
margin,Auburn,scientific_f0_m1,10.451977397087845,18,8,True,False,,,,,,,,,,,
margin,Missouri,scientific_f0_m1,9.538221157177723,19,7,True,False,,,,,,,,,,,
margin,Mississippi State,scientific_f0_m1,9.3617367195148,20,6,True,False,,,,,,,,,,,
margin,Florida State,scientific_f0_m1,9.162212538031657,21,5,True,False,,,,,,,,,,,
margin,Nebraska,scientific_f0_m1,8.574699070615921,22,4,True,False,,,,,,,,,,,
margin,Kentucky,scientific_f0_m1,8.537835480503558,23,3,True,False,,,,,,,,,,,
margin,Washington,scientific_f0_m1,8.122198501986702,24,2,True,False,,,,,,,,,,,
margin,UCLA,scientific_f0_m1,7.975665731290074,25,1,True,False,,,,,,,,,,,
margin,Penn State,scientific_f0_m1,7.956773141357485,26,0,False,False,,,,,,,,,,,
margin,Virginia Tech,scientific_f0_m1,7.730062062166475,27,0,False,False,,,,,,,,,,,
margin,North Carolina,scientific_f0_m1,7.673384292368721,28,0,False,False,,,,,,,,,,,
margin,Texas Tech,scientific_f0_m1,7.673384292368721,29,0,False,False,,,,,,,,,,,
margin,Wisconsin,scientific_f0_m1,7.663707599964224,30,0,False,False,,,,,,,,,,,
margin,SMU,scientific_f0_m1,7.517174829267597,31,0,False,False,,,,,,,,,,,
margin,NC State,scientific_f0_m1,7.178029800233885,32,0,False,False,,,,,,,,,,,
margin,California,scientific_f0_m1,6.937494874750736,33,0,False,False,,,,,,,,,,,
margin,Georgia Tech,scientific_f0_m1,6.925053413087815,34,0,False,False,,,,,,,,,,,
margin,Syracuse,scientific_f0_m1,6.646733307739501,35,0,False,False,,,,,,,,,,,
margin,Arkansas,scientific_f0_m1,6.640742974346242,36,0,False,False,,,,,,,,,,,
margin,Louisville,scientific_f0_m1,6.386844997447364,37,0,False,False,,,,,,,,,,,
margin,Indiana,scientific_f0_m1,6.169810610660844,38,0,False,False,,,,,,,,,,,
margin,Colorado,scientific_f0_m1,6.002081275649607,39,0,False,False,,,,,,,,,,,
margin,TCU,scientific_f0_m1,5.963835300908031,40,0,False,False,,,,,,,,,,,
margin,Minnesota,scientific_f0_m1,5.871676325627132,41,0,False,False,,,,,,,,,,,
margin,Vanderbilt,scientific_f0_m1,5.807165042930503,42,0,False,False,,,,,,,,,,,
margin,Baylor,scientific_f0_m1,5.617778348728255,43,0,False,False,,,,,,,,,,,
margin,Iowa,scientific_f0_m1,5.592434630526009,44,0,False,False,,,,,,,,,,,
margin,Arizona State,scientific_f0_m1,5.55879660454848,45,0,False,False,,,,,,,,,,,
margin,Maryland,scientific_f0_m1,5.450049013717018,46,0,False,False,,,,,,,,,,,
margin,Kansas State,scientific_f0_m1,5.405351910705781,47,0,False,False,,,,,,,,,,,
margin,Rutgers,scientific_f0_m1,4.961606444728249,48,0,False,False,,,,,,,,,,,
margin,West Virginia,scientific_f0_m1,4.895251982526004,49,0,False,False,,,,,,,,,,,
margin,Stanford,scientific_f0_m1,4.8127696996495954,50,0,False,False,,,,,,,,,,,
margin,Illinois,scientific_f0_m1,4.7298266218967875,51,0,False,False,,,,,,,,,,,
margin,South Florida,scientific_f0_m1,4.720610724368695,52,0,False,False,,,,,,,,,,,
margin,Virginia,scientific_f0_m1,4.553342184233863,53,0,False,False,,,,,,,,,,,
margin,Arizona,scientific_f0_m1,4.526155286526001,54,0,False,False,,,,,,,,,,,
margin,Purdue,scientific_f0_m1,4.468095132099035,55,0,False,False,,,,,,,,,,,
margin,UNLV,scientific_f0_m1,4.362112310525998,56,0,False,False,,,,,,,,,,,
margin,Houston,scientific_f0_m1,4.3575043617619516,57,0,False,False,,,,,,,,,,,
margin,Utah,scientific_f0_m1,4.347827669357461,58,0,False,False,,,,,,,,,,,
margin,BYU,scientific_f0_m1,4.0575268972226235,59,0,False,False,,,,,,,,,,,
margin,Northwestern,scientific_f0_m1,4.006839460818133,60,0,False,False,,,,,,,,,,,
margin,Michigan State,scientific_f0_m1,3.8547771516046456,61,0,False,False,,,,,,,,,,,
margin,Kansas,scientific_f0_m1,3.8312766129080167,62,0,False,False,,,,,,,,,,,
margin,Wake Forest,scientific_f0_m1,3.6635472778967797,63,0,False,False,,,,,,,,,,,
margin,Pittsburgh,scientific_f0_m1,3.3939822752001474,64,0,False,False,,,,,,,,,,,
margin,Oklahoma State,scientific_f0_m1,3.2866170689979026,65,0,False,False,,,,,,,,,,,
margin,UCF,scientific_f0_m1,3.261273350795652,66,0,False,False,,,,,,,,,,,
margin,Memphis,scientific_f0_m1,3.1769478884136273,67,0,False,False,,,,,,,,,,,
margin,Iowa State,scientific_f0_m1,3.1419274778068855,68,0,False,False,,,,,,,,,,,
margin,Duke,scientific_f0_m1,3.0921616311552036,69,0,False,False,,,,,,,,,,,
margin,Tulane,scientific_f0_m1,2.9373345526832915,70,0,False,False,,,,,,,,,,,
margin,Boston College,scientific_f0_m1,2.701868370840592,71,0,False,False,,,,,,,,,,,
margin,UTSA,scientific_f0_m1,2.5092561125035147,72,0,False,False,,,,,,,,,,,
margin,UConn,scientific_f0_m1,2.3590369827956432,73,0,False,False,,,,,,,,,,,
margin,Boise State,scientific_f0_m1,1.8341916185709208,74,0,False,False,,,,,,,,,,,
margin,Colorado State,scientific_f0_m1,1.794563259200133,75,0,False,False,,,,,,,,,,,
margin,Oregon State,scientific_f0_m1,1.5862839750653008,76,0,False,False,,,,,,,,,,,
margin,Cincinnati,scientific_f0_m1,1.5167039487282228,77,0,False,False,,,,,,,,,,,
margin,Georgia Southern,scientific_f0_m1,1.5125567948405854,78,0,False,False,,,,,,,,,,,
margin,Liberty,scientific_f0_m1,1.4738500252226059,79,0,False,False,,,,,,,,,,,
margin,Temple,scientific_f0_m1,1.368788793402382,80,0,False,False,,,,,,,,,,,
margin,Washington State,scientific_f0_m1,1.332846793042827,81,0,False,False,,,,,,,,,,,
margin,Texas State,scientific_f0_m1,1.080331200773161,82,0,False,False,,,,,,,,,,,
margin,East Carolina,scientific_f0_m1,1.033330123379903,83,0,False,False,,,,,,,,,,,
margin,Tulsa,scientific_f0_m1,0.9895546101214787,84,0,False,False,,,,,,,,,,,
margin,App State,scientific_f0_m1,0.9328768403237251,85,0,False,False,,,,,,,,,,,
margin,Miami (OH),scientific_f0_m1,0.9218177632900169,86,0,False,False,,,,,,,,,,,
margin,Western Kentucky,scientific_f0_m1,0.46793481003158544,87,0,False,False,,,,,,,,,,,
margin,Fresno State,scientific_f0_m1,0.38637411690798995,88,0,False,False,,,,,,,,,,,
margin,San Diego State,scientific_f0_m1,0.3619519884585527,89,0,False,False,,,,,,,,,,,
margin,Florida International,scientific_f0_m1,0.28546003897540206,90,0,False,False,,,,,,,,,,,
margin,Arkansas State,scientific_f0_m1,0.22371352553720225,91,0,False,False,,,,,,,,,,,
margin,UAB,scientific_f0_m1,0.22187034603158118,92,0,False,False,,,,,,,,,,,
margin,Jacksonville State,scientific_f0_m1,0.06750406243607987,93,0,False,False,,,,,,,,,,,
margin,Southern Miss,scientific_f0_m1,0.05828816490798694,94,0,False,False,,,,,,,,,,,
margin,North Texas,scientific_f0_m1,0.03294444670574137,95,0,False,False,,,,,,,,,,,
margin,Troy,scientific_f0_m1,-0.23846373549650668,96,0,False,False,,,,,,,,,,,
margin,Marshall,scientific_f0_m1,-0.3066613772043736,97,0,False,False,,,,,,,,,,,
margin,Florida Atlantic,scientific_f0_m1,-0.368868685518982,98,0,False,False,,,,,,,,,,,
margin,Louisiana,scientific_f0_m1,-0.4803810456088682,99,0,False,False,,,,,,,,,,,
margin,Rice,scientific_f0_m1,-0.5287645076313439,100,0,False,False,,,,,,,,,,,
margin,James Madison,scientific_f0_m1,-0.6015700981032568,101,0,False,False,,,,,,,,,,,
margin,UTEP,scientific_f0_m1,-0.7190727915864015,102,0,False,False,,,,,,,,,,,
margin,Eastern Michigan,scientific_f0_m1,-0.9549997683055045,103,0,False,False,,,,,,,,,,,
margin,Charlotte,scientific_f0_m1,-1.133327385474045,104,0,False,False,,,,,,,,,,,
margin,Coastal Carolina,scientific_f0_m1,-1.2628107457437077,105,0,False,False,,,,,,,,,,,
margin,Georgia State,scientific_f0_m1,-1.2688010791369653,106,0,False,False,,,,,,,,,,,
margin,South Alabama,scientific_f0_m1,-1.2895368485751701,107,0,False,False,,,,,,,,,,,
margin,Western Michigan,scientific_f0_m1,-1.343910643990898,108,0,False,False,,,,,,,,,,,
margin,Middle Tennessee,scientific_f0_m1,-1.376166285339215,109,0,False,False,,,,,,,,,,,
margin,San José State,scientific_f0_m1,-1.4798451325302278,110,0,False,False,,,,,,,,,,,
margin,Bowling Green,scientific_f0_m1,-1.5222382611594396,111,0,False,False,,,,,,,,,,,
margin,New Mexico,scientific_f0_m1,-1.5286893894291014,112,0,False,False,,,,,,,,,,,
margin,Ball State,scientific_f0_m1,-1.7272919811594436,113,0,False,False,,,,,,,,,,,
margin,Sacramento State,scientific_f0_m1,-1.8406475207549509,114,0,False,False,,,,,,,,,,,
margin,Hawai'i,scientific_f0_m1,-2.0526131639010163,115,0,False,False,,,,,,,,,,,
margin,Toledo,scientific_f0_m1,-2.0784176769796714,116,0,False,False,,,,,,,,,,,
margin,Sam Houston,scientific_f0_m1,-2.1608999598560743,117,0,False,False,,,,,,,,,,,
margin,Nevada,scientific_f0_m1,-2.36733606448529,118,0,False,False,,,,,,,,,,,
margin,Missouri State,scientific_f0_m1,-2.3705616286201243,119,0,False,False,,,,,,,,,,,
margin,Buffalo,scientific_f0_m1,-2.3986701160807984,120,0,False,False,,,,,,,,,,,
margin,Akron,scientific_f0_m1,-2.5124864505527063,121,0,False,False,,,,,,,,,,,
margin,Old Dominion,scientific_f0_m1,-2.631832323541473,122,0,False,False,,,,,,,,,,,
margin,Utah State,scientific_f0_m1,-2.644273785204393,123,0,False,False,,,,,,,,,,,
margin,Louisiana Tech,scientific_f0_m1,-2.688510093339226,124,0,False,False,,,,,,,,,,,
margin,Central Michigan,scientific_f0_m1,-2.8272093511369807,125,0,False,False,,,,,,,,,,,
margin,Northern Illinois,scientific_f0_m1,-2.9852619937437206,126,0,False,False,,,,,,,,,,,
margin,Wyoming,scientific_f0_m1,-3.3672609462830527,127,0,False,False,,,,,,,,,,,
margin,Massachusetts,scientific_f0_m1,-3.4755477422381054,128,0,False,False,,,,,,,,,,,
margin,Ohio,scientific_f0_m1,-3.618394153923501,129,0,False,False,,,,,,,,,,,
margin,Kent State,scientific_f0_m1,-3.618854948799906,130,0,False,False,,,,,,,,,,,
margin,North Dakota State,scientific_f0_m1,-3.9524704393167616,131,0,False,False,,,,,,,,,,,
margin,UL Monroe,scientific_f0_m1,-4.417873264485306,132,0,False,False,,,,,,,,,,,
margin,Kennesaw State,scientific_f0_m1,-4.539062316979689,133,0,False,False,,,,,,,,,,,
margin,Delaware,scientific_f0_m1,-5.432082787451606,134,0,False,False,,,,,,,,,,,
margin,New Mexico State,scientific_f0_m1,-6.4965189519459985,135,0,False,False,,,,,,,,,,,
margin,Army,scientific_f0_m1,-13.710262742058411,136,0,False,False,,,,,,,,,,,
margin,Air Force,scientific_f0_m1,-15.16084501297977,137,0,False,False,,,,,,,,,,,
margin,Navy,scientific_f0_m1,-18.693759330373055,138,0,False,False,,,,,,,,,,,
margin,Georgia,scientific_f0_m2,20.403613543577475,1,25,True,True,,,,,,,,,,,
margin,Texas,scientific_f0_m2,19.41930617847442,2,24,True,False,,,,,,,,,,,
margin,Oregon,scientific_f0_m2,19.37334064823299,3,23,True,False,,,,,,,,,,,
margin,Alabama,scientific_f0_m2,18.77251606439323,4,22,True,False,,,,,,,,,,,
margin,Ohio State,scientific_f0_m2,18.25125661438322,5,21,True,False,,,,,,,,,,,
margin,Notre Dame,scientific_f0_m2,17.621773701727296,6,20,True,False,,,,,,,,,,,
margin,Texas A&M,scientific_f0_m2,16.50880733322331,7,19,True,False,,,,,,,,,,,
margin,LSU,scientific_f0_m2,16.44027691628875,8,18,True,False,,,,,,,,,,,
margin,USC,scientific_f0_m2,14.645379276518248,9,17,True,False,,,,,,,,,,,
margin,Florida,scientific_f0_m2,14.215428498789644,10,16,True,False,,,,,,,,,,,
margin,Michigan,scientific_f0_m2,14.158631656679546,11,15,True,False,,,,,,,,,,,
margin,Miami,scientific_f0_m2,13.938229095621212,12,14,True,False,,,,,,,,,,,
margin,Tennessee,scientific_f0_m2,13.936070599021786,13,13,True,False,,,,,,,,,,,
margin,Ole Miss,scientific_f0_m2,13.926357920075471,14,12,True,False,,,,,,,,,,,
margin,South Carolina,scientific_f0_m2,12.7007725384953,15,11,True,False,,,,,,,,,,,
margin,Clemson,scientific_f0_m2,12.699706235266426,16,10,True,False,,,,,,,,,,,
margin,Oklahoma,scientific_f0_m2,12.077313397409165,17,9,True,False,,,,,,,,,,,
margin,Auburn,scientific_f0_m2,10.868671873475114,18,8,True,False,,,,,,,,,,,
margin,Missouri,scientific_f0_m2,9.836247927049914,19,7,True,False,,,,,,,,,,,
margin,Mississippi State,scientific_f0_m2,9.638115547219742,20,6,True,False,,,,,,,,,,,
margin,Florida State,scientific_f0_m2,9.414613186158292,21,5,True,False,,,,,,,,,,,
margin,Nebraska,scientific_f0_m2,8.75955043457299,22,4,True,False,,,,,,,,,,,
margin,Kentucky,scientific_f0_m2,8.718600587846675,23,3,True,False,,,,,,,,,,,
margin,Washington,scientific_f0_m2,8.258134157694922,24,2,True,False,,,,,,,,,,,
margin,UCLA,scientific_f0_m2,8.0963412364529,25,1,True,False,,,,,,,,,,,
margin,Penn State,scientific_f0_m2,8.075501799652551,26,0,False,False,,,,,,,,,,,
margin,Virginia Tech,scientific_f0_m2,7.825796583156422,27,0,False,False,,,,,,,,,,,
margin,North Carolina,scientific_f0_m2,7.763476440121231,28,0,False,False,,,,,,,,,,,
margin,Texas Tech,scientific_f0_m2,7.763476440121231,29,0,False,False,,,,,,,,,,,
margin,Wisconsin,scientific_f0_m2,7.752840659617998,30,0,False,False,,,,,,,,,,,
margin,SMU,scientific_f0_m2,7.5919358454582575,31,0,False,False,,,,,,,,,,,
margin,NC State,scientific_f0_m2,7.220615907291817,32,0,False,False,,,,,,,,,,,
margin,California,scientific_f0_m2,6.9581828641087515,33,0,False,False,,,,,,,,,,,
margin,Georgia Tech,scientific_f0_m2,6.944629543959235,34,0,False,False,,,,,,,,,,,
margin,Syracuse,scientific_f0_m2,6.641971626401447,35,0,False,False,,,,,,,,,,,
margin,Arkansas,scientific_f0_m2,6.635468722690598,36,0,False,False,,,,,,,,,,,
margin,Louisville,scientific_f0_m2,6.360281779901031,37,0,False,False,,,,,,,,,,,
margin,Indiana,scientific_f0_m2,6.125724933290364,38,0,False,False,,,,,,,,,,,
margin,Colorado,scientific_f0_m2,5.944880377652532,39,0,False,False,,,,,,,,,,,
margin,TCU,scientific_f0_m2,5.9036959123442605,40,0,False,False,,,,,,,,,,,
margin,Minnesota,scientific_f0_m2,5.8045356700129425,41,0,False,False,,,,,,,,,,,
margin,Vanderbilt,scientific_f0_m2,5.735190302784733,42,0,False,False,,,,,,,,,,,
margin,Baylor,scientific_f0_m2,5.531929935614073,43,0,False,False,,,,,,,,,,,
margin,Iowa,scientific_f0_m2,5.5047656126158415,44,0,False,False,,,,,,,,,,,
margin,Arizona State,scientific_f0_m2,5.468724261025716,45,0,False,False,,,,,,,,,,,
margin,Maryland,scientific_f0_m2,5.352309357194357,46,0,False,False,,,,,,,,,,,
margin,Kansas State,scientific_f0_m2,5.304506190191637,47,0,False,False,,,,,,,,,,,
margin,Rutgers,scientific_f0_m2,4.831356807987872,48,0,False,False,,,,,,,,,,,
margin,West Virginia,scientific_f0_m2,4.760829213574478,49,0,False,False,,,,,,,,,,,
margin,Stanford,scientific_f0_m2,4.673240636581442,50,0,False,False,,,,,,,,,,,
margin,Illinois,scientific_f0_m2,4.585253426402503,51,0,False,False,,,,,,,,,,,
margin,South Florida,scientific_f0_m2,4.575482683363324,52,0,False,False,,,,,,,,,,,
margin,Virginia,scientific_f0_m2,4.398338812147319,53,0,False,False,,,,,,,,,,,
margin,Arizona,scientific_f0_m2,4.369581775227212,54,0,False,False,,,,,,,,,,,
margin,Purdue,scientific_f0_m2,4.308201155673649,55,0,False,False,,,,,,,,,,,
margin,UNLV,scientific_f0_m2,4.196272078961353,56,0,False,False,,,,,,,,,,,
margin,Houston,scientific_f0_m2,4.191408965553587,57,0,False,False,,,,,,,,,,,
margin,Utah,scientific_f0_m2,4.181197341018396,58,0,False,False,,,,,,,,,,,
margin,BYU,scientific_f0_m2,3.875424186261572,59,0,False,False,,,,,,,,,,,
margin,Northwestern,scientific_f0_m2,3.8221494604566004,60,0,False,False,,,,,,,,,,,
margin,Michigan State,scientific_f0_m2,3.66252905844123,61,0,False,False,,,,,,,,,,,
margin,Kansas,scientific_f0_m2,3.637887720552552,62,0,False,False,,,,,,,,,,,
margin,Wake Forest,scientific_f0_m2,3.462228210308666,63,0,False,False,,,,,,,,,,,
margin,Pittsburgh,scientific_f0_m2,3.180697408266628,64,0,False,False,,,,,,,,,,,
margin,Oklahoma State,scientific_f0_m2,3.0688338185608206,65,0,False,False,,,,,,,,,,,
margin,UCF,scientific_f0_m2,3.0424504802189114,66,0,False,False,,,,,,,,,,,
margin,Memphis,scientific_f0_m2,2.95472704229888,67,0,False,False,,,,,,,,,,,
margin,Iowa State,scientific_f0_m2,2.918323075353097,68,0,False,False,,,,,,,,,,,
margin,Duke,scientific_f0_m2,2.866619010925021,69,0,False,False,,,,,,,,,,,
margin,Tulane,scientific_f0_m2,2.7059712881855553,70,0,False,False,,,,,,,,,,,
margin,Boston College,scientific_f0_m2,2.462260297022797,71,0,False,False,,,,,,,,,,,
margin,UTSA,scientific_f0_m2,2.2634487280861695,72,0,False,False,,,,,,,,,,,
margin,UConn,scientific_f0_m2,2.1087351184680827,73,0,False,False,,,,,,,,,,,
margin,Boise State,scientific_f0_m2,1.5705284301740914,74,0,False,False,,,,,,,,,,,
margin,Colorado State,scientific_f0_m2,1.5300390757545728,75,0,False,False,,,,,,,,,,,
margin,Oregon State,scientific_f0_m2,1.317575837907004,76,0,False,False,,,,,,,,,,,
margin,Cincinnati,scientific_f0_m2,1.2467258596792714,77,0,False,False,,,,,,,,,,,
margin,Georgia Southern,scientific_f0_m2,1.2425050342078965,78,0,False,False,,,,,,,,,,,
margin,Liberty,scientific_f0_m2,1.2031216265949851,79,0,False,False,,,,,,,,,,,
margin,Temple,scientific_f0_m2,1.0963236390362177,80,0,False,False,,,,,,,,,,,
margin,Washington State,scientific_f0_m2,1.0598209820315496,81,0,False,False,,,,,,,,,,,
margin,Texas State,scientific_f0_m2,0.8038478550604804,82,0,False,False,,,,,,,,,,,
margin,East Carolina,scientific_f0_m2,0.7562962681432985,83,0,False,False,,,,,,,,,,,
margin,Tulsa,scientific_f0_m2,0.712034290278952,84,0,False,False,,,,,,,,,,,
margin,App State,scientific_f0_m2,0.6547643079186827,85,0,False,False,,,,,,,,,,,
margin,Miami (OH),scientific_f0_m2,0.6435946284512202,86,0,False,False,,,,,,,,,,,
margin,Western Kentucky,scientific_f0_m2,0.1865671688851549,87,0,False,False,,,,,,,,,,,
margin,Fresno State,scientific_f0_m2,0.10473006767117177,88,0,False,False,,,,,,,,,,,
margin,San Diego State,scientific_f0_m2,0.0802422805477434,89,0,False,False,,,,,,,,,,,
margin,Florida International,scientific_f0_m2,0.0035957027764119687,90,0,False,False,,,,,,,,,,,
margin,Arkansas State,scientific_f0_m2,-0.058219213931113956,91,0,False,False,,,,,,,,,,,
margin,UAB,scientific_f0_m2,-0.06006366064203306,92,0,False,False,,,,,,,,,,,
margin,Jacksonville State,scientific_f0_m2,-0.21437669421544747,93,0,False,False,,,,,,,,,,,
margin,Southern Miss,scientific_f0_m2,-0.22357944841366084,94,0,False,False,,,,,,,,,,,
margin,North Texas,scientific_f0_m2,-0.24888123338488555,95,0,False,False,,,,,,,,,,,
margin,Troy,scientific_f0_m2,-0.5193080122375253,96,0,False,False,,,,,,,,,,,
margin,Marshall,scientific_f0_m2,-0.5871059748931273,97,0,False,False,,,,,,,,,,,
margin,Florida Atlantic,scientific_f0_m2,-0.6488950937498075,98,0,False,False,,,,,,,,,,,
margin,Louisiana,scientific_f0_m2,-0.7595297716390483,99,0,False,False,,,,,,,,,,,
margin,Rice,scientific_f0_m2,-0.8074812878259667,100,0,False,False,,,,,,,,,,,
margin,James Madison,scientific_f0_m2,-0.8795785852838982,101,0,False,False,,,,,,,,,,,
margin,UTEP,scientific_f0_m2,-0.9957903473186711,102,0,False,False,,,,,,,,,,,
margin,Eastern Michigan,scientific_f0_m2,-1.228574210744231,103,0,False,False,,,,,,,,,,,
margin,Charlotte,scientific_f0_m2,-1.4040378110387373,104,0,False,False,,,,,,,,,,,
margin,Coastal Carolina,scientific_f0_m2,-1.5311781822063928,105,0,False,False,,,,,,,,,,,
margin,Georgia State,scientific_f0_m2,-1.537054757245972,106,0,False,False,,,,,,,,,,,
margin,South Alabama,scientific_f0_m2,-1.5573930848626851,107,0,False,False,,,,,,,,,,,
margin,Western Michigan,scientific_f0_m2,-1.61069770627868,108,0,False,False,,,,,,,,,,,
margin,Middle Tennessee,scientific_f0_m2,-1.6423006229645942,109,0,False,False,,,,,,,,,,,
margin,San José State,scientific_f0_m2,-1.743788275136822,110,0,False,False,,,,,,,,,,,
margin,Bowling Green,scientific_f0_m2,-1.7852445193664899,111,0,False,False,,,,,,,,,,,
margin,New Mexico,scientific_f0_m2,-1.7915509956078282,112,0,False,False,,,,,,,,,,,
margin,Ball State,scientific_f0_m2,-1.9854312039490019,113,0,False,False,,,,,,,,,,,
margin,Sacramento State,scientific_f0_m2,-2.095857642251593,114,0,False,False,,,,,,,,,,,
margin,Hawai'i,scientific_f0_m2,-2.301890332088206,115,0,False,False,,,,,,,,,,,
margin,Toledo,scientific_f0_m2,-2.326932019601447,116,0,False,False,,,,,,,,,,,
margin,Sam Houston,scientific_f0_m2,-2.4069169505263996,117,0,False,False,,,,,,,,,,,
margin,Nevada,scientific_f0_m2,-2.6067084866605796,118,0,False,False,,,,,,,,,,,
margin,Missouri State,scientific_f0_m2,-2.6098257595459593,119,0,False,False,,,,,,,,,,,
margin,Buffalo,scientific_f0_m2,-2.636984744766215,120,0,False,False,,,,,,,,,,,
margin,Akron,scientific_f0_m2,-2.7468496074856006,121,0,False,False,,,,,,,,,,,
margin,Old Dominion,scientific_f0_m2,-2.861868111650061,122,0,False,False,,,,,,,,,,,
margin,Utah State,scientific_f0_m2,-2.873847620497788,123,0,False,False,,,,,,,,,,,
margin,Louisiana Tech,scientific_f0_m2,-2.9164248582471206,124,0,False,False,,,,,,,,,,,
margin,Central Michigan,scientific_f0_m2,-3.0497545356020392,125,0,False,False,,,,,,,,,,,
margin,Northern Illinois,scientific_f0_m2,-3.2013783515344727,126,0,False,False,,,,,,,,,,,
margin,Wyoming,scientific_f0_m2,-3.5664758729275885,127,0,False,False,,,,,,,,,,,
margin,Massachusetts,scientific_f0_m2,-3.6696206423918127,128,0,False,False,,,,,,,,,,,
margin,Ohio,scientific_f0_m2,-3.805446848871263,129,0,False,False,,,,,,,,,,,
margin,Kent State,scientific_f0_m2,-3.805884561463335,130,0,False,False,,,,,,,,,,,
margin,North Dakota State,scientific_f0_m2,-4.12205182725045,131,0,False,False,,,,,,,,,,,
margin,UL Monroe,scientific_f0_m2,-4.5606560456292975,132,0,False,False,,,,,,,,,,,
margin,Kennesaw State,scientific_f0_m2,-4.674396986167226,133,0,False,False,,,,,,,,,,,
margin,Delaware,scientific_f0_m2,-5.5065473441188395,134,0,False,False,,,,,,,,,,,
margin,New Mexico State,scientific_f0_m2,-6.484657837724065,135,0,False,False,,,,,,,,,,,
margin,Army,scientific_f0_m2,-12.375294330883378,136,0,False,False,,,,,,,,,,,
margin,Air Force,scientific_f0_m2,-13.142525587233248,137,0,False,False,,,,,,,,,,,
margin,Navy,scientific_f0_m2,-14.247620378911591,138,0,False,False,,,,,,,,,,,
margin,Texas A&M,scientific_f0_m3,34.01178297258297,1,25,True,True,,,,,,,,,,,
margin,Georgia,scientific_f0_m3,28.969623499365877,2,24,True,False,,,,,,,,,,,
margin,Florida,scientific_f0_m3,28.862333976317817,3,23,True,False,,,,,,,,,,,
margin,Alabama,scientific_f0_m3,26.21456902251898,4,22,True,False,,,,,,,,,,,
margin,Ohio State,scientific_f0_m3,23.207257641661776,5,21,True,False,,,,,,,,,,,
margin,Arizona State,scientific_f0_m3,22.650933082859158,6,20,True,False,,,,,,,,,,,
margin,Mississippi State,scientific_f0_m3,22.06817702637407,7,19,True,False,,,,,,,,,,,
margin,Syracuse,scientific_f0_m3,21.005930191050783,8,18,True,False,,,,,,,,,,,
margin,Kentucky,scientific_f0_m3,19.760341323178004,9,17,True,False,,,,,,,,,,,
margin,Florida State,scientific_f0_m3,19.539180417889252,10,16,True,False,,,,,,,,,,,
margin,UNLV,scientific_f0_m3,19.322458516483533,11,15,True,False,,,,,,,,,,,
margin,Missouri,scientific_f0_m3,18.883606462328526,12,14,True,False,,,,,,,,,,,
margin,Rice,scientific_f0_m3,18.8427621933622,13,13,True,False,,,,,,,,,,,
margin,Notre Dame,scientific_f0_m3,18.23470767079698,14,12,True,False,,,,,,,,,,,
margin,Ole Miss,scientific_f0_m3,17.293603785103784,15,11,True,False,,,,,,,,,,,
margin,LSU,scientific_f0_m3,16.985858477521784,16,10,True,False,,,,,,,,,,,
margin,Tennessee,scientific_f0_m3,15.958962515262517,17,9,True,False,,,,,,,,,,,
margin,Georgia Tech,scientific_f0_m3,15.90264611832611,18,8,True,False,,,,,,,,,,,
margin,Miami,scientific_f0_m3,15.830295848595851,19,7,True,False,,,,,,,,,,,
margin,Maryland,scientific_f0_m3,15.584319480698511,20,6,True,False,,,,,,,,,,,
margin,Arkansas,scientific_f0_m3,14.483077089169,21,5,True,False,,,,,,,,,,,
margin,Houston,scientific_f0_m3,13.915284595959594,22,4,True,False,,,,,,,,,,,
margin,Utah,scientific_f0_m3,13.893451262626261,23,3,True,False,,,,,,,,,,,
margin,Virginia,scientific_f0_m3,13.742682887323912,24,2,True,False,,,,,,,,,,,
margin,Louisville,scientific_f0_m3,12.52780158730158,25,1,True,False,,,,,,,,,,,
margin,Washington,scientific_f0_m3,12.513585714285716,26,0,False,False,,,,,,,,,,,
margin,North Carolina,scientific_f0_m3,11.753491472868221,27,0,False,False,,,,,,,,,,,
margin,Texas Tech,scientific_f0_m3,11.753491472868221,28,0,False,False,,,,,,,,,,,
margin,Auburn,scientific_f0_m3,11.524070699256045,29,0,False,False,,,,,,,,,,,
margin,Miami (OH),scientific_f0_m3,11.488012898212896,30,0,False,False,,,,,,,,,,,
margin,Florida International,scientific_f0_m3,11.05163751647689,31,0,False,False,,,,,,,,,,,
margin,Michigan State,scientific_f0_m3,11.017328822055136,32,0,False,False,,,,,,,,,,,
margin,NC State,scientific_f0_m3,10.320546932879614,33,0,False,False,,,,,,,,,,,
margin,Rutgers,scientific_f0_m3,10.11060228405038,34,0,False,False,,,,,,,,,,,
margin,Oregon,scientific_f0_m3,9.495895208962978,35,0,False,False,,,,,,,,,,,
margin,Pittsburgh,scientific_f0_m3,9.453193489843493,36,0,False,False,,,,,,,,,,,
margin,Texas,scientific_f0_m3,9.443728542296313,37,0,False,False,,,,,,,,,,,
margin,Tulane,scientific_f0_m3,9.303306247255165,38,0,False,False,,,,,,,,,,,
margin,Central Michigan,scientific_f0_m3,8.910382233631855,39,0,False,False,,,,,,,,,,,
margin,Southern Miss,scientific_f0_m3,8.721977088973832,40,0,False,False,,,,,,,,,,,
margin,Colorado,scientific_f0_m3,8.63944918869394,41,0,False,False,,,,,,,,,,,
margin,UCF,scientific_f0_m3,8.595384937284937,42,0,False,False,,,,,,,,,,,
margin,Eastern Michigan,scientific_f0_m3,8.536546008145915,43,0,False,False,,,,,,,,,,,
margin,Indiana,scientific_f0_m3,8.488211062919795,44,0,False,False,,,,,,,,,,,
margin,Wisconsin,scientific_f0_m3,8.040415282392031,45,0,False,False,,,,,,,,,,,
margin,Kennesaw State,scientific_f0_m3,7.950040840044294,46,0,False,False,,,,,,,,,,,
margin,Oklahoma,scientific_f0_m3,7.866611488353519,47,0,False,False,,,,,,,,,,,
margin,Vanderbilt,scientific_f0_m3,7.761920992841578,48,0,False,False,,,,,,,,,,,
margin,Fresno State,scientific_f0_m3,7.694644610266493,49,0,False,False,,,,,,,,,,,
margin,USC,scientific_f0_m3,7.631980626989061,50,0,False,False,,,,,,,,,,,
margin,Michigan,scientific_f0_m3,7.4734253607503645,51,0,False,False,,,,,,,,,,,
margin,Nebraska,scientific_f0_m3,7.327442910492583,52,0,False,False,,,,,,,,,,,
margin,Memphis,scientific_f0_m3,7.3109207070707045,53,0,False,False,,,,,,,,,,,
margin,Florida Atlantic,scientific_f0_m3,7.216955145046521,54,0,False,False,,,,,,,,,,,
margin,Stanford,scientific_f0_m3,7.134740377458791,55,0,False,False,,,,,,,,,,,
margin,Oregon State,scientific_f0_m3,7.133065080888871,56,0,False,False,,,,,,,,,,,
margin,California,scientific_f0_m3,6.562164444444448,57,0,False,False,,,,,,,,,,,
margin,UTEP,scientific_f0_m3,6.080605366395748,58,0,False,False,,,,,,,,,,,
margin,New Mexico State,scientific_f0_m3,6.0742928571428605,59,0,False,False,,,,,,,,,,,
margin,Troy,scientific_f0_m3,5.945885353535353,60,0,False,False,,,,,,,,,,,
margin,UAB,scientific_f0_m3,5.781353441477336,61,0,False,False,,,,,,,,,,,
margin,UCLA,scientific_f0_m3,5.663285185185187,62,0,False,False,,,,,,,,,,,
margin,Purdue,scientific_f0_m3,5.6082480604363,63,0,False,False,,,,,,,,,,,
margin,BYU,scientific_f0_m3,5.271060317460318,64,0,False,False,,,,,,,,,,,
margin,North Texas,scientific_f0_m3,5.225769415291998,65,0,False,False,,,,,,,,,,,
margin,Virginia Tech,scientific_f0_m3,5.178650000000003,66,0,False,False,,,,,,,,,,,
margin,Northern Illinois,scientific_f0_m3,5.015810325266407,67,0,False,False,,,,,,,,,,,
margin,East Carolina,scientific_f0_m3,4.691711652236649,68,0,False,False,,,,,,,,,,,
margin,Nevada,scientific_f0_m3,4.423669159665822,69,0,False,False,,,,,,,,,,,
margin,Baylor,scientific_f0_m3,3.7537280311285466,70,0,False,False,,,,,,,,,,,
margin,Arkansas State,scientific_f0_m3,3.508528907315843,71,0,False,False,,,,,,,,,,,
margin,Western Kentucky,scientific_f0_m3,3.500328699696095,72,0,False,False,,,,,,,,,,,
margin,Cincinnati,scientific_f0_m3,3.460935511896831,73,0,False,False,,,,,,,,,,,
margin,Boston College,scientific_f0_m3,2.932890897508922,74,0,False,False,,,,,,,,,,,
margin,Western Michigan,scientific_f0_m3,2.041944632617808,75,0,False,False,,,,,,,,,,,
margin,SMU,scientific_f0_m3,1.8988263347763348,76,0,False,False,,,,,,,,,,,
margin,San José State,scientific_f0_m3,1.7705920634920642,77,0,False,False,,,,,,,,,,,
margin,Minnesota,scientific_f0_m3,1.3428894214029705,78,0,False,False,,,,,,,,,,,
margin,Missouri State,scientific_f0_m3,1.2178851714318328,79,0,False,False,,,,,,,,,,,
margin,Buffalo,scientific_f0_m3,1.090057692243083,80,0,False,False,,,,,,,,,,,
margin,TCU,scientific_f0_m3,1.0041316673264198,81,0,False,False,,,,,,,,,,,
margin,New Mexico,scientific_f0_m3,0.7692376524644946,82,0,False,False,,,,,,,,,,,
margin,West Virginia,scientific_f0_m3,0.7514622542747927,83,0,False,False,,,,,,,,,,,
margin,Toledo,scientific_f0_m3,0.7258521808257102,84,0,False,False,,,,,,,,,,,
margin,Wake Forest,scientific_f0_m3,0.36910287747403875,85,0,False,False,,,,,,,,,,,
margin,Arizona,scientific_f0_m3,0.24751367127496143,86,0,False,False,,,,,,,,,,,
margin,Penn State,scientific_f0_m3,-0.5172174603174605,87,0,False,False,,,,,,,,,,,
margin,Temple,scientific_f0_m3,-0.5257992733611028,88,0,False,False,,,,,,,,,,,
margin,Georgia State,scientific_f0_m3,-0.7693467662139889,89,0,False,False,,,,,,,,,,,
margin,Wyoming,scientific_f0_m3,-1.3694234423270109,90,0,False,False,,,,,,,,,,,
margin,South Carolina,scientific_f0_m3,-1.4771773504273515,91,0,False,False,,,,,,,,,,,
margin,Northwestern,scientific_f0_m3,-1.6014095238095234,92,0,False,False,,,,,,,,,,,
margin,Clemson,scientific_f0_m3,-1.6135440170940172,93,0,False,False,,,,,,,,,,,
margin,Duke,scientific_f0_m3,-1.7431047730047737,94,0,False,False,,,,,,,,,,,
margin,South Florida,scientific_f0_m3,-1.9258140470640484,95,0,False,False,,,,,,,,,,,
margin,Oklahoma State,scientific_f0_m3,-2.3881080943938526,96,0,False,False,,,,,,,,,,,
margin,Louisiana,scientific_f0_m3,-3.283093650793654,97,0,False,False,,,,,,,,,,,
margin,Ohio,scientific_f0_m3,-3.3033881112950834,98,0,False,False,,,,,,,,,,,
margin,Kent State,scientific_f0_m3,-3.3180976351046074,99,0,False,False,,,,,,,,,,,
margin,Jacksonville State,scientific_f0_m3,-3.679722375450635,100,0,False,False,,,,,,,,,,,
margin,Massachusetts,scientific_f0_m3,-3.869161121944566,101,0,False,False,,,,,,,,,,,
margin,Boise State,scientific_f0_m3,-4.061802927773981,102,0,False,False,,,,,,,,,,,
margin,UConn,scientific_f0_m3,-4.182823613375799,103,0,False,False,,,,,,,,,,,
margin,Iowa State,scientific_f0_m3,-4.216468506493507,104,0,False,False,,,,,,,,,,,
margin,Tulsa,scientific_f0_m3,-4.962284878340049,105,0,False,False,,,,,,,,,,,
margin,Washington State,scientific_f0_m3,-5.318608730158728,106,0,False,False,,,,,,,,,,,
margin,Iowa,scientific_f0_m3,-5.490713116123641,107,0,False,False,,,,,,,,,,,
margin,Kansas,scientific_f0_m3,-5.815405793329478,108,0,False,False,,,,,,,,,,,
margin,Kansas State,scientific_f0_m3,-5.874037712096333,109,0,False,False,,,,,,,,,,,
margin,Bowling Green,scientific_f0_m3,-6.005486157059318,110,0,False,False,,,,,,,,,,,
margin,Illinois,scientific_f0_m3,-6.10022357087357,111,0,False,False,,,,,,,,,,,
margin,App State,scientific_f0_m3,-6.231708458208457,112,0,False,False,,,,,,,,,,,
margin,Delaware,scientific_f0_m3,-6.345060317460322,113,0,False,False,,,,,,,,,,,
margin,Louisiana Tech,scientific_f0_m3,-6.350787227034152,114,0,False,False,,,,,,,,,,,
margin,Colorado State,scientific_f0_m3,-6.798348412698414,115,0,False,False,,,,,,,,,,,
margin,UL Monroe,scientific_f0_m3,-7.483210482412921,116,0,False,False,,,,,,,,,,,
margin,Utah State,scientific_f0_m3,-7.6106457528079,117,0,False,False,,,,,,,,,,,
margin,Sacramento State,scientific_f0_m3,-7.768266085557028,118,0,False,False,,,,,,,,,,,
margin,North Dakota State,scientific_f0_m3,-7.80267819259172,119,0,False,False,,,,,,,,,,,
margin,Middle Tennessee,scientific_f0_m3,-8.528193766908936,120,0,False,False,,,,,,,,,,,
margin,Coastal Carolina,scientific_f0_m3,-8.859816510147207,121,0,False,False,,,,,,,,,,,
margin,UTSA,scientific_f0_m3,-8.87212527999325,122,0,False,False,,,,,,,,,,,
margin,Old Dominion,scientific_f0_m3,-9.221729879792031,123,0,False,False,,,,,,,,,,,
margin,Navy,scientific_f0_m3,-9.238057719330655,124,0,False,False,,,,,,,,,,,
margin,Marshall,scientific_f0_m3,-9.474459523809527,125,0,False,False,,,,,,,,,,,
margin,Ball State,scientific_f0_m3,-10.2751873015873,126,0,False,False,,,,,,,,,,,
margin,Georgia Southern,scientific_f0_m3,-11.201626312062114,127,0,False,False,,,,,,,,,,,
margin,Sam Houston,scientific_f0_m3,-11.475825772765237,128,0,False,False,,,,,,,,,,,
margin,James Madison,scientific_f0_m3,-11.822550362494518,129,0,False,False,,,,,,,,,,,
margin,Texas State,scientific_f0_m3,-13.340019210906043,130,0,False,False,,,,,,,,,,,
margin,San Diego State,scientific_f0_m3,-13.476889646797613,131,0,False,False,,,,,,,,,,,
margin,Hawai'i,scientific_f0_m3,-15.12143509406978,132,0,False,False,,,,,,,,,,,
margin,South Alabama,scientific_f0_m3,-15.420945325307851,133,0,False,False,,,,,,,,,,,
margin,Air Force,scientific_f0_m3,-19.609796552446284,134,0,False,False,,,,,,,,,,,
margin,Liberty,scientific_f0_m3,-20.07634608750726,135,0,False,False,,,,,,,,,,,
margin,Charlotte,scientific_f0_m3,-21.179889524036934,136,0,False,False,,,,,,,,,,,
margin,Akron,scientific_f0_m3,-25.06985714285713,137,0,False,False,,,,,,,,,,,
margin,Army,scientific_f0_m3,-27.744476785714284,138,0,False,False,,,,,,,,,,,
margin,Georgia,scientific_f0_m4,19.520823568599734,1,25,True,True,,,,,,,,,,,
margin,Alabama,scientific_f0_m4,19.32523556903849,2,24,True,False,,,,,,,,,,,
margin,Oregon,scientific_f0_m4,19.32523556903849,3,23,True,False,,,,,,,,,,,
margin,Texas,scientific_f0_m4,19.32523556903849,4,22,True,False,,,,,,,,,,,
margin,Notre Dame,scientific_f0_m4,17.563174960920215,5,21,True,False,,,,,,,,,,,
margin,Ohio State,scientific_f0_m4,17.563174960920215,6,20,True,False,,,,,,,,,,,
margin,LSU,scientific_f0_m4,14.546117924627795,7,19,True,False,,,,,,,,,,,
margin,Texas A&M,scientific_f0_m4,14.546117924627795,8,18,True,False,,,,,,,,,,,
margin,Clemson,scientific_f0_m4,13.424130520966145,9,17,True,False,,,,,,,,,,,
margin,South Carolina,scientific_f0_m4,13.424130520966145,10,16,True,False,,,,,,,,,,,
margin,USC,scientific_f0_m4,13.341822833726642,11,15,True,False,,,,,,,,,,,
margin,Florida,scientific_f0_m4,12.695700548606617,12,14,True,False,,,,,,,,,,,
margin,Michigan,scientific_f0_m4,12.695700548606617,13,13,True,False,,,,,,,,,,,
margin,Miami,scientific_f0_m4,12.320882418526994,14,12,True,False,,,,,,,,,,,
margin,Ole Miss,scientific_f0_m4,12.320882418526994,15,11,True,False,,,,,,,,,,,
margin,Tennessee,scientific_f0_m4,12.320882418526994,16,10,True,False,,,,,,,,,,,
margin,Auburn,scientific_f0_m4,12.20606889291561,17,9,True,False,,,,,,,,,,,
margin,Oklahoma,scientific_f0_m4,12.150656714265114,18,8,True,False,,,,,,,,,,,
margin,Missouri,scientific_f0_m4,12.002763983851652,19,7,True,False,,,,,,,,,,,
margin,Arkansas,scientific_f0_m4,9.658109106416552,20,6,True,False,,,,,,,,,,,
margin,Syracuse,scientific_f0_m4,9.658109106416552,21,5,True,False,,,,,,,,,,,
margin,Kentucky,scientific_f0_m4,9.603276450493789,22,4,True,False,,,,,,,,,,,
margin,Nebraska,scientific_f0_m4,9.603276450493789,23,3,True,False,,,,,,,,,,,
margin,Florida State,scientific_f0_m4,9.282052005787092,24,2,True,False,,,,,,,,,,,
margin,Mississippi State,scientific_f0_m4,9.282052005787092,25,1,True,False,,,,,,,,,,,
margin,Penn State,scientific_f0_m4,8.596808261635848,26,0,False,False,,,,,,,,,,,
margin,UCLA,scientific_f0_m4,8.596808261635848,27,0,False,False,,,,,,,,,,,
margin,Washington,scientific_f0_m4,8.596808261635848,28,0,False,False,,,,,,,,,,,
margin,North Carolina,scientific_f0_m4,6.756659892248301,29,0,False,False,,,,,,,,,,,
margin,SMU,scientific_f0_m4,6.756659892248301,30,0,False,False,,,,,,,,,,,
margin,Texas Tech,scientific_f0_m4,6.756659892248301,31,0,False,False,,,,,,,,,,,
margin,Wisconsin,scientific_f0_m4,6.756659892248301,32,0,False,False,,,,,,,,,,,
margin,Louisville,scientific_f0_m4,6.724397050430815,33,0,False,False,,,,,,,,,,,
margin,Virginia Tech,scientific_f0_m4,6.518747503008074,34,0,False,False,,,,,,,,,,,
margin,Arizona,scientific_f0_m4,6.339459248060154,35,0,False,False,,,,,,,,,,,
margin,Virginia,scientific_f0_m4,6.339459248060154,36,0,False,False,,,,,,,,,,,
margin,Rutgers,scientific_f0_m4,6.251331165921968,37,0,False,False,,,,,,,,,,,
margin,Stanford,scientific_f0_m4,6.251331165921968,38,0,False,False,,,,,,,,,,,
margin,West Virginia,scientific_f0_m4,6.251331165921968,39,0,False,False,,,,,,,,,,,
margin,Illinois,scientific_f0_m4,6.06029108927192,40,0,False,False,,,,,,,,,,,
margin,South Florida,scientific_f0_m4,6.06029108927192,41,0,False,False,,,,,,,,,,,
margin,Colorado,scientific_f0_m4,5.812933468371711,42,0,False,False,,,,,,,,,,,
margin,Indiana,scientific_f0_m4,5.812933468371711,43,0,False,False,,,,,,,,,,,
margin,Arizona State,scientific_f0_m4,5.247405269085055,44,0,False,False,,,,,,,,,,,
margin,Minnesota,scientific_f0_m4,4.9348296543467685,45,0,False,False,,,,,,,,,,,
margin,TCU,scientific_f0_m4,4.9348296543467685,46,0,False,False,,,,,,,,,,,
margin,Vanderbilt,scientific_f0_m4,4.9348296543467685,47,0,False,False,,,,,,,,,,,
margin,Purdue,scientific_f0_m4,4.75867974165398,48,0,False,False,,,,,,,,,,,
margin,California,scientific_f0_m4,4.46250948489444,49,0,False,False,,,,,,,,,,,
margin,Georgia Tech,scientific_f0_m4,4.46250948489444,50,0,False,False,,,,,,,,,,,
margin,BYU,scientific_f0_m4,4.311936210242386,51,0,False,False,,,,,,,,,,,
margin,Northwestern,scientific_f0_m4,4.311936210242386,52,0,False,False,,,,,,,,,,,
margin,Wake Forest,scientific_f0_m4,3.887693823519859,53,0,False,False,,,,,,,,,,,
margin,Kansas,scientific_f0_m4,3.7645178816019023,54,0,False,False,,,,,,,,,,,
margin,Michigan State,scientific_f0_m4,3.7645178816019023,55,0,False,False,,,,,,,,,,,
margin,NC State,scientific_f0_m4,3.7219709392084495,56,0,False,False,,,,,,,,,,,
margin,Baylor,scientific_f0_m4,3.3083630474692476,57,0,False,False,,,,,,,,,,,
margin,Iowa,scientific_f0_m4,3.3083630474692476,58,0,False,False,,,,,,,,,,,
margin,Maryland,scientific_f0_m4,3.077913934496796,59,0,False,False,,,,,,,,,,,
margin,Kansas State,scientific_f0_m4,2.917782642655234,60,0,False,False,,,,,,,,,,,
margin,Arkansas State,scientific_f0_m4,2.873519567757668,61,0,False,False,,,,,,,,,,,
margin,Florida International,scientific_f0_m4,2.873519567757668,62,0,False,False,,,,,,,,,,,
margin,UAB,scientific_f0_m4,2.873519567757668,63,0,False,False,,,,,,,,,,,
margin,Pittsburgh,scientific_f0_m4,2.8280335266673537,64,0,False,False,,,,,,,,,,,
margin,UConn,scientific_f0_m4,2.786386305025427,65,0,False,False,,,,,,,,,,,
margin,Houston,scientific_f0_m4,2.690240290398403,66,0,False,False,,,,,,,,,,,
margin,UNLV,scientific_f0_m4,2.690240290398403,67,0,False,False,,,,,,,,,,,
margin,Utah,scientific_f0_m4,2.690240290398403,68,0,False,False,,,,,,,,,,,
margin,UTSA,scientific_f0_m4,2.339334340150175,69,0,False,False,,,,,,,,,,,
margin,Boston College,scientific_f0_m4,2.2432562512450755,70,0,False,False,,,,,,,,,,,
margin,Boise State,scientific_f0_m4,2.220172504830552,71,0,False,False,,,,,,,,,,,
margin,Colorado State,scientific_f0_m4,2.220172504830552,72,0,False,False,,,,,,,,,,,
margin,Duke,scientific_f0_m4,1.979213759530373,73,0,False,False,,,,,,,,,,,
margin,Iowa State,scientific_f0_m4,1.979213759530373,74,0,False,False,,,,,,,,,,,
margin,Memphis,scientific_f0_m4,1.979213759530373,75,0,False,False,,,,,,,,,,,
margin,Oklahoma State,scientific_f0_m4,1.979213759530373,76,0,False,False,,,,,,,,,,,
margin,UCF,scientific_f0_m4,1.979213759530373,77,0,False,False,,,,,,,,,,,
margin,Oregon State,scientific_f0_m4,1.8308705473600342,78,0,False,False,,,,,,,,,,,
margin,Tulane,scientific_f0_m4,0.12202647873767886,79,0,False,False,,,,,,,,,,,
margin,Florida Atlantic,scientific_f0_m4,-0.17708033707193402,80,0,False,False,,,,,,,,,,,
margin,East Carolina,scientific_f0_m4,-0.1944954426002933,81,0,False,False,,,,,,,,,,,
margin,Texas State,scientific_f0_m4,-0.1944954426002933,82,0,False,False,,,,,,,,,,,
margin,Eastern Michigan,scientific_f0_m4,-0.3468278338563827,83,0,False,False,,,,,,,,,,,
margin,Fresno State,scientific_f0_m4,-0.37198746130192895,84,0,False,False,,,,,,,,,,,
margin,San Diego State,scientific_f0_m4,-0.37198746130192895,85,0,False,False,,,,,,,,,,,
margin,Western Kentucky,scientific_f0_m4,-0.37198746130192895,86,0,False,False,,,,,,,,,,,
margin,Tulsa,scientific_f0_m4,-0.48096271092246634,87,0,False,False,,,,,,,,,,,
margin,Marshall,scientific_f0_m4,-0.5897073942069021,88,0,False,False,,,,,,,,,,,
margin,Troy,scientific_f0_m4,-0.5897073942069021,89,0,False,False,,,,,,,,,,,
margin,James Madison,scientific_f0_m4,-0.6179323142106102,90,0,False,False,,,,,,,,,,,
margin,Louisiana,scientific_f0_m4,-0.6179323142106102,91,0,False,False,,,,,,,,,,,
margin,Rice,scientific_f0_m4,-0.6179323142106102,92,0,False,False,,,,,,,,,,,
margin,UTEP,scientific_f0_m4,-0.6179323142106102,93,0,False,False,,,,,,,,,,,
margin,Charlotte,scientific_f0_m4,-0.6857764864626671,94,0,False,False,,,,,,,,,,,
margin,Coastal Carolina,scientific_f0_m4,-0.6857764864626671,95,0,False,False,,,,,,,,,,,
margin,Georgia State,scientific_f0_m4,-0.6857764864626671,96,0,False,False,,,,,,,,,,,
margin,South Alabama,scientific_f0_m4,-0.6857764864626671,97,0,False,False,,,,,,,,,,,
margin,Western Michigan,scientific_f0_m4,-0.6857764864626671,98,0,False,False,,,,,,,,,,,
margin,Buffalo,scientific_f0_m4,-0.731256161626534,99,0,False,False,,,,,,,,,,,
margin,Missouri State,scientific_f0_m4,-0.731256161626534,100,0,False,False,,,,,,,,,,,
margin,Nevada,scientific_f0_m4,-0.731256161626534,101,0,False,False,,,,,,,,,,,
margin,App State,scientific_f0_m4,-0.8741485092754695,102,0,False,False,,,,,,,,,,,
margin,Miami (OH),scientific_f0_m4,-0.8741485092754695,103,0,False,False,,,,,,,,,,,
margin,North Texas,scientific_f0_m4,-1.4611866007008676,104,0,False,False,,,,,,,,,,,
margin,Southern Miss,scientific_f0_m4,-1.4611866007008676,105,0,False,False,,,,,,,,,,,
margin,Navy,scientific_f0_m4,-1.4957348563875545,106,0,False,False,,,,,,,,,,,
margin,Temple,scientific_f0_m4,-1.7255755391752468,107,0,False,False,,,,,,,,,,,
margin,Washington State,scientific_f0_m4,-1.7255755391752468,108,0,False,False,,,,,,,,,,,
margin,Cincinnati,scientific_f0_m4,-1.8823685593617765,109,0,False,False,,,,,,,,,,,
margin,Georgia Southern,scientific_f0_m4,-1.8823685593617765,110,0,False,False,,,,,,,,,,,
margin,Liberty,scientific_f0_m4,-1.8823685593617765,111,0,False,False,,,,,,,,,,,
margin,Ball State,scientific_f0_m4,-2.0670836397430374,112,0,False,False,,,,,,,,,,,
margin,Sacramento State,scientific_f0_m4,-2.0670836397430374,113,0,False,False,,,,,,,,,,,
margin,Jacksonville State,scientific_f0_m4,-2.2813672706924897,114,0,False,False,,,,,,,,,,,
margin,Bowling Green,scientific_f0_m4,-3.601594159013933,115,0,False,False,,,,,,,,,,,
margin,New Mexico,scientific_f0_m4,-3.601594159013933,116,0,False,False,,,,,,,,,,,
margin,San José State,scientific_f0_m4,-3.601594159013933,117,0,False,False,,,,,,,,,,,
margin,Hawai'i,scientific_f0_m4,-3.7099695842274296,118,0,False,False,,,,,,,,,,,
margin,Sam Houston,scientific_f0_m4,-3.7099695842274296,119,0,False,False,,,,,,,,,,,
margin,Toledo,scientific_f0_m4,-3.7099695842274296,120,0,False,False,,,,,,,,,,,
margin,Central Michigan,scientific_f0_m4,-5.1500447849037085,121,0,False,False,,,,,,,,,,,
margin,Louisiana Tech,scientific_f0_m4,-5.1500447849037085,122,0,False,False,,,,,,,,,,,
margin,Northern Illinois,scientific_f0_m4,-5.1500447849037085,123,0,False,False,,,,,,,,,,,
margin,Utah State,scientific_f0_m4,-5.1500447849037085,124,0,False,False,,,,,,,,,,,
margin,Akron,scientific_f0_m4,-5.263020643576323,125,0,False,False,,,,,,,,,,,
margin,Old Dominion,scientific_f0_m4,-5.263020643576323,126,0,False,False,,,,,,,,,,,
margin,Wyoming,scientific_f0_m4,-5.5866867063192105,127,0,False,False,,,,,,,,,,,
margin,Kennesaw State,scientific_f0_m4,-5.954594328105805,128,0,False,False,,,,,,,,,,,
margin,UL Monroe,scientific_f0_m4,-7.338085465309362,129,0,False,False,,,,,,,,,,,
margin,Delaware,scientific_f0_m4,-7.656027402186539,130,0,False,False,,,,,,,,,,,
margin,New Mexico State,scientific_f0_m4,-7.656027402186539,131,0,False,False,,,,,,,,,,,
margin,Kent State,scientific_f0_m4,-7.678934155344127,132,0,False,False,,,,,,,,,,,
margin,Massachusetts,scientific_f0_m4,-7.678934155344127,133,0,False,False,,,,,,,,,,,
margin,Ohio,scientific_f0_m4,-7.678934155344127,134,0,False,False,,,,,,,,,,,
margin,North Dakota State,scientific_f0_m4,-7.774057647503172,135,0,False,False,,,,,,,,,,,
margin,Middle Tennessee,scientific_f0_m4,-9.150430911859058,136,0,False,False,,,,,,,,,,,
margin,Air Force,scientific_f0_m4,-12.045640220198141,137,0,False,False,,,,,,,,,,,
margin,Army,scientific_f0_m4,-12.045640220198141,138,0,False,False,,,,,,,,,,,
margin,Georgia,scientific_f0_m5,16.323646545410156,1,25,True,True,,,,,,,,,,,
margin,Texas,scientific_f0_m5,16.186986923217773,2,24,True,False,,,,,,,,,,,
margin,Oregon,scientific_f0_m5,16.180307388305664,3,23,True,False,,,,,,,,,,,
margin,Alabama,scientific_f0_m5,16.090381622314453,4,22,True,False,,,,,,,,,,,
margin,Ohio State,scientific_f0_m5,16.00680923461914,5,21,True,False,,,,,,,,,,,
margin,Notre Dame,scientific_f0_m5,15.896370887756348,6,20,True,False,,,,,,,,,,,
margin,Texas A&M,scientific_f0_m5,15.671043395996094,7,19,True,False,,,,,,,,,,,
margin,LSU,scientific_f0_m5,15.655735969543457,8,18,True,False,,,,,,,,,,,
margin,USC,scientific_f0_m5,15.179699897766113,9,17,True,False,,,,,,,,,,,
margin,Florida,scientific_f0_m5,15.03972339630127,10,16,True,False,,,,,,,,,,,
margin,Michigan,scientific_f0_m5,15.020330429077148,11,15,True,False,,,,,,,,,,,
margin,Miami,scientific_f0_m5,14.942946434020996,12,14,True,False,,,,,,,,,,,
margin,Tennessee,scientific_f0_m5,14.942169189453125,13,13,True,False,,,,,,,,,,,
margin,Ole Miss,scientific_f0_m5,14.938679695129395,14,12,True,False,,,,,,,,,,,
margin,South Carolina,scientific_f0_m5,14.436384201049805,15,11,True,False,,,,,,,,,,,
margin,Clemson,scientific_f0_m5,14.435887336730957,16,10,True,False,,,,,,,,,,,
margin,Oklahoma,scientific_f0_m5,14.124902725219727,17,9,True,False,,,,,,,,,,,
margin,Auburn,scientific_f0_m5,13.37714672088623,18,8,True,False,,,,,,,,,,,
margin,Missouri,scientific_f0_m5,12.539501190185547,19,7,True,False,,,,,,,,,,,
margin,Mississippi State,scientific_f0_m5,12.352556228637695,20,6,True,False,,,,,,,,,,,
margin,Florida State,scientific_f0_m5,12.130228042602539,21,5,True,False,,,,,,,,,,,
margin,Nebraska,scientific_f0_m5,11.403100967407227,22,4,True,False,,,,,,,,,,,
margin,Kentucky,scientific_f0_m5,11.353696823120117,23,3,True,False,,,,,,,,,,,
margin,Washington,scientific_f0_m5,10.764785766601562,24,2,True,False,,,,,,,,,,,
margin,UCLA,scientific_f0_m5,10.543205261230469,25,1,True,False,,,,,,,,,,,
margin,Penn State,scientific_f0_m5,10.514114379882812,26,0,False,False,,,,,,,,,,,
margin,Virginia Tech,scientific_f0_m5,10.155933380126953,27,0,False,False,,,,,,,,,,,
margin,North Carolina,scientific_f0_m5,10.063833236694336,28,0,False,False,,,,,,,,,,,
margin,Texas Tech,scientific_f0_m5,10.063833236694336,29,0,False,False,,,,,,,,,,,
margin,Wisconsin,scientific_f0_m5,10.048011779785156,30,0,False,False,,,,,,,,,,,
margin,SMU,scientific_f0_m5,9.804969787597656,31,0,False,False,,,,,,,,,,,
margin,NC State,scientific_f0_m5,9.219945907592773,32,0,False,False,,,,,,,,,,,
margin,California,scientific_f0_m5,8.789413452148438,33,0,False,False,,,,,,,,,,,
margin,Georgia Tech,scientific_f0_m5,8.766868591308594,34,0,False,False,,,,,,,,,,,
margin,Syracuse,scientific_f0_m5,8.257633209228516,35,0,False,False,,,,,,,,,,,
margin,Arkansas,scientific_f0_m5,8.246597290039062,36,0,False,False,,,,,,,,,,,
margin,Louisville,scientific_f0_m5,7.777823448181152,37,0,False,False,,,,,,,,,,,
margin,Indiana,scientific_f0_m5,7.378396987915039,38,0,False,False,,,,,,,,,,,
margin,Colorado,scientific_f0_m5,7.07280158996582,39,0,False,False,,,,,,,,,,,
margin,TCU,scientific_f0_m5,7.003664970397949,40,0,False,False,,,,,,,,,,,
margin,Minnesota,scientific_f0_m5,6.8380632400512695,41,0,False,False,,,,,,,,,,,
margin,Vanderbilt,scientific_f0_m5,6.723056793212891,42,0,False,False,,,,,,,,,,,
margin,Baylor,scientific_f0_m5,6.390334129333496,43,0,False,False,,,,,,,,,,,
margin,Iowa,scientific_f0_m5,6.346405029296875,44,0,False,False,,,,,,,,,,,
margin,Arizona State,scientific_f0_m5,6.288326740264893,45,0,False,False,,,,,,,,,,,
margin,Maryland,scientific_f0_m5,6.102372169494629,46,0,False,False,,,,,,,,,,,
margin,Kansas State,scientific_f0_m5,6.026756286621094,47,0,False,False,,,,,,,,,,,
margin,Rutgers,scientific_f0_m5,5.301279067993164,48,0,False,False,,,,,,,,,,,
margin,West Virginia,scientific_f0_m5,5.196444511413574,49,0,False,False,,,,,,,,,,,
margin,Stanford,scientific_f0_m5,5.067270278930664,50,0,False,False,,,,,,,,,,,
margin,Illinois,scientific_f0_m5,4.938543319702148,51,0,False,False,,,,,,,,,,,
margin,South Florida,scientific_f0_m5,4.9243083000183105,52,0,False,False,,,,,,,,,,,
margin,Virginia,scientific_f0_m5,4.667994499206543,53,0,False,False,,,,,,,,,,,
margin,Arizona,scientific_f0_m5,4.626665115356445,54,0,False,False,,,,,,,,,,,
margin,Purdue,scientific_f0_m5,4.538666725158691,55,0,False,False,,,,,,,,,,,
margin,UNLV,scientific_f0_m5,4.378843307495117,56,0,False,False,,,,,,,,,,,
margin,Houston,scientific_f0_m5,4.371915817260742,57,0,False,False,,,,,,,,,,,
margin,Utah,scientific_f0_m5,4.3573713302612305,58,0,False,False,,,,,,,,,,,
margin,BYU,scientific_f0_m5,3.9234440326690674,59,0,False,False,,,,,,,,,,,
margin,Northwestern,scientific_f0_m5,3.8479883670806885,60,0,False,False,,,,,,,,,,,
margin,Michigan State,scientific_f0_m5,3.6218364238739014,61,0,False,False,,,,,,,,,,,
margin,Kansas,scientific_f0_m5,3.5868990421295166,62,0,False,False,,,,,,,,,,,
margin,Wake Forest,scientific_f0_m5,3.337510824203491,63,0,False,False,,,,,,,,,,,
margin,Pittsburgh,scientific_f0_m5,2.9362599849700928,64,0,False,False,,,,,,,,,,,
margin,Oklahoma State,scientific_f0_m5,2.776268720626831,65,0,False,False,,,,,,,,,,,
margin,UCF,scientific_f0_m5,2.738492727279663,66,0,False,False,,,,,,,,,,,
margin,Memphis,scientific_f0_m5,2.6127853393554688,67,0,False,False,,,,,,,,,,,
margin,Iowa State,scientific_f0_m5,2.5605766773223877,68,0,False,False,,,,,,,,,,,
margin,Duke,scientific_f0_m5,2.48638916015625,69,0,False,False,,,,,,,,,,,
margin,Tulane,scientific_f0_m5,2.2556850910186768,70,0,False,False,,,,,,,,,,,
margin,Boston College,scientific_f0_m5,1.9055641889572144,71,0,False,False,,,,,,,,,,,
margin,UTSA,scientific_f0_m5,1.6204231977462769,72,0,False,False,,,,,,,,,,,
margin,UConn,scientific_f0_m5,1.3992211818695068,73,0,False,False,,,,,,,,,,,
margin,Boise State,scientific_f0_m5,0.6387239098548889,74,0,False,False,,,,,,,,,,,
margin,Colorado State,scientific_f0_m5,0.5823026895523071,75,0,False,False,,,,,,,,,,,
margin,Oregon State,scientific_f0_m5,0.28861314058303833,76,0,False,False,,,,,,,,,,,
margin,Cincinnati,scientific_f0_m5,0.19164711236953735,77,0,False,False,,,,,,,,,,,
margin,Georgia Southern,scientific_f0_m5,0.18588712811470032,78,0,False,False,,,,,,,,,,,
margin,Liberty,scientific_f0_m5,0.13223235309123993,79,0,False,False,,,,,,,,,,,
margin,Temple,scientific_f0_m5,-0.012400820851325989,80,0,False,False,,,,,,,,,,,
margin,Washington State,scientific_f0_m5,-0.06153406202793121,81,0,False,False,,,,,,,,,,,
margin,Texas State,scientific_f0_m5,-0.40140092372894287,82,0,False,False,,,,,,,,,,,
margin,East Carolina,scientific_f0_m5,-0.46357864141464233,83,0,False,False,,,,,,,,,,,
margin,Tulsa,scientific_f0_m5,-0.5211694836616516,84,0,False,False,,,,,,,,,,,
margin,App State,scientific_f0_m5,-0.5952674150466919,85,0,False,False,,,,,,,,,,,
margin,Miami (OH),scientific_f0_m5,-0.609663188457489,86,0,False,False,,,,,,,,,,,
margin,Western Kentucky,scientific_f0_m5,-1.181959867477417,87,0,False,False,,,,,,,,,,,
margin,Fresno State,scientific_f0_m5,-1.2807753086090088,88,0,False,False,,,,,,,,,,,
margin,San Diego State,scientific_f0_m5,-1.310115098953247,89,0,False,False,,,,,,,,,,,
margin,Florida International,scientific_f0_m5,-1.4012629985809326,90,0,False,False,,,,,,,,,,,
margin,Arkansas State,scientific_f0_m5,-1.4740046262741089,91,0,False,False,,,,,,,,,,,
margin,UAB,scientific_f0_m5,-1.4761642217636108,92,0,False,False,,,,,,,,,,,
margin,Jacksonville State,scientific_f0_m5,-1.6546530723571777,93,0,False,False,,,,,,,,,,,
margin,Southern Miss,scientific_f0_m5,-1.6651582717895508,94,0,False,False,,,,,,,,,,,
margin,North Texas,scientific_f0_m5,-1.6939589977264404,95,0,False,False,,,,,,,,,,,
margin,Troy,scientific_f0_m5,-1.9942076206207275,96,0,False,False,,,,,,,,,,,
margin,Marshall,scientific_f0_m5,-2.0672824382781982,97,0,False,False,,,,,,,,,,,
margin,Florida Atlantic,scientific_f0_m5,-2.1331045627593994,98,0,False,False,,,,,,,,,,,
margin,Louisiana,scientific_f0_m5,-2.249103307723999,99,0,False,False,,,,,,,,,,,
margin,Rice,scientific_f0_m5,-2.298637628555298,100,0,False,False,,,,,,,,,,,
margin,James Madison,scientific_f0_m5,-2.3722681999206543,101,0,False,False,,,,,,,,,,,
margin,UTEP,scientific_f0_m5,-2.488809585571289,102,0,False,False,,,,,,,,,,,
margin,Eastern Michigan,scientific_f0_m5,-2.7143194675445557,103,0,False,False,,,,,,,,,,,
margin,Charlotte,scientific_f0_m5,-2.877349615097046,104,0,False,False,,,,,,,,,,,
margin,Coastal Carolina,scientific_f0_m5,-2.9917895793914795,105,0,False,False,,,,,,,,,,,
margin,Georgia State,scientific_f0_m5,-2.9970052242279053,106,0,False,False,,,,,,,,,,,
margin,South Alabama,scientific_f0_m5,-3.0150041580200195,107,0,False,False,,,,,,,,,,,
margin,Western Michigan,scientific_f0_m5,-3.0618064403533936,108,0,False,False,,,,,,,,,,,
margin,Middle Tennessee,scientific_f0_m5,-3.089301586151123,109,0,False,False,,,,,,,,,,,
margin,San José State,scientific_f0_m5,-3.176335096359253,110,0,False,False,,,,,,,,,,,
margin,Bowling Green,scientific_f0_m5,-3.211336374282837,111,0,False,False,,,,,,,,,,,
margin,New Mexico,scientific_f0_m5,-3.2166330814361572,112,0,False,False,,,,,,,,,,,
margin,Ball State,scientific_f0_m5,-3.3759267330169678,113,0,False,False,,,,,,,,,,,
margin,Sacramento State,scientific_f0_m5,-3.4636282920837402,114,0,False,False,,,,,,,,,,,
margin,Hawai'i,scientific_f0_m5,-3.6215381622314453,115,0,False,False,,,,,,,,,,,
margin,Toledo,scientific_f0_m5,-3.640232801437378,116,0,False,False,,,,,,,,,,,
margin,Sam Houston,scientific_f0_m5,-3.699232339859009,117,0,False,False,,,,,,,,,,,
margin,Nevada,scientific_f0_m5,-3.8419620990753174,118,0,False,False,,,,,,,,,,,
margin,Missouri State,scientific_f0_m5,-3.84413743019104,119,0,False,False,,,,,,,,,,,
margin,Buffalo,scientific_f0_m5,-3.8630244731903076,120,0,False,False,,,,,,,,,,,
margin,Akron,scientific_f0_m5,-3.938225030899048,121,0,False,False,,,,,,,,,,,
margin,Old Dominion,scientific_f0_m5,-4.014926433563232,122,0,False,False,,,,,,,,,,,
margin,Utah State,scientific_f0_m5,-4.022797584533691,123,0,False,False,,,,,,,,,,,
margin,Louisiana Tech,scientific_f0_m5,-4.05059814453125,124,0,False,False,,,,,,,,,,,
margin,Central Michigan,scientific_f0_m5,-4.13588809967041,125,0,False,False,,,,,,,,,,,
margin,Northern Illinois,scientific_f0_m5,-4.229712009429932,126,0,False,False,,,,,,,,,,,
margin,Wyoming,scientific_f0_m5,-4.442444324493408,127,0,False,False,,,,,,,,,,,
margin,Massachusetts,scientific_f0_m5,-4.499329090118408,128,0,False,False,,,,,,,,,,,
margin,Ohio,scientific_f0_m5,-4.572176456451416,129,0,False,False,,,,,,,,,,,
margin,Kent State,scientific_f0_m5,-4.572407245635986,130,0,False,False,,,,,,,,,,,
margin,North Dakota State,scientific_f0_m5,-4.733299732208252,131,0,False,False,,,,,,,,,,,
margin,UL Monroe,scientific_f0_m5,-4.937874794006348,132,0,False,False,,,,,,,,,,,
margin,Kennesaw State,scientific_f0_m5,-4.987646579742432,133,0,False,False,,,,,,,,,,,
margin,Delaware,scientific_f0_m5,-5.315345287322998,134,0,False,False,,,,,,,,,,,
margin,New Mexico State,scientific_f0_m5,-5.631172180175781,135,0,False,False,,,,,,,,,,,
margin,Army,scientific_f0_m5,-6.695605278015137,136,0,False,False,,,,,,,,,,,
margin,Air Force,scientific_f0_m5,-6.800501346588135,137,0,False,False,,,,,,,,,,,
margin,Navy,scientific_f0_m5,-6.990684509277344,138,0,False,False,,,,,,,,,,,
margin,Texas A&M,scientific_f0_m10,55.372742382281636,1,25,True,True,,,,,,,,,,,
margin,Ohio State,scientific_f0_m10,29.400412712852443,2,24,True,False,,,,,,,,,,,
margin,Georgia,scientific_f0_m10,28.730194175872587,3,23,True,False,,,,,,,,,,,
margin,Syracuse,scientific_f0_m10,27.773222305276366,4,22,True,False,,,,,,,,,,,
margin,Virginia Tech,scientific_f0_m10,27.718985275805135,5,21,True,False,,,,,,,,,,,
margin,Alabama,scientific_f0_m10,27.709771178102734,6,20,True,False,,,,,,,,,,,
margin,Florida State,scientific_f0_m10,27.194343446838474,7,19,True,False,,,,,,,,,,,
margin,Georgia Tech,scientific_f0_m10,26.815118699571354,8,18,True,False,,,,,,,,,,,
margin,Arizona State,scientific_f0_m10,26.626358681604216,9,17,True,False,,,,,,,,,,,
margin,UNLV,scientific_f0_m10,24.138518706472283,10,16,True,False,,,,,,,,,,,
margin,Florida,scientific_f0_m10,20.47831771343149,11,15,True,False,,,,,,,,,,,
margin,Rice,scientific_f0_m10,20.407710833531,12,14,True,False,,,,,,,,,,,
margin,LSU,scientific_f0_m10,20.13464811418116,13,13,True,False,,,,,,,,,,,
margin,Oregon,scientific_f0_m10,18.300181129019045,14,12,True,False,,,,,,,,,,,
margin,Kentucky,scientific_f0_m10,17.799784928961095,15,11,True,False,,,,,,,,,,,
margin,Notre Dame,scientific_f0_m10,17.613209141843104,16,10,True,False,,,,,,,,,,,
margin,Mississippi State,scientific_f0_m10,17.575263643456417,17,9,True,False,,,,,,,,,,,
margin,Missouri,scientific_f0_m10,16.373500278395557,18,8,True,False,,,,,,,,,,,
margin,Michigan,scientific_f0_m10,15.901448372078768,19,7,True,False,,,,,,,,,,,
margin,Indiana,scientific_f0_m10,14.007549084031995,20,6,True,False,,,,,,,,,,,
margin,Maryland,scientific_f0_m10,13.611930400613257,21,5,True,False,,,,,,,,,,,
margin,Auburn,scientific_f0_m10,13.247930554153092,22,4,True,False,,,,,,,,,,,
margin,Fresno State,scientific_f0_m10,12.879887737652163,23,3,True,False,,,,,,,,,,,
margin,Washington,scientific_f0_m10,12.680060577929607,24,2,True,False,,,,,,,,,,,
margin,NC State,scientific_f0_m10,12.600971160332833,25,1,True,False,,,,,,,,,,,
margin,Houston,scientific_f0_m10,12.38826648326467,26,0,False,False,,,,,,,,,,,
margin,Arkansas,scientific_f0_m10,12.053646810202135,27,0,False,False,,,,,,,,,,,
margin,Oklahoma,scientific_f0_m10,11.850765580270828,28,0,False,False,,,,,,,,,,,
margin,Miami,scientific_f0_m10,11.617808961887977,29,0,False,False,,,,,,,,,,,
margin,Utah,scientific_f0_m10,11.45945631151397,30,0,False,False,,,,,,,,,,,
margin,Tennessee,scientific_f0_m10,11.19576082934797,31,0,False,False,,,,,,,,,,,
margin,Tulane,scientific_f0_m10,10.57792725556587,32,0,False,False,,,,,,,,,,,
margin,Virginia,scientific_f0_m10,10.376645845912478,33,0,False,False,,,,,,,,,,,
margin,East Carolina,scientific_f0_m10,10.366332191159454,34,0,False,False,,,,,,,,,,,
margin,Michigan State,scientific_f0_m10,10.101985574967616,35,0,False,False,,,,,,,,,,,
margin,Northern Illinois,scientific_f0_m10,10.055463159078837,36,0,False,False,,,,,,,,,,,
margin,Wisconsin,scientific_f0_m10,9.974357002210594,37,0,False,False,,,,,,,,,,,
margin,North Carolina,scientific_f0_m10,9.785738057414141,38,0,False,False,,,,,,,,,,,
margin,Texas Tech,scientific_f0_m10,9.785738057414141,39,0,False,False,,,,,,,,,,,
margin,Oregon State,scientific_f0_m10,9.649784651905525,40,0,False,False,,,,,,,,,,,
margin,Ole Miss,scientific_f0_m10,9.630569453244815,41,0,False,False,,,,,,,,,,,
margin,Rutgers,scientific_f0_m10,9.360494866803712,42,0,False,False,,,,,,,,,,,
margin,UTEP,scientific_f0_m10,8.729696454180388,43,0,False,False,,,,,,,,,,,
margin,Florida Atlantic,scientific_f0_m10,8.591991586640319,44,0,False,False,,,,,,,,,,,
margin,Louisville,scientific_f0_m10,8.479207176188664,45,0,False,False,,,,,,,,,,,
margin,UCLA,scientific_f0_m10,8.458796147262797,46,0,False,False,,,,,,,,,,,
margin,Kennesaw State,scientific_f0_m10,8.284156660288783,47,0,False,False,,,,,,,,,,,
margin,Florida International,scientific_f0_m10,7.7115945881506285,48,0,False,False,,,,,,,,,,,
margin,USC,scientific_f0_m10,7.492664549882476,49,0,False,False,,,,,,,,,,,
margin,Miami (OH),scientific_f0_m10,7.276048389230794,50,0,False,False,,,,,,,,,,,
margin,Stanford,scientific_f0_m10,7.135147067420837,51,0,False,False,,,,,,,,,,,
margin,Colorado,scientific_f0_m10,7.113486768523372,52,0,False,False,,,,,,,,,,,
margin,Nevada,scientific_f0_m10,6.860960850257799,53,0,False,False,,,,,,,,,,,
margin,West Virginia,scientific_f0_m10,6.831393789917403,54,0,False,False,,,,,,,,,,,
margin,Utah State,scientific_f0_m10,6.649918625038731,55,0,False,False,,,,,,,,,,,
margin,San José State,scientific_f0_m10,6.268034606794837,56,0,False,False,,,,,,,,,,,
margin,UAB,scientific_f0_m10,6.125646543198225,57,0,False,False,,,,,,,,,,,
margin,Arizona,scientific_f0_m10,5.90109889143779,58,0,False,False,,,,,,,,,,,
margin,UCF,scientific_f0_m10,5.545569869735619,59,0,False,False,,,,,,,,,,,
margin,Memphis,scientific_f0_m10,5.3767512189366675,60,0,False,False,,,,,,,,,,,
margin,Purdue,scientific_f0_m10,5.054119402138538,61,0,False,False,,,,,,,,,,,
margin,Southern Miss,scientific_f0_m10,4.90103547186805,62,0,False,False,,,,,,,,,,,
margin,South Carolina,scientific_f0_m10,4.855330967590089,63,0,False,False,,,,,,,,,,,
margin,Clemson,scientific_f0_m10,4.607523535634172,64,0,False,False,,,,,,,,,,,
margin,Eastern Michigan,scientific_f0_m10,4.445740592319843,65,0,False,False,,,,,,,,,,,
margin,Arkansas State,scientific_f0_m10,4.382182182568971,66,0,False,False,,,,,,,,,,,
margin,Minnesota,scientific_f0_m10,3.849219564022539,67,0,False,False,,,,,,,,,,,
margin,Vanderbilt,scientific_f0_m10,3.792669785008331,68,0,False,False,,,,,,,,,,,
margin,BYU,scientific_f0_m10,3.660045753285728,69,0,False,False,,,,,,,,,,,
margin,Boston College,scientific_f0_m10,3.6217078184853473,70,0,False,False,,,,,,,,,,,
margin,North Texas,scientific_f0_m10,3.5864859714569355,71,0,False,False,,,,,,,,,,,
margin,Baylor,scientific_f0_m10,3.3804287037272753,72,0,False,False,,,,,,,,,,,
margin,Nebraska,scientific_f0_m10,3.342736530532871,73,0,False,False,,,,,,,,,,,
margin,Pittsburgh,scientific_f0_m10,2.9875860584938505,74,0,False,False,,,,,,,,,,,
margin,Central Michigan,scientific_f0_m10,2.587084851744718,75,0,False,False,,,,,,,,,,,
margin,Troy,scientific_f0_m10,2.510984469671024,76,0,False,False,,,,,,,,,,,
margin,Penn State,scientific_f0_m10,1.9525979973026921,77,0,False,False,,,,,,,,,,,
margin,California,scientific_f0_m10,0.8298186107305879,78,0,False,False,,,,,,,,,,,
margin,Western Kentucky,scientific_f0_m10,0.5486932692202778,79,0,False,False,,,,,,,,,,,
margin,Georgia State,scientific_f0_m10,0.5190760818834415,80,0,False,False,,,,,,,,,,,
margin,Texas,scientific_f0_m10,0.21179083778349947,81,0,False,False,,,,,,,,,,,
margin,Wake Forest,scientific_f0_m10,-0.09651556975378274,82,0,False,False,,,,,,,,,,,
margin,Temple,scientific_f0_m10,-0.33212296118710577,83,0,False,False,,,,,,,,,,,
margin,TCU,scientific_f0_m10,-0.6909899897610905,84,0,False,False,,,,,,,,,,,
margin,Toledo,scientific_f0_m10,-0.7219447601390508,85,0,False,False,,,,,,,,,,,
margin,Kansas State,scientific_f0_m10,-0.8345758399396079,86,0,False,False,,,,,,,,,,,
margin,Cincinnati,scientific_f0_m10,-1.032926987957491,87,0,False,False,,,,,,,,,,,
margin,Wyoming,scientific_f0_m10,-1.2086768587839185,88,0,False,False,,,,,,,,,,,
margin,Duke,scientific_f0_m10,-1.2565919236890777,89,0,False,False,,,,,,,,,,,
margin,Colorado State,scientific_f0_m10,-1.277167543303098,90,0,False,False,,,,,,,,,,,
margin,Delaware,scientific_f0_m10,-1.5195064123260302,91,0,False,False,,,,,,,,,,,
margin,Kansas,scientific_f0_m10,-1.5659433484427805,92,0,False,False,,,,,,,,,,,
margin,SMU,scientific_f0_m10,-1.650990188991346,93,0,False,False,,,,,,,,,,,
margin,Western Michigan,scientific_f0_m10,-1.7685758299597745,94,0,False,False,,,,,,,,,,,
margin,Iowa State,scientific_f0_m10,-1.8469064880488224,95,0,False,False,,,,,,,,,,,
margin,New Mexico,scientific_f0_m10,-1.981954197111913,96,0,False,False,,,,,,,,,,,
margin,Missouri State,scientific_f0_m10,-2.712243376463351,97,0,False,False,,,,,,,,,,,
margin,Boise State,scientific_f0_m10,-2.7250441126420144,98,0,False,False,,,,,,,,,,,
margin,Tulsa,scientific_f0_m10,-3.0430082156091274,99,0,False,False,,,,,,,,,,,
margin,South Florida,scientific_f0_m10,-3.0504732899142013,100,0,False,False,,,,,,,,,,,
margin,Washington State,scientific_f0_m10,-3.1245634779820746,101,0,False,False,,,,,,,,,,,
margin,App State,scientific_f0_m10,-3.3408532314931314,102,0,False,False,,,,,,,,,,,
margin,UL Monroe,scientific_f0_m10,-3.3998824791519784,103,0,False,False,,,,,,,,,,,
margin,Buffalo,scientific_f0_m10,-3.6073547477022827,104,0,False,False,,,,,,,,,,,
margin,Northwestern,scientific_f0_m10,-4.3638621424963775,105,0,False,False,,,,,,,,,,,
margin,Bowling Green,scientific_f0_m10,-4.408187611263738,106,0,False,False,,,,,,,,,,,
margin,Massachusetts,scientific_f0_m10,-5.008588571195039,107,0,False,False,,,,,,,,,,,
margin,Sacramento State,scientific_f0_m10,-5.616210094998664,108,0,False,False,,,,,,,,,,,
margin,Louisiana,scientific_f0_m10,-5.760009781294298,109,0,False,False,,,,,,,,,,,
margin,UConn,scientific_f0_m10,-5.836483249607505,110,0,False,False,,,,,,,,,,,
margin,Marshall,scientific_f0_m10,-6.457664902040752,111,0,False,False,,,,,,,,,,,
margin,Texas State,scientific_f0_m10,-6.677746977519219,112,0,False,False,,,,,,,,,,,
margin,New Mexico State,scientific_f0_m10,-6.714069440831027,113,0,False,False,,,,,,,,,,,
margin,Old Dominion,scientific_f0_m10,-6.759458993608576,114,0,False,False,,,,,,,,,,,
margin,Ohio,scientific_f0_m10,-6.830787121714733,115,0,False,False,,,,,,,,,,,
margin,Oklahoma State,scientific_f0_m10,-6.952200721385373,116,0,False,False,,,,,,,,,,,
margin,Illinois,scientific_f0_m10,-7.470284485191008,117,0,False,False,,,,,,,,,,,
margin,Coastal Carolina,scientific_f0_m10,-7.724612577290972,118,0,False,False,,,,,,,,,,,
margin,Louisiana Tech,scientific_f0_m10,-7.728804014836383,119,0,False,False,,,,,,,,,,,
margin,Kent State,scientific_f0_m10,-7.8495277840994255,120,0,False,False,,,,,,,,,,,
margin,North Dakota State,scientific_f0_m10,-8.162202232567624,121,0,False,False,,,,,,,,,,,
margin,UTSA,scientific_f0_m10,-8.247806472510877,122,0,False,False,,,,,,,,,,,
margin,San Diego State,scientific_f0_m10,-8.970824121194669,123,0,False,False,,,,,,,,,,,
margin,South Alabama,scientific_f0_m10,-9.055752392133941,124,0,False,False,,,,,,,,,,,
margin,Jacksonville State,scientific_f0_m10,-9.643057457182506,125,0,False,False,,,,,,,,,,,
margin,Ball State,scientific_f0_m10,-11.420829641955457,126,0,False,False,,,,,,,,,,,
margin,Navy,scientific_f0_m10,-11.590843683452803,127,0,False,False,,,,,,,,,,,
margin,Sam Houston,scientific_f0_m10,-11.790712096414492,128,0,False,False,,,,,,,,,,,
margin,Iowa,scientific_f0_m10,-12.806954098472536,129,0,False,False,,,,,,,,,,,
margin,Liberty,scientific_f0_m10,-13.536973344970713,130,0,False,False,,,,,,,,,,,
margin,Hawai'i,scientific_f0_m10,-13.786344428542906,131,0,False,False,,,,,,,,,,,
margin,Georgia Southern,scientific_f0_m10,-14.668605606956465,132,0,False,False,,,,,,,,,,,
margin,Middle Tennessee,scientific_f0_m10,-16.080352274127073,133,0,False,False,,,,,,,,,,,
margin,Army,scientific_f0_m10,-20.834253982517318,134,0,False,False,,,,,,,,,,,
margin,Charlotte,scientific_f0_m10,-21.649548534527135,135,0,False,False,,,,,,,,,,,
margin,James Madison,scientific_f0_m10,-23.94905686473683,136,0,False,False,,,,,,,,,,,
margin,Air Force,scientific_f0_m10,-24.67872960008659,137,0,False,False,,,,,,,,,,,
margin,Akron,scientific_f0_m10,-26.460152977274497,138,0,False,False,,,,,,,,,,,
margin,Georgia,scientific_f1_m1,34.4827801943091,1,25,True,True,,,,,,,,,,,
margin,Texas,scientific_f1_m1,32.72132719541457,2,24,True,False,,,,,,,,,,,
margin,South Carolina,scientific_f1_m1,31.41756013472555,3,23,True,False,,,,,,,,,,,
margin,Virginia Tech,scientific_f1_m1,31.328669869924465,4,22,True,False,,,,,,,,,,,
margin,Ohio State,scientific_f1_m1,30.458778919650765,5,21,True,False,,,,,,,,,,,
margin,Kansas State,scientific_f1_m1,29.755020429529853,6,20,True,False,,,,,,,,,,,
margin,Texas A&M,scientific_f1_m1,29.218045811967357,7,19,True,False,,,,,,,,,,,
margin,Arizona State,scientific_f1_m1,28.91541123849644,8,18,True,False,,,,,,,,,,,
margin,Maryland,scientific_f1_m1,27.919184545312046,9,17,True,False,,,,,,,,,,,
margin,Tennessee,scientific_f1_m1,27.38561895644384,10,16,True,False,,,,,,,,,,,
margin,Alabama,scientific_f1_m1,27.269122272994984,11,15,True,False,,,,,,,,,,,
margin,Florida,scientific_f1_m1,26.658350551987574,12,14,True,False,,,,,,,,,,,
margin,UCF,scientific_f1_m1,26.647491999269057,13,13,True,False,,,,,,,,,,,
margin,LSU,scientific_f1_m1,26.52229572806413,14,12,True,False,,,,,,,,,,,
margin,Oklahoma,scientific_f1_m1,26.067648540577647,15,11,True,False,,,,,,,,,,,
margin,Syracuse,scientific_f1_m1,25.873081675516133,16,10,True,False,,,,,,,,,,,
margin,Louisiana Tech,scientific_f1_m1,25.195278631111673,17,9,True,False,,,,,,,,,,,
margin,Miami,scientific_f1_m1,25.07517278731446,18,8,True,False,,,,,,,,,,,
margin,Mississippi State,scientific_f1_m1,24.868882977717643,19,7,True,False,,,,,,,,,,,
margin,BYU,scientific_f1_m1,24.06223195214589,20,6,True,False,,,,,,,,,,,
margin,Minnesota,scientific_f1_m1,23.47754083353662,21,5,True,False,,,,,,,,,,,
margin,Penn State,scientific_f1_m1,22.831291262828977,22,4,True,False,,,,,,,,,,,
margin,Missouri,scientific_f1_m1,22.82664426061289,23,3,True,False,,,,,,,,,,,
margin,App State,scientific_f1_m1,22.248189443863975,24,2,True,False,,,,,,,,,,,
margin,Utah,scientific_f1_m1,22.166598650786998,25,1,True,False,,,,,,,,,,,
margin,Notre Dame,scientific_f1_m1,19.145676542600324,26,0,False,False,,,,,,,,,,,
margin,Pittsburgh,scientific_f1_m1,18.269374006769983,27,0,False,False,,,,,,,,,,,
margin,UConn,scientific_f1_m1,18.180476123877316,28,0,False,False,,,,,,,,,,,
margin,Sacramento State,scientific_f1_m1,17.885712500149467,29,0,False,False,,,,,,,,,,,
margin,Kansas,scientific_f1_m1,17.883228520080554,30,0,False,False,,,,,,,,,,,
margin,Iowa,scientific_f1_m1,17.661029866455163,31,0,False,False,,,,,,,,,,,
margin,Georgia State,scientific_f1_m1,16.233276245581653,32,0,False,False,,,,,,,,,,,
margin,Southern Miss,scientific_f1_m1,16.099912669738444,33,0,False,False,,,,,,,,,,,
margin,Arizona,scientific_f1_m1,14.414967971825615,34,0,False,False,,,,,,,,,,,
margin,Kentucky,scientific_f1_m1,14.208752360004564,35,0,False,False,,,,,,,,,,,
margin,Jacksonville State,scientific_f1_m1,13.961663962910094,36,0,False,False,,,,,,,,,,,
margin,Nebraska,scientific_f1_m1,13.822936243598352,37,0,False,False,,,,,,,,,,,
margin,Indiana,scientific_f1_m1,13.536014794864144,38,0,False,False,,,,,,,,,,,
margin,Kennesaw State,scientific_f1_m1,13.206471918223745,39,0,False,False,,,,,,,,,,,
margin,Virginia,scientific_f1_m1,12.850841115222597,40,0,False,False,,,,,,,,,,,
margin,Texas Tech,scientific_f1_m1,12.184578946314542,41,0,False,False,,,,,,,,,,,
margin,USC,scientific_f1_m1,12.146617830577277,42,0,False,False,,,,,,,,,,,
margin,Oregon,scientific_f1_m1,11.743188240591799,43,0,False,False,,,,,,,,,,,
margin,Georgia Southern,scientific_f1_m1,11.569682838392433,44,0,False,False,,,,,,,,,,,
margin,Army,scientific_f1_m1,11.101761904810008,45,0,False,False,,,,,,,,,,,
margin,Arkansas,scientific_f1_m1,10.354196650644935,46,0,False,False,,,,,,,,,,,
margin,Rice,scientific_f1_m1,9.917191771002031,47,0,False,False,,,,,,,,,,,
margin,Purdue,scientific_f1_m1,9.897479091497107,48,0,False,False,,,,,,,,,,,
margin,Louisiana,scientific_f1_m1,9.725736148051908,49,0,False,False,,,,,,,,,,,
margin,Florida State,scientific_f1_m1,9.332642433088761,50,0,False,False,,,,,,,,,,,
margin,New Mexico,scientific_f1_m1,9.162041345659876,51,0,False,False,,,,,,,,,,,
margin,Nevada,scientific_f1_m1,9.064464527794037,52,0,False,False,,,,,,,,,,,
margin,San Diego State,scientific_f1_m1,8.854664099377118,53,0,False,False,,,,,,,,,,,
margin,UTSA,scientific_f1_m1,8.351862855962057,54,0,False,False,,,,,,,,,,,
margin,Iowa State,scientific_f1_m1,8.079678328857575,55,0,False,False,,,,,,,,,,,
margin,Vanderbilt,scientific_f1_m1,7.780768874747997,56,0,False,False,,,,,,,,,,,
margin,Temple,scientific_f1_m1,7.749413901179491,57,0,False,False,,,,,,,,,,,
margin,UCLA,scientific_f1_m1,7.265318239949745,58,0,False,False,,,,,,,,,,,
margin,South Alabama,scientific_f1_m1,7.210521536880778,59,0,False,False,,,,,,,,,,,
margin,Wake Forest,scientific_f1_m1,6.828628081723105,60,0,False,False,,,,,,,,,,,
margin,New Mexico State,scientific_f1_m1,6.647627912843474,61,0,False,False,,,,,,,,,,,
margin,Illinois,scientific_f1_m1,6.461316508774539,62,0,False,False,,,,,,,,,,,
margin,Colorado State,scientific_f1_m1,6.447550920566703,63,0,False,False,,,,,,,,,,,
margin,Ole Miss,scientific_f1_m1,6.38331889143001,64,0,False,False,,,,,,,,,,,
margin,Memphis,scientific_f1_m1,6.263793826900786,65,0,False,False,,,,,,,,,,,
margin,Delaware,scientific_f1_m1,5.8941199152696555,66,0,False,False,,,,,,,,,,,
margin,South Florida,scientific_f1_m1,5.665324947050764,67,0,False,False,,,,,,,,,,,
margin,Michigan,scientific_f1_m1,5.413851347517018,68,0,False,False,,,,,,,,,,,
margin,Washington,scientific_f1_m1,5.204198316883925,69,0,False,False,,,,,,,,,,,
margin,Michigan State,scientific_f1_m1,5.178793161027725,70,0,False,False,,,,,,,,,,,
margin,Duke,scientific_f1_m1,5.131514465617231,71,0,False,False,,,,,,,,,,,
margin,North Carolina,scientific_f1_m1,5.111772095608012,72,0,False,False,,,,,,,,,,,
margin,Cincinnati,scientific_f1_m1,5.064080078243009,73,0,False,False,,,,,,,,,,,
margin,North Dakota State,scientific_f1_m1,5.058190058480457,74,0,False,False,,,,,,,,,,,
margin,Houston,scientific_f1_m1,4.98499128660934,75,0,False,False,,,,,,,,,,,
margin,Auburn,scientific_f1_m1,4.131710794040846,76,0,False,False,,,,,,,,,,,
margin,Middle Tennessee,scientific_f1_m1,3.316442262486888,77,0,False,False,,,,,,,,,,,
margin,Northwestern,scientific_f1_m1,3.2739162865485434,78,0,False,False,,,,,,,,,,,
margin,SMU,scientific_f1_m1,3.1066716565393078,79,0,False,False,,,,,,,,,,,
margin,Tulsa,scientific_f1_m1,2.4020534757762744,80,0,False,False,,,,,,,,,,,
margin,Air Force,scientific_f1_m1,2.061858660591005,81,0,False,False,,,,,,,,,,,
margin,West Virginia,scientific_f1_m1,1.9171585386973824,82,0,False,False,,,,,,,,,,,
margin,Baylor,scientific_f1_m1,1.114870343387178,83,0,False,False,,,,,,,,,,,
margin,Georgia Tech,scientific_f1_m1,0.38015757367440184,84,0,False,False,,,,,,,,,,,
margin,Colorado,scientific_f1_m1,0.2856871890763948,85,0,False,False,,,,,,,,,,,
margin,Massachusetts,scientific_f1_m1,-0.1311135544987323,86,0,False,False,,,,,,,,,,,
margin,Old Dominion,scientific_f1_m1,-0.1932824190633946,87,0,False,False,,,,,,,,,,,
margin,Stanford,scientific_f1_m1,-1.7393958730159218,88,0,False,False,,,,,,,,,,,
margin,Eastern Michigan,scientific_f1_m1,-1.9060122950343716,89,0,False,False,,,,,,,,,,,
margin,James Madison,scientific_f1_m1,-2.307001432369156,90,0,False,False,,,,,,,,,,,
margin,TCU,scientific_f1_m1,-2.7787360479951184,91,0,False,False,,,,,,,,,,,
margin,Troy,scientific_f1_m1,-3.4880456009955116,92,0,False,False,,,,,,,,,,,
margin,Western Michigan,scientific_f1_m1,-3.8427256300203263,93,0,False,False,,,,,,,,,,,
margin,Louisville,scientific_f1_m1,-4.253689141547359,94,0,False,False,,,,,,,,,,,
margin,Buffalo,scientific_f1_m1,-4.5595508055587795,95,0,False,False,,,,,,,,,,,
margin,Navy,scientific_f1_m1,-5.392033707394423,96,0,False,False,,,,,,,,,,,
margin,Boise State,scientific_f1_m1,-5.402992239544106,97,0,False,False,,,,,,,,,,,
margin,Liberty,scientific_f1_m1,-6.257119994669897,98,0,False,False,,,,,,,,,,,
margin,UNLV,scientific_f1_m1,-6.785982057966923,99,0,False,False,,,,,,,,,,,
margin,Oklahoma State,scientific_f1_m1,-7.282175247628804,100,0,False,False,,,,,,,,,,,
margin,Rutgers,scientific_f1_m1,-8.09179158462171,101,0,False,False,,,,,,,,,,,
margin,Coastal Carolina,scientific_f1_m1,-8.167804218353162,102,0,False,False,,,,,,,,,,,
margin,Sam Houston,scientific_f1_m1,-8.31207009200634,103,0,False,False,,,,,,,,,,,
margin,Charlotte,scientific_f1_m1,-8.393263077937505,104,0,False,False,,,,,,,,,,,
margin,Florida International,scientific_f1_m1,-8.408596836948664,105,0,False,False,,,,,,,,,,,
margin,Bowling Green,scientific_f1_m1,-8.411427588796311,106,0,False,False,,,,,,,,,,,
margin,California,scientific_f1_m1,-8.74631521641469,107,0,False,False,,,,,,,,,,,
margin,Washington State,scientific_f1_m1,-8.894593793035483,108,0,False,False,,,,,,,,,,,
margin,Tulane,scientific_f1_m1,-10.472548384252754,109,0,False,False,,,,,,,,,,,
margin,NC State,scientific_f1_m1,-10.841102170672187,110,0,False,False,,,,,,,,,,,
margin,Oregon State,scientific_f1_m1,-11.538659784022673,111,0,False,False,,,,,,,,,,,
margin,Wisconsin,scientific_f1_m1,-11.567648792173618,112,0,False,False,,,,,,,,,,,
margin,UAB,scientific_f1_m1,-11.754817311250122,113,0,False,False,,,,,,,,,,,
margin,Boston College,scientific_f1_m1,-11.848901992325626,114,0,False,False,,,,,,,,,,,
margin,Hawai'i,scientific_f1_m1,-12.003218394354388,115,0,False,False,,,,,,,,,,,
margin,Toledo,scientific_f1_m1,-12.647997482882946,116,0,False,False,,,,,,,,,,,
margin,Arkansas State,scientific_f1_m1,-12.73537714059972,117,0,False,False,,,,,,,,,,,
margin,Utah State,scientific_f1_m1,-13.404998224293266,118,0,False,False,,,,,,,,,,,
margin,San José State,scientific_f1_m1,-13.415072760747233,119,0,False,False,,,,,,,,,,,
margin,Akron,scientific_f1_m1,-14.479315383282614,120,0,False,False,,,,,,,,,,,
margin,Clemson,scientific_f1_m1,-16.285147721175747,121,0,False,False,,,,,,,,,,,
margin,Wyoming,scientific_f1_m1,-17.68417500831909,122,0,False,False,,,,,,,,,,,
margin,Western Kentucky,scientific_f1_m1,-19.480295004358595,123,0,False,False,,,,,,,,,,,
margin,Ohio,scientific_f1_m1,-19.750819361703524,124,0,False,False,,,,,,,,,,,
margin,Central Michigan,scientific_f1_m1,-20.43319966272871,125,0,False,False,,,,,,,,,,,
margin,North Texas,scientific_f1_m1,-20.53330388149845,126,0,False,False,,,,,,,,,,,
margin,East Carolina,scientific_f1_m1,-22.469527027243064,127,0,False,False,,,,,,,,,,,
margin,Fresno State,scientific_f1_m1,-24.2084502781036,128,0,False,False,,,,,,,,,,,
margin,Northern Illinois,scientific_f1_m1,-24.917170856472232,129,0,False,False,,,,,,,,,,,
margin,Marshall,scientific_f1_m1,-26.222907105830526,130,0,False,False,,,,,,,,,,,
margin,Florida Atlantic,scientific_f1_m1,-26.43154024753316,131,0,False,False,,,,,,,,,,,
margin,Miami (OH),scientific_f1_m1,-27.416808284146892,132,0,False,False,,,,,,,,,,,
margin,UTEP,scientific_f1_m1,-27.655993049184033,133,0,False,False,,,,,,,,,,,
margin,Texas State,scientific_f1_m1,-28.18504704780675,134,0,False,False,,,,,,,,,,,
margin,Ball State,scientific_f1_m1,-29.715159949890268,135,0,False,False,,,,,,,,,,,
margin,UL Monroe,scientific_f1_m1,-29.75954438518809,136,0,False,False,,,,,,,,,,,
margin,Missouri State,scientific_f1_m1,-30.79440735066746,137,0,False,False,,,,,,,,,,,
margin,Kent State,scientific_f1_m1,-33.923768859445765,138,0,False,False,,,,,,,,,,,
margin,Georgia,scientific_f1_m2,37.870317398525664,1,25,True,True,,,,,,,,,,,
margin,Texas,scientific_f1_m2,36.23075276379969,2,24,True,False,,,,,,,,,,,
margin,Ohio State,scientific_f1_m2,33.122827892396025,3,23,True,False,,,,,,,,,,,
margin,Virginia Tech,scientific_f1_m2,32.75478087578453,4,22,True,False,,,,,,,,,,,
margin,South Carolina,scientific_f1_m2,32.58192031679954,5,21,True,False,,,,,,,,,,,
margin,Maryland,scientific_f1_m2,29.90217992628505,6,20,True,False,,,,,,,,,,,
margin,Florida,scientific_f1_m2,29.808073054671837,7,19,True,False,,,,,,,,,,,
margin,Kansas State,scientific_f1_m2,29.79243126467677,8,18,True,False,,,,,,,,,,,
margin,Arizona State,scientific_f1_m2,29.641531717857568,9,17,True,False,,,,,,,,,,,
margin,UCF,scientific_f1_m2,29.203928233258395,10,16,True,False,,,,,,,,,,,
margin,Syracuse,scientific_f1_m2,28.68848262507405,11,15,True,False,,,,,,,,,,,
margin,Texas A&M,scientific_f1_m2,28.48533081012549,12,14,True,False,,,,,,,,,,,
margin,Alabama,scientific_f1_m2,28.211108729855354,13,13,True,False,,,,,,,,,,,
margin,LSU,scientific_f1_m2,28.20848604179762,14,12,True,False,,,,,,,,,,,
margin,Tennessee,scientific_f1_m2,28.07348374186372,15,11,True,False,,,,,,,,,,,
margin,Mississippi State,scientific_f1_m2,27.653976478396686,16,10,True,False,,,,,,,,,,,
margin,Oklahoma,scientific_f1_m2,27.402593417042908,17,9,True,False,,,,,,,,,,,
margin,Minnesota,scientific_f1_m2,26.908188718411992,18,8,True,False,,,,,,,,,,,
margin,BYU,scientific_f1_m2,26.36341708935383,19,7,True,False,,,,,,,,,,,
margin,Louisiana Tech,scientific_f1_m2,25.63395092241413,20,6,True,False,,,,,,,,,,,
margin,Miami,scientific_f1_m2,24.77914677882761,21,5,True,False,,,,,,,,,,,
margin,Utah,scientific_f1_m2,23.99785055421534,22,4,True,False,,,,,,,,,,,
margin,App State,scientific_f1_m2,23.79954170868043,23,3,True,False,,,,,,,,,,,
margin,Penn State,scientific_f1_m2,23.24180469757804,24,2,True,False,,,,,,,,,,,
margin,Missouri,scientific_f1_m2,23.165728220505336,25,1,True,False,,,,,,,,,,,
margin,Pittsburgh,scientific_f1_m2,20.284370224570687,26,0,False,False,,,,,,,,,,,
margin,Notre Dame,scientific_f1_m2,20.150216207788418,27,0,False,False,,,,,,,,,,,
margin,UConn,scientific_f1_m2,20.03938978009002,28,0,False,False,,,,,,,,,,,
margin,Iowa,scientific_f1_m2,19.25751486051793,29,0,False,False,,,,,,,,,,,
margin,Kansas,scientific_f1_m2,19.228340773021188,30,0,False,False,,,,,,,,,,,
margin,Georgia State,scientific_f1_m2,18.91178291373562,31,0,False,False,,,,,,,,,,,
margin,Sacramento State,scientific_f1_m2,17.694143157396,32,0,False,False,,,,,,,,,,,
margin,Southern Miss,scientific_f1_m2,16.928973215989807,33,0,False,False,,,,,,,,,,,
margin,Army,scientific_f1_m2,16.21458153799616,34,0,False,False,,,,,,,,,,,
margin,Jacksonville State,scientific_f1_m2,14.986344239528965,35,0,False,False,,,,,,,,,,,
margin,Kentucky,scientific_f1_m2,14.710807849962071,36,0,False,False,,,,,,,,,,,
margin,Indiana,scientific_f1_m2,14.026743845214348,37,0,False,False,,,,,,,,,,,
margin,Nebraska,scientific_f1_m2,13.967254807405588,38,0,False,False,,,,,,,,,,,
margin,Kennesaw State,scientific_f1_m2,13.469028348862276,39,0,False,False,,,,,,,,,,,
margin,Arizona,scientific_f1_m2,13.245882438031886,40,0,False,False,,,,,,,,,,,
margin,Texas Tech,scientific_f1_m2,13.047591062242265,41,0,False,False,,,,,,,,,,,
margin,Virginia,scientific_f1_m2,12.11190847884683,42,0,False,False,,,,,,,,,,,
margin,Georgia Southern,scientific_f1_m2,11.073126996983508,43,0,False,False,,,,,,,,,,,
margin,USC,scientific_f1_m2,10.702511639786849,44,0,False,False,,,,,,,,,,,
margin,Oregon,scientific_f1_m2,10.563434933963102,45,0,False,False,,,,,,,,,,,
margin,Purdue,scientific_f1_m2,10.502711619853732,46,0,False,False,,,,,,,,,,,
margin,Louisiana,scientific_f1_m2,9.982834824469217,47,0,False,False,,,,,,,,,,,
margin,Nevada,scientific_f1_m2,9.784176897889557,48,0,False,False,,,,,,,,,,,
margin,New Mexico,scientific_f1_m2,9.376602004339533,49,0,False,False,,,,,,,,,,,
margin,San Diego State,scientific_f1_m2,9.053091245574073,50,0,False,False,,,,,,,,,,,
margin,Rice,scientific_f1_m2,8.327937772137782,51,0,False,False,,,,,,,,,,,
margin,UTSA,scientific_f1_m2,7.969709051157574,52,0,False,False,,,,,,,,,,,
margin,Florida State,scientific_f1_m2,7.951675366622161,53,0,False,False,,,,,,,,,,,
margin,New Mexico State,scientific_f1_m2,7.945688145722078,54,0,False,False,,,,,,,,,,,
margin,Temple,scientific_f1_m2,7.533099802880654,55,0,False,False,,,,,,,,,,,
margin,Ole Miss,scientific_f1_m2,7.155401220957275,56,0,False,False,,,,,,,,,,,
margin,Vanderbilt,scientific_f1_m2,7.052311245006206,57,0,False,False,,,,,,,,,,,
margin,South Alabama,scientific_f1_m2,6.936795719141299,58,0,False,False,,,,,,,,,,,
margin,Delaware,scientific_f1_m2,6.789443005065431,59,0,False,False,,,,,,,,,,,
margin,Wake Forest,scientific_f1_m2,6.7128196506120235,60,0,False,False,,,,,,,,,,,
margin,Iowa State,scientific_f1_m2,6.651709328815469,61,0,False,False,,,,,,,,,,,
margin,Colorado State,scientific_f1_m2,6.256516309263127,62,0,False,False,,,,,,,,,,,
margin,Illinois,scientific_f1_m2,6.255111557234893,63,0,False,False,,,,,,,,,,,
margin,UCLA,scientific_f1_m2,6.032739920612894,64,0,False,False,,,,,,,,,,,
margin,Arkansas,scientific_f1_m2,6.006977973434567,65,0,False,False,,,,,,,,,,,
margin,North Dakota State,scientific_f1_m2,5.782955871947836,66,0,False,False,,,,,,,,,,,
margin,South Florida,scientific_f1_m2,5.372271292271869,67,0,False,False,,,,,,,,,,,
margin,Michigan,scientific_f1_m2,4.373556186165324,68,0,False,False,,,,,,,,,,,
margin,Cincinnati,scientific_f1_m2,4.342849326925595,69,0,False,False,,,,,,,,,,,
margin,Memphis,scientific_f1_m2,4.2875904704356245,70,0,False,False,,,,,,,,,,,
margin,Houston,scientific_f1_m2,3.4018060673177994,71,0,False,False,,,,,,,,,,,
margin,Air Force,scientific_f1_m2,3.1978454487873833,72,0,False,False,,,,,,,,,,,
margin,Washington,scientific_f1_m2,3.0495065188180073,73,0,False,False,,,,,,,,,,,
margin,Duke,scientific_f1_m2,2.9967231133033065,74,0,False,False,,,,,,,,,,,
margin,Middle Tennessee,scientific_f1_m2,2.797972802321888,75,0,False,False,,,,,,,,,,,
margin,Michigan State,scientific_f1_m2,2.538838762368647,76,0,False,False,,,,,,,,,,,
margin,Auburn,scientific_f1_m2,2.0687621237453433,77,0,False,False,,,,,,,,,,,
margin,Northwestern,scientific_f1_m2,2.013346787102755,78,0,False,False,,,,,,,,,,,
margin,North Carolina,scientific_f1_m2,1.8946359061747464,79,0,False,False,,,,,,,,,,,
margin,Tulsa,scientific_f1_m2,0.8670171771232082,80,0,False,False,,,,,,,,,,,
margin,SMU,scientific_f1_m2,0.44927108723010223,81,0,False,False,,,,,,,,,,,
margin,Massachusetts,scientific_f1_m2,-0.33103447724111756,82,0,False,False,,,,,,,,,,,
margin,West Virginia,scientific_f1_m2,-0.3384562770844677,83,0,False,False,,,,,,,,,,,
margin,Colorado,scientific_f1_m2,-0.9463270449209205,84,0,False,False,,,,,,,,,,,
margin,Baylor,scientific_f1_m2,-1.0816570507097012,85,0,False,False,,,,,,,,,,,
margin,Georgia Tech,scientific_f1_m2,-1.4862347946878023,86,0,False,False,,,,,,,,,,,
margin,Old Dominion,scientific_f1_m2,-1.6641706714952935,87,0,False,False,,,,,,,,,,,
margin,Navy,scientific_f1_m2,-1.6947188829841817,88,0,False,False,,,,,,,,,,,
margin,Stanford,scientific_f1_m2,-2.852741736094985,89,0,False,False,,,,,,,,,,,
margin,Eastern Michigan,scientific_f1_m2,-4.010976388635401,90,0,False,False,,,,,,,,,,,
margin,Louisville,scientific_f1_m2,-4.089242180707743,91,0,False,False,,,,,,,,,,,
margin,James Madison,scientific_f1_m2,-4.3594931751615285,92,0,False,False,,,,,,,,,,,
margin,TCU,scientific_f1_m2,-4.848072422168507,93,0,False,False,,,,,,,,,,,
margin,Troy,scientific_f1_m2,-5.300541589757316,94,0,False,False,,,,,,,,,,,
margin,Western Michigan,scientific_f1_m2,-5.95528320459754,95,0,False,False,,,,,,,,,,,
margin,Buffalo,scientific_f1_m2,-5.960856151890255,96,0,False,False,,,,,,,,,,,
margin,Boise State,scientific_f1_m2,-6.517893433477115,97,0,False,False,,,,,,,,,,,
margin,Charlotte,scientific_f1_m2,-7.398476311610807,98,0,False,False,,,,,,,,,,,
margin,UNLV,scientific_f1_m2,-9.047191573930977,99,0,False,False,,,,,,,,,,,
margin,Liberty,scientific_f1_m2,-9.067099748186013,100,0,False,False,,,,,,,,,,,
margin,Florida International,scientific_f1_m2,-9.384587172523714,101,0,False,False,,,,,,,,,,,
margin,Oklahoma State,scientific_f1_m2,-9.442856275687621,102,0,False,False,,,,,,,,,,,
margin,Sam Houston,scientific_f1_m2,-9.549974565311171,103,0,False,False,,,,,,,,,,,
margin,California,scientific_f1_m2,-9.97077213566302,104,0,False,False,,,,,,,,,,,
margin,Washington State,scientific_f1_m2,-10.433988455247857,105,0,False,False,,,,,,,,,,,
margin,Rutgers,scientific_f1_m2,-10.741552779079084,106,0,False,False,,,,,,,,,,,
margin,Tulane,scientific_f1_m2,-10.844173953791806,107,0,False,False,,,,,,,,,,,
margin,Coastal Carolina,scientific_f1_m2,-10.867337865111324,108,0,False,False,,,,,,,,,,,
margin,Hawai'i,scientific_f1_m2,-11.756447155761013,109,0,False,False,,,,,,,,,,,
margin,Bowling Green,scientific_f1_m2,-12.002285234650476,110,0,False,False,,,,,,,,,,,
margin,Boston College,scientific_f1_m2,-12.587799257725816,111,0,False,False,,,,,,,,,,,
margin,NC State,scientific_f1_m2,-12.756403239320605,112,0,False,False,,,,,,,,,,,
margin,Toledo,scientific_f1_m2,-12.927556388210109,113,0,False,False,,,,,,,,,,,
margin,Oregon State,scientific_f1_m2,-13.059137332844957,114,0,False,False,,,,,,,,,,,
margin,Arkansas State,scientific_f1_m2,-13.502765399095269,115,0,False,False,,,,,,,,,,,
margin,UAB,scientific_f1_m2,-13.96659729462833,116,0,False,False,,,,,,,,,,,
margin,Wisconsin,scientific_f1_m2,-14.22433206589542,117,0,False,False,,,,,,,,,,,
margin,San José State,scientific_f1_m2,-14.711476719096362,118,0,False,False,,,,,,,,,,,
margin,Clemson,scientific_f1_m2,-15.062193639374906,119,0,False,False,,,,,,,,,,,
margin,Utah State,scientific_f1_m2,-15.563170685571086,120,0,False,False,,,,,,,,,,,
margin,Akron,scientific_f1_m2,-16.684312804621847,121,0,False,False,,,,,,,,,,,
margin,Wyoming,scientific_f1_m2,-19.15154188542389,122,0,False,False,,,,,,,,,,,
margin,Ohio,scientific_f1_m2,-19.555695057256592,123,0,False,False,,,,,,,,,,,
margin,Western Kentucky,scientific_f1_m2,-19.915314833112745,124,0,False,False,,,,,,,,,,,
margin,Central Michigan,scientific_f1_m2,-20.447247552520587,125,0,False,False,,,,,,,,,,,
margin,North Texas,scientific_f1_m2,-20.740499192029617,126,0,False,False,,,,,,,,,,,
margin,Marshall,scientific_f1_m2,-21.059409287651732,127,0,False,False,,,,,,,,,,,
margin,UTEP,scientific_f1_m2,-21.82735093385093,128,0,False,False,,,,,,,,,,,
margin,East Carolina,scientific_f1_m2,-21.991710949671827,129,0,False,False,,,,,,,,,,,
margin,Fresno State,scientific_f1_m2,-22.502592419307113,130,0,False,False,,,,,,,,,,,
margin,Florida Atlantic,scientific_f1_m2,-22.595772829687853,131,0,False,False,,,,,,,,,,,
margin,Northern Illinois,scientific_f1_m2,-22.86437400583224,132,0,False,False,,,,,,,,,,,
margin,Texas State,scientific_f1_m2,-23.451321510372786,133,0,False,False,,,,,,,,,,,
margin,Ball State,scientific_f1_m2,-23.939010427864957,134,0,False,False,,,,,,,,,,,
margin,Miami (OH),scientific_f1_m2,-25.042245480255886,135,0,False,False,,,,,,,,,,,
margin,UL Monroe,scientific_f1_m2,-25.98528114776753,136,0,False,False,,,,,,,,,,,
margin,Missouri State,scientific_f1_m2,-26.36994623569293,137,0,False,False,,,,,,,,,,,
margin,Kent State,scientific_f1_m2,-26.576156407794862,138,0,False,False,,,,,,,,,,,
margin,Georgia,scientific_f1_m3,32.676747258297254,1,25,True,True,,,,,,,,,,,
margin,BYU,scientific_f1_m3,30.052366666666664,2,24,True,False,,,,,,,,,,,
margin,Texas,scientific_f1_m3,28.483750000000004,3,23,True,False,,,,,,,,,,,
margin,Arizona State,scientific_f1_m3,27.80551558441558,4,22,True,False,,,,,,,,,,,
margin,Ohio State,scientific_f1_m3,27.039760317460324,5,21,True,False,,,,,,,,,,,
margin,South Carolina,scientific_f1_m3,26.550266666666673,6,20,True,False,,,,,,,,,,,
margin,Maryland,scientific_f1_m3,26.416969047619038,7,19,True,False,,,,,,,,,,,
margin,LSU,scientific_f1_m3,25.199626190476188,8,18,True,False,,,,,,,,,,,
margin,Penn State,scientific_f1_m3,25.185165079365074,9,17,True,False,,,,,,,,,,,
margin,Florida,scientific_f1_m3,25.148294444444453,10,16,True,False,,,,,,,,,,,
margin,Texas A&M,scientific_f1_m3,24.103149711399713,11,15,True,False,,,,,,,,,,,
margin,Mississippi State,scientific_f1_m3,24.057404761904753,12,14,True,False,,,,,,,,,,,
margin,UCF,scientific_f1_m3,24.045838888888902,13,13,True,False,,,,,,,,,,,
margin,Kansas State,scientific_f1_m3,23.163295743145742,14,12,True,False,,,,,,,,,,,
margin,Tennessee,scientific_f1_m3,22.970490476190488,15,11,True,False,,,,,,,,,,,
margin,Pittsburgh,scientific_f1_m3,22.742130952380922,16,10,True,False,,,,,,,,,,,
margin,Kansas,scientific_f1_m3,22.632701587301597,17,9,True,False,,,,,,,,,,,
margin,Miami,scientific_f1_m3,22.20866666666667,18,8,True,False,,,,,,,,,,,
margin,Virginia Tech,scientific_f1_m3,22.030232251082257,19,7,True,False,,,,,,,,,,,
margin,Alabama,scientific_f1_m3,21.44722857142856,20,6,True,False,,,,,,,,,,,
margin,Utah,scientific_f1_m3,21.32166197691197,21,5,True,False,,,,,,,,,,,
margin,Syracuse,scientific_f1_m3,21.14892936507937,22,4,True,False,,,,,,,,,,,
margin,Iowa,scientific_f1_m3,21.142000793650794,23,3,True,False,,,,,,,,,,,
margin,Missouri,scientific_f1_m3,20.85379603174604,24,2,True,False,,,,,,,,,,,
margin,Notre Dame,scientific_f1_m3,20.85271796536797,25,1,True,False,,,,,,,,,,,
margin,App State,scientific_f1_m3,20.68174891774893,26,0,False,False,,,,,,,,,,,
margin,Georgia State,scientific_f1_m3,20.63060238095237,27,0,False,False,,,,,,,,,,,
margin,Oklahoma,scientific_f1_m3,20.512634920634927,28,0,False,False,,,,,,,,,,,
margin,Sacramento State,scientific_f1_m3,20.45341746031746,29,0,False,False,,,,,,,,,,,
margin,Army,scientific_f1_m3,20.31052142857142,30,0,False,False,,,,,,,,,,,
margin,Louisiana Tech,scientific_f1_m3,20.30659761904762,31,0,False,False,,,,,,,,,,,
margin,Minnesota,scientific_f1_m3,20.277457936507943,32,0,False,False,,,,,,,,,,,
margin,Southern Miss,scientific_f1_m3,19.31971428571428,33,0,False,False,,,,,,,,,,,
margin,Indiana,scientific_f1_m3,17.091598701298697,34,0,False,False,,,,,,,,,,,
margin,UConn,scientific_f1_m3,16.28829841269842,35,0,False,False,,,,,,,,,,,
margin,Kennesaw State,scientific_f1_m3,15.841919841269842,36,0,False,False,,,,,,,,,,,
margin,Nebraska,scientific_f1_m3,14.928511904761896,37,0,False,False,,,,,,,,,,,
margin,Virginia,scientific_f1_m3,14.817263059163054,38,0,False,False,,,,,,,,,,,
margin,Arizona,scientific_f1_m3,14.718919408369416,39,0,False,False,,,,,,,,,,,
margin,UTSA,scientific_f1_m3,14.07364365079366,40,0,False,False,,,,,,,,,,,
margin,Jacksonville State,scientific_f1_m3,13.733430952380955,41,0,False,False,,,,,,,,,,,
margin,Kentucky,scientific_f1_m3,13.709938888888887,42,0,False,False,,,,,,,,,,,
margin,USC,scientific_f1_m3,13.110984920634928,43,0,False,False,,,,,,,,,,,
margin,Iowa State,scientific_f1_m3,12.533973304473308,44,0,False,False,,,,,,,,,,,
margin,Nevada,scientific_f1_m3,12.287056349206363,45,0,False,False,,,,,,,,,,,
margin,Purdue,scientific_f1_m3,12.229643650793648,46,0,False,False,,,,,,,,,,,
margin,New Mexico State,scientific_f1_m3,12.184449206349207,47,0,False,False,,,,,,,,,,,
margin,Texas Tech,scientific_f1_m3,11.594002380952377,48,0,False,False,,,,,,,,,,,
margin,San Diego State,scientific_f1_m3,10.270369047619042,49,0,False,False,,,,,,,,,,,
margin,Michigan,scientific_f1_m3,9.916426791488089,50,0,False,False,,,,,,,,,,,
margin,Michigan State,scientific_f1_m3,9.610648534798527,51,0,False,False,,,,,,,,,,,
margin,Arkansas,scientific_f1_m3,9.445265608465617,52,0,False,False,,,,,,,,,,,
margin,Louisiana,scientific_f1_m3,8.46624008345606,53,0,False,False,,,,,,,,,,,
margin,Delaware,scientific_f1_m3,8.411325108225109,54,0,False,False,,,,,,,,,,,
margin,Georgia Southern,scientific_f1_m3,8.399973160173158,55,0,False,False,,,,,,,,,,,
margin,Auburn,scientific_f1_m3,8.26545406162465,56,0,False,False,,,,,,,,,,,
margin,Rice,scientific_f1_m3,8.123346334099011,57,0,False,False,,,,,,,,,,,
margin,Memphis,scientific_f1_m3,7.937886507936514,58,0,False,False,,,,,,,,,,,
margin,Air Force,scientific_f1_m3,7.792376984126985,59,0,False,False,,,,,,,,,,,
margin,UCLA,scientific_f1_m3,7.293461111111114,60,0,False,False,,,,,,,,,,,
margin,Florida State,scientific_f1_m3,7.098867460317458,61,0,False,False,,,,,,,,,,,
margin,Temple,scientific_f1_m3,6.5295692640692655,62,0,False,False,,,,,,,,,,,
margin,South Florida,scientific_f1_m3,6.515065201465201,63,0,False,False,,,,,,,,,,,
margin,Colorado State,scientific_f1_m3,6.37843388278388,64,0,False,False,,,,,,,,,,,
margin,South Alabama,scientific_f1_m3,6.067236507936509,65,0,False,False,,,,,,,,,,,
margin,Illinois,scientific_f1_m3,6.0049571428571396,66,0,False,False,,,,,,,,,,,
margin,Navy,scientific_f1_m3,5.942193650793649,67,0,False,False,,,,,,,,,,,
margin,New Mexico,scientific_f1_m3,5.815960317460315,68,0,False,False,,,,,,,,,,,
margin,Cincinnati,scientific_f1_m3,5.447580952380951,69,0,False,False,,,,,,,,,,,
margin,Middle Tennessee,scientific_f1_m3,4.8394649683649735,70,0,False,False,,,,,,,,,,,
margin,Wake Forest,scientific_f1_m3,4.500929365079367,71,0,False,False,,,,,,,,,,,
margin,North Dakota State,scientific_f1_m3,4.425212121212122,72,0,False,False,,,,,,,,,,,
margin,Houston,scientific_f1_m3,4.350572972305689,73,0,False,False,,,,,,,,,,,
margin,Duke,scientific_f1_m3,3.9571381784881763,74,0,False,False,,,,,,,,,,,
margin,Washington,scientific_f1_m3,3.767707498573775,75,0,False,False,,,,,,,,,,,
margin,Northwestern,scientific_f1_m3,3.627589682539684,76,0,False,False,,,,,,,,,,,
margin,Stanford,scientific_f1_m3,3.3439388888888892,77,0,False,False,,,,,,,,,,,
margin,Vanderbilt,scientific_f1_m3,3.2761848516218075,78,0,False,False,,,,,,,,,,,
margin,West Virginia,scientific_f1_m3,3.180699206349207,79,0,False,False,,,,,,,,,,,
margin,North Carolina,scientific_f1_m3,2.5444047619047625,80,0,False,False,,,,,,,,,,,
margin,Clemson,scientific_f1_m3,2.285326551226551,81,0,False,False,,,,,,,,,,,
margin,Ole Miss,scientific_f1_m3,2.2724246031746036,82,0,False,False,,,,,,,,,,,
margin,Colorado,scientific_f1_m3,2.1074666666666655,83,0,False,False,,,,,,,,,,,
margin,Oregon,scientific_f1_m3,1.9736230158730155,84,0,False,False,,,,,,,,,,,
margin,Massachusetts,scientific_f1_m3,1.281757142857142,85,0,False,False,,,,,,,,,,,
margin,Baylor,scientific_f1_m3,0.7012515873015872,86,0,False,False,,,,,,,,,,,
margin,Tulsa,scientific_f1_m3,0.6623785921728113,87,0,False,False,,,,,,,,,,,
margin,Eastern Michigan,scientific_f1_m3,-1.0619380952380952,88,0,False,False,,,,,,,,,,,
margin,TCU,scientific_f1_m3,-1.7617126984126983,89,0,False,False,,,,,,,,,,,
margin,SMU,scientific_f1_m3,-1.77542619047619,90,0,False,False,,,,,,,,,,,
margin,Georgia Tech,scientific_f1_m3,-1.9314992063492054,91,0,False,False,,,,,,,,,,,
margin,Western Michigan,scientific_f1_m3,-2.4871571428571415,92,0,False,False,,,,,,,,,,,
margin,Old Dominion,scientific_f1_m3,-2.788557936507936,93,0,False,False,,,,,,,,,,,
margin,Buffalo,scientific_f1_m3,-2.968099639249638,94,0,False,False,,,,,,,,,,,
margin,James Madison,scientific_f1_m3,-4.957433056927423,95,0,False,False,,,,,,,,,,,
margin,Liberty,scientific_f1_m3,-5.084789754689757,96,0,False,False,,,,,,,,,,,
margin,UNLV,scientific_f1_m3,-5.49682857142857,97,0,False,False,,,,,,,,,,,
margin,Troy,scientific_f1_m3,-7.00905634920635,98,0,False,False,,,,,,,,,,,
margin,NC State,scientific_f1_m3,-7.404140476190481,99,0,False,False,,,,,,,,,,,
margin,Boise State,scientific_f1_m3,-7.672926190476187,100,0,False,False,,,,,,,,,,,
margin,Louisville,scientific_f1_m3,-8.837946031746027,101,0,False,False,,,,,,,,,,,
margin,Bowling Green,scientific_f1_m3,-9.304500360750358,102,0,False,False,,,,,,,,,,,
margin,Tulane,scientific_f1_m3,-9.967955555555562,103,0,False,False,,,,,,,,,,,
margin,Sam Houston,scientific_f1_m3,-10.42291244311245,104,0,False,False,,,,,,,,,,,
margin,Coastal Carolina,scientific_f1_m3,-10.573264285714288,105,0,False,False,,,,,,,,,,,
margin,Charlotte,scientific_f1_m3,-10.621826190476188,106,0,False,False,,,,,,,,,,,
margin,Florida International,scientific_f1_m3,-11.006775180375179,107,0,False,False,,,,,,,,,,,
margin,North Texas,scientific_f1_m3,-11.897842063492062,108,0,False,False,,,,,,,,,,,
margin,UAB,scientific_f1_m3,-12.279223015873006,109,0,False,False,,,,,,,,,,,
margin,Rutgers,scientific_f1_m3,-12.331393650793657,110,0,False,False,,,,,,,,,,,
margin,Oregon State,scientific_f1_m3,-12.382272799422795,111,0,False,False,,,,,,,,,,,
margin,Wisconsin,scientific_f1_m3,-12.443759523809524,112,0,False,False,,,,,,,,,,,
margin,Oklahoma State,scientific_f1_m3,-13.192003968253973,113,0,False,False,,,,,,,,,,,
margin,Toledo,scientific_f1_m3,-13.395285064935054,114,0,False,False,,,,,,,,,,,
margin,California,scientific_f1_m3,-13.47208088023089,115,0,False,False,,,,,,,,,,,
margin,Hawai'i,scientific_f1_m3,-13.874763780663786,116,0,False,False,,,,,,,,,,,
margin,Washington State,scientific_f1_m3,-14.373853968253975,117,0,False,False,,,,,,,,,,,
margin,Central Michigan,scientific_f1_m3,-16.065853174603166,118,0,False,False,,,,,,,,,,,
margin,Fresno State,scientific_f1_m3,-16.75863095238095,119,0,False,False,,,,,,,,,,,
margin,Florida Atlantic,scientific_f1_m3,-16.898040476190474,120,0,False,False,,,,,,,,,,,
margin,Miami (OH),scientific_f1_m3,-17.60455555555555,121,0,False,False,,,,,,,,,,,
margin,Boston College,scientific_f1_m3,-18.07896666666666,122,0,False,False,,,,,,,,,,,
margin,Utah State,scientific_f1_m3,-18.23232857142859,123,0,False,False,,,,,,,,,,,
margin,San José State,scientific_f1_m3,-18.730100793650788,124,0,False,False,,,,,,,,,,,
margin,Arkansas State,scientific_f1_m3,-19.441428571428588,125,0,False,False,,,,,,,,,,,
margin,East Carolina,scientific_f1_m3,-19.51636147186147,126,0,False,False,,,,,,,,,,,
margin,Ohio,scientific_f1_m3,-20.233407936507945,127,0,False,False,,,,,,,,,,,
margin,Texas State,scientific_f1_m3,-20.253279365079365,128,0,False,False,,,,,,,,,,,
margin,Ball State,scientific_f1_m3,-20.517239682539685,129,0,False,False,,,,,,,,,,,
margin,UL Monroe,scientific_f1_m3,-20.756062698412713,130,0,False,False,,,,,,,,,,,
margin,Marshall,scientific_f1_m3,-20.952809523809524,131,0,False,False,,,,,,,,,,,
margin,UTEP,scientific_f1_m3,-21.259064285714285,132,0,False,False,,,,,,,,,,,
margin,Wyoming,scientific_f1_m3,-21.71976507936509,133,0,False,False,,,,,,,,,,,
margin,Kent State,scientific_f1_m3,-21.760453174603175,134,0,False,False,,,,,,,,,,,
margin,Northern Illinois,scientific_f1_m3,-22.3268126984127,135,0,False,False,,,,,,,,,,,
margin,Akron,scientific_f1_m3,-23.41358650793652,136,0,False,False,,,,,,,,,,,
margin,Western Kentucky,scientific_f1_m3,-24.222592857142843,137,0,False,False,,,,,,,,,,,
margin,Missouri State,scientific_f1_m3,-25.727758080808073,138,0,False,False,,,,,,,,,,,
margin,Georgia,scientific_f1_m4,32.03144734976817,1,25,True,True,,,,,,,,,,,
margin,Texas,scientific_f1_m4,30.03035201492593,2,24,True,False,,,,,,,,,,,
margin,Texas A&M,scientific_f1_m4,28.78972293752226,3,23,True,False,,,,,,,,,,,
margin,Ohio State,scientific_f1_m4,27.598253286057226,4,22,True,False,,,,,,,,,,,
margin,South Carolina,scientific_f1_m4,27.257144404309226,5,21,True,False,,,,,,,,,,,
margin,LSU,scientific_f1_m4,27.192783357080025,6,20,True,False,,,,,,,,,,,
margin,Florida,scientific_f1_m4,27.083214074720658,7,19,True,False,,,,,,,,,,,
margin,Maryland,scientific_f1_m4,26.66594021787761,8,18,True,False,,,,,,,,,,,
margin,Alabama,scientific_f1_m4,26.657347958028478,9,17,True,False,,,,,,,,,,,
margin,BYU,scientific_f1_m4,26.096835570244053,10,16,True,False,,,,,,,,,,,
margin,Kansas State,scientific_f1_m4,25.87895550512514,11,15,True,False,,,,,,,,,,,
margin,Mississippi State,scientific_f1_m4,25.10213176661076,12,14,True,False,,,,,,,,,,,
margin,Oklahoma,scientific_f1_m4,24.61658123490391,13,13,True,False,,,,,,,,,,,
margin,Arizona State,scientific_f1_m4,24.44413504786829,14,12,True,False,,,,,,,,,,,
margin,Penn State,scientific_f1_m4,24.430866128803142,15,11,True,False,,,,,,,,,,,
margin,Utah,scientific_f1_m4,24.11004907311548,16,10,True,False,,,,,,,,,,,
margin,Syracuse,scientific_f1_m4,24.071893400160356,17,9,True,False,,,,,,,,,,,
margin,Tennessee,scientific_f1_m4,24.04985235603963,18,8,True,False,,,,,,,,,,,
margin,Virginia Tech,scientific_f1_m4,23.631403709198246,19,7,True,False,,,,,,,,,,,
margin,Minnesota,scientific_f1_m4,22.95449595343066,20,6,True,False,,,,,,,,,,,
margin,Iowa,scientific_f1_m4,22.164825493979063,21,5,True,False,,,,,,,,,,,
margin,Miami,scientific_f1_m4,21.906425097905203,22,4,True,False,,,,,,,,,,,
margin,Kansas,scientific_f1_m4,21.76000720269089,23,3,True,False,,,,,,,,,,,
margin,Missouri,scientific_f1_m4,21.291214940087833,24,2,True,False,,,,,,,,,,,
margin,Southern Miss,scientific_f1_m4,20.90188703997566,25,1,True,False,,,,,,,,,,,
margin,Sacramento State,scientific_f1_m4,19.9703112371965,26,0,False,False,,,,,,,,,,,
margin,App State,scientific_f1_m4,19.87306088190608,27,0,False,False,,,,,,,,,,,
margin,Notre Dame,scientific_f1_m4,19.616573745777085,28,0,False,False,,,,,,,,,,,
margin,Indiana,scientific_f1_m4,19.572232531149425,29,0,False,False,,,,,,,,,,,
margin,UCF,scientific_f1_m4,19.34060016423961,30,0,False,False,,,,,,,,,,,
margin,Pittsburgh,scientific_f1_m4,18.780281236480864,31,0,False,False,,,,,,,,,,,
margin,Louisiana Tech,scientific_f1_m4,17.892576752517673,32,0,False,False,,,,,,,,,,,
margin,Georgia State,scientific_f1_m4,17.402588471855882,33,0,False,False,,,,,,,,,,,
margin,Army,scientific_f1_m4,16.652323728709305,34,0,False,False,,,,,,,,,,,
margin,UConn,scientific_f1_m4,16.29371425464339,35,0,False,False,,,,,,,,,,,
margin,Nebraska,scientific_f1_m4,15.691556101993926,36,0,False,False,,,,,,,,,,,
margin,Nevada,scientific_f1_m4,15.216490067905449,37,0,False,False,,,,,,,,,,,
margin,New Mexico State,scientific_f1_m4,14.394258375695998,38,0,False,False,,,,,,,,,,,
margin,USC,scientific_f1_m4,13.88002556157464,39,0,False,False,,,,,,,,,,,
margin,Delaware,scientific_f1_m4,13.678020128767852,40,0,False,False,,,,,,,,,,,
margin,Arizona,scientific_f1_m4,13.584162869222938,41,0,False,False,,,,,,,,,,,
margin,Jacksonville State,scientific_f1_m4,13.42496363720391,42,0,False,False,,,,,,,,,,,
margin,Virginia,scientific_f1_m4,12.851085611528816,43,0,False,False,,,,,,,,,,,
margin,Texas Tech,scientific_f1_m4,12.200769456405114,44,0,False,False,,,,,,,,,,,
margin,UTSA,scientific_f1_m4,11.707502857306409,45,0,False,False,,,,,,,,,,,
margin,Kentucky,scientific_f1_m4,11.503535515629801,46,0,False,False,,,,,,,,,,,
margin,Purdue,scientific_f1_m4,10.788857313899594,47,0,False,False,,,,,,,,,,,
margin,Kennesaw State,scientific_f1_m4,10.739255747665524,48,0,False,False,,,,,,,,,,,
margin,Iowa State,scientific_f1_m4,9.701542342134585,49,0,False,False,,,,,,,,,,,
margin,San Diego State,scientific_f1_m4,9.676733778549627,50,0,False,False,,,,,,,,,,,
margin,Georgia Southern,scientific_f1_m4,8.99472561612188,51,0,False,False,,,,,,,,,,,
margin,Louisiana,scientific_f1_m4,8.751537516171906,52,0,False,False,,,,,,,,,,,
margin,Florida State,scientific_f1_m4,8.247936657121299,53,0,False,False,,,,,,,,,,,
margin,Vanderbilt,scientific_f1_m4,8.04144551607367,54,0,False,False,,,,,,,,,,,
margin,Illinois,scientific_f1_m4,7.4013423724087914,55,0,False,False,,,,,,,,,,,
margin,Temple,scientific_f1_m4,7.357572307751419,56,0,False,False,,,,,,,,,,,
margin,Arkansas,scientific_f1_m4,7.004837619207983,57,0,False,False,,,,,,,,,,,
margin,UCLA,scientific_f1_m4,6.955119674390884,58,0,False,False,,,,,,,,,,,
margin,Rice,scientific_f1_m4,6.7573897420995985,59,0,False,False,,,,,,,,,,,
margin,Air Force,scientific_f1_m4,6.701574113461456,60,0,False,False,,,,,,,,,,,
margin,Cincinnati,scientific_f1_m4,6.544732481375014,61,0,False,False,,,,,,,,,,,
margin,Houston,scientific_f1_m4,6.390002292729495,62,0,False,False,,,,,,,,,,,
margin,Memphis,scientific_f1_m4,6.372611992881602,63,0,False,False,,,,,,,,,,,
margin,Washington,scientific_f1_m4,6.307065056789667,64,0,False,False,,,,,,,,,,,
margin,Wake Forest,scientific_f1_m4,5.891544871314836,65,0,False,False,,,,,,,,,,,
margin,Michigan,scientific_f1_m4,5.812457756917179,66,0,False,False,,,,,,,,,,,
margin,Northwestern,scientific_f1_m4,5.501699913584703,67,0,False,False,,,,,,,,,,,
margin,Colorado State,scientific_f1_m4,5.36890560567326,68,0,False,False,,,,,,,,,,,
margin,New Mexico,scientific_f1_m4,5.199959352674134,69,0,False,False,,,,,,,,,,,
margin,South Florida,scientific_f1_m4,5.017278774993031,70,0,False,False,,,,,,,,,,,
margin,Navy,scientific_f1_m4,4.843833612609081,71,0,False,False,,,,,,,,,,,
margin,South Alabama,scientific_f1_m4,4.75563768245734,72,0,False,False,,,,,,,,,,,
margin,North Dakota State,scientific_f1_m4,4.62085785049889,73,0,False,False,,,,,,,,,,,
margin,Michigan State,scientific_f1_m4,4.486549557885587,74,0,False,False,,,,,,,,,,,
margin,Duke,scientific_f1_m4,2.9530632002135335,75,0,False,False,,,,,,,,,,,
margin,West Virginia,scientific_f1_m4,2.6301398607334234,76,0,False,False,,,,,,,,,,,
margin,Oregon,scientific_f1_m4,2.447959006772193,77,0,False,False,,,,,,,,,,,
margin,Auburn,scientific_f1_m4,2.2881338437336805,78,0,False,False,,,,,,,,,,,
margin,North Carolina,scientific_f1_m4,2.2809583833916833,79,0,False,False,,,,,,,,,,,
margin,Middle Tennessee,scientific_f1_m4,2.190421151939842,80,0,False,False,,,,,,,,,,,
margin,Clemson,scientific_f1_m4,1.9391758128440353,81,0,False,False,,,,,,,,,,,
margin,Ole Miss,scientific_f1_m4,1.6689681401452612,82,0,False,False,,,,,,,,,,,
margin,Tulsa,scientific_f1_m4,1.3004361867929868,83,0,False,False,,,,,,,,,,,
margin,Old Dominion,scientific_f1_m4,1.1902850410739954,84,0,False,False,,,,,,,,,,,
margin,Stanford,scientific_f1_m4,0.8788719718902166,85,0,False,False,,,,,,,,,,,
margin,Colorado,scientific_f1_m4,0.5617113551836697,86,0,False,False,,,,,,,,,,,
margin,Georgia Tech,scientific_f1_m4,0.25762741719363497,87,0,False,False,,,,,,,,,,,
margin,Massachusetts,scientific_f1_m4,-0.06177527324548184,88,0,False,False,,,,,,,,,,,
margin,SMU,scientific_f1_m4,-0.2066593185393907,89,0,False,False,,,,,,,,,,,
margin,Baylor,scientific_f1_m4,-1.2862445330601242,90,0,False,False,,,,,,,,,,,
margin,TCU,scientific_f1_m4,-3.3066871482542672,91,0,False,False,,,,,,,,,,,
margin,Western Michigan,scientific_f1_m4,-3.912426918744821,92,0,False,False,,,,,,,,,,,
margin,Buffalo,scientific_f1_m4,-4.2614204723530165,93,0,False,False,,,,,,,,,,,
margin,Eastern Michigan,scientific_f1_m4,-4.559858820178121,94,0,False,False,,,,,,,,,,,
margin,James Madison,scientific_f1_m4,-5.218479342345194,95,0,False,False,,,,,,,,,,,
margin,Troy,scientific_f1_m4,-5.349318894314803,96,0,False,False,,,,,,,,,,,
margin,Louisville,scientific_f1_m4,-6.451496366331222,97,0,False,False,,,,,,,,,,,
margin,Liberty,scientific_f1_m4,-6.607261096336296,98,0,False,False,,,,,,,,,,,
margin,Tulane,scientific_f1_m4,-7.638506397266379,99,0,False,False,,,,,,,,,,,
margin,UNLV,scientific_f1_m4,-9.872910684945392,100,0,False,False,,,,,,,,,,,
margin,Coastal Carolina,scientific_f1_m4,-9.913628860656335,101,0,False,False,,,,,,,,,,,
margin,NC State,scientific_f1_m4,-10.000659610628212,102,0,False,False,,,,,,,,,,,
margin,Florida International,scientific_f1_m4,-10.055232552336815,103,0,False,False,,,,,,,,,,,
margin,Sam Houston,scientific_f1_m4,-10.495518149859949,104,0,False,False,,,,,,,,,,,
margin,Charlotte,scientific_f1_m4,-10.806776669205219,105,0,False,False,,,,,,,,,,,
margin,Wisconsin,scientific_f1_m4,-10.85993790886987,106,0,False,False,,,,,,,,,,,
margin,UAB,scientific_f1_m4,-11.189573398748882,107,0,False,False,,,,,,,,,,,
margin,Boise State,scientific_f1_m4,-12.004610861882023,108,0,False,False,,,,,,,,,,,
margin,Bowling Green,scientific_f1_m4,-12.120355818041032,109,0,False,False,,,,,,,,,,,
margin,Toledo,scientific_f1_m4,-12.186543390175883,110,0,False,False,,,,,,,,,,,
margin,Rutgers,scientific_f1_m4,-12.343875045641466,111,0,False,False,,,,,,,,,,,
margin,North Texas,scientific_f1_m4,-12.462595252803728,112,0,False,False,,,,,,,,,,,
margin,Oklahoma State,scientific_f1_m4,-12.49199153131589,113,0,False,False,,,,,,,,,,,
margin,Florida Atlantic,scientific_f1_m4,-12.576054081955363,114,0,False,False,,,,,,,,,,,
margin,Oregon State,scientific_f1_m4,-13.368037662585936,115,0,False,False,,,,,,,,,,,
margin,Utah State,scientific_f1_m4,-13.681011496862103,116,0,False,False,,,,,,,,,,,
margin,California,scientific_f1_m4,-13.752921301675183,117,0,False,False,,,,,,,,,,,
margin,Washington State,scientific_f1_m4,-14.500912398510957,118,0,False,False,,,,,,,,,,,
margin,Hawai'i,scientific_f1_m4,-14.731871588140697,119,0,False,False,,,,,,,,,,,
margin,Ball State,scientific_f1_m4,-14.945374008626555,120,0,False,False,,,,,,,,,,,
margin,Ohio,scientific_f1_m4,-15.302417521743587,121,0,False,False,,,,,,,,,,,
margin,Fresno State,scientific_f1_m4,-15.416292066894043,122,0,False,False,,,,,,,,,,,
margin,Arkansas State,scientific_f1_m4,-15.973194767947561,123,0,False,False,,,,,,,,,,,
margin,Central Michigan,scientific_f1_m4,-16.23600671119327,124,0,False,False,,,,,,,,,,,
margin,Texas State,scientific_f1_m4,-16.86124982288242,125,0,False,False,,,,,,,,,,,
margin,Boston College,scientific_f1_m4,-17.120790207527925,126,0,False,False,,,,,,,,,,,
margin,Kent State,scientific_f1_m4,-17.200057354039433,127,0,False,False,,,,,,,,,,,
margin,UTEP,scientific_f1_m4,-17.801793966857403,128,0,False,False,,,,,,,,,,,
margin,Marshall,scientific_f1_m4,-17.945729537314197,129,0,False,False,,,,,,,,,,,
margin,UL Monroe,scientific_f1_m4,-18.135814089591726,130,0,False,False,,,,,,,,,,,
margin,Akron,scientific_f1_m4,-18.596185836405905,131,0,False,False,,,,,,,,,,,
margin,Wyoming,scientific_f1_m4,-18.646059999354794,132,0,False,False,,,,,,,,,,,
margin,Northern Illinois,scientific_f1_m4,-18.736254776672446,133,0,False,False,,,,,,,,,,,
margin,Western Kentucky,scientific_f1_m4,-18.856753527669802,134,0,False,False,,,,,,,,,,,
margin,Miami (OH),scientific_f1_m4,-19.22404555633442,135,0,False,False,,,,,,,,,,,
margin,San José State,scientific_f1_m4,-19.894322981714584,136,0,False,False,,,,,,,,,,,
margin,East Carolina,scientific_f1_m4,-20.50843778022027,137,0,False,False,,,,,,,,,,,
margin,Missouri State,scientific_f1_m4,-21.06458926006663,138,0,False,False,,,,,,,,,,,
margin,Arizona State,scientific_f1_m5,33.01283645629883,1,25,True,True,,,,,,,,,,,
margin,Texas,scientific_f1_m5,32.3232536315918,2,24,True,False,,,,,,,,,,,
margin,Virginia Tech,scientific_f1_m5,32.304874420166016,3,23,True,False,,,,,,,,,,,
margin,Georgia,scientific_f1_m5,31.200481414794922,4,22,True,False,,,,,,,,,,,
margin,Maryland,scientific_f1_m5,30.50627899169922,5,21,True,False,,,,,,,,,,,
margin,UCF,scientific_f1_m5,29.27780532836914,6,20,True,False,,,,,,,,,,,
margin,Florida,scientific_f1_m5,28.241628646850586,7,19,True,False,,,,,,,,,,,
margin,Louisiana Tech,scientific_f1_m5,27.662357330322266,8,18,True,False,,,,,,,,,,,
margin,Ohio State,scientific_f1_m5,27.29456329345703,9,17,True,False,,,,,,,,,,,
margin,Texas A&M,scientific_f1_m5,26.34323501586914,10,16,True,False,,,,,,,,,,,
margin,South Carolina,scientific_f1_m5,25.973770141601562,11,15,True,False,,,,,,,,,,,
margin,Mississippi State,scientific_f1_m5,25.8638858795166,12,14,True,False,,,,,,,,,,,
margin,LSU,scientific_f1_m5,25.657428741455078,13,13,True,False,,,,,,,,,,,
margin,Minnesota,scientific_f1_m5,25.499305725097656,14,12,True,False,,,,,,,,,,,
margin,Pittsburgh,scientific_f1_m5,24.542985916137695,15,11,True,False,,,,,,,,,,,
margin,Syracuse,scientific_f1_m5,24.484546661376953,16,10,True,False,,,,,,,,,,,
margin,Kansas State,scientific_f1_m5,24.043621063232422,17,9,True,False,,,,,,,,,,,
margin,Tennessee,scientific_f1_m5,23.638866424560547,18,8,True,False,,,,,,,,,,,
margin,Oklahoma,scientific_f1_m5,23.336700439453125,19,7,True,False,,,,,,,,,,,
margin,Penn State,scientific_f1_m5,23.237056732177734,20,6,True,False,,,,,,,,,,,
margin,BYU,scientific_f1_m5,22.934738159179688,21,5,True,False,,,,,,,,,,,
margin,Georgia State,scientific_f1_m5,22.508440017700195,22,4,True,False,,,,,,,,,,,
margin,App State,scientific_f1_m5,20.84622573852539,23,3,True,False,,,,,,,,,,,
margin,Notre Dame,scientific_f1_m5,20.51099395751953,24,2,True,False,,,,,,,,,,,
margin,Missouri,scientific_f1_m5,20.502635955810547,25,1,True,False,,,,,,,,,,,
margin,Miami,scientific_f1_m5,19.9903564453125,26,0,False,False,,,,,,,,,,,
margin,UConn,scientific_f1_m5,19.713899612426758,27,0,False,False,,,,,,,,,,,
margin,Indiana,scientific_f1_m5,19.0983829498291,28,0,False,False,,,,,,,,,,,
margin,Nebraska,scientific_f1_m5,19.034725189208984,29,0,False,False,,,,,,,,,,,
margin,Kansas,scientific_f1_m5,18.02663803100586,30,0,False,False,,,,,,,,,,,
margin,Iowa,scientific_f1_m5,18.02320098876953,31,0,False,False,,,,,,,,,,,
margin,Army,scientific_f1_m5,17.825326919555664,32,0,False,False,,,,,,,,,,,
margin,Kentucky,scientific_f1_m5,17.530994415283203,33,0,False,False,,,,,,,,,,,
margin,Alabama,scientific_f1_m5,17.437213897705078,34,0,False,False,,,,,,,,,,,
margin,USC,scientific_f1_m5,15.79774284362793,35,0,False,False,,,,,,,,,,,
margin,Sacramento State,scientific_f1_m5,15.638993263244629,36,0,False,False,,,,,,,,,,,
margin,Louisiana,scientific_f1_m5,15.430777549743652,37,0,False,False,,,,,,,,,,,
margin,Utah,scientific_f1_m5,14.872599601745605,38,0,False,False,,,,,,,,,,,
margin,Jacksonville State,scientific_f1_m5,14.493691444396973,39,0,False,False,,,,,,,,,,,
margin,Arkansas,scientific_f1_m5,14.29286003112793,40,0,False,False,,,,,,,,,,,
margin,UTSA,scientific_f1_m5,13.40965747833252,41,0,False,False,,,,,,,,,,,
margin,Arizona,scientific_f1_m5,12.866253852844238,42,0,False,False,,,,,,,,,,,
margin,Nevada,scientific_f1_m5,12.5259428024292,43,0,False,False,,,,,,,,,,,
margin,Southern Miss,scientific_f1_m5,12.509354591369629,44,0,False,False,,,,,,,,,,,
margin,Texas Tech,scientific_f1_m5,12.212790489196777,45,0,False,False,,,,,,,,,,,
margin,Virginia,scientific_f1_m5,12.066017150878906,46,0,False,False,,,,,,,,,,,
margin,New Mexico State,scientific_f1_m5,11.919889450073242,47,0,False,False,,,,,,,,,,,
margin,UCLA,scientific_f1_m5,11.214848518371582,48,0,False,False,,,,,,,,,,,
margin,Kennesaw State,scientific_f1_m5,10.635893821716309,49,0,False,False,,,,,,,,,,,
margin,Michigan,scientific_f1_m5,10.120372772216797,50,0,False,False,,,,,,,,,,,
margin,San Diego State,scientific_f1_m5,10.029498100280762,51,0,False,False,,,,,,,,,,,
margin,Purdue,scientific_f1_m5,9.9456787109375,52,0,False,False,,,,,,,,,,,
margin,Vanderbilt,scientific_f1_m5,9.834824562072754,53,0,False,False,,,,,,,,,,,
margin,Illinois,scientific_f1_m5,9.717320442199707,54,0,False,False,,,,,,,,,,,
margin,Wake Forest,scientific_f1_m5,8.493575096130371,55,0,False,False,,,,,,,,,,,
margin,Middle Tennessee,scientific_f1_m5,8.053079605102539,56,0,False,False,,,,,,,,,,,
margin,Georgia Southern,scientific_f1_m5,7.953157901763916,57,0,False,False,,,,,,,,,,,
margin,Florida State,scientific_f1_m5,7.665655612945557,58,0,False,False,,,,,,,,,,,
margin,North Dakota State,scientific_f1_m5,7.649875164031982,59,0,False,False,,,,,,,,,,,
margin,Temple,scientific_f1_m5,7.641712665557861,60,0,False,False,,,,,,,,,,,
margin,Iowa State,scientific_f1_m5,7.068461894989014,61,0,False,False,,,,,,,,,,,
margin,Rice,scientific_f1_m5,7.0150933265686035,62,0,False,False,,,,,,,,,,,
margin,Cincinnati,scientific_f1_m5,6.901666164398193,63,0,False,False,,,,,,,,,,,
margin,Duke,scientific_f1_m5,6.0262227058410645,64,0,False,False,,,,,,,,,,,
margin,Colorado State,scientific_f1_m5,5.573627948760986,65,0,False,False,,,,,,,,,,,
margin,South Florida,scientific_f1_m5,4.379713535308838,66,0,False,False,,,,,,,,,,,
margin,West Virginia,scientific_f1_m5,4.322483539581299,67,0,False,False,,,,,,,,,,,
margin,South Alabama,scientific_f1_m5,4.299336910247803,68,0,False,False,,,,,,,,,,,
margin,Michigan State,scientific_f1_m5,4.278021812438965,69,0,False,False,,,,,,,,,,,
margin,Delaware,scientific_f1_m5,3.772904872894287,70,0,False,False,,,,,,,,,,,
margin,Northwestern,scientific_f1_m5,3.5348072052001953,71,0,False,False,,,,,,,,,,,
margin,Washington,scientific_f1_m5,3.490286350250244,72,0,False,False,,,,,,,,,,,
margin,Memphis,scientific_f1_m5,2.645792007446289,73,0,False,False,,,,,,,,,,,
margin,North Carolina,scientific_f1_m5,2.382871150970459,74,0,False,False,,,,,,,,,,,
margin,Oregon,scientific_f1_m5,2.3489060401916504,75,0,False,False,,,,,,,,,,,
margin,TCU,scientific_f1_m5,1.7126917839050293,76,0,False,False,,,,,,,,,,,
margin,New Mexico,scientific_f1_m5,1.695859432220459,77,0,False,False,,,,,,,,,,,
margin,Air Force,scientific_f1_m5,1.659909725189209,78,0,False,False,,,,,,,,,,,
margin,Stanford,scientific_f1_m5,1.442179560661316,79,0,False,False,,,,,,,,,,,
margin,Auburn,scientific_f1_m5,0.9296401739120483,80,0,False,False,,,,,,,,,,,
margin,Houston,scientific_f1_m5,0.6763973236083984,81,0,False,False,,,,,,,,,,,
margin,Old Dominion,scientific_f1_m5,0.20521116256713867,82,0,False,False,,,,,,,,,,,
margin,Baylor,scientific_f1_m5,-1.0012285709381104,83,0,False,False,,,,,,,,,,,
margin,Tulsa,scientific_f1_m5,-1.164046049118042,84,0,False,False,,,,,,,,,,,
margin,Tulane,scientific_f1_m5,-2.1797709465026855,85,0,False,False,,,,,,,,,,,
margin,Louisville,scientific_f1_m5,-2.931729316711426,86,0,False,False,,,,,,,,,,,
margin,Massachusetts,scientific_f1_m5,-2.955343723297119,87,0,False,False,,,,,,,,,,,
margin,Liberty,scientific_f1_m5,-2.9601473808288574,88,0,False,False,,,,,,,,,,,
margin,Georgia Tech,scientific_f1_m5,-3.313276767730713,89,0,False,False,,,,,,,,,,,
margin,Ole Miss,scientific_f1_m5,-3.531714916229248,90,0,False,False,,,,,,,,,,,
margin,UNLV,scientific_f1_m5,-4.418737888336182,91,0,False,False,,,,,,,,,,,
margin,Colorado,scientific_f1_m5,-4.448741912841797,92,0,False,False,,,,,,,,,,,
margin,Western Michigan,scientific_f1_m5,-4.79149866104126,93,0,False,False,,,,,,,,,,,
margin,Eastern Michigan,scientific_f1_m5,-4.988159656524658,94,0,False,False,,,,,,,,,,,
margin,James Madison,scientific_f1_m5,-5.0540971755981445,95,0,False,False,,,,,,,,,,,
margin,Navy,scientific_f1_m5,-6.288402080535889,96,0,False,False,,,,,,,,,,,
margin,Clemson,scientific_f1_m5,-6.716038227081299,97,0,False,False,,,,,,,,,,,
margin,SMU,scientific_f1_m5,-7.2952561378479,98,0,False,False,,,,,,,,,,,
margin,Oklahoma State,scientific_f1_m5,-7.350615978240967,99,0,False,False,,,,,,,,,,,
margin,UAB,scientific_f1_m5,-7.5113139152526855,100,0,False,False,,,,,,,,,,,
margin,Rutgers,scientific_f1_m5,-7.599478721618652,101,0,False,False,,,,,,,,,,,
margin,Buffalo,scientific_f1_m5,-9.11392879486084,102,0,False,False,,,,,,,,,,,
margin,Boise State,scientific_f1_m5,-9.364636421203613,103,0,False,False,,,,,,,,,,,
margin,Troy,scientific_f1_m5,-10.205429077148438,104,0,False,False,,,,,,,,,,,
margin,Bowling Green,scientific_f1_m5,-10.6129150390625,105,0,False,False,,,,,,,,,,,
margin,NC State,scientific_f1_m5,-10.811833381652832,106,0,False,False,,,,,,,,,,,
margin,Washington State,scientific_f1_m5,-11.26229190826416,107,0,False,False,,,,,,,,,,,
margin,Florida International,scientific_f1_m5,-11.876383781433105,108,0,False,False,,,,,,,,,,,
margin,Coastal Carolina,scientific_f1_m5,-12.043313026428223,109,0,False,False,,,,,,,,,,,
margin,Charlotte,scientific_f1_m5,-12.315027236938477,110,0,False,False,,,,,,,,,,,
margin,Boston College,scientific_f1_m5,-12.344965934753418,111,0,False,False,,,,,,,,,,,
margin,Utah State,scientific_f1_m5,-12.491124153137207,112,0,False,False,,,,,,,,,,,
margin,Central Michigan,scientific_f1_m5,-12.978438377380371,113,0,False,False,,,,,,,,,,,
margin,Akron,scientific_f1_m5,-13.036219596862793,114,0,False,False,,,,,,,,,,,
margin,Wisconsin,scientific_f1_m5,-13.575676918029785,115,0,False,False,,,,,,,,,,,
margin,California,scientific_f1_m5,-14.025611877441406,116,0,False,False,,,,,,,,,,,
margin,UTEP,scientific_f1_m5,-14.05344295501709,117,0,False,False,,,,,,,,,,,
margin,Toledo,scientific_f1_m5,-15.542155265808105,118,0,False,False,,,,,,,,,,,
margin,Hawai'i,scientific_f1_m5,-15.616646766662598,119,0,False,False,,,,,,,,,,,
margin,North Texas,scientific_f1_m5,-16.040491104125977,120,0,False,False,,,,,,,,,,,
margin,Western Kentucky,scientific_f1_m5,-16.056697845458984,121,0,False,False,,,,,,,,,,,
margin,Marshall,scientific_f1_m5,-17.144207000732422,122,0,False,False,,,,,,,,,,,
margin,Arkansas State,scientific_f1_m5,-17.42113494873047,123,0,False,False,,,,,,,,,,,
margin,San José State,scientific_f1_m5,-17.438053131103516,124,0,False,False,,,,,,,,,,,
margin,Sam Houston,scientific_f1_m5,-18.12992286682129,125,0,False,False,,,,,,,,,,,
margin,Texas State,scientific_f1_m5,-18.86247444152832,126,0,False,False,,,,,,,,,,,
margin,Oregon State,scientific_f1_m5,-19.00632095336914,127,0,False,False,,,,,,,,,,,
margin,East Carolina,scientific_f1_m5,-19.942169189453125,128,0,False,False,,,,,,,,,,,
margin,Northern Illinois,scientific_f1_m5,-20.311283111572266,129,0,False,False,,,,,,,,,,,
margin,Miami (OH),scientific_f1_m5,-20.358171463012695,130,0,False,False,,,,,,,,,,,
margin,Ohio,scientific_f1_m5,-21.37374496459961,131,0,False,False,,,,,,,,,,,
margin,Fresno State,scientific_f1_m5,-21.566904067993164,132,0,False,False,,,,,,,,,,,
margin,Ball State,scientific_f1_m5,-22.785255432128906,133,0,False,False,,,,,,,,,,,
margin,Missouri State,scientific_f1_m5,-24.126956939697266,134,0,False,False,,,,,,,,,,,
margin,Florida Atlantic,scientific_f1_m5,-24.25347137451172,135,0,False,False,,,,,,,,,,,
margin,Wyoming,scientific_f1_m5,-24.72077178955078,136,0,False,False,,,,,,,,,,,
margin,Kent State,scientific_f1_m5,-27.18250846862793,137,0,False,False,,,,,,,,,,,
margin,UL Monroe,scientific_f1_m5,-28.06703758239746,138,0,False,False,,,,,,,,,,,
margin,Louisiana Tech,scientific_f1_m10,33.93903812364256,1,25,True,True,,,,,,,,,,,
margin,Texas,scientific_f1_m10,28.737899808801437,2,24,True,False,,,,,,,,,,,
margin,Georgia,scientific_f1_m10,27.184343745720263,3,23,True,False,,,,,,,,,,,
margin,Syracuse,scientific_f1_m10,26.93031937653491,4,22,True,False,,,,,,,,,,,
margin,Mississippi State,scientific_f1_m10,25.76700750516975,5,21,True,False,,,,,,,,,,,
margin,Ohio State,scientific_f1_m10,25.534326892793068,6,20,True,False,,,,,,,,,,,
margin,Arizona State,scientific_f1_m10,25.426261504325595,7,19,True,False,,,,,,,,,,,
margin,Maryland,scientific_f1_m10,24.535762981206968,8,18,True,False,,,,,,,,,,,
margin,Penn State,scientific_f1_m10,22.580202657884424,9,17,True,False,,,,,,,,,,,
margin,Purdue,scientific_f1_m10,22.349063461670127,10,16,True,False,,,,,,,,,,,
margin,Florida,scientific_f1_m10,22.34017552416827,11,15,True,False,,,,,,,,,,,
margin,Pittsburgh,scientific_f1_m10,22.301262527224427,12,14,True,False,,,,,,,,,,,
margin,South Carolina,scientific_f1_m10,22.107060546962806,13,13,True,False,,,,,,,,,,,
margin,UCF,scientific_f1_m10,21.55887554836254,14,12,True,False,,,,,,,,,,,
margin,Minnesota,scientific_f1_m10,21.477039444126312,15,11,True,False,,,,,,,,,,,
margin,Alabama,scientific_f1_m10,20.88587357914147,16,10,True,False,,,,,,,,,,,
margin,Sacramento State,scientific_f1_m10,19.774142509546866,17,9,True,False,,,,,,,,,,,
margin,Virginia,scientific_f1_m10,19.748923339411185,18,8,True,False,,,,,,,,,,,
margin,Illinois,scientific_f1_m10,18.365514855448424,19,7,True,False,,,,,,,,,,,
margin,Kansas State,scientific_f1_m10,18.169574796228865,20,6,True,False,,,,,,,,,,,
margin,UConn,scientific_f1_m10,18.11118861906249,21,5,True,False,,,,,,,,,,,
margin,BYU,scientific_f1_m10,17.62898291414674,22,4,True,False,,,,,,,,,,,
margin,Virginia Tech,scientific_f1_m10,17.308893997849815,23,3,True,False,,,,,,,,,,,
margin,Notre Dame,scientific_f1_m10,16.800974622958375,24,2,True,False,,,,,,,,,,,
margin,Miami,scientific_f1_m10,16.730026925833176,25,1,True,False,,,,,,,,,,,
margin,South Alabama,scientific_f1_m10,16.523223320559143,26,0,False,False,,,,,,,,,,,
margin,Iowa,scientific_f1_m10,16.263386094518545,27,0,False,False,,,,,,,,,,,
margin,LSU,scientific_f1_m10,15.764945317478709,28,0,False,False,,,,,,,,,,,
margin,Kentucky,scientific_f1_m10,15.726571151797021,29,0,False,False,,,,,,,,,,,
margin,Southern Miss,scientific_f1_m10,15.480696047370694,30,0,False,False,,,,,,,,,,,
margin,Rice,scientific_f1_m10,15.16563282294727,31,0,False,False,,,,,,,,,,,
margin,Texas A&M,scientific_f1_m10,14.367340420564714,32,0,False,False,,,,,,,,,,,
margin,Wake Forest,scientific_f1_m10,13.828073057856315,33,0,False,False,,,,,,,,,,,
margin,South Florida,scientific_f1_m10,13.591449865042467,34,0,False,False,,,,,,,,,,,
margin,Arkansas,scientific_f1_m10,13.579527220145014,35,0,False,False,,,,,,,,,,,
margin,Georgia State,scientific_f1_m10,13.313087570787138,36,0,False,False,,,,,,,,,,,
margin,Utah,scientific_f1_m10,13.203309569250832,37,0,False,False,,,,,,,,,,,
margin,UCLA,scientific_f1_m10,13.005223244573969,38,0,False,False,,,,,,,,,,,
margin,Missouri,scientific_f1_m10,12.970769290161307,39,0,False,False,,,,,,,,,,,
margin,New Mexico,scientific_f1_m10,12.746228657425691,40,0,False,False,,,,,,,,,,,
margin,Oklahoma,scientific_f1_m10,12.658953587649581,41,0,False,False,,,,,,,,,,,
margin,Army,scientific_f1_m10,12.629949570750734,42,0,False,False,,,,,,,,,,,
margin,Kansas,scientific_f1_m10,11.587203029612311,43,0,False,False,,,,,,,,,,,
margin,Temple,scientific_f1_m10,11.144491378561534,44,0,False,False,,,,,,,,,,,
margin,Indiana,scientific_f1_m10,11.135494553552727,45,0,False,False,,,,,,,,,,,
margin,Nebraska,scientific_f1_m10,10.529653969904324,46,0,False,False,,,,,,,,,,,
margin,Jacksonville State,scientific_f1_m10,10.187780449527835,47,0,False,False,,,,,,,,,,,
margin,North Dakota State,scientific_f1_m10,10.06275561431041,48,0,False,False,,,,,,,,,,,
margin,Middle Tennessee,scientific_f1_m10,9.79197411164608,49,0,False,False,,,,,,,,,,,
margin,UTSA,scientific_f1_m10,9.475479851702955,50,0,False,False,,,,,,,,,,,
margin,Eastern Michigan,scientific_f1_m10,8.998591416720783,51,0,False,False,,,,,,,,,,,
margin,App State,scientific_f1_m10,8.80895540170323,52,0,False,False,,,,,,,,,,,
margin,Arizona,scientific_f1_m10,8.296962748164571,53,0,False,False,,,,,,,,,,,
margin,Louisiana,scientific_f1_m10,8.197799736241224,54,0,False,False,,,,,,,,,,,
margin,Air Force,scientific_f1_m10,8.009803383197681,55,0,False,False,,,,,,,,,,,
margin,New Mexico State,scientific_f1_m10,7.950664674090125,56,0,False,False,,,,,,,,,,,
margin,Tulsa,scientific_f1_m10,7.5951994735099,57,0,False,False,,,,,,,,,,,
margin,Georgia Southern,scientific_f1_m10,7.320209573363975,58,0,False,False,,,,,,,,,,,
margin,Texas Tech,scientific_f1_m10,7.022951146848985,59,0,False,False,,,,,,,,,,,
margin,Michigan State,scientific_f1_m10,6.840438426561339,60,0,False,False,,,,,,,,,,,
margin,Tennessee,scientific_f1_m10,6.564558502643558,61,0,False,False,,,,,,,,,,,
margin,Iowa State,scientific_f1_m10,6.373845513310106,62,0,False,False,,,,,,,,,,,
margin,Delaware,scientific_f1_m10,6.0309282575170995,63,0,False,False,,,,,,,,,,,
margin,Duke,scientific_f1_m10,5.800472481226064,64,0,False,False,,,,,,,,,,,
margin,Vanderbilt,scientific_f1_m10,5.633816065408144,65,0,False,False,,,,,,,,,,,
margin,Ole Miss,scientific_f1_m10,5.5010479014714875,66,0,False,False,,,,,,,,,,,
margin,Oregon,scientific_f1_m10,5.414217566440872,67,0,False,False,,,,,,,,,,,
margin,Colorado State,scientific_f1_m10,4.760606752321634,68,0,False,False,,,,,,,,,,,
margin,San Diego State,scientific_f1_m10,4.698211110399346,69,0,False,False,,,,,,,,,,,
margin,Washington,scientific_f1_m10,2.995286529629632,70,0,False,False,,,,,,,,,,,
margin,Massachusetts,scientific_f1_m10,2.5978716726771425,71,0,False,False,,,,,,,,,,,
margin,Florida State,scientific_f1_m10,2.344875207401399,72,0,False,False,,,,,,,,,,,
margin,USC,scientific_f1_m10,2.162668655799809,73,0,False,False,,,,,,,,,,,
margin,Old Dominion,scientific_f1_m10,1.592635373806859,74,0,False,False,,,,,,,,,,,
margin,Western Michigan,scientific_f1_m10,1.5008978862634539,75,0,False,False,,,,,,,,,,,
margin,Memphis,scientific_f1_m10,1.1789117973337309,76,0,False,False,,,,,,,,,,,
margin,Nevada,scientific_f1_m10,1.086136001718002,77,0,False,False,,,,,,,,,,,
margin,Houston,scientific_f1_m10,0.9729932611709466,78,0,False,False,,,,,,,,,,,
margin,Bowling Green,scientific_f1_m10,0.9465193870683483,79,0,False,False,,,,,,,,,,,
margin,Cincinnati,scientific_f1_m10,0.8935151529825518,80,0,False,False,,,,,,,,,,,
margin,Rutgers,scientific_f1_m10,0.885781382074024,81,0,False,False,,,,,,,,,,,
margin,North Carolina,scientific_f1_m10,0.8409014461088596,82,0,False,False,,,,,,,,,,,
margin,Navy,scientific_f1_m10,0.5606215563976618,83,0,False,False,,,,,,,,,,,
margin,Auburn,scientific_f1_m10,0.31377357525216565,84,0,False,False,,,,,,,,,,,
margin,Georgia Tech,scientific_f1_m10,0.3069483534073608,85,0,False,False,,,,,,,,,,,
margin,Sam Houston,scientific_f1_m10,-0.65016837928753,86,0,False,False,,,,,,,,,,,
margin,Kennesaw State,scientific_f1_m10,-0.9924892349178625,87,0,False,False,,,,,,,,,,,
margin,Louisville,scientific_f1_m10,-1.0584409365183922,88,0,False,False,,,,,,,,,,,
margin,TCU,scientific_f1_m10,-1.064290908988101,89,0,False,False,,,,,,,,,,,
margin,Northwestern,scientific_f1_m10,-1.190620487892646,90,0,False,False,,,,,,,,,,,
margin,West Virginia,scientific_f1_m10,-1.2478333442949827,91,0,False,False,,,,,,,,,,,
margin,NC State,scientific_f1_m10,-1.59352322042615,92,0,False,False,,,,,,,,,,,
margin,Colorado,scientific_f1_m10,-1.7356237480701187,93,0,False,False,,,,,,,,,,,
margin,Michigan,scientific_f1_m10,-1.9774306672783626,94,0,False,False,,,,,,,,,,,
margin,Liberty,scientific_f1_m10,-2.6182924280785644,95,0,False,False,,,,,,,,,,,
margin,Wisconsin,scientific_f1_m10,-2.622222732322167,96,0,False,False,,,,,,,,,,,
margin,Stanford,scientific_f1_m10,-3.0875133820766236,97,0,False,False,,,,,,,,,,,
margin,SMU,scientific_f1_m10,-3.095348987409028,98,0,False,False,,,,,,,,,,,
margin,Charlotte,scientific_f1_m10,-3.440471096883896,99,0,False,False,,,,,,,,,,,
margin,Akron,scientific_f1_m10,-3.6126985040603303,100,0,False,False,,,,,,,,,,,
margin,Buffalo,scientific_f1_m10,-3.729270740573588,101,0,False,False,,,,,,,,,,,
margin,UAB,scientific_f1_m10,-4.673239386202746,102,0,False,False,,,,,,,,,,,
margin,Tulane,scientific_f1_m10,-4.700447592458189,103,0,False,False,,,,,,,,,,,
margin,Oklahoma State,scientific_f1_m10,-4.949720305306528,104,0,False,False,,,,,,,,,,,
margin,Fresno State,scientific_f1_m10,-5.253642168200458,105,0,False,False,,,,,,,,,,,
margin,UNLV,scientific_f1_m10,-5.470297086000434,106,0,False,False,,,,,,,,,,,
margin,Coastal Carolina,scientific_f1_m10,-6.1420890703654925,107,0,False,False,,,,,,,,,,,
margin,Toledo,scientific_f1_m10,-6.539838548313155,108,0,False,False,,,,,,,,,,,
margin,Western Kentucky,scientific_f1_m10,-7.222763670834889,109,0,False,False,,,,,,,,,,,
margin,Troy,scientific_f1_m10,-7.790141937413912,110,0,False,False,,,,,,,,,,,
margin,James Madison,scientific_f1_m10,-7.8212021432889935,111,0,False,False,,,,,,,,,,,
margin,Baylor,scientific_f1_m10,-8.542492238360541,112,0,False,False,,,,,,,,,,,
margin,East Carolina,scientific_f1_m10,-8.776527228427415,113,0,False,False,,,,,,,,,,,
margin,Boise State,scientific_f1_m10,-9.52950171139765,114,0,False,False,,,,,,,,,,,
margin,Florida International,scientific_f1_m10,-9.608442758462768,115,0,False,False,,,,,,,,,,,
margin,Clemson,scientific_f1_m10,-9.993880708789167,116,0,False,False,,,,,,,,,,,
margin,Oregon State,scientific_f1_m10,-12.275095892178326,117,0,False,False,,,,,,,,,,,
margin,Arkansas State,scientific_f1_m10,-12.863464973102765,118,0,False,False,,,,,,,,,,,
margin,UTEP,scientific_f1_m10,-12.97886653673115,119,0,False,False,,,,,,,,,,,
margin,Miami (OH),scientific_f1_m10,-13.047516119250878,120,0,False,False,,,,,,,,,,,
margin,Boston College,scientific_f1_m10,-13.276595321906107,121,0,False,False,,,,,,,,,,,
margin,Washington State,scientific_f1_m10,-13.816139283284818,122,0,False,False,,,,,,,,,,,
margin,Utah State,scientific_f1_m10,-13.90512560362313,123,0,False,False,,,,,,,,,,,
margin,Central Michigan,scientific_f1_m10,-14.308535975181549,124,0,False,False,,,,,,,,,,,
margin,San José State,scientific_f1_m10,-15.389121559365261,125,0,False,False,,,,,,,,,,,
margin,Ohio,scientific_f1_m10,-16.02252487524172,126,0,False,False,,,,,,,,,,,
margin,North Texas,scientific_f1_m10,-17.073161822677328,127,0,False,False,,,,,,,,,,,
margin,Wyoming,scientific_f1_m10,-17.274815718821074,128,0,False,False,,,,,,,,,,,
margin,Kent State,scientific_f1_m10,-17.432606812906883,129,0,False,False,,,,,,,,,,,
margin,Missouri State,scientific_f1_m10,-18.174776565655385,130,0,False,False,,,,,,,,,,,
margin,Texas State,scientific_f1_m10,-18.79535447684673,131,0,False,False,,,,,,,,,,,
margin,Northern Illinois,scientific_f1_m10,-19.69030967345505,132,0,False,False,,,,,,,,,,,
margin,UL Monroe,scientific_f1_m10,-22.38648590265483,133,0,False,False,,,,,,,,,,,
margin,Hawai'i,scientific_f1_m10,-22.510779131845677,134,0,False,False,,,,,,,,,,,
margin,Ball State,scientific_f1_m10,-22.65473896906169,135,0,False,False,,,,,,,,,,,
margin,California,scientific_f1_m10,-22.857373824077776,136,0,False,False,,,,,,,,,,,
margin,Marshall,scientific_f1_m10,-25.62528073661796,137,0,False,False,,,,,,,,,,,
margin,Florida Atlantic,scientific_f1_m10,-26.357614854535758,138,0,False,False,,,,,,,,,,,
margin,South Carolina,scientific_f2_m1,37.594161228384166,1,25,True,True,,,,,,,,,,,
margin,Georgia,scientific_f2_m1,36.46971863364896,2,24,True,False,,,,,,,,,,,
margin,Virginia Tech,scientific_f2_m1,31.680813705807473,3,23,True,False,,,,,,,,,,,
margin,Ohio State,scientific_f2_m1,30.500240247768296,4,22,True,False,,,,,,,,,,,
margin,Minnesota,scientific_f2_m1,29.581301227547385,5,21,True,False,,,,,,,,,,,
margin,Texas A&M,scientific_f2_m1,29.210649914227844,6,20,True,False,,,,,,,,,,,
margin,LSU,scientific_f2_m1,28.227734343293754,7,19,True,False,,,,,,,,,,,
margin,Florida,scientific_f2_m1,27.76126940859394,8,18,True,False,,,,,,,,,,,
margin,Kansas State,scientific_f2_m1,27.32908095222436,9,17,True,False,,,,,,,,,,,
margin,Arizona State,scientific_f2_m1,26.75063221535048,10,16,True,False,,,,,,,,,,,
margin,Alabama,scientific_f2_m1,26.34332017474351,11,15,True,False,,,,,,,,,,,
margin,Texas,scientific_f2_m1,26.31314382336646,12,14,True,False,,,,,,,,,,,
margin,Southern Miss,scientific_f2_m1,25.20860824068864,13,13,True,False,,,,,,,,,,,
margin,Kansas,scientific_f2_m1,25.18498979413816,14,12,True,False,,,,,,,,,,,
margin,Tennessee,scientific_f2_m1,25.12717736637868,15,11,True,False,,,,,,,,,,,
margin,Maryland,scientific_f2_m1,24.459118347568094,16,10,True,False,,,,,,,,,,,
margin,Oklahoma,scientific_f2_m1,24.288359911420855,17,9,True,False,,,,,,,,,,,
margin,Penn State,scientific_f2_m1,24.049212050805195,18,8,True,False,,,,,,,,,,,
margin,BYU,scientific_f2_m1,23.776449403982625,19,7,True,False,,,,,,,,,,,
margin,UCF,scientific_f2_m1,23.270277587254753,20,6,True,False,,,,,,,,,,,
margin,App State,scientific_f2_m1,22.36842434956848,21,5,True,False,,,,,,,,,,,
margin,Mississippi State,scientific_f2_m1,22.188184097534148,22,4,True,False,,,,,,,,,,,
margin,Miami,scientific_f2_m1,21.901033931868717,23,3,True,False,,,,,,,,,,,
margin,Notre Dame,scientific_f2_m1,20.81805792731962,24,2,True,False,,,,,,,,,,,
margin,Pittsburgh,scientific_f2_m1,20.787766425000072,25,1,True,False,,,,,,,,,,,
margin,Arizona,scientific_f2_m1,20.743090209817105,26,0,False,False,,,,,,,,,,,
margin,Missouri,scientific_f2_m1,19.792523805023837,27,0,False,False,,,,,,,,,,,
margin,Kentucky,scientific_f2_m1,19.63186853262696,28,0,False,False,,,,,,,,,,,
margin,Utah,scientific_f2_m1,19.60460654188821,29,0,False,False,,,,,,,,,,,
margin,Syracuse,scientific_f2_m1,19.233473094635904,30,0,False,False,,,,,,,,,,,
margin,Georgia Southern,scientific_f2_m1,18.368267757991465,31,0,False,False,,,,,,,,,,,
margin,UConn,scientific_f2_m1,17.755562608393507,32,0,False,False,,,,,,,,,,,
margin,Nebraska,scientific_f2_m1,17.541835099656282,33,0,False,False,,,,,,,,,,,
margin,Iowa,scientific_f2_m1,17.043593362247528,34,0,False,False,,,,,,,,,,,
margin,Texas Tech,scientific_f2_m1,14.335907370370919,35,0,False,False,,,,,,,,,,,
margin,Vanderbilt,scientific_f2_m1,13.629445925380285,36,0,False,False,,,,,,,,,,,
margin,USC,scientific_f2_m1,13.445905397521814,37,0,False,False,,,,,,,,,,,
margin,Louisiana Tech,scientific_f2_m1,13.412821008691258,38,0,False,False,,,,,,,,,,,
margin,Washington,scientific_f2_m1,13.268714281709071,39,0,False,False,,,,,,,,,,,
margin,UTSA,scientific_f2_m1,12.889114841294186,40,0,False,False,,,,,,,,,,,
margin,Georgia State,scientific_f2_m1,11.922673466573944,41,0,False,False,,,,,,,,,,,
margin,Indiana,scientific_f2_m1,11.825546202687626,42,0,False,False,,,,,,,,,,,
margin,Oregon,scientific_f2_m1,11.776118139476896,43,0,False,False,,,,,,,,,,,
margin,North Carolina,scientific_f2_m1,11.190598852424214,44,0,False,False,,,,,,,,,,,
margin,Illinois,scientific_f2_m1,10.844556462839726,45,0,False,False,,,,,,,,,,,
margin,Purdue,scientific_f2_m1,10.483606548982962,46,0,False,False,,,,,,,,,,,
margin,Michigan,scientific_f2_m1,10.261771928827123,47,0,False,False,,,,,,,,,,,
margin,Rice,scientific_f2_m1,9.575238243122483,48,0,False,False,,,,,,,,,,,
margin,Virginia,scientific_f2_m1,9.249712737168686,49,0,False,False,,,,,,,,,,,
margin,Houston,scientific_f2_m1,9.237823895828335,50,0,False,False,,,,,,,,,,,
margin,Temple,scientific_f2_m1,8.910468927359522,51,0,False,False,,,,,,,,,,,
margin,Michigan State,scientific_f2_m1,8.789550151865765,52,0,False,False,,,,,,,,,,,
margin,Nevada,scientific_f2_m1,8.615177118595344,53,0,False,False,,,,,,,,,,,
margin,Northwestern,scientific_f2_m1,8.515867270522273,54,0,False,False,,,,,,,,,,,
margin,Kennesaw State,scientific_f2_m1,8.491559475230915,55,0,False,False,,,,,,,,,,,
margin,UCLA,scientific_f2_m1,8.326797788157133,56,0,False,False,,,,,,,,,,,
margin,Delaware,scientific_f2_m1,8.212622055210717,57,0,False,False,,,,,,,,,,,
margin,Florida State,scientific_f2_m1,8.128929940725786,58,0,False,False,,,,,,,,,,,
margin,Army,scientific_f2_m1,7.555907947535034,59,0,False,False,,,,,,,,,,,
margin,Iowa State,scientific_f2_m1,7.544317273176276,60,0,False,False,,,,,,,,,,,
margin,Louisiana,scientific_f2_m1,7.070051769784066,61,0,False,False,,,,,,,,,,,
margin,Ole Miss,scientific_f2_m1,7.057200253975033,62,0,False,False,,,,,,,,,,,
margin,Wake Forest,scientific_f2_m1,7.007976723263523,63,0,False,False,,,,,,,,,,,
margin,Sacramento State,scientific_f2_m1,6.882885942039674,64,0,False,False,,,,,,,,,,,
margin,New Mexico,scientific_f2_m1,6.007295152131319,65,0,False,False,,,,,,,,,,,
margin,San Diego State,scientific_f2_m1,5.8784346222329935,66,0,False,False,,,,,,,,,,,
margin,Baylor,scientific_f2_m1,5.794202383201974,67,0,False,False,,,,,,,,,,,
margin,Duke,scientific_f2_m1,5.341822244232413,68,0,False,False,,,,,,,,,,,
margin,Tulsa,scientific_f2_m1,5.33092395671553,69,0,False,False,,,,,,,,,,,
margin,Colorado State,scientific_f2_m1,5.191327267173041,70,0,False,False,,,,,,,,,,,
margin,SMU,scientific_f2_m1,4.630214793522119,71,0,False,False,,,,,,,,,,,
margin,South Florida,scientific_f2_m1,4.627811420144955,72,0,False,False,,,,,,,,,,,
margin,Jacksonville State,scientific_f2_m1,4.4716922700031745,73,0,False,False,,,,,,,,,,,
margin,North Dakota State,scientific_f2_m1,4.147341527744755,74,0,False,False,,,,,,,,,,,
margin,Colorado,scientific_f2_m1,3.7034552322685843,75,0,False,False,,,,,,,,,,,
margin,South Alabama,scientific_f2_m1,2.365455902679295,76,0,False,False,,,,,,,,,,,
margin,Middle Tennessee,scientific_f2_m1,2.334912312154887,77,0,False,False,,,,,,,,,,,
margin,Memphis,scientific_f2_m1,1.3504766551702616,78,0,False,False,,,,,,,,,,,
margin,Air Force,scientific_f2_m1,0.9729230237071245,79,0,False,False,,,,,,,,,,,
margin,New Mexico State,scientific_f2_m1,0.929067325636622,80,0,False,False,,,,,,,,,,,
margin,Georgia Tech,scientific_f2_m1,0.2884218841815409,81,0,False,False,,,,,,,,,,,
margin,Cincinnati,scientific_f2_m1,-0.10040406683463132,82,0,False,False,,,,,,,,,,,
margin,Auburn,scientific_f2_m1,-0.2212328834767554,83,0,False,False,,,,,,,,,,,
margin,Massachusetts,scientific_f2_m1,-1.2770522514082803,84,0,False,False,,,,,,,,,,,
margin,West Virginia,scientific_f2_m1,-1.6272350153465265,85,0,False,False,,,,,,,,,,,
margin,Stanford,scientific_f2_m1,-2.0012407983071565,86,0,False,False,,,,,,,,,,,
margin,Arkansas,scientific_f2_m1,-2.018446685093741,87,0,False,False,,,,,,,,,,,
margin,Eastern Michigan,scientific_f2_m1,-2.4585903219687957,88,0,False,False,,,,,,,,,,,
margin,UNLV,scientific_f2_m1,-2.5302124057576068,89,0,False,False,,,,,,,,,,,
margin,Old Dominion,scientific_f2_m1,-2.8127145019424713,90,0,False,False,,,,,,,,,,,
margin,Navy,scientific_f2_m1,-3.5323893254962595,91,0,False,False,,,,,,,,,,,
margin,Liberty,scientific_f2_m1,-3.729452559346006,92,0,False,False,,,,,,,,,,,
margin,Louisville,scientific_f2_m1,-4.709590937713964,93,0,False,False,,,,,,,,,,,
margin,James Madison,scientific_f2_m1,-4.785505344835862,94,0,False,False,,,,,,,,,,,
margin,Troy,scientific_f2_m1,-4.996760775668433,95,0,False,False,,,,,,,,,,,
margin,Buffalo,scientific_f2_m1,-5.75551448946551,96,0,False,False,,,,,,,,,,,
margin,Oregon State,scientific_f2_m1,-6.914390357450429,97,0,False,False,,,,,,,,,,,
margin,Florida International,scientific_f2_m1,-6.98899255940508,98,0,False,False,,,,,,,,,,,
margin,TCU,scientific_f2_m1,-7.145255185094365,99,0,False,False,,,,,,,,,,,
margin,Sam Houston,scientific_f2_m1,-7.506087050096001,100,0,False,False,,,,,,,,,,,
margin,Coastal Carolina,scientific_f2_m1,-9.156438951908632,101,0,False,False,,,,,,,,,,,
margin,San José State,scientific_f2_m1,-9.3256216377399,102,0,False,False,,,,,,,,,,,
margin,Charlotte,scientific_f2_m1,-9.626836005005362,103,0,False,False,,,,,,,,,,,
margin,Boise State,scientific_f2_m1,-10.140053399463996,104,0,False,False,,,,,,,,,,,
margin,UAB,scientific_f2_m1,-10.421172789306292,105,0,False,False,,,,,,,,,,,
margin,Boston College,scientific_f2_m1,-10.714677649490431,106,0,False,False,,,,,,,,,,,
margin,Oklahoma State,scientific_f2_m1,-10.950075789959676,107,0,False,False,,,,,,,,,,,
margin,Utah State,scientific_f2_m1,-11.259131044137883,108,0,False,False,,,,,,,,,,,
margin,Bowling Green,scientific_f2_m1,-11.68912374426046,109,0,False,False,,,,,,,,,,,
margin,Tulane,scientific_f2_m1,-11.708189068234788,110,0,False,False,,,,,,,,,,,
margin,Wisconsin,scientific_f2_m1,-12.096521679807212,111,0,False,False,,,,,,,,,,,
margin,Toledo,scientific_f2_m1,-12.099705407218527,112,0,False,False,,,,,,,,,,,
margin,Hawai'i,scientific_f2_m1,-12.525577776707758,113,0,False,False,,,,,,,,,,,
margin,Western Michigan,scientific_f2_m1,-12.660656199603507,114,0,False,False,,,,,,,,,,,
margin,Rutgers,scientific_f2_m1,-12.94837674436563,115,0,False,False,,,,,,,,,,,
margin,Washington State,scientific_f2_m1,-14.145445856123382,116,0,False,False,,,,,,,,,,,
margin,Arkansas State,scientific_f2_m1,-16.15016451656605,117,0,False,False,,,,,,,,,,,
margin,California,scientific_f2_m1,-16.85325605130275,118,0,False,False,,,,,,,,,,,
margin,Akron,scientific_f2_m1,-18.320112010260658,119,0,False,False,,,,,,,,,,,
margin,Wyoming,scientific_f2_m1,-19.403348193301305,120,0,False,False,,,,,,,,,,,
margin,Clemson,scientific_f2_m1,-19.866566421300384,121,0,False,False,,,,,,,,,,,
margin,Ohio,scientific_f2_m1,-20.023709326887428,122,0,False,False,,,,,,,,,,,
margin,Western Kentucky,scientific_f2_m1,-20.439546358329842,123,0,False,False,,,,,,,,,,,
margin,North Texas,scientific_f2_m1,-21.233356828026444,124,0,False,False,,,,,,,,,,,
margin,NC State,scientific_f2_m1,-21.27776978111011,125,0,False,False,,,,,,,,,,,
margin,Texas State,scientific_f2_m1,-21.948465496405127,126,0,False,False,,,,,,,,,,,
margin,Miami (OH),scientific_f2_m1,-22.370796537491422,127,0,False,False,,,,,,,,,,,
margin,Florida Atlantic,scientific_f2_m1,-23.188626461535165,128,0,False,False,,,,,,,,,,,
margin,Fresno State,scientific_f2_m1,-23.858730935679297,129,0,False,False,,,,,,,,,,,
margin,Central Michigan,scientific_f2_m1,-23.939728619421984,130,0,False,False,,,,,,,,,,,
margin,East Carolina,scientific_f2_m1,-24.479586944587915,131,0,False,False,,,,,,,,,,,
margin,UL Monroe,scientific_f2_m1,-28.98490290718435,132,0,False,False,,,,,,,,,,,
margin,Marshall,scientific_f2_m1,-31.489850049094585,133,0,False,False,,,,,,,,,,,
margin,UTEP,scientific_f2_m1,-31.9675012771509,134,0,False,False,,,,,,,,,,,
margin,Ball State,scientific_f2_m1,-32.07956288661255,135,0,False,False,,,,,,,,,,,
margin,Missouri State,scientific_f2_m1,-35.36815371055861,136,0,False,False,,,,,,,,,,,
margin,Northern Illinois,scientific_f2_m1,-35.865014251793,137,0,False,False,,,,,,,,,,,
margin,Kent State,scientific_f2_m1,-38.4338420151389,138,0,False,False,,,,,,,,,,,
margin,Georgia,scientific_f2_m2,35.2243229676383,1,25,True,True,,,,,,,,,,,
margin,South Carolina,scientific_f2_m2,31.547598910909592,2,24,True,False,,,,,,,,,,,
margin,Texas,scientific_f2_m2,30.369308557560956,3,23,True,False,,,,,,,,,,,
margin,Florida,scientific_f2_m2,30.134488119903757,4,22,True,False,,,,,,,,,,,
margin,LSU,scientific_f2_m2,27.80791796167342,5,21,True,False,,,,,,,,,,,
margin,Arizona State,scientific_f2_m2,27.075286362628876,6,20,True,False,,,,,,,,,,,
margin,Mississippi State,scientific_f2_m2,27.03135883190863,7,19,True,False,,,,,,,,,,,
margin,Alabama,scientific_f2_m2,26.596917397682063,8,18,True,False,,,,,,,,,,,
margin,Ohio State,scientific_f2_m2,26.594438602502404,9,17,True,False,,,,,,,,,,,
margin,Texas A&M,scientific_f2_m2,26.40152894189493,10,16,True,False,,,,,,,,,,,
margin,UCF,scientific_f2_m2,26.17466301837504,11,15,True,False,,,,,,,,,,,
margin,Oklahoma,scientific_f2_m2,26.117409103644984,12,14,True,False,,,,,,,,,,,
margin,Minnesota,scientific_f2_m2,23.391922169517937,13,13,True,False,,,,,,,,,,,
margin,Penn State,scientific_f2_m2,23.046422803297943,14,12,True,False,,,,,,,,,,,
margin,Maryland,scientific_f2_m2,22.269020962799715,15,11,True,False,,,,,,,,,,,
margin,App State,scientific_f2_m2,22.121337798286714,16,10,True,False,,,,,,,,,,,
margin,Kansas,scientific_f2_m2,21.71283940776585,17,9,True,False,,,,,,,,,,,
margin,Syracuse,scientific_f2_m2,21.618417525258206,18,8,True,False,,,,,,,,,,,
margin,Kansas State,scientific_f2_m2,21.532335107128947,19,7,True,False,,,,,,,,,,,
margin,Tennessee,scientific_f2_m2,20.931345494400578,20,6,True,False,,,,,,,,,,,
margin,BYU,scientific_f2_m2,20.928756575535896,21,5,True,False,,,,,,,,,,,
margin,Missouri,scientific_f2_m2,20.66297418549558,22,4,True,False,,,,,,,,,,,
margin,Utah,scientific_f2_m2,20.381535101525024,23,3,True,False,,,,,,,,,,,
margin,Miami,scientific_f2_m2,20.29794647224648,24,2,True,False,,,,,,,,,,,
margin,Notre Dame,scientific_f2_m2,20.221364797732974,25,1,True,False,,,,,,,,,,,
margin,Nebraska,scientific_f2_m2,19.268187083987936,26,0,False,False,,,,,,,,,,,
margin,Pittsburgh,scientific_f2_m2,18.883380976475337,27,0,False,False,,,,,,,,,,,
margin,Kentucky,scientific_f2_m2,18.18590208141009,28,0,False,False,,,,,,,,,,,
margin,UConn,scientific_f2_m2,16.732303514790033,29,0,False,False,,,,,,,,,,,
margin,Southern Miss,scientific_f2_m2,16.102496601433707,30,0,False,False,,,,,,,,,,,
margin,Texas Tech,scientific_f2_m2,16.076007370913082,31,0,False,False,,,,,,,,,,,
margin,Louisiana Tech,scientific_f2_m2,15.53518216234825,32,0,False,False,,,,,,,,,,,
margin,Georgia State,scientific_f2_m2,14.444743620182237,33,0,False,False,,,,,,,,,,,
margin,Iowa,scientific_f2_m2,13.98318999776102,34,0,False,False,,,,,,,,,,,
margin,Indiana,scientific_f2_m2,13.708398322910483,35,0,False,False,,,,,,,,,,,
margin,Army,scientific_f2_m2,13.677561404179865,36,0,False,False,,,,,,,,,,,
margin,USC,scientific_f2_m2,12.914891902897455,37,0,False,False,,,,,,,,,,,
margin,Rice,scientific_f2_m2,12.86537551767513,38,0,False,False,,,,,,,,,,,
margin,Georgia Southern,scientific_f2_m2,12.65682676101618,39,0,False,False,,,,,,,,,,,
margin,Michigan,scientific_f2_m2,11.247749434994265,40,0,False,False,,,,,,,,,,,
margin,Illinois,scientific_f2_m2,11.179784643820277,41,0,False,False,,,,,,,,,,,
margin,North Carolina,scientific_f2_m2,10.60658504670824,42,0,False,False,,,,,,,,,,,
margin,Purdue,scientific_f2_m2,10.438320041115173,43,0,False,False,,,,,,,,,,,
margin,Nevada,scientific_f2_m2,10.353407352740188,44,0,False,False,,,,,,,,,,,
margin,Oregon,scientific_f2_m2,10.260800768353693,45,0,False,False,,,,,,,,,,,
margin,Virginia,scientific_f2_m2,10.197104678206905,46,0,False,False,,,,,,,,,,,
margin,Iowa State,scientific_f2_m2,9.965077612131996,47,0,False,False,,,,,,,,,,,
margin,Virginia Tech,scientific_f2_m2,9.82453076744136,48,0,False,False,,,,,,,,,,,
margin,UTSA,scientific_f2_m2,9.72235232524153,49,0,False,False,,,,,,,,,,,
margin,Arizona,scientific_f2_m2,9.468315995419623,50,0,False,False,,,,,,,,,,,
margin,Vanderbilt,scientific_f2_m2,9.366136853012694,51,0,False,False,,,,,,,,,,,
margin,Temple,scientific_f2_m2,8.638586784906654,52,0,False,False,,,,,,,,,,,
margin,Washington,scientific_f2_m2,8.621795430996542,53,0,False,False,,,,,,,,,,,
margin,Northwestern,scientific_f2_m2,7.511326820474925,54,0,False,False,,,,,,,,,,,
margin,Sacramento State,scientific_f2_m2,7.468542149435344,55,0,False,False,,,,,,,,,,,
margin,New Mexico,scientific_f2_m2,7.115428154531842,56,0,False,False,,,,,,,,,,,
margin,Delaware,scientific_f2_m2,6.93095155004658,57,0,False,False,,,,,,,,,,,
margin,UCLA,scientific_f2_m2,6.927912889823369,58,0,False,False,,,,,,,,,,,
margin,Houston,scientific_f2_m2,6.900380257884923,59,0,False,False,,,,,,,,,,,
margin,Ole Miss,scientific_f2_m2,6.640974199770384,60,0,False,False,,,,,,,,,,,
margin,Louisiana,scientific_f2_m2,6.354179968183495,61,0,False,False,,,,,,,,,,,
margin,South Florida,scientific_f2_m2,6.0222070076455365,62,0,False,False,,,,,,,,,,,
margin,Air Force,scientific_f2_m2,5.361068940039144,63,0,False,False,,,,,,,,,,,
margin,Wake Forest,scientific_f2_m2,5.151250661167116,64,0,False,False,,,,,,,,,,,
margin,Michigan State,scientific_f2_m2,5.065522499362641,65,0,False,False,,,,,,,,,,,
margin,Kennesaw State,scientific_f2_m2,5.030304079695447,66,0,False,False,,,,,,,,,,,
margin,Colorado State,scientific_f2_m2,4.202923755571492,67,0,False,False,,,,,,,,,,,
margin,Navy,scientific_f2_m2,3.9125135182977147,68,0,False,False,,,,,,,,,,,
margin,San Diego State,scientific_f2_m2,3.7927458505678926,69,0,False,False,,,,,,,,,,,
margin,Florida State,scientific_f2_m2,3.6650690752919868,70,0,False,False,,,,,,,,,,,
margin,Jacksonville State,scientific_f2_m2,3.342954860221159,71,0,False,False,,,,,,,,,,,
margin,SMU,scientific_f2_m2,2.601146522216772,72,0,False,False,,,,,,,,,,,
margin,Cincinnati,scientific_f2_m2,2.0707409093750977,73,0,False,False,,,,,,,,,,,
margin,Memphis,scientific_f2_m2,1.9674569879833914,74,0,False,False,,,,,,,,,,,
margin,North Dakota State,scientific_f2_m2,1.8720889051874003,75,0,False,False,,,,,,,,,,,
margin,South Alabama,scientific_f2_m2,1.4291887960127854,76,0,False,False,,,,,,,,,,,
margin,Baylor,scientific_f2_m2,1.1796943852955826,77,0,False,False,,,,,,,,,,,
margin,New Mexico State,scientific_f2_m2,1.0439209358654429,78,0,False,False,,,,,,,,,,,
margin,Tulsa,scientific_f2_m2,0.9656618858042156,79,0,False,False,,,,,,,,,,,
margin,Middle Tennessee,scientific_f2_m2,0.9472716892512505,80,0,False,False,,,,,,,,,,,
margin,Duke,scientific_f2_m2,0.5434995218776173,81,0,False,False,,,,,,,,,,,
margin,Georgia Tech,scientific_f2_m2,0.24034038083127207,82,0,False,False,,,,,,,,,,,
margin,West Virginia,scientific_f2_m2,-1.2872047451542121,83,0,False,False,,,,,,,,,,,
margin,Old Dominion,scientific_f2_m2,-1.6780514797489925,84,0,False,False,,,,,,,,,,,
margin,Colorado,scientific_f2_m2,-1.7026667228194072,85,0,False,False,,,,,,,,,,,
margin,Massachusetts,scientific_f2_m2,-2.092297926490896,86,0,False,False,,,,,,,,,,,
margin,Arkansas,scientific_f2_m2,-2.117045816739145,87,0,False,False,,,,,,,,,,,
margin,Auburn,scientific_f2_m2,-4.1541231123402245,88,0,False,False,,,,,,,,,,,
margin,Toledo,scientific_f2_m2,-4.397628160181303,89,0,False,False,,,,,,,,,,,
margin,Troy,scientific_f2_m2,-4.733485230074953,90,0,False,False,,,,,,,,,,,
margin,James Madison,scientific_f2_m2,-5.305939196381363,91,0,False,False,,,,,,,,,,,
margin,Sam Houston,scientific_f2_m2,-6.156326573780317,92,0,False,False,,,,,,,,,,,
margin,Eastern Michigan,scientific_f2_m2,-6.953114967197523,93,0,False,False,,,,,,,,,,,
margin,Stanford,scientific_f2_m2,-7.311275373071567,94,0,False,False,,,,,,,,,,,
margin,Buffalo,scientific_f2_m2,-7.35966699369936,95,0,False,False,,,,,,,,,,,
margin,Charlotte,scientific_f2_m2,-7.87923420470936,96,0,False,False,,,,,,,,,,,
margin,Liberty,scientific_f2_m2,-7.884755842887144,97,0,False,False,,,,,,,,,,,
margin,Florida International,scientific_f2_m2,-8.303550308790566,98,0,False,False,,,,,,,,,,,
margin,Louisville,scientific_f2_m2,-9.037099749647805,99,0,False,False,,,,,,,,,,,
margin,Oregon State,scientific_f2_m2,-9.4599759904677,100,0,False,False,,,,,,,,,,,
margin,TCU,scientific_f2_m2,-9.70816617127091,101,0,False,False,,,,,,,,,,,
margin,UNLV,scientific_f2_m2,-9.815050160197128,102,0,False,False,,,,,,,,,,,
margin,Boston College,scientific_f2_m2,-10.996497025766981,103,0,False,False,,,,,,,,,,,
margin,Hawai'i,scientific_f2_m2,-11.699306605226305,104,0,False,False,,,,,,,,,,,
margin,Oklahoma State,scientific_f2_m2,-12.086210219437184,105,0,False,False,,,,,,,,,,,
margin,UAB,scientific_f2_m2,-12.439279943584033,106,0,False,False,,,,,,,,,,,
margin,Boise State,scientific_f2_m2,-13.070408496380846,107,0,False,False,,,,,,,,,,,
margin,Tulane,scientific_f2_m2,-13.146404019985308,108,0,False,False,,,,,,,,,,,
margin,Utah State,scientific_f2_m2,-13.151343403645146,109,0,False,False,,,,,,,,,,,
margin,Coastal Carolina,scientific_f2_m2,-13.67538573052877,110,0,False,False,,,,,,,,,,,
margin,California,scientific_f2_m2,-13.934204984260472,111,0,False,False,,,,,,,,,,,
margin,Western Michigan,scientific_f2_m2,-14.244154156717208,112,0,False,False,,,,,,,,,,,
margin,Rutgers,scientific_f2_m2,-15.236027550476987,113,0,False,False,,,,,,,,,,,
margin,Wisconsin,scientific_f2_m2,-15.24462749658272,114,0,False,False,,,,,,,,,,,
margin,Washington State,scientific_f2_m2,-15.541230854785205,115,0,False,False,,,,,,,,,,,
margin,San José State,scientific_f2_m2,-16.063043618220142,116,0,False,False,,,,,,,,,,,
margin,NC State,scientific_f2_m2,-16.70904378377623,117,0,False,False,,,,,,,,,,,
margin,Bowling Green,scientific_f2_m2,-17.305421010611884,118,0,False,False,,,,,,,,,,,
margin,Ohio,scientific_f2_m2,-17.88844488707263,119,0,False,False,,,,,,,,,,,
margin,East Carolina,scientific_f2_m2,-17.916519830982747,120,0,False,False,,,,,,,,,,,
margin,Clemson,scientific_f2_m2,-17.943745150824057,121,0,False,False,,,,,,,,,,,
margin,Arkansas State,scientific_f2_m2,-18.148688748920392,122,0,False,False,,,,,,,,,,,
margin,Fresno State,scientific_f2_m2,-19.881450547666894,123,0,False,False,,,,,,,,,,,
margin,Ball State,scientific_f2_m2,-20.023913633125993,124,0,False,False,,,,,,,,,,,
margin,Akron,scientific_f2_m2,-20.540970738910172,125,0,False,False,,,,,,,,,,,
margin,Wyoming,scientific_f2_m2,-20.663576425526585,126,0,False,False,,,,,,,,,,,
margin,Miami (OH),scientific_f2_m2,-21.169760231753827,127,0,False,False,,,,,,,,,,,
margin,Western Kentucky,scientific_f2_m2,-21.331130492521932,128,0,False,False,,,,,,,,,,,
margin,North Texas,scientific_f2_m2,-21.98554633389863,129,0,False,False,,,,,,,,,,,
margin,Central Michigan,scientific_f2_m2,-22.009813595498834,130,0,False,False,,,,,,,,,,,
margin,Florida Atlantic,scientific_f2_m2,-24.370312603287886,131,0,False,False,,,,,,,,,,,
margin,Texas State,scientific_f2_m2,-24.638943505623885,132,0,False,False,,,,,,,,,,,
margin,Kent State,scientific_f2_m2,-28.00106121671505,133,0,False,False,,,,,,,,,,,
margin,UL Monroe,scientific_f2_m2,-28.62565624542245,134,0,False,False,,,,,,,,,,,
margin,UTEP,scientific_f2_m2,-29.844663280534995,135,0,False,False,,,,,,,,,,,
margin,Marshall,scientific_f2_m2,-30.50283192518031,136,0,False,False,,,,,,,,,,,
margin,Northern Illinois,scientific_f2_m2,-32.01015069952765,137,0,False,False,,,,,,,,,,,
margin,Missouri State,scientific_f2_m2,-32.72335087658965,138,0,False,False,,,,,,,,,,,
margin,Georgia,scientific_f2_m3,31.484706349206345,1,25,True,True,,,,,,,,,,,
margin,LSU,scientific_f2_m3,28.02275952380952,2,24,True,False,,,,,,,,,,,
margin,Texas A&M,scientific_f2_m3,27.763973809523815,3,23,True,False,,,,,,,,,,,
margin,Ohio State,scientific_f2_m3,27.589504761904756,4,22,True,False,,,,,,,,,,,
margin,Syracuse,scientific_f2_m3,27.48186637806639,5,21,True,False,,,,,,,,,,,
margin,South Carolina,scientific_f2_m3,27.361129365079368,6,20,True,False,,,,,,,,,,,
margin,Kansas State,scientific_f2_m3,26.333693650793663,7,19,True,False,,,,,,,,,,,
margin,UCF,scientific_f2_m3,25.70409126984126,8,18,True,False,,,,,,,,,,,
margin,Maryland,scientific_f2_m3,25.59039126984126,9,17,True,False,,,,,,,,,,,
margin,Oklahoma,scientific_f2_m3,25.43202222222222,10,16,True,False,,,,,,,,,,,
margin,Alabama,scientific_f2_m3,24.160212626262624,11,15,True,False,,,,,,,,,,,
margin,Kansas,scientific_f2_m3,24.105644444444447,12,14,True,False,,,,,,,,,,,
margin,BYU,scientific_f2_m3,24.03031666666667,13,13,True,False,,,,,,,,,,,
margin,Tennessee,scientific_f2_m3,23.655900793650797,14,12,True,False,,,,,,,,,,,
margin,Mississippi State,scientific_f2_m3,23.11151190476192,15,11,True,False,,,,,,,,,,,
margin,UConn,scientific_f2_m3,23.05714920634921,16,10,True,False,,,,,,,,,,,
margin,Louisiana Tech,scientific_f2_m3,23.006788888888877,17,9,True,False,,,,,,,,,,,
margin,Army,scientific_f2_m3,21.19977777777779,18,8,True,False,,,,,,,,,,,
margin,Georgia State,scientific_f2_m3,20.70879047619047,19,7,True,False,,,,,,,,,,,
margin,Miami,scientific_f2_m3,20.312549206349225,20,6,True,False,,,,,,,,,,,
margin,App State,scientific_f2_m3,19.833023015873025,21,5,True,False,,,,,,,,,,,
margin,Penn State,scientific_f2_m3,19.778202380952386,22,4,True,False,,,,,,,,,,,
margin,Arizona State,scientific_f2_m3,19.543395238095233,23,3,True,False,,,,,,,,,,,
margin,Missouri,scientific_f2_m3,19.189331746031744,24,2,True,False,,,,,,,,,,,
margin,Utah,scientific_f2_m3,18.960246031746024,25,1,True,False,,,,,,,,,,,
margin,Florida,scientific_f2_m3,18.231582539682535,26,0,False,False,,,,,,,,,,,
margin,Texas,scientific_f2_m3,18.131030952380957,27,0,False,False,,,,,,,,,,,
margin,Minnesota,scientific_f2_m3,17.962231746031744,28,0,False,False,,,,,,,,,,,
margin,Pittsburgh,scientific_f2_m3,16.787535714285706,29,0,False,False,,,,,,,,,,,
margin,Kentucky,scientific_f2_m3,16.73138095238095,30,0,False,False,,,,,,,,,,,
margin,USC,scientific_f2_m3,16.448145238095236,31,0,False,False,,,,,,,,,,,
margin,Indiana,scientific_f2_m3,15.115993650793653,32,0,False,False,,,,,,,,,,,
margin,UTSA,scientific_f2_m3,14.59659523809524,33,0,False,False,,,,,,,,,,,
margin,Kennesaw State,scientific_f2_m3,14.258116666666668,34,0,False,False,,,,,,,,,,,
margin,Iowa,scientific_f2_m3,14.175879220779224,35,0,False,False,,,,,,,,,,,
margin,Notre Dame,scientific_f2_m3,13.907043024488132,36,0,False,False,,,,,,,,,,,
margin,Delaware,scientific_f2_m3,13.677429220779224,37,0,False,False,,,,,,,,,,,
margin,Virginia Tech,scientific_f2_m3,13.596818831168845,38,0,False,False,,,,,,,,,,,
margin,Arizona,scientific_f2_m3,13.382824603174607,39,0,False,False,,,,,,,,,,,
margin,Texas Tech,scientific_f2_m3,13.182409179709172,40,0,False,False,,,,,,,,,,,
margin,Purdue,scientific_f2_m3,13.09420586080586,41,0,False,False,,,,,,,,,,,
margin,Southern Miss,scientific_f2_m3,12.810817460317448,42,0,False,False,,,,,,,,,,,
margin,Georgia Southern,scientific_f2_m3,12.707180952380948,43,0,False,False,,,,,,,,,,,
margin,Nebraska,scientific_f2_m3,12.020969047619053,44,0,False,False,,,,,,,,,,,
margin,Air Force,scientific_f2_m3,11.215455774493696,45,0,False,False,,,,,,,,,,,
margin,Virginia,scientific_f2_m3,10.74943051948052,46,0,False,False,,,,,,,,,,,
margin,Illinois,scientific_f2_m3,10.522623809523813,47,0,False,False,,,,,,,,,,,
margin,UCLA,scientific_f2_m3,10.513388023088021,48,0,False,False,,,,,,,,,,,
margin,Michigan,scientific_f2_m3,9.567719160006652,49,0,False,False,,,,,,,,,,,
margin,Sacramento State,scientific_f2_m3,9.036217965367968,50,0,False,False,,,,,,,,,,,
margin,Rice,scientific_f2_m3,8.931194011544012,51,0,False,False,,,,,,,,,,,
margin,Louisiana,scientific_f2_m3,8.905733910533915,52,0,False,False,,,,,,,,,,,
margin,Iowa State,scientific_f2_m3,8.818370634920635,53,0,False,False,,,,,,,,,,,
margin,Arkansas,scientific_f2_m3,8.369066666666663,54,0,False,False,,,,,,,,,,,
margin,Nevada,scientific_f2_m3,7.915426984126987,55,0,False,False,,,,,,,,,,,
margin,Navy,scientific_f2_m3,7.86171904761905,56,0,False,False,,,,,,,,,,,
margin,Oregon,scientific_f2_m3,7.713565873015869,57,0,False,False,,,,,,,,,,,
margin,New Mexico,scientific_f2_m3,7.671328571428573,58,0,False,False,,,,,,,,,,,
margin,Old Dominion,scientific_f2_m3,7.567526190476184,59,0,False,False,,,,,,,,,,,
margin,Wake Forest,scientific_f2_m3,7.1189873015873095,60,0,False,False,,,,,,,,,,,
margin,San Diego State,scientific_f2_m3,7.052873015873009,61,0,False,False,,,,,,,,,,,
margin,Northwestern,scientific_f2_m3,7.0129238095238104,62,0,False,False,,,,,,,,,,,
margin,Washington,scientific_f2_m3,6.712716190476187,63,0,False,False,,,,,,,,,,,
margin,Colorado State,scientific_f2_m3,6.6739642857142885,64,0,False,False,,,,,,,,,,,
margin,Vanderbilt,scientific_f2_m3,6.651555922579838,65,0,False,False,,,,,,,,,,,
margin,Middle Tennessee,scientific_f2_m3,6.574177736006681,66,0,False,False,,,,,,,,,,,
margin,North Dakota State,scientific_f2_m3,6.257338095238095,67,0,False,False,,,,,,,,,,,
margin,Memphis,scientific_f2_m3,5.917947905416466,68,0,False,False,,,,,,,,,,,
margin,North Carolina,scientific_f2_m3,5.370215394083039,69,0,False,False,,,,,,,,,,,
margin,SMU,scientific_f2_m3,5.174156349206347,70,0,False,False,,,,,,,,,,,
margin,Houston,scientific_f2_m3,5.100154237627729,71,0,False,False,,,,,,,,,,,
margin,Temple,scientific_f2_m3,4.91028964519141,72,0,False,False,,,,,,,,,,,
margin,Michigan State,scientific_f2_m3,4.767665079365083,73,0,False,False,,,,,,,,,,,
margin,Jacksonville State,scientific_f2_m3,4.588507978279033,74,0,False,False,,,,,,,,,,,
margin,Massachusetts,scientific_f2_m3,4.560185091839463,75,0,False,False,,,,,,,,,,,
margin,New Mexico State,scientific_f2_m3,2.3518134920634925,76,0,False,False,,,,,,,,,,,
margin,Cincinnati,scientific_f2_m3,2.186052380952382,77,0,False,False,,,,,,,,,,,
margin,Tulsa,scientific_f2_m3,2.100816513056837,78,0,False,False,,,,,,,,,,,
margin,South Alabama,scientific_f2_m3,1.5654841269841278,79,0,False,False,,,,,,,,,,,
margin,Florida State,scientific_f2_m3,1.455952597402597,80,0,False,False,,,,,,,,,,,
margin,Duke,scientific_f2_m3,1.025233531746031,81,0,False,False,,,,,,,,,,,
margin,Colorado,scientific_f2_m3,0.6502384559884562,82,0,False,False,,,,,,,,,,,
margin,Auburn,scientific_f2_m3,0.04841904761904754,83,0,False,False,,,,,,,,,,,
margin,Ole Miss,scientific_f2_m3,-0.21364567099567075,84,0,False,False,,,,,,,,,,,
margin,South Florida,scientific_f2_m3,-0.5194023809523807,85,0,False,False,,,,,,,,,,,
margin,Buffalo,scientific_f2_m3,-0.9854895538395538,86,0,False,False,,,,,,,,,,,
margin,Georgia Tech,scientific_f2_m3,-1.8639111111111124,87,0,False,False,,,,,,,,,,,
margin,West Virginia,scientific_f2_m3,-2.3072460317460317,88,0,False,False,,,,,,,,,,,
margin,Baylor,scientific_f2_m3,-3.0630611111111112,89,0,False,False,,,,,,,,,,,
margin,Clemson,scientific_f2_m3,-3.4733269841269845,90,0,False,False,,,,,,,,,,,
margin,James Madison,scientific_f2_m3,-3.671196825396827,91,0,False,False,,,,,,,,,,,
margin,Eastern Michigan,scientific_f2_m3,-4.770455988455987,92,0,False,False,,,,,,,,,,,
margin,Louisville,scientific_f2_m3,-5.154627777777776,93,0,False,False,,,,,,,,,,,
margin,TCU,scientific_f2_m3,-5.4721865079365095,94,0,False,False,,,,,,,,,,,
margin,Sam Houston,scientific_f2_m3,-5.829674889376041,95,0,False,False,,,,,,,,,,,
margin,Troy,scientific_f2_m3,-5.963278571428572,96,0,False,False,,,,,,,,,,,
margin,Tulane,scientific_f2_m3,-6.845723593073593,97,0,False,False,,,,,,,,,,,
margin,Western Michigan,scientific_f2_m3,-7.052069047619053,98,0,False,False,,,,,,,,,,,
margin,Toledo,scientific_f2_m3,-7.055713997113999,99,0,False,False,,,,,,,,,,,
margin,Stanford,scientific_f2_m3,-7.3213857142857135,100,0,False,False,,,,,,,,,,,
margin,Bowling Green,scientific_f2_m3,-7.477934920634916,101,0,False,False,,,,,,,,,,,
margin,Liberty,scientific_f2_m3,-8.265925396825393,102,0,False,False,,,,,,,,,,,
margin,Charlotte,scientific_f2_m3,-8.26602287157287,103,0,False,False,,,,,,,,,,,
margin,California,scientific_f2_m3,-8.270061255411253,104,0,False,False,,,,,,,,,,,
margin,Wisconsin,scientific_f2_m3,-8.307603751803752,105,0,False,False,,,,,,,,,,,
margin,Utah State,scientific_f2_m3,-8.422212698412697,106,0,False,False,,,,,,,,,,,
margin,Florida International,scientific_f2_m3,-8.712402380952378,107,0,False,False,,,,,,,,,,,
margin,UNLV,scientific_f2_m3,-9.795412698412699,108,0,False,False,,,,,,,,,,,
margin,Coastal Carolina,scientific_f2_m3,-10.212796031746034,109,0,False,False,,,,,,,,,,,
margin,Boston College,scientific_f2_m3,-10.391270634920636,110,0,False,False,,,,,,,,,,,
margin,Boise State,scientific_f2_m3,-10.632022510822514,111,0,False,False,,,,,,,,,,,
margin,Oklahoma State,scientific_f2_m3,-10.662584126984118,112,0,False,False,,,,,,,,,,,
margin,UAB,scientific_f2_m3,-11.708876984126986,113,0,False,False,,,,,,,,,,,
margin,San José State,scientific_f2_m3,-12.120736507936515,114,0,False,False,,,,,,,,,,,
margin,NC State,scientific_f2_m3,-12.855533766233766,115,0,False,False,,,,,,,,,,,
margin,North Texas,scientific_f2_m3,-13.02725411255412,116,0,False,False,,,,,,,,,,,
margin,Washington State,scientific_f2_m3,-13.071617460317462,117,0,False,False,,,,,,,,,,,
margin,Rutgers,scientific_f2_m3,-13.427531168831166,118,0,False,False,,,,,,,,,,,
margin,Fresno State,scientific_f2_m3,-13.47466825396825,119,0,False,False,,,,,,,,,,,
margin,Hawai'i,scientific_f2_m3,-13.555838311688296,120,0,False,False,,,,,,,,,,,
margin,Oregon State,scientific_f2_m3,-14.120071428571428,121,0,False,False,,,,,,,,,,,
margin,Akron,scientific_f2_m3,-14.276561111111118,122,0,False,False,,,,,,,,,,,
margin,Central Michigan,scientific_f2_m3,-15.026028499278503,123,0,False,False,,,,,,,,,,,
margin,Arkansas State,scientific_f2_m3,-15.516514285714296,124,0,False,False,,,,,,,,,,,
margin,Texas State,scientific_f2_m3,-16.50541558441559,125,0,False,False,,,,,,,,,,,
margin,Wyoming,scientific_f2_m3,-16.6762113997114,126,0,False,False,,,,,,,,,,,
margin,East Carolina,scientific_f2_m3,-16.688153968253964,127,0,False,False,,,,,,,,,,,
margin,Ball State,scientific_f2_m3,-18.180152380952368,128,0,False,False,,,,,,,,,,,
margin,UTEP,scientific_f2_m3,-18.39520158730159,129,0,False,False,,,,,,,,,,,
margin,Florida Atlantic,scientific_f2_m3,-18.681703968253988,130,0,False,False,,,,,,,,,,,
margin,UL Monroe,scientific_f2_m3,-18.942841269841267,131,0,False,False,,,,,,,,,,,
margin,Kent State,scientific_f2_m3,-20.011506349206346,132,0,False,False,,,,,,,,,,,
margin,Miami (OH),scientific_f2_m3,-20.11928506493507,133,0,False,False,,,,,,,,,,,
margin,Missouri State,scientific_f2_m3,-20.171723809523822,134,0,False,False,,,,,,,,,,,
margin,Ohio,scientific_f2_m3,-20.188250000000004,135,0,False,False,,,,,,,,,,,
margin,Northern Illinois,scientific_f2_m3,-20.763120562770556,136,0,False,False,,,,,,,,,,,
margin,Western Kentucky,scientific_f2_m3,-21.33137936507938,137,0,False,False,,,,,,,,,,,
margin,Marshall,scientific_f2_m3,-22.1439953823954,138,0,False,False,,,,,,,,,,,
margin,Georgia,scientific_f2_m4,31.087801247688162,1,25,True,True,,,,,,,,,,,
margin,Ohio State,scientific_f2_m4,28.106138350987756,2,24,True,False,,,,,,,,,,,
margin,South Carolina,scientific_f2_m4,27.398493203082577,3,23,True,False,,,,,,,,,,,
margin,Texas,scientific_f2_m4,26.142295201210914,4,22,True,False,,,,,,,,,,,
margin,Texas A&M,scientific_f2_m4,26.06317683499741,5,21,True,False,,,,,,,,,,,
margin,Kansas State,scientific_f2_m4,24.883357354414084,6,20,True,False,,,,,,,,,,,
margin,Alabama,scientific_f2_m4,24.8399052308429,7,19,True,False,,,,,,,,,,,
margin,LSU,scientific_f2_m4,24.26286814977612,8,18,True,False,,,,,,,,,,,
margin,Syracuse,scientific_f2_m4,23.295317936661743,9,17,True,False,,,,,,,,,,,
margin,BYU,scientific_f2_m4,23.27325394058365,10,16,True,False,,,,,,,,,,,
margin,UCF,scientific_f2_m4,22.646905385752895,11,15,True,False,,,,,,,,,,,
margin,Mississippi State,scientific_f2_m4,22.50563584115001,12,14,True,False,,,,,,,,,,,
margin,Penn State,scientific_f2_m4,22.463960046709385,13,13,True,False,,,,,,,,,,,
margin,Maryland,scientific_f2_m4,22.410080347890435,14,12,True,False,,,,,,,,,,,
margin,Kansas,scientific_f2_m4,22.055118579365406,15,11,True,False,,,,,,,,,,,
margin,Florida,scientific_f2_m4,21.72925983013965,16,10,True,False,,,,,,,,,,,
margin,Tennessee,scientific_f2_m4,21.110722578154412,17,9,True,False,,,,,,,,,,,
margin,Army,scientific_f2_m4,21.101549496628387,18,8,True,False,,,,,,,,,,,
margin,Oklahoma,scientific_f2_m4,20.12052665997002,19,7,True,False,,,,,,,,,,,
margin,Missouri,scientific_f2_m4,19.768207648067957,20,6,True,False,,,,,,,,,,,
margin,UConn,scientific_f2_m4,18.334087741080495,21,5,True,False,,,,,,,,,,,
margin,Miami,scientific_f2_m4,17.75694524065656,22,4,True,False,,,,,,,,,,,
margin,Utah,scientific_f2_m4,17.61995263435864,23,3,True,False,,,,,,,,,,,
margin,Arizona State,scientific_f2_m4,16.55603688551028,24,2,True,False,,,,,,,,,,,
margin,Notre Dame,scientific_f2_m4,16.330904698463517,25,1,True,False,,,,,,,,,,,
margin,Pittsburgh,scientific_f2_m4,15.908975756454213,26,0,False,False,,,,,,,,,,,
margin,Kentucky,scientific_f2_m4,15.260781084235495,27,0,False,False,,,,,,,,,,,
margin,Louisiana Tech,scientific_f2_m4,15.151722314975448,28,0,False,False,,,,,,,,,,,
margin,Virginia,scientific_f2_m4,14.775420186722329,29,0,False,False,,,,,,,,,,,
margin,USC,scientific_f2_m4,14.55015864235655,30,0,False,False,,,,,,,,,,,
margin,Georgia State,scientific_f2_m4,14.481098266384233,31,0,False,False,,,,,,,,,,,
margin,Arizona,scientific_f2_m4,14.262069266863852,32,0,False,False,,,,,,,,,,,
margin,Iowa,scientific_f2_m4,13.636192656412124,33,0,False,False,,,,,,,,,,,
margin,Minnesota,scientific_f2_m4,13.524622477359403,34,0,False,False,,,,,,,,,,,
margin,Nebraska,scientific_f2_m4,13.17408381176316,35,0,False,False,,,,,,,,,,,
margin,Michigan,scientific_f2_m4,12.78836678472893,36,0,False,False,,,,,,,,,,,
margin,Texas Tech,scientific_f2_m4,12.360850273608925,37,0,False,False,,,,,,,,,,,
margin,Nevada,scientific_f2_m4,12.146143079654893,38,0,False,False,,,,,,,,,,,
margin,Indiana,scientific_f2_m4,12.132383185996023,39,0,False,False,,,,,,,,,,,
margin,Sacramento State,scientific_f2_m4,11.994011216533298,40,0,False,False,,,,,,,,,,,
margin,Kennesaw State,scientific_f2_m4,11.94909016749808,41,0,False,False,,,,,,,,,,,
margin,Delaware,scientific_f2_m4,11.934275735628246,42,0,False,False,,,,,,,,,,,
margin,UTSA,scientific_f2_m4,11.57960937998645,43,0,False,False,,,,,,,,,,,
margin,Georgia Southern,scientific_f2_m4,10.910564836758672,44,0,False,False,,,,,,,,,,,
margin,Iowa State,scientific_f2_m4,10.447343278707493,45,0,False,False,,,,,,,,,,,
margin,Virginia Tech,scientific_f2_m4,10.08813755756496,46,0,False,False,,,,,,,,,,,
margin,UCLA,scientific_f2_m4,9.34085104439815,47,0,False,False,,,,,,,,,,,
margin,Houston,scientific_f2_m4,9.136686210213758,48,0,False,False,,,,,,,,,,,
margin,App State,scientific_f2_m4,8.125493880567907,49,0,False,False,,,,,,,,,,,
margin,Northwestern,scientific_f2_m4,7.863494352412576,50,0,False,False,,,,,,,,,,,
margin,Purdue,scientific_f2_m4,7.830979520643297,51,0,False,False,,,,,,,,,,,
margin,Temple,scientific_f2_m4,7.822618720803979,52,0,False,False,,,,,,,,,,,
margin,San Diego State,scientific_f2_m4,7.7757388371999525,53,0,False,False,,,,,,,,,,,
margin,Washington,scientific_f2_m4,7.763200022946534,54,0,False,False,,,,,,,,,,,
margin,Rice,scientific_f2_m4,6.638107086322516,55,0,False,False,,,,,,,,,,,
margin,Southern Miss,scientific_f2_m4,6.153884374674075,56,0,False,False,,,,,,,,,,,
margin,Memphis,scientific_f2_m4,5.909726092216727,57,0,False,False,,,,,,,,,,,
margin,Arkansas,scientific_f2_m4,5.6442674252946565,58,0,False,False,,,,,,,,,,,
margin,Vanderbilt,scientific_f2_m4,5.616826978790954,59,0,False,False,,,,,,,,,,,
margin,Jacksonville State,scientific_f2_m4,5.519297109697291,60,0,False,False,,,,,,,,,,,
margin,Air Force,scientific_f2_m4,5.405074483163758,61,0,False,False,,,,,,,,,,,
margin,North Carolina,scientific_f2_m4,4.662424346380249,62,0,False,False,,,,,,,,,,,
margin,Illinois,scientific_f2_m4,4.543648874244745,63,0,False,False,,,,,,,,,,,
margin,SMU,scientific_f2_m4,4.541471307583044,64,0,False,False,,,,,,,,,,,
margin,New Mexico,scientific_f2_m4,4.37062262244113,65,0,False,False,,,,,,,,,,,
margin,Oregon,scientific_f2_m4,4.332922294321778,66,0,False,False,,,,,,,,,,,
margin,Louisiana,scientific_f2_m4,4.214847163056584,67,0,False,False,,,,,,,,,,,
margin,Ole Miss,scientific_f2_m4,4.079276768863136,68,0,False,False,,,,,,,,,,,
margin,Duke,scientific_f2_m4,3.7814402236757383,69,0,False,False,,,,,,,,,,,
margin,Cincinnati,scientific_f2_m4,3.6644786915202774,70,0,False,False,,,,,,,,,,,
margin,Old Dominion,scientific_f2_m4,3.619805665482708,71,0,False,False,,,,,,,,,,,
margin,New Mexico State,scientific_f2_m4,3.4166466670008404,72,0,False,False,,,,,,,,,,,
margin,Michigan State,scientific_f2_m4,3.227060123227784,73,0,False,False,,,,,,,,,,,
margin,South Florida,scientific_f2_m4,3.177370015754507,74,0,False,False,,,,,,,,,,,
margin,Colorado State,scientific_f2_m4,2.935670765149914,75,0,False,False,,,,,,,,,,,
margin,South Alabama,scientific_f2_m4,2.6854974132613374,76,0,False,False,,,,,,,,,,,
margin,Wake Forest,scientific_f2_m4,1.977911062479183,77,0,False,False,,,,,,,,,,,
margin,Massachusetts,scientific_f2_m4,1.9631613138629165,78,0,False,False,,,,,,,,,,,
margin,North Dakota State,scientific_f2_m4,1.735500887157257,79,0,False,False,,,,,,,,,,,
margin,Tulsa,scientific_f2_m4,1.6192252787196473,80,0,False,False,,,,,,,,,,,
margin,Georgia Tech,scientific_f2_m4,1.3738512496868236,81,0,False,False,,,,,,,,,,,
margin,Baylor,scientific_f2_m4,1.0718355248682832,82,0,False,False,,,,,,,,,,,
margin,Navy,scientific_f2_m4,0.8705838339094394,83,0,False,False,,,,,,,,,,,
margin,Florida State,scientific_f2_m4,0.8203482874970409,84,0,False,False,,,,,,,,,,,
margin,Colorado,scientific_f2_m4,0.572776818297921,85,0,False,False,,,,,,,,,,,
margin,Middle Tennessee,scientific_f2_m4,-0.1950243409691052,86,0,False,False,,,,,,,,,,,
margin,Auburn,scientific_f2_m4,-1.634717580204997,87,0,False,False,,,,,,,,,,,
margin,Clemson,scientific_f2_m4,-2.2210713764658196,88,0,False,False,,,,,,,,,,,
margin,West Virginia,scientific_f2_m4,-3.6763684600551407,89,0,False,False,,,,,,,,,,,
margin,Stanford,scientific_f2_m4,-4.566895163147052,90,0,False,False,,,,,,,,,,,
margin,Sam Houston,scientific_f2_m4,-4.717864895356332,91,0,False,False,,,,,,,,,,,
margin,Eastern Michigan,scientific_f2_m4,-5.4078374895872265,92,0,False,False,,,,,,,,,,,
margin,TCU,scientific_f2_m4,-5.571476326129648,93,0,False,False,,,,,,,,,,,
margin,Tulane,scientific_f2_m4,-6.318752817201266,94,0,False,False,,,,,,,,,,,
margin,Liberty,scientific_f2_m4,-7.21055080612639,95,0,False,False,,,,,,,,,,,
margin,Buffalo,scientific_f2_m4,-7.273768796850291,96,0,False,False,,,,,,,,,,,
margin,Troy,scientific_f2_m4,-7.517180330926339,97,0,False,False,,,,,,,,,,,
margin,Toledo,scientific_f2_m4,-7.608976079787248,98,0,False,False,,,,,,,,,,,
margin,Western Michigan,scientific_f2_m4,-7.749861626193283,99,0,False,False,,,,,,,,,,,
margin,James Madison,scientific_f2_m4,-7.835534727957383,100,0,False,False,,,,,,,,,,,
margin,California,scientific_f2_m4,-8.095489857802061,101,0,False,False,,,,,,,,,,,
margin,UNLV,scientific_f2_m4,-8.151169231449767,102,0,False,False,,,,,,,,,,,
margin,Boston College,scientific_f2_m4,-8.603468421253755,103,0,False,False,,,,,,,,,,,
margin,Boise State,scientific_f2_m4,-8.835072665798982,104,0,False,False,,,,,,,,,,,
margin,East Carolina,scientific_f2_m4,-9.33754600111873,105,0,False,False,,,,,,,,,,,
margin,Louisville,scientific_f2_m4,-9.496397715866637,106,0,False,False,,,,,,,,,,,
margin,Oregon State,scientific_f2_m4,-9.664889489891808,107,0,False,False,,,,,,,,,,,
margin,Wisconsin,scientific_f2_m4,-10.423079064530453,108,0,False,False,,,,,,,,,,,
margin,Charlotte,scientific_f2_m4,-10.746587778266612,109,0,False,False,,,,,,,,,,,
margin,North Texas,scientific_f2_m4,-10.859217697843281,110,0,False,False,,,,,,,,,,,
margin,Oklahoma State,scientific_f2_m4,-11.157962725125463,111,0,False,False,,,,,,,,,,,
margin,Florida International,scientific_f2_m4,-11.281103890223294,112,0,False,False,,,,,,,,,,,
margin,Bowling Green,scientific_f2_m4,-11.77901458790981,113,0,False,False,,,,,,,,,,,
margin,UAB,scientific_f2_m4,-11.924209721980752,114,0,False,False,,,,,,,,,,,
margin,Fresno State,scientific_f2_m4,-12.212957141199219,115,0,False,False,,,,,,,,,,,
margin,San José State,scientific_f2_m4,-12.441316827094138,116,0,False,False,,,,,,,,,,,
margin,Utah State,scientific_f2_m4,-12.572742465243845,117,0,False,False,,,,,,,,,,,
margin,Arkansas State,scientific_f2_m4,-12.802167134623872,118,0,False,False,,,,,,,,,,,
margin,Washington State,scientific_f2_m4,-13.093998711790052,119,0,False,False,,,,,,,,,,,
margin,Coastal Carolina,scientific_f2_m4,-13.44761489456804,120,0,False,False,,,,,,,,,,,
margin,Rutgers,scientific_f2_m4,-13.465810322694454,121,0,False,False,,,,,,,,,,,
margin,UL Monroe,scientific_f2_m4,-13.642425613568427,122,0,False,False,,,,,,,,,,,
margin,Central Michigan,scientific_f2_m4,-14.275807986259583,123,0,False,False,,,,,,,,,,,
margin,Miami (OH),scientific_f2_m4,-14.81010557616497,124,0,False,False,,,,,,,,,,,
margin,NC State,scientific_f2_m4,-15.558258926169593,125,0,False,False,,,,,,,,,,,
margin,Missouri State,scientific_f2_m4,-16.088465788605472,126,0,False,False,,,,,,,,,,,
margin,Ball State,scientific_f2_m4,-16.304109109685804,127,0,False,False,,,,,,,,,,,
margin,Akron,scientific_f2_m4,-16.542412631704565,128,0,False,False,,,,,,,,,,,
margin,Texas State,scientific_f2_m4,-16.583395001696235,129,0,False,False,,,,,,,,,,,
margin,Hawai'i,scientific_f2_m4,-16.625278766985,130,0,False,False,,,,,,,,,,,
margin,UTEP,scientific_f2_m4,-17.194633729866464,131,0,False,False,,,,,,,,,,,
margin,Wyoming,scientific_f2_m4,-17.369945499358124,132,0,False,False,,,,,,,,,,,
margin,Florida Atlantic,scientific_f2_m4,-19.683499197568956,133,0,False,False,,,,,,,,,,,
margin,Western Kentucky,scientific_f2_m4,-20.29324633049123,134,0,False,False,,,,,,,,,,,
margin,Kent State,scientific_f2_m4,-20.487098401509417,135,0,False,False,,,,,,,,,,,
margin,Marshall,scientific_f2_m4,-22.272557050259117,136,0,False,False,,,,,,,,,,,
margin,Ohio,scientific_f2_m4,-22.777560477930017,137,0,False,False,,,,,,,,,,,
margin,Northern Illinois,scientific_f2_m4,-25.01371903434723,138,0,False,False,,,,,,,,,,,
margin,Georgia,scientific_f2_m5,54.56581497192383,1,25,True,True,,,,,,,,,,,
margin,South Carolina,scientific_f2_m5,40.074005126953125,2,24,True,False,,,,,,,,,,,
margin,Florida,scientific_f2_m5,35.52825927734375,3,23,True,False,,,,,,,,,,,
margin,Texas,scientific_f2_m5,33.13873291015625,4,22,True,False,,,,,,,,,,,
margin,Mississippi State,scientific_f2_m5,32.22556686401367,5,21,True,False,,,,,,,,,,,
margin,UCF,scientific_f2_m5,31.11031150817871,6,20,True,False,,,,,,,,,,,
margin,Ohio State,scientific_f2_m5,29.856765747070312,7,19,True,False,,,,,,,,,,,
margin,Arizona State,scientific_f2_m5,29.51026153564453,8,18,True,False,,,,,,,,,,,
margin,LSU,scientific_f2_m5,28.76848602294922,9,17,True,False,,,,,,,,,,,
margin,Virginia Tech,scientific_f2_m5,28.592636108398438,10,16,True,False,,,,,,,,,,,
margin,Miami,scientific_f2_m5,27.96314811706543,11,15,True,False,,,,,,,,,,,
margin,Tennessee,scientific_f2_m5,27.021352767944336,12,14,True,False,,,,,,,,,,,
margin,Texas A&M,scientific_f2_m5,26.864818572998047,13,13,True,False,,,,,,,,,,,
margin,App State,scientific_f2_m5,26.439250946044922,14,12,True,False,,,,,,,,,,,
margin,Michigan State,scientific_f2_m5,25.950571060180664,15,11,True,False,,,,,,,,,,,
margin,Nebraska,scientific_f2_m5,25.71491050720215,16,10,True,False,,,,,,,,,,,
margin,Kansas State,scientific_f2_m5,25.121076583862305,17,9,True,False,,,,,,,,,,,
margin,BYU,scientific_f2_m5,24.447555541992188,18,8,True,False,,,,,,,,,,,
margin,Maryland,scientific_f2_m5,23.278034210205078,19,7,True,False,,,,,,,,,,,
margin,Kentucky,scientific_f2_m5,21.634292602539062,20,6,True,False,,,,,,,,,,,
margin,Syracuse,scientific_f2_m5,21.447269439697266,21,5,True,False,,,,,,,,,,,
margin,Louisiana,scientific_f2_m5,21.203540802001953,22,4,True,False,,,,,,,,,,,
margin,Sacramento State,scientific_f2_m5,20.851356506347656,23,3,True,False,,,,,,,,,,,
margin,Minnesota,scientific_f2_m5,20.157440185546875,24,2,True,False,,,,,,,,,,,
margin,Pittsburgh,scientific_f2_m5,19.43246841430664,25,1,True,False,,,,,,,,,,,
margin,Penn State,scientific_f2_m5,19.138595581054688,26,0,False,False,,,,,,,,,,,
margin,UConn,scientific_f2_m5,18.485130310058594,27,0,False,False,,,,,,,,,,,
margin,Louisiana Tech,scientific_f2_m5,18.04849624633789,28,0,False,False,,,,,,,,,,,
margin,UCLA,scientific_f2_m5,17.6850643157959,29,0,False,False,,,,,,,,,,,
margin,Kansas,scientific_f2_m5,17.411968231201172,30,0,False,False,,,,,,,,,,,
margin,Oklahoma,scientific_f2_m5,17.25867462158203,31,0,False,False,,,,,,,,,,,
margin,Army,scientific_f2_m5,17.18944549560547,32,0,False,False,,,,,,,,,,,
margin,Indiana,scientific_f2_m5,15.672908782958984,33,0,False,False,,,,,,,,,,,
margin,South Florida,scientific_f2_m5,15.552783966064453,34,0,False,False,,,,,,,,,,,
margin,Illinois,scientific_f2_m5,15.384114265441895,35,0,False,False,,,,,,,,,,,
margin,Texas Tech,scientific_f2_m5,14.812366485595703,36,0,False,False,,,,,,,,,,,
margin,Southern Miss,scientific_f2_m5,14.190178871154785,37,0,False,False,,,,,,,,,,,
margin,Georgia State,scientific_f2_m5,13.647668838500977,38,0,False,False,,,,,,,,,,,
margin,Nevada,scientific_f2_m5,13.426621437072754,39,0,False,False,,,,,,,,,,,
margin,Arizona,scientific_f2_m5,13.268184661865234,40,0,False,False,,,,,,,,,,,
margin,Purdue,scientific_f2_m5,12.663455963134766,41,0,False,False,,,,,,,,,,,
margin,Colorado,scientific_f2_m5,12.569679260253906,42,0,False,False,,,,,,,,,,,
margin,San Diego State,scientific_f2_m5,12.554352760314941,43,0,False,False,,,,,,,,,,,
margin,Missouri,scientific_f2_m5,12.337753295898438,44,0,False,False,,,,,,,,,,,
margin,Michigan,scientific_f2_m5,12.279324531555176,45,0,False,False,,,,,,,,,,,
margin,Notre Dame,scientific_f2_m5,12.217987060546875,46,0,False,False,,,,,,,,,,,
margin,Houston,scientific_f2_m5,11.642414093017578,47,0,False,False,,,,,,,,,,,
margin,Delaware,scientific_f2_m5,11.488173484802246,48,0,False,False,,,,,,,,,,,
margin,USC,scientific_f2_m5,11.059366226196289,49,0,False,False,,,,,,,,,,,
margin,Utah,scientific_f2_m5,10.33163833618164,50,0,False,False,,,,,,,,,,,
margin,Massachusetts,scientific_f2_m5,10.182394027709961,51,0,False,False,,,,,,,,,,,
margin,Ole Miss,scientific_f2_m5,9.305305480957031,52,0,False,False,,,,,,,,,,,
margin,Alabama,scientific_f2_m5,8.738089561462402,53,0,False,False,,,,,,,,,,,
margin,Florida State,scientific_f2_m5,7.6832356452941895,54,0,False,False,,,,,,,,,,,
margin,Northwestern,scientific_f2_m5,6.93051815032959,55,0,False,False,,,,,,,,,,,
margin,Oregon,scientific_f2_m5,6.838466644287109,56,0,False,False,,,,,,,,,,,
margin,Auburn,scientific_f2_m5,6.254123687744141,57,0,False,False,,,,,,,,,,,
margin,Rice,scientific_f2_m5,5.445226669311523,58,0,False,False,,,,,,,,,,,
margin,Navy,scientific_f2_m5,5.270602703094482,59,0,False,False,,,,,,,,,,,
margin,North Carolina,scientific_f2_m5,5.14660120010376,60,0,False,False,,,,,,,,,,,
margin,Temple,scientific_f2_m5,4.9423980712890625,61,0,False,False,,,,,,,,,,,
margin,Air Force,scientific_f2_m5,4.165624618530273,62,0,False,False,,,,,,,,,,,
margin,SMU,scientific_f2_m5,2.6481595039367676,63,0,False,False,,,,,,,,,,,
margin,Vanderbilt,scientific_f2_m5,2.6092529296875,64,0,False,False,,,,,,,,,,,
margin,Baylor,scientific_f2_m5,1.906463623046875,65,0,False,False,,,,,,,,,,,
margin,Iowa,scientific_f2_m5,1.8708457946777344,66,0,False,False,,,,,,,,,,,
margin,Duke,scientific_f2_m5,1.5693283081054688,67,0,False,False,,,,,,,,,,,
margin,Kennesaw State,scientific_f2_m5,0.9808964133262634,68,0,False,False,,,,,,,,,,,
margin,Jacksonville State,scientific_f2_m5,0.8860840201377869,69,0,False,False,,,,,,,,,,,
margin,Hawai'i,scientific_f2_m5,0.20890134572982788,70,0,False,False,,,,,,,,,,,
margin,Georgia Tech,scientific_f2_m5,-0.44621139764785767,71,0,False,False,,,,,,,,,,,
margin,Liberty,scientific_f2_m5,-0.6233447194099426,72,0,False,False,,,,,,,,,,,
margin,TCU,scientific_f2_m5,-0.9585409760475159,73,0,False,False,,,,,,,,,,,
margin,Florida International,scientific_f2_m5,-1.0942883491516113,74,0,False,False,,,,,,,,,,,
margin,South Alabama,scientific_f2_m5,-1.2135579586029053,75,0,False,False,,,,,,,,,,,
margin,Memphis,scientific_f2_m5,-1.4922170639038086,76,0,False,False,,,,,,,,,,,
margin,Iowa State,scientific_f2_m5,-1.5588397979736328,77,0,False,False,,,,,,,,,,,
margin,Washington,scientific_f2_m5,-1.562098503112793,78,0,False,False,,,,,,,,,,,
margin,New Mexico State,scientific_f2_m5,-2.1783366203308105,79,0,False,False,,,,,,,,,,,
margin,Georgia Southern,scientific_f2_m5,-3.138700485229492,80,0,False,False,,,,,,,,,,,
margin,Tulsa,scientific_f2_m5,-3.803830146789551,81,0,False,False,,,,,,,,,,,
margin,Charlotte,scientific_f2_m5,-3.8174667358398438,82,0,False,False,,,,,,,,,,,
margin,Arkansas,scientific_f2_m5,-4.049302577972412,83,0,False,False,,,,,,,,,,,
margin,Wake Forest,scientific_f2_m5,-4.394168376922607,84,0,False,False,,,,,,,,,,,
margin,San José State,scientific_f2_m5,-4.424188137054443,85,0,False,False,,,,,,,,,,,
margin,Stanford,scientific_f2_m5,-4.448388576507568,86,0,False,False,,,,,,,,,,,
margin,Louisville,scientific_f2_m5,-4.4794206619262695,87,0,False,False,,,,,,,,,,,
margin,UNLV,scientific_f2_m5,-4.7036237716674805,88,0,False,False,,,,,,,,,,,
margin,Boston College,scientific_f2_m5,-5.36644172668457,89,0,False,False,,,,,,,,,,,
margin,Colorado State,scientific_f2_m5,-5.396173000335693,90,0,False,False,,,,,,,,,,,
margin,Virginia,scientific_f2_m5,-5.476016521453857,91,0,False,False,,,,,,,,,,,
margin,Clemson,scientific_f2_m5,-5.659683704376221,92,0,False,False,,,,,,,,,,,
margin,Tulane,scientific_f2_m5,-6.041615962982178,93,0,False,False,,,,,,,,,,,
margin,California,scientific_f2_m5,-6.313797950744629,94,0,False,False,,,,,,,,,,,
margin,Coastal Carolina,scientific_f2_m5,-7.241783618927002,95,0,False,False,,,,,,,,,,,
margin,Oregon State,scientific_f2_m5,-7.3004326820373535,96,0,False,False,,,,,,,,,,,
margin,New Mexico,scientific_f2_m5,-7.742654800415039,97,0,False,False,,,,,,,,,,,
margin,Eastern Michigan,scientific_f2_m5,-8.083597183227539,98,0,False,False,,,,,,,,,,,
margin,North Dakota State,scientific_f2_m5,-8.247964859008789,99,0,False,False,,,,,,,,,,,
margin,UTSA,scientific_f2_m5,-8.574968338012695,100,0,False,False,,,,,,,,,,,
margin,Cincinnati,scientific_f2_m5,-9.267890930175781,101,0,False,False,,,,,,,,,,,
margin,West Virginia,scientific_f2_m5,-9.43724250793457,102,0,False,False,,,,,,,,,,,
margin,Boise State,scientific_f2_m5,-9.558435440063477,103,0,False,False,,,,,,,,,,,
margin,Middle Tennessee,scientific_f2_m5,-9.657679557800293,104,0,False,False,,,,,,,,,,,
margin,Akron,scientific_f2_m5,-10.102020263671875,105,0,False,False,,,,,,,,,,,
margin,UAB,scientific_f2_m5,-10.27914810180664,106,0,False,False,,,,,,,,,,,
margin,Rutgers,scientific_f2_m5,-11.177580833435059,107,0,False,False,,,,,,,,,,,
margin,James Madison,scientific_f2_m5,-11.542815208435059,108,0,False,False,,,,,,,,,,,
margin,Ohio,scientific_f2_m5,-11.68486213684082,109,0,False,False,,,,,,,,,,,
margin,Troy,scientific_f2_m5,-13.569900512695312,110,0,False,False,,,,,,,,,,,
margin,Bowling Green,scientific_f2_m5,-13.949710845947266,111,0,False,False,,,,,,,,,,,
margin,Buffalo,scientific_f2_m5,-14.133810997009277,112,0,False,False,,,,,,,,,,,
margin,Wisconsin,scientific_f2_m5,-14.749007225036621,113,0,False,False,,,,,,,,,,,
margin,NC State,scientific_f2_m5,-14.926139831542969,114,0,False,False,,,,,,,,,,,
margin,Sam Houston,scientific_f2_m5,-15.289199829101562,115,0,False,False,,,,,,,,,,,
margin,Western Michigan,scientific_f2_m5,-17.319421768188477,116,0,False,False,,,,,,,,,,,
margin,Old Dominion,scientific_f2_m5,-17.953447341918945,117,0,False,False,,,,,,,,,,,
margin,Oklahoma State,scientific_f2_m5,-18.269521713256836,118,0,False,False,,,,,,,,,,,
margin,Washington State,scientific_f2_m5,-18.881229400634766,119,0,False,False,,,,,,,,,,,
margin,Western Kentucky,scientific_f2_m5,-19.765663146972656,120,0,False,False,,,,,,,,,,,
margin,Ball State,scientific_f2_m5,-20.917320251464844,121,0,False,False,,,,,,,,,,,
margin,Miami (OH),scientific_f2_m5,-21.358734130859375,122,0,False,False,,,,,,,,,,,
margin,Central Michigan,scientific_f2_m5,-22.58403968811035,123,0,False,False,,,,,,,,,,,
margin,UL Monroe,scientific_f2_m5,-22.69369125366211,124,0,False,False,,,,,,,,,,,
margin,Arkansas State,scientific_f2_m5,-23.776063919067383,125,0,False,False,,,,,,,,,,,
margin,Utah State,scientific_f2_m5,-23.983383178710938,126,0,False,False,,,,,,,,,,,
margin,Marshall,scientific_f2_m5,-24.051712036132812,127,0,False,False,,,,,,,,,,,
margin,Northern Illinois,scientific_f2_m5,-24.40825080871582,128,0,False,False,,,,,,,,,,,
margin,Toledo,scientific_f2_m5,-25.000606536865234,129,0,False,False,,,,,,,,,,,
margin,East Carolina,scientific_f2_m5,-26.249858856201172,130,0,False,False,,,,,,,,,,,
margin,Florida Atlantic,scientific_f2_m5,-26.95702362060547,131,0,False,False,,,,,,,,,,,
margin,Wyoming,scientific_f2_m5,-27.029054641723633,132,0,False,False,,,,,,,,,,,
margin,Missouri State,scientific_f2_m5,-28.9117374420166,133,0,False,False,,,,,,,,,,,
margin,Fresno State,scientific_f2_m5,-30.431652069091797,134,0,False,False,,,,,,,,,,,
margin,UTEP,scientific_f2_m5,-31.835105895996094,135,0,False,False,,,,,,,,,,,
margin,Kent State,scientific_f2_m5,-35.28417205810547,136,0,False,False,,,,,,,,,,,
margin,Texas State,scientific_f2_m5,-36.38849639892578,137,0,False,False,,,,,,,,,,,
margin,North Texas,scientific_f2_m5,-37.94325256347656,138,0,False,False,,,,,,,,,,,
margin,Kansas State,scientific_f2_m10,35.79996266561155,1,25,True,True,,,,,,,,,,,
margin,Georgia,scientific_f2_m10,35.61954712788982,2,24,True,False,,,,,,,,,,,
margin,South Carolina,scientific_f2_m10,34.2817602337496,3,23,True,False,,,,,,,,,,,
margin,Louisiana Tech,scientific_f2_m10,31.04771243545438,4,22,True,False,,,,,,,,,,,
margin,Kansas,scientific_f2_m10,29.792430169018015,5,21,True,False,,,,,,,,,,,
margin,Maryland,scientific_f2_m10,28.42624122347276,6,20,True,False,,,,,,,,,,,
margin,UCF,scientific_f2_m10,28.046622269219988,7,19,True,False,,,,,,,,,,,
margin,Syracuse,scientific_f2_m10,27.516432447154525,8,18,True,False,,,,,,,,,,,
margin,LSU,scientific_f2_m10,26.699381326179545,9,17,True,False,,,,,,,,,,,
margin,Penn State,scientific_f2_m10,26.68456922609333,10,16,True,False,,,,,,,,,,,
margin,App State,scientific_f2_m10,26.415898702460257,11,15,True,False,,,,,,,,,,,
margin,Missouri,scientific_f2_m10,26.34191003109618,12,14,True,False,,,,,,,,,,,
margin,Kennesaw State,scientific_f2_m10,25.732077160818122,13,13,True,False,,,,,,,,,,,
margin,Tennessee,scientific_f2_m10,24.810466363375824,14,12,True,False,,,,,,,,,,,
margin,Virginia,scientific_f2_m10,24.529693278640423,15,11,True,False,,,,,,,,,,,
margin,Virginia Tech,scientific_f2_m10,24.510318860209402,16,10,True,False,,,,,,,,,,,
margin,Ohio State,scientific_f2_m10,24.427748536418896,17,9,True,False,,,,,,,,,,,
margin,UConn,scientific_f2_m10,23.833298898004482,18,8,True,False,,,,,,,,,,,
margin,Texas A&M,scientific_f2_m10,23.7365417266818,19,7,True,False,,,,,,,,,,,
margin,Minnesota,scientific_f2_m10,23.610661514448555,20,6,True,False,,,,,,,,,,,
margin,Georgia Southern,scientific_f2_m10,22.92161917281728,21,5,True,False,,,,,,,,,,,
margin,Army,scientific_f2_m10,22.18692942750066,22,4,True,False,,,,,,,,,,,
margin,Indiana,scientific_f2_m10,22.165143256832145,23,3,True,False,,,,,,,,,,,
margin,Utah,scientific_f2_m10,21.28860632150409,24,2,True,False,,,,,,,,,,,
margin,Miami,scientific_f2_m10,21.012826275264654,25,1,True,False,,,,,,,,,,,
margin,Mississippi State,scientific_f2_m10,21.00761011470266,26,0,False,False,,,,,,,,,,,
margin,Kentucky,scientific_f2_m10,19.080384496309417,27,0,False,False,,,,,,,,,,,
margin,USC,scientific_f2_m10,19.045689021359195,28,0,False,False,,,,,,,,,,,
margin,Florida,scientific_f2_m10,18.830880774818247,29,0,False,False,,,,,,,,,,,
margin,Georgia State,scientific_f2_m10,18.661099393681127,30,0,False,False,,,,,,,,,,,
margin,Arizona State,scientific_f2_m10,17.23120450456031,31,0,False,False,,,,,,,,,,,
margin,Oklahoma,scientific_f2_m10,16.50443993848831,32,0,False,False,,,,,,,,,,,
margin,Iowa,scientific_f2_m10,16.49932311385795,33,0,False,False,,,,,,,,,,,
margin,Texas,scientific_f2_m10,15.774765461955234,34,0,False,False,,,,,,,,,,,
margin,Arizona,scientific_f2_m10,15.516562042243262,35,0,False,False,,,,,,,,,,,
margin,Notre Dame,scientific_f2_m10,14.595188047222132,36,0,False,False,,,,,,,,,,,
margin,Rice,scientific_f2_m10,14.300704611367662,37,0,False,False,,,,,,,,,,,
margin,Old Dominion,scientific_f2_m10,13.785600933244114,38,0,False,False,,,,,,,,,,,
margin,Vanderbilt,scientific_f2_m10,13.730254243376653,39,0,False,False,,,,,,,,,,,
margin,Iowa State,scientific_f2_m10,13.56364747629114,40,0,False,False,,,,,,,,,,,
margin,UTSA,scientific_f2_m10,13.194463944213878,41,0,False,False,,,,,,,,,,,
margin,UCLA,scientific_f2_m10,13.081698326798099,42,0,False,False,,,,,,,,,,,
margin,Navy,scientific_f2_m10,13.055214365336921,43,0,False,False,,,,,,,,,,,
margin,BYU,scientific_f2_m10,12.909858730813545,44,0,False,False,,,,,,,,,,,
margin,Massachusetts,scientific_f2_m10,11.891614471711343,45,0,False,False,,,,,,,,,,,
margin,Air Force,scientific_f2_m10,11.74296567192255,46,0,False,False,,,,,,,,,,,
margin,New Mexico,scientific_f2_m10,11.50466263521192,47,0,False,False,,,,,,,,,,,
margin,Alabama,scientific_f2_m10,11.234406450739053,48,0,False,False,,,,,,,,,,,
margin,Duke,scientific_f2_m10,11.008666067241215,49,0,False,False,,,,,,,,,,,
margin,Southern Miss,scientific_f2_m10,10.801367806607498,50,0,False,False,,,,,,,,,,,
margin,North Dakota State,scientific_f2_m10,10.557983220351792,51,0,False,False,,,,,,,,,,,
margin,South Alabama,scientific_f2_m10,10.424986138416674,52,0,False,False,,,,,,,,,,,
margin,Oregon,scientific_f2_m10,9.976110465401858,53,0,False,False,,,,,,,,,,,
margin,Texas Tech,scientific_f2_m10,9.655453991100497,54,0,False,False,,,,,,,,,,,
margin,Delaware,scientific_f2_m10,9.424595080297587,55,0,False,False,,,,,,,,,,,
margin,Louisiana,scientific_f2_m10,9.285416928260608,56,0,False,False,,,,,,,,,,,
margin,Nevada,scientific_f2_m10,8.956643365656946,57,0,False,False,,,,,,,,,,,
margin,SMU,scientific_f2_m10,8.774896468785297,58,0,False,False,,,,,,,,,,,
margin,Tulsa,scientific_f2_m10,7.600977906524235,59,0,False,False,,,,,,,,,,,
margin,Washington,scientific_f2_m10,7.09082199495368,60,0,False,False,,,,,,,,,,,
margin,Temple,scientific_f2_m10,7.027268432966327,61,0,False,False,,,,,,,,,,,
margin,Cincinnati,scientific_f2_m10,6.896462715637816,62,0,False,False,,,,,,,,,,,
margin,Michigan State,scientific_f2_m10,6.625846028620237,63,0,False,False,,,,,,,,,,,
margin,West Virginia,scientific_f2_m10,6.042119559335519,64,0,False,False,,,,,,,,,,,
margin,Illinois,scientific_f2_m10,5.959609691562904,65,0,False,False,,,,,,,,,,,
margin,Arkansas,scientific_f2_m10,5.879370836559339,66,0,False,False,,,,,,,,,,,
margin,Colorado State,scientific_f2_m10,5.861422410441565,67,0,False,False,,,,,,,,,,,
margin,Houston,scientific_f2_m10,5.543922002569957,68,0,False,False,,,,,,,,,,,
margin,Pittsburgh,scientific_f2_m10,4.972822621504342,69,0,False,False,,,,,,,,,,,
margin,Purdue,scientific_f2_m10,4.714301819706438,70,0,False,False,,,,,,,,,,,
margin,South Florida,scientific_f2_m10,4.087742569475462,71,0,False,False,,,,,,,,,,,
margin,Sacramento State,scientific_f2_m10,3.740045656535098,72,0,False,False,,,,,,,,,,,
margin,San Diego State,scientific_f2_m10,3.7393846487570324,73,0,False,False,,,,,,,,,,,
margin,Buffalo,scientific_f2_m10,3.7152904102762014,74,0,False,False,,,,,,,,,,,
margin,James Madison,scientific_f2_m10,3.2108408535068302,75,0,False,False,,,,,,,,,,,
margin,Middle Tennessee,scientific_f2_m10,2.884545766568853,76,0,False,False,,,,,,,,,,,
margin,New Mexico State,scientific_f2_m10,2.7053475231330517,77,0,False,False,,,,,,,,,,,
margin,Wake Forest,scientific_f2_m10,2.1015650964192076,78,0,False,False,,,,,,,,,,,
margin,Colorado,scientific_f2_m10,1.979326488883832,79,0,False,False,,,,,,,,,,,
margin,Memphis,scientific_f2_m10,1.8519771987470526,80,0,False,False,,,,,,,,,,,
margin,Nebraska,scientific_f2_m10,1.492126163665458,81,0,False,False,,,,,,,,,,,
margin,Louisville,scientific_f2_m10,1.277581107498912,82,0,False,False,,,,,,,,,,,
margin,Michigan,scientific_f2_m10,0.5081003922479598,83,0,False,False,,,,,,,,,,,
margin,Northwestern,scientific_f2_m10,0.20657528431773475,84,0,False,False,,,,,,,,,,,
margin,Charlotte,scientific_f2_m10,0.1941431743017694,85,0,False,False,,,,,,,,,,,
margin,North Carolina,scientific_f2_m10,-2.533568543350565,86,0,False,False,,,,,,,,,,,
margin,Auburn,scientific_f2_m10,-2.733496938187314,87,0,False,False,,,,,,,,,,,
margin,Jacksonville State,scientific_f2_m10,-3.1818744845462086,88,0,False,False,,,,,,,,,,,
margin,Florida International,scientific_f2_m10,-4.31442161733506,89,0,False,False,,,,,,,,,,,
margin,UNLV,scientific_f2_m10,-4.556400964817869,90,0,False,False,,,,,,,,,,,
margin,Georgia Tech,scientific_f2_m10,-4.656794588912571,91,0,False,False,,,,,,,,,,,
margin,Washington State,scientific_f2_m10,-4.828968426642725,92,0,False,False,,,,,,,,,,,
margin,Boston College,scientific_f2_m10,-4.910676910001789,93,0,False,False,,,,,,,,,,,
margin,Eastern Michigan,scientific_f2_m10,-5.243542888651677,94,0,False,False,,,,,,,,,,,
margin,Western Michigan,scientific_f2_m10,-6.667878097546343,95,0,False,False,,,,,,,,,,,
margin,Baylor,scientific_f2_m10,-6.853214439203657,96,0,False,False,,,,,,,,,,,
margin,Florida State,scientific_f2_m10,-7.306275394209147,97,0,False,False,,,,,,,,,,,
margin,Toledo,scientific_f2_m10,-8.041889902731905,98,0,False,False,,,,,,,,,,,
margin,Sam Houston,scientific_f2_m10,-8.798185164779762,99,0,False,False,,,,,,,,,,,
margin,Wisconsin,scientific_f2_m10,-8.824501127371688,100,0,False,False,,,,,,,,,,,
margin,Troy,scientific_f2_m10,-9.422700934788146,101,0,False,False,,,,,,,,,,,
margin,Ole Miss,scientific_f2_m10,-9.578129550563894,102,0,False,False,,,,,,,,,,,
margin,East Carolina,scientific_f2_m10,-9.926793601406459,103,0,False,False,,,,,,,,,,,
margin,Stanford,scientific_f2_m10,-10.00746703559294,104,0,False,False,,,,,,,,,,,
margin,Oklahoma State,scientific_f2_m10,-10.329334341990528,105,0,False,False,,,,,,,,,,,
margin,Liberty,scientific_f2_m10,-11.791520943963851,106,0,False,False,,,,,,,,,,,
margin,California,scientific_f2_m10,-12.102055458670137,107,0,False,False,,,,,,,,,,,
margin,Miami (OH),scientific_f2_m10,-12.48223815354592,108,0,False,False,,,,,,,,,,,
margin,UAB,scientific_f2_m10,-12.747418087107258,109,0,False,False,,,,,,,,,,,
margin,Utah State,scientific_f2_m10,-13.125016496503411,110,0,False,False,,,,,,,,,,,
margin,TCU,scientific_f2_m10,-14.446592764869731,111,0,False,False,,,,,,,,,,,
margin,Oregon State,scientific_f2_m10,-14.666772920826947,112,0,False,False,,,,,,,,,,,
margin,Tulane,scientific_f2_m10,-15.013754569782757,113,0,False,False,,,,,,,,,,,
margin,Boise State,scientific_f2_m10,-15.369470271466785,114,0,False,False,,,,,,,,,,,
margin,Ball State,scientific_f2_m10,-16.01385091976406,115,0,False,False,,,,,,,,,,,
margin,Bowling Green,scientific_f2_m10,-16.75696673178299,116,0,False,False,,,,,,,,,,,
margin,Northern Illinois,scientific_f2_m10,-17.239166440934653,117,0,False,False,,,,,,,,,,,
margin,Clemson,scientific_f2_m10,-17.246494604140537,118,0,False,False,,,,,,,,,,,
margin,San José State,scientific_f2_m10,-19.12698452652562,119,0,False,False,,,,,,,,,,,
margin,Fresno State,scientific_f2_m10,-19.270645110971266,120,0,False,False,,,,,,,,,,,
margin,NC State,scientific_f2_m10,-21.07411371687444,121,0,False,False,,,,,,,,,,,
margin,Akron,scientific_f2_m10,-22.713871448538207,122,0,False,False,,,,,,,,,,,
margin,Coastal Carolina,scientific_f2_m10,-22.81067938594996,123,0,False,False,,,,,,,,,,,
margin,Western Kentucky,scientific_f2_m10,-23.17763591794526,124,0,False,False,,,,,,,,,,,
margin,Florida Atlantic,scientific_f2_m10,-24.34981837013635,125,0,False,False,,,,,,,,,,,
margin,Wyoming,scientific_f2_m10,-25.058841613055602,126,0,False,False,,,,,,,,,,,
margin,Hawai'i,scientific_f2_m10,-25.437570540256576,127,0,False,False,,,,,,,,,,,
margin,Texas State,scientific_f2_m10,-25.62182398381033,128,0,False,False,,,,,,,,,,,
margin,Ohio,scientific_f2_m10,-27.094472565453973,129,0,False,False,,,,,,,,,,,
margin,Missouri State,scientific_f2_m10,-28.0746722466389,130,0,False,False,,,,,,,,,,,
margin,UL Monroe,scientific_f2_m10,-28.329832002879087,131,0,False,False,,,,,,,,,,,
margin,Marshall,scientific_f2_m10,-28.399780853198067,132,0,False,False,,,,,,,,,,,
margin,Arkansas State,scientific_f2_m10,-29.59186454251328,133,0,False,False,,,,,,,,,,,
margin,North Texas,scientific_f2_m10,-29.899225430125206,134,0,False,False,,,,,,,,,,,
margin,UTEP,scientific_f2_m10,-30.51279903555128,135,0,False,False,,,,,,,,,,,
margin,Central Michigan,scientific_f2_m10,-30.761069091161428,136,0,False,False,,,,,,,,,,,
margin,Rutgers,scientific_f2_m10,-31.055024523427246,137,0,False,False,,,,,,,,,,,
margin,Kent State,scientific_f2_m10,-33.59211064085165,138,0,False,False,,,,,,,,,,,
margin,Georgia,scientific_f3_m1,40.514854887830026,1,25,True,True,,,,,,,,,,,
margin,Ohio State,scientific_f3_m1,37.970305989989264,2,24,True,False,,,,,,,,,,,
margin,Texas,scientific_f3_m1,33.1867851775508,3,23,True,False,,,,,,,,,,,
margin,Alabama,scientific_f3_m1,30.318696377115977,4,22,True,False,,,,,,,,,,,
margin,Texas A&M,scientific_f3_m1,28.527497101492777,5,21,True,False,,,,,,,,,,,
margin,LSU,scientific_f3_m1,27.547290268226313,6,20,True,False,,,,,,,,,,,
margin,Oklahoma,scientific_f3_m1,27.503338915996892,7,19,True,False,,,,,,,,,,,
margin,BYU,scientific_f3_m1,27.423865574777416,8,18,True,False,,,,,,,,,,,
margin,Minnesota,scientific_f3_m1,27.14938857304508,9,17,True,False,,,,,,,,,,,
margin,Tennessee,scientific_f3_m1,27.0901558736255,10,16,True,False,,,,,,,,,,,
margin,South Carolina,scientific_f3_m1,26.907584767821675,11,15,True,False,,,,,,,,,,,
margin,Arizona State,scientific_f3_m1,26.083367065939633,12,14,True,False,,,,,,,,,,,
margin,Kansas State,scientific_f3_m1,25.089134114955193,13,13,True,False,,,,,,,,,,,
margin,Virginia Tech,scientific_f3_m1,23.851485604848286,14,12,True,False,,,,,,,,,,,
margin,Notre Dame,scientific_f3_m1,22.623092726534004,15,11,True,False,,,,,,,,,,,
margin,Iowa,scientific_f3_m1,22.501313760230296,16,10,True,False,,,,,,,,,,,
margin,UCF,scientific_f3_m1,21.882055810582237,17,9,True,False,,,,,,,,,,,
margin,Kansas,scientific_f3_m1,21.695781582026406,18,8,True,False,,,,,,,,,,,
margin,Kentucky,scientific_f3_m1,21.00107597178208,19,7,True,False,,,,,,,,,,,
margin,Penn State,scientific_f3_m1,20.837028226739065,20,6,True,False,,,,,,,,,,,
margin,Missouri,scientific_f3_m1,20.782142466360206,21,5,True,False,,,,,,,,,,,
margin,Utah,scientific_f3_m1,20.3966763597753,22,4,True,False,,,,,,,,,,,
margin,Pittsburgh,scientific_f3_m1,20.337636824195826,23,3,True,False,,,,,,,,,,,
margin,Arizona,scientific_f3_m1,20.24293674726149,24,2,True,False,,,,,,,,,,,
margin,Michigan,scientific_f3_m1,20.068739691952203,25,1,True,False,,,,,,,,,,,
margin,Oregon,scientific_f3_m1,20.06828483637559,26,0,False,False,,,,,,,,,,,
margin,Mississippi State,scientific_f3_m1,17.75477441915173,27,0,False,False,,,,,,,,,,,
margin,Miami,scientific_f3_m1,17.443798347197983,28,0,False,False,,,,,,,,,,,
margin,Florida,scientific_f3_m1,17.413045356033727,29,0,False,False,,,,,,,,,,,
margin,Washington,scientific_f3_m1,17.319080423887183,30,0,False,False,,,,,,,,,,,
margin,Southern Miss,scientific_f3_m1,16.036764895512334,31,0,False,False,,,,,,,,,,,
margin,Maryland,scientific_f3_m1,15.642204661579196,32,0,False,False,,,,,,,,,,,
margin,Georgia Southern,scientific_f3_m1,15.130280046800468,33,0,False,False,,,,,,,,,,,
margin,Illinois,scientific_f3_m1,14.638684812518084,34,0,False,False,,,,,,,,,,,
margin,Nebraska,scientific_f3_m1,14.514732708188014,35,0,False,False,,,,,,,,,,,
margin,Texas Tech,scientific_f3_m1,13.898902865411625,36,0,False,False,,,,,,,,,,,
margin,UTSA,scientific_f3_m1,13.573942294985477,37,0,False,False,,,,,,,,,,,
margin,Vanderbilt,scientific_f3_m1,13.41022092643696,38,0,False,False,,,,,,,,,,,
margin,Syracuse,scientific_f3_m1,13.353718523463689,39,0,False,False,,,,,,,,,,,
margin,App State,scientific_f3_m1,13.233746738007136,40,0,False,False,,,,,,,,,,,
margin,UConn,scientific_f3_m1,13.103091784486216,41,0,False,False,,,,,,,,,,,
margin,USC,scientific_f3_m1,12.250837099209754,42,0,False,False,,,,,,,,,,,
margin,Ole Miss,scientific_f3_m1,12.120370200981032,43,0,False,False,,,,,,,,,,,
margin,Indiana,scientific_f3_m1,11.574681310074634,44,0,False,False,,,,,,,,,,,
margin,Army,scientific_f3_m1,11.563853588982425,45,0,False,False,,,,,,,,,,,
margin,Iowa State,scientific_f3_m1,11.444023056366953,46,0,False,False,,,,,,,,,,,
margin,Duke,scientific_f3_m1,10.686717021503496,47,0,False,False,,,,,,,,,,,
margin,North Carolina,scientific_f3_m1,9.441951391025476,48,0,False,False,,,,,,,,,,,
margin,UCLA,scientific_f3_m1,9.136781397614854,49,0,False,False,,,,,,,,,,,
margin,Louisiana Tech,scientific_f3_m1,8.811548699300712,50,0,False,False,,,,,,,,,,,
margin,SMU,scientific_f3_m1,8.239661993639324,51,0,False,False,,,,,,,,,,,
margin,Louisiana,scientific_f3_m1,8.096747948957823,52,0,False,False,,,,,,,,,,,
margin,Rice,scientific_f3_m1,7.888605108975959,53,0,False,False,,,,,,,,,,,
margin,Delaware,scientific_f3_m1,6.1648818982036415,54,0,False,False,,,,,,,,,,,
margin,Memphis,scientific_f3_m1,5.973372401335746,55,0,False,False,,,,,,,,,,,
margin,Northwestern,scientific_f3_m1,5.8239572845170375,56,0,False,False,,,,,,,,,,,
margin,Jacksonville State,scientific_f3_m1,5.6778287340606415,57,0,False,False,,,,,,,,,,,
margin,Kennesaw State,scientific_f3_m1,5.4187252176116605,58,0,False,False,,,,,,,,,,,
margin,San Diego State,scientific_f3_m1,5.338344984946902,59,0,False,False,,,,,,,,,,,
margin,Georgia Tech,scientific_f3_m1,5.3131919575232835,60,0,False,False,,,,,,,,,,,
margin,Temple,scientific_f3_m1,4.905007015503282,61,0,False,False,,,,,,,,,,,
margin,Houston,scientific_f3_m1,4.415675989841198,62,0,False,False,,,,,,,,,,,
margin,Virginia,scientific_f3_m1,4.3132301872974494,63,0,False,False,,,,,,,,,,,
margin,Sacramento State,scientific_f3_m1,3.4944858364246505,64,0,False,False,,,,,,,,,,,
margin,Purdue,scientific_f3_m1,3.4472409106051636,65,0,False,False,,,,,,,,,,,
margin,Air Force,scientific_f3_m1,3.314986242764867,66,0,False,False,,,,,,,,,,,
margin,Michigan State,scientific_f3_m1,3.0844564447334952,67,0,False,False,,,,,,,,,,,
margin,Georgia State,scientific_f3_m1,3.0162596309211507,68,0,False,False,,,,,,,,,,,
margin,New Mexico,scientific_f3_m1,2.763580024970262,69,0,False,False,,,,,,,,,,,
margin,Louisville,scientific_f3_m1,2.5598071614020803,70,0,False,False,,,,,,,,,,,
margin,South Florida,scientific_f3_m1,2.3386537457589753,71,0,False,False,,,,,,,,,,,
margin,Navy,scientific_f3_m1,1.7777923769268131,72,0,False,False,,,,,,,,,,,
margin,Florida State,scientific_f3_m1,1.7562678991850191,73,0,False,False,,,,,,,,,,,
margin,Arkansas,scientific_f3_m1,1.5467649091580662,74,0,False,False,,,,,,,,,,,
margin,Boise State,scientific_f3_m1,1.128296664751046,75,0,False,False,,,,,,,,,,,
margin,Wake Forest,scientific_f3_m1,1.0990349441599427,76,0,False,False,,,,,,,,,,,
margin,Baylor,scientific_f3_m1,0.600207330764599,77,0,False,False,,,,,,,,,,,
margin,Nevada,scientific_f3_m1,-0.2878400804850978,78,0,False,False,,,,,,,,,,,
margin,North Dakota State,scientific_f3_m1,-1.0081353418090337,79,0,False,False,,,,,,,,,,,
margin,UNLV,scientific_f3_m1,-1.7695285243244685,80,0,False,False,,,,,,,,,,,
margin,Cincinnati,scientific_f3_m1,-1.9840247174038872,81,0,False,False,,,,,,,,,,,
margin,New Mexico State,scientific_f3_m1,-2.018008417592595,82,0,False,False,,,,,,,,,,,
margin,Colorado,scientific_f3_m1,-2.3838775173247244,83,0,False,False,,,,,,,,,,,
margin,Stanford,scientific_f3_m1,-3.039551937402602,84,0,False,False,,,,,,,,,,,
margin,James Madison,scientific_f3_m1,-3.168711774234496,85,0,False,False,,,,,,,,,,,
margin,Old Dominion,scientific_f3_m1,-3.2300687061851345,86,0,False,False,,,,,,,,,,,
margin,Colorado State,scientific_f3_m1,-3.443861001642099,87,0,False,False,,,,,,,,,,,
margin,Oregon State,scientific_f3_m1,-3.575058937523705,88,0,False,False,,,,,,,,,,,
margin,Auburn,scientific_f3_m1,-3.6159098136768675,89,0,False,False,,,,,,,,,,,
margin,Washington State,scientific_f3_m1,-3.877708440355141,90,0,False,False,,,,,,,,,,,
margin,South Alabama,scientific_f3_m1,-3.9447395596167905,91,0,False,False,,,,,,,,,,,
margin,Tulane,scientific_f3_m1,-4.116707958970318,92,0,False,False,,,,,,,,,,,
margin,Middle Tennessee,scientific_f3_m1,-4.977192002299576,93,0,False,False,,,,,,,,,,,
margin,Tulsa,scientific_f3_m1,-5.551185324223583,94,0,False,False,,,,,,,,,,,
margin,Eastern Michigan,scientific_f3_m1,-6.122614903618718,95,0,False,False,,,,,,,,,,,
margin,Oklahoma State,scientific_f3_m1,-6.12781065453739,96,0,False,False,,,,,,,,,,,
margin,Liberty,scientific_f3_m1,-6.581733303573731,97,0,False,False,,,,,,,,,,,
margin,Utah State,scientific_f3_m1,-6.851973228347141,98,0,False,False,,,,,,,,,,,
margin,TCU,scientific_f3_m1,-7.046461905126234,99,0,False,False,,,,,,,,,,,
margin,West Virginia,scientific_f3_m1,-7.33426154148294,100,0,False,False,,,,,,,,,,,
margin,Boston College,scientific_f3_m1,-7.770876955187509,101,0,False,False,,,,,,,,,,,
margin,Wisconsin,scientific_f3_m1,-7.868569027686819,102,0,False,False,,,,,,,,,,,
margin,Charlotte,scientific_f3_m1,-8.229107036381214,103,0,False,False,,,,,,,,,,,
margin,Coastal Carolina,scientific_f3_m1,-8.259376248317986,104,0,False,False,,,,,,,,,,,
margin,Clemson,scientific_f3_m1,-8.984207286075916,105,0,False,False,,,,,,,,,,,
margin,North Texas,scientific_f3_m1,-9.972026466969995,106,0,False,False,,,,,,,,,,,
margin,Western Kentucky,scientific_f3_m1,-10.224361547391787,107,0,False,False,,,,,,,,,,,
margin,Florida International,scientific_f3_m1,-10.415649000049461,108,0,False,False,,,,,,,,,,,
margin,Troy,scientific_f3_m1,-10.4953327940062,109,0,False,False,,,,,,,,,,,
margin,Toledo,scientific_f3_m1,-10.720102204186736,110,0,False,False,,,,,,,,,,,
margin,Buffalo,scientific_f3_m1,-10.85018696251006,111,0,False,False,,,,,,,,,,,
margin,Western Michigan,scientific_f3_m1,-11.072666734284477,112,0,False,False,,,,,,,,,,,
margin,San José State,scientific_f3_m1,-12.17937357362642,113,0,False,False,,,,,,,,,,,
margin,Ohio,scientific_f3_m1,-12.194089292795125,114,0,False,False,,,,,,,,,,,
margin,California,scientific_f3_m1,-12.22096172479043,115,0,False,False,,,,,,,,,,,
margin,Arkansas State,scientific_f3_m1,-12.457748343165582,116,0,False,False,,,,,,,,,,,
margin,Bowling Green,scientific_f3_m1,-12.689640540177466,117,0,False,False,,,,,,,,,,,
margin,Sam Houston,scientific_f3_m1,-12.845846854546478,118,0,False,False,,,,,,,,,,,
margin,Texas State,scientific_f3_m1,-13.35081376849236,119,0,False,False,,,,,,,,,,,
margin,NC State,scientific_f3_m1,-13.415902739085654,120,0,False,False,,,,,,,,,,,
margin,Hawai'i,scientific_f3_m1,-13.696678645209216,121,0,False,False,,,,,,,,,,,
margin,UAB,scientific_f3_m1,-14.62971136193559,122,0,False,False,,,,,,,,,,,
margin,East Carolina,scientific_f3_m1,-15.151228786047616,123,0,False,False,,,,,,,,,,,
margin,Rutgers,scientific_f3_m1,-15.362807520390794,124,0,False,False,,,,,,,,,,,
margin,Massachusetts,scientific_f3_m1,-15.892448724729872,125,0,False,False,,,,,,,,,,,
margin,Fresno State,scientific_f3_m1,-17.409521182721377,126,0,False,False,,,,,,,,,,,
margin,Florida Atlantic,scientific_f3_m1,-17.77629907025233,127,0,False,False,,,,,,,,,,,
margin,Miami (OH),scientific_f3_m1,-17.8717655885143,128,0,False,False,,,,,,,,,,,
margin,Akron,scientific_f3_m1,-18.41689404323813,129,0,False,False,,,,,,,,,,,
margin,Wyoming,scientific_f3_m1,-20.78060757718891,130,0,False,False,,,,,,,,,,,
margin,Marshall,scientific_f3_m1,-23.13761396246089,131,0,False,False,,,,,,,,,,,
margin,Central Michigan,scientific_f3_m1,-23.62654608924087,132,0,False,False,,,,,,,,,,,
margin,Ball State,scientific_f3_m1,-26.9571444045311,133,0,False,False,,,,,,,,,,,
margin,UL Monroe,scientific_f3_m1,-28.916183378070365,134,0,False,False,,,,,,,,,,,
margin,Northern Illinois,scientific_f3_m1,-29.547343715974066,135,0,False,False,,,,,,,,,,,
margin,UTEP,scientific_f3_m1,-31.02593744370718,136,0,False,False,,,,,,,,,,,
margin,Missouri State,scientific_f3_m1,-31.14505412511899,137,0,False,False,,,,,,,,,,,
margin,Kent State,scientific_f3_m1,-37.09841792048199,138,0,False,False,,,,,,,,,,,
margin,Georgia,scientific_f3_m2,34.308482504174194,1,25,True,True,,,,,,,,,,,
margin,Ohio State,scientific_f3_m2,31.899784472062944,2,24,True,False,,,,,,,,,,,
margin,Texas,scientific_f3_m2,30.427522471230386,3,23,True,False,,,,,,,,,,,
margin,UCF,scientific_f3_m2,29.243953865076353,4,22,True,False,,,,,,,,,,,
margin,LSU,scientific_f3_m2,27.833380418827414,5,21,True,False,,,,,,,,,,,
margin,Arizona State,scientific_f3_m2,26.947758890500683,6,20,True,False,,,,,,,,,,,
margin,Alabama,scientific_f3_m2,26.14383638277148,7,19,True,False,,,,,,,,,,,
margin,Mississippi State,scientific_f3_m2,25.424923558845183,8,18,True,False,,,,,,,,,,,
margin,BYU,scientific_f3_m2,24.750533113632645,9,17,True,False,,,,,,,,,,,
margin,Utah,scientific_f3_m2,24.25129780107765,10,16,True,False,,,,,,,,,,,
margin,Tennessee,scientific_f3_m2,24.02965962066084,11,15,True,False,,,,,,,,,,,
margin,Florida,scientific_f3_m2,23.31885757186394,12,14,True,False,,,,,,,,,,,
margin,Pittsburgh,scientific_f3_m2,22.362864740182655,13,13,True,False,,,,,,,,,,,
margin,Missouri,scientific_f3_m2,21.682118878288346,14,12,True,False,,,,,,,,,,,
margin,Notre Dame,scientific_f3_m2,20.11212449913128,15,11,True,False,,,,,,,,,,,
margin,Nebraska,scientific_f3_m2,19.450591209898448,16,10,True,False,,,,,,,,,,,
margin,South Carolina,scientific_f3_m2,19.341764022182645,17,9,True,False,,,,,,,,,,,
margin,Oklahoma,scientific_f3_m2,19.010971613507774,18,8,True,False,,,,,,,,,,,
margin,Texas A&M,scientific_f3_m2,17.766517398830846,19,7,True,False,,,,,,,,,,,
margin,Kentucky,scientific_f3_m2,17.466484683997486,20,6,True,False,,,,,,,,,,,
margin,Michigan,scientific_f3_m2,17.079159745060643,21,5,True,False,,,,,,,,,,,
margin,Minnesota,scientific_f3_m2,16.372375715891376,22,4,True,False,,,,,,,,,,,
margin,Iowa,scientific_f3_m2,16.233999363486145,23,3,True,False,,,,,,,,,,,
margin,Kansas State,scientific_f3_m2,16.039865815833455,24,2,True,False,,,,,,,,,,,
margin,Syracuse,scientific_f3_m2,15.872633145366915,25,1,True,False,,,,,,,,,,,
margin,Illinois,scientific_f3_m2,15.784814984137611,26,0,False,False,,,,,,,,,,,
margin,Miami,scientific_f3_m2,14.983858666962632,27,0,False,False,,,,,,,,,,,
margin,Oregon,scientific_f3_m2,14.810342462837728,28,0,False,False,,,,,,,,,,,
margin,Penn State,scientific_f3_m2,14.767603928260787,29,0,False,False,,,,,,,,,,,
margin,Louisiana Tech,scientific_f3_m2,14.452619140558593,30,0,False,False,,,,,,,,,,,
margin,Maryland,scientific_f3_m2,14.071312548319113,31,0,False,False,,,,,,,,,,,
margin,Kansas,scientific_f3_m2,13.744702036717133,32,0,False,False,,,,,,,,,,,
margin,UConn,scientific_f3_m2,13.70533472088379,33,0,False,False,,,,,,,,,,,
margin,Indiana,scientific_f3_m2,13.413048391404324,34,0,False,False,,,,,,,,,,,
margin,Texas Tech,scientific_f3_m2,13.206840834386494,35,0,False,False,,,,,,,,,,,
margin,Army,scientific_f3_m2,13.069258109638,36,0,False,False,,,,,,,,,,,
margin,USC,scientific_f3_m2,12.341025355945757,37,0,False,False,,,,,,,,,,,
margin,Washington,scientific_f3_m2,11.591591404212043,38,0,False,False,,,,,,,,,,,
margin,North Carolina,scientific_f3_m2,10.902524381382154,39,0,False,False,,,,,,,,,,,
margin,UTSA,scientific_f3_m2,10.863514221422093,40,0,False,False,,,,,,,,,,,
margin,Iowa State,scientific_f3_m2,10.810657435812157,41,0,False,False,,,,,,,,,,,
margin,Virginia,scientific_f3_m2,10.082711422203513,42,0,False,False,,,,,,,,,,,
margin,UCLA,scientific_f3_m2,9.591164924444922,43,0,False,False,,,,,,,,,,,
margin,Vanderbilt,scientific_f3_m2,9.1371972058963,44,0,False,False,,,,,,,,,,,
margin,Ole Miss,scientific_f3_m2,8.617015176825614,45,0,False,False,,,,,,,,,,,
margin,App State,scientific_f3_m2,8.384674720071217,46,0,False,False,,,,,,,,,,,
margin,Louisiana,scientific_f3_m2,7.3075957590830285,47,0,False,False,,,,,,,,,,,
margin,Georgia Tech,scientific_f3_m2,6.753202141272865,48,0,False,False,,,,,,,,,,,
margin,SMU,scientific_f3_m2,6.368834085514543,49,0,False,False,,,,,,,,,,,
margin,Memphis,scientific_f3_m2,6.354247363657972,50,0,False,False,,,,,,,,,,,
margin,Arizona,scientific_f3_m2,6.261306837197591,51,0,False,False,,,,,,,,,,,
margin,Rice,scientific_f3_m2,6.159831005794636,52,0,False,False,,,,,,,,,,,
margin,Purdue,scientific_f3_m2,5.75780667412435,53,0,False,False,,,,,,,,,,,
margin,Georgia Southern,scientific_f3_m2,5.643131200124824,54,0,False,False,,,,,,,,,,,
margin,South Florida,scientific_f3_m2,4.953010525496776,55,0,False,False,,,,,,,,,,,
margin,Duke,scientific_f3_m2,4.831639321811796,56,0,False,False,,,,,,,,,,,
margin,Northwestern,scientific_f3_m2,4.241986674244519,57,0,False,False,,,,,,,,,,,
margin,Temple,scientific_f3_m2,4.062531703126496,58,0,False,False,,,,,,,,,,,
margin,Georgia State,scientific_f3_m2,3.330699724334252,59,0,False,False,,,,,,,,,,,
margin,San Diego State,scientific_f3_m2,3.1593195745056093,60,0,False,False,,,,,,,,,,,
margin,Arkansas,scientific_f3_m2,3.129404507232451,61,0,False,False,,,,,,,,,,,
margin,Houston,scientific_f3_m2,3.032025079573634,62,0,False,False,,,,,,,,,,,
margin,Wake Forest,scientific_f3_m2,2.9005755967039875,63,0,False,False,,,,,,,,,,,
margin,Nevada,scientific_f3_m2,2.6386482837546588,64,0,False,False,,,,,,,,,,,
margin,Michigan State,scientific_f3_m2,2.121879913398569,65,0,False,False,,,,,,,,,,,
margin,Delaware,scientific_f3_m2,1.9943321973035744,66,0,False,False,,,,,,,,,,,
margin,Southern Miss,scientific_f3_m2,1.691564068770731,67,0,False,False,,,,,,,,,,,
margin,Jacksonville State,scientific_f3_m2,1.1552423243501373,68,0,False,False,,,,,,,,,,,
margin,Navy,scientific_f3_m2,0.8578644673546894,69,0,False,False,,,,,,,,,,,
margin,Baylor,scientific_f3_m2,0.6901983279381305,70,0,False,False,,,,,,,,,,,
margin,Florida State,scientific_f3_m2,-0.5130446008913516,71,0,False,False,,,,,,,,,,,
margin,New Mexico,scientific_f3_m2,-0.7970733820743945,72,0,False,False,,,,,,,,,,,
margin,Air Force,scientific_f3_m2,-0.891651323325144,73,0,False,False,,,,,,,,,,,
margin,Cincinnati,scientific_f3_m2,-1.901524237983507,74,0,False,False,,,,,,,,,,,
margin,Kennesaw State,scientific_f3_m2,-2.3017370843124247,75,0,False,False,,,,,,,,,,,
margin,Sacramento State,scientific_f3_m2,-3.1811201266672633,76,0,False,False,,,,,,,,,,,
margin,New Mexico State,scientific_f3_m2,-3.404238608691484,77,0,False,False,,,,,,,,,,,
margin,Virginia Tech,scientific_f3_m2,-3.5728477192360266,78,0,False,False,,,,,,,,,,,
margin,Old Dominion,scientific_f3_m2,-3.580617518284461,79,0,False,False,,,,,,,,,,,
margin,North Dakota State,scientific_f3_m2,-3.9326474747478297,80,0,False,False,,,,,,,,,,,
margin,Louisville,scientific_f3_m2,-3.9495442010548025,81,0,False,False,,,,,,,,,,,
margin,South Alabama,scientific_f3_m2,-4.106570472062205,82,0,False,False,,,,,,,,,,,
margin,Auburn,scientific_f3_m2,-4.3959444790549895,83,0,False,False,,,,,,,,,,,
margin,Tulane,scientific_f3_m2,-4.4991067934324604,84,0,False,False,,,,,,,,,,,
margin,James Madison,scientific_f3_m2,-4.520944081137678,85,0,False,False,,,,,,,,,,,
margin,UNLV,scientific_f3_m2,-4.750871561846112,86,0,False,False,,,,,,,,,,,
margin,Colorado,scientific_f3_m2,-5.642856979780983,87,0,False,False,,,,,,,,,,,
margin,Colorado State,scientific_f3_m2,-5.789295094942223,88,0,False,False,,,,,,,,,,,
margin,Oregon State,scientific_f3_m2,-6.050969581886273,89,0,False,False,,,,,,,,,,,
margin,Stanford,scientific_f3_m2,-6.75680131371126,90,0,False,False,,,,,,,,,,,
margin,Middle Tennessee,scientific_f3_m2,-7.102386844227602,91,0,False,False,,,,,,,,,,,
margin,Oklahoma State,scientific_f3_m2,-7.4138447048089695,92,0,False,False,,,,,,,,,,,
margin,Liberty,scientific_f3_m2,-7.534048199474087,93,0,False,False,,,,,,,,,,,
margin,West Virginia,scientific_f3_m2,-7.647387677988057,94,0,False,False,,,,,,,,,,,
margin,Boston College,scientific_f3_m2,-8.4794777541068,95,0,False,False,,,,,,,,,,,
margin,Utah State,scientific_f3_m2,-8.773538384034678,96,0,False,False,,,,,,,,,,,
margin,Florida International,scientific_f3_m2,-8.791359802462766,97,0,False,False,,,,,,,,,,,
margin,Boise State,scientific_f3_m2,-8.997582006826939,98,0,False,False,,,,,,,,,,,
margin,Charlotte,scientific_f3_m2,-9.109486872431155,99,0,False,False,,,,,,,,,,,
margin,TCU,scientific_f3_m2,-9.637455318659047,100,0,False,False,,,,,,,,,,,
margin,Western Michigan,scientific_f3_m2,-10.435656741666056,101,0,False,False,,,,,,,,,,,
margin,Washington State,scientific_f3_m2,-10.445569936893348,102,0,False,False,,,,,,,,,,,
margin,Wisconsin,scientific_f3_m2,-10.859365354885519,103,0,False,False,,,,,,,,,,,
margin,Troy,scientific_f3_m2,-11.232930277882282,104,0,False,False,,,,,,,,,,,
margin,Toledo,scientific_f3_m2,-12.136888218452883,105,0,False,False,,,,,,,,,,,
margin,NC State,scientific_f3_m2,-12.244993246674557,106,0,False,False,,,,,,,,,,,
margin,Bowling Green,scientific_f3_m2,-12.847489895460082,107,0,False,False,,,,,,,,,,,
margin,Coastal Carolina,scientific_f3_m2,-12.92825152899499,108,0,False,False,,,,,,,,,,,
margin,Tulsa,scientific_f3_m2,-12.928656808118127,109,0,False,False,,,,,,,,,,,
margin,Clemson,scientific_f3_m2,-12.999945440169093,110,0,False,False,,,,,,,,,,,
margin,Ohio,scientific_f3_m2,-13.062866587774248,111,0,False,False,,,,,,,,,,,
margin,Massachusetts,scientific_f3_m2,-13.282065433139605,112,0,False,False,,,,,,,,,,,
margin,Sam Houston,scientific_f3_m2,-13.584556239659493,113,0,False,False,,,,,,,,,,,
margin,Hawai'i,scientific_f3_m2,-13.867658451910854,114,0,False,False,,,,,,,,,,,
margin,California,scientific_f3_m2,-14.326051854599262,115,0,False,False,,,,,,,,,,,
margin,Rutgers,scientific_f3_m2,-14.448159534907628,116,0,False,False,,,,,,,,,,,
margin,Eastern Michigan,scientific_f3_m2,-14.53505335251873,117,0,False,False,,,,,,,,,,,
margin,East Carolina,scientific_f3_m2,-14.760574604236693,118,0,False,False,,,,,,,,,,,
margin,Arkansas State,scientific_f3_m2,-15.550438814142641,119,0,False,False,,,,,,,,,,,
margin,Buffalo,scientific_f3_m2,-15.693124108929966,120,0,False,False,,,,,,,,,,,
margin,Western Kentucky,scientific_f3_m2,-16.722721918018763,121,0,False,False,,,,,,,,,,,
margin,San José State,scientific_f3_m2,-17.040026399068257,122,0,False,False,,,,,,,,,,,
margin,North Texas,scientific_f3_m2,-19.122832825036774,123,0,False,False,,,,,,,,,,,
margin,Texas State,scientific_f3_m2,-19.570600235583548,124,0,False,False,,,,,,,,,,,
margin,Fresno State,scientific_f3_m2,-19.724958166049145,125,0,False,False,,,,,,,,,,,
margin,Miami (OH),scientific_f3_m2,-20.031680030067402,126,0,False,False,,,,,,,,,,,
margin,UAB,scientific_f3_m2,-20.772823903057557,127,0,False,False,,,,,,,,,,,
margin,Ball State,scientific_f3_m2,-21.753756717576806,128,0,False,False,,,,,,,,,,,
margin,Florida Atlantic,scientific_f3_m2,-23.733449005421313,129,0,False,False,,,,,,,,,,,
margin,Wyoming,scientific_f3_m2,-24.027684282826684,130,0,False,False,,,,,,,,,,,
margin,Akron,scientific_f3_m2,-24.108327207750705,131,0,False,False,,,,,,,,,,,
margin,Marshall,scientific_f3_m2,-25.91513656724731,132,0,False,False,,,,,,,,,,,
margin,Northern Illinois,scientific_f3_m2,-29.821502081500643,133,0,False,False,,,,,,,,,,,
margin,Central Michigan,scientific_f3_m2,-30.165869546702776,134,0,False,False,,,,,,,,,,,
margin,Missouri State,scientific_f3_m2,-32.40649105375053,135,0,False,False,,,,,,,,,,,
margin,Kent State,scientific_f3_m2,-32.92192382155129,136,0,False,False,,,,,,,,,,,
margin,UTEP,scientific_f3_m2,-34.815420613044004,137,0,False,False,,,,,,,,,,,
margin,UL Monroe,scientific_f3_m2,-35.02059882433426,138,0,False,False,,,,,,,,,,,
margin,Georgia,scientific_f3_m3,35.12354841269842,1,25,True,True,,,,,,,,,,,
margin,Ohio State,scientific_f3_m3,30.90171709956709,2,24,True,False,,,,,,,,,,,
margin,Texas A&M,scientific_f3_m3,26.69722539682542,3,23,True,False,,,,,,,,,,,
margin,Alabama,scientific_f3_m3,25.992867460317452,4,22,True,False,,,,,,,,,,,
margin,Tennessee,scientific_f3_m3,25.777672294372287,5,21,True,False,,,,,,,,,,,
margin,LSU,scientific_f3_m3,25.37434047619047,6,20,True,False,,,,,,,,,,,
margin,BYU,scientific_f3_m3,24.567885137085153,7,19,True,False,,,,,,,,,,,
margin,Oklahoma,scientific_f3_m3,24.062822222222223,8,18,True,False,,,,,,,,,,,
margin,South Carolina,scientific_f3_m3,22.388117460317456,9,17,True,False,,,,,,,,,,,
margin,Missouri,scientific_f3_m3,21.90268015873017,10,16,True,False,,,,,,,,,,,
margin,Kansas State,scientific_f3_m3,21.75046666666667,11,15,True,False,,,,,,,,,,,
margin,Utah,scientific_f3_m3,21.28517539682539,12,14,True,False,,,,,,,,,,,
margin,Texas,scientific_f3_m3,20.912553571428553,13,13,True,False,,,,,,,,,,,
margin,USC,scientific_f3_m3,20.53230032467534,14,12,True,False,,,,,,,,,,,
margin,Penn State,scientific_f3_m3,20.344424098124104,15,11,True,False,,,,,,,,,,,
margin,Miami,scientific_f3_m3,20.143374603174593,16,10,True,False,,,,,,,,,,,
margin,Arizona State,scientific_f3_m3,19.313630158730152,17,9,True,False,,,,,,,,,,,
margin,Syracuse,scientific_f3_m3,18.798798412698428,18,8,True,False,,,,,,,,,,,
margin,Kansas,scientific_f3_m3,17.567978571428572,19,7,True,False,,,,,,,,,,,
margin,Notre Dame,scientific_f3_m3,17.129742980325908,20,6,True,False,,,,,,,,,,,
margin,Indiana,scientific_f3_m3,17.073273015873035,21,5,True,False,,,,,,,,,,,
margin,UCF,scientific_f3_m3,17.07257222222223,22,4,True,False,,,,,,,,,,,
margin,Minnesota,scientific_f3_m3,16.873888888888896,23,3,True,False,,,,,,,,,,,
margin,UConn,scientific_f3_m3,16.792858430458434,24,2,True,False,,,,,,,,,,,
margin,Mississippi State,scientific_f3_m3,16.733000854700855,25,1,True,False,,,,,,,,,,,
margin,Florida,scientific_f3_m3,16.38845772005772,26,0,False,False,,,,,,,,,,,
margin,Kentucky,scientific_f3_m3,16.322338888888893,27,0,False,False,,,,,,,,,,,
margin,Army,scientific_f3_m3,16.05678116883117,28,0,False,False,,,,,,,,,,,
margin,Pittsburgh,scientific_f3_m3,15.644599999999993,29,0,False,False,,,,,,,,,,,
margin,Maryland,scientific_f3_m3,15.615424603174597,30,0,False,False,,,,,,,,,,,
margin,Iowa,scientific_f3_m3,15.209286507936506,31,0,False,False,,,,,,,,,,,
margin,Texas Tech,scientific_f3_m3,14.615775396825402,32,0,False,False,,,,,,,,,,,
margin,Michigan,scientific_f3_m3,13.673009920634922,33,0,False,False,,,,,,,,,,,
margin,Arizona,scientific_f3_m3,13.569667604617608,34,0,False,False,,,,,,,,,,,
margin,UTSA,scientific_f3_m3,13.052774603174608,35,0,False,False,,,,,,,,,,,
margin,Nebraska,scientific_f3_m3,13.007609884559885,36,0,False,False,,,,,,,,,,,
margin,App State,scientific_f3_m3,12.404894300144303,37,0,False,False,,,,,,,,,,,
margin,Washington,scientific_f3_m3,12.174834920634916,38,0,False,False,,,,,,,,,,,
margin,Virginia Tech,scientific_f3_m3,12.14572142857143,39,0,False,False,,,,,,,,,,,
margin,Kennesaw State,scientific_f3_m3,12.006565367965363,40,0,False,False,,,,,,,,,,,
margin,Louisiana Tech,scientific_f3_m3,11.873330952380954,41,0,False,False,,,,,,,,,,,
margin,Oregon,scientific_f3_m3,11.396906854256855,42,0,False,False,,,,,,,,,,,
margin,Illinois,scientific_f3_m3,11.315727777777784,43,0,False,False,,,,,,,,,,,
margin,Virginia,scientific_f3_m3,10.684639682539688,44,0,False,False,,,,,,,,,,,
margin,Navy,scientific_f3_m3,10.597737301587305,45,0,False,False,,,,,,,,,,,
margin,Louisiana,scientific_f3_m3,9.95525793650793,46,0,False,False,,,,,,,,,,,
margin,Iowa State,scientific_f3_m3,9.889065079365086,47,0,False,False,,,,,,,,,,,
margin,UCLA,scientific_f3_m3,9.585065873015875,48,0,False,False,,,,,,,,,,,
margin,Georgia State,scientific_f3_m3,9.112464141414144,49,0,False,False,,,,,,,,,,,
margin,Delaware,scientific_f3_m3,9.083872438672444,50,0,False,False,,,,,,,,,,,
margin,Vanderbilt,scientific_f3_m3,9.027741269841275,51,0,False,False,,,,,,,,,,,
margin,SMU,scientific_f3_m3,8.147028571428573,52,0,False,False,,,,,,,,,,,
margin,Memphis,scientific_f3_m3,7.37157619047619,53,0,False,False,,,,,,,,,,,
margin,Georgia Southern,scientific_f3_m3,6.951796825396825,54,0,False,False,,,,,,,,,,,
margin,Old Dominion,scientific_f3_m3,6.48535396825397,55,0,False,False,,,,,,,,,,,
margin,Wake Forest,scientific_f3_m3,5.91616349206349,56,0,False,False,,,,,,,,,,,
margin,North Dakota State,scientific_f3_m3,5.793928571428569,57,0,False,False,,,,,,,,,,,
margin,Houston,scientific_f3_m3,5.719169841269843,58,0,False,False,,,,,,,,,,,
margin,Arkansas,scientific_f3_m3,5.712229004329003,59,0,False,False,,,,,,,,,,,
margin,Air Force,scientific_f3_m3,5.668378571428573,60,0,False,False,,,,,,,,,,,
margin,Purdue,scientific_f3_m3,5.662930952380951,61,0,False,False,,,,,,,,,,,
margin,Northwestern,scientific_f3_m3,5.6246880952380955,62,0,False,False,,,,,,,,,,,
margin,Southern Miss,scientific_f3_m3,5.404621284271283,63,0,False,False,,,,,,,,,,,
margin,Ole Miss,scientific_f3_m3,4.655584126984129,64,0,False,False,,,,,,,,,,,
margin,New Mexico,scientific_f3_m3,4.634138383838383,65,0,False,False,,,,,,,,,,,
margin,Nevada,scientific_f3_m3,4.277769841269841,66,0,False,False,,,,,,,,,,,
margin,San Diego State,scientific_f3_m3,4.05900800865801,67,0,False,False,,,,,,,,,,,
margin,Cincinnati,scientific_f3_m3,3.527995238095237,68,0,False,False,,,,,,,,,,,
margin,Duke,scientific_f3_m3,3.402747619047619,69,0,False,False,,,,,,,,,,,
margin,North Carolina,scientific_f3_m3,3.383952597402598,70,0,False,False,,,,,,,,,,,
margin,Sacramento State,scientific_f3_m3,2.4165475916803496,71,0,False,False,,,,,,,,,,,
margin,Rice,scientific_f3_m3,2.2893507936507946,72,0,False,False,,,,,,,,,,,
margin,Louisville,scientific_f3_m3,2.1116222222222194,73,0,False,False,,,,,,,,,,,
margin,James Madison,scientific_f3_m3,1.3993436507936499,74,0,False,False,,,,,,,,,,,
margin,Temple,scientific_f3_m3,0.8442412698412692,75,0,False,False,,,,,,,,,,,
margin,Jacksonville State,scientific_f3_m3,0.757746485006843,76,0,False,False,,,,,,,,,,,
margin,Colorado State,scientific_f3_m3,0.5973857142857139,77,0,False,False,,,,,,,,,,,
margin,Florida State,scientific_f3_m3,0.2814198412698417,78,0,False,False,,,,,,,,,,,
margin,Georgia Tech,scientific_f3_m3,0.28132128427128394,79,0,False,False,,,,,,,,,,,
margin,Michigan State,scientific_f3_m3,0.12357619047619023,80,0,False,False,,,,,,,,,,,
margin,Massachusetts,scientific_f3_m3,0.06696984126984169,81,0,False,False,,,,,,,,,,,
margin,Colorado,scientific_f3_m3,-0.06545555555555554,82,0,False,False,,,,,,,,,,,
margin,South Alabama,scientific_f3_m3,-0.1948176767676767,83,0,False,False,,,,,,,,,,,
margin,Auburn,scientific_f3_m3,-0.29273809523809496,84,0,False,False,,,,,,,,,,,
margin,Middle Tennessee,scientific_f3_m3,-0.8424111111111112,85,0,False,False,,,,,,,,,,,
margin,West Virginia,scientific_f3_m3,-0.9819571428571426,86,0,False,False,,,,,,,,,,,
margin,Tulane,scientific_f3_m3,-1.1688660173160181,87,0,False,False,,,,,,,,,,,
margin,New Mexico State,scientific_f3_m3,-1.5741023809523818,88,0,False,False,,,,,,,,,,,
margin,Baylor,scientific_f3_m3,-2.1603857142857152,89,0,False,False,,,,,,,,,,,
margin,South Florida,scientific_f3_m3,-2.2859443722943737,90,0,False,False,,,,,,,,,,,
margin,UNLV,scientific_f3_m3,-2.6747730158730163,91,0,False,False,,,,,,,,,,,
margin,Clemson,scientific_f3_m3,-3.0540095238095235,92,0,False,False,,,,,,,,,,,
margin,TCU,scientific_f3_m3,-3.1825142857142854,93,0,False,False,,,,,,,,,,,
margin,Boise State,scientific_f3_m3,-3.3411987734487703,94,0,False,False,,,,,,,,,,,
margin,Tulsa,scientific_f3_m3,-4.5218140211640225,95,0,False,False,,,,,,,,,,,
margin,Buffalo,scientific_f3_m3,-6.0195380952380955,96,0,False,False,,,,,,,,,,,
margin,Stanford,scientific_f3_m3,-6.228247924297929,97,0,False,False,,,,,,,,,,,
margin,Troy,scientific_f3_m3,-6.2449484126984105,98,0,False,False,,,,,,,,,,,
margin,Wisconsin,scientific_f3_m3,-6.3050777777777816,99,0,False,False,,,,,,,,,,,
margin,Toledo,scientific_f3_m3,-6.909011616161619,100,0,False,False,,,,,,,,,,,
margin,Liberty,scientific_f3_m3,-7.383421428571426,101,0,False,False,,,,,,,,,,,
margin,Washington State,scientific_f3_m3,-7.800876190476189,102,0,False,False,,,,,,,,,,,
margin,Sam Houston,scientific_f3_m3,-7.969245815295809,103,0,False,False,,,,,,,,,,,
margin,Eastern Michigan,scientific_f3_m3,-8.062299422799423,104,0,False,False,,,,,,,,,,,
margin,Western Michigan,scientific_f3_m3,-8.364692857142856,105,0,False,False,,,,,,,,,,,
margin,NC State,scientific_f3_m3,-8.776015873015874,106,0,False,False,,,,,,,,,,,
margin,Bowling Green,scientific_f3_m3,-9.03756111111111,107,0,False,False,,,,,,,,,,,
margin,Utah State,scientific_f3_m3,-9.706210317460316,108,0,False,False,,,,,,,,,,,
margin,Coastal Carolina,scientific_f3_m3,-9.902788888888885,109,0,False,False,,,,,,,,,,,
margin,Florida International,scientific_f3_m3,-9.97799603174603,110,0,False,False,,,,,,,,,,,
margin,North Texas,scientific_f3_m3,-10.23966861471861,111,0,False,False,,,,,,,,,,,
margin,California,scientific_f3_m3,-10.778987301587298,112,0,False,False,,,,,,,,,,,
margin,East Carolina,scientific_f3_m3,-11.307639826839827,113,0,False,False,,,,,,,,,,,
margin,Ohio,scientific_f3_m3,-12.349279365079372,114,0,False,False,,,,,,,,,,,
margin,Rutgers,scientific_f3_m3,-12.991693073593076,115,0,False,False,,,,,,,,,,,
margin,Oregon State,scientific_f3_m3,-13.020923015873025,116,0,False,False,,,,,,,,,,,
margin,Boston College,scientific_f3_m3,-13.370361904761907,117,0,False,False,,,,,,,,,,,
margin,San José State,scientific_f3_m3,-13.423883044733042,118,0,False,False,,,,,,,,,,,
margin,Oklahoma State,scientific_f3_m3,-13.639541269841272,119,0,False,False,,,,,,,,,,,
margin,Fresno State,scientific_f3_m3,-13.726762698412708,120,0,False,False,,,,,,,,,,,
margin,Arkansas State,scientific_f3_m3,-13.876199206349208,121,0,False,False,,,,,,,,,,,
margin,Hawai'i,scientific_f3_m3,-13.936570634920644,122,0,False,False,,,,,,,,,,,
margin,Charlotte,scientific_f3_m3,-14.071170274170278,123,0,False,False,,,,,,,,,,,
margin,Texas State,scientific_f3_m3,-14.132791269841265,124,0,False,False,,,,,,,,,,,
margin,UAB,scientific_f3_m3,-14.44779401154401,125,0,False,False,,,,,,,,,,,
margin,Miami (OH),scientific_f3_m3,-16.347456349206347,126,0,False,False,,,,,,,,,,,
margin,Marshall,scientific_f3_m3,-16.512784920634928,127,0,False,False,,,,,,,,,,,
margin,Akron,scientific_f3_m3,-16.68138492063492,128,0,False,False,,,,,,,,,,,
margin,Central Michigan,scientific_f3_m3,-16.721192063492076,129,0,False,False,,,,,,,,,,,
margin,Wyoming,scientific_f3_m3,-16.845307142857145,130,0,False,False,,,,,,,,,,,
margin,Western Kentucky,scientific_f3_m3,-17.656360606060606,131,0,False,False,,,,,,,,,,,
margin,Northern Illinois,scientific_f3_m3,-18.68475238095239,132,0,False,False,,,,,,,,,,,
margin,Florida Atlantic,scientific_f3_m3,-19.116953174603168,133,0,False,False,,,,,,,,,,,
margin,Missouri State,scientific_f3_m3,-20.122191269841274,134,0,False,False,,,,,,,,,,,
margin,Ball State,scientific_f3_m3,-20.686284126984134,135,0,False,False,,,,,,,,,,,
margin,UL Monroe,scientific_f3_m3,-20.741954617604613,136,0,False,False,,,,,,,,,,,
margin,UTEP,scientific_f3_m3,-23.107381746031734,137,0,False,False,,,,,,,,,,,
margin,Kent State,scientific_f3_m3,-24.57147142857144,138,0,False,False,,,,,,,,,,,
margin,Georgia,scientific_f3_m4,37.633021227712206,1,25,True,True,,,,,,,,,,,
margin,Ohio State,scientific_f3_m4,33.63561688312298,2,24,True,False,,,,,,,,,,,
margin,Alabama,scientific_f3_m4,29.972885569347334,3,23,True,False,,,,,,,,,,,
margin,Texas A&M,scientific_f3_m4,28.77844820429441,4,22,True,False,,,,,,,,,,,
margin,LSU,scientific_f3_m4,27.9672306715742,5,21,True,False,,,,,,,,,,,
margin,Oklahoma,scientific_f3_m4,27.912590180293037,6,20,True,False,,,,,,,,,,,
margin,BYU,scientific_f3_m4,25.061329587111167,7,19,True,False,,,,,,,,,,,
margin,Tennessee,scientific_f3_m4,24.55097096142,8,18,True,False,,,,,,,,,,,
margin,Texas,scientific_f3_m4,24.075620186895684,9,17,True,False,,,,,,,,,,,
margin,Missouri,scientific_f3_m4,22.311587286459794,10,16,True,False,,,,,,,,,,,
margin,Penn State,scientific_f3_m4,22.218096578628902,11,15,True,False,,,,,,,,,,,
margin,USC,scientific_f3_m4,21.685586832442386,12,14,True,False,,,,,,,,,,,
margin,Miami,scientific_f3_m4,20.287411086783194,13,13,True,False,,,,,,,,,,,
margin,Notre Dame,scientific_f3_m4,19.897143013163824,14,12,True,False,,,,,,,,,,,
margin,Arizona,scientific_f3_m4,19.753611376693208,15,11,True,False,,,,,,,,,,,
margin,South Carolina,scientific_f3_m4,19.650819602920667,16,10,True,False,,,,,,,,,,,
margin,Kentucky,scientific_f3_m4,19.235398326016515,17,9,True,False,,,,,,,,,,,
margin,Iowa,scientific_f3_m4,19.014653047828222,18,8,True,False,,,,,,,,,,,
margin,Utah,scientific_f3_m4,18.9260121618255,19,7,True,False,,,,,,,,,,,
margin,Kansas,scientific_f3_m4,17.976185219069105,20,6,True,False,,,,,,,,,,,
margin,UCF,scientific_f3_m4,17.549547854223192,21,5,True,False,,,,,,,,,,,
margin,Florida,scientific_f3_m4,17.45376498184181,22,4,True,False,,,,,,,,,,,
margin,Pittsburgh,scientific_f3_m4,17.403425751010754,23,3,True,False,,,,,,,,,,,
margin,Army,scientific_f3_m4,17.315832132980994,24,2,True,False,,,,,,,,,,,
margin,Arizona State,scientific_f3_m4,16.653530637457987,25,1,True,False,,,,,,,,,,,
margin,Kansas State,scientific_f3_m4,16.392896130845717,26,0,False,False,,,,,,,,,,,
margin,Indiana,scientific_f3_m4,15.67323085386537,27,0,False,False,,,,,,,,,,,
margin,Oregon,scientific_f3_m4,15.637171610596317,28,0,False,False,,,,,,,,,,,
margin,Washington,scientific_f3_m4,15.04222748687643,29,0,False,False,,,,,,,,,,,
margin,Iowa State,scientific_f3_m4,14.323185890352937,30,0,False,False,,,,,,,,,,,
margin,UCLA,scientific_f3_m4,13.899989899307666,31,0,False,False,,,,,,,,,,,
margin,Michigan,scientific_f3_m4,13.565463941543415,32,0,False,False,,,,,,,,,,,
margin,Mississippi State,scientific_f3_m4,13.418033418750886,33,0,False,False,,,,,,,,,,,
margin,Nebraska,scientific_f3_m4,13.350798912971506,34,0,False,False,,,,,,,,,,,
margin,UTSA,scientific_f3_m4,12.835090909895076,35,0,False,False,,,,,,,,,,,
margin,Virginia,scientific_f3_m4,12.60967059734603,36,0,False,False,,,,,,,,,,,
margin,Texas Tech,scientific_f3_m4,12.443740356024453,37,0,False,False,,,,,,,,,,,
margin,Minnesota,scientific_f3_m4,12.12156107582629,38,0,False,False,,,,,,,,,,,
margin,Louisiana Tech,scientific_f3_m4,11.558737954685576,39,0,False,False,,,,,,,,,,,
margin,Illinois,scientific_f3_m4,11.473244372637184,40,0,False,False,,,,,,,,,,,
margin,Syracuse,scientific_f3_m4,11.194137412216556,41,0,False,False,,,,,,,,,,,
margin,Louisiana,scientific_f3_m4,10.63102760850119,42,0,False,False,,,,,,,,,,,
margin,UConn,scientific_f3_m4,10.626230180417139,43,0,False,False,,,,,,,,,,,
margin,Georgia Southern,scientific_f3_m4,9.619899378445563,44,0,False,False,,,,,,,,,,,
margin,Memphis,scientific_f3_m4,8.212808978614822,45,0,False,False,,,,,,,,,,,
margin,Maryland,scientific_f3_m4,7.93898957475128,46,0,False,False,,,,,,,,,,,
margin,SMU,scientific_f3_m4,7.450712743095374,47,0,False,False,,,,,,,,,,,
margin,Virginia Tech,scientific_f3_m4,7.41908713916781,48,0,False,False,,,,,,,,,,,
margin,Duke,scientific_f3_m4,6.69739096649769,49,0,False,False,,,,,,,,,,,
margin,App State,scientific_f3_m4,6.011504639127693,50,0,False,False,,,,,,,,,,,
margin,Northwestern,scientific_f3_m4,5.961554052569024,51,0,False,False,,,,,,,,,,,
margin,Delaware,scientific_f3_m4,5.960485986432807,52,0,False,False,,,,,,,,,,,
margin,Arkansas,scientific_f3_m4,5.358353321699122,53,0,False,False,,,,,,,,,,,
margin,Florida State,scientific_f3_m4,4.954939999818868,54,0,False,False,,,,,,,,,,,
margin,Purdue,scientific_f3_m4,4.176948198677032,55,0,False,False,,,,,,,,,,,
margin,Houston,scientific_f3_m4,3.852381848908545,56,0,False,False,,,,,,,,,,,
margin,Vanderbilt,scientific_f3_m4,3.822554493711319,57,0,False,False,,,,,,,,,,,
margin,Kennesaw State,scientific_f3_m4,3.760046483908313,58,0,False,False,,,,,,,,,,,
margin,Ole Miss,scientific_f3_m4,3.7572376371682275,59,0,False,False,,,,,,,,,,,
margin,Georgia Tech,scientific_f3_m4,3.17566007071405,60,0,False,False,,,,,,,,,,,
margin,Southern Miss,scientific_f3_m4,2.961209290717438,61,0,False,False,,,,,,,,,,,
margin,Navy,scientific_f3_m4,2.740377437119725,62,0,False,False,,,,,,,,,,,
margin,Auburn,scientific_f3_m4,2.403261588592466,63,0,False,False,,,,,,,,,,,
margin,Rice,scientific_f3_m4,2.395321567301584,64,0,False,False,,,,,,,,,,,
margin,Clemson,scientific_f3_m4,2.1265781200753278,65,0,False,False,,,,,,,,,,,
margin,Georgia State,scientific_f3_m4,2.0474806152770175,66,0,False,False,,,,,,,,,,,
margin,Air Force,scientific_f3_m4,1.9986176007844432,67,0,False,False,,,,,,,,,,,
margin,Temple,scientific_f3_m4,1.905899732546159,68,0,False,False,,,,,,,,,,,
margin,Louisville,scientific_f3_m4,1.511339753872732,69,0,False,False,,,,,,,,,,,
margin,New Mexico,scientific_f3_m4,1.4853540988249703,70,0,False,False,,,,,,,,,,,
margin,Jacksonville State,scientific_f3_m4,1.2818606519832585,71,0,False,False,,,,,,,,,,,
margin,Michigan State,scientific_f3_m4,0.7325848100523471,72,0,False,False,,,,,,,,,,,
margin,Wake Forest,scientific_f3_m4,0.6342730561525721,73,0,False,False,,,,,,,,,,,
margin,Sacramento State,scientific_f3_m4,0.6160064370982287,74,0,False,False,,,,,,,,,,,
margin,South Florida,scientific_f3_m4,0.2709964968113099,75,0,False,False,,,,,,,,,,,
margin,New Mexico State,scientific_f3_m4,0.23666261127255553,76,0,False,False,,,,,,,,,,,
margin,Nevada,scientific_f3_m4,0.2249799594658377,77,0,False,False,,,,,,,,,,,
margin,North Carolina,scientific_f3_m4,0.06674348219234805,78,0,False,False,,,,,,,,,,,
margin,Boise State,scientific_f3_m4,-0.013946776509489445,79,0,False,False,,,,,,,,,,,
margin,San Diego State,scientific_f3_m4,-0.2771918186030763,80,0,False,False,,,,,,,,,,,
margin,Colorado,scientific_f3_m4,-0.47366079540360384,81,0,False,False,,,,,,,,,,,
margin,Baylor,scientific_f3_m4,-0.5283152839506455,82,0,False,False,,,,,,,,,,,
margin,Old Dominion,scientific_f3_m4,-0.5798590198441734,83,0,False,False,,,,,,,,,,,
margin,Massachusetts,scientific_f3_m4,-0.8537725425955719,84,0,False,False,,,,,,,,,,,
margin,James Madison,scientific_f3_m4,-0.881576632405434,85,0,False,False,,,,,,,,,,,
margin,Tulane,scientific_f3_m4,-1.3712583996515757,86,0,False,False,,,,,,,,,,,
margin,North Dakota State,scientific_f3_m4,-1.5555884937541822,87,0,False,False,,,,,,,,,,,
margin,Cincinnati,scientific_f3_m4,-1.57059614377161,88,0,False,False,,,,,,,,,,,
margin,West Virginia,scientific_f3_m4,-2.0381455534254926,89,0,False,False,,,,,,,,,,,
margin,South Alabama,scientific_f3_m4,-2.6364325547153014,90,0,False,False,,,,,,,,,,,
margin,Stanford,scientific_f3_m4,-2.6814513995167415,91,0,False,False,,,,,,,,,,,
margin,Colorado State,scientific_f3_m4,-3.933447427180494,92,0,False,False,,,,,,,,,,,
margin,Tulsa,scientific_f3_m4,-4.147747113039709,93,0,False,False,,,,,,,,,,,
margin,UNLV,scientific_f3_m4,-4.4127107868617825,94,0,False,False,,,,,,,,,,,
margin,Oregon State,scientific_f3_m4,-4.493923838479919,95,0,False,False,,,,,,,,,,,
margin,Wisconsin,scientific_f3_m4,-5.189901244862454,96,0,False,False,,,,,,,,,,,
margin,TCU,scientific_f3_m4,-5.451702778622958,97,0,False,False,,,,,,,,,,,
margin,Middle Tennessee,scientific_f3_m4,-5.501088239060323,98,0,False,False,,,,,,,,,,,
margin,Washington State,scientific_f3_m4,-5.5306413648246675,99,0,False,False,,,,,,,,,,,
margin,East Carolina,scientific_f3_m4,-5.55486647535208,100,0,False,False,,,,,,,,,,,
margin,Western Michigan,scientific_f3_m4,-6.530656129473253,101,0,False,False,,,,,,,,,,,
margin,North Texas,scientific_f3_m4,-6.97776735273693,102,0,False,False,,,,,,,,,,,
margin,Liberty,scientific_f3_m4,-7.229022064575829,103,0,False,False,,,,,,,,,,,
margin,Troy,scientific_f3_m4,-8.217050320644054,104,0,False,False,,,,,,,,,,,
margin,NC State,scientific_f3_m4,-8.568778147264815,105,0,False,False,,,,,,,,,,,
margin,Eastern Michigan,scientific_f3_m4,-8.769847422330544,106,0,False,False,,,,,,,,,,,
margin,Toledo,scientific_f3_m4,-8.781518028494334,107,0,False,False,,,,,,,,,,,
margin,Buffalo,scientific_f3_m4,-9.879370589037245,108,0,False,False,,,,,,,,,,,
margin,Coastal Carolina,scientific_f3_m4,-10.010636144103621,109,0,False,False,,,,,,,,,,,
margin,Fresno State,scientific_f3_m4,-11.225996535705493,110,0,False,False,,,,,,,,,,,
margin,Hawai'i,scientific_f3_m4,-11.469798553156624,111,0,False,False,,,,,,,,,,,
margin,Texas State,scientific_f3_m4,-11.841451703274965,112,0,False,False,,,,,,,,,,,
margin,Florida International,scientific_f3_m4,-11.926283166954791,113,0,False,False,,,,,,,,,,,
margin,California,scientific_f3_m4,-12.090173907873803,114,0,False,False,,,,,,,,,,,
margin,Oklahoma State,scientific_f3_m4,-12.59395733423175,115,0,False,False,,,,,,,,,,,
margin,Boston College,scientific_f3_m4,-12.782916072404582,116,0,False,False,,,,,,,,,,,
margin,Sam Houston,scientific_f3_m4,-12.829138769507974,117,0,False,False,,,,,,,,,,,
margin,San José State,scientific_f3_m4,-12.89704780423288,118,0,False,False,,,,,,,,,,,
margin,Western Kentucky,scientific_f3_m4,-13.139568301259127,119,0,False,False,,,,,,,,,,,
margin,Utah State,scientific_f3_m4,-13.224975406542457,120,0,False,False,,,,,,,,,,,
margin,Bowling Green,scientific_f3_m4,-13.7314143412233,121,0,False,False,,,,,,,,,,,
margin,Charlotte,scientific_f3_m4,-14.107400556336527,122,0,False,False,,,,,,,,,,,
margin,Ohio,scientific_f3_m4,-14.186732447128946,123,0,False,False,,,,,,,,,,,
margin,Miami (OH),scientific_f3_m4,-14.300406000825733,124,0,False,False,,,,,,,,,,,
margin,Ball State,scientific_f3_m4,-14.346611290786726,125,0,False,False,,,,,,,,,,,
margin,Rutgers,scientific_f3_m4,-15.394406748309494,126,0,False,False,,,,,,,,,,,
margin,Marshall,scientific_f3_m4,-18.47097732452141,127,0,False,False,,,,,,,,,,,
margin,UAB,scientific_f3_m4,-18.71464172229151,128,0,False,False,,,,,,,,,,,
margin,Florida Atlantic,scientific_f3_m4,-18.955193114070514,129,0,False,False,,,,,,,,,,,
margin,Arkansas State,scientific_f3_m4,-19.0515980666709,130,0,False,False,,,,,,,,,,,
margin,Akron,scientific_f3_m4,-19.89545069329344,131,0,False,False,,,,,,,,,,,
margin,Wyoming,scientific_f3_m4,-19.90276372555664,132,0,False,False,,,,,,,,,,,
margin,Northern Illinois,scientific_f3_m4,-20.803276785054628,133,0,False,False,,,,,,,,,,,
margin,Central Michigan,scientific_f3_m4,-21.07397939496502,134,0,False,False,,,,,,,,,,,
margin,Missouri State,scientific_f3_m4,-21.248345917411495,135,0,False,False,,,,,,,,,,,
margin,Kent State,scientific_f3_m4,-22.721065072072147,136,0,False,False,,,,,,,,,,,
margin,UTEP,scientific_f3_m4,-23.33986720470601,137,0,False,False,,,,,,,,,,,
margin,UL Monroe,scientific_f3_m4,-23.633947123027983,138,0,False,False,,,,,,,,,,,
margin,Georgia,scientific_f3_m5,50.279090881347656,1,25,True,True,,,,,,,,,,,
margin,Ohio State,scientific_f3_m5,38.48948287963867,2,24,True,False,,,,,,,,,,,
margin,Texas,scientific_f3_m5,32.84177780151367,3,23,True,False,,,,,,,,,,,
margin,UCF,scientific_f3_m5,31.089527130126953,4,22,True,False,,,,,,,,,,,
margin,Notre Dame,scientific_f3_m5,30.31151580810547,5,21,True,False,,,,,,,,,,,
margin,Louisiana,scientific_f3_m5,28.958532333374023,6,20,True,False,,,,,,,,,,,
margin,Tennessee,scientific_f3_m5,28.474767684936523,7,19,True,False,,,,,,,,,,,
margin,South Carolina,scientific_f3_m5,28.463573455810547,8,18,True,False,,,,,,,,,,,
margin,Army,scientific_f3_m5,26.716323852539062,9,17,True,False,,,,,,,,,,,
margin,Arizona State,scientific_f3_m5,26.58857536315918,10,16,True,False,,,,,,,,,,,
margin,Illinois,scientific_f3_m5,26.15115737915039,11,15,True,False,,,,,,,,,,,
margin,Penn State,scientific_f3_m5,25.366857528686523,12,14,True,False,,,,,,,,,,,
margin,San Diego State,scientific_f3_m5,22.527938842773438,13,13,True,False,,,,,,,,,,,
margin,Miami,scientific_f3_m5,21.757719039916992,14,12,True,False,,,,,,,,,,,
margin,Kansas State,scientific_f3_m5,21.61543083190918,15,11,True,False,,,,,,,,,,,
margin,Minnesota,scientific_f3_m5,20.3476619720459,16,10,True,False,,,,,,,,,,,
margin,Virginia Tech,scientific_f3_m5,19.96938133239746,17,9,True,False,,,,,,,,,,,
margin,App State,scientific_f3_m5,18.67009735107422,18,8,True,False,,,,,,,,,,,
margin,UConn,scientific_f3_m5,18.66665267944336,19,7,True,False,,,,,,,,,,,
margin,Kentucky,scientific_f3_m5,18.559223175048828,20,6,True,False,,,,,,,,,,,
margin,Texas A&M,scientific_f3_m5,18.018747329711914,21,5,True,False,,,,,,,,,,,
margin,USC,scientific_f3_m5,17.56993865966797,22,4,True,False,,,,,,,,,,,
margin,BYU,scientific_f3_m5,16.92725372314453,23,3,True,False,,,,,,,,,,,
margin,Syracuse,scientific_f3_m5,16.76464080810547,24,2,True,False,,,,,,,,,,,
margin,Mississippi State,scientific_f3_m5,15.953271865844727,25,1,True,False,,,,,,,,,,,
margin,Vanderbilt,scientific_f3_m5,14.966070175170898,26,0,False,False,,,,,,,,,,,
margin,LSU,scientific_f3_m5,14.606887817382812,27,0,False,False,,,,,,,,,,,
margin,Iowa,scientific_f3_m5,14.600712776184082,28,0,False,False,,,,,,,,,,,
margin,Baylor,scientific_f3_m5,13.797172546386719,29,0,False,False,,,,,,,,,,,
margin,Florida,scientific_f3_m5,13.756636619567871,30,0,False,False,,,,,,,,,,,
margin,Sacramento State,scientific_f3_m5,12.693768501281738,31,0,False,False,,,,,,,,,,,
margin,South Florida,scientific_f3_m5,12.109085083007812,32,0,False,False,,,,,,,,,,,
margin,Auburn,scientific_f3_m5,12.029324531555176,33,0,False,False,,,,,,,,,,,
margin,Maryland,scientific_f3_m5,12.010011672973633,34,0,False,False,,,,,,,,,,,
margin,Kansas,scientific_f3_m5,11.443706512451172,35,0,False,False,,,,,,,,,,,
margin,Arizona,scientific_f3_m5,11.406000137329102,36,0,False,False,,,,,,,,,,,
margin,Utah,scientific_f3_m5,11.166858673095703,37,0,False,False,,,,,,,,,,,
margin,Houston,scientific_f3_m5,11.121627807617188,38,0,False,False,,,,,,,,,,,
margin,Louisiana Tech,scientific_f3_m5,10.370665550231934,39,0,False,False,,,,,,,,,,,
margin,Michigan,scientific_f3_m5,9.314912796020508,40,0,False,False,,,,,,,,,,,
margin,Tulane,scientific_f3_m5,9.288209915161133,41,0,False,False,,,,,,,,,,,
margin,Kennesaw State,scientific_f3_m5,9.082197189331055,42,0,False,False,,,,,,,,,,,
margin,Nebraska,scientific_f3_m5,8.905498504638672,43,0,False,False,,,,,,,,,,,
margin,Missouri,scientific_f3_m5,8.72182559967041,44,0,False,False,,,,,,,,,,,
margin,Temple,scientific_f3_m5,8.654472351074219,45,0,False,False,,,,,,,,,,,
margin,Pittsburgh,scientific_f3_m5,8.100442886352539,46,0,False,False,,,,,,,,,,,
margin,North Carolina,scientific_f3_m5,7.942873954772949,47,0,False,False,,,,,,,,,,,
margin,Michigan State,scientific_f3_m5,7.816068649291992,48,0,False,False,,,,,,,,,,,
margin,Memphis,scientific_f3_m5,7.336253643035889,49,0,False,False,,,,,,,,,,,
margin,Alabama,scientific_f3_m5,7.043390274047852,50,0,False,False,,,,,,,,,,,
margin,Jacksonville State,scientific_f3_m5,6.52562141418457,51,0,False,False,,,,,,,,,,,
margin,South Alabama,scientific_f3_m5,5.914582252502441,52,0,False,False,,,,,,,,,,,
margin,Clemson,scientific_f3_m5,4.691168308258057,53,0,False,False,,,,,,,,,,,
margin,UCLA,scientific_f3_m5,4.51329231262207,54,0,False,False,,,,,,,,,,,
margin,Washington,scientific_f3_m5,4.458634376525879,55,0,False,False,,,,,,,,,,,
margin,Ole Miss,scientific_f3_m5,4.418740272521973,56,0,False,False,,,,,,,,,,,
margin,Purdue,scientific_f3_m5,4.364367485046387,57,0,False,False,,,,,,,,,,,
margin,Colorado,scientific_f3_m5,4.267458438873291,58,0,False,False,,,,,,,,,,,
margin,Duke,scientific_f3_m5,4.014462947845459,59,0,False,False,,,,,,,,,,,
margin,Northwestern,scientific_f3_m5,3.93917179107666,60,0,False,False,,,,,,,,,,,
margin,Iowa State,scientific_f3_m5,3.8849570751190186,61,0,False,False,,,,,,,,,,,
margin,Georgia Southern,scientific_f3_m5,3.6056206226348877,62,0,False,False,,,,,,,,,,,
margin,Arkansas,scientific_f3_m5,3.405987501144409,63,0,False,False,,,,,,,,,,,
margin,Louisville,scientific_f3_m5,3.402384042739868,64,0,False,False,,,,,,,,,,,
margin,Rice,scientific_f3_m5,1.8478410243988037,65,0,False,False,,,,,,,,,,,
margin,Florida State,scientific_f3_m5,1.658738374710083,66,0,False,False,,,,,,,,,,,
margin,Oklahoma,scientific_f3_m5,1.6533291339874268,67,0,False,False,,,,,,,,,,,
margin,Navy,scientific_f3_m5,1.182513952255249,68,0,False,False,,,,,,,,,,,
margin,Georgia Tech,scientific_f3_m5,0.5555274486541748,69,0,False,False,,,,,,,,,,,
margin,SMU,scientific_f3_m5,-0.06418799608945847,70,0,False,False,,,,,,,,,,,
margin,Air Force,scientific_f3_m5,-0.17108941078186035,71,0,False,False,,,,,,,,,,,
margin,Oregon,scientific_f3_m5,-0.5858559608459473,72,0,False,False,,,,,,,,,,,
margin,Indiana,scientific_f3_m5,-2.1771953105926514,73,0,False,False,,,,,,,,,,,
margin,Georgia State,scientific_f3_m5,-2.270721673965454,74,0,False,False,,,,,,,,,,,
margin,Stanford,scientific_f3_m5,-2.432706117630005,75,0,False,False,,,,,,,,,,,
margin,Ohio,scientific_f3_m5,-2.949402332305908,76,0,False,False,,,,,,,,,,,
margin,Wisconsin,scientific_f3_m5,-3.887836217880249,77,0,False,False,,,,,,,,,,,
margin,New Mexico State,scientific_f3_m5,-4.329014778137207,78,0,False,False,,,,,,,,,,,
margin,Middle Tennessee,scientific_f3_m5,-4.503176689147949,79,0,False,False,,,,,,,,,,,
margin,Coastal Carolina,scientific_f3_m5,-5.658122539520264,80,0,False,False,,,,,,,,,,,
margin,Nevada,scientific_f3_m5,-6.084209442138672,81,0,False,False,,,,,,,,,,,
margin,Colorado State,scientific_f3_m5,-6.3681206703186035,82,0,False,False,,,,,,,,,,,
margin,NC State,scientific_f3_m5,-6.558181285858154,83,0,False,False,,,,,,,,,,,
margin,Liberty,scientific_f3_m5,-7.094305515289307,84,0,False,False,,,,,,,,,,,
margin,Arkansas State,scientific_f3_m5,-7.315361976623535,85,0,False,False,,,,,,,,,,,
margin,North Dakota State,scientific_f3_m5,-7.4223103523254395,86,0,False,False,,,,,,,,,,,
margin,TCU,scientific_f3_m5,-7.494698524475098,87,0,False,False,,,,,,,,,,,
margin,UNLV,scientific_f3_m5,-7.640999794006348,88,0,False,False,,,,,,,,,,,
margin,Delaware,scientific_f3_m5,-8.114571571350098,89,0,False,False,,,,,,,,,,,
margin,Troy,scientific_f3_m5,-9.075271606445312,90,0,False,False,,,,,,,,,,,
margin,Fresno State,scientific_f3_m5,-9.741693496704102,91,0,False,False,,,,,,,,,,,
margin,Marshall,scientific_f3_m5,-9.943092346191406,92,0,False,False,,,,,,,,,,,
margin,Old Dominion,scientific_f3_m5,-10.259400367736816,93,0,False,False,,,,,,,,,,,
margin,Ball State,scientific_f3_m5,-11.322766304016113,94,0,False,False,,,,,,,,,,,
margin,Florida International,scientific_f3_m5,-11.43419075012207,95,0,False,False,,,,,,,,,,,
margin,Bowling Green,scientific_f3_m5,-12.397098541259766,96,0,False,False,,,,,,,,,,,
margin,Wake Forest,scientific_f3_m5,-12.677167892456055,97,0,False,False,,,,,,,,,,,
margin,Boise State,scientific_f3_m5,-12.77655029296875,98,0,False,False,,,,,,,,,,,
margin,Tulsa,scientific_f3_m5,-12.941296577453613,99,0,False,False,,,,,,,,,,,
margin,Virginia,scientific_f3_m5,-14.041007041931152,100,0,False,False,,,,,,,,,,,
margin,East Carolina,scientific_f3_m5,-14.106081008911133,101,0,False,False,,,,,,,,,,,
margin,Texas State,scientific_f3_m5,-14.229418754577637,102,0,False,False,,,,,,,,,,,
margin,San José State,scientific_f3_m5,-14.313265800476074,103,0,False,False,,,,,,,,,,,
margin,West Virginia,scientific_f3_m5,-14.329931259155273,104,0,False,False,,,,,,,,,,,
margin,Eastern Michigan,scientific_f3_m5,-14.34295654296875,105,0,False,False,,,,,,,,,,,
margin,California,scientific_f3_m5,-15.253105163574219,106,0,False,False,,,,,,,,,,,
margin,Buffalo,scientific_f3_m5,-15.347636222839355,107,0,False,False,,,,,,,,,,,
margin,Akron,scientific_f3_m5,-16.544755935668945,108,0,False,False,,,,,,,,,,,
margin,Oklahoma State,scientific_f3_m5,-16.62331199645996,109,0,False,False,,,,,,,,,,,
margin,Charlotte,scientific_f3_m5,-16.720996856689453,110,0,False,False,,,,,,,,,,,
margin,Texas Tech,scientific_f3_m5,-16.883342742919922,111,0,False,False,,,,,,,,,,,
margin,Hawai'i,scientific_f3_m5,-16.94645118713379,112,0,False,False,,,,,,,,,,,
margin,Wyoming,scientific_f3_m5,-16.992280960083008,113,0,False,False,,,,,,,,,,,
margin,Boston College,scientific_f3_m5,-17.852401733398438,114,0,False,False,,,,,,,,,,,
margin,UL Monroe,scientific_f3_m5,-17.935726165771484,115,0,False,False,,,,,,,,,,,
margin,Oregon State,scientific_f3_m5,-18.326631546020508,116,0,False,False,,,,,,,,,,,
margin,Western Michigan,scientific_f3_m5,-18.660737991333008,117,0,False,False,,,,,,,,,,,
margin,Washington State,scientific_f3_m5,-19.469120025634766,118,0,False,False,,,,,,,,,,,
margin,Cincinnati,scientific_f3_m5,-19.740949630737305,119,0,False,False,,,,,,,,,,,
margin,Sam Houston,scientific_f3_m5,-20.065528869628906,120,0,False,False,,,,,,,,,,,
margin,Missouri State,scientific_f3_m5,-21.474693298339844,121,0,False,False,,,,,,,,,,,
margin,UTSA,scientific_f3_m5,-22.561817169189453,122,0,False,False,,,,,,,,,,,
margin,Massachusetts,scientific_f3_m5,-23.796030044555664,123,0,False,False,,,,,,,,,,,
margin,Southern Miss,scientific_f3_m5,-24.398868560791016,124,0,False,False,,,,,,,,,,,
margin,James Madison,scientific_f3_m5,-25.614240646362305,125,0,False,False,,,,,,,,,,,
margin,UTEP,scientific_f3_m5,-25.95281410217285,126,0,False,False,,,,,,,,,,,
margin,UAB,scientific_f3_m5,-26.41142463684082,127,0,False,False,,,,,,,,,,,
margin,Miami (OH),scientific_f3_m5,-27.939037322998047,128,0,False,False,,,,,,,,,,,
margin,New Mexico,scientific_f3_m5,-29.28518295288086,129,0,False,False,,,,,,,,,,,
margin,Western Kentucky,scientific_f3_m5,-30.604887008666992,130,0,False,False,,,,,,,,,,,
margin,Central Michigan,scientific_f3_m5,-31.462360382080078,131,0,False,False,,,,,,,,,,,
margin,Florida Atlantic,scientific_f3_m5,-34.31561279296875,132,0,False,False,,,,,,,,,,,
margin,Northern Illinois,scientific_f3_m5,-35.0572395324707,133,0,False,False,,,,,,,,,,,
margin,Kent State,scientific_f3_m5,-36.11558151245117,134,0,False,False,,,,,,,,,,,
margin,Toledo,scientific_f3_m5,-39.15067672729492,135,0,False,False,,,,,,,,,,,
margin,Utah State,scientific_f3_m5,-40.686588287353516,136,0,False,False,,,,,,,,,,,
margin,Rutgers,scientific_f3_m5,-44.24875259399414,137,0,False,False,,,,,,,,,,,
margin,North Texas,scientific_f3_m5,-50.416282653808594,138,0,False,False,,,,,,,,,,,
margin,Virginia Tech,scientific_f3_m10,31.203454370970203,1,25,True,True,,,,,,,,,,,
margin,Missouri,scientific_f3_m10,26.975889114041355,2,24,True,False,,,,,,,,,,,
margin,Oklahoma,scientific_f3_m10,26.48924658856192,3,23,True,False,,,,,,,,,,,
margin,Maryland,scientific_f3_m10,24.625036387911447,4,22,True,False,,,,,,,,,,,
margin,UCF,scientific_f3_m10,24.522712434743767,5,21,True,False,,,,,,,,,,,
margin,Georgia,scientific_f3_m10,24.495534562824076,6,20,True,False,,,,,,,,,,,
margin,Minnesota,scientific_f3_m10,23.990610756756663,7,19,True,False,,,,,,,,,,,
margin,Ohio State,scientific_f3_m10,23.691212551483503,8,18,True,False,,,,,,,,,,,
margin,USC,scientific_f3_m10,23.36163138184042,9,17,True,False,,,,,,,,,,,
margin,Kansas,scientific_f3_m10,23.09091562807237,10,16,True,False,,,,,,,,,,,
margin,Kansas State,scientific_f3_m10,22.92188240225449,11,15,True,False,,,,,,,,,,,
margin,Arizona State,scientific_f3_m10,22.708714929895258,12,14,True,False,,,,,,,,,,,
margin,Penn State,scientific_f3_m10,22.218051913105185,13,13,True,False,,,,,,,,,,,
margin,Texas A&M,scientific_f3_m10,21.998194007297855,14,12,True,False,,,,,,,,,,,
margin,Tennessee,scientific_f3_m10,21.64289142928769,15,11,True,False,,,,,,,,,,,
margin,LSU,scientific_f3_m10,21.020858719223092,16,10,True,False,,,,,,,,,,,
margin,Kentucky,scientific_f3_m10,20.32512265980888,17,9,True,False,,,,,,,,,,,
margin,App State,scientific_f3_m10,20.115043350588824,18,8,True,False,,,,,,,,,,,
margin,UConn,scientific_f3_m10,19.76373561880692,19,7,True,False,,,,,,,,,,,
margin,UCLA,scientific_f3_m10,19.628009129468612,20,6,True,False,,,,,,,,,,,
margin,Syracuse,scientific_f3_m10,19.573844013865212,21,5,True,False,,,,,,,,,,,
margin,Texas Tech,scientific_f3_m10,19.026621241428696,22,4,True,False,,,,,,,,,,,
margin,Miami,scientific_f3_m10,18.986466664463524,23,3,True,False,,,,,,,,,,,
margin,Texas,scientific_f3_m10,18.946934417059097,24,2,True,False,,,,,,,,,,,
margin,South Carolina,scientific_f3_m10,18.71433716759677,25,1,True,False,,,,,,,,,,,
margin,Florida,scientific_f3_m10,18.693141040443756,26,0,False,False,,,,,,,,,,,
margin,Louisiana,scientific_f3_m10,18.38957158043832,27,0,False,False,,,,,,,,,,,
margin,Indiana,scientific_f3_m10,17.45493406288555,28,0,False,False,,,,,,,,,,,
margin,Pittsburgh,scientific_f3_m10,17.296793388637802,29,0,False,False,,,,,,,,,,,
margin,Mississippi State,scientific_f3_m10,16.786075310060852,30,0,False,False,,,,,,,,,,,
margin,Delaware,scientific_f3_m10,16.676366029419466,31,0,False,False,,,,,,,,,,,
margin,Illinois,scientific_f3_m10,16.403790414814097,32,0,False,False,,,,,,,,,,,
margin,BYU,scientific_f3_m10,16.29783114225575,33,0,False,False,,,,,,,,,,,
margin,Georgia Southern,scientific_f3_m10,16.262001029023775,34,0,False,False,,,,,,,,,,,
margin,Iowa,scientific_f3_m10,16.161491362897983,35,0,False,False,,,,,,,,,,,
margin,Kennesaw State,scientific_f3_m10,14.287099490457326,36,0,False,False,,,,,,,,,,,
margin,Louisiana Tech,scientific_f3_m10,14.00514710431057,37,0,False,False,,,,,,,,,,,
margin,Alabama,scientific_f3_m10,13.889035998778452,38,0,False,False,,,,,,,,,,,
margin,San Diego State,scientific_f3_m10,13.753497715565523,39,0,False,False,,,,,,,,,,,
margin,Virginia,scientific_f3_m10,13.606326315826724,40,0,False,False,,,,,,,,,,,
margin,Middle Tennessee,scientific_f3_m10,13.371785637617668,41,0,False,False,,,,,,,,,,,
margin,UTSA,scientific_f3_m10,13.165492681928425,42,0,False,False,,,,,,,,,,,
margin,South Florida,scientific_f3_m10,13.03404431156821,43,0,False,False,,,,,,,,,,,
margin,Nebraska,scientific_f3_m10,12.092466657565923,44,0,False,False,,,,,,,,,,,
margin,Northwestern,scientific_f3_m10,12.046996100231901,45,0,False,False,,,,,,,,,,,
margin,Georgia State,scientific_f3_m10,11.883753332757676,46,0,False,False,,,,,,,,,,,
margin,Arizona,scientific_f3_m10,11.61071111160287,47,0,False,False,,,,,,,,,,,
margin,Utah,scientific_f3_m10,11.013102620976642,48,0,False,False,,,,,,,,,,,
margin,Old Dominion,scientific_f3_m10,10.785661142766221,49,0,False,False,,,,,,,,,,,
margin,Purdue,scientific_f3_m10,10.76925927619674,50,0,False,False,,,,,,,,,,,
margin,Duke,scientific_f3_m10,10.74828695320485,51,0,False,False,,,,,,,,,,,
margin,Louisville,scientific_f3_m10,10.016660241681988,52,0,False,False,,,,,,,,,,,
margin,Southern Miss,scientific_f3_m10,9.925810718618674,53,0,False,False,,,,,,,,,,,
margin,Oregon,scientific_f3_m10,9.833189300056093,54,0,False,False,,,,,,,,,,,
margin,Notre Dame,scientific_f3_m10,9.591830230957036,55,0,False,False,,,,,,,,,,,
margin,Wake Forest,scientific_f3_m10,9.247433762582634,56,0,False,False,,,,,,,,,,,
margin,Colorado,scientific_f3_m10,8.786619290753722,57,0,False,False,,,,,,,,,,,
margin,North Dakota State,scientific_f3_m10,8.748907106530607,58,0,False,False,,,,,,,,,,,
margin,Memphis,scientific_f3_m10,8.570913888024824,59,0,False,False,,,,,,,,,,,
margin,Tulsa,scientific_f3_m10,7.951517471178073,60,0,False,False,,,,,,,,,,,
margin,SMU,scientific_f3_m10,6.371385498354084,61,0,False,False,,,,,,,,,,,
margin,Colorado State,scientific_f3_m10,6.223346616524212,62,0,False,False,,,,,,,,,,,
margin,Auburn,scientific_f3_m10,6.165622069683414,63,0,False,False,,,,,,,,,,,
margin,New Mexico State,scientific_f3_m10,6.0227308953434875,64,0,False,False,,,,,,,,,,,
margin,Washington,scientific_f3_m10,5.817461755040145,65,0,False,False,,,,,,,,,,,
margin,Army,scientific_f3_m10,5.791531438206423,66,0,False,False,,,,,,,,,,,
margin,Arkansas,scientific_f3_m10,5.546277812562711,67,0,False,False,,,,,,,,,,,
margin,Rice,scientific_f3_m10,4.974014114035614,68,0,False,False,,,,,,,,,,,
margin,Massachusetts,scientific_f3_m10,4.684844659122195,69,0,False,False,,,,,,,,,,,
margin,Air Force,scientific_f3_m10,4.635789292214113,70,0,False,False,,,,,,,,,,,
margin,Vanderbilt,scientific_f3_m10,4.59704639701518,71,0,False,False,,,,,,,,,,,
margin,South Alabama,scientific_f3_m10,4.451873968687553,72,0,False,False,,,,,,,,,,,
margin,Iowa State,scientific_f3_m10,4.4097357086567115,73,0,False,False,,,,,,,,,,,
margin,Sacramento State,scientific_f3_m10,4.398173400700459,74,0,False,False,,,,,,,,,,,
margin,Ole Miss,scientific_f3_m10,4.236198030500712,75,0,False,False,,,,,,,,,,,
margin,Houston,scientific_f3_m10,3.8376668971070242,76,0,False,False,,,,,,,,,,,
margin,Nevada,scientific_f3_m10,3.6464345334197374,77,0,False,False,,,,,,,,,,,
margin,Jacksonville State,scientific_f3_m10,2.8497149344600365,78,0,False,False,,,,,,,,,,,
margin,New Mexico,scientific_f3_m10,1.9967700961746309,79,0,False,False,,,,,,,,,,,
margin,North Carolina,scientific_f3_m10,1.3411458179052413,80,0,False,False,,,,,,,,,,,
margin,Baylor,scientific_f3_m10,1.1763720666037485,81,0,False,False,,,,,,,,,,,
margin,Michigan State,scientific_f3_m10,1.066154616250592,82,0,False,False,,,,,,,,,,,
margin,Tulane,scientific_f3_m10,-0.8007105653953678,83,0,False,False,,,,,,,,,,,
margin,Temple,scientific_f3_m10,-0.9637062891526288,84,0,False,False,,,,,,,,,,,
margin,Liberty,scientific_f3_m10,-1.1326110000212049,85,0,False,False,,,,,,,,,,,
margin,Buffalo,scientific_f3_m10,-1.86012322804103,86,0,False,False,,,,,,,,,,,
margin,Florida State,scientific_f3_m10,-1.9645600014023523,87,0,False,False,,,,,,,,,,,
margin,Stanford,scientific_f3_m10,-2.0390301617516444,88,0,False,False,,,,,,,,,,,
margin,Navy,scientific_f3_m10,-2.124486990411684,89,0,False,False,,,,,,,,,,,
margin,Western Michigan,scientific_f3_m10,-2.330693119640277,90,0,False,False,,,,,,,,,,,
margin,West Virginia,scientific_f3_m10,-2.788174400578838,91,0,False,False,,,,,,,,,,,
margin,Florida International,scientific_f3_m10,-2.8643331553524476,92,0,False,False,,,,,,,,,,,
margin,TCU,scientific_f3_m10,-3.1124474108153013,93,0,False,False,,,,,,,,,,,
margin,Cincinnati,scientific_f3_m10,-4.0804412683635425,94,0,False,False,,,,,,,,,,,
margin,East Carolina,scientific_f3_m10,-4.330657211968522,95,0,False,False,,,,,,,,,,,
margin,James Madison,scientific_f3_m10,-4.951732278717238,96,0,False,False,,,,,,,,,,,
margin,UNLV,scientific_f3_m10,-5.001911398689021,97,0,False,False,,,,,,,,,,,
margin,Toledo,scientific_f3_m10,-5.618577548950005,98,0,False,False,,,,,,,,,,,
margin,Michigan,scientific_f3_m10,-5.947387605511252,99,0,False,False,,,,,,,,,,,
margin,San José State,scientific_f3_m10,-7.034316586224761,100,0,False,False,,,,,,,,,,,
margin,Georgia Tech,scientific_f3_m10,-7.4487460117451265,101,0,False,False,,,,,,,,,,,
margin,Washington State,scientific_f3_m10,-7.693206640514044,102,0,False,False,,,,,,,,,,,
margin,Eastern Michigan,scientific_f3_m10,-8.345217307463663,103,0,False,False,,,,,,,,,,,
margin,Charlotte,scientific_f3_m10,-9.202937301816204,104,0,False,False,,,,,,,,,,,
margin,Clemson,scientific_f3_m10,-10.038028889477802,105,0,False,False,,,,,,,,,,,
margin,Utah State,scientific_f3_m10,-10.49062770354107,106,0,False,False,,,,,,,,,,,
margin,Bowling Green,scientific_f3_m10,-11.146420514521749,107,0,False,False,,,,,,,,,,,
margin,Boise State,scientific_f3_m10,-11.553532735616676,108,0,False,False,,,,,,,,,,,
margin,Sam Houston,scientific_f3_m10,-11.961945463994125,109,0,False,False,,,,,,,,,,,
margin,Miami (OH),scientific_f3_m10,-12.884221153628046,110,0,False,False,,,,,,,,,,,
margin,North Texas,scientific_f3_m10,-12.932374505112854,111,0,False,False,,,,,,,,,,,
margin,UL Monroe,scientific_f3_m10,-14.874972526698075,112,0,False,False,,,,,,,,,,,
margin,Oklahoma State,scientific_f3_m10,-14.925594495208598,113,0,False,False,,,,,,,,,,,
margin,Wisconsin,scientific_f3_m10,-16.404544503157222,114,0,False,False,,,,,,,,,,,
margin,Oregon State,scientific_f3_m10,-16.71643789041066,115,0,False,False,,,,,,,,,,,
margin,NC State,scientific_f3_m10,-17.151925837249713,116,0,False,False,,,,,,,,,,,
margin,Troy,scientific_f3_m10,-17.967658450169054,117,0,False,False,,,,,,,,,,,
margin,UAB,scientific_f3_m10,-18.14066336886415,118,0,False,False,,,,,,,,,,,
margin,Boston College,scientific_f3_m10,-18.40078647057973,119,0,False,False,,,,,,,,,,,
margin,Fresno State,scientific_f3_m10,-18.891467353515715,120,0,False,False,,,,,,,,,,,
margin,Missouri State,scientific_f3_m10,-19.000958959885672,121,0,False,False,,,,,,,,,,,
margin,Coastal Carolina,scientific_f3_m10,-19.31375565689863,122,0,False,False,,,,,,,,,,,
margin,Wyoming,scientific_f3_m10,-19.503567775902997,123,0,False,False,,,,,,,,,,,
margin,Central Michigan,scientific_f3_m10,-20.0113546492771,124,0,False,False,,,,,,,,,,,
margin,Hawai'i,scientific_f3_m10,-20.015400313463815,125,0,False,False,,,,,,,,,,,
margin,California,scientific_f3_m10,-20.92161038482801,126,0,False,False,,,,,,,,,,,
margin,UTEP,scientific_f3_m10,-22.650544965697488,127,0,False,False,,,,,,,,,,,
margin,Ohio,scientific_f3_m10,-22.912503067533653,128,0,False,False,,,,,,,,,,,
margin,Northern Illinois,scientific_f3_m10,-24.120046125019805,129,0,False,False,,,,,,,,,,,
margin,Marshall,scientific_f3_m10,-24.427615486466436,130,0,False,False,,,,,,,,,,,
margin,Rutgers,scientific_f3_m10,-25.968732887084816,131,0,False,False,,,,,,,,,,,
margin,Akron,scientific_f3_m10,-26.048839021627018,132,0,False,False,,,,,,,,,,,
margin,Arkansas State,scientific_f3_m10,-26.166392504358527,133,0,False,False,,,,,,,,,,,
margin,Texas State,scientific_f3_m10,-26.63785387989109,134,0,False,False,,,,,,,,,,,
margin,Western Kentucky,scientific_f3_m10,-26.905605948175825,135,0,False,False,,,,,,,,,,,
margin,Ball State,scientific_f3_m10,-27.560765753053413,136,0,False,False,,,,,,,,,,,
margin,Florida Atlantic,scientific_f3_m10,-28.521629708178075,137,0,False,False,,,,,,,,,,,
margin,Kent State,scientific_f3_m10,-30.439505060207484,138,0,False,False,,,,,,,,,,,
margin,Ohio State,scientific_f4_m1,40.69053594097117,1,25,True,True,,,,,,,,,,,
margin,Georgia,scientific_f4_m1,40.6861954294207,2,24,True,False,,,,,,,,,,,
margin,Texas,scientific_f4_m1,32.45268245162645,3,23,True,False,,,,,,,,,,,
margin,Texas A&M,scientific_f4_m1,31.85410026690216,4,22,True,False,,,,,,,,,,,
margin,Alabama,scientific_f4_m1,29.440273519542718,5,21,True,False,,,,,,,,,,,
margin,Oklahoma,scientific_f4_m1,29.34660319484111,6,20,True,False,,,,,,,,,,,
margin,Minnesota,scientific_f4_m1,28.78299580305878,7,19,True,False,,,,,,,,,,,
margin,South Carolina,scientific_f4_m1,28.728395244443767,8,18,True,False,,,,,,,,,,,
margin,Virginia Tech,scientific_f4_m1,28.26912753657175,9,17,True,False,,,,,,,,,,,
margin,Tennessee,scientific_f4_m1,28.107462618512667,10,16,True,False,,,,,,,,,,,
margin,LSU,scientific_f4_m1,28.02000790849623,11,15,True,False,,,,,,,,,,,
margin,BYU,scientific_f4_m1,27.647210357839647,12,14,True,False,,,,,,,,,,,
margin,Kansas State,scientific_f4_m1,26.95339448188584,13,13,True,False,,,,,,,,,,,
margin,Oregon,scientific_f4_m1,24.21551720659592,14,12,True,False,,,,,,,,,,,
margin,Notre Dame,scientific_f4_m1,24.199239180768082,15,11,True,False,,,,,,,,,,,
margin,Arizona State,scientific_f4_m1,23.95019213573865,16,10,True,False,,,,,,,,,,,
margin,Iowa,scientific_f4_m1,23.525987876277203,17,9,True,False,,,,,,,,,,,
margin,Pittsburgh,scientific_f4_m1,21.969204144195942,18,8,True,False,,,,,,,,,,,
margin,UCF,scientific_f4_m1,21.93535391819657,19,7,True,False,,,,,,,,,,,
margin,Missouri,scientific_f4_m1,21.688854111159173,20,6,True,False,,,,,,,,,,,
margin,Utah,scientific_f4_m1,21.043950880535654,21,5,True,False,,,,,,,,,,,
margin,Kansas,scientific_f4_m1,19.462000159075153,22,4,True,False,,,,,,,,,,,
margin,Michigan,scientific_f4_m1,19.453103321683045,23,3,True,False,,,,,,,,,,,
margin,Penn State,scientific_f4_m1,19.234781265676624,24,2,True,False,,,,,,,,,,,
margin,Mississippi State,scientific_f4_m1,19.134603726018725,25,1,True,False,,,,,,,,,,,
margin,Florida,scientific_f4_m1,18.891495461115014,26,0,False,False,,,,,,,,,,,
margin,Washington,scientific_f4_m1,18.85176783954542,27,0,False,False,,,,,,,,,,,
margin,Arizona,scientific_f4_m1,18.366056495856835,28,0,False,False,,,,,,,,,,,
margin,Miami,scientific_f4_m1,18.278303383205095,29,0,False,False,,,,,,,,,,,
margin,Southern Miss,scientific_f4_m1,17.837653313686538,30,0,False,False,,,,,,,,,,,
margin,Kentucky,scientific_f4_m1,17.638797746666285,31,0,False,False,,,,,,,,,,,
margin,Texas Tech,scientific_f4_m1,15.909947953938675,32,0,False,False,,,,,,,,,,,
margin,USC,scientific_f4_m1,15.778632019961375,33,0,False,False,,,,,,,,,,,
margin,Nebraska,scientific_f4_m1,15.491320233621583,34,0,False,False,,,,,,,,,,,
margin,Illinois,scientific_f4_m1,14.890413009907212,35,0,False,False,,,,,,,,,,,
margin,Maryland,scientific_f4_m1,14.681244753799984,36,0,False,False,,,,,,,,,,,
margin,Georgia Southern,scientific_f4_m1,14.48049671483961,37,0,False,False,,,,,,,,,,,
margin,Army,scientific_f4_m1,13.822577226165428,38,0,False,False,,,,,,,,,,,
margin,UTSA,scientific_f4_m1,13.471413856939645,39,0,False,False,,,,,,,,,,,
margin,UCLA,scientific_f4_m1,13.164320167720126,40,0,False,False,,,,,,,,,,,
margin,App State,scientific_f4_m1,12.872625898318885,41,0,False,False,,,,,,,,,,,
margin,UConn,scientific_f4_m1,12.625675943378468,42,0,False,False,,,,,,,,,,,
margin,Indiana,scientific_f4_m1,12.59791841061616,43,0,False,False,,,,,,,,,,,
margin,Vanderbilt,scientific_f4_m1,12.270840929701885,44,0,False,False,,,,,,,,,,,
margin,Duke,scientific_f4_m1,12.060282752308837,45,0,False,False,,,,,,,,,,,
margin,Syracuse,scientific_f4_m1,12.056596624235182,46,0,False,False,,,,,,,,,,,
margin,Ole Miss,scientific_f4_m1,12.001376107917512,47,0,False,False,,,,,,,,,,,
margin,Northwestern,scientific_f4_m1,11.989018533554951,48,0,False,False,,,,,,,,,,,
margin,Louisiana Tech,scientific_f4_m1,9.386562034395869,49,0,False,False,,,,,,,,,,,
margin,Louisiana,scientific_f4_m1,9.185867407449305,50,0,False,False,,,,,,,,,,,
margin,Iowa State,scientific_f4_m1,8.801189500811061,51,0,False,False,,,,,,,,,,,
margin,SMU,scientific_f4_m1,8.437460494106912,52,0,False,False,,,,,,,,,,,
margin,Delaware,scientific_f4_m1,8.022215312765905,53,0,False,False,,,,,,,,,,,
margin,North Carolina,scientific_f4_m1,7.907550317111535,54,0,False,False,,,,,,,,,,,
margin,Kennesaw State,scientific_f4_m1,7.353043162578586,55,0,False,False,,,,,,,,,,,
margin,Jacksonville State,scientific_f4_m1,7.012148205810862,56,0,False,False,,,,,,,,,,,
margin,Rice,scientific_f4_m1,5.457807255904442,57,0,False,False,,,,,,,,,,,
margin,Temple,scientific_f4_m1,5.194483852086842,58,0,False,False,,,,,,,,,,,
margin,Purdue,scientific_f4_m1,5.18340529654476,59,0,False,False,,,,,,,,,,,
margin,San Diego State,scientific_f4_m1,5.043661592500012,60,0,False,False,,,,,,,,,,,
margin,Memphis,scientific_f4_m1,4.896756884295433,61,0,False,False,,,,,,,,,,,
margin,Sacramento State,scientific_f4_m1,4.728524027148071,62,0,False,False,,,,,,,,,,,
margin,New Mexico,scientific_f4_m1,4.635100219465847,63,0,False,False,,,,,,,,,,,
margin,Michigan State,scientific_f4_m1,4.42127909686276,64,0,False,False,,,,,,,,,,,
margin,Georgia Tech,scientific_f4_m1,4.295770664786466,65,0,False,False,,,,,,,,,,,
margin,Houston,scientific_f4_m1,3.9518791756064267,66,0,False,False,,,,,,,,,,,
margin,Air Force,scientific_f4_m1,3.8916747171955564,67,0,False,False,,,,,,,,,,,
margin,Virginia,scientific_f4_m1,3.522246828964904,68,0,False,False,,,,,,,,,,,
margin,Florida State,scientific_f4_m1,3.4097496302495203,69,0,False,False,,,,,,,,,,,
margin,Boise State,scientific_f4_m1,3.115839525079629,70,0,False,False,,,,,,,,,,,
margin,South Florida,scientific_f4_m1,2.3821091606976017,71,0,False,False,,,,,,,,,,,
margin,Louisville,scientific_f4_m1,2.057738725615445,72,0,False,False,,,,,,,,,,,
margin,Navy,scientific_f4_m1,1.9067070475453516,73,0,False,False,,,,,,,,,,,
margin,Arkansas,scientific_f4_m1,1.864118346565455,74,0,False,False,,,,,,,,,,,
margin,Georgia State,scientific_f4_m1,1.8231033540649046,75,0,False,False,,,,,,,,,,,
margin,Wake Forest,scientific_f4_m1,1.385603657898328,76,0,False,False,,,,,,,,,,,
margin,Baylor,scientific_f4_m1,0.5456084281818088,77,0,False,False,,,,,,,,,,,
margin,UNLV,scientific_f4_m1,0.4291402460607663,78,0,False,False,,,,,,,,,,,
margin,North Dakota State,scientific_f4_m1,0.2858017517881315,79,0,False,False,,,,,,,,,,,
margin,Washington State,scientific_f4_m1,-1.2794923086091963,80,0,False,False,,,,,,,,,,,
margin,Colorado State,scientific_f4_m1,-1.4891692480816596,81,0,False,False,,,,,,,,,,,
margin,South Alabama,scientific_f4_m1,-2.0777758917568274,82,0,False,False,,,,,,,,,,,
margin,New Mexico State,scientific_f4_m1,-2.338341737933595,83,0,False,False,,,,,,,,,,,
margin,Auburn,scientific_f4_m1,-2.3887236959387845,84,0,False,False,,,,,,,,,,,
margin,Nevada,scientific_f4_m1,-2.612598317344066,85,0,False,False,,,,,,,,,,,
margin,Cincinnati,scientific_f4_m1,-2.9573508531208414,86,0,False,False,,,,,,,,,,,
margin,Oregon State,scientific_f4_m1,-3.1309819838280672,87,0,False,False,,,,,,,,,,,
margin,Stanford,scientific_f4_m1,-3.1477839401243743,88,0,False,False,,,,,,,,,,,
margin,Colorado,scientific_f4_m1,-3.426533908843594,89,0,False,False,,,,,,,,,,,
margin,Tulsa,scientific_f4_m1,-4.090681547731407,90,0,False,False,,,,,,,,,,,
margin,James Madison,scientific_f4_m1,-4.4050737056696185,91,0,False,False,,,,,,,,,,,
margin,Old Dominion,scientific_f4_m1,-4.543570495313078,92,0,False,False,,,,,,,,,,,
margin,Eastern Michigan,scientific_f4_m1,-5.559289252749824,93,0,False,False,,,,,,,,,,,
margin,Oklahoma State,scientific_f4_m1,-5.6109514747332,94,0,False,False,,,,,,,,,,,
margin,Middle Tennessee,scientific_f4_m1,-5.863086120944089,95,0,False,False,,,,,,,,,,,
margin,Tulane,scientific_f4_m1,-5.969750202978378,96,0,False,False,,,,,,,,,,,
margin,Liberty,scientific_f4_m1,-6.266332730264121,97,0,False,False,,,,,,,,,,,
margin,Boston College,scientific_f4_m1,-7.2049132803809055,98,0,False,False,,,,,,,,,,,
margin,Utah State,scientific_f4_m1,-7.523628862155988,99,0,False,False,,,,,,,,,,,
margin,West Virginia,scientific_f4_m1,-7.816957762496282,100,0,False,False,,,,,,,,,,,
margin,Florida International,scientific_f4_m1,-8.397907856770662,101,0,False,False,,,,,,,,,,,
margin,Clemson,scientific_f4_m1,-8.397909848306467,102,0,False,False,,,,,,,,,,,
margin,Western Kentucky,scientific_f4_m1,-8.462748123344856,103,0,False,False,,,,,,,,,,,
margin,Wisconsin,scientific_f4_m1,-8.90207675495097,104,0,False,False,,,,,,,,,,,
margin,TCU,scientific_f4_m1,-9.029785975985696,105,0,False,False,,,,,,,,,,,
margin,Western Michigan,scientific_f4_m1,-9.726257485787839,106,0,False,False,,,,,,,,,,,
margin,Charlotte,scientific_f4_m1,-9.753577367027138,107,0,False,False,,,,,,,,,,,
margin,Texas State,scientific_f4_m1,-9.900930684624765,108,0,False,False,,,,,,,,,,,
margin,Coastal Carolina,scientific_f4_m1,-10.040993233585102,109,0,False,False,,,,,,,,,,,
margin,Ohio,scientific_f4_m1,-10.503027454339078,110,0,False,False,,,,,,,,,,,
margin,North Texas,scientific_f4_m1,-11.772832596481596,111,0,False,False,,,,,,,,,,,
margin,Buffalo,scientific_f4_m1,-11.865522960668429,112,0,False,False,,,,,,,,,,,
margin,California,scientific_f4_m1,-11.931134277060764,113,0,False,False,,,,,,,,,,,
margin,Toledo,scientific_f4_m1,-11.999652651777964,114,0,False,False,,,,,,,,,,,
margin,Troy,scientific_f4_m1,-12.228055637745193,115,0,False,False,,,,,,,,,,,
margin,East Carolina,scientific_f4_m1,-12.826593397283059,116,0,False,False,,,,,,,,,,,
margin,UAB,scientific_f4_m1,-12.901104238371008,117,0,False,False,,,,,,,,,,,
margin,Sam Houston,scientific_f4_m1,-12.972290512685582,118,0,False,False,,,,,,,,,,,
margin,Arkansas State,scientific_f4_m1,-13.219000448688622,119,0,False,False,,,,,,,,,,,
margin,Bowling Green,scientific_f4_m1,-13.76485538907534,120,0,False,False,,,,,,,,,,,
margin,Rutgers,scientific_f4_m1,-14.252782628247061,121,0,False,False,,,,,,,,,,,
margin,NC State,scientific_f4_m1,-14.418084911915862,122,0,False,False,,,,,,,,,,,
margin,Fresno State,scientific_f4_m1,-14.61133267583643,123,0,False,False,,,,,,,,,,,
margin,San José State,scientific_f4_m1,-14.646849598276944,124,0,False,False,,,,,,,,,,,
margin,Hawai'i,scientific_f4_m1,-14.867636423967163,125,0,False,False,,,,,,,,,,,
margin,Akron,scientific_f4_m1,-15.927026945576365,126,0,False,False,,,,,,,,,,,
margin,Florida Atlantic,scientific_f4_m1,-16.19864446534608,127,0,False,False,,,,,,,,,,,
margin,Massachusetts,scientific_f4_m1,-19.902692162919994,128,0,False,False,,,,,,,,,,,
margin,Marshall,scientific_f4_m1,-20.497160191186122,129,0,False,False,,,,,,,,,,,
margin,Miami (OH),scientific_f4_m1,-22.15196936652803,130,0,False,False,,,,,,,,,,,
margin,Central Michigan,scientific_f4_m1,-22.49689820437654,131,0,False,False,,,,,,,,,,,
margin,Wyoming,scientific_f4_m1,-22.681714843760297,132,0,False,False,,,,,,,,,,,
margin,UL Monroe,scientific_f4_m1,-28.85787328351529,133,0,False,False,,,,,,,,,,,
margin,Northern Illinois,scientific_f4_m1,-29.471873670969494,134,0,False,False,,,,,,,,,,,
margin,Ball State,scientific_f4_m1,-30.471536296342144,135,0,False,False,,,,,,,,,,,
margin,Missouri State,scientific_f4_m1,-30.759340833359246,136,0,False,False,,,,,,,,,,,
margin,UTEP,scientific_f4_m1,-32.99580636159817,137,0,False,False,,,,,,,,,,,
margin,Kent State,scientific_f4_m1,-39.512443489172156,138,0,False,False,,,,,,,,,,,
margin,Georgia,scientific_f4_m2,37.325587864946804,1,25,True,True,,,,,,,,,,,
margin,Ohio State,scientific_f4_m2,36.20809835635935,2,24,True,False,,,,,,,,,,,
margin,Texas,scientific_f4_m2,30.53929156910889,3,23,True,False,,,,,,,,,,,
margin,UCF,scientific_f4_m2,28.424808131060935,4,22,True,False,,,,,,,,,,,
margin,LSU,scientific_f4_m2,28.02508344660891,5,21,True,False,,,,,,,,,,,
margin,Arizona State,scientific_f4_m2,26.99425654901189,6,20,True,False,,,,,,,,,,,
margin,Mississippi State,scientific_f4_m2,26.750411825526033,7,19,True,False,,,,,,,,,,,
margin,BYU,scientific_f4_m2,26.470359515536106,8,18,True,False,,,,,,,,,,,
margin,Tennessee,scientific_f4_m2,26.22089060808161,9,17,True,False,,,,,,,,,,,
margin,Florida,scientific_f4_m2,26.2049468588508,10,16,True,False,,,,,,,,,,,
margin,Utah,scientific_f4_m2,26.082492036452397,11,15,True,False,,,,,,,,,,,
margin,Alabama,scientific_f4_m2,25.15233869560078,12,14,True,False,,,,,,,,,,,
margin,Texas A&M,scientific_f4_m2,23.97889176028353,13,13,True,False,,,,,,,,,,,
margin,Pittsburgh,scientific_f4_m2,23.920650229990688,14,12,True,False,,,,,,,,,,,
margin,Missouri,scientific_f4_m2,23.842493268144608,15,11,True,False,,,,,,,,,,,
margin,Notre Dame,scientific_f4_m2,23.445398360247935,16,10,True,False,,,,,,,,,,,
margin,South Carolina,scientific_f4_m2,22.35971383013803,17,9,True,False,,,,,,,,,,,
margin,Oklahoma,scientific_f4_m2,21.715775394742955,18,8,True,False,,,,,,,,,,,
margin,Nebraska,scientific_f4_m2,21.49487464719802,19,7,True,False,,,,,,,,,,,
margin,Oregon,scientific_f4_m2,20.280815741997714,20,6,True,False,,,,,,,,,,,
margin,Kansas State,scientific_f4_m2,19.158478309864467,21,5,True,False,,,,,,,,,,,
margin,Michigan,scientific_f4_m2,18.394275544881452,22,4,True,False,,,,,,,,,,,
margin,Iowa,scientific_f4_m2,17.633034010141486,23,3,True,False,,,,,,,,,,,
margin,Minnesota,scientific_f4_m2,17.184735725106343,24,2,True,False,,,,,,,,,,,
margin,Texas Tech,scientific_f4_m2,16.94971963845893,25,1,True,False,,,,,,,,,,,
margin,USC,scientific_f4_m2,16.89745292366061,26,0,False,False,,,,,,,,,,,
margin,Miami,scientific_f4_m2,16.879610798845224,27,0,False,False,,,,,,,,,,,
margin,Illinois,scientific_f4_m2,16.58035252823715,28,0,False,False,,,,,,,,,,,
margin,Syracuse,scientific_f4_m2,15.777503366037415,29,0,False,False,,,,,,,,,,,
margin,Indiana,scientific_f4_m2,15.736390904574332,30,0,False,False,,,,,,,,,,,
margin,Army,scientific_f4_m2,15.546340559078185,31,0,False,False,,,,,,,,,,,
margin,Kentucky,scientific_f4_m2,15.053442590323009,32,0,False,False,,,,,,,,,,,
margin,UCLA,scientific_f4_m2,14.847269860628284,33,0,False,False,,,,,,,,,,,
margin,UConn,scientific_f4_m2,14.406717264567515,34,0,False,False,,,,,,,,,,,
margin,Washington,scientific_f4_m2,13.777137842153568,35,0,False,False,,,,,,,,,,,
margin,Maryland,scientific_f4_m2,13.63276748219485,36,0,False,False,,,,,,,,,,,
margin,Louisiana Tech,scientific_f4_m2,13.545963834581986,37,0,False,False,,,,,,,,,,,
margin,Penn State,scientific_f4_m2,11.577152758588559,38,0,False,False,,,,,,,,,,,
margin,Northwestern,scientific_f4_m2,11.42578705024238,39,0,False,False,,,,,,,,,,,
margin,UTSA,scientific_f4_m2,11.334573381143558,40,0,False,False,,,,,,,,,,,
margin,Kansas,scientific_f4_m2,11.090827455574564,41,0,False,False,,,,,,,,,,,
margin,Ole Miss,scientific_f4_m2,10.706176148808757,42,0,False,False,,,,,,,,,,,
margin,Virginia,scientific_f4_m2,10.384663022791797,43,0,False,False,,,,,,,,,,,
margin,Vanderbilt,scientific_f4_m2,9.70210189633895,44,0,False,False,,,,,,,,,,,
margin,North Carolina,scientific_f4_m2,9.540016666888025,45,0,False,False,,,,,,,,,,,
margin,Iowa State,scientific_f4_m2,9.536054447745862,46,0,False,False,,,,,,,,,,,
margin,SMU,scientific_f4_m2,8.8245206304534,47,0,False,False,,,,,,,,,,,
margin,Louisiana,scientific_f4_m2,8.812983397794392,48,0,False,False,,,,,,,,,,,
margin,Purdue,scientific_f4_m2,8.041807435671629,49,0,False,False,,,,,,,,,,,
margin,App State,scientific_f4_m2,7.979417652394908,50,0,False,False,,,,,,,,,,,
margin,Georgia Tech,scientific_f4_m2,7.716691677398769,51,0,False,False,,,,,,,,,,,
margin,Duke,scientific_f4_m2,6.995463724563441,52,0,False,False,,,,,,,,,,,
margin,Memphis,scientific_f4_m2,5.924191546716266,53,0,False,False,,,,,,,,,,,
margin,South Florida,scientific_f4_m2,5.467323119496852,54,0,False,False,,,,,,,,,,,
margin,Rice,scientific_f4_m2,5.452078385631449,55,0,False,False,,,,,,,,,,,
margin,Arizona,scientific_f4_m2,5.2126483126990735,56,0,False,False,,,,,,,,,,,
margin,Georgia Southern,scientific_f4_m2,5.16902377010592,57,0,False,False,,,,,,,,,,,
margin,Temple,scientific_f4_m2,4.57007593809271,58,0,False,False,,,,,,,,,,,
margin,Arkansas,scientific_f4_m2,4.42373815275033,59,0,False,False,,,,,,,,,,,
margin,San Diego State,scientific_f4_m2,4.315182113155699,60,0,False,False,,,,,,,,,,,
margin,Houston,scientific_f4_m2,4.112447473938891,61,0,False,False,,,,,,,,,,,
margin,Delaware,scientific_f4_m2,4.023116696029079,62,0,False,False,,,,,,,,,,,
margin,Georgia State,scientific_f4_m2,3.595853676806156,63,0,False,False,,,,,,,,,,,
margin,Southern Miss,scientific_f4_m2,3.534119125903267,64,0,False,False,,,,,,,,,,,
margin,New Mexico,scientific_f4_m2,3.4854933245826256,65,0,False,False,,,,,,,,,,,
margin,Florida State,scientific_f4_m2,3.11047978850804,66,0,False,False,,,,,,,,,,,
margin,Wake Forest,scientific_f4_m2,3.034757968999931,67,0,False,False,,,,,,,,,,,
margin,Michigan State,scientific_f4_m2,2.984659710941421,68,0,False,False,,,,,,,,,,,
margin,Jacksonville State,scientific_f4_m2,2.5704635547709023,69,0,False,False,,,,,,,,,,,
margin,Navy,scientific_f4_m2,1.8918914996088532,70,0,False,False,,,,,,,,,,,
margin,Baylor,scientific_f4_m2,1.68613227424642,71,0,False,False,,,,,,,,,,,
margin,Nevada,scientific_f4_m2,1.183469673730892,72,0,False,False,,,,,,,,,,,
margin,Air Force,scientific_f4_m2,0.7305569618157488,73,0,False,False,,,,,,,,,,,
margin,Kennesaw State,scientific_f4_m2,0.2933287908101776,74,0,False,False,,,,,,,,,,,
margin,Sacramento State,scientific_f4_m2,-1.482698275482781,75,0,False,False,,,,,,,,,,,
margin,Virginia Tech,scientific_f4_m2,-1.6336097874615407,76,0,False,False,,,,,,,,,,,
margin,Cincinnati,scientific_f4_m2,-1.6443845150195973,77,0,False,False,,,,,,,,,,,
margin,North Dakota State,scientific_f4_m2,-1.6519456739929417,78,0,False,False,,,,,,,,,,,
margin,UNLV,scientific_f4_m2,-1.9298222740377597,79,0,False,False,,,,,,,,,,,
margin,New Mexico State,scientific_f4_m2,-2.5752437697918693,80,0,False,False,,,,,,,,,,,
margin,South Alabama,scientific_f4_m2,-2.6057359362109196,81,0,False,False,,,,,,,,,,,
margin,Colorado State,scientific_f4_m2,-2.631177823808485,82,0,False,False,,,,,,,,,,,
margin,Auburn,scientific_f4_m2,-2.760847463937141,83,0,False,False,,,,,,,,,,,
margin,Louisville,scientific_f4_m2,-3.378906976350207,84,0,False,False,,,,,,,,,,,
margin,James Madison,scientific_f4_m2,-4.004782239657837,85,0,False,False,,,,,,,,,,,
margin,Oregon State,scientific_f4_m2,-5.0087064318478935,86,0,False,False,,,,,,,,,,,
margin,Old Dominion,scientific_f4_m2,-5.195675348233722,87,0,False,False,,,,,,,,,,,
margin,Liberty,scientific_f4_m2,-5.385725976841074,88,0,False,False,,,,,,,,,,,
margin,Boise State,scientific_f4_m2,-5.444300478315364,89,0,False,False,,,,,,,,,,,
margin,Tulane,scientific_f4_m2,-5.906177594088443,90,0,False,False,,,,,,,,,,,
margin,Stanford,scientific_f4_m2,-6.024397752449891,91,0,False,False,,,,,,,,,,,
margin,Middle Tennessee,scientific_f4_m2,-6.293881334840037,92,0,False,False,,,,,,,,,,,
margin,Boston College,scientific_f4_m2,-6.36213295399053,93,0,False,False,,,,,,,,,,,
margin,Oklahoma State,scientific_f4_m2,-6.579836248747911,94,0,False,False,,,,,,,,,,,
margin,Utah State,scientific_f4_m2,-7.245960669200874,95,0,False,False,,,,,,,,,,,
margin,West Virginia,scientific_f4_m2,-8.067277964663434,96,0,False,False,,,,,,,,,,,
margin,Colorado,scientific_f4_m2,-8.189877281426373,97,0,False,False,,,,,,,,,,,
margin,Western Michigan,scientific_f4_m2,-8.344466915017458,98,0,False,False,,,,,,,,,,,
margin,Washington State,scientific_f4_m2,-8.399675860523555,99,0,False,False,,,,,,,,,,,
margin,Florida International,scientific_f4_m2,-8.472320442289462,100,0,False,False,,,,,,,,,,,
margin,Charlotte,scientific_f4_m2,-9.325774093481142,101,0,False,False,,,,,,,,,,,
margin,Ohio,scientific_f4_m2,-10.193111648598657,102,0,False,False,,,,,,,,,,,
margin,Wisconsin,scientific_f4_m2,-10.620551941823965,103,0,False,False,,,,,,,,,,,
margin,Tulsa,scientific_f4_m2,-10.656408225205496,104,0,False,False,,,,,,,,,,,
margin,California,scientific_f4_m2,-11.174733258118764,105,0,False,False,,,,,,,,,,,
margin,Rutgers,scientific_f4_m2,-11.390370349409725,106,0,False,False,,,,,,,,,,,
margin,Clemson,scientific_f4_m2,-11.434628666067312,107,0,False,False,,,,,,,,,,,
margin,TCU,scientific_f4_m2,-11.65012151718534,108,0,False,False,,,,,,,,,,,
margin,East Carolina,scientific_f4_m2,-12.944039263083676,109,0,False,False,,,,,,,,,,,
margin,NC State,scientific_f4_m2,-13.043130451616983,110,0,False,False,,,,,,,,,,,
margin,Toledo,scientific_f4_m2,-13.432345799070221,111,0,False,False,,,,,,,,,,,
margin,Hawai'i,scientific_f4_m2,-13.524759145200246,112,0,False,False,,,,,,,,,,,
margin,Bowling Green,scientific_f4_m2,-14.088623330612563,113,0,False,False,,,,,,,,,,,
margin,Western Kentucky,scientific_f4_m2,-14.142592634678241,114,0,False,False,,,,,,,,,,,
margin,Eastern Michigan,scientific_f4_m2,-14.160338480147932,115,0,False,False,,,,,,,,,,,
margin,Troy,scientific_f4_m2,-14.22609346353087,116,0,False,False,,,,,,,,,,,
margin,Sam Houston,scientific_f4_m2,-14.693942321952632,117,0,False,False,,,,,,,,,,,
margin,Coastal Carolina,scientific_f4_m2,-14.715766706277627,118,0,False,False,,,,,,,,,,,
margin,Arkansas State,scientific_f4_m2,-15.336682185073474,119,0,False,False,,,,,,,,,,,
margin,Buffalo,scientific_f4_m2,-16.202184419679913,120,0,False,False,,,,,,,,,,,
margin,Texas State,scientific_f4_m2,-16.39195131806158,121,0,False,False,,,,,,,,,,,
margin,Fresno State,scientific_f4_m2,-17.639848384058027,122,0,False,False,,,,,,,,,,,
margin,UAB,scientific_f4_m2,-17.65530248500645,123,0,False,False,,,,,,,,,,,
margin,Massachusetts,scientific_f4_m2,-17.941866313441245,124,0,False,False,,,,,,,,,,,
margin,San José State,scientific_f4_m2,-19.02827501214614,125,0,False,False,,,,,,,,,,,
margin,North Texas,scientific_f4_m2,-20.318919766619544,126,0,False,False,,,,,,,,,,,
margin,Akron,scientific_f4_m2,-20.5694673724161,127,0,False,False,,,,,,,,,,,
margin,Florida Atlantic,scientific_f4_m2,-21.74266225996265,128,0,False,False,,,,,,,,,,,
margin,Miami (OH),scientific_f4_m2,-23.392187374711945,129,0,False,False,,,,,,,,,,,
margin,Marshall,scientific_f4_m2,-23.838149301089697,130,0,False,False,,,,,,,,,,,
margin,Ball State,scientific_f4_m2,-25.227053529968117,131,0,False,False,,,,,,,,,,,
margin,Wyoming,scientific_f4_m2,-26.323832493324048,132,0,False,False,,,,,,,,,,,
margin,Central Michigan,scientific_f4_m2,-28.27372883172337,133,0,False,False,,,,,,,,,,,
margin,Northern Illinois,scientific_f4_m2,-30.372885181343655,134,0,False,False,,,,,,,,,,,
margin,Missouri State,scientific_f4_m2,-30.755168141442553,135,0,False,False,,,,,,,,,,,
margin,Kent State,scientific_f4_m2,-32.81011085511178,136,0,False,False,,,,,,,,,,,
margin,UL Monroe,scientific_f4_m2,-32.84322314767995,137,0,False,False,,,,,,,,,,,
margin,UTEP,scientific_f4_m2,-37.629419728833085,138,0,False,False,,,,,,,,,,,
margin,Georgia,scientific_f4_m3,34.15441746031746,1,25,True,True,,,,,,,,,,,
margin,Ohio State,scientific_f4_m3,31.29702619047618,2,24,True,False,,,,,,,,,,,
margin,LSU,scientific_f4_m3,28.77773492063491,3,23,True,False,,,,,,,,,,,
margin,Texas A&M,scientific_f4_m3,27.65810490620489,4,22,True,False,,,,,,,,,,,
margin,BYU,scientific_f4_m3,25.71055476190475,5,21,True,False,,,,,,,,,,,
margin,Tennessee,scientific_f4_m3,24.63826349206349,6,20,True,False,,,,,,,,,,,
margin,Oklahoma,scientific_f4_m3,24.267288719123986,7,19,True,False,,,,,,,,,,,
margin,Alabama,scientific_f4_m3,23.944209235209243,8,18,True,False,,,,,,,,,,,
margin,Kansas State,scientific_f4_m3,23.69832792207792,9,17,True,False,,,,,,,,,,,
margin,Utah,scientific_f4_m3,22.69640476190475,10,16,True,False,,,,,,,,,,,
margin,South Carolina,scientific_f4_m3,22.46956269841269,11,15,True,False,,,,,,,,,,,
margin,Missouri,scientific_f4_m3,22.07626349206349,12,14,True,False,,,,,,,,,,,
margin,Miami,scientific_f4_m3,22.004464862914862,13,13,True,False,,,,,,,,,,,
margin,USC,scientific_f4_m3,21.418111111111106,14,12,True,False,,,,,,,,,,,
margin,Penn State,scientific_f4_m3,21.21960317460318,15,11,True,False,,,,,,,,,,,
margin,Texas,scientific_f4_m3,21.106724206349206,16,10,True,False,,,,,,,,,,,
margin,Arizona State,scientific_f4_m3,19.860423809523798,17,9,True,False,,,,,,,,,,,
margin,Kansas,scientific_f4_m3,18.457801731601734,18,8,True,False,,,,,,,,,,,
margin,UCF,scientific_f4_m3,18.316940476190474,19,7,True,False,,,,,,,,,,,
margin,Notre Dame,scientific_f4_m3,18.100729251035702,20,6,True,False,,,,,,,,,,,
margin,UConn,scientific_f4_m3,17.736458730158734,21,5,True,False,,,,,,,,,,,
margin,Florida,scientific_f4_m3,17.629226936538636,22,4,True,False,,,,,,,,,,,
margin,Indiana,scientific_f4_m3,17.523372077922065,23,3,True,False,,,,,,,,,,,
margin,Pittsburgh,scientific_f4_m3,17.356044444444443,24,2,True,False,,,,,,,,,,,
margin,Syracuse,scientific_f4_m3,16.703581890331893,25,1,True,False,,,,,,,,,,,
margin,Iowa,scientific_f4_m3,16.167823809523814,26,0,False,False,,,,,,,,,,,
margin,Kentucky,scientific_f4_m3,15.986331746031752,27,0,False,False,,,,,,,,,,,
margin,Minnesota,scientific_f4_m3,15.83644458874459,28,0,False,False,,,,,,,,,,,
margin,Mississippi State,scientific_f4_m3,15.826137445887442,29,0,False,False,,,,,,,,,,,
margin,Army,scientific_f4_m3,15.452017460317458,30,0,False,False,,,,,,,,,,,
margin,Virginia Tech,scientific_f4_m3,13.876312698412697,31,0,False,False,,,,,,,,,,,
margin,Oregon,scientific_f4_m3,13.73318492063492,32,0,False,False,,,,,,,,,,,
margin,Texas Tech,scientific_f4_m3,13.55735079365079,33,0,False,False,,,,,,,,,,,
margin,Louisiana Tech,scientific_f4_m3,13.410884920634922,34,0,False,False,,,,,,,,,,,
margin,Nebraska,scientific_f4_m3,13.188204689754693,35,0,False,False,,,,,,,,,,,
margin,Maryland,scientific_f4_m3,13.1518619047619,36,0,False,False,,,,,,,,,,,
margin,UTSA,scientific_f4_m3,12.200960317460328,37,0,False,False,,,,,,,,,,,
margin,Michigan,scientific_f4_m3,12.147599331317107,38,0,False,False,,,,,,,,,,,
margin,Illinois,scientific_f4_m3,11.883115079365087,39,0,False,False,,,,,,,,,,,
margin,App State,scientific_f4_m3,11.71491666666667,40,0,False,False,,,,,,,,,,,
margin,Arizona,scientific_f4_m3,11.706314285714285,41,0,False,False,,,,,,,,,,,
margin,Washington,scientific_f4_m3,11.257291269841275,42,0,False,False,,,,,,,,,,,
margin,Kennesaw State,scientific_f4_m3,11.21203492063492,43,0,False,False,,,,,,,,,,,
margin,UCLA,scientific_f4_m3,11.208676984126985,44,0,False,False,,,,,,,,,,,
margin,SMU,scientific_f4_m3,9.588535714285717,45,0,False,False,,,,,,,,,,,
margin,Virginia,scientific_f4_m3,9.56088253968254,46,0,False,False,,,,,,,,,,,
margin,Louisiana,scientific_f4_m3,9.400647212993722,47,0,False,False,,,,,,,,,,,
margin,Iowa State,scientific_f4_m3,9.23167222222222,48,0,False,False,,,,,,,,,,,
margin,Georgia Southern,scientific_f4_m3,8.163823015873016,49,0,False,False,,,,,,,,,,,
margin,Purdue,scientific_f4_m3,8.114632722832724,50,0,False,False,,,,,,,,,,,
margin,Delaware,scientific_f4_m3,7.874333333333336,51,0,False,False,,,,,,,,,,,
margin,Wake Forest,scientific_f4_m3,7.58787655122655,52,0,False,False,,,,,,,,,,,
margin,Vanderbilt,scientific_f4_m3,7.483776190476189,53,0,False,False,,,,,,,,,,,
margin,Navy,scientific_f4_m3,7.162735425685424,54,0,False,False,,,,,,,,,,,
margin,Georgia State,scientific_f4_m3,7.005410173160168,55,0,False,False,,,,,,,,,,,
margin,New Mexico,scientific_f4_m3,6.993656349206355,56,0,False,False,,,,,,,,,,,
margin,Arkansas,scientific_f4_m3,6.56592539682539,57,0,False,False,,,,,,,,,,,
margin,Ole Miss,scientific_f4_m3,6.1015626984127005,58,0,False,False,,,,,,,,,,,
margin,Memphis,scientific_f4_m3,5.8448564611633556,59,0,False,False,,,,,,,,,,,
margin,Southern Miss,scientific_f4_m3,5.825380952380951,60,0,False,False,,,,,,,,,,,
margin,Northwestern,scientific_f4_m3,5.342638149972635,61,0,False,False,,,,,,,,,,,
margin,Houston,scientific_f4_m3,4.952875884460365,62,0,False,False,,,,,,,,,,,
margin,Old Dominion,scientific_f4_m3,4.869454184704186,63,0,False,False,,,,,,,,,,,
margin,Air Force,scientific_f4_m3,4.849576984126981,64,0,False,False,,,,,,,,,,,
margin,North Dakota State,scientific_f4_m3,4.451118209568209,65,0,False,False,,,,,,,,,,,
margin,Duke,scientific_f4_m3,4.251358730158734,66,0,False,False,,,,,,,,,,,
margin,Cincinnati,scientific_f4_m3,3.5972815656565658,67,0,False,False,,,,,,,,,,,
margin,Nevada,scientific_f4_m3,3.2868602453102467,68,0,False,False,,,,,,,,,,,
margin,Louisville,scientific_f4_m3,3.1233214285714284,69,0,False,False,,,,,,,,,,,
margin,Rice,scientific_f4_m3,2.710307936507935,70,0,False,False,,,,,,,,,,,
margin,James Madison,scientific_f4_m3,2.388845498945499,71,0,False,False,,,,,,,,,,,
margin,Michigan State,scientific_f4_m3,1.430330952380951,72,0,False,False,,,,,,,,,,,
margin,Jacksonville State,scientific_f4_m3,1.3716998892580303,73,0,False,False,,,,,,,,,,,
margin,Florida State,scientific_f4_m3,1.1245174603174606,74,0,False,False,,,,,,,,,,,
margin,Colorado State,scientific_f4_m3,0.9281715340215342,75,0,False,False,,,,,,,,,,,
margin,Temple,scientific_f4_m3,0.9055798229548226,76,0,False,False,,,,,,,,,,,
margin,San Diego State,scientific_f4_m3,0.7837261904761905,77,0,False,False,,,,,,,,,,,
margin,North Carolina,scientific_f4_m3,0.6205604761904763,78,0,False,False,,,,,,,,,,,
margin,Auburn,scientific_f4_m3,0.4756593073593072,79,0,False,False,,,,,,,,,,,
margin,South Alabama,scientific_f4_m3,-0.05717222222222248,80,0,False,False,,,,,,,,,,,
margin,Sacramento State,scientific_f4_m3,-0.0698160326496191,81,0,False,False,,,,,,,,,,,
margin,West Virginia,scientific_f4_m3,-0.28657063492063517,82,0,False,False,,,,,,,,,,,
margin,Middle Tennessee,scientific_f4_m3,-0.5018705215419506,83,0,False,False,,,,,,,,,,,
margin,UNLV,scientific_f4_m3,-0.576258297258297,84,0,False,False,,,,,,,,,,,
margin,South Florida,scientific_f4_m3,-1.171283044733044,85,0,False,False,,,,,,,,,,,
margin,Clemson,scientific_f4_m3,-1.3761391053391043,86,0,False,False,,,,,,,,,,,
margin,Georgia Tech,scientific_f4_m3,-1.6911719304849744,87,0,False,False,,,,,,,,,,,
margin,Baylor,scientific_f4_m3,-1.7559087301587308,88,0,False,False,,,,,,,,,,,
margin,Massachusetts,scientific_f4_m3,-1.838314285714287,89,0,False,False,,,,,,,,,,,
margin,TCU,scientific_f4_m3,-2.0314756132756133,90,0,False,False,,,,,,,,,,,
margin,New Mexico State,scientific_f4_m3,-3.035441735749632,91,0,False,False,,,,,,,,,,,
margin,Tulane,scientific_f4_m3,-3.1269509379509377,92,0,False,False,,,,,,,,,,,
margin,Colorado,scientific_f4_m3,-3.3470677871148444,93,0,False,False,,,,,,,,,,,
margin,Boise State,scientific_f4_m3,-3.7209868686868686,94,0,False,False,,,,,,,,,,,
margin,Tulsa,scientific_f4_m3,-3.9371056590752223,95,0,False,False,,,,,,,,,,,
margin,Toledo,scientific_f4_m3,-5.2857428571428535,96,0,False,False,,,,,,,,,,,
margin,Buffalo,scientific_f4_m3,-5.518186796536798,97,0,False,False,,,,,,,,,,,
margin,Stanford,scientific_f4_m3,-5.644513492063494,98,0,False,False,,,,,,,,,,,
margin,Liberty,scientific_f4_m3,-6.482341269841273,99,0,False,False,,,,,,,,,,,
margin,Wisconsin,scientific_f4_m3,-6.860333333333335,100,0,False,False,,,,,,,,,,,
margin,NC State,scientific_f4_m3,-6.9938571428571406,101,0,False,False,,,,,,,,,,,
margin,Sam Houston,scientific_f4_m3,-7.179755555555555,102,0,False,False,,,,,,,,,,,
margin,Western Michigan,scientific_f4_m3,-7.319683333333337,103,0,False,False,,,,,,,,,,,
margin,Washington State,scientific_f4_m3,-7.702137157287152,104,0,False,False,,,,,,,,,,,
margin,Eastern Michigan,scientific_f4_m3,-7.991923809523808,105,0,False,False,,,,,,,,,,,
margin,Utah State,scientific_f4_m3,-9.024659018759024,106,0,False,False,,,,,,,,,,,
margin,Troy,scientific_f4_m3,-9.144405555555563,107,0,False,False,,,,,,,,,,,
margin,Bowling Green,scientific_f4_m3,-9.286992063492065,108,0,False,False,,,,,,,,,,,
margin,Coastal Carolina,scientific_f4_m3,-9.588077922077924,109,0,False,False,,,,,,,,,,,
margin,North Texas,scientific_f4_m3,-9.761454761904762,110,0,False,False,,,,,,,,,,,
margin,Florida International,scientific_f4_m3,-10.103918253968253,111,0,False,False,,,,,,,,,,,
margin,Ohio,scientific_f4_m3,-10.120106349206344,112,0,False,False,,,,,,,,,,,
margin,California,scientific_f4_m3,-11.12205476190477,113,0,False,False,,,,,,,,,,,
margin,Boston College,scientific_f4_m3,-11.478319841269842,114,0,False,False,,,,,,,,,,,
margin,Rutgers,scientific_f4_m3,-11.86055158730159,115,0,False,False,,,,,,,,,,,
margin,Fresno State,scientific_f4_m3,-12.527373232323228,116,0,False,False,,,,,,,,,,,
margin,Oklahoma State,scientific_f4_m3,-12.803414935064938,117,0,False,False,,,,,,,,,,,
margin,East Carolina,scientific_f4_m3,-12.929521428571437,118,0,False,False,,,,,,,,,,,
margin,San José State,scientific_f4_m3,-13.316219047619049,119,0,False,False,,,,,,,,,,,
margin,Texas State,scientific_f4_m3,-13.684606565656567,120,0,False,False,,,,,,,,,,,
margin,Oregon State,scientific_f4_m3,-13.740400793650803,121,0,False,False,,,,,,,,,,,
margin,Charlotte,scientific_f4_m3,-13.800276984126974,122,0,False,False,,,,,,,,,,,
margin,Hawai'i,scientific_f4_m3,-14.091720057720059,123,0,False,False,,,,,,,,,,,
margin,UAB,scientific_f4_m3,-14.661690476190488,124,0,False,False,,,,,,,,,,,
margin,Arkansas State,scientific_f4_m3,-14.685610317460322,125,0,False,False,,,,,,,,,,,
margin,Miami (OH),scientific_f4_m3,-15.116736002885997,126,0,False,False,,,,,,,,,,,
margin,Wyoming,scientific_f4_m3,-16.26396349206351,127,0,False,False,,,,,,,,,,,
margin,Marshall,scientific_f4_m3,-16.413453463203467,128,0,False,False,,,,,,,,,,,
margin,Western Kentucky,scientific_f4_m3,-16.419286075036073,129,0,False,False,,,,,,,,,,,
margin,Central Michigan,scientific_f4_m3,-17.0812033910534,130,0,False,False,,,,,,,,,,,
margin,Akron,scientific_f4_m3,-17.29780714285714,131,0,False,False,,,,,,,,,,,
margin,Florida Atlantic,scientific_f4_m3,-19.8535103174603,132,0,False,False,,,,,,,,,,,
margin,Missouri State,scientific_f4_m3,-21.007167460317483,133,0,False,False,,,,,,,,,,,
margin,UL Monroe,scientific_f4_m3,-21.35454761904761,134,0,False,False,,,,,,,,,,,
margin,Northern Illinois,scientific_f4_m3,-21.47210555555556,135,0,False,False,,,,,,,,,,,
margin,Ball State,scientific_f4_m3,-21.65866031746031,136,0,False,False,,,,,,,,,,,
margin,UTEP,scientific_f4_m3,-21.918735714285717,137,0,False,False,,,,,,,,,,,
margin,Kent State,scientific_f4_m3,-25.795283333333323,138,0,False,False,,,,,,,,,,,
margin,Ohio State,scientific_f4_m4,36.80851742950514,1,25,True,True,,,,,,,,,,,
margin,Georgia,scientific_f4_m4,34.39270587214991,2,24,True,False,,,,,,,,,,,
margin,Oklahoma,scientific_f4_m4,29.771128595031385,3,23,True,False,,,,,,,,,,,
margin,Texas A&M,scientific_f4_m4,28.92283186692275,4,22,True,False,,,,,,,,,,,
margin,LSU,scientific_f4_m4,28.003600149819576,5,21,True,False,,,,,,,,,,,
margin,BYU,scientific_f4_m4,27.606250989896456,6,20,True,False,,,,,,,,,,,
margin,Alabama,scientific_f4_m4,27.057919598712733,7,19,True,False,,,,,,,,,,,
margin,Texas,scientific_f4_m4,24.2238381753035,8,18,True,False,,,,,,,,,,,
margin,Penn State,scientific_f4_m4,24.202053306727155,9,17,True,False,,,,,,,,,,,
margin,Tennessee,scientific_f4_m4,23.88443567084051,10,16,True,False,,,,,,,,,,,
margin,USC,scientific_f4_m4,23.855685048389738,11,15,True,False,,,,,,,,,,,
margin,Missouri,scientific_f4_m4,23.55270305230655,12,14,True,False,,,,,,,,,,,
margin,Utah,scientific_f4_m4,22.774399998519943,13,13,True,False,,,,,,,,,,,
margin,Notre Dame,scientific_f4_m4,22.692669585588316,14,12,True,False,,,,,,,,,,,
margin,Iowa,scientific_f4_m4,21.391353281779235,15,11,True,False,,,,,,,,,,,
margin,Arizona State,scientific_f4_m4,21.272169044842638,16,10,True,False,,,,,,,,,,,
margin,South Carolina,scientific_f4_m4,20.98863225405033,17,9,True,False,,,,,,,,,,,
margin,Kansas,scientific_f4_m4,20.109309919604186,18,8,True,False,,,,,,,,,,,
margin,Florida,scientific_f4_m4,19.90391178114391,19,7,True,False,,,,,,,,,,,
margin,Kansas State,scientific_f4_m4,19.20349026306734,20,6,True,False,,,,,,,,,,,
margin,Oregon,scientific_f4_m4,19.17945920388467,21,5,True,False,,,,,,,,,,,
margin,Pittsburgh,scientific_f4_m4,18.174076361483905,22,4,True,False,,,,,,,,,,,
margin,Army,scientific_f4_m4,18.021241140527355,23,3,True,False,,,,,,,,,,,
margin,Kentucky,scientific_f4_m4,17.334779505256616,24,2,True,False,,,,,,,,,,,
margin,Miami,scientific_f4_m4,17.009922820861153,25,1,True,False,,,,,,,,,,,
margin,Arizona,scientific_f4_m4,16.90748195617167,26,0,False,False,,,,,,,,,,,
margin,UTSA,scientific_f4_m4,15.40200827487242,27,0,False,False,,,,,,,,,,,
margin,Nebraska,scientific_f4_m4,15.292534149850917,28,0,False,False,,,,,,,,,,,
margin,UCLA,scientific_f4_m4,15.27763030607826,29,0,False,False,,,,,,,,,,,
margin,Minnesota,scientific_f4_m4,15.233914088497478,30,0,False,False,,,,,,,,,,,
margin,Indiana,scientific_f4_m4,14.910351607588167,31,0,False,False,,,,,,,,,,,
margin,UCF,scientific_f4_m4,14.52659598509499,32,0,False,False,,,,,,,,,,,
margin,Georgia Southern,scientific_f4_m4,14.454975702388628,33,0,False,False,,,,,,,,,,,
margin,Mississippi State,scientific_f4_m4,13.850663868878728,34,0,False,False,,,,,,,,,,,
margin,Iowa State,scientific_f4_m4,13.570682275925419,35,0,False,False,,,,,,,,,,,
margin,Texas Tech,scientific_f4_m4,13.555591058289583,36,0,False,False,,,,,,,,,,,
margin,Louisiana,scientific_f4_m4,13.226502389462388,37,0,False,False,,,,,,,,,,,
margin,Michigan,scientific_f4_m4,12.073487220673405,38,0,False,False,,,,,,,,,,,
margin,UConn,scientific_f4_m4,11.890676506739247,39,0,False,False,,,,,,,,,,,
margin,Louisiana Tech,scientific_f4_m4,11.763462626630746,40,0,False,False,,,,,,,,,,,
margin,Washington,scientific_f4_m4,10.768333273857424,41,0,False,False,,,,,,,,,,,
margin,Illinois,scientific_f4_m4,10.758933256279125,42,0,False,False,,,,,,,,,,,
margin,Delaware,scientific_f4_m4,10.317485402927053,43,0,False,False,,,,,,,,,,,
margin,Virginia Tech,scientific_f4_m4,10.121988751290125,44,0,False,False,,,,,,,,,,,
margin,Arkansas,scientific_f4_m4,9.99647106585198,45,0,False,False,,,,,,,,,,,
margin,Memphis,scientific_f4_m4,8.96620455671247,46,0,False,False,,,,,,,,,,,
margin,Virginia,scientific_f4_m4,8.858717010620289,47,0,False,False,,,,,,,,,,,
margin,Maryland,scientific_f4_m4,8.734192692378969,48,0,False,False,,,,,,,,,,,
margin,Syracuse,scientific_f4_m4,8.678815535179051,49,0,False,False,,,,,,,,,,,
margin,SMU,scientific_f4_m4,8.633372254668103,50,0,False,False,,,,,,,,,,,
margin,Wake Forest,scientific_f4_m4,6.868773091631097,51,0,False,False,,,,,,,,,,,
margin,Northwestern,scientific_f4_m4,6.285212185401235,52,0,False,False,,,,,,,,,,,
margin,Duke,scientific_f4_m4,6.11580364411184,53,0,False,False,,,,,,,,,,,
margin,Rice,scientific_f4_m4,5.393231903633768,54,0,False,False,,,,,,,,,,,
margin,Florida State,scientific_f4_m4,4.811705200692786,55,0,False,False,,,,,,,,,,,
margin,Temple,scientific_f4_m4,4.54948562440174,56,0,False,False,,,,,,,,,,,
margin,Purdue,scientific_f4_m4,4.475643096294482,57,0,False,False,,,,,,,,,,,
margin,Air Force,scientific_f4_m4,3.956091702190559,58,0,False,False,,,,,,,,,,,
margin,Navy,scientific_f4_m4,3.915019747703739,59,0,False,False,,,,,,,,,,,
margin,Louisville,scientific_f4_m4,3.7643191587982576,60,0,False,False,,,,,,,,,,,
margin,Clemson,scientific_f4_m4,3.585360077471725,61,0,False,False,,,,,,,,,,,
margin,Southern Miss,scientific_f4_m4,3.5394005547334526,62,0,False,False,,,,,,,,,,,
margin,App State,scientific_f4_m4,3.4645580884937264,63,0,False,False,,,,,,,,,,,
margin,Georgia Tech,scientific_f4_m4,3.3789806917350322,64,0,False,False,,,,,,,,,,,
margin,San Diego State,scientific_f4_m4,3.1969654995790493,65,0,False,False,,,,,,,,,,,
margin,Auburn,scientific_f4_m4,3.028043483131863,66,0,False,False,,,,,,,,,,,
margin,Houston,scientific_f4_m4,2.858664452881156,67,0,False,False,,,,,,,,,,,
margin,Cincinnati,scientific_f4_m4,2.64900535431434,68,0,False,False,,,,,,,,,,,
margin,New Mexico,scientific_f4_m4,2.445113115162201,69,0,False,False,,,,,,,,,,,
margin,Michigan State,scientific_f4_m4,2.4448115303707603,70,0,False,False,,,,,,,,,,,
margin,Georgia State,scientific_f4_m4,2.205395332596811,71,0,False,False,,,,,,,,,,,
margin,Jacksonville State,scientific_f4_m4,2.1636684646468454,72,0,False,False,,,,,,,,,,,
margin,Kennesaw State,scientific_f4_m4,1.8652816496719058,73,0,False,False,,,,,,,,,,,
margin,Ole Miss,scientific_f4_m4,1.6731709881869865,74,0,False,False,,,,,,,,,,,
margin,Boise State,scientific_f4_m4,1.5567998316878133,75,0,False,False,,,,,,,,,,,
margin,James Madison,scientific_f4_m4,1.2632534872227013,76,0,False,False,,,,,,,,,,,
margin,North Dakota State,scientific_f4_m4,0.9143333205248626,77,0,False,False,,,,,,,,,,,
margin,South Florida,scientific_f4_m4,0.7730621252641227,78,0,False,False,,,,,,,,,,,
margin,Vanderbilt,scientific_f4_m4,0.3748109105628295,79,0,False,False,,,,,,,,,,,
margin,South Alabama,scientific_f4_m4,-0.10065518159396153,80,0,False,False,,,,,,,,,,,
margin,North Carolina,scientific_f4_m4,-0.28543663109107387,81,0,False,False,,,,,,,,,,,
margin,Washington State,scientific_f4_m4,-0.29751161628862155,82,0,False,False,,,,,,,,,,,
margin,Nevada,scientific_f4_m4,-0.36615521083129593,83,0,False,False,,,,,,,,,,,
margin,UNLV,scientific_f4_m4,-0.5044112840573083,84,0,False,False,,,,,,,,,,,
margin,Baylor,scientific_f4_m4,-0.5628345780907901,85,0,False,False,,,,,,,,,,,
margin,Sacramento State,scientific_f4_m4,-1.3921341567772956,86,0,False,False,,,,,,,,,,,
margin,Colorado State,scientific_f4_m4,-1.8255357520373496,87,0,False,False,,,,,,,,,,,
margin,Old Dominion,scientific_f4_m4,-2.045137499523786,88,0,False,False,,,,,,,,,,,
margin,Tulane,scientific_f4_m4,-2.558325510010695,89,0,False,False,,,,,,,,,,,
margin,West Virginia,scientific_f4_m4,-2.5914661757781348,90,0,False,False,,,,,,,,,,,
margin,Stanford,scientific_f4_m4,-3.045634328205699,91,0,False,False,,,,,,,,,,,
margin,New Mexico State,scientific_f4_m4,-3.290474366123002,92,0,False,False,,,,,,,,,,,
margin,Wisconsin,scientific_f4_m4,-3.765108276419129,93,0,False,False,,,,,,,,,,,
margin,Western Michigan,scientific_f4_m4,-4.812738730730332,94,0,False,False,,,,,,,,,,,
margin,TCU,scientific_f4_m4,-4.816970652751865,95,0,False,False,,,,,,,,,,,
margin,Tulsa,scientific_f4_m4,-5.1902348791702755,96,0,False,False,,,,,,,,,,,
margin,Colorado,scientific_f4_m4,-5.478546043628363,97,0,False,False,,,,,,,,,,,
margin,Liberty,scientific_f4_m4,-7.3525764011883785,98,0,False,False,,,,,,,,,,,
margin,East Carolina,scientific_f4_m4,-7.483706392655486,99,0,False,False,,,,,,,,,,,
margin,Buffalo,scientific_f4_m4,-8.157316352122223,100,0,False,False,,,,,,,,,,,
margin,Toledo,scientific_f4_m4,-8.302729411475834,101,0,False,False,,,,,,,,,,,
margin,Middle Tennessee,scientific_f4_m4,-8.427732423488196,102,0,False,False,,,,,,,,,,,
margin,Troy,scientific_f4_m4,-8.4608027527013,103,0,False,False,,,,,,,,,,,
margin,Eastern Michigan,scientific_f4_m4,-8.602317687555198,104,0,False,False,,,,,,,,,,,
margin,NC State,scientific_f4_m4,-8.69662095256465,105,0,False,False,,,,,,,,,,,
margin,Massachusetts,scientific_f4_m4,-9.736295625706042,106,0,False,False,,,,,,,,,,,
margin,Oregon State,scientific_f4_m4,-9.772822458594534,107,0,False,False,,,,,,,,,,,
margin,Texas State,scientific_f4_m4,-10.037248934804504,108,0,False,False,,,,,,,,,,,
margin,North Texas,scientific_f4_m4,-10.287704696102063,109,0,False,False,,,,,,,,,,,
margin,Sam Houston,scientific_f4_m4,-10.291373593795848,110,0,False,False,,,,,,,,,,,
margin,Utah State,scientific_f4_m4,-10.659141070273277,111,0,False,False,,,,,,,,,,,
margin,Boston College,scientific_f4_m4,-10.99178887879011,112,0,False,False,,,,,,,,,,,
margin,Fresno State,scientific_f4_m4,-11.341332721229099,113,0,False,False,,,,,,,,,,,
margin,Florida International,scientific_f4_m4,-11.78321244680382,114,0,False,False,,,,,,,,,,,
margin,Hawai'i,scientific_f4_m4,-12.352677003753676,115,0,False,False,,,,,,,,,,,
margin,Western Kentucky,scientific_f4_m4,-12.951135127474586,116,0,False,False,,,,,,,,,,,
margin,Ohio,scientific_f4_m4,-13.013580610489111,117,0,False,False,,,,,,,,,,,
margin,Oklahoma State,scientific_f4_m4,-13.675297239675954,118,0,False,False,,,,,,,,,,,
margin,Marshall,scientific_f4_m4,-13.894999696374208,119,0,False,False,,,,,,,,,,,
margin,Charlotte,scientific_f4_m4,-14.01246552077073,120,0,False,False,,,,,,,,,,,
margin,California,scientific_f4_m4,-14.10574596632676,121,0,False,False,,,,,,,,,,,
margin,Coastal Carolina,scientific_f4_m4,-14.217887676719892,122,0,False,False,,,,,,,,,,,
margin,Bowling Green,scientific_f4_m4,-14.270621007728817,123,0,False,False,,,,,,,,,,,
margin,Miami (OH),scientific_f4_m4,-14.725006383797316,124,0,False,False,,,,,,,,,,,
margin,UAB,scientific_f4_m4,-15.435443990822897,125,0,False,False,,,,,,,,,,,
margin,San José State,scientific_f4_m4,-15.466213128731674,126,0,False,False,,,,,,,,,,,
margin,Rutgers,scientific_f4_m4,-15.92679335208104,127,0,False,False,,,,,,,,,,,
margin,Florida Atlantic,scientific_f4_m4,-17.3509837213427,128,0,False,False,,,,,,,,,,,
margin,Ball State,scientific_f4_m4,-17.68125038909679,129,0,False,False,,,,,,,,,,,
margin,Central Michigan,scientific_f4_m4,-19.291991369369008,130,0,False,False,,,,,,,,,,,
margin,Arkansas State,scientific_f4_m4,-19.51903360490201,131,0,False,False,,,,,,,,,,,
margin,Missouri State,scientific_f4_m4,-20.393658160559617,132,0,False,False,,,,,,,,,,,
margin,Wyoming,scientific_f4_m4,-20.70744014755897,133,0,False,False,,,,,,,,,,,
margin,Northern Illinois,scientific_f4_m4,-20.746042060367028,134,0,False,False,,,,,,,,,,,
margin,Akron,scientific_f4_m4,-20.777927152608367,135,0,False,False,,,,,,,,,,,
margin,UL Monroe,scientific_f4_m4,-22.07623994184094,136,0,False,False,,,,,,,,,,,
margin,Kent State,scientific_f4_m4,-25.669868296400576,137,0,False,False,,,,,,,,,,,
margin,UTEP,scientific_f4_m4,-25.78207786589445,138,0,False,False,,,,,,,,,,,
margin,Georgia,scientific_f4_m5,52.565887451171875,1,25,True,True,,,,,,,,,,,
margin,Texas,scientific_f4_m5,36.21533966064453,2,24,True,False,,,,,,,,,,,
margin,Tennessee,scientific_f4_m5,35.39324188232422,3,23,True,False,,,,,,,,,,,
margin,Arizona State,scientific_f4_m5,35.30307388305664,4,22,True,False,,,,,,,,,,,
margin,Kansas State,scientific_f4_m5,31.860490798950195,5,21,True,False,,,,,,,,,,,
margin,South Florida,scientific_f4_m5,31.234224319458008,6,20,True,False,,,,,,,,,,,
margin,UCF,scientific_f4_m5,31.05479621887207,7,19,True,False,,,,,,,,,,,
margin,Minnesota,scientific_f4_m5,30.7918758392334,8,18,True,False,,,,,,,,,,,
margin,Penn State,scientific_f4_m5,26.249570846557617,9,17,True,False,,,,,,,,,,,
margin,Notre Dame,scientific_f4_m5,25.52509880065918,10,16,True,False,,,,,,,,,,,
margin,Michigan,scientific_f4_m5,24.452791213989258,11,15,True,False,,,,,,,,,,,
margin,Ohio State,scientific_f4_m5,24.09364891052246,12,14,True,False,,,,,,,,,,,
margin,Kansas,scientific_f4_m5,23.293514251708984,13,13,True,False,,,,,,,,,,,
margin,Maryland,scientific_f4_m5,23.173358917236328,14,12,True,False,,,,,,,,,,,
margin,Texas A&M,scientific_f4_m5,23.075212478637695,15,11,True,False,,,,,,,,,,,
margin,Rice,scientific_f4_m5,22.942232131958008,16,10,True,False,,,,,,,,,,,
margin,Temple,scientific_f4_m5,22.885055541992188,17,9,True,False,,,,,,,,,,,
margin,Alabama,scientific_f4_m5,22.13883399963379,18,8,True,False,,,,,,,,,,,
margin,LSU,scientific_f4_m5,21.253469467163086,19,7,True,False,,,,,,,,,,,
margin,Louisiana,scientific_f4_m5,20.963706970214844,20,6,True,False,,,,,,,,,,,
margin,Duke,scientific_f4_m5,19.769962310791016,21,5,True,False,,,,,,,,,,,
margin,Missouri,scientific_f4_m5,18.90035057067871,22,4,True,False,,,,,,,,,,,
margin,Iowa,scientific_f4_m5,18.658830642700195,23,3,True,False,,,,,,,,,,,
margin,Virginia Tech,scientific_f4_m5,18.088302612304688,24,2,True,False,,,,,,,,,,,
margin,Purdue,scientific_f4_m5,17.67327308654785,25,1,True,False,,,,,,,,,,,
margin,Syracuse,scientific_f4_m5,17.198747634887695,26,0,False,False,,,,,,,,,,,
margin,Sacramento State,scientific_f4_m5,17.117422103881836,27,0,False,False,,,,,,,,,,,
margin,Houston,scientific_f4_m5,16.50701141357422,28,0,False,False,,,,,,,,,,,
margin,UConn,scientific_f4_m5,16.19752311706543,29,0,False,False,,,,,,,,,,,
margin,Oregon,scientific_f4_m5,16.023639678955078,30,0,False,False,,,,,,,,,,,
margin,Army,scientific_f4_m5,14.9623384475708,31,0,False,False,,,,,,,,,,,
margin,App State,scientific_f4_m5,14.897195816040039,32,0,False,False,,,,,,,,,,,
margin,Mississippi State,scientific_f4_m5,14.451313018798828,33,0,False,False,,,,,,,,,,,
margin,USC,scientific_f4_m5,14.37769889831543,34,0,False,False,,,,,,,,,,,
margin,Pittsburgh,scientific_f4_m5,14.123814582824707,35,0,False,False,,,,,,,,,,,
margin,San Diego State,scientific_f4_m5,14.025958061218262,36,0,False,False,,,,,,,,,,,
margin,UCLA,scientific_f4_m5,13.839005470275879,37,0,False,False,,,,,,,,,,,
margin,South Alabama,scientific_f4_m5,13.694769859313965,38,0,False,False,,,,,,,,,,,
margin,Arkansas,scientific_f4_m5,13.5642728805542,39,0,False,False,,,,,,,,,,,
margin,Washington,scientific_f4_m5,12.637743949890137,40,0,False,False,,,,,,,,,,,
margin,Nebraska,scientific_f4_m5,12.386061668395996,41,0,False,False,,,,,,,,,,,
margin,BYU,scientific_f4_m5,12.199602127075195,42,0,False,False,,,,,,,,,,,
margin,Liberty,scientific_f4_m5,11.28778076171875,43,0,False,False,,,,,,,,,,,
margin,Miami,scientific_f4_m5,10.882328987121582,44,0,False,False,,,,,,,,,,,
margin,Kentucky,scientific_f4_m5,9.962099075317383,45,0,False,False,,,,,,,,,,,
margin,Baylor,scientific_f4_m5,9.933860778808594,46,0,False,False,,,,,,,,,,,
margin,Colorado,scientific_f4_m5,9.807943344116211,47,0,False,False,,,,,,,,,,,
margin,North Carolina,scientific_f4_m5,9.591452598571777,48,0,False,False,,,,,,,,,,,
margin,South Carolina,scientific_f4_m5,7.417463302612305,49,0,False,False,,,,,,,,,,,
margin,Jacksonville State,scientific_f4_m5,6.776271343231201,50,0,False,False,,,,,,,,,,,
margin,Kennesaw State,scientific_f4_m5,6.4988322257995605,51,0,False,False,,,,,,,,,,,
margin,Ohio,scientific_f4_m5,6.287590503692627,52,0,False,False,,,,,,,,,,,
margin,Michigan State,scientific_f4_m5,5.209336757659912,53,0,False,False,,,,,,,,,,,
margin,Georgia Tech,scientific_f4_m5,4.869977951049805,54,0,False,False,,,,,,,,,,,
margin,Vanderbilt,scientific_f4_m5,4.853186130523682,55,0,False,False,,,,,,,,,,,
margin,Oklahoma,scientific_f4_m5,4.480721950531006,56,0,False,False,,,,,,,,,,,
margin,Memphis,scientific_f4_m5,4.423698902130127,57,0,False,False,,,,,,,,,,,
margin,Delaware,scientific_f4_m5,4.002261161804199,58,0,False,False,,,,,,,,,,,
margin,Stanford,scientific_f4_m5,3.724607229232788,59,0,False,False,,,,,,,,,,,
margin,Northwestern,scientific_f4_m5,3.6900575160980225,60,0,False,False,,,,,,,,,,,
margin,Auburn,scientific_f4_m5,3.6662333011627197,61,0,False,False,,,,,,,,,,,
margin,Indiana,scientific_f4_m5,2.013467311859131,62,0,False,False,,,,,,,,,,,
margin,Oklahoma State,scientific_f4_m5,1.7870025634765625,63,0,False,False,,,,,,,,,,,
margin,North Dakota State,scientific_f4_m5,1.6597700119018555,64,0,False,False,,,,,,,,,,,
margin,Arizona,scientific_f4_m5,1.5160565376281738,65,0,False,False,,,,,,,,,,,
margin,Georgia Southern,scientific_f4_m5,1.4235529899597168,66,0,False,False,,,,,,,,,,,
margin,Air Force,scientific_f4_m5,1.3693108558654785,67,0,False,False,,,,,,,,,,,
margin,Florida,scientific_f4_m5,1.237964391708374,68,0,False,False,,,,,,,,,,,
margin,Illinois,scientific_f4_m5,0.053491175174713135,69,0,False,False,,,,,,,,,,,
margin,Texas Tech,scientific_f4_m5,-0.3117145895957947,70,0,False,False,,,,,,,,,,,
margin,Navy,scientific_f4_m5,-0.4387611746788025,71,0,False,False,,,,,,,,,,,
margin,Sam Houston,scientific_f4_m5,-0.5366386771202087,72,0,False,False,,,,,,,,,,,
margin,Utah,scientific_f4_m5,-0.7475141882896423,73,0,False,False,,,,,,,,,,,
margin,Nevada,scientific_f4_m5,-0.8416618704795837,74,0,False,False,,,,,,,,,,,
margin,Virginia,scientific_f4_m5,-0.9734448790550232,75,0,False,False,,,,,,,,,,,
margin,Georgia State,scientific_f4_m5,-1.902000904083252,76,0,False,False,,,,,,,,,,,
margin,Bowling Green,scientific_f4_m5,-1.9478678703308105,77,0,False,False,,,,,,,,,,,
margin,Western Michigan,scientific_f4_m5,-2.1286137104034424,78,0,False,False,,,,,,,,,,,
margin,Florida State,scientific_f4_m5,-2.2667932510375977,79,0,False,False,,,,,,,,,,,
margin,Tulane,scientific_f4_m5,-2.812026262283325,80,0,False,False,,,,,,,,,,,
margin,Middle Tennessee,scientific_f4_m5,-3.3074545860290527,81,0,False,False,,,,,,,,,,,
margin,San José State,scientific_f4_m5,-3.3846240043640137,82,0,False,False,,,,,,,,,,,
margin,Louisiana Tech,scientific_f4_m5,-3.4570508003234863,83,0,False,False,,,,,,,,,,,
margin,Florida International,scientific_f4_m5,-4.3661370277404785,84,0,False,False,,,,,,,,,,,
margin,UNLV,scientific_f4_m5,-5.2086181640625,85,0,False,False,,,,,,,,,,,
margin,Coastal Carolina,scientific_f4_m5,-5.36224889755249,86,0,False,False,,,,,,,,,,,
margin,Iowa State,scientific_f4_m5,-5.413477420806885,87,0,False,False,,,,,,,,,,,
margin,Ole Miss,scientific_f4_m5,-5.466978549957275,88,0,False,False,,,,,,,,,,,
margin,Washington State,scientific_f4_m5,-6.150782108306885,89,0,False,False,,,,,,,,,,,
margin,Oregon State,scientific_f4_m5,-6.3384528160095215,90,0,False,False,,,,,,,,,,,
margin,Wisconsin,scientific_f4_m5,-6.6613616943359375,91,0,False,False,,,,,,,,,,,
margin,Northern Illinois,scientific_f4_m5,-7.293377876281738,92,0,False,False,,,,,,,,,,,
margin,Tulsa,scientific_f4_m5,-7.309726238250732,93,0,False,False,,,,,,,,,,,
margin,Colorado State,scientific_f4_m5,-7.759827136993408,94,0,False,False,,,,,,,,,,,
margin,James Madison,scientific_f4_m5,-8.177817344665527,95,0,False,False,,,,,,,,,,,
margin,Boston College,scientific_f4_m5,-8.489663124084473,96,0,False,False,,,,,,,,,,,
margin,SMU,scientific_f4_m5,-9.488865852355957,97,0,False,False,,,,,,,,,,,
margin,NC State,scientific_f4_m5,-9.61212158203125,98,0,False,False,,,,,,,,,,,
margin,Wake Forest,scientific_f4_m5,-9.769298553466797,99,0,False,False,,,,,,,,,,,
margin,Louisville,scientific_f4_m5,-10.33049201965332,100,0,False,False,,,,,,,,,,,
margin,Old Dominion,scientific_f4_m5,-11.69926643371582,101,0,False,False,,,,,,,,,,,
margin,UTSA,scientific_f4_m5,-11.878878593444824,102,0,False,False,,,,,,,,,,,
margin,Akron,scientific_f4_m5,-11.973843574523926,103,0,False,False,,,,,,,,,,,
margin,California,scientific_f4_m5,-12.368928909301758,104,0,False,False,,,,,,,,,,,
margin,Central Michigan,scientific_f4_m5,-12.560970306396484,105,0,False,False,,,,,,,,,,,
margin,Boise State,scientific_f4_m5,-12.882123947143555,106,0,False,False,,,,,,,,,,,
margin,New Mexico State,scientific_f4_m5,-13.217538833618164,107,0,False,False,,,,,,,,,,,
margin,TCU,scientific_f4_m5,-13.943557739257812,108,0,False,False,,,,,,,,,,,
margin,Southern Miss,scientific_f4_m5,-14.061266899108887,109,0,False,False,,,,,,,,,,,
margin,Cincinnati,scientific_f4_m5,-14.616232872009277,110,0,False,False,,,,,,,,,,,
margin,East Carolina,scientific_f4_m5,-15.435890197753906,111,0,False,False,,,,,,,,,,,
margin,Texas State,scientific_f4_m5,-15.672311782836914,112,0,False,False,,,,,,,,,,,
margin,Troy,scientific_f4_m5,-15.782773971557617,113,0,False,False,,,,,,,,,,,
margin,UL Monroe,scientific_f4_m5,-15.99958610534668,114,0,False,False,,,,,,,,,,,
margin,Clemson,scientific_f4_m5,-16.515962600708008,115,0,False,False,,,,,,,,,,,
margin,Missouri State,scientific_f4_m5,-17.46946144104004,116,0,False,False,,,,,,,,,,,
margin,Buffalo,scientific_f4_m5,-18.484495162963867,117,0,False,False,,,,,,,,,,,
margin,New Mexico,scientific_f4_m5,-19.346712112426758,118,0,False,False,,,,,,,,,,,
margin,Massachusetts,scientific_f4_m5,-19.632980346679688,119,0,False,False,,,,,,,,,,,
margin,Hawai'i,scientific_f4_m5,-19.734310150146484,120,0,False,False,,,,,,,,,,,
margin,Marshall,scientific_f4_m5,-20.730594635009766,121,0,False,False,,,,,,,,,,,
margin,Western Kentucky,scientific_f4_m5,-23.418535232543945,122,0,False,False,,,,,,,,,,,
margin,Charlotte,scientific_f4_m5,-23.86031723022461,123,0,False,False,,,,,,,,,,,
margin,UAB,scientific_f4_m5,-24.1556339263916,124,0,False,False,,,,,,,,,,,
margin,Fresno State,scientific_f4_m5,-24.39049530029297,125,0,False,False,,,,,,,,,,,
margin,Toledo,scientific_f4_m5,-25.158981323242188,126,0,False,False,,,,,,,,,,,
margin,Utah State,scientific_f4_m5,-26.134096145629883,127,0,False,False,,,,,,,,,,,
margin,Miami (OH),scientific_f4_m5,-26.388879776000977,128,0,False,False,,,,,,,,,,,
margin,West Virginia,scientific_f4_m5,-28.068620681762695,129,0,False,False,,,,,,,,,,,
margin,Ball State,scientific_f4_m5,-28.182716369628906,130,0,False,False,,,,,,,,,,,
margin,UTEP,scientific_f4_m5,-29.825773239135742,131,0,False,False,,,,,,,,,,,
margin,Rutgers,scientific_f4_m5,-30.17287254333496,132,0,False,False,,,,,,,,,,,
margin,Wyoming,scientific_f4_m5,-30.67135238647461,133,0,False,False,,,,,,,,,,,
margin,Eastern Michigan,scientific_f4_m5,-32.96432113647461,134,0,False,False,,,,,,,,,,,
margin,Florida Atlantic,scientific_f4_m5,-36.43885803222656,135,0,False,False,,,,,,,,,,,
margin,Arkansas State,scientific_f4_m5,-38.4598388671875,136,0,False,False,,,,,,,,,,,
margin,Kent State,scientific_f4_m5,-45.288841247558594,137,0,False,False,,,,,,,,,,,
margin,North Texas,scientific_f4_m5,-56.998897552490234,138,0,False,False,,,,,,,,,,,
margin,Missouri,scientific_f4_m10,31.07576176985835,1,25,True,True,,,,,,,,,,,
margin,Virginia Tech,scientific_f4_m10,30.762157817339325,2,24,True,False,,,,,,,,,,,
margin,Georgia,scientific_f4_m10,27.1896749466726,3,23,True,False,,,,,,,,,,,
margin,Minnesota,scientific_f4_m10,25.52891366800987,4,22,True,False,,,,,,,,,,,
margin,Oklahoma,scientific_f4_m10,25.405187346420632,5,21,True,False,,,,,,,,,,,
margin,UCF,scientific_f4_m10,24.885010662022967,6,20,True,False,,,,,,,,,,,
margin,BYU,scientific_f4_m10,24.4313440491967,7,19,True,False,,,,,,,,,,,
margin,Kansas State,scientific_f4_m10,23.979787096310382,8,18,True,False,,,,,,,,,,,
margin,Texas A&M,scientific_f4_m10,23.47476298536979,9,17,True,False,,,,,,,,,,,
margin,Delaware,scientific_f4_m10,23.347947396282787,10,16,True,False,,,,,,,,,,,
margin,Ohio State,scientific_f4_m10,22.770083480866347,11,15,True,False,,,,,,,,,,,
margin,Kansas,scientific_f4_m10,22.424913371337098,12,14,True,False,,,,,,,,,,,
margin,Tennessee,scientific_f4_m10,21.817318272721817,13,13,True,False,,,,,,,,,,,
margin,Kentucky,scientific_f4_m10,21.777158587106104,14,12,True,False,,,,,,,,,,,
margin,Maryland,scientific_f4_m10,20.501656598732183,15,11,True,False,,,,,,,,,,,
margin,Arizona State,scientific_f4_m10,20.49653895357627,16,10,True,False,,,,,,,,,,,
margin,LSU,scientific_f4_m10,19.963146135187543,17,9,True,False,,,,,,,,,,,
margin,Texas Tech,scientific_f4_m10,19.870870942114422,18,8,True,False,,,,,,,,,,,
margin,USC,scientific_f4_m10,19.815675920609785,19,7,True,False,,,,,,,,,,,
margin,Louisiana,scientific_f4_m10,19.625840773358675,20,6,True,False,,,,,,,,,,,
margin,App State,scientific_f4_m10,19.57708232435449,21,5,True,False,,,,,,,,,,,
margin,UCLA,scientific_f4_m10,19.3928613934784,22,4,True,False,,,,,,,,,,,
margin,Texas,scientific_f4_m10,19.177392970894175,23,3,True,False,,,,,,,,,,,
margin,Penn State,scientific_f4_m10,18.854446361094492,24,2,True,False,,,,,,,,,,,
margin,UConn,scientific_f4_m10,18.54405539488705,25,1,True,False,,,,,,,,,,,
margin,Iowa,scientific_f4_m10,18.511393321509576,26,0,False,False,,,,,,,,,,,
margin,Utah,scientific_f4_m10,18.3205717184498,27,0,False,False,,,,,,,,,,,
margin,Illinois,scientific_f4_m10,17.902636219800687,28,0,False,False,,,,,,,,,,,
margin,South Carolina,scientific_f4_m10,17.337074337720168,29,0,False,False,,,,,,,,,,,
margin,Miami,scientific_f4_m10,17.21545355090489,30,0,False,False,,,,,,,,,,,
margin,Arizona,scientific_f4_m10,16.943734203042773,31,0,False,False,,,,,,,,,,,
margin,Alabama,scientific_f4_m10,16.615406037010565,32,0,False,False,,,,,,,,,,,
margin,Indiana,scientific_f4_m10,16.608762705379107,33,0,False,False,,,,,,,,,,,
margin,Florida,scientific_f4_m10,16.338281358548514,34,0,False,False,,,,,,,,,,,
margin,Syracuse,scientific_f4_m10,15.769327616783473,35,0,False,False,,,,,,,,,,,
margin,Mississippi State,scientific_f4_m10,14.228681625002531,36,0,False,False,,,,,,,,,,,
margin,Kennesaw State,scientific_f4_m10,13.93046489601563,37,0,False,False,,,,,,,,,,,
margin,Louisiana Tech,scientific_f4_m10,13.091949270063417,38,0,False,False,,,,,,,,,,,
margin,Nebraska,scientific_f4_m10,12.663944300431526,39,0,False,False,,,,,,,,,,,
margin,Purdue,scientific_f4_m10,12.172294727920091,40,0,False,False,,,,,,,,,,,
margin,Pittsburgh,scientific_f4_m10,12.086338274995546,41,0,False,False,,,,,,,,,,,
margin,Southern Miss,scientific_f4_m10,11.870628291328023,42,0,False,False,,,,,,,,,,,
margin,Duke,scientific_f4_m10,11.769978790835024,43,0,False,False,,,,,,,,,,,
margin,SMU,scientific_f4_m10,11.564167483869491,44,0,False,False,,,,,,,,,,,
margin,Notre Dame,scientific_f4_m10,11.476630089250348,45,0,False,False,,,,,,,,,,,
margin,Georgia Southern,scientific_f4_m10,11.29820061489166,46,0,False,False,,,,,,,,,,,
margin,UTSA,scientific_f4_m10,10.611493481266754,47,0,False,False,,,,,,,,,,,
margin,Oregon,scientific_f4_m10,10.363361540921527,48,0,False,False,,,,,,,,,,,
margin,Georgia State,scientific_f4_m10,10.200955002098114,49,0,False,False,,,,,,,,,,,
margin,New Mexico,scientific_f4_m10,10.025315072735753,50,0,False,False,,,,,,,,,,,
margin,Old Dominion,scientific_f4_m10,9.562867174936876,51,0,False,False,,,,,,,,,,,
margin,Auburn,scientific_f4_m10,9.282495581281644,52,0,False,False,,,,,,,,,,,
margin,North Dakota State,scientific_f4_m10,9.10753290610519,53,0,False,False,,,,,,,,,,,
margin,Nevada,scientific_f4_m10,8.929004239753272,54,0,False,False,,,,,,,,,,,
margin,Virginia,scientific_f4_m10,8.881031909841095,55,0,False,False,,,,,,,,,,,
margin,Colorado State,scientific_f4_m10,8.846827190062433,56,0,False,False,,,,,,,,,,,
margin,Houston,scientific_f4_m10,8.532403989466854,57,0,False,False,,,,,,,,,,,
margin,San Diego State,scientific_f4_m10,8.50066817424364,58,0,False,False,,,,,,,,,,,
margin,Rice,scientific_f4_m10,8.364787297904801,59,0,False,False,,,,,,,,,,,
margin,South Florida,scientific_f4_m10,7.446747431554676,60,0,False,False,,,,,,,,,,,
margin,Florida State,scientific_f4_m10,7.410007864139022,61,0,False,False,,,,,,,,,,,
margin,Northwestern,scientific_f4_m10,7.148073259113237,62,0,False,False,,,,,,,,,,,
margin,Memphis,scientific_f4_m10,6.497710071049905,63,0,False,False,,,,,,,,,,,
margin,South Alabama,scientific_f4_m10,5.918294415628817,64,0,False,False,,,,,,,,,,,
margin,Colorado,scientific_f4_m10,5.915022289266925,65,0,False,False,,,,,,,,,,,
margin,Vanderbilt,scientific_f4_m10,5.701488322159982,66,0,False,False,,,,,,,,,,,
margin,Arkansas,scientific_f4_m10,5.07847929837235,67,0,False,False,,,,,,,,,,,
margin,North Carolina,scientific_f4_m10,4.81018284950177,68,0,False,False,,,,,,,,,,,
margin,Air Force,scientific_f4_m10,4.647499190297036,69,0,False,False,,,,,,,,,,,
margin,Washington,scientific_f4_m10,4.505438313372517,70,0,False,False,,,,,,,,,,,
margin,Massachusetts,scientific_f4_m10,4.143359471215873,71,0,False,False,,,,,,,,,,,
margin,Army,scientific_f4_m10,3.3830626474519043,72,0,False,False,,,,,,,,,,,
margin,Middle Tennessee,scientific_f4_m10,2.9601599037714204,73,0,False,False,,,,,,,,,,,
margin,Wake Forest,scientific_f4_m10,2.4436075420878707,74,0,False,False,,,,,,,,,,,
margin,Michigan State,scientific_f4_m10,2.0039617255564863,75,0,False,False,,,,,,,,,,,
margin,Louisville,scientific_f4_m10,1.9377688569273068,76,0,False,False,,,,,,,,,,,
margin,Stanford,scientific_f4_m10,1.865913506254419,77,0,False,False,,,,,,,,,,,
margin,Ole Miss,scientific_f4_m10,1.2832996777275782,78,0,False,False,,,,,,,,,,,
margin,Iowa State,scientific_f4_m10,0.7295369897028052,79,0,False,False,,,,,,,,,,,
margin,Michigan,scientific_f4_m10,0.40475824316220355,80,0,False,False,,,,,,,,,,,
margin,Baylor,scientific_f4_m10,0.3400623836211008,81,0,False,False,,,,,,,,,,,
margin,Liberty,scientific_f4_m10,-0.06640916346932797,82,0,False,False,,,,,,,,,,,
margin,James Madison,scientific_f4_m10,-0.09950080640080101,83,0,False,False,,,,,,,,,,,
margin,New Mexico State,scientific_f4_m10,-1.3903202754644957,84,0,False,False,,,,,,,,,,,
margin,TCU,scientific_f4_m10,-1.4393088023124938,85,0,False,False,,,,,,,,,,,
margin,Navy,scientific_f4_m10,-2.1531803186722565,86,0,False,False,,,,,,,,,,,
margin,Buffalo,scientific_f4_m10,-2.490606982869061,87,0,False,False,,,,,,,,,,,
margin,Tulsa,scientific_f4_m10,-3.900956566865556,88,0,False,False,,,,,,,,,,,
margin,West Virginia,scientific_f4_m10,-4.140210892257329,89,0,False,False,,,,,,,,,,,
margin,Jacksonville State,scientific_f4_m10,-4.492120221983802,90,0,False,False,,,,,,,,,,,
margin,Toledo,scientific_f4_m10,-4.5633325602365105,91,0,False,False,,,,,,,,,,,
margin,Sacramento State,scientific_f4_m10,-4.615927147209328,92,0,False,False,,,,,,,,,,,
margin,Cincinnati,scientific_f4_m10,-5.198755474224325,93,0,False,False,,,,,,,,,,,
margin,Bowling Green,scientific_f4_m10,-5.647322206080745,94,0,False,False,,,,,,,,,,,
margin,Boston College,scientific_f4_m10,-5.99092228384096,95,0,False,False,,,,,,,,,,,
margin,Florida International,scientific_f4_m10,-6.5635053225063915,96,0,False,False,,,,,,,,,,,
margin,Clemson,scientific_f4_m10,-6.6173819551092095,97,0,False,False,,,,,,,,,,,
margin,Boise State,scientific_f4_m10,-6.617862109279724,98,0,False,False,,,,,,,,,,,
margin,Georgia Tech,scientific_f4_m10,-6.730494094200463,99,0,False,False,,,,,,,,,,,
margin,Eastern Michigan,scientific_f4_m10,-7.197409626927762,100,0,False,False,,,,,,,,,,,
margin,Western Michigan,scientific_f4_m10,-7.991315037321073,101,0,False,False,,,,,,,,,,,
margin,UNLV,scientific_f4_m10,-8.10224414172347,102,0,False,False,,,,,,,,,,,
margin,East Carolina,scientific_f4_m10,-8.980450620081045,103,0,False,False,,,,,,,,,,,
margin,Tulane,scientific_f4_m10,-9.345632698391489,104,0,False,False,,,,,,,,,,,
margin,Utah State,scientific_f4_m10,-10.220509732369862,105,0,False,False,,,,,,,,,,,
margin,San José State,scientific_f4_m10,-10.332431753741155,106,0,False,False,,,,,,,,,,,
margin,Temple,scientific_f4_m10,-11.279110328986198,107,0,False,False,,,,,,,,,,,
margin,Washington State,scientific_f4_m10,-11.436486241879168,108,0,False,False,,,,,,,,,,,
margin,Charlotte,scientific_f4_m10,-11.834152145455949,109,0,False,False,,,,,,,,,,,
margin,NC State,scientific_f4_m10,-11.944359333210356,110,0,False,False,,,,,,,,,,,
margin,Oregon State,scientific_f4_m10,-12.803033603282916,111,0,False,False,,,,,,,,,,,
margin,Coastal Carolina,scientific_f4_m10,-12.997803132333498,112,0,False,False,,,,,,,,,,,
margin,Sam Houston,scientific_f4_m10,-13.95864448549067,113,0,False,False,,,,,,,,,,,
margin,Troy,scientific_f4_m10,-15.81847256894549,114,0,False,False,,,,,,,,,,,
margin,Miami (OH),scientific_f4_m10,-16.984171676504356,115,0,False,False,,,,,,,,,,,
margin,Wisconsin,scientific_f4_m10,-17.640791187257864,116,0,False,False,,,,,,,,,,,
margin,UL Monroe,scientific_f4_m10,-17.73993728247122,117,0,False,False,,,,,,,,,,,
margin,Oklahoma State,scientific_f4_m10,-17.966207324759626,118,0,False,False,,,,,,,,,,,
margin,Fresno State,scientific_f4_m10,-18.62773939500922,119,0,False,False,,,,,,,,,,,
margin,Northern Illinois,scientific_f4_m10,-19.019866927142253,120,0,False,False,,,,,,,,,,,
margin,Missouri State,scientific_f4_m10,-19.0676753157923,121,0,False,False,,,,,,,,,,,
margin,Rutgers,scientific_f4_m10,-19.074980458336697,122,0,False,False,,,,,,,,,,,
margin,UAB,scientific_f4_m10,-19.892808041974007,123,0,False,False,,,,,,,,,,,
margin,Hawai'i,scientific_f4_m10,-20.27126446967103,124,0,False,False,,,,,,,,,,,
margin,Wyoming,scientific_f4_m10,-20.457116377632538,125,0,False,False,,,,,,,,,,,
margin,Marshall,scientific_f4_m10,-21.92385446112009,126,0,False,False,,,,,,,,,,,
margin,North Texas,scientific_f4_m10,-22.227157190557225,127,0,False,False,,,,,,,,,,,
margin,Ohio,scientific_f4_m10,-22.256766291958378,128,0,False,False,,,,,,,,,,,
margin,Akron,scientific_f4_m10,-22.31904741722626,129,0,False,False,,,,,,,,,,,
margin,California,scientific_f4_m10,-22.74895501444778,130,0,False,False,,,,,,,,,,,
margin,Central Michigan,scientific_f4_m10,-23.498823446760383,131,0,False,False,,,,,,,,,,,
margin,UTEP,scientific_f4_m10,-24.739633813848958,132,0,False,False,,,,,,,,,,,
margin,Texas State,scientific_f4_m10,-25.434209881968624,133,0,False,False,,,,,,,,,,,
margin,Western Kentucky,scientific_f4_m10,-26.76824906008241,134,0,False,False,,,,,,,,,,,
margin,Ball State,scientific_f4_m10,-27.665641202875193,135,0,False,False,,,,,,,,,,,
margin,Kent State,scientific_f4_m10,-30.44763582981742,136,0,False,False,,,,,,,,,,,
margin,Florida Atlantic,scientific_f4_m10,-30.572438261824836,137,0,False,False,,,,,,,,,,,
margin,Arkansas State,scientific_f4_m10,-30.70915321683967,138,0,False,False,,,,,,,,,,,
margin,Ohio State,scientific_f5_m1,41.893606089866736,1,25,True,True,,,,,,,,,,,
margin,Georgia,scientific_f5_m1,40.282795712638524,2,24,True,False,,,,,,,,,,,
margin,Texas,scientific_f5_m1,36.77630029564648,3,23,True,False,,,,,,,,,,,
margin,Texas A&M,scientific_f5_m1,31.320068411070494,4,22,True,False,,,,,,,,,,,
margin,Oklahoma,scientific_f5_m1,30.38665450444364,5,21,True,False,,,,,,,,,,,
margin,Alabama,scientific_f5_m1,30.33853856151073,6,20,True,False,,,,,,,,,,,
margin,Kansas State,scientific_f5_m1,27.610570020944394,7,19,True,False,,,,,,,,,,,
margin,BYU,scientific_f5_m1,27.58501062942392,8,18,True,False,,,,,,,,,,,
margin,Tennessee,scientific_f5_m1,27.564217825579846,9,17,True,False,,,,,,,,,,,
margin,LSU,scientific_f5_m1,27.25731935004613,10,16,True,False,,,,,,,,,,,
margin,Virginia Tech,scientific_f5_m1,27.244100818779877,11,15,True,False,,,,,,,,,,,
margin,South Carolina,scientific_f5_m1,25.10028265787694,12,14,True,False,,,,,,,,,,,
margin,Notre Dame,scientific_f5_m1,23.88630991816273,13,13,True,False,,,,,,,,,,,
margin,Oregon,scientific_f5_m1,23.2482004926719,14,12,True,False,,,,,,,,,,,
margin,Minnesota,scientific_f5_m1,22.75586142514959,15,11,True,False,,,,,,,,,,,
margin,Arizona State,scientific_f5_m1,22.233431474946897,16,10,True,False,,,,,,,,,,,
margin,Missouri,scientific_f5_m1,21.944957630663545,17,9,True,False,,,,,,,,,,,
margin,Iowa,scientific_f5_m1,21.381302639366083,18,8,True,False,,,,,,,,,,,
margin,Utah,scientific_f5_m1,21.294512664916063,19,7,True,False,,,,,,,,,,,
margin,Florida,scientific_f5_m1,20.714999777241538,20,6,True,False,,,,,,,,,,,
margin,UCF,scientific_f5_m1,20.570554275985696,21,5,True,False,,,,,,,,,,,
margin,Mississippi State,scientific_f5_m1,19.212464037238384,22,4,True,False,,,,,,,,,,,
margin,Pittsburgh,scientific_f5_m1,19.10663053964175,23,3,True,False,,,,,,,,,,,
margin,Penn State,scientific_f5_m1,18.953450758755828,24,2,True,False,,,,,,,,,,,
margin,Michigan,scientific_f5_m1,18.711258973350873,25,1,True,False,,,,,,,,,,,
margin,Miami,scientific_f5_m1,18.547634805639785,26,0,False,False,,,,,,,,,,,
margin,Kansas,scientific_f5_m1,18.041952294027062,27,0,False,False,,,,,,,,,,,
margin,USC,scientific_f5_m1,17.10941684291724,28,0,False,False,,,,,,,,,,,
margin,Kentucky,scientific_f5_m1,16.993429213951522,29,0,False,False,,,,,,,,,,,
margin,Arizona,scientific_f5_m1,16.83557900991685,30,0,False,False,,,,,,,,,,,
margin,Texas Tech,scientific_f5_m1,16.630234163273467,31,0,False,False,,,,,,,,,,,
margin,Indiana,scientific_f5_m1,16.105068770635782,32,0,False,False,,,,,,,,,,,
margin,Syracuse,scientific_f5_m1,16.083872672177385,33,0,False,False,,,,,,,,,,,
margin,Maryland,scientific_f5_m1,15.589302665071045,34,0,False,False,,,,,,,,,,,
margin,UCLA,scientific_f5_m1,14.750037054240904,35,0,False,False,,,,,,,,,,,
margin,Northwestern,scientific_f5_m1,14.225481829065581,36,0,False,False,,,,,,,,,,,
margin,Army,scientific_f5_m1,14.191134690887317,37,0,False,False,,,,,,,,,,,
margin,Louisiana Tech,scientific_f5_m1,14.092098945756288,38,0,False,False,,,,,,,,,,,
margin,Washington,scientific_f5_m1,13.839354745260858,39,0,False,False,,,,,,,,,,,
margin,App State,scientific_f5_m1,13.346588390587456,40,0,False,False,,,,,,,,,,,
margin,Ole Miss,scientific_f5_m1,12.994423790949806,41,0,False,False,,,,,,,,,,,
margin,Illinois,scientific_f5_m1,12.76465656547761,42,0,False,False,,,,,,,,,,,
margin,UConn,scientific_f5_m1,12.701306307029869,43,0,False,False,,,,,,,,,,,
margin,Nebraska,scientific_f5_m1,12.370848166699428,44,0,False,False,,,,,,,,,,,
margin,Georgia Southern,scientific_f5_m1,11.773572872611584,45,0,False,False,,,,,,,,,,,
margin,Louisiana,scientific_f5_m1,11.543138984275934,46,0,False,False,,,,,,,,,,,
margin,Jacksonville State,scientific_f5_m1,11.079956601516763,47,0,False,False,,,,,,,,,,,
margin,Iowa State,scientific_f5_m1,11.020768322070829,48,0,False,False,,,,,,,,,,,
margin,UTSA,scientific_f5_m1,10.576539949498628,49,0,False,False,,,,,,,,,,,
margin,Duke,scientific_f5_m1,10.572287515878863,50,0,False,False,,,,,,,,,,,
margin,Southern Miss,scientific_f5_m1,10.424391060213178,51,0,False,False,,,,,,,,,,,
margin,SMU,scientific_f5_m1,9.579813502468525,52,0,False,False,,,,,,,,,,,
margin,Memphis,scientific_f5_m1,8.897829370079291,53,0,False,False,,,,,,,,,,,
margin,Vanderbilt,scientific_f5_m1,8.625174095252966,54,0,False,False,,,,,,,,,,,
margin,Sacramento State,scientific_f5_m1,8.24018217384397,55,0,False,False,,,,,,,,,,,
margin,Purdue,scientific_f5_m1,7.940872018580288,56,0,False,False,,,,,,,,,,,
margin,Florida State,scientific_f5_m1,7.768393792709514,57,0,False,False,,,,,,,,,,,
margin,Georgia Tech,scientific_f5_m1,7.295049185081394,58,0,False,False,,,,,,,,,,,
margin,Kennesaw State,scientific_f5_m1,6.599118142297845,59,0,False,False,,,,,,,,,,,
margin,Virginia,scientific_f5_m1,6.47053386123993,60,0,False,False,,,,,,,,,,,
margin,Boise State,scientific_f5_m1,6.036191963620777,61,0,False,False,,,,,,,,,,,
margin,San Diego State,scientific_f5_m1,5.961490385043744,62,0,False,False,,,,,,,,,,,
margin,New Mexico,scientific_f5_m1,5.321659422294542,63,0,False,False,,,,,,,,,,,
margin,Arkansas,scientific_f5_m1,5.2887103922171415,64,0,False,False,,,,,,,,,,,
margin,North Carolina,scientific_f5_m1,5.256928311900001,65,0,False,False,,,,,,,,,,,
margin,Delaware,scientific_f5_m1,4.8411928615671425,66,0,False,False,,,,,,,,,,,
margin,Auburn,scientific_f5_m1,4.686563475054448,67,0,False,False,,,,,,,,,,,
margin,Wake Forest,scientific_f5_m1,4.389628234964194,68,0,False,False,,,,,,,,,,,
margin,Temple,scientific_f5_m1,3.9467083944268975,69,0,False,False,,,,,,,,,,,
margin,South Florida,scientific_f5_m1,3.7440485800572407,70,0,False,False,,,,,,,,,,,
margin,Georgia State,scientific_f5_m1,3.712649392170073,71,0,False,False,,,,,,,,,,,
margin,Houston,scientific_f5_m1,3.429993277275301,72,0,False,False,,,,,,,,,,,
margin,Louisville,scientific_f5_m1,3.3361115118168803,73,0,False,False,,,,,,,,,,,
margin,North Dakota State,scientific_f5_m1,3.033181359059986,74,0,False,False,,,,,,,,,,,
margin,Rice,scientific_f5_m1,2.783637975280805,75,0,False,False,,,,,,,,,,,
margin,Michigan State,scientific_f5_m1,2.2760813554871504,76,0,False,False,,,,,,,,,,,
margin,Washington State,scientific_f5_m1,1.6832056526711083,77,0,False,False,,,,,,,,,,,
margin,Air Force,scientific_f5_m1,1.53093717028439,78,0,False,False,,,,,,,,,,,
margin,South Alabama,scientific_f5_m1,1.1546282196954607,79,0,False,False,,,,,,,,,,,
margin,Baylor,scientific_f5_m1,1.0198869811177618,80,0,False,False,,,,,,,,,,,
margin,Stanford,scientific_f5_m1,0.8932068415398735,81,0,False,False,,,,,,,,,,,
margin,Cincinnati,scientific_f5_m1,0.6565082284411128,82,0,False,False,,,,,,,,,,,
margin,New Mexico State,scientific_f5_m1,0.23416888820529103,83,0,False,False,,,,,,,,,,,
margin,James Madison,scientific_f5_m1,-0.5123118612283806,84,0,False,False,,,,,,,,,,,
margin,Old Dominion,scientific_f5_m1,-1.2438899878951757,85,0,False,False,,,,,,,,,,,
margin,West Virginia,scientific_f5_m1,-1.3841940993309843,86,0,False,False,,,,,,,,,,,
margin,Nevada,scientific_f5_m1,-1.6698174829233574,87,0,False,False,,,,,,,,,,,
margin,Navy,scientific_f5_m1,-1.7399939167000822,88,0,False,False,,,,,,,,,,,
margin,UNLV,scientific_f5_m1,-1.8053074812354275,89,0,False,False,,,,,,,,,,,
margin,Colorado,scientific_f5_m1,-3.3605634696203044,90,0,False,False,,,,,,,,,,,
margin,Middle Tennessee,scientific_f5_m1,-3.5780988236625806,91,0,False,False,,,,,,,,,,,
margin,Clemson,scientific_f5_m1,-3.7892815592673657,92,0,False,False,,,,,,,,,,,
margin,Tulane,scientific_f5_m1,-3.9137647171020635,93,0,False,False,,,,,,,,,,,
margin,Colorado State,scientific_f5_m1,-3.9876806275286594,94,0,False,False,,,,,,,,,,,
margin,Oklahoma State,scientific_f5_m1,-4.077213991691689,95,0,False,False,,,,,,,,,,,
margin,TCU,scientific_f5_m1,-4.261164009964311,96,0,False,False,,,,,,,,,,,
margin,Oregon State,scientific_f5_m1,-4.783468267726622,97,0,False,False,,,,,,,,,,,
margin,Tulsa,scientific_f5_m1,-4.798051206026104,98,0,False,False,,,,,,,,,,,
margin,Western Michigan,scientific_f5_m1,-6.45489623611992,99,0,False,False,,,,,,,,,,,
margin,Utah State,scientific_f5_m1,-6.53361448245086,100,0,False,False,,,,,,,,,,,
margin,Boston College,scientific_f5_m1,-6.549417724662174,101,0,False,False,,,,,,,,,,,
margin,Western Kentucky,scientific_f5_m1,-6.620603851816686,102,0,False,False,,,,,,,,,,,
margin,Eastern Michigan,scientific_f5_m1,-7.539689407869629,103,0,False,False,,,,,,,,,,,
margin,Liberty,scientific_f5_m1,-7.74797751956846,104,0,False,False,,,,,,,,,,,
margin,NC State,scientific_f5_m1,-8.14226796248109,105,0,False,False,,,,,,,,,,,
margin,Ohio,scientific_f5_m1,-8.338669951226292,106,0,False,False,,,,,,,,,,,
margin,Wisconsin,scientific_f5_m1,-8.367602890210222,107,0,False,False,,,,,,,,,,,
margin,California,scientific_f5_m1,-8.647611347572136,108,0,False,False,,,,,,,,,,,
margin,Charlotte,scientific_f5_m1,-8.752737940811985,109,0,False,False,,,,,,,,,,,
margin,Troy,scientific_f5_m1,-9.172776641024313,110,0,False,False,,,,,,,,,,,
margin,Florida International,scientific_f5_m1,-9.723920680789789,111,0,False,False,,,,,,,,,,,
margin,Toledo,scientific_f5_m1,-9.992731719240178,112,0,False,False,,,,,,,,,,,
margin,Bowling Green,scientific_f5_m1,-10.349904856723564,113,0,False,False,,,,,,,,,,,
margin,Rutgers,scientific_f5_m1,-10.451491178929182,114,0,False,False,,,,,,,,,,,
margin,Texas State,scientific_f5_m1,-10.5473988524176,115,0,False,False,,,,,,,,,,,
margin,East Carolina,scientific_f5_m1,-11.098808291092391,116,0,False,False,,,,,,,,,,,
margin,Coastal Carolina,scientific_f5_m1,-11.139729353999334,117,0,False,False,,,,,,,,,,,
margin,North Texas,scientific_f5_m1,-11.475225784812283,118,0,False,False,,,,,,,,,,,
margin,UAB,scientific_f5_m1,-11.961609963313263,119,0,False,False,,,,,,,,,,,
margin,Arkansas State,scientific_f5_m1,-12.034436836035363,120,0,False,False,,,,,,,,,,,
margin,Buffalo,scientific_f5_m1,-12.649530752953707,121,0,False,False,,,,,,,,,,,
margin,Sam Houston,scientific_f5_m1,-13.468013283017784,122,0,False,False,,,,,,,,,,,
margin,Fresno State,scientific_f5_m1,-13.568403418080385,123,0,False,False,,,,,,,,,,,
margin,Hawai'i,scientific_f5_m1,-14.548181960721353,124,0,False,False,,,,,,,,,,,
margin,Akron,scientific_f5_m1,-15.038766403284724,125,0,False,False,,,,,,,,,,,
margin,Massachusetts,scientific_f5_m1,-16.078726688423302,126,0,False,False,,,,,,,,,,,
margin,Florida Atlantic,scientific_f5_m1,-17.59309258659343,127,0,False,False,,,,,,,,,,,
margin,San José State,scientific_f5_m1,-17.603110575602024,128,0,False,False,,,,,,,,,,,
margin,Marshall,scientific_f5_m1,-17.7122962869484,129,0,False,False,,,,,,,,,,,
margin,Wyoming,scientific_f5_m1,-19.901071710394753,130,0,False,False,,,,,,,,,,,
margin,Central Michigan,scientific_f5_m1,-20.880460416289253,131,0,False,False,,,,,,,,,,,
margin,Miami (OH),scientific_f5_m1,-22.47968854942512,132,0,False,False,,,,,,,,,,,
margin,Northern Illinois,scientific_f5_m1,-25.279567973389824,133,0,False,False,,,,,,,,,,,
margin,Missouri State,scientific_f5_m1,-26.155057054058922,134,0,False,False,,,,,,,,,,,
margin,UL Monroe,scientific_f5_m1,-29.225842523269364,135,0,False,False,,,,,,,,,,,
margin,Ball State,scientific_f5_m1,-30.130128425149422,136,0,False,False,,,,,,,,,,,
margin,UTEP,scientific_f5_m1,-31.21671094501498,137,0,False,False,,,,,,,,,,,
margin,Kent State,scientific_f5_m1,-35.835011171744846,138,0,False,False,,,,,,,,,,,
margin,Ohio State,scientific_f5_m2,36.92322734123715,1,25,True,True,,,,,,,,,,,
margin,Georgia,scientific_f5_m2,36.142315403094194,2,24,True,False,,,,,,,,,,,
margin,Texas A&M,scientific_f5_m2,32.23933046153079,3,23,True,False,,,,,,,,,,,
margin,LSU,scientific_f5_m2,31.9409082449774,4,22,True,False,,,,,,,,,,,
margin,Texas,scientific_f5_m2,30.59756908816547,5,21,True,False,,,,,,,,,,,
margin,Oklahoma,scientific_f5_m2,28.506627417532563,6,20,True,False,,,,,,,,,,,
margin,Alabama,scientific_f5_m2,28.31926975615157,7,19,True,False,,,,,,,,,,,
margin,BYU,scientific_f5_m2,28.009496554297478,8,18,True,False,,,,,,,,,,,
margin,Tennessee,scientific_f5_m2,27.921080189309258,9,17,True,False,,,,,,,,,,,
margin,South Carolina,scientific_f5_m2,27.342346017163614,10,16,True,False,,,,,,,,,,,
margin,Kansas State,scientific_f5_m2,27.13247282803475,11,15,True,False,,,,,,,,,,,
margin,Utah,scientific_f5_m2,24.863371077393552,12,14,True,False,,,,,,,,,,,
margin,Missouri,scientific_f5_m2,24.614295473697112,13,13,True,False,,,,,,,,,,,
margin,Iowa,scientific_f5_m2,23.480518825129764,14,12,True,False,,,,,,,,,,,
margin,Arizona State,scientific_f5_m2,22.93158456704186,15,11,True,False,,,,,,,,,,,
margin,Oregon,scientific_f5_m2,22.846246303652556,16,10,True,False,,,,,,,,,,,
margin,Pittsburgh,scientific_f5_m2,22.799366953437143,17,9,True,False,,,,,,,,,,,
margin,Florida,scientific_f5_m2,22.531583037497477,18,8,True,False,,,,,,,,,,,
margin,Mississippi State,scientific_f5_m2,22.288194526095275,19,7,True,False,,,,,,,,,,,
margin,USC,scientific_f5_m2,22.189484442011775,20,6,True,False,,,,,,,,,,,
margin,Minnesota,scientific_f5_m2,22.128834965455027,21,5,True,False,,,,,,,,,,,
margin,Virginia Tech,scientific_f5_m2,21.980646777557553,22,4,True,False,,,,,,,,,,,
margin,Notre Dame,scientific_f5_m2,21.910887356932726,23,3,True,False,,,,,,,,,,,
margin,Penn State,scientific_f5_m2,21.307914824024117,24,2,True,False,,,,,,,,,,,
margin,Miami,scientific_f5_m2,21.2259650335496,25,1,True,False,,,,,,,,,,,
margin,UCF,scientific_f5_m2,20.601084157444674,26,0,False,False,,,,,,,,,,,
margin,Kansas,scientific_f5_m2,19.91949361540398,27,0,False,False,,,,,,,,,,,
margin,Texas Tech,scientific_f5_m2,19.73048975034329,28,0,False,False,,,,,,,,,,,
margin,Kentucky,scientific_f5_m2,19.5511467625443,29,0,False,False,,,,,,,,,,,
margin,Indiana,scientific_f5_m2,18.401817476867294,30,0,False,False,,,,,,,,,,,
margin,Maryland,scientific_f5_m2,18.321083389204006,31,0,False,False,,,,,,,,,,,
margin,Army,scientific_f5_m2,17.797685465632583,32,0,False,False,,,,,,,,,,,
margin,Washington,scientific_f5_m2,17.4465981245544,33,0,False,False,,,,,,,,,,,
margin,Nebraska,scientific_f5_m2,17.420129467253624,34,0,False,False,,,,,,,,,,,
margin,Michigan,scientific_f5_m2,16.890017587147035,35,0,False,False,,,,,,,,,,,
margin,Arizona,scientific_f5_m2,16.779129161958664,36,0,False,False,,,,,,,,,,,
margin,UCLA,scientific_f5_m2,16.76390512266127,37,0,False,False,,,,,,,,,,,
margin,UConn,scientific_f5_m2,16.41750759890514,38,0,False,False,,,,,,,,,,,
margin,Illinois,scientific_f5_m2,16.350120499767257,39,0,False,False,,,,,,,,,,,
margin,Syracuse,scientific_f5_m2,15.772604283048288,40,0,False,False,,,,,,,,,,,
margin,Louisiana Tech,scientific_f5_m2,14.53455383466728,41,0,False,False,,,,,,,,,,,
margin,App State,scientific_f5_m2,14.461204426155085,42,0,False,False,,,,,,,,,,,
margin,UTSA,scientific_f5_m2,14.370192418222658,43,0,False,False,,,,,,,,,,,
margin,Georgia Southern,scientific_f5_m2,12.69690967765199,44,0,False,False,,,,,,,,,,,
margin,Virginia,scientific_f5_m2,12.011511230465555,45,0,False,False,,,,,,,,,,,
margin,Northwestern,scientific_f5_m2,11.952085642041544,46,0,False,False,,,,,,,,,,,
margin,Ole Miss,scientific_f5_m2,10.728510904172156,47,0,False,False,,,,,,,,,,,
margin,SMU,scientific_f5_m2,10.467385227121039,48,0,False,False,,,,,,,,,,,
margin,Duke,scientific_f5_m2,9.7003784017727,49,0,False,False,,,,,,,,,,,
margin,Iowa State,scientific_f5_m2,9.69151184603812,50,0,False,False,,,,,,,,,,,
margin,Louisiana,scientific_f5_m2,9.319460376181144,51,0,False,False,,,,,,,,,,,
margin,Southern Miss,scientific_f5_m2,9.154617682681312,52,0,False,False,,,,,,,,,,,
margin,Kennesaw State,scientific_f5_m2,8.78632995773047,53,0,False,False,,,,,,,,,,,
margin,Vanderbilt,scientific_f5_m2,8.759637285382126,54,0,False,False,,,,,,,,,,,
margin,Purdue,scientific_f5_m2,8.696305167776215,55,0,False,False,,,,,,,,,,,
margin,Memphis,scientific_f5_m2,7.885306972086478,56,0,False,False,,,,,,,,,,,
margin,New Mexico,scientific_f5_m2,7.721618239596073,57,0,False,False,,,,,,,,,,,
margin,North Carolina,scientific_f5_m2,7.6466251524757,58,0,False,False,,,,,,,,,,,
margin,Arkansas,scientific_f5_m2,7.403281638115265,59,0,False,False,,,,,,,,,,,
margin,Georgia State,scientific_f5_m2,6.757185950822929,60,0,False,False,,,,,,,,,,,
margin,Delaware,scientific_f5_m2,6.323523996238397,61,0,False,False,,,,,,,,,,,
margin,North Dakota State,scientific_f5_m2,6.108113953530163,62,0,False,False,,,,,,,,,,,
margin,Houston,scientific_f5_m2,5.5175963802629004,63,0,False,False,,,,,,,,,,,
margin,Louisville,scientific_f5_m2,4.597160343358194,64,0,False,False,,,,,,,,,,,
margin,Wake Forest,scientific_f5_m2,4.4540149866933305,65,0,False,False,,,,,,,,,,,
margin,Air Force,scientific_f5_m2,4.406181483033919,66,0,False,False,,,,,,,,,,,
margin,Georgia Tech,scientific_f5_m2,4.34086538206324,67,0,False,False,,,,,,,,,,,
margin,Temple,scientific_f5_m2,3.5615834393146315,68,0,False,False,,,,,,,,,,,
margin,San Diego State,scientific_f5_m2,3.261413843489589,69,0,False,False,,,,,,,,,,,
margin,Jacksonville State,scientific_f5_m2,2.90529616422039,70,0,False,False,,,,,,,,,,,
margin,Michigan State,scientific_f5_m2,2.8494648631264865,71,0,False,False,,,,,,,,,,,
margin,Florida State,scientific_f5_m2,2.742156049078292,72,0,False,False,,,,,,,,,,,
margin,Rice,scientific_f5_m2,2.5838509372635405,73,0,False,False,,,,,,,,,,,
margin,Boise State,scientific_f5_m2,2.548622284540413,74,0,False,False,,,,,,,,,,,
margin,South Florida,scientific_f5_m2,2.254064199326594,75,0,False,False,,,,,,,,,,,
margin,UNLV,scientific_f5_m2,1.7345143099991662,76,0,False,False,,,,,,,,,,,
margin,Cincinnati,scientific_f5_m2,1.6530162870319989,77,0,False,False,,,,,,,,,,,
margin,Nevada,scientific_f5_m2,1.5847382215684362,78,0,False,False,,,,,,,,,,,
margin,James Madison,scientific_f5_m2,1.0400679346699837,79,0,False,False,,,,,,,,,,,
margin,Navy,scientific_f5_m2,0.9063536698246937,80,0,False,False,,,,,,,,,,,
margin,Baylor,scientific_f5_m2,0.8459965345576796,81,0,False,False,,,,,,,,,,,
margin,Old Dominion,scientific_f5_m2,0.6754108655057438,82,0,False,False,,,,,,,,,,,
margin,Sacramento State,scientific_f5_m2,0.3883867842765517,83,0,False,False,,,,,,,,,,,
margin,Colorado State,scientific_f5_m2,0.3689925019734196,84,0,False,False,,,,,,,,,,,
margin,Auburn,scientific_f5_m2,0.13287634316201813,85,0,False,False,,,,,,,,,,,
margin,South Alabama,scientific_f5_m2,-1.2450543192116506,86,0,False,False,,,,,,,,,,,
margin,Middle Tennessee,scientific_f5_m2,-1.391009269710549,87,0,False,False,,,,,,,,,,,
margin,West Virginia,scientific_f5_m2,-1.626992351025248,88,0,False,False,,,,,,,,,,,
margin,New Mexico State,scientific_f5_m2,-3.567276432438007,89,0,False,False,,,,,,,,,,,
margin,Tulane,scientific_f5_m2,-4.091597251971033,90,0,False,False,,,,,,,,,,,
margin,Colorado,scientific_f5_m2,-4.397809862661727,91,0,False,False,,,,,,,,,,,
margin,Washington State,scientific_f5_m2,-5.161549232700817,92,0,False,False,,,,,,,,,,,
margin,Stanford,scientific_f5_m2,-5.1952579025333225,93,0,False,False,,,,,,,,,,,
margin,Tulsa,scientific_f5_m2,-6.159645463290421,94,0,False,False,,,,,,,,,,,
margin,TCU,scientific_f5_m2,-6.448991753570092,95,0,False,False,,,,,,,,,,,
margin,Wisconsin,scientific_f5_m2,-6.607913565931104,96,0,False,False,,,,,,,,,,,
margin,Massachusetts,scientific_f5_m2,-6.735072786714563,97,0,False,False,,,,,,,,,,,
margin,Western Michigan,scientific_f5_m2,-7.020360421855651,98,0,False,False,,,,,,,,,,,
margin,Liberty,scientific_f5_m2,-7.1295296245682565,99,0,False,False,,,,,,,,,,,
margin,Oklahoma State,scientific_f5_m2,-8.081496957588762,100,0,False,False,,,,,,,,,,,
margin,Boston College,scientific_f5_m2,-8.79296136692158,101,0,False,False,,,,,,,,,,,
margin,Clemson,scientific_f5_m2,-8.854116382603106,102,0,False,False,,,,,,,,,,,
margin,Eastern Michigan,scientific_f5_m2,-9.574134587723822,103,0,False,False,,,,,,,,,,,
margin,Oregon State,scientific_f5_m2,-9.786065393048803,104,0,False,False,,,,,,,,,,,
margin,Utah State,scientific_f5_m2,-9.902888452813082,105,0,False,False,,,,,,,,,,,
margin,Charlotte,scientific_f5_m2,-10.15114615359758,106,0,False,False,,,,,,,,,,,
margin,Toledo,scientific_f5_m2,-10.807443076873597,107,0,False,False,,,,,,,,,,,
margin,Sam Houston,scientific_f5_m2,-10.94919100041701,108,0,False,False,,,,,,,,,,,
margin,Florida International,scientific_f5_m2,-11.00358346072858,109,0,False,False,,,,,,,,,,,
margin,Buffalo,scientific_f5_m2,-11.178589768644313,110,0,False,False,,,,,,,,,,,
margin,Troy,scientific_f5_m2,-11.544671376311422,111,0,False,False,,,,,,,,,,,
margin,NC State,scientific_f5_m2,-11.871598430832103,112,0,False,False,,,,,,,,,,,
margin,Texas State,scientific_f5_m2,-11.91642265525933,113,0,False,False,,,,,,,,,,,
margin,Coastal Carolina,scientific_f5_m2,-12.00830487638914,114,0,False,False,,,,,,,,,,,
margin,Western Kentucky,scientific_f5_m2,-12.075899899507293,115,0,False,False,,,,,,,,,,,
margin,Ohio,scientific_f5_m2,-12.302305930990997,116,0,False,False,,,,,,,,,,,
margin,Bowling Green,scientific_f5_m2,-12.566619251721038,117,0,False,False,,,,,,,,,,,
margin,California,scientific_f5_m2,-12.634376975501578,118,0,False,False,,,,,,,,,,,
margin,San José State,scientific_f5_m2,-12.755363172973144,119,0,False,False,,,,,,,,,,,
margin,Hawai'i,scientific_f5_m2,-12.856425302206372,120,0,False,False,,,,,,,,,,,
margin,East Carolina,scientific_f5_m2,-13.301774652427385,121,0,False,False,,,,,,,,,,,
margin,North Texas,scientific_f5_m2,-13.32366013203801,122,0,False,False,,,,,,,,,,,
margin,Akron,scientific_f5_m2,-13.889018015076253,123,0,False,False,,,,,,,,,,,
margin,Rutgers,scientific_f5_m2,-14.405227928987623,124,0,False,False,,,,,,,,,,,
margin,Arkansas State,scientific_f5_m2,-14.529249090374105,125,0,False,False,,,,,,,,,,,
margin,UAB,scientific_f5_m2,-15.889750308957039,126,0,False,False,,,,,,,,,,,
margin,Fresno State,scientific_f5_m2,-15.97980944653474,127,0,False,False,,,,,,,,,,,
margin,Marshall,scientific_f5_m2,-21.322062851060146,128,0,False,False,,,,,,,,,,,
margin,Florida Atlantic,scientific_f5_m2,-21.47115549858838,129,0,False,False,,,,,,,,,,,
margin,Miami (OH),scientific_f5_m2,-22.702064568985435,130,0,False,False,,,,,,,,,,,
margin,Central Michigan,scientific_f5_m2,-23.688261570604652,131,0,False,False,,,,,,,,,,,
margin,Wyoming,scientific_f5_m2,-23.997010212738203,132,0,False,False,,,,,,,,,,,
margin,Northern Illinois,scientific_f5_m2,-25.07275503755322,133,0,False,False,,,,,,,,,,,
margin,Missouri State,scientific_f5_m2,-28.75492407977616,134,0,False,False,,,,,,,,,,,
margin,Ball State,scientific_f5_m2,-29.38799028371057,135,0,False,False,,,,,,,,,,,
margin,UL Monroe,scientific_f5_m2,-30.279404594448025,136,0,False,False,,,,,,,,,,,
margin,UTEP,scientific_f5_m2,-30.955769362370944,137,0,False,False,,,,,,,,,,,
margin,Kent State,scientific_f5_m2,-34.165002179143634,138,0,False,False,,,,,,,,,,,
margin,Georgia,scientific_f5_m3,35.97145236056405,1,25,True,True,,,,,,,,,,,
margin,Ohio State,scientific_f5_m3,34.59244361005816,2,24,True,False,,,,,,,,,,,
margin,Alabama,scientific_f5_m3,28.45576813702286,3,23,True,False,,,,,,,,,,,
margin,Texas A&M,scientific_f5_m3,27.470554079990052,4,22,True,False,,,,,,,,,,,
margin,BYU,scientific_f5_m3,25.980339439268704,5,21,True,False,,,,,,,,,,,
margin,LSU,scientific_f5_m3,25.636366971330514,6,20,True,False,,,,,,,,,,,
margin,Texas,scientific_f5_m3,25.34771039516328,7,19,True,False,,,,,,,,,,,
margin,Tennessee,scientific_f5_m3,24.708091929791564,8,18,True,False,,,,,,,,,,,
margin,Oklahoma,scientific_f5_m3,24.037346097027577,9,17,True,False,,,,,,,,,,,
margin,Utah,scientific_f5_m3,22.895440814198682,10,16,True,False,,,,,,,,,,,
margin,USC,scientific_f5_m3,21.896123619045802,11,15,True,False,,,,,,,,,,,
margin,Penn State,scientific_f5_m3,20.962408103127512,12,14,True,False,,,,,,,,,,,
margin,Kansas State,scientific_f5_m3,20.233553092113766,13,13,True,False,,,,,,,,,,,
margin,Oregon,scientific_f5_m3,20.055424871265345,14,12,True,False,,,,,,,,,,,
margin,Miami,scientific_f5_m3,19.97530738622203,15,11,True,False,,,,,,,,,,,
margin,Notre Dame,scientific_f5_m3,19.843867395994906,16,10,True,False,,,,,,,,,,,
margin,Missouri,scientific_f5_m3,19.508833023047323,17,9,True,False,,,,,,,,,,,
margin,Iowa,scientific_f5_m3,19.13376294107954,18,8,True,False,,,,,,,,,,,
margin,South Carolina,scientific_f5_m3,18.895976039384863,19,7,True,False,,,,,,,,,,,
margin,Arizona State,scientific_f5_m3,18.23885133958395,20,6,True,False,,,,,,,,,,,
margin,Michigan,scientific_f5_m3,17.270018584629327,21,5,True,False,,,,,,,,,,,
margin,Indiana,scientific_f5_m3,16.591430803057975,22,4,True,False,,,,,,,,,,,
margin,Pittsburgh,scientific_f5_m3,16.449464507070918,23,3,True,False,,,,,,,,,,,
margin,Kansas,scientific_f5_m3,16.427601321806225,24,2,True,False,,,,,,,,,,,
margin,Florida,scientific_f5_m3,16.288866519937102,25,1,True,False,,,,,,,,,,,
margin,Army,scientific_f5_m3,15.900569103547515,26,0,False,False,,,,,,,,,,,
margin,Minnesota,scientific_f5_m3,15.785828938090528,27,0,False,False,,,,,,,,,,,
margin,Kentucky,scientific_f5_m3,15.713724486754693,28,0,False,False,,,,,,,,,,,
margin,Texas Tech,scientific_f5_m3,14.21397847819951,29,0,False,False,,,,,,,,,,,
margin,Ole Miss,scientific_f5_m3,13.88830240849858,30,0,False,False,,,,,,,,,,,
margin,Illinois,scientific_f5_m3,13.167376681352707,31,0,False,False,,,,,,,,,,,
margin,UCF,scientific_f5_m3,13.0290740114992,32,0,False,False,,,,,,,,,,,
margin,Syracuse,scientific_f5_m3,12.90404725381108,33,0,False,False,,,,,,,,,,,
margin,Nebraska,scientific_f5_m3,12.836682507212926,34,0,False,False,,,,,,,,,,,
margin,UCLA,scientific_f5_m3,12.407901325100378,35,0,False,False,,,,,,,,,,,
margin,UConn,scientific_f5_m3,12.163213734026481,36,0,False,False,,,,,,,,,,,
margin,Louisiana Tech,scientific_f5_m3,11.77655612807497,37,0,False,False,,,,,,,,,,,
margin,Mississippi State,scientific_f5_m3,11.263726800375379,38,0,False,False,,,,,,,,,,,
margin,UTSA,scientific_f5_m3,11.00351250788359,39,0,False,False,,,,,,,,,,,
margin,Washington,scientific_f5_m3,10.945143442037498,40,0,False,False,,,,,,,,,,,
margin,SMU,scientific_f5_m3,10.70592820535786,41,0,False,False,,,,,,,,,,,
margin,Arizona,scientific_f5_m3,10.05380049053319,42,0,False,False,,,,,,,,,,,
margin,Maryland,scientific_f5_m3,10.013740982173431,43,0,False,False,,,,,,,,,,,
margin,Virginia Tech,scientific_f5_m3,9.322381682621527,44,0,False,False,,,,,,,,,,,
margin,Iowa State,scientific_f5_m3,9.300414259618401,45,0,False,False,,,,,,,,,,,
margin,Delaware,scientific_f5_m3,8.789170266456104,46,0,False,False,,,,,,,,,,,
margin,Virginia,scientific_f5_m3,8.550281136800436,47,0,False,False,,,,,,,,,,,
margin,Kennesaw State,scientific_f5_m3,7.869614108546094,48,0,False,False,,,,,,,,,,,
margin,Memphis,scientific_f5_m3,7.635554254158401,49,0,False,False,,,,,,,,,,,
margin,Louisiana,scientific_f5_m3,7.5670549767212005,50,0,False,False,,,,,,,,,,,
margin,Wake Forest,scientific_f5_m3,7.454077254171228,51,0,False,False,,,,,,,,,,,
margin,Georgia Southern,scientific_f5_m3,7.067895884461351,52,0,False,False,,,,,,,,,,,
margin,App State,scientific_f5_m3,6.570086937573539,53,0,False,False,,,,,,,,,,,
margin,Arkansas,scientific_f5_m3,6.513095807546212,54,0,False,False,,,,,,,,,,,
margin,Vanderbilt,scientific_f5_m3,6.174730959980259,55,0,False,False,,,,,,,,,,,
margin,Auburn,scientific_f5_m3,6.09388723609546,56,0,False,False,,,,,,,,,,,
margin,Clemson,scientific_f5_m3,5.794200376781244,57,0,False,False,,,,,,,,,,,
margin,Duke,scientific_f5_m3,5.720164162498921,58,0,False,False,,,,,,,,,,,
margin,Houston,scientific_f5_m3,5.231862295852945,59,0,False,False,,,,,,,,,,,
margin,Northwestern,scientific_f5_m3,5.091258125007676,60,0,False,False,,,,,,,,,,,
margin,Florida State,scientific_f5_m3,4.893466237179123,61,0,False,False,,,,,,,,,,,
margin,Purdue,scientific_f5_m3,4.237279410464694,62,0,False,False,,,,,,,,,,,
margin,Louisville,scientific_f5_m3,4.190385782208082,63,0,False,False,,,,,,,,,,,
margin,James Madison,scientific_f5_m3,4.081843711133479,64,0,False,False,,,,,,,,,,,
margin,Cincinnati,scientific_f5_m3,4.0279208020684525,65,0,False,False,,,,,,,,,,,
margin,Navy,scientific_f5_m3,3.800830204834077,66,0,False,False,,,,,,,,,,,
margin,Georgia State,scientific_f5_m3,3.624222865513576,67,0,False,False,,,,,,,,,,,
margin,Georgia Tech,scientific_f5_m3,3.4590457559760064,68,0,False,False,,,,,,,,,,,
margin,Southern Miss,scientific_f5_m3,3.291658579974186,69,0,False,False,,,,,,,,,,,
margin,UNLV,scientific_f5_m3,2.9871217714907523,70,0,False,False,,,,,,,,,,,
margin,Air Force,scientific_f5_m3,2.813216484932542,71,0,False,False,,,,,,,,,,,
margin,Baylor,scientific_f5_m3,2.72033204117705,72,0,False,False,,,,,,,,,,,
margin,North Carolina,scientific_f5_m3,2.1430432446669347,73,0,False,False,,,,,,,,,,,
margin,West Virginia,scientific_f5_m3,1.8805810287237714,74,0,False,False,,,,,,,,,,,
margin,Jacksonville State,scientific_f5_m3,1.8137972021093,75,0,False,False,,,,,,,,,,,
margin,Michigan State,scientific_f5_m3,1.6120827695798043,76,0,False,False,,,,,,,,,,,
margin,Boise State,scientific_f5_m3,1.6109330592819966,77,0,False,False,,,,,,,,,,,
margin,New Mexico,scientific_f5_m3,1.5013482238107334,78,0,False,False,,,,,,,,,,,
margin,North Dakota State,scientific_f5_m3,1.245364876647651,79,0,False,False,,,,,,,,,,,
margin,San Diego State,scientific_f5_m3,1.0071452814935518,80,0,False,False,,,,,,,,,,,
margin,Old Dominion,scientific_f5_m3,0.919475502405126,81,0,False,False,,,,,,,,,,,
margin,Sacramento State,scientific_f5_m3,0.6513144658244235,82,0,False,False,,,,,,,,,,,
margin,Nevada,scientific_f5_m3,0.36965375842636755,83,0,False,False,,,,,,,,,,,
margin,South Alabama,scientific_f5_m3,-0.11084338437779355,84,0,False,False,,,,,,,,,,,
margin,Rice,scientific_f5_m3,-0.27959712924975605,85,0,False,False,,,,,,,,,,,
margin,TCU,scientific_f5_m3,-0.6956383247448182,86,0,False,False,,,,,,,,,,,
margin,Colorado State,scientific_f5_m3,-0.9904882709267158,87,0,False,False,,,,,,,,,,,
margin,Temple,scientific_f5_m3,-1.1924005818522347,88,0,False,False,,,,,,,,,,,
margin,Tulane,scientific_f5_m3,-1.3023112377838568,89,0,False,False,,,,,,,,,,,
margin,Stanford,scientific_f5_m3,-1.6791378227794698,90,0,False,False,,,,,,,,,,,
margin,Wisconsin,scientific_f5_m3,-2.1651156294434126,91,0,False,False,,,,,,,,,,,
margin,Colorado,scientific_f5_m3,-2.1929021468973735,92,0,False,False,,,,,,,,,,,
margin,New Mexico State,scientific_f5_m3,-2.4555769535264558,93,0,False,False,,,,,,,,,,,
margin,South Florida,scientific_f5_m3,-2.7789891937949673,94,0,False,False,,,,,,,,,,,
margin,NC State,scientific_f5_m3,-3.76237060481242,95,0,False,False,,,,,,,,,,,
margin,Washington State,scientific_f5_m3,-4.759634264162448,96,0,False,False,,,,,,,,,,,
margin,Middle Tennessee,scientific_f5_m3,-4.921634628153727,97,0,False,False,,,,,,,,,,,
margin,Ohio,scientific_f5_m3,-4.99018624454511,98,0,False,False,,,,,,,,,,,
margin,Tulsa,scientific_f5_m3,-5.160257081839209,99,0,False,False,,,,,,,,,,,
margin,Toledo,scientific_f5_m3,-5.724681871389137,100,0,False,False,,,,,,,,,,,
margin,Troy,scientific_f5_m3,-6.719592619637301,101,0,False,False,,,,,,,,,,,
margin,Western Michigan,scientific_f5_m3,-6.9144359965353335,102,0,False,False,,,,,,,,,,,
margin,Buffalo,scientific_f5_m3,-7.092749721196529,103,0,False,False,,,,,,,,,,,
margin,Liberty,scientific_f5_m3,-7.498084736961938,104,0,False,False,,,,,,,,,,,
margin,North Texas,scientific_f5_m3,-7.676839563906757,105,0,False,False,,,,,,,,,,,
margin,Utah State,scientific_f5_m3,-7.96677341536226,106,0,False,False,,,,,,,,,,,
margin,East Carolina,scientific_f5_m3,-8.103353212085866,107,0,False,False,,,,,,,,,,,
margin,Boston College,scientific_f5_m3,-8.174714062490235,108,0,False,False,,,,,,,,,,,
margin,Rutgers,scientific_f5_m3,-8.86624504822686,109,0,False,False,,,,,,,,,,,
margin,Eastern Michigan,scientific_f5_m3,-8.870442007306833,110,0,False,False,,,,,,,,,,,
margin,California,scientific_f5_m3,-8.929467572348946,111,0,False,False,,,,,,,,,,,
margin,Oregon State,scientific_f5_m3,-9.21047078728649,112,0,False,False,,,,,,,,,,,
margin,Sam Houston,scientific_f5_m3,-9.388888131866581,113,0,False,False,,,,,,,,,,,
margin,San José State,scientific_f5_m3,-10.197321032481536,114,0,False,False,,,,,,,,,,,
margin,Bowling Green,scientific_f5_m3,-10.198694189716829,115,0,False,False,,,,,,,,,,,
margin,Coastal Carolina,scientific_f5_m3,-10.279982380093704,116,0,False,False,,,,,,,,,,,
margin,Massachusetts,scientific_f5_m3,-10.59927128555009,117,0,False,False,,,,,,,,,,,
margin,Florida International,scientific_f5_m3,-10.648893191122328,118,0,False,False,,,,,,,,,,,
margin,Texas State,scientific_f5_m3,-11.054334944646259,119,0,False,False,,,,,,,,,,,
margin,Western Kentucky,scientific_f5_m3,-11.843038842697101,120,0,False,False,,,,,,,,,,,
margin,Fresno State,scientific_f5_m3,-11.855666044441909,121,0,False,False,,,,,,,,,,,
margin,Arkansas State,scientific_f5_m3,-11.879638532167565,122,0,False,False,,,,,,,,,,,
margin,Hawai'i,scientific_f5_m3,-12.257977289953192,123,0,False,False,,,,,,,,,,,
margin,UAB,scientific_f5_m3,-12.680655818476616,124,0,False,False,,,,,,,,,,,
margin,Miami (OH),scientific_f5_m3,-12.747997415207207,125,0,False,False,,,,,,,,,,,
margin,Oklahoma State,scientific_f5_m3,-13.137035253411133,126,0,False,False,,,,,,,,,,,
margin,Wyoming,scientific_f5_m3,-13.28380512244234,127,0,False,False,,,,,,,,,,,
margin,Marshall,scientific_f5_m3,-13.675144788742676,128,0,False,False,,,,,,,,,,,
margin,Charlotte,scientific_f5_m3,-14.5582989746339,129,0,False,False,,,,,,,,,,,
margin,Central Michigan,scientific_f5_m3,-14.702250290090934,130,0,False,False,,,,,,,,,,,
margin,Northern Illinois,scientific_f5_m3,-16.722559754478272,131,0,False,False,,,,,,,,,,,
margin,Missouri State,scientific_f5_m3,-17.80594042594391,132,0,False,False,,,,,,,,,,,
margin,Florida Atlantic,scientific_f5_m3,-18.591131853024923,133,0,False,False,,,,,,,,,,,
margin,Akron,scientific_f5_m3,-18.659083908436237,134,0,False,False,,,,,,,,,,,
margin,Ball State,scientific_f5_m3,-19.61357867133803,135,0,False,False,,,,,,,,,,,
margin,UL Monroe,scientific_f5_m3,-22.847238133455132,136,0,False,False,,,,,,,,,,,
margin,Kent State,scientific_f5_m3,-24.45757019802331,137,0,False,False,,,,,,,,,,,
margin,UTEP,scientific_f5_m3,-25.25285214189847,138,0,False,False,,,,,,,,,,,
margin,Ohio State,scientific_f5_m4,34.05808646972986,1,25,True,True,,,,,,,,,,,
margin,Georgia,scientific_f5_m4,32.39091390737938,2,24,True,False,,,,,,,,,,,
margin,LSU,scientific_f5_m4,29.076305889748838,3,23,True,False,,,,,,,,,,,
margin,Texas,scientific_f5_m4,28.498925271827282,4,22,True,False,,,,,,,,,,,
margin,BYU,scientific_f5_m4,28.49482005733874,5,21,True,False,,,,,,,,,,,
margin,Texas A&M,scientific_f5_m4,28.26193435947379,6,20,True,False,,,,,,,,,,,
margin,Alabama,scientific_f5_m4,27.478630123935538,7,19,True,False,,,,,,,,,,,
margin,Oklahoma,scientific_f5_m4,27.37255289889264,8,18,True,False,,,,,,,,,,,
margin,Tennessee,scientific_f5_m4,26.89064390692169,9,17,True,False,,,,,,,,,,,
margin,Oregon,scientific_f5_m4,24.972139369224852,10,16,True,False,,,,,,,,,,,
margin,Utah,scientific_f5_m4,24.635232709233122,11,15,True,False,,,,,,,,,,,
margin,Miami,scientific_f5_m4,21.817738397948187,12,14,True,False,,,,,,,,,,,
margin,Notre Dame,scientific_f5_m4,21.79879115636497,13,13,True,False,,,,,,,,,,,
margin,Penn State,scientific_f5_m4,21.32584919488099,14,12,True,False,,,,,,,,,,,
margin,Iowa,scientific_f5_m4,21.026911600816835,15,11,True,False,,,,,,,,,,,
margin,Kansas State,scientific_f5_m4,21.009117601305125,16,10,True,False,,,,,,,,,,,
margin,Arizona State,scientific_f5_m4,20.191669451425238,17,9,True,False,,,,,,,,,,,
margin,Missouri,scientific_f5_m4,19.976673697721132,18,8,True,False,,,,,,,,,,,
margin,USC,scientific_f5_m4,19.790899591305827,19,7,True,False,,,,,,,,,,,
margin,South Carolina,scientific_f5_m4,19.066843730391298,20,6,True,False,,,,,,,,,,,
margin,Kansas,scientific_f5_m4,18.786919471691437,21,5,True,False,,,,,,,,,,,
margin,Minnesota,scientific_f5_m4,17.57909158054919,22,4,True,False,,,,,,,,,,,
margin,Pittsburgh,scientific_f5_m4,17.533273029498726,23,3,True,False,,,,,,,,,,,
margin,Indiana,scientific_f5_m4,17.041989019249485,24,2,True,False,,,,,,,,,,,
margin,Florida,scientific_f5_m4,16.92075317006422,25,1,True,False,,,,,,,,,,,
margin,Arizona,scientific_f5_m4,16.48554590622754,26,0,False,False,,,,,,,,,,,
margin,Army,scientific_f5_m4,15.839001665628063,27,0,False,False,,,,,,,,,,,
margin,Mississippi State,scientific_f5_m4,15.360577509527634,28,0,False,False,,,,,,,,,,,
margin,Michigan,scientific_f5_m4,14.766994999650624,29,0,False,False,,,,,,,,,,,
margin,Nebraska,scientific_f5_m4,13.850446628950108,30,0,False,False,,,,,,,,,,,
margin,Kentucky,scientific_f5_m4,13.839252016362435,31,0,False,False,,,,,,,,,,,
margin,Louisiana Tech,scientific_f5_m4,13.18936068799325,32,0,False,False,,,,,,,,,,,
margin,UCF,scientific_f5_m4,13.047814842075937,33,0,False,False,,,,,,,,,,,
margin,Virginia Tech,scientific_f5_m4,12.947541059312606,34,0,False,False,,,,,,,,,,,
margin,UCLA,scientific_f5_m4,12.651078539179382,35,0,False,False,,,,,,,,,,,
margin,Texas Tech,scientific_f5_m4,11.833464051767079,36,0,False,False,,,,,,,,,,,
margin,Syracuse,scientific_f5_m4,11.712631795215016,37,0,False,False,,,,,,,,,,,
margin,Iowa State,scientific_f5_m4,10.987200217114736,38,0,False,False,,,,,,,,,,,
margin,Virginia,scientific_f5_m4,10.75071879404269,39,0,False,False,,,,,,,,,,,
margin,Washington,scientific_f5_m4,10.594577344795866,40,0,False,False,,,,,,,,,,,
margin,UConn,scientific_f5_m4,10.350752567062019,41,0,False,False,,,,,,,,,,,
margin,UTSA,scientific_f5_m4,10.032795259139114,42,0,False,False,,,,,,,,,,,
margin,Illinois,scientific_f5_m4,9.651670760147278,43,0,False,False,,,,,,,,,,,
margin,Northwestern,scientific_f5_m4,9.623547047424085,44,0,False,False,,,,,,,,,,,
margin,Arkansas,scientific_f5_m4,8.860472575568195,45,0,False,False,,,,,,,,,,,
margin,Georgia Southern,scientific_f5_m4,8.826676018589218,46,0,False,False,,,,,,,,,,,
margin,Ole Miss,scientific_f5_m4,8.592865065891797,47,0,False,False,,,,,,,,,,,
margin,Louisiana,scientific_f5_m4,8.207865681491164,48,0,False,False,,,,,,,,,,,
margin,Memphis,scientific_f5_m4,8.011450038666274,49,0,False,False,,,,,,,,,,,
margin,Maryland,scientific_f5_m4,7.81230766477511,50,0,False,False,,,,,,,,,,,
margin,SMU,scientific_f5_m4,7.502109637658277,51,0,False,False,,,,,,,,,,,
margin,Duke,scientific_f5_m4,7.387398112834212,52,0,False,False,,,,,,,,,,,
margin,Georgia State,scientific_f5_m4,6.807036607584009,53,0,False,False,,,,,,,,,,,
margin,Louisville,scientific_f5_m4,6.501505824135147,54,0,False,False,,,,,,,,,,,
margin,Rice,scientific_f5_m4,5.934580240620329,55,0,False,False,,,,,,,,,,,
margin,Clemson,scientific_f5_m4,5.7447938319061675,56,0,False,False,,,,,,,,,,,
margin,Delaware,scientific_f5_m4,5.633044455349993,57,0,False,False,,,,,,,,,,,
margin,Purdue,scientific_f5_m4,5.478825786061418,58,0,False,False,,,,,,,,,,,
margin,Florida State,scientific_f5_m4,4.992983026578346,59,0,False,False,,,,,,,,,,,
margin,Houston,scientific_f5_m4,4.592619616248271,60,0,False,False,,,,,,,,,,,
margin,Kennesaw State,scientific_f5_m4,4.544226778814212,61,0,False,False,,,,,,,,,,,
margin,New Mexico,scientific_f5_m4,4.166069721097962,62,0,False,False,,,,,,,,,,,
margin,Air Force,scientific_f5_m4,3.769391606170389,63,0,False,False,,,,,,,,,,,
margin,App State,scientific_f5_m4,3.4190858677016345,64,0,False,False,,,,,,,,,,,
margin,Boise State,scientific_f5_m4,3.3840679161941103,65,0,False,False,,,,,,,,,,,
margin,Georgia Tech,scientific_f5_m4,2.9036186341112145,66,0,False,False,,,,,,,,,,,
margin,Vanderbilt,scientific_f5_m4,2.8778384775006915,67,0,False,False,,,,,,,,,,,
margin,Auburn,scientific_f5_m4,2.6800277489063173,68,0,False,False,,,,,,,,,,,
margin,San Diego State,scientific_f5_m4,2.614065597489888,69,0,False,False,,,,,,,,,,,
margin,Southern Miss,scientific_f5_m4,2.5108333582000633,70,0,False,False,,,,,,,,,,,
margin,Wake Forest,scientific_f5_m4,2.5022002593121875,71,0,False,False,,,,,,,,,,,
margin,Navy,scientific_f5_m4,1.8463397327337443,72,0,False,False,,,,,,,,,,,
margin,North Dakota State,scientific_f5_m4,1.227717291226725,73,0,False,False,,,,,,,,,,,
margin,UNLV,scientific_f5_m4,1.1769618416435157,74,0,False,False,,,,,,,,,,,
margin,Cincinnati,scientific_f5_m4,0.9775173330389954,75,0,False,False,,,,,,,,,,,
margin,Jacksonville State,scientific_f5_m4,0.9282485820499522,76,0,False,False,,,,,,,,,,,
margin,North Carolina,scientific_f5_m4,0.7639945778441173,77,0,False,False,,,,,,,,,,,
margin,Temple,scientific_f5_m4,0.6584154496693604,78,0,False,False,,,,,,,,,,,
margin,Nevada,scientific_f5_m4,0.6281223179238544,79,0,False,False,,,,,,,,,,,
margin,South Alabama,scientific_f5_m4,0.06440455416265503,80,0,False,False,,,,,,,,,,,
margin,Old Dominion,scientific_f5_m4,0.03226080593492153,81,0,False,False,,,,,,,,,,,
margin,James Madison,scientific_f5_m4,-0.029788039056433117,82,0,False,False,,,,,,,,,,,
margin,Michigan State,scientific_f5_m4,-0.4830905689175867,83,0,False,False,,,,,,,,,,,
margin,Sacramento State,scientific_f5_m4,-0.6089320533729806,84,0,False,False,,,,,,,,,,,
margin,South Florida,scientific_f5_m4,-1.9151920628395984,85,0,False,False,,,,,,,,,,,
margin,Washington State,scientific_f5_m4,-2.1072987053555816,86,0,False,False,,,,,,,,,,,
margin,Stanford,scientific_f5_m4,-2.2318937504714764,87,0,False,False,,,,,,,,,,,
margin,Colorado State,scientific_f5_m4,-2.458128467682919,88,0,False,False,,,,,,,,,,,
margin,New Mexico State,scientific_f5_m4,-2.8220029125616004,89,0,False,False,,,,,,,,,,,
margin,Tulane,scientific_f5_m4,-3.024361205816743,90,0,False,False,,,,,,,,,,,
margin,NC State,scientific_f5_m4,-3.335469767741693,91,0,False,False,,,,,,,,,,,
margin,Baylor,scientific_f5_m4,-3.395975918703887,92,0,False,False,,,,,,,,,,,
margin,West Virginia,scientific_f5_m4,-4.107850343987143,93,0,False,False,,,,,,,,,,,
margin,TCU,scientific_f5_m4,-4.755487509023715,94,0,False,False,,,,,,,,,,,
margin,Tulsa,scientific_f5_m4,-4.80729409209523,95,0,False,False,,,,,,,,,,,
margin,Colorado,scientific_f5_m4,-4.919720032416421,96,0,False,False,,,,,,,,,,,
margin,Wisconsin,scientific_f5_m4,-5.042173902779598,97,0,False,False,,,,,,,,,,,
margin,Western Michigan,scientific_f5_m4,-5.323446041864603,98,0,False,False,,,,,,,,,,,
margin,Middle Tennessee,scientific_f5_m4,-5.878669233758515,99,0,False,False,,,,,,,,,,,
margin,Ohio,scientific_f5_m4,-8.695362968366549,100,0,False,False,,,,,,,,,,,
margin,East Carolina,scientific_f5_m4,-8.731062569590225,101,0,False,False,,,,,,,,,,,
margin,Troy,scientific_f5_m4,-9.214960709858842,102,0,False,False,,,,,,,,,,,
margin,Sam Houston,scientific_f5_m4,-9.245973806847948,103,0,False,False,,,,,,,,,,,
margin,Eastern Michigan,scientific_f5_m4,-9.280868419268172,104,0,False,False,,,,,,,,,,,
margin,Toledo,scientific_f5_m4,-10.082797344948265,105,0,False,False,,,,,,,,,,,
margin,Buffalo,scientific_f5_m4,-10.164582503055637,106,0,False,False,,,,,,,,,,,
margin,Liberty,scientific_f5_m4,-10.34468786043164,107,0,False,False,,,,,,,,,,,
margin,Utah State,scientific_f5_m4,-10.647010333213219,108,0,False,False,,,,,,,,,,,
margin,California,scientific_f5_m4,-10.67091967837887,109,0,False,False,,,,,,,,,,,
margin,Marshall,scientific_f5_m4,-10.684325493335292,110,0,False,False,,,,,,,,,,,
margin,North Texas,scientific_f5_m4,-10.887994638516192,111,0,False,False,,,,,,,,,,,
margin,Texas State,scientific_f5_m4,-10.904679007464317,112,0,False,False,,,,,,,,,,,
margin,Boston College,scientific_f5_m4,-10.997026838102236,113,0,False,False,,,,,,,,,,,
margin,Oregon State,scientific_f5_m4,-11.163398301135798,114,0,False,False,,,,,,,,,,,
margin,Western Kentucky,scientific_f5_m4,-11.94197020817985,115,0,False,False,,,,,,,,,,,
margin,Fresno State,scientific_f5_m4,-12.218210931417648,116,0,False,False,,,,,,,,,,,
margin,Bowling Green,scientific_f5_m4,-12.415970638715804,117,0,False,False,,,,,,,,,,,
margin,Florida International,scientific_f5_m4,-12.673199240598441,118,0,False,False,,,,,,,,,,,
margin,Massachusetts,scientific_f5_m4,-12.829853964998229,119,0,False,False,,,,,,,,,,,
margin,Oklahoma State,scientific_f5_m4,-12.890168343902344,120,0,False,False,,,,,,,,,,,
margin,Miami (OH),scientific_f5_m4,-13.133207521357747,121,0,False,False,,,,,,,,,,,
margin,San José State,scientific_f5_m4,-14.012654392324542,122,0,False,False,,,,,,,,,,,
margin,Rutgers,scientific_f5_m4,-14.4603614655014,123,0,False,False,,,,,,,,,,,
margin,Coastal Carolina,scientific_f5_m4,-14.513890836989352,124,0,False,False,,,,,,,,,,,
margin,Hawai'i,scientific_f5_m4,-14.605031530342055,125,0,False,False,,,,,,,,,,,
margin,UAB,scientific_f5_m4,-14.852757376550038,126,0,False,False,,,,,,,,,,,
margin,Charlotte,scientific_f5_m4,-15.483551340853772,127,0,False,False,,,,,,,,,,,
margin,Northern Illinois,scientific_f5_m4,-15.903195518504223,128,0,False,False,,,,,,,,,,,
margin,Arkansas State,scientific_f5_m4,-16.100320060181676,129,0,False,False,,,,,,,,,,,
margin,Missouri State,scientific_f5_m4,-16.103602289743222,130,0,False,False,,,,,,,,,,,
margin,Florida Atlantic,scientific_f5_m4,-16.171343827312796,131,0,False,False,,,,,,,,,,,
margin,Akron,scientific_f5_m4,-18.079083578877317,132,0,False,False,,,,,,,,,,,
margin,Central Michigan,scientific_f5_m4,-18.420370048864275,133,0,False,False,,,,,,,,,,,
margin,Wyoming,scientific_f5_m4,-20.2187509199346,134,0,False,False,,,,,,,,,,,
margin,Ball State,scientific_f5_m4,-20.62140487538947,135,0,False,False,,,,,,,,,,,
margin,Kent State,scientific_f5_m4,-25.476099829556976,136,0,False,False,,,,,,,,,,,
margin,UL Monroe,scientific_f5_m4,-25.83305048867387,137,0,False,False,,,,,,,,,,,
margin,UTEP,scientific_f5_m4,-25.977409100419436,138,0,False,False,,,,,,,,,,,
margin,Texas,scientific_f5_m5,38.74796676635742,1,25,True,True,,,,,,,,,,,
margin,Georgia,scientific_f5_m5,37.30712890625,2,24,True,False,,,,,,,,,,,
margin,Alabama,scientific_f5_m5,37.193206787109375,3,23,True,False,,,,,,,,,,,
margin,Ohio State,scientific_f5_m5,31.937191009521484,4,22,True,False,,,,,,,,,,,
margin,Oklahoma,scientific_f5_m5,29.71150016784668,5,21,True,False,,,,,,,,,,,
margin,Penn State,scientific_f5_m5,29.050310134887695,6,20,True,False,,,,,,,,,,,
margin,Arizona State,scientific_f5_m5,28.74498748779297,7,19,True,False,,,,,,,,,,,
margin,Duke,scientific_f5_m5,24.119590759277344,8,18,True,False,,,,,,,,,,,
margin,Miami,scientific_f5_m5,22.68218994140625,9,17,True,False,,,,,,,,,,,
margin,Tennessee,scientific_f5_m5,22.671751022338867,10,16,True,False,,,,,,,,,,,
margin,UCF,scientific_f5_m5,22.4218692779541,11,15,True,False,,,,,,,,,,,
margin,San Diego State,scientific_f5_m5,20.452491760253906,12,14,True,False,,,,,,,,,,,
margin,Mississippi State,scientific_f5_m5,18.74633026123047,13,13,True,False,,,,,,,,,,,
margin,Texas A&M,scientific_f5_m5,17.846750259399414,14,12,True,False,,,,,,,,,,,
margin,Michigan State,scientific_f5_m5,17.418716430664062,15,11,True,False,,,,,,,,,,,
margin,Ole Miss,scientific_f5_m5,16.862340927124023,16,10,True,False,,,,,,,,,,,
margin,Kansas,scientific_f5_m5,16.77593994140625,17,9,True,False,,,,,,,,,,,
margin,USC,scientific_f5_m5,16.586009979248047,18,8,True,False,,,,,,,,,,,
margin,LSU,scientific_f5_m5,16.470062255859375,19,7,True,False,,,,,,,,,,,
margin,Iowa,scientific_f5_m5,16.202831268310547,20,6,True,False,,,,,,,,,,,
margin,Memphis,scientific_f5_m5,16.132259368896484,21,5,True,False,,,,,,,,,,,
margin,Illinois,scientific_f5_m5,15.633827209472656,22,4,True,False,,,,,,,,,,,
margin,Notre Dame,scientific_f5_m5,15.491622924804688,23,3,True,False,,,,,,,,,,,
margin,Kansas State,scientific_f5_m5,15.384651184082031,24,2,True,False,,,,,,,,,,,
margin,Virginia Tech,scientific_f5_m5,15.0067138671875,25,1,True,False,,,,,,,,,,,
margin,Oregon,scientific_f5_m5,14.670732498168945,26,0,False,False,,,,,,,,,,,
margin,Louisiana,scientific_f5_m5,14.011397361755371,27,0,False,False,,,,,,,,,,,
margin,Iowa State,scientific_f5_m5,13.704188346862793,28,0,False,False,,,,,,,,,,,
margin,Minnesota,scientific_f5_m5,12.949289321899414,29,0,False,False,,,,,,,,,,,
margin,Houston,scientific_f5_m5,11.275493621826172,30,0,False,False,,,,,,,,,,,
margin,Arkansas,scientific_f5_m5,11.199785232543945,31,0,False,False,,,,,,,,,,,
margin,Northwestern,scientific_f5_m5,9.960323333740234,32,0,False,False,,,,,,,,,,,
margin,Utah,scientific_f5_m5,9.294464111328125,33,0,False,False,,,,,,,,,,,
margin,Navy,scientific_f5_m5,9.264968872070312,34,0,False,False,,,,,,,,,,,
margin,Air Force,scientific_f5_m5,9.207925796508789,35,0,False,False,,,,,,,,,,,
margin,Army,scientific_f5_m5,8.974658966064453,36,0,False,False,,,,,,,,,,,
margin,Baylor,scientific_f5_m5,8.672510147094727,37,0,False,False,,,,,,,,,,,
margin,Michigan,scientific_f5_m5,8.401298522949219,38,0,False,False,,,,,,,,,,,
margin,Missouri,scientific_f5_m5,8.196281433105469,39,0,False,False,,,,,,,,,,,
margin,North Carolina,scientific_f5_m5,8.030742645263672,40,0,False,False,,,,,,,,,,,
margin,UNLV,scientific_f5_m5,7.501989364624023,41,0,False,False,,,,,,,,,,,
margin,South Florida,scientific_f5_m5,7.463306427001953,42,0,False,False,,,,,,,,,,,
margin,Indiana,scientific_f5_m5,7.31749153137207,43,0,False,False,,,,,,,,,,,
margin,Nebraska,scientific_f5_m5,6.195861339569092,44,0,False,False,,,,,,,,,,,
margin,Kentucky,scientific_f5_m5,5.751864910125732,45,0,False,False,,,,,,,,,,,
margin,UCLA,scientific_f5_m5,5.576483726501465,46,0,False,False,,,,,,,,,,,
margin,Louisville,scientific_f5_m5,5.125995635986328,47,0,False,False,,,,,,,,,,,
margin,BYU,scientific_f5_m5,4.931219100952148,48,0,False,False,,,,,,,,,,,
margin,Florida State,scientific_f5_m5,4.242246627807617,49,0,False,False,,,,,,,,,,,
margin,Auburn,scientific_f5_m5,4.234916687011719,50,0,False,False,,,,,,,,,,,
margin,Temple,scientific_f5_m5,4.032799243927002,51,0,False,False,,,,,,,,,,,
margin,UConn,scientific_f5_m5,3.8869032859802246,52,0,False,False,,,,,,,,,,,
margin,Colorado,scientific_f5_m5,3.701887607574463,53,0,False,False,,,,,,,,,,,
margin,Georgia Tech,scientific_f5_m5,3.6625194549560547,54,0,False,False,,,,,,,,,,,
margin,Wake Forest,scientific_f5_m5,3.2299375534057617,55,0,False,False,,,,,,,,,,,
margin,Pittsburgh,scientific_f5_m5,3.0101470947265625,56,0,False,False,,,,,,,,,,,
margin,South Carolina,scientific_f5_m5,2.283966541290283,57,0,False,False,,,,,,,,,,,
margin,SMU,scientific_f5_m5,2.2795581817626953,58,0,False,False,,,,,,,,,,,
margin,Florida,scientific_f5_m5,1.918299674987793,59,0,False,False,,,,,,,,,,,
margin,Tulane,scientific_f5_m5,1.6279757022857666,60,0,False,False,,,,,,,,,,,
margin,Ohio,scientific_f5_m5,1.6080923080444336,61,0,False,False,,,,,,,,,,,
margin,Louisiana Tech,scientific_f5_m5,0.4592304825782776,62,0,False,False,,,,,,,,,,,
margin,Washington,scientific_f5_m5,0.333071768283844,63,0,False,False,,,,,,,,,,,
margin,Stanford,scientific_f5_m5,-0.052320659160614014,64,0,False,False,,,,,,,,,,,
margin,James Madison,scientific_f5_m5,-0.529596745967865,65,0,False,False,,,,,,,,,,,
margin,Boise State,scientific_f5_m5,-0.7354087233543396,66,0,False,False,,,,,,,,,,,
margin,Kennesaw State,scientific_f5_m5,-0.9227179884910583,67,0,False,False,,,,,,,,,,,
margin,Delaware,scientific_f5_m5,-0.9512709975242615,68,0,False,False,,,,,,,,,,,
margin,Rice,scientific_f5_m5,-0.9555482268333435,69,0,False,False,,,,,,,,,,,
margin,Washington State,scientific_f5_m5,-1.0772371292114258,70,0,False,False,,,,,,,,,,,
margin,Texas Tech,scientific_f5_m5,-1.1264591217041016,71,0,False,False,,,,,,,,,,,
margin,East Carolina,scientific_f5_m5,-1.177828311920166,72,0,False,False,,,,,,,,,,,
margin,Boston College,scientific_f5_m5,-1.5957112312316895,73,0,False,False,,,,,,,,,,,
margin,Fresno State,scientific_f5_m5,-2.037627935409546,74,0,False,False,,,,,,,,,,,
margin,Old Dominion,scientific_f5_m5,-2.3685309886932373,75,0,False,False,,,,,,,,,,,
margin,Troy,scientific_f5_m5,-2.5292577743530273,76,0,False,False,,,,,,,,,,,
margin,South Alabama,scientific_f5_m5,-2.7824225425720215,77,0,False,False,,,,,,,,,,,
margin,Coastal Carolina,scientific_f5_m5,-2.9050374031066895,78,0,False,False,,,,,,,,,,,
margin,Sacramento State,scientific_f5_m5,-2.9895505905151367,79,0,False,False,,,,,,,,,,,
margin,App State,scientific_f5_m5,-3.2648122310638428,80,0,False,False,,,,,,,,,,,
margin,Nevada,scientific_f5_m5,-3.709017276763916,81,0,False,False,,,,,,,,,,,
margin,Purdue,scientific_f5_m5,-4.8286027908325195,82,0,False,False,,,,,,,,,,,
margin,Maryland,scientific_f5_m5,-5.348835468292236,83,0,False,False,,,,,,,,,,,
margin,Jacksonville State,scientific_f5_m5,-5.431519031524658,84,0,False,False,,,,,,,,,,,
margin,Clemson,scientific_f5_m5,-5.560171127319336,85,0,False,False,,,,,,,,,,,
margin,Georgia Southern,scientific_f5_m5,-6.313685417175293,86,0,False,False,,,,,,,,,,,
margin,Syracuse,scientific_f5_m5,-6.517614841461182,87,0,False,False,,,,,,,,,,,
margin,Virginia,scientific_f5_m5,-7.360876083374023,88,0,False,False,,,,,,,,,,,
margin,TCU,scientific_f5_m5,-7.563657760620117,89,0,False,False,,,,,,,,,,,
margin,San José State,scientific_f5_m5,-10.029706954956055,90,0,False,False,,,,,,,,,,,
margin,Vanderbilt,scientific_f5_m5,-10.200125694274902,91,0,False,False,,,,,,,,,,,
margin,West Virginia,scientific_f5_m5,-10.769386291503906,92,0,False,False,,,,,,,,,,,
margin,Oklahoma State,scientific_f5_m5,-11.501832962036133,93,0,False,False,,,,,,,,,,,
margin,Arizona,scientific_f5_m5,-12.99377155303955,94,0,False,False,,,,,,,,,,,
margin,Sam Houston,scientific_f5_m5,-13.138320922851562,95,0,False,False,,,,,,,,,,,
margin,Rutgers,scientific_f5_m5,-13.34607982635498,96,0,False,False,,,,,,,,,,,
margin,Texas State,scientific_f5_m5,-13.958850860595703,97,0,False,False,,,,,,,,,,,
margin,Eastern Michigan,scientific_f5_m5,-14.119210243225098,98,0,False,False,,,,,,,,,,,
margin,Liberty,scientific_f5_m5,-14.150344848632812,99,0,False,False,,,,,,,,,,,
margin,California,scientific_f5_m5,-14.227677345275879,100,0,False,False,,,,,,,,,,,
margin,Cincinnati,scientific_f5_m5,-14.94528579711914,101,0,False,False,,,,,,,,,,,
margin,Massachusetts,scientific_f5_m5,-15.245438575744629,102,0,False,False,,,,,,,,,,,
margin,Florida International,scientific_f5_m5,-15.525659561157227,103,0,False,False,,,,,,,,,,,
margin,Ball State,scientific_f5_m5,-15.652090072631836,104,0,False,False,,,,,,,,,,,
margin,Colorado State,scientific_f5_m5,-16.413265228271484,105,0,False,False,,,,,,,,,,,
margin,Oregon State,scientific_f5_m5,-16.747812271118164,106,0,False,False,,,,,,,,,,,
margin,Missouri State,scientific_f5_m5,-17.156448364257812,107,0,False,False,,,,,,,,,,,
margin,New Mexico State,scientific_f5_m5,-17.56983757019043,108,0,False,False,,,,,,,,,,,
margin,Miami (OH),scientific_f5_m5,-17.707538604736328,109,0,False,False,,,,,,,,,,,
margin,Tulsa,scientific_f5_m5,-18.369731903076172,110,0,False,False,,,,,,,,,,,
margin,Middle Tennessee,scientific_f5_m5,-18.490880966186523,111,0,False,False,,,,,,,,,,,
margin,North Dakota State,scientific_f5_m5,-19.570629119873047,112,0,False,False,,,,,,,,,,,
margin,UTSA,scientific_f5_m5,-19.751598358154297,113,0,False,False,,,,,,,,,,,
margin,Toledo,scientific_f5_m5,-20.574188232421875,114,0,False,False,,,,,,,,,,,
margin,Marshall,scientific_f5_m5,-20.984840393066406,115,0,False,False,,,,,,,,,,,
margin,Georgia State,scientific_f5_m5,-21.436359405517578,116,0,False,False,,,,,,,,,,,
margin,UTEP,scientific_f5_m5,-21.685407638549805,117,0,False,False,,,,,,,,,,,
margin,Western Michigan,scientific_f5_m5,-21.7221622467041,118,0,False,False,,,,,,,,,,,
margin,UL Monroe,scientific_f5_m5,-21.834270477294922,119,0,False,False,,,,,,,,,,,
margin,Florida Atlantic,scientific_f5_m5,-22.771778106689453,120,0,False,False,,,,,,,,,,,
margin,Central Michigan,scientific_f5_m5,-23.7105712890625,121,0,False,False,,,,,,,,,,,
margin,Northern Illinois,scientific_f5_m5,-24.037513732910156,122,0,False,False,,,,,,,,,,,
margin,UAB,scientific_f5_m5,-24.51174545288086,123,0,False,False,,,,,,,,,,,
margin,Buffalo,scientific_f5_m5,-24.673858642578125,124,0,False,False,,,,,,,,,,,
margin,Charlotte,scientific_f5_m5,-24.73084831237793,125,0,False,False,,,,,,,,,,,
margin,Wisconsin,scientific_f5_m5,-26.37288475036621,126,0,False,False,,,,,,,,,,,
margin,NC State,scientific_f5_m5,-26.80329132080078,127,0,False,False,,,,,,,,,,,
margin,Arkansas State,scientific_f5_m5,-28.862010955810547,128,0,False,False,,,,,,,,,,,
margin,Hawai'i,scientific_f5_m5,-29.060367584228516,129,0,False,False,,,,,,,,,,,
margin,Western Kentucky,scientific_f5_m5,-29.08212661743164,130,0,False,False,,,,,,,,,,,
margin,North Texas,scientific_f5_m5,-29.629541397094727,131,0,False,False,,,,,,,,,,,
margin,Wyoming,scientific_f5_m5,-29.995895385742188,132,0,False,False,,,,,,,,,,,
margin,New Mexico,scientific_f5_m5,-30.015621185302734,133,0,False,False,,,,,,,,,,,
margin,Kent State,scientific_f5_m5,-30.23236083984375,134,0,False,False,,,,,,,,,,,
margin,Utah State,scientific_f5_m5,-30.31847381591797,135,0,False,False,,,,,,,,,,,
margin,Bowling Green,scientific_f5_m5,-31.3626651763916,136,0,False,False,,,,,,,,,,,
margin,Southern Miss,scientific_f5_m5,-31.845420837402344,137,0,False,False,,,,,,,,,,,
margin,Akron,scientific_f5_m5,-33.820743560791016,138,0,False,False,,,,,,,,,,,
margin,Georgia,scientific_f5_m10,30.35,1,25,True,True,,,,,,,,,,,
margin,Ohio State,scientific_f5_m10,27.65,2,24,True,False,,,,,,,,,,,
margin,LSU,scientific_f5_m10,25.2,3,23,True,False,,,,,,,,,,,
margin,Oklahoma,scientific_f5_m10,25.0,4,22,True,False,,,,,,,,,,,
margin,Texas A&M,scientific_f5_m10,23.55,5,21,True,False,,,,,,,,,,,
margin,South Carolina,scientific_f5_m10,22.5,6,20,True,False,,,,,,,,,,,
margin,Missouri,scientific_f5_m10,22.0,7,19,True,False,,,,,,,,,,,
margin,UConn,scientific_f5_m10,21.65,8,18,True,False,,,,,,,,,,,
margin,Oregon,scientific_f5_m10,21.2,9,17,True,False,,,,,,,,,,,
margin,Arizona State,scientific_f5_m10,21.0,10,16,True,False,,,,,,,,,,,
margin,Tennessee,scientific_f5_m10,20.85,11,15,True,False,,,,,,,,,,,
margin,Mississippi State,scientific_f5_m10,20.55,12,14,True,False,,,,,,,,,,,
margin,Kansas State,scientific_f5_m10,20.45,13,13,True,False,,,,,,,,,,,
margin,Virginia Tech,scientific_f5_m10,20.4,14,12,True,False,,,,,,,,,,,
margin,Louisiana Tech,scientific_f5_m10,20.1,15,11,True,False,,,,,,,,,,,
margin,Penn State,scientific_f5_m10,19.85,16,10,True,False,,,,,,,,,,,
margin,Arizona,scientific_f5_m10,19.8,17,9,True,False,,,,,,,,,,,
margin,UCF,scientific_f5_m10,19.5,18,8,True,False,,,,,,,,,,,
margin,Maryland,scientific_f5_m10,19.45,19,7,True,False,,,,,,,,,,,
margin,App State,scientific_f5_m10,18.7,20,6,True,False,,,,,,,,,,,
margin,USC,scientific_f5_m10,18.65,21,5,True,False,,,,,,,,,,,
margin,Ole Miss,scientific_f5_m10,18.35,22,4,True,False,,,,,,,,,,,
margin,Indiana,scientific_f5_m10,17.9,23,3,True,False,,,,,,,,,,,
margin,Florida,scientific_f5_m10,16.95,24,2,True,False,,,,,,,,,,,
margin,Michigan,scientific_f5_m10,16.95,25,1,True,False,,,,,,,,,,,
margin,Purdue,scientific_f5_m10,16.9,26,0,False,False,,,,,,,,,,,
margin,Miami,scientific_f5_m10,16.8,27,0,False,False,,,,,,,,,,,
margin,Kansas,scientific_f5_m10,16.75,28,0,False,False,,,,,,,,,,,
margin,Texas,scientific_f5_m10,16.2,29,0,False,False,,,,,,,,,,,
margin,Florida State,scientific_f5_m10,15.6,30,0,False,False,,,,,,,,,,,
margin,Utah,scientific_f5_m10,15.55,31,0,False,False,,,,,,,,,,,
margin,Notre Dame,scientific_f5_m10,14.95,32,0,False,False,,,,,,,,,,,
margin,Iowa,scientific_f5_m10,14.65,33,0,False,False,,,,,,,,,,,
margin,Syracuse,scientific_f5_m10,14.4,34,0,False,False,,,,,,,,,,,
margin,Alabama,scientific_f5_m10,14.25,35,0,False,False,,,,,,,,,,,
margin,UTSA,scientific_f5_m10,14.05,36,0,False,False,,,,,,,,,,,
margin,Kentucky,scientific_f5_m10,13.75,37,0,False,False,,,,,,,,,,,
margin,Minnesota,scientific_f5_m10,13.5,38,0,False,False,,,,,,,,,,,
margin,Illinois,scientific_f5_m10,12.7,39,0,False,False,,,,,,,,,,,
margin,Georgia State,scientific_f5_m10,12.65,40,0,False,False,,,,,,,,,,,
margin,Nebraska,scientific_f5_m10,12.25,41,0,False,False,,,,,,,,,,,
margin,BYU,scientific_f5_m10,12.0,42,0,False,False,,,,,,,,,,,
margin,Pittsburgh,scientific_f5_m10,11.75,43,0,False,False,,,,,,,,,,,
margin,Virginia,scientific_f5_m10,10.9,44,0,False,False,,,,,,,,,,,
margin,Army,scientific_f5_m10,10.65,45,0,False,False,,,,,,,,,,,
margin,Louisville,scientific_f5_m10,10.4,46,0,False,False,,,,,,,,,,,
margin,UNLV,scientific_f5_m10,9.7,47,0,False,False,,,,,,,,,,,
margin,UCLA,scientific_f5_m10,9.6,48,0,False,False,,,,,,,,,,,
margin,Georgia Southern,scientific_f5_m10,8.95,49,0,False,False,,,,,,,,,,,
margin,Air Force,scientific_f5_m10,8.2,50,0,False,False,,,,,,,,,,,
margin,SMU,scientific_f5_m10,8.2,51,0,False,False,,,,,,,,,,,
margin,Memphis,scientific_f5_m10,8.1,52,0,False,False,,,,,,,,,,,
margin,Duke,scientific_f5_m10,7.8,53,0,False,False,,,,,,,,,,,
margin,Texas Tech,scientific_f5_m10,7.45,54,0,False,False,,,,,,,,,,,
margin,Washington,scientific_f5_m10,7.35,55,0,False,False,,,,,,,,,,,
margin,Southern Miss,scientific_f5_m10,6.85,56,0,False,False,,,,,,,,,,,
margin,Houston,scientific_f5_m10,6.8,57,0,False,False,,,,,,,,,,,
margin,Arkansas,scientific_f5_m10,6.55,58,0,False,False,,,,,,,,,,,
margin,Rice,scientific_f5_m10,6.35,59,0,False,False,,,,,,,,,,,
margin,Wake Forest,scientific_f5_m10,6.05,60,0,False,False,,,,,,,,,,,
margin,Stanford,scientific_f5_m10,5.6,61,0,False,False,,,,,,,,,,,
margin,Kennesaw State,scientific_f5_m10,5.5,62,0,False,False,,,,,,,,,,,
margin,Cincinnati,scientific_f5_m10,5.475,63,0,False,False,,,,,,,,,,,
margin,West Virginia,scientific_f5_m10,5.4,64,0,False,False,,,,,,,,,,,
margin,TCU,scientific_f5_m10,5.1,65,0,False,False,,,,,,,,,,,
margin,New Mexico,scientific_f5_m10,5.05,66,0,False,False,,,,,,,,,,,
margin,Iowa State,scientific_f5_m10,3.9,67,0,False,False,,,,,,,,,,,
margin,Michigan State,scientific_f5_m10,3.9,68,0,False,False,,,,,,,,,,,
margin,Georgia Tech,scientific_f5_m10,3.75,69,0,False,False,,,,,,,,,,,
margin,Colorado State,scientific_f5_m10,3.2,70,0,False,False,,,,,,,,,,,
margin,San Diego State,scientific_f5_m10,2.55,71,0,False,False,,,,,,,,,,,
margin,Boston College,scientific_f5_m10,2.35,72,0,False,False,,,,,,,,,,,
margin,Nevada,scientific_f5_m10,2.35,73,0,False,False,,,,,,,,,,,
margin,Baylor,scientific_f5_m10,1.95,74,0,False,False,,,,,,,,,,,
margin,Liberty,scientific_f5_m10,1.275,75,0,False,False,,,,,,,,,,,
margin,Vanderbilt,scientific_f5_m10,1.15,76,0,False,False,,,,,,,,,,,
margin,Navy,scientific_f5_m10,0.8,77,0,False,False,,,,,,,,,,,
margin,San José State,scientific_f5_m10,0.7,78,0,False,False,,,,,,,,,,,
margin,James Madison,scientific_f5_m10,0.4,79,0,False,False,,,,,,,,,,,
margin,Delaware,scientific_f5_m10,0.15,80,0,False,False,,,,,,,,,,,
margin,South Florida,scientific_f5_m10,-0.45,81,0,False,False,,,,,,,,,,,
margin,North Carolina,scientific_f5_m10,-0.6,82,0,False,False,,,,,,,,,,,
margin,Utah State,scientific_f5_m10,-1.125,83,0,False,False,,,,,,,,,,,
margin,Auburn,scientific_f5_m10,-1.35,84,0,False,False,,,,,,,,,,,
margin,Tulane,scientific_f5_m10,-1.45,85,0,False,False,,,,,,,,,,,
margin,Louisiana,scientific_f5_m10,-1.85,86,0,False,False,,,,,,,,,,,
margin,Wisconsin,scientific_f5_m10,-1.85,87,0,False,False,,,,,,,,,,,
margin,Colorado,scientific_f5_m10,-2.1,88,0,False,False,,,,,,,,,,,
margin,Florida International,scientific_f5_m10,-2.3,89,0,False,False,,,,,,,,,,,
margin,Tulsa,scientific_f5_m10,-3.05,90,0,False,False,,,,,,,,,,,
margin,Boise State,scientific_f5_m10,-3.1,91,0,False,False,,,,,,,,,,,
margin,Toledo,scientific_f5_m10,-3.2,92,0,False,False,,,,,,,,,,,
margin,Eastern Michigan,scientific_f5_m10,-3.25,93,0,False,False,,,,,,,,,,,
margin,Northwestern,scientific_f5_m10,-3.3,94,0,False,False,,,,,,,,,,,
margin,South Alabama,scientific_f5_m10,-3.35,95,0,False,False,,,,,,,,,,,
margin,Coastal Carolina,scientific_f5_m10,-4.0,96,0,False,False,,,,,,,,,,,
margin,Washington State,scientific_f5_m10,-4.6,97,0,False,False,,,,,,,,,,,
margin,Middle Tennessee,scientific_f5_m10,-5.1,98,0,False,False,,,,,,,,,,,
margin,Jacksonville State,scientific_f5_m10,-5.4,99,0,False,False,,,,,,,,,,,
margin,New Mexico State,scientific_f5_m10,-5.425,100,0,False,False,,,,,,,,,,,
margin,UAB,scientific_f5_m10,-5.825,101,0,False,False,,,,,,,,,,,
margin,Sam Houston,scientific_f5_m10,-6.0,102,0,False,False,,,,,,,,,,,
margin,Sacramento State,scientific_f5_m10,-6.075,103,0,False,False,,,,,,,,,,,
margin,Troy,scientific_f5_m10,-7.15,104,0,False,False,,,,,,,,,,,
margin,Buffalo,scientific_f5_m10,-7.6,105,0,False,False,,,,,,,,,,,
margin,Temple,scientific_f5_m10,-7.65,106,0,False,False,,,,,,,,,,,
margin,Rutgers,scientific_f5_m10,-7.9,107,0,False,False,,,,,,,,,,,
margin,Bowling Green,scientific_f5_m10,-9.25,108,0,False,False,,,,,,,,,,,
margin,Massachusetts,scientific_f5_m10,-9.35,109,0,False,False,,,,,,,,,,,
margin,Old Dominion,scientific_f5_m10,-9.5,110,0,False,False,,,,,,,,,,,
margin,Western Michigan,scientific_f5_m10,-9.6,111,0,False,False,,,,,,,,,,,
margin,East Carolina,scientific_f5_m10,-10.7,112,0,False,False,,,,,,,,,,,
margin,Oklahoma State,scientific_f5_m10,-11.0,113,0,False,False,,,,,,,,,,,
margin,Charlotte,scientific_f5_m10,-11.4,114,0,False,False,,,,,,,,,,,
margin,North Dakota State,scientific_f5_m10,-11.6,115,0,False,False,,,,,,,,,,,
margin,Hawai'i,scientific_f5_m10,-11.8,116,0,False,False,,,,,,,,,,,
margin,NC State,scientific_f5_m10,-12.15,117,0,False,False,,,,,,,,,,,
margin,Marshall,scientific_f5_m10,-14.05,118,0,False,False,,,,,,,,,,,
margin,North Texas,scientific_f5_m10,-15.2,119,0,False,False,,,,,,,,,,,
margin,Clemson,scientific_f5_m10,-15.6,120,0,False,False,,,,,,,,,,,
margin,Fresno State,scientific_f5_m10,-17.05,121,0,False,False,,,,,,,,,,,
margin,Oregon State,scientific_f5_m10,-17.5,122,0,False,False,,,,,,,,,,,
margin,Akron,scientific_f5_m10,-17.6,123,0,False,False,,,,,,,,,,,
margin,Wyoming,scientific_f5_m10,-17.8,124,0,False,False,,,,,,,,,,,
margin,Northern Illinois,scientific_f5_m10,-18.55,125,0,False,False,,,,,,,,,,,
margin,Arkansas State,scientific_f5_m10,-18.6,126,0,False,False,,,,,,,,,,,
margin,California,scientific_f5_m10,-18.8,127,0,False,False,,,,,,,,,,,
margin,UL Monroe,scientific_f5_m10,-19.7,128,0,False,False,,,,,,,,,,,
margin,Texas State,scientific_f5_m10,-20.45,129,0,False,False,,,,,,,,,,,
margin,Ohio,scientific_f5_m10,-20.65,130,0,False,False,,,,,,,,,,,
margin,Miami (OH),scientific_f5_m10,-21.0,131,0,False,False,,,,,,,,,,,
margin,Western Kentucky,scientific_f5_m10,-21.5,132,0,False,False,,,,,,,,,,,
margin,Missouri State,scientific_f5_m10,-22.35,133,0,False,False,,,,,,,,,,,
margin,Ball State,scientific_f5_m10,-22.6,134,0,False,False,,,,,,,,,,,
margin,Florida Atlantic,scientific_f5_m10,-22.6,135,0,False,False,,,,,,,,,,,
margin,Central Michigan,scientific_f5_m10,-22.65,136,0,False,False,,,,,,,,,,,
margin,UTEP,scientific_f5_m10,-23.65,137,0,False,False,,,,,,,,,,,
margin,Kent State,scientific_f5_m10,-26.4,138,0,False,False,,,,,,,,,,,
margin,Ohio State,scientific_f6_m1,38.613686558107005,1,25,True,True,,,,,,,,,,,
margin,Georgia,scientific_f6_m1,37.48667932347764,2,24,True,False,,,,,,,,,,,
margin,Texas,scientific_f6_m1,33.34245723447527,3,23,True,False,,,,,,,,,,,
margin,Texas A&M,scientific_f6_m1,28.524079587973148,4,22,True,False,,,,,,,,,,,
margin,Alabama,scientific_f6_m1,27.839700172670113,5,21,True,False,,,,,,,,,,,
margin,Oklahoma,scientific_f6_m1,27.34651438557495,6,20,True,False,,,,,,,,,,,
margin,Virginia Tech,scientific_f6_m1,25.907130935189368,7,19,True,False,,,,,,,,,,,
margin,Kansas State,scientific_f6_m1,25.784572752947174,8,18,True,False,,,,,,,,,,,
margin,Tennessee,scientific_f6_m1,25.610928373613394,9,17,True,False,,,,,,,,,,,
margin,BYU,scientific_f6_m1,25.128412701506928,10,16,True,False,,,,,,,,,,,
margin,LSU,scientific_f6_m1,24.980869080490226,11,15,True,False,,,,,,,,,,,
margin,South Carolina,scientific_f6_m1,23.814441796854318,12,14,True,False,,,,,,,,,,,
margin,Oregon,scientific_f6_m1,23.2572477746626,13,13,True,False,,,,,,,,,,,
margin,Notre Dame,scientific_f6_m1,21.56678617863235,14,12,True,False,,,,,,,,,,,
margin,Minnesota,scientific_f6_m1,21.35091330115678,15,11,True,False,,,,,,,,,,,
margin,Arizona State,scientific_f6_m1,20.427347149446167,16,10,True,False,,,,,,,,,,,
margin,Missouri,scientific_f6_m1,20.375252529618606,17,9,True,False,,,,,,,,,,,
margin,Utah,scientific_f6_m1,19.879613505975694,18,8,True,False,,,,,,,,,,,
margin,UCF,scientific_f6_m1,19.35564131887434,19,7,True,False,,,,,,,,,,,
margin,Michigan,scientific_f6_m1,19.346111859615437,20,6,True,False,,,,,,,,,,,
margin,Florida,scientific_f6_m1,19.25802698634413,21,5,True,False,,,,,,,,,,,
margin,Iowa,scientific_f6_m1,19.242674088067847,22,4,True,False,,,,,,,,,,,
margin,USC,scientific_f6_m1,17.889573475316165,23,3,True,False,,,,,,,,,,,
margin,Mississippi State,scientific_f6_m1,17.618216908883028,24,2,True,False,,,,,,,,,,,
margin,Pittsburgh,scientific_f6_m1,17.501596557218125,25,1,True,False,,,,,,,,,,,
margin,Miami,scientific_f6_m1,17.24548199889655,26,0,False,False,,,,,,,,,,,
margin,Penn State,scientific_f6_m1,17.225523318273257,27,0,False,False,,,,,,,,,,,
margin,Kansas,scientific_f6_m1,16.542167102512277,28,0,False,False,,,,,,,,,,,
margin,Arizona,scientific_f6_m1,16.10905364033129,29,0,False,False,,,,,,,,,,,
margin,Indiana,scientific_f6_m1,15.282730070495685,30,0,False,False,,,,,,,,,,,
margin,Texas Tech,scientific_f6_m1,15.157499080791709,31,0,False,False,,,,,,,,,,,
margin,Kentucky,scientific_f6_m1,14.86905723486057,32,0,False,False,,,,,,,,,,,
margin,Maryland,scientific_f6_m1,14.551147083354355,33,0,False,False,,,,,,,,,,,
margin,Syracuse,scientific_f6_m1,14.498385767626985,34,0,False,False,,,,,,,,,,,
margin,UCLA,scientific_f6_m1,14.368527062289207,35,0,False,False,,,,,,,,,,,
margin,Ole Miss,scientific_f6_m1,13.496177456671038,36,0,False,False,,,,,,,,,,,
margin,App State,scientific_f6_m1,13.261714162347989,37,0,False,False,,,,,,,,,,,
margin,Louisiana Tech,scientific_f6_m1,13.157456974621674,38,0,False,False,,,,,,,,,,,
margin,Army,scientific_f6_m1,13.034405271459637,39,0,False,False,,,,,,,,,,,
margin,Washington,scientific_f6_m1,12.710304975338829,40,0,False,False,,,,,,,,,,,
margin,Northwestern,scientific_f6_m1,12.198024525158186,41,0,False,False,,,,,,,,,,,
margin,SMU,scientific_f6_m1,12.045165599549383,42,0,False,False,,,,,,,,,,,
margin,Illinois,scientific_f6_m1,11.998456931750898,43,0,False,False,,,,,,,,,,,
margin,Nebraska,scientific_f6_m1,11.84856209618524,44,0,False,False,,,,,,,,,,,
margin,UConn,scientific_f6_m1,11.694922001779046,45,0,False,False,,,,,,,,,,,
margin,Georgia Southern,scientific_f6_m1,11.174491610769476,46,0,False,False,,,,,,,,,,,
margin,Louisiana,scientific_f6_m1,11.025268746461695,47,0,False,False,,,,,,,,,,,
margin,Iowa State,scientific_f6_m1,10.610904100138727,48,0,False,False,,,,,,,,,,,
margin,Memphis,scientific_f6_m1,10.437527670316491,49,0,False,False,,,,,,,,,,,
margin,Southern Miss,scientific_f6_m1,10.093371048901368,50,0,False,False,,,,,,,,,,,
margin,Duke,scientific_f6_m1,9.91379350946425,51,0,False,False,,,,,,,,,,,
margin,UTSA,scientific_f6_m1,9.896384662301912,52,0,False,False,,,,,,,,,,,
margin,Jacksonville State,scientific_f6_m1,9.222776932478991,53,0,False,False,,,,,,,,,,,
margin,Vanderbilt,scientific_f6_m1,8.304647174505002,54,0,False,False,,,,,,,,,,,
margin,Florida State,scientific_f6_m1,8.304577548585392,55,0,False,False,,,,,,,,,,,
margin,Sacramento State,scientific_f6_m1,7.733781698310213,56,0,False,False,,,,,,,,,,,
margin,Georgia Tech,scientific_f6_m1,7.326290015031697,57,0,False,False,,,,,,,,,,,
margin,North Carolina,scientific_f6_m1,7.153594814858728,58,0,False,False,,,,,,,,,,,
margin,Purdue,scientific_f6_m1,6.909086783079651,59,0,False,False,,,,,,,,,,,
margin,Kennesaw State,scientific_f6_m1,6.112585241611088,60,0,False,False,,,,,,,,,,,
margin,Boise State,scientific_f6_m1,5.950198799457924,61,0,False,False,,,,,,,,,,,
margin,San Diego State,scientific_f6_m1,5.568270301626738,62,0,False,False,,,,,,,,,,,
margin,Auburn,scientific_f6_m1,5.338722443318108,63,0,False,False,,,,,,,,,,,
margin,Virginia,scientific_f6_m1,5.241953309510205,64,0,False,False,,,,,,,,,,,
margin,Delaware,scientific_f6_m1,4.8570321573941335,65,0,False,False,,,,,,,,,,,
margin,New Mexico,scientific_f6_m1,4.631125401737305,66,0,False,False,,,,,,,,,,,
margin,Arkansas,scientific_f6_m1,4.430281976152265,67,0,False,False,,,,,,,,,,,
margin,Wake Forest,scientific_f6_m1,3.8373512870347106,68,0,False,False,,,,,,,,,,,
margin,Houston,scientific_f6_m1,3.634645555471648,69,0,False,False,,,,,,,,,,,
margin,Georgia State,scientific_f6_m1,3.545335368891438,70,0,False,False,,,,,,,,,,,
margin,Louisville,scientific_f6_m1,3.526069336072587,71,0,False,False,,,,,,,,,,,
margin,Temple,scientific_f6_m1,3.5171194059134443,72,0,False,False,,,,,,,,,,,
margin,South Florida,scientific_f6_m1,3.1579117449786756,73,0,False,False,,,,,,,,,,,
margin,North Dakota State,scientific_f6_m1,3.1318608364224896,74,0,False,False,,,,,,,,,,,
margin,Baylor,scientific_f6_m1,2.3988537575425206,75,0,False,False,,,,,,,,,,,
margin,Rice,scientific_f6_m1,2.2488944516071867,76,0,False,False,,,,,,,,,,,
margin,Michigan State,scientific_f6_m1,1.5208335960830794,77,0,False,False,,,,,,,,,,,
margin,Air Force,scientific_f6_m1,1.2133308210009326,78,0,False,False,,,,,,,,,,,
margin,Washington State,scientific_f6_m1,1.14564698414115,79,0,False,False,,,,,,,,,,,
margin,South Alabama,scientific_f6_m1,1.0788309297776846,80,0,False,False,,,,,,,,,,,
margin,UNLV,scientific_f6_m1,1.0373318271684502,81,0,False,False,,,,,,,,,,,
margin,James Madison,scientific_f6_m1,1.006941197054466,82,0,False,False,,,,,,,,,,,
margin,Cincinnati,scientific_f6_m1,0.8029008934246362,83,0,False,False,,,,,,,,,,,
margin,West Virginia,scientific_f6_m1,-0.6070476246109875,84,0,False,False,,,,,,,,,,,
margin,Old Dominion,scientific_f6_m1,-0.965363124390965,85,0,False,False,,,,,,,,,,,
margin,Nevada,scientific_f6_m1,-0.9725495462200593,86,0,False,False,,,,,,,,,,,
margin,Stanford,scientific_f6_m1,-1.1388305143197401,87,0,False,False,,,,,,,,,,,
margin,New Mexico State,scientific_f6_m1,-1.1490137176768451,88,0,False,False,,,,,,,,,,,
margin,Colorado,scientific_f6_m1,-1.3446781665026188,89,0,False,False,,,,,,,,,,,
margin,Navy,scientific_f6_m1,-1.769019117002534,90,0,False,False,,,,,,,,,,,
margin,Middle Tennessee,scientific_f6_m1,-2.652142627065057,91,0,False,False,,,,,,,,,,,
margin,TCU,scientific_f6_m1,-2.688301509373063,92,0,False,False,,,,,,,,,,,
margin,Colorado State,scientific_f6_m1,-3.1134473021618785,93,0,False,False,,,,,,,,,,,
margin,Oklahoma State,scientific_f6_m1,-4.073446993382945,94,0,False,False,,,,,,,,,,,
margin,Tulsa,scientific_f6_m1,-4.120161528451177,95,0,False,False,,,,,,,,,,,
margin,Tulane,scientific_f6_m1,-4.3610465790032285,96,0,False,False,,,,,,,,,,,
margin,Clemson,scientific_f6_m1,-4.5519778478435535,97,0,False,False,,,,,,,,,,,
margin,Oregon State,scientific_f6_m1,-4.8910793257755865,98,0,False,False,,,,,,,,,,,
margin,Western Michigan,scientific_f6_m1,-5.185445174906454,99,0,False,False,,,,,,,,,,,
margin,Liberty,scientific_f6_m1,-5.346597862962015,100,0,False,False,,,,,,,,,,,
margin,Eastern Michigan,scientific_f6_m1,-5.359911829878489,101,0,False,False,,,,,,,,,,,
margin,Boston College,scientific_f6_m1,-6.068268076755589,102,0,False,False,,,,,,,,,,,
margin,NC State,scientific_f6_m1,-6.8745418514886305,103,0,False,False,,,,,,,,,,,
margin,Utah State,scientific_f6_m1,-6.967261770910594,104,0,False,False,,,,,,,,,,,
margin,Western Kentucky,scientific_f6_m1,-7.032048511970637,105,0,False,False,,,,,,,,,,,
margin,Troy,scientific_f6_m1,-7.1428638691557635,106,0,False,False,,,,,,,,,,,
margin,Wisconsin,scientific_f6_m1,-7.81476397397921,107,0,False,False,,,,,,,,,,,
margin,Ohio,scientific_f6_m1,-8.045093118152792,108,0,False,False,,,,,,,,,,,
margin,Florida International,scientific_f6_m1,-8.408838422989884,109,0,False,False,,,,,,,,,,,
margin,Coastal Carolina,scientific_f6_m1,-8.657095258668488,110,0,False,False,,,,,,,,,,,
margin,Toledo,scientific_f6_m1,-8.76001642528571,111,0,False,False,,,,,,,,,,,
margin,California,scientific_f6_m1,-8.86633615821243,112,0,False,False,,,,,,,,,,,
margin,Charlotte,scientific_f6_m1,-8.967395535191084,113,0,False,False,,,,,,,,,,,
margin,Texas State,scientific_f6_m1,-9.424492039595439,114,0,False,False,,,,,,,,,,,
margin,Rutgers,scientific_f6_m1,-9.753971742306558,115,0,False,False,,,,,,,,,,,
margin,East Carolina,scientific_f6_m1,-10.61471472951337,116,0,False,False,,,,,,,,,,,
margin,Arkansas State,scientific_f6_m1,-10.618558266133132,117,0,False,False,,,,,,,,,,,
margin,UAB,scientific_f6_m1,-10.965155594578672,118,0,False,False,,,,,,,,,,,
margin,North Texas,scientific_f6_m1,-10.991742900054039,119,0,False,False,,,,,,,,,,,
margin,Bowling Green,scientific_f6_m1,-11.086103753704283,120,0,False,False,,,,,,,,,,,
margin,Sam Houston,scientific_f6_m1,-11.11640457535049,121,0,False,False,,,,,,,,,,,
margin,Buffalo,scientific_f6_m1,-12.142051566430265,122,0,False,False,,,,,,,,,,,
margin,Fresno State,scientific_f6_m1,-12.283245995100671,123,0,False,False,,,,,,,,,,,
margin,San José State,scientific_f6_m1,-13.074342708654559,124,0,False,False,,,,,,,,,,,
margin,Akron,scientific_f6_m1,-13.342308692305462,125,0,False,False,,,,,,,,,,,
margin,Hawai'i,scientific_f6_m1,-13.415221552389248,126,0,False,False,,,,,,,,,,,
margin,Massachusetts,scientific_f6_m1,-14.827272280887769,127,0,False,False,,,,,,,,,,,
margin,Florida Atlantic,scientific_f6_m1,-15.996449462109979,128,0,False,False,,,,,,,,,,,
margin,Marshall,scientific_f6_m1,-16.169991531779615,129,0,False,False,,,,,,,,,,,
margin,Wyoming,scientific_f6_m1,-17.51410424930931,130,0,False,False,,,,,,,,,,,
margin,Central Michigan,scientific_f6_m1,-18.416319804840597,131,0,False,False,,,,,,,,,,,
margin,Miami (OH),scientific_f6_m1,-20.99931523478711,132,0,False,False,,,,,,,,,,,
margin,Northern Illinois,scientific_f6_m1,-23.390669261749885,133,0,False,False,,,,,,,,,,,
margin,Missouri State,scientific_f6_m1,-23.696139129076077,134,0,False,False,,,,,,,,,,,
margin,UL Monroe,scientific_f6_m1,-27.336355417554557,135,0,False,False,,,,,,,,,,,
margin,Ball State,scientific_f6_m1,-27.52941496991877,136,0,False,False,,,,,,,,,,,
margin,UTEP,scientific_f6_m1,-28.70838420832731,137,0,False,False,,,,,,,,,,,
margin,Kent State,scientific_f6_m1,-33.296005723088655,138,0,False,False,,,,,,,,,,,
margin,Georgia,scientific_f6_m2,34.21759756676186,1,25,True,True,,,,,,,,,,,
margin,Ohio State,scientific_f6_m2,33.78455325065512,2,24,True,False,,,,,,,,,,,
margin,Texas A&M,scientific_f6_m2,28.808343031327368,3,23,True,False,,,,,,,,,,,
margin,LSU,scientific_f6_m2,28.024359785868384,4,22,True,False,,,,,,,,,,,
margin,Texas,scientific_f6_m2,25.96128236551846,5,21,True,False,,,,,,,,,,,
margin,Alabama,scientific_f6_m2,25.54830531341693,6,20,True,False,,,,,,,,,,,
margin,South Carolina,scientific_f6_m2,25.437044660159007,7,19,True,False,,,,,,,,,,,
margin,Tennessee,scientific_f6_m2,25.308519704370788,8,18,True,False,,,,,,,,,,,
margin,Kansas State,scientific_f6_m2,24.954199871030905,9,17,True,False,,,,,,,,,,,
margin,BYU,scientific_f6_m2,24.637211921026676,10,16,True,False,,,,,,,,,,,
margin,Oklahoma,scientific_f6_m2,24.458663656446607,11,15,True,False,,,,,,,,,,,
margin,Utah,scientific_f6_m2,23.427609256623875,12,14,True,False,,,,,,,,,,,
margin,Oregon,scientific_f6_m2,22.6971193824377,13,13,True,False,,,,,,,,,,,
margin,USC,scientific_f6_m2,22.47340805730353,14,12,True,False,,,,,,,,,,,
margin,Missouri,scientific_f6_m2,22.20610472521072,15,11,True,False,,,,,,,,,,,
margin,Iowa,scientific_f6_m2,21.258889045884878,16,10,True,False,,,,,,,,,,,
margin,Virginia Tech,scientific_f6_m2,20.7098587787612,17,9,True,False,,,,,,,,,,,
margin,Arizona State,scientific_f6_m2,20.536660702173887,18,8,True,False,,,,,,,,,,,
margin,Mississippi State,scientific_f6_m2,20.405615637207536,19,7,True,False,,,,,,,,,,,
margin,Pittsburgh,scientific_f6_m2,20.265395919595097,20,6,True,False,,,,,,,,,,,
margin,Florida,scientific_f6_m2,20.096076027909415,21,5,True,False,,,,,,,,,,,
margin,Minnesota,scientific_f6_m2,20.08935041165896,22,4,True,False,,,,,,,,,,,
margin,Notre Dame,scientific_f6_m2,19.470242540187037,23,3,True,False,,,,,,,,,,,
margin,UCF,scientific_f6_m2,19.236820896771704,24,2,True,False,,,,,,,,,,,
margin,Penn State,scientific_f6_m2,18.945312802317698,25,1,True,False,,,,,,,,,,,
margin,Miami,scientific_f6_m2,18.623451611468653,26,0,False,False,,,,,,,,,,,
margin,Michigan,scientific_f6_m2,18.433268229497035,27,0,False,False,,,,,,,,,,,
margin,Kansas,scientific_f6_m2,18.329708001135945,28,0,False,False,,,,,,,,,,,
margin,Texas Tech,scientific_f6_m2,17.93694268881474,29,0,False,False,,,,,,,,,,,
margin,Indiana,scientific_f6_m2,17.386586612984154,30,0,False,False,,,,,,,,,,,
margin,Maryland,scientific_f6_m2,17.048750091396922,31,0,False,False,,,,,,,,,,,
margin,Kentucky,scientific_f6_m2,16.87093688710766,32,0,False,False,,,,,,,,,,,
margin,UCLA,scientific_f6_m2,16.682177247423716,33,0,False,False,,,,,,,,,,,
margin,Arizona,scientific_f6_m2,16.464512046873846,34,0,False,False,,,,,,,,,,,
margin,Washington,scientific_f6_m2,16.24929139087483,35,0,False,False,,,,,,,,,,,
margin,Nebraska,scientific_f6_m2,16.218653028651065,36,0,False,False,,,,,,,,,,,
margin,Army,scientific_f6_m2,16.13517766544486,37,0,False,False,,,,,,,,,,,
margin,UConn,scientific_f6_m2,15.22900186737565,38,0,False,False,,,,,,,,,,,
margin,Illinois,scientific_f6_m2,15.173553102406498,39,0,False,False,,,,,,,,,,,
margin,App State,scientific_f6_m2,14.66048756468685,40,0,False,False,,,,,,,,,,,
margin,Syracuse,scientific_f6_m2,13.792848773813239,41,0,False,False,,,,,,,,,,,
margin,SMU,scientific_f6_m2,13.681043858912489,42,0,False,False,,,,,,,,,,,
margin,Louisiana Tech,scientific_f6_m2,13.471183790698806,43,0,False,False,,,,,,,,,,,
margin,UTSA,scientific_f6_m2,13.1719794548399,44,0,False,False,,,,,,,,,,,
margin,Georgia Southern,scientific_f6_m2,12.910522213513516,45,0,False,False,,,,,,,,,,,
margin,Ole Miss,scientific_f6_m2,11.339621220021709,46,0,False,False,,,,,,,,,,,
margin,Iowa State,scientific_f6_m2,10.36361700337146,47,0,False,False,,,,,,,,,,,
margin,Northwestern,scientific_f6_m2,10.15024588253954,48,0,False,False,,,,,,,,,,,
margin,Virginia,scientific_f6_m2,9.518442884156446,49,0,False,False,,,,,,,,,,,
margin,Southern Miss,scientific_f6_m2,9.512403902633576,50,0,False,False,,,,,,,,,,,
margin,North Carolina,scientific_f6_m2,9.510716089381088,51,0,False,False,,,,,,,,,,,
margin,Duke,scientific_f6_m2,9.438566429565022,52,0,False,False,,,,,,,,,,,
margin,Vanderbilt,scientific_f6_m2,9.24909957606007,53,0,False,False,,,,,,,,,,,
margin,Louisiana,scientific_f6_m2,9.085593779052255,54,0,False,False,,,,,,,,,,,
margin,Memphis,scientific_f6_m2,9.04466220217836,55,0,False,False,,,,,,,,,,,
margin,Kennesaw State,scientific_f6_m2,8.695406783443296,56,0,False,False,,,,,,,,,,,
margin,Purdue,scientific_f6_m2,7.924997302396737,57,0,False,False,,,,,,,,,,,
margin,Arkansas,scientific_f6_m2,6.650359364330408,58,0,False,False,,,,,,,,,,,
margin,Delaware,scientific_f6_m2,6.616131987399319,59,0,False,False,,,,,,,,,,,
margin,Georgia State,scientific_f6_m2,6.584285721690958,60,0,False,False,,,,,,,,,,,
margin,New Mexico,scientific_f6_m2,6.3161096450441105,61,0,False,False,,,,,,,,,,,
margin,North Dakota State,scientific_f6_m2,5.974019557348246,62,0,False,False,,,,,,,,,,,
margin,Houston,scientific_f6_m2,5.624480639041929,63,0,False,False,,,,,,,,,,,
margin,UNLV,scientific_f6_m2,4.93856630500612,64,0,False,False,,,,,,,,,,,
margin,Air Force,scientific_f6_m2,4.9026598424565995,65,0,False,False,,,,,,,,,,,
margin,Wake Forest,scientific_f6_m2,4.491198155837705,66,0,False,False,,,,,,,,,,,
margin,Florida State,scientific_f6_m2,4.364888609919374,67,0,False,False,,,,,,,,,,,
margin,Georgia Tech,scientific_f6_m2,4.264275716230178,68,0,False,False,,,,,,,,,,,
margin,Louisville,scientific_f6_m2,3.9134393879949863,69,0,False,False,,,,,,,,,,,
margin,Jacksonville State,scientific_f6_m2,3.296881773675439,70,0,False,False,,,,,,,,,,,
margin,Temple,scientific_f6_m2,3.2007951363391385,71,0,False,False,,,,,,,,,,,
margin,Rice,scientific_f6_m2,3.19524000532111,72,0,False,False,,,,,,,,,,,
margin,Baylor,scientific_f6_m2,2.966148368046264,73,0,False,False,,,,,,,,,,,
margin,James Madison,scientific_f6_m2,2.941825454035353,74,0,False,False,,,,,,,,,,,
margin,San Diego State,scientific_f6_m2,2.8960015016757334,75,0,False,False,,,,,,,,,,,
margin,Nevada,scientific_f6_m2,2.348750492204778,76,0,False,False,,,,,,,,,,,
margin,South Florida,scientific_f6_m2,2.2178453945889745,77,0,False,False,,,,,,,,,,,
margin,Old Dominion,scientific_f6_m2,2.2065490336492823,78,0,False,False,,,,,,,,,,,
margin,Boise State,scientific_f6_m2,2.192273947352745,79,0,False,False,,,,,,,,,,,
margin,Michigan State,scientific_f6_m2,2.1287100597314357,80,0,False,False,,,,,,,,,,,
margin,Navy,scientific_f6_m2,2.118688775399965,81,0,False,False,,,,,,,,,,,
margin,Cincinnati,scientific_f6_m2,1.9937288415661105,82,0,False,False,,,,,,,,,,,
margin,Colorado State,scientific_f6_m2,1.3182066023807106,83,0,False,False,,,,,,,,,,,
margin,Auburn,scientific_f6_m2,0.8781433875610556,84,0,False,False,,,,,,,,,,,
margin,Sacramento State,scientific_f6_m2,0.8382780117029119,85,0,False,False,,,,,,,,,,,
margin,Middle Tennessee,scientific_f6_m2,0.3580703962045453,86,0,False,False,,,,,,,,,,,
margin,South Alabama,scientific_f6_m2,-0.6760571572589036,87,0,False,False,,,,,,,,,,,
margin,West Virginia,scientific_f6_m2,-1.1940483850855057,88,0,False,False,,,,,,,,,,,
margin,Colorado,scientific_f6_m2,-1.3587063224006355,89,0,False,False,,,,,,,,,,,
margin,Tulane,scientific_f6_m2,-2.351825666182262,90,0,False,False,,,,,,,,,,,
margin,TCU,scientific_f6_m2,-3.661345596861226,91,0,False,False,,,,,,,,,,,
margin,Liberty,scientific_f6_m2,-4.080456614782506,92,0,False,False,,,,,,,,,,,
margin,New Mexico State,scientific_f6_m2,-4.1306483866259125,93,0,False,False,,,,,,,,,,,
margin,Washington State,scientific_f6_m2,-4.360457017729808,94,0,False,False,,,,,,,,,,,
margin,Tulsa,scientific_f6_m2,-4.410054219849176,95,0,False,False,,,,,,,,,,,
margin,Wisconsin,scientific_f6_m2,-5.093352557508119,96,0,False,False,,,,,,,,,,,
margin,Stanford,scientific_f6_m2,-5.255489362785102,97,0,False,False,,,,,,,,,,,
margin,Oklahoma State,scientific_f6_m2,-5.456088715333059,98,0,False,False,,,,,,,,,,,
margin,Boston College,scientific_f6_m2,-5.524506420177375,99,0,False,False,,,,,,,,,,,
margin,Eastern Michigan,scientific_f6_m2,-5.7216067800075585,100,0,False,False,,,,,,,,,,,
margin,Massachusetts,scientific_f6_m2,-6.063461270767373,101,0,False,False,,,,,,,,,,,
margin,Western Michigan,scientific_f6_m2,-6.554873779936746,102,0,False,False,,,,,,,,,,,
margin,Oregon State,scientific_f6_m2,-7.143454648069953,103,0,False,False,,,,,,,,,,,
margin,Toledo,scientific_f6_m2,-7.32369656878052,104,0,False,False,,,,,,,,,,,
margin,Florida International,scientific_f6_m2,-7.366641196645124,105,0,False,False,,,,,,,,,,,
margin,NC State,scientific_f6_m2,-7.428551905424931,106,0,False,False,,,,,,,,,,,
margin,San José State,scientific_f6_m2,-7.489810344462875,107,0,False,False,,,,,,,,,,,
margin,Clemson,scientific_f6_m2,-7.684213608803905,108,0,False,False,,,,,,,,,,,
margin,Sam Houston,scientific_f6_m2,-8.063660410358725,109,0,False,False,,,,,,,,,,,
margin,Coastal Carolina,scientific_f6_m2,-8.31666637154236,110,0,False,False,,,,,,,,,,,
margin,Troy,scientific_f6_m2,-8.474943339450883,111,0,False,False,,,,,,,,,,,
margin,Texas State,scientific_f6_m2,-8.57005375065446,112,0,False,False,,,,,,,,,,,
margin,Utah State,scientific_f6_m2,-8.577924579913986,113,0,False,False,,,,,,,,,,,
margin,Buffalo,scientific_f6_m2,-8.964849561830253,114,0,False,False,,,,,,,,,,,
margin,Hawai'i,scientific_f6_m2,-9.286161677561113,115,0,False,False,,,,,,,,,,,
margin,Ohio,scientific_f6_m2,-9.374676675502801,116,0,False,False,,,,,,,,,,,
margin,Western Kentucky,scientific_f6_m2,-9.72057009887189,117,0,False,False,,,,,,,,,,,
margin,Charlotte,scientific_f6_m2,-9.806581399302694,118,0,False,False,,,,,,,,,,,
margin,Akron,scientific_f6_m2,-10.385521265403423,119,0,False,False,,,,,,,,,,,
margin,California,scientific_f6_m2,-10.531347978726691,120,0,False,False,,,,,,,,,,,
margin,Rutgers,scientific_f6_m2,-10.62911908826622,121,0,False,False,,,,,,,,,,,
margin,North Texas,scientific_f6_m2,-11.002757713552995,122,0,False,False,,,,,,,,,,,
margin,East Carolina,scientific_f6_m2,-11.105112816907617,123,0,False,False,,,,,,,,,,,
margin,Arkansas State,scientific_f6_m2,-11.558625895088458,124,0,False,False,,,,,,,,,,,
margin,Fresno State,scientific_f6_m2,-11.935262746958468,125,0,False,False,,,,,,,,,,,
margin,UAB,scientific_f6_m2,-13.097276727212032,126,0,False,False,,,,,,,,,,,
margin,Bowling Green,scientific_f6_m2,-13.269041530289655,127,0,False,False,,,,,,,,,,,
margin,Marshall,scientific_f6_m2,-17.01106704113991,128,0,False,False,,,,,,,,,,,
margin,Florida Atlantic,scientific_f6_m2,-17.03767889019583,129,0,False,False,,,,,,,,,,,
margin,Central Michigan,scientific_f6_m2,-17.536161853160404,130,0,False,False,,,,,,,,,,,
margin,Wyoming,scientific_f6_m2,-17.97827197737432,131,0,False,False,,,,,,,,,,,
margin,Miami (OH),scientific_f6_m2,-18.33116857344514,132,0,False,False,,,,,,,,,,,
margin,Northern Illinois,scientific_f6_m2,-21.00592410894175,133,0,False,False,,,,,,,,,,,
margin,Missouri State,scientific_f6_m2,-23.289175314268245,134,0,False,False,,,,,,,,,,,
margin,Ball State,scientific_f6_m2,-23.807370407873957,135,0,False,False,,,,,,,,,,,
margin,UL Monroe,scientific_f6_m2,-25.420387113797386,136,0,False,False,,,,,,,,,,,
margin,UTEP,scientific_f6_m2,-25.79786906480698,137,0,False,False,,,,,,,,,,,
margin,Kent State,scientific_f6_m2,-28.550534278827094,138,0,False,False,,,,,,,,,,,
margin,Georgia,scientific_f6_m3,33.694397680995344,1,25,True,True,,,,,,,,,,,
margin,Ohio State,scientific_f6_m3,30.067639620944835,2,24,True,False,,,,,,,,,,,
margin,Tennessee,scientific_f6_m3,25.25279064584119,3,23,True,False,,,,,,,,,,,
margin,Texas A&M,scientific_f6_m3,25.0930864507184,4,22,True,False,,,,,,,,,,,
margin,Alabama,scientific_f6_m3,24.73262603682298,5,21,True,False,,,,,,,,,,,
margin,LSU,scientific_f6_m3,23.144005628238336,6,20,True,False,,,,,,,,,,,
margin,USC,scientific_f6_m3,22.374790533582544,7,19,True,False,,,,,,,,,,,
margin,Utah,scientific_f6_m3,22.15418675305583,8,18,True,False,,,,,,,,,,,
margin,Oklahoma,scientific_f6_m3,21.655669013692695,9,17,True,False,,,,,,,,,,,
margin,BYU,scientific_f6_m3,21.559948912600916,10,16,True,False,,,,,,,,,,,
margin,Miami,scientific_f6_m3,20.995818446585957,11,15,True,False,,,,,,,,,,,
margin,Texas,scientific_f6_m3,20.739181980575484,12,14,True,False,,,,,,,,,,,
margin,South Carolina,scientific_f6_m3,20.16185353247143,13,13,True,False,,,,,,,,,,,
margin,Notre Dame,scientific_f6_m3,19.442903736851502,14,12,True,False,,,,,,,,,,,
margin,Penn State,scientific_f6_m3,19.141730444503487,15,11,True,False,,,,,,,,,,,
margin,Kansas State,scientific_f6_m3,18.919795409294075,16,10,True,False,,,,,,,,,,,
margin,Missouri,scientific_f6_m3,17.620656813412776,17,9,True,False,,,,,,,,,,,
margin,Indiana,scientific_f6_m3,17.213725942225164,18,8,True,False,,,,,,,,,,,
margin,Oregon,scientific_f6_m3,16.948087600048787,19,7,True,False,,,,,,,,,,,
margin,Florida,scientific_f6_m3,16.855794495346764,20,6,True,False,,,,,,,,,,,
margin,Michigan,scientific_f6_m3,16.203705426205307,21,5,True,False,,,,,,,,,,,
margin,Arizona State,scientific_f6_m3,16.175738411023943,22,4,True,False,,,,,,,,,,,
margin,UCF,scientific_f6_m3,14.398347548757672,23,3,True,False,,,,,,,,,,,
margin,UConn,scientific_f6_m3,13.957419266074796,24,2,True,False,,,,,,,,,,,
margin,Iowa,scientific_f6_m3,13.824823993191224,25,1,True,False,,,,,,,,,,,
margin,Pittsburgh,scientific_f6_m3,13.734279230007916,26,0,False,False,,,,,,,,,,,
margin,Kansas,scientific_f6_m3,13.578688448605034,27,0,False,False,,,,,,,,,,,
margin,Texas Tech,scientific_f6_m3,13.553573862336014,28,0,False,False,,,,,,,,,,,
margin,Mississippi State,scientific_f6_m3,13.284087318009743,29,0,False,False,,,,,,,,,,,
margin,Syracuse,scientific_f6_m3,13.267509718461394,30,0,False,False,,,,,,,,,,,
margin,Minnesota,scientific_f6_m3,13.258030490229453,31,0,False,False,,,,,,,,,,,
margin,SMU,scientific_f6_m3,12.651678789398229,32,0,False,False,,,,,,,,,,,
margin,Army,scientific_f6_m3,12.531138861947959,33,0,False,False,,,,,,,,,,,
margin,Virginia Tech,scientific_f6_m3,11.591221849475602,34,0,False,False,,,,,,,,,,,
margin,Nebraska,scientific_f6_m3,11.518968371452722,35,0,False,False,,,,,,,,,,,
margin,Washington,scientific_f6_m3,11.450833848728395,36,0,False,False,,,,,,,,,,,
margin,Illinois,scientific_f6_m3,11.243126472706269,37,0,False,False,,,,,,,,,,,
margin,Kentucky,scientific_f6_m3,11.228571056063348,38,0,False,False,,,,,,,,,,,
margin,Maryland,scientific_f6_m3,11.087005948725897,39,0,False,False,,,,,,,,,,,
margin,Ole Miss,scientific_f6_m3,10.900102542880724,40,0,False,False,,,,,,,,,,,
margin,Louisiana Tech,scientific_f6_m3,10.713169351237644,41,0,False,False,,,,,,,,,,,
margin,UCLA,scientific_f6_m3,10.560809917385056,42,0,False,False,,,,,,,,,,,
margin,UTSA,scientific_f6_m3,10.085740535587233,43,0,False,False,,,,,,,,,,,
margin,App State,scientific_f6_m3,9.55952090470293,44,0,False,False,,,,,,,,,,,
margin,Iowa State,scientific_f6_m3,8.783444774327922,45,0,False,False,,,,,,,,,,,
margin,Virginia,scientific_f6_m3,8.629393862086726,46,0,False,False,,,,,,,,,,,
margin,Louisiana,scientific_f6_m3,8.177133447566089,47,0,False,False,,,,,,,,,,,
margin,Arizona,scientific_f6_m3,8.177033534939888,48,0,False,False,,,,,,,,,,,
margin,Navy,scientific_f6_m3,7.971396770880909,49,0,False,False,,,,,,,,,,,
margin,Kennesaw State,scientific_f6_m3,7.329774780895103,50,0,False,False,,,,,,,,,,,
margin,Vanderbilt,scientific_f6_m3,7.1708480631928175,51,0,False,False,,,,,,,,,,,
margin,Memphis,scientific_f6_m3,7.137618154210798,52,0,False,False,,,,,,,,,,,
margin,Wake Forest,scientific_f6_m3,6.946930981427103,53,0,False,False,,,,,,,,,,,
margin,Purdue,scientific_f6_m3,6.656683029861927,54,0,False,False,,,,,,,,,,,
margin,Georgia Southern,scientific_f6_m3,6.563118148696811,55,0,False,False,,,,,,,,,,,
margin,Houston,scientific_f6_m3,6.270948187520688,56,0,False,False,,,,,,,,,,,
margin,Arkansas,scientific_f6_m3,6.246226827884586,57,0,False,False,,,,,,,,,,,
margin,Air Force,scientific_f6_m3,5.768369049371664,58,0,False,False,,,,,,,,,,,
margin,James Madison,scientific_f6_m3,5.7398714622058575,59,0,False,False,,,,,,,,,,,
margin,Delaware,scientific_f6_m3,5.495679031441258,60,0,False,False,,,,,,,,,,,
margin,Auburn,scientific_f6_m3,5.114105318614232,61,0,False,False,,,,,,,,,,,
margin,Northwestern,scientific_f6_m3,5.109091694526152,62,0,False,False,,,,,,,,,,,
margin,North Dakota State,scientific_f6_m3,4.578116977078062,63,0,False,False,,,,,,,,,,,
margin,Duke,scientific_f6_m3,4.5282408915008645,64,0,False,False,,,,,,,,,,,
margin,Southern Miss,scientific_f6_m3,4.3632101498559335,65,0,False,False,,,,,,,,,,,
margin,Louisville,scientific_f6_m3,4.346728323447399,66,0,False,False,,,,,,,,,,,
margin,UNLV,scientific_f6_m3,4.232366319032112,67,0,False,False,,,,,,,,,,,
margin,Georgia State,scientific_f6_m3,4.2271715916911345,68,0,False,False,,,,,,,,,,,
margin,Cincinnati,scientific_f6_m3,3.9800699344132697,69,0,False,False,,,,,,,,,,,
margin,New Mexico,scientific_f6_m3,3.8886552496565927,70,0,False,False,,,,,,,,,,,
margin,Old Dominion,scientific_f6_m3,3.7523030584328976,71,0,False,False,,,,,,,,,,,
margin,Florida State,scientific_f6_m3,3.313139727321972,72,0,False,False,,,,,,,,,,,
margin,North Carolina,scientific_f6_m3,3.1500504673907153,73,0,False,False,,,,,,,,,,,
margin,West Virginia,scientific_f6_m3,2.9619291365061144,74,0,False,False,,,,,,,,,,,
margin,Clemson,scientific_f6_m3,2.8091170081987316,75,0,False,False,,,,,,,,,,,
margin,Rice,scientific_f6_m3,2.716823738970405,76,0,False,False,,,,,,,,,,,
margin,Michigan State,scientific_f6_m3,2.4679520125416765,77,0,False,False,,,,,,,,,,,
margin,TCU,scientific_f6_m3,1.883637388349331,78,0,False,False,,,,,,,,,,,
margin,Baylor,scientific_f6_m3,1.65450467832677,79,0,False,False,,,,,,,,,,,
margin,Colorado State,scientific_f6_m3,1.554367934962168,80,0,False,False,,,,,,,,,,,
margin,Georgia Tech,scientific_f6_m3,1.1784015612005236,81,0,False,False,,,,,,,,,,,
margin,San Diego State,scientific_f6_m3,0.9267101925209511,82,0,False,False,,,,,,,,,,,
margin,Boise State,scientific_f6_m3,0.8671406175841104,83,0,False,False,,,,,,,,,,,
margin,Nevada,scientific_f6_m3,0.40321182360314367,84,0,False,False,,,,,,,,,,,
margin,Colorado,scientific_f6_m3,0.23314944039279792,85,0,False,False,,,,,,,,,,,
margin,South Alabama,scientific_f6_m3,0.08412451570186423,86,0,False,False,,,,,,,,,,,
margin,Temple,scientific_f6_m3,0.010744397409603586,87,0,False,False,,,,,,,,,,,
margin,South Florida,scientific_f6_m3,-0.05382138405650262,88,0,False,False,,,,,,,,,,,
margin,Sacramento State,scientific_f6_m3,-0.19083078249877655,89,0,False,False,,,,,,,,,,,
margin,Jacksonville State,scientific_f6_m3,-0.3390871736635321,90,0,False,False,,,,,,,,,,,
margin,Massachusetts,scientific_f6_m3,-1.7592475171750965,91,0,False,False,,,,,,,,,,,
margin,Middle Tennessee,scientific_f6_m3,-2.573653105406831,92,0,False,False,,,,,,,,,,,
margin,Troy,scientific_f6_m3,-3.015676158605236,93,0,False,False,,,,,,,,,,,
margin,Tulane,scientific_f6_m3,-3.19260555634112,94,0,False,False,,,,,,,,,,,
margin,NC State,scientific_f6_m3,-3.643094999028142,95,0,False,False,,,,,,,,,,,
margin,Toledo,scientific_f6_m3,-3.830045119488599,96,0,False,False,,,,,,,,,,,
margin,Wisconsin,scientific_f6_m3,-4.150923778089699,97,0,False,False,,,,,,,,,,,
margin,Tulsa,scientific_f6_m3,-4.439525803825104,98,0,False,False,,,,,,,,,,,
margin,Stanford,scientific_f6_m3,-4.451523726576123,99,0,False,False,,,,,,,,,,,
margin,Washington State,scientific_f6_m3,-4.702403482595535,100,0,False,False,,,,,,,,,,,
margin,Buffalo,scientific_f6_m3,-4.7736619499983926,101,0,False,False,,,,,,,,,,,
margin,New Mexico State,scientific_f6_m3,-5.119990736273855,102,0,False,False,,,,,,,,,,,
margin,Eastern Michigan,scientific_f6_m3,-5.211489278389915,103,0,False,False,,,,,,,,,,,
margin,Liberty,scientific_f6_m3,-5.291001247736145,104,0,False,False,,,,,,,,,,,
margin,Western Michigan,scientific_f6_m3,-5.569708643272297,105,0,False,False,,,,,,,,,,,
margin,Ohio,scientific_f6_m3,-6.214303645921189,106,0,False,False,,,,,,,,,,,
margin,Sam Houston,scientific_f6_m3,-6.2974931006061405,107,0,False,False,,,,,,,,,,,
margin,California,scientific_f6_m3,-6.728519096341724,108,0,False,False,,,,,,,,,,,
margin,North Texas,scientific_f6_m3,-6.861700267942811,109,0,False,False,,,,,,,,,,,
margin,Utah State,scientific_f6_m3,-6.89668040807528,110,0,False,False,,,,,,,,,,,
margin,Boston College,scientific_f6_m3,-7.172208426261202,111,0,False,False,,,,,,,,,,,
margin,Coastal Carolina,scientific_f6_m3,-7.479007219712823,112,0,False,False,,,,,,,,,,,
margin,Rutgers,scientific_f6_m3,-7.77968805160766,113,0,False,False,,,,,,,,,,,
margin,Texas State,scientific_f6_m3,-8.405578891876717,114,0,False,False,,,,,,,,,,,
margin,East Carolina,scientific_f6_m3,-8.460742644656166,115,0,False,False,,,,,,,,,,,
margin,San José State,scientific_f6_m3,-8.578734495361235,116,0,False,False,,,,,,,,,,,
margin,Florida International,scientific_f6_m3,-8.908126696109942,117,0,False,False,,,,,,,,,,,
margin,Fresno State,scientific_f6_m3,-9.062860349633326,118,0,False,False,,,,,,,,,,,
margin,Oregon State,scientific_f6_m3,-9.196696479765308,119,0,False,False,,,,,,,,,,,
margin,Hawai'i,scientific_f6_m3,-9.43429784399319,120,0,False,False,,,,,,,,,,,
margin,Oklahoma State,scientific_f6_m3,-9.482915440032572,121,0,False,False,,,,,,,,,,,
margin,Marshall,scientific_f6_m3,-10.125998565408135,122,0,False,False,,,,,,,,,,,
margin,Miami (OH),scientific_f6_m3,-10.161155115006895,123,0,False,False,,,,,,,,,,,
margin,Bowling Green,scientific_f6_m3,-10.603894921121482,124,0,False,False,,,,,,,,,,,
margin,Arkansas State,scientific_f6_m3,-10.97721047375672,125,0,False,False,,,,,,,,,,,
margin,UAB,scientific_f6_m3,-11.277940104693386,126,0,False,False,,,,,,,,,,,
margin,Wyoming,scientific_f6_m3,-11.720533305642709,127,0,False,False,,,,,,,,,,,
margin,Western Kentucky,scientific_f6_m3,-11.748350503658768,128,0,False,False,,,,,,,,,,,
margin,Akron,scientific_f6_m3,-12.595009044247421,129,0,False,False,,,,,,,,,,,
margin,Central Michigan,scientific_f6_m3,-12.605341291156082,130,0,False,False,,,,,,,,,,,
margin,Charlotte,scientific_f6_m3,-13.343619236185752,131,0,False,False,,,,,,,,,,,
margin,Florida Atlantic,scientific_f6_m3,-14.193189634435296,132,0,False,False,,,,,,,,,,,
margin,Northern Illinois,scientific_f6_m3,-15.49254533506883,133,0,False,False,,,,,,,,,,,
margin,Missouri State,scientific_f6_m3,-15.940553656992666,134,0,False,False,,,,,,,,,,,
margin,Ball State,scientific_f6_m3,-15.951437124205196,135,0,False,False,,,,,,,,,,,
margin,UL Monroe,scientific_f6_m3,-16.859636629794068,136,0,False,False,,,,,,,,,,,
margin,UTEP,scientific_f6_m3,-18.012748274833225,137,0,False,False,,,,,,,,,,,
margin,Kent State,scientific_f6_m3,-19.873759093684043,138,0,False,False,,,,,,,,,,,
margin,Georgia,scientific_f6_m4,32.41143713609011,1,25,True,True,,,,,,,,,,,
margin,Ohio State,scientific_f6_m4,31.499998399286078,2,24,True,False,,,,,,,,,,,
margin,LSU,scientific_f6_m4,25.860612627607697,3,23,True,False,,,,,,,,,,,
margin,Texas,scientific_f6_m4,25.712748386851942,4,22,True,False,,,,,,,,,,,
margin,Texas A&M,scientific_f6_m4,25.68094948190518,5,21,True,False,,,,,,,,,,,
margin,Alabama,scientific_f6_m4,25.39051281995581,6,20,True,False,,,,,,,,,,,
margin,Oregon,scientific_f6_m4,24.81292823937074,7,19,True,False,,,,,,,,,,,
margin,Tennessee,scientific_f6_m4,24.537645698852646,8,18,True,False,,,,,,,,,,,
margin,Utah,scientific_f6_m4,24.36071113193696,9,17,True,False,,,,,,,,,,,
margin,Oklahoma,scientific_f6_m4,22.962785585561253,10,16,True,False,,,,,,,,,,,
margin,USC,scientific_f6_m4,21.974073975799325,11,15,True,False,,,,,,,,,,,
margin,BYU,scientific_f6_m4,21.10934757484632,12,14,True,False,,,,,,,,,,,
margin,Notre Dame,scientific_f6_m4,20.848541132259538,13,13,True,False,,,,,,,,,,,
margin,Iowa,scientific_f6_m4,20.443738301270145,14,12,True,False,,,,,,,,,,,
margin,Penn State,scientific_f6_m4,19.33539978310232,15,11,True,False,,,,,,,,,,,
margin,Miami,scientific_f6_m4,18.53879585035237,16,10,True,False,,,,,,,,,,,
margin,South Carolina,scientific_f6_m4,18.036325742212725,17,9,True,False,,,,,,,,,,,
margin,Michigan,scientific_f6_m4,17.48990219544134,18,8,True,False,,,,,,,,,,,
margin,Kansas State,scientific_f6_m4,15.968409048670008,19,7,True,False,,,,,,,,,,,
margin,Missouri,scientific_f6_m4,15.743739780388438,20,6,True,False,,,,,,,,,,,
margin,Indiana,scientific_f6_m4,15.582038502415319,21,5,True,False,,,,,,,,,,,
margin,Kansas,scientific_f6_m4,14.630080438056318,22,4,True,False,,,,,,,,,,,
margin,Minnesota,scientific_f6_m4,14.572682127001091,23,3,True,False,,,,,,,,,,,
margin,Arizona State,scientific_f6_m4,14.19740184463217,24,2,True,False,,,,,,,,,,,
margin,Army,scientific_f6_m4,14.17718760340687,25,1,True,False,,,,,,,,,,,
margin,Mississippi State,scientific_f6_m4,14.121783873366553,26,0,False,False,,,,,,,,,,,
margin,Ole Miss,scientific_f6_m4,14.05190079553081,27,0,False,False,,,,,,,,,,,
margin,Virginia Tech,scientific_f6_m4,13.551717548244179,28,0,False,False,,,,,,,,,,,
margin,Florida,scientific_f6_m4,13.246558581334169,29,0,False,False,,,,,,,,,,,
margin,Arizona,scientific_f6_m4,13.079434240189252,30,0,False,False,,,,,,,,,,,
margin,Pittsburgh,scientific_f6_m4,12.576746354958871,31,0,False,False,,,,,,,,,,,
margin,Louisiana Tech,scientific_f6_m4,12.345324465982536,32,0,False,False,,,,,,,,,,,
margin,UCLA,scientific_f6_m4,11.31022035835231,33,0,False,False,,,,,,,,,,,
margin,Memphis,scientific_f6_m4,11.28889039727348,34,0,False,False,,,,,,,,,,,
margin,Nebraska,scientific_f6_m4,11.272406910932723,35,0,False,False,,,,,,,,,,,
margin,UCF,scientific_f6_m4,10.586450291337888,36,0,False,False,,,,,,,,,,,
margin,SMU,scientific_f6_m4,10.277838728498962,37,0,False,False,,,,,,,,,,,
margin,Texas Tech,scientific_f6_m4,9.664220236688125,38,0,False,False,,,,,,,,,,,
margin,Iowa State,scientific_f6_m4,9.651559273013588,39,0,False,False,,,,,,,,,,,
margin,Kentucky,scientific_f6_m4,9.538995588031703,40,0,False,False,,,,,,,,,,,
margin,Washington,scientific_f6_m4,9.17871997837623,41,0,False,False,,,,,,,,,,,
margin,UConn,scientific_f6_m4,8.99126747244099,42,0,False,False,,,,,,,,,,,
margin,Virginia,scientific_f6_m4,8.29699316035924,43,0,False,False,,,,,,,,,,,
margin,Syracuse,scientific_f6_m4,8.174694775351728,44,0,False,False,,,,,,,,,,,
margin,Illinois,scientific_f6_m4,7.769238699236688,45,0,False,False,,,,,,,,,,,
margin,App State,scientific_f6_m4,7.438195034031809,46,0,False,False,,,,,,,,,,,
margin,Georgia Southern,scientific_f6_m4,7.1727385039476985,47,0,False,False,,,,,,,,,,,
margin,Arkansas,scientific_f6_m4,7.170573610977255,48,0,False,False,,,,,,,,,,,
margin,UTSA,scientific_f6_m4,6.839292077734223,49,0,False,False,,,,,,,,,,,
margin,Georgia State,scientific_f6_m4,6.729134828600036,50,0,False,False,,,,,,,,,,,
margin,Louisiana,scientific_f6_m4,6.5049913987495085,51,0,False,False,,,,,,,,,,,
margin,Rice,scientific_f6_m4,6.404101910494516,52,0,False,False,,,,,,,,,,,
margin,Maryland,scientific_f6_m4,6.35092784275849,53,0,False,False,,,,,,,,,,,
margin,Kennesaw State,scientific_f6_m4,5.544116846446483,54,0,False,False,,,,,,,,,,,
margin,UNLV,scientific_f6_m4,5.389390418205,55,0,False,False,,,,,,,,,,,
margin,Northwestern,scientific_f6_m4,5.327491356884141,56,0,False,False,,,,,,,,,,,
margin,Boise State,scientific_f6_m4,5.308800470109611,57,0,False,False,,,,,,,,,,,
margin,James Madison,scientific_f6_m4,5.159459172591269,58,0,False,False,,,,,,,,,,,
margin,New Mexico,scientific_f6_m4,5.012989578187103,59,0,False,False,,,,,,,,,,,
margin,Florida State,scientific_f6_m4,4.932907252701546,60,0,False,False,,,,,,,,,,,
margin,Duke,scientific_f6_m4,4.899233560679469,61,0,False,False,,,,,,,,,,,
margin,Louisville,scientific_f6_m4,4.843534728154585,62,0,False,False,,,,,,,,,,,
margin,Purdue,scientific_f6_m4,4.702509086547635,63,0,False,False,,,,,,,,,,,
margin,Georgia Tech,scientific_f6_m4,4.6958235823281695,64,0,False,False,,,,,,,,,,,
margin,Air Force,scientific_f6_m4,4.60476599112121,65,0,False,False,,,,,,,,,,,
margin,Houston,scientific_f6_m4,4.511764734133653,66,0,False,False,,,,,,,,,,,
margin,Southern Miss,scientific_f6_m4,4.011849231059176,67,0,False,False,,,,,,,,,,,
margin,Delaware,scientific_f6_m4,3.5592141445765466,68,0,False,False,,,,,,,,,,,
margin,Auburn,scientific_f6_m4,3.4909363402122153,69,0,False,False,,,,,,,,,,,
margin,Vanderbilt,scientific_f6_m4,3.226717786791166,70,0,False,False,,,,,,,,,,,
margin,Sacramento State,scientific_f6_m4,3.0639445654510915,71,0,False,False,,,,,,,,,,,
margin,Navy,scientific_f6_m4,2.9858671149057083,72,0,False,False,,,,,,,,,,,
margin,North Carolina,scientific_f6_m4,2.6320883583897094,73,0,False,False,,,,,,,,,,,
margin,San Diego State,scientific_f6_m4,2.1959263587020854,74,0,False,False,,,,,,,,,,,
margin,Jacksonville State,scientific_f6_m4,1.5113816116966245,75,0,False,False,,,,,,,,,,,
margin,Cincinnati,scientific_f6_m4,1.3349605746736073,76,0,False,False,,,,,,,,,,,
margin,North Dakota State,scientific_f6_m4,1.0373865931229238,77,0,False,False,,,,,,,,,,,
margin,Wake Forest,scientific_f6_m4,0.9512254987971647,78,0,False,False,,,,,,,,,,,
margin,Nevada,scientific_f6_m4,0.9323013521418307,79,0,False,False,,,,,,,,,,,
margin,TCU,scientific_f6_m4,0.6055136998709174,80,0,False,False,,,,,,,,,,,
margin,Temple,scientific_f6_m4,0.5635625146638089,81,0,False,False,,,,,,,,,,,
margin,Michigan State,scientific_f6_m4,-0.014476808660124098,82,0,False,False,,,,,,,,,,,
margin,Baylor,scientific_f6_m4,-0.43067062353100655,83,0,False,False,,,,,,,,,,,
margin,Colorado,scientific_f6_m4,-0.4385287092389453,84,0,False,False,,,,,,,,,,,
margin,South Alabama,scientific_f6_m4,-0.5985035934864001,85,0,False,False,,,,,,,,,,,
margin,Old Dominion,scientific_f6_m4,-1.1580122988919974,86,0,False,False,,,,,,,,,,,
margin,South Florida,scientific_f6_m4,-1.2607930889379704,87,0,False,False,,,,,,,,,,,
margin,Tulane,scientific_f6_m4,-1.4247581105887723,88,0,False,False,,,,,,,,,,,
margin,Colorado State,scientific_f6_m4,-1.9923727995483593,89,0,False,False,,,,,,,,,,,
margin,Clemson,scientific_f6_m4,-2.036847746087118,90,0,False,False,,,,,,,,,,,
margin,Washington State,scientific_f6_m4,-2.925685960607737,91,0,False,False,,,,,,,,,,,
margin,New Mexico State,scientific_f6_m4,-3.0078655961654555,92,0,False,False,,,,,,,,,,,
margin,West Virginia,scientific_f6_m4,-3.210134692270963,93,0,False,False,,,,,,,,,,,
margin,Liberty,scientific_f6_m4,-4.1711398382165,94,0,False,False,,,,,,,,,,,
margin,NC State,scientific_f6_m4,-4.874863834455434,95,0,False,False,,,,,,,,,,,
margin,Tulsa,scientific_f6_m4,-5.0848453210588,96,0,False,False,,,,,,,,,,,
margin,Western Michigan,scientific_f6_m4,-5.432374109585327,97,0,False,False,,,,,,,,,,,
margin,Troy,scientific_f6_m4,-5.93911871757597,98,0,False,False,,,,,,,,,,,
margin,Utah State,scientific_f6_m4,-6.64489936297812,99,0,False,False,,,,,,,,,,,
margin,Middle Tennessee,scientific_f6_m4,-7.05872433929218,100,0,False,False,,,,,,,,,,,
margin,Stanford,scientific_f6_m4,-7.16003264955805,101,0,False,False,,,,,,,,,,,
margin,Ohio,scientific_f6_m4,-7.203366449576403,102,0,False,False,,,,,,,,,,,
margin,Texas State,scientific_f6_m4,-7.992944849709556,103,0,False,False,,,,,,,,,,,
margin,Wisconsin,scientific_f6_m4,-8.010449071864723,104,0,False,False,,,,,,,,,,,
margin,Eastern Michigan,scientific_f6_m4,-8.349943660097424,105,0,False,False,,,,,,,,,,,
margin,Toledo,scientific_f6_m4,-8.970552489138585,106,0,False,False,,,,,,,,,,,
margin,Florida International,scientific_f6_m4,-9.058201868014098,107,0,False,False,,,,,,,,,,,
margin,Fresno State,scientific_f6_m4,-9.11967349091543,108,0,False,False,,,,,,,,,,,
margin,North Texas,scientific_f6_m4,-9.417401333308712,109,0,False,False,,,,,,,,,,,
margin,Buffalo,scientific_f6_m4,-9.514126331606002,110,0,False,False,,,,,,,,,,,
margin,Marshall,scientific_f6_m4,-10.183591780704699,111,0,False,False,,,,,,,,,,,
margin,San José State,scientific_f6_m4,-10.810289965973261,112,0,False,False,,,,,,,,,,,
margin,Coastal Carolina,scientific_f6_m4,-10.922279345345581,113,0,False,False,,,,,,,,,,,
margin,East Carolina,scientific_f6_m4,-11.002496487918156,114,0,False,False,,,,,,,,,,,
margin,Sam Houston,scientific_f6_m4,-11.016698986415923,115,0,False,False,,,,,,,,,,,
margin,Boston College,scientific_f6_m4,-11.174038526911245,116,0,False,False,,,,,,,,,,,
margin,Oregon State,scientific_f6_m4,-11.400385746194171,117,0,False,False,,,,,,,,,,,
margin,Florida Atlantic,scientific_f6_m4,-11.589248536524979,118,0,False,False,,,,,,,,,,,
margin,California,scientific_f6_m4,-11.592728966545602,119,0,False,False,,,,,,,,,,,
margin,Hawai'i,scientific_f6_m4,-12.002886745314193,120,0,False,False,,,,,,,,,,,
margin,Bowling Green,scientific_f6_m4,-12.172602365828684,121,0,False,False,,,,,,,,,,,
margin,Massachusetts,scientific_f6_m4,-12.205677237018584,122,0,False,False,,,,,,,,,,,
margin,UAB,scientific_f6_m4,-12.341806968524784,123,0,False,False,,,,,,,,,,,
margin,Oklahoma State,scientific_f6_m4,-12.516525831716146,124,0,False,False,,,,,,,,,,,
margin,Arkansas State,scientific_f6_m4,-12.531361679397333,125,0,False,False,,,,,,,,,,,
margin,Western Kentucky,scientific_f6_m4,-13.519660116583385,126,0,False,False,,,,,,,,,,,
margin,Missouri State,scientific_f6_m4,-13.806470769184568,127,0,False,False,,,,,,,,,,,
margin,Akron,scientific_f6_m4,-13.820170942396375,128,0,False,False,,,,,,,,,,,
margin,Miami (OH),scientific_f6_m4,-14.030498044653047,129,0,False,False,,,,,,,,,,,
margin,Northern Illinois,scientific_f6_m4,-14.557714890041542,130,0,False,False,,,,,,,,,,,
margin,Rutgers,scientific_f6_m4,-15.038364648280195,131,0,False,False,,,,,,,,,,,
margin,Central Michigan,scientific_f6_m4,-15.070986838011152,132,0,False,False,,,,,,,,,,,
margin,Ball State,scientific_f6_m4,-16.515628737523105,133,0,False,False,,,,,,,,,,,
margin,Wyoming,scientific_f6_m4,-16.527996147508585,134,0,False,False,,,,,,,,,,,
margin,Charlotte,scientific_f6_m4,-17.041310313597744,135,0,False,False,,,,,,,,,,,
margin,UL Monroe,scientific_f6_m4,-21.899476191986086,136,0,False,False,,,,,,,,,,,
margin,Kent State,scientific_f6_m4,-22.75555512493802,137,0,False,False,,,,,,,,,,,
margin,UTEP,scientific_f6_m4,-23.233713098252395,138,0,False,False,,,,,,,,,,,
margin,Georgia,scientific_f6_m5,38.22977066040039,1,25,True,True,,,,,,,,,,,
margin,Illinois,scientific_f6_m5,34.15888214111328,2,24,True,False,,,,,,,,,,,
margin,Michigan State,scientific_f6_m5,26.32843780517578,3,23,True,False,,,,,,,,,,,
margin,Iowa,scientific_f6_m5,23.666494369506836,4,22,True,False,,,,,,,,,,,
margin,Ohio State,scientific_f6_m5,22.064754486083984,5,21,True,False,,,,,,,,,,,
margin,Tennessee,scientific_f6_m5,21.399574279785156,6,20,True,False,,,,,,,,,,,
margin,Oregon,scientific_f6_m5,20.88473892211914,7,19,True,False,,,,,,,,,,,
margin,Notre Dame,scientific_f6_m5,19.927452087402344,8,18,True,False,,,,,,,,,,,
margin,Army,scientific_f6_m5,19.294475555419922,9,17,True,False,,,,,,,,,,,
margin,Michigan,scientific_f6_m5,19.268238067626953,10,16,True,False,,,,,,,,,,,
margin,UCF,scientific_f6_m5,18.329227447509766,11,15,True,False,,,,,,,,,,,
margin,Georgia Tech,scientific_f6_m5,17.786231994628906,12,14,True,False,,,,,,,,,,,
margin,USC,scientific_f6_m5,17.65541648864746,13,13,True,False,,,,,,,,,,,
margin,Alabama,scientific_f6_m5,16.886587142944336,14,12,True,False,,,,,,,,,,,
margin,Texas A&M,scientific_f6_m5,15.77226734161377,15,11,True,False,,,,,,,,,,,
margin,Nebraska,scientific_f6_m5,15.667613983154297,16,10,True,False,,,,,,,,,,,
margin,Wake Forest,scientific_f6_m5,15.369765281677246,17,9,True,False,,,,,,,,,,,
margin,Missouri,scientific_f6_m5,15.326903343200684,18,8,True,False,,,,,,,,,,,
margin,Texas,scientific_f6_m5,15.273256301879883,19,7,True,False,,,,,,,,,,,
margin,Indiana,scientific_f6_m5,14.661149978637695,20,6,True,False,,,,,,,,,,,
margin,Arizona State,scientific_f6_m5,14.648266792297363,21,5,True,False,,,,,,,,,,,
margin,Duke,scientific_f6_m5,12.221720695495605,22,4,True,False,,,,,,,,,,,
margin,LSU,scientific_f6_m5,12.18256950378418,23,3,True,False,,,,,,,,,,,
margin,Auburn,scientific_f6_m5,11.83218002319336,24,2,True,False,,,,,,,,,,,
margin,Vanderbilt,scientific_f6_m5,10.870184898376465,25,1,True,False,,,,,,,,,,,
margin,Mississippi State,scientific_f6_m5,10.628569602966309,26,0,False,False,,,,,,,,,,,
margin,Pittsburgh,scientific_f6_m5,10.359820365905762,27,0,False,False,,,,,,,,,,,
margin,Louisiana,scientific_f6_m5,10.09051513671875,28,0,False,False,,,,,,,,,,,
margin,Iowa State,scientific_f6_m5,9.97702407836914,29,0,False,False,,,,,,,,,,,
margin,Utah,scientific_f6_m5,9.958266258239746,30,0,False,False,,,,,,,,,,,
margin,Texas Tech,scientific_f6_m5,9.69642162322998,31,0,False,False,,,,,,,,,,,
margin,South Carolina,scientific_f6_m5,9.53121566772461,32,0,False,False,,,,,,,,,,,
margin,Kansas State,scientific_f6_m5,9.353764533996582,33,0,False,False,,,,,,,,,,,
margin,Florida,scientific_f6_m5,8.891602516174316,34,0,False,False,,,,,,,,,,,
margin,SMU,scientific_f6_m5,8.837444305419922,35,0,False,False,,,,,,,,,,,
margin,Miami,scientific_f6_m5,8.581170082092285,36,0,False,False,,,,,,,,,,,
margin,Washington,scientific_f6_m5,8.404258728027344,37,0,False,False,,,,,,,,,,,
margin,Ole Miss,scientific_f6_m5,8.137310028076172,38,0,False,False,,,,,,,,,,,
margin,Clemson,scientific_f6_m5,8.009997367858887,39,0,False,False,,,,,,,,,,,
margin,UConn,scientific_f6_m5,7.995461463928223,40,0,False,False,,,,,,,,,,,
margin,Navy,scientific_f6_m5,7.756084442138672,41,0,False,False,,,,,,,,,,,
margin,UCLA,scientific_f6_m5,6.828682899475098,42,0,False,False,,,,,,,,,,,
margin,Northwestern,scientific_f6_m5,6.807265281677246,43,0,False,False,,,,,,,,,,,
margin,Arkansas,scientific_f6_m5,6.803993225097656,44,0,False,False,,,,,,,,,,,
margin,BYU,scientific_f6_m5,6.463987350463867,45,0,False,False,,,,,,,,,,,
margin,Oklahoma,scientific_f6_m5,6.0016937255859375,46,0,False,False,,,,,,,,,,,
margin,Penn State,scientific_f6_m5,5.568155288696289,47,0,False,False,,,,,,,,,,,
margin,Memphis,scientific_f6_m5,5.205039978027344,48,0,False,False,,,,,,,,,,,
margin,Houston,scientific_f6_m5,5.0866827964782715,49,0,False,False,,,,,,,,,,,
margin,Florida State,scientific_f6_m5,4.678266525268555,50,0,False,False,,,,,,,,,,,
margin,South Florida,scientific_f6_m5,4.545321464538574,51,0,False,False,,,,,,,,,,,
margin,Arizona,scientific_f6_m5,4.530959129333496,52,0,False,False,,,,,,,,,,,
margin,South Alabama,scientific_f6_m5,4.249043941497803,53,0,False,False,,,,,,,,,,,
margin,Colorado,scientific_f6_m5,4.191701412200928,54,0,False,False,,,,,,,,,,,
margin,Kansas,scientific_f6_m5,4.138176918029785,55,0,False,False,,,,,,,,,,,
margin,Delaware,scientific_f6_m5,4.0082502365112305,56,0,False,False,,,,,,,,,,,
margin,North Carolina,scientific_f6_m5,3.9243640899658203,57,0,False,False,,,,,,,,,,,
margin,Southern Miss,scientific_f6_m5,3.8598341941833496,58,0,False,False,,,,,,,,,,,
margin,Air Force,scientific_f6_m5,3.5596227645874023,59,0,False,False,,,,,,,,,,,
margin,Louisville,scientific_f6_m5,3.4270377159118652,60,0,False,False,,,,,,,,,,,
margin,Coastal Carolina,scientific_f6_m5,3.1965036392211914,61,0,False,False,,,,,,,,,,,
margin,Tulane,scientific_f6_m5,1.741508960723877,62,0,False,False,,,,,,,,,,,
margin,Nevada,scientific_f6_m5,1.7094205617904663,63,0,False,False,,,,,,,,,,,
margin,UNLV,scientific_f6_m5,1.6736946105957031,64,0,False,False,,,,,,,,,,,
margin,New Mexico,scientific_f6_m5,1.6584465503692627,65,0,False,False,,,,,,,,,,,
margin,Cincinnati,scientific_f6_m5,1.0303419828414917,66,0,False,False,,,,,,,,,,,
margin,Minnesota,scientific_f6_m5,0.8379743099212646,67,0,False,False,,,,,,,,,,,
margin,Louisiana Tech,scientific_f6_m5,0.5024732351303101,68,0,False,False,,,,,,,,,,,
margin,Sacramento State,scientific_f6_m5,0.38056516647338867,69,0,False,False,,,,,,,,,,,
margin,Oklahoma State,scientific_f6_m5,-0.43511390686035156,70,0,False,False,,,,,,,,,,,
margin,Kentucky,scientific_f6_m5,-0.9766378402709961,71,0,False,False,,,,,,,,,,,
margin,West Virginia,scientific_f6_m5,-1.3513805866241455,72,0,False,False,,,,,,,,,,,
margin,East Carolina,scientific_f6_m5,-1.3843300342559814,73,0,False,False,,,,,,,,,,,
margin,Virginia Tech,scientific_f6_m5,-1.504492998123169,74,0,False,False,,,,,,,,,,,
margin,Virginia,scientific_f6_m5,-1.6157495975494385,75,0,False,False,,,,,,,,,,,
margin,Baylor,scientific_f6_m5,-1.6407949924468994,76,0,False,False,,,,,,,,,,,
margin,TCU,scientific_f6_m5,-1.8361265659332275,77,0,False,False,,,,,,,,,,,
margin,Ohio,scientific_f6_m5,-2.1815884113311768,78,0,False,False,,,,,,,,,,,
margin,Purdue,scientific_f6_m5,-2.8801586627960205,79,0,False,False,,,,,,,,,,,
margin,Western Kentucky,scientific_f6_m5,-3.030677080154419,80,0,False,False,,,,,,,,,,,
margin,Florida International,scientific_f6_m5,-3.422105073928833,81,0,False,False,,,,,,,,,,,
margin,San José State,scientific_f6_m5,-3.6734349727630615,82,0,False,False,,,,,,,,,,,
margin,Washington State,scientific_f6_m5,-3.8454344272613525,83,0,False,False,,,,,,,,,,,
margin,Jacksonville State,scientific_f6_m5,-4.557600021362305,84,0,False,False,,,,,,,,,,,
margin,Temple,scientific_f6_m5,-4.886176109313965,85,0,False,False,,,,,,,,,,,
margin,Liberty,scientific_f6_m5,-4.928473472595215,86,0,False,False,,,,,,,,,,,
margin,Akron,scientific_f6_m5,-5.006006240844727,87,0,False,False,,,,,,,,,,,
margin,Maryland,scientific_f6_m5,-5.025437355041504,88,0,False,False,,,,,,,,,,,
margin,Georgia Southern,scientific_f6_m5,-5.242241859436035,89,0,False,False,,,,,,,,,,,
margin,Kennesaw State,scientific_f6_m5,-5.605612754821777,90,0,False,False,,,,,,,,,,,
margin,UAB,scientific_f6_m5,-5.62578010559082,91,0,False,False,,,,,,,,,,,
margin,Western Michigan,scientific_f6_m5,-5.857804298400879,92,0,False,False,,,,,,,,,,,
margin,Syracuse,scientific_f6_m5,-5.916818618774414,93,0,False,False,,,,,,,,,,,
margin,NC State,scientific_f6_m5,-6.0553131103515625,94,0,False,False,,,,,,,,,,,
margin,Bowling Green,scientific_f6_m5,-6.59548282623291,95,0,False,False,,,,,,,,,,,
margin,Tulsa,scientific_f6_m5,-6.757312774658203,96,0,False,False,,,,,,,,,,,
margin,North Dakota State,scientific_f6_m5,-7.042932510375977,97,0,False,False,,,,,,,,,,,
margin,Old Dominion,scientific_f6_m5,-8.028501510620117,98,0,False,False,,,,,,,,,,,
margin,California,scientific_f6_m5,-8.13566780090332,99,0,False,False,,,,,,,,,,,
margin,Texas State,scientific_f6_m5,-8.139863967895508,100,0,False,False,,,,,,,,,,,
margin,Troy,scientific_f6_m5,-8.451459884643555,101,0,False,False,,,,,,,,,,,
margin,Sam Houston,scientific_f6_m5,-8.530661582946777,102,0,False,False,,,,,,,,,,,
margin,San Diego State,scientific_f6_m5,-8.912113189697266,103,0,False,False,,,,,,,,,,,
margin,Buffalo,scientific_f6_m5,-8.9619779586792,104,0,False,False,,,,,,,,,,,
margin,Boston College,scientific_f6_m5,-9.21458625793457,105,0,False,False,,,,,,,,,,,
margin,Boise State,scientific_f6_m5,-9.394115447998047,106,0,False,False,,,,,,,,,,,
margin,Georgia State,scientific_f6_m5,-9.435733795166016,107,0,False,False,,,,,,,,,,,
margin,Toledo,scientific_f6_m5,-9.855792999267578,108,0,False,False,,,,,,,,,,,
margin,James Madison,scientific_f6_m5,-10.129857063293457,109,0,False,False,,,,,,,,,,,
margin,Stanford,scientific_f6_m5,-10.367862701416016,110,0,False,False,,,,,,,,,,,
margin,App State,scientific_f6_m5,-10.368195533752441,111,0,False,False,,,,,,,,,,,
margin,Arkansas State,scientific_f6_m5,-11.85763168334961,112,0,False,False,,,,,,,,,,,
margin,Missouri State,scientific_f6_m5,-12.415741920471191,113,0,False,False,,,,,,,,,,,
margin,Rice,scientific_f6_m5,-12.546710014343262,114,0,False,False,,,,,,,,,,,
margin,Oregon State,scientific_f6_m5,-12.826313972473145,115,0,False,False,,,,,,,,,,,
margin,Fresno State,scientific_f6_m5,-13.421627044677734,116,0,False,False,,,,,,,,,,,
margin,Hawai'i,scientific_f6_m5,-13.462106704711914,117,0,False,False,,,,,,,,,,,
margin,Massachusetts,scientific_f6_m5,-13.92744255065918,118,0,False,False,,,,,,,,,,,
margin,Wisconsin,scientific_f6_m5,-14.00877571105957,119,0,False,False,,,,,,,,,,,
margin,UL Monroe,scientific_f6_m5,-14.20028305053711,120,0,False,False,,,,,,,,,,,
margin,Colorado State,scientific_f6_m5,-14.317316055297852,121,0,False,False,,,,,,,,,,,
margin,Rutgers,scientific_f6_m5,-16.281375885009766,122,0,False,False,,,,,,,,,,,
margin,Florida Atlantic,scientific_f6_m5,-17.051334381103516,123,0,False,False,,,,,,,,,,,
margin,New Mexico State,scientific_f6_m5,-17.187768936157227,124,0,False,False,,,,,,,,,,,
margin,Marshall,scientific_f6_m5,-17.58367156982422,125,0,False,False,,,,,,,,,,,
margin,Central Michigan,scientific_f6_m5,-17.676063537597656,126,0,False,False,,,,,,,,,,,
margin,Miami (OH),scientific_f6_m5,-18.18280792236328,127,0,False,False,,,,,,,,,,,
margin,Northern Illinois,scientific_f6_m5,-22.163280487060547,128,0,False,False,,,,,,,,,,,
margin,UTSA,scientific_f6_m5,-22.174236297607422,129,0,False,False,,,,,,,,,,,
margin,Eastern Michigan,scientific_f6_m5,-22.210519790649414,130,0,False,False,,,,,,,,,,,
margin,Ball State,scientific_f6_m5,-23.150394439697266,131,0,False,False,,,,,,,,,,,
margin,Charlotte,scientific_f6_m5,-23.70648956298828,132,0,False,False,,,,,,,,,,,
margin,UTEP,scientific_f6_m5,-23.996856689453125,133,0,False,False,,,,,,,,,,,
margin,Middle Tennessee,scientific_f6_m5,-26.051603317260742,134,0,False,False,,,,,,,,,,,
margin,North Texas,scientific_f6_m5,-27.053787231445312,135,0,False,False,,,,,,,,,,,
margin,Wyoming,scientific_f6_m5,-31.906028747558594,136,0,False,False,,,,,,,,,,,
margin,Kent State,scientific_f6_m5,-33.962955474853516,137,0,False,False,,,,,,,,,,,
margin,Utah State,scientific_f6_m5,-38.605464935302734,138,0,False,False,,,,,,,,,,,
margin,Georgia,scientific_f6_m10,30.35,1,25,True,True,,,,,,,,,,,
margin,Ohio State,scientific_f6_m10,26.95,2,24,True,False,,,,,,,,,,,
margin,Tennessee,scientific_f6_m10,25.1,3,23,True,False,,,,,,,,,,,
margin,Oklahoma,scientific_f6_m10,24.6,4,22,True,False,,,,,,,,,,,
margin,LSU,scientific_f6_m10,23.85,5,21,True,False,,,,,,,,,,,
margin,UCF,scientific_f6_m10,23.7,6,20,True,False,,,,,,,,,,,
margin,Arizona State,scientific_f6_m10,23.35,7,19,True,False,,,,,,,,,,,
margin,Kansas State,scientific_f6_m10,23.2,8,18,True,False,,,,,,,,,,,
margin,UConn,scientific_f6_m10,21.75,9,17,True,False,,,,,,,,,,,
margin,Texas A&M,scientific_f6_m10,21.7,10,16,True,False,,,,,,,,,,,
margin,Penn State,scientific_f6_m10,21.45,11,15,True,False,,,,,,,,,,,
margin,South Carolina,scientific_f6_m10,21.15,12,14,True,False,,,,,,,,,,,
margin,Mississippi State,scientific_f6_m10,20.6,13,13,True,False,,,,,,,,,,,
margin,Virginia Tech,scientific_f6_m10,20.4,14,12,True,False,,,,,,,,,,,
margin,Maryland,scientific_f6_m10,20.3,15,11,True,False,,,,,,,,,,,
margin,Ole Miss,scientific_f6_m10,20.05,16,10,True,False,,,,,,,,,,,
margin,Missouri,scientific_f6_m10,18.85,17,9,True,False,,,,,,,,,,,
margin,Florida,scientific_f6_m10,18.7,18,8,True,False,,,,,,,,,,,
margin,Kansas,scientific_f6_m10,18.65,19,7,True,False,,,,,,,,,,,
margin,Michigan,scientific_f6_m10,18.6,20,6,True,False,,,,,,,,,,,
margin,Louisiana Tech,scientific_f6_m10,18.55,21,5,True,False,,,,,,,,,,,
margin,Oregon,scientific_f6_m10,17.9,22,4,True,False,,,,,,,,,,,
margin,Indiana,scientific_f6_m10,17.55,23,3,True,False,,,,,,,,,,,
margin,USC,scientific_f6_m10,17.55,24,2,True,False,,,,,,,,,,,
margin,Arizona,scientific_f6_m10,17.15,25,1,True,False,,,,,,,,,,,
margin,Florida State,scientific_f6_m10,17.1,26,0,False,False,,,,,,,,,,,
margin,Miami,scientific_f6_m10,16.45,27,0,False,False,,,,,,,,,,,
margin,Iowa,scientific_f6_m10,16.4,28,0,False,False,,,,,,,,,,,
margin,Texas,scientific_f6_m10,15.95,29,0,False,False,,,,,,,,,,,
margin,App State,scientific_f6_m10,15.8,30,0,False,False,,,,,,,,,,,
margin,Kentucky,scientific_f6_m10,14.8,31,0,False,False,,,,,,,,,,,
margin,Notre Dame,scientific_f6_m10,14.2,32,0,False,False,,,,,,,,,,,
margin,Minnesota,scientific_f6_m10,13.15,33,0,False,False,,,,,,,,,,,
margin,Wake Forest,scientific_f6_m10,13.05,34,0,False,False,,,,,,,,,,,
margin,Louisville,scientific_f6_m10,12.8,35,0,False,False,,,,,,,,,,,
margin,Alabama,scientific_f6_m10,12.65,36,0,False,False,,,,,,,,,,,
margin,Nebraska,scientific_f6_m10,12.2,37,0,False,False,,,,,,,,,,,
margin,Purdue,scientific_f6_m10,12.15,38,0,False,False,,,,,,,,,,,
margin,BYU,scientific_f6_m10,12.0,39,0,False,False,,,,,,,,,,,
margin,Syracuse,scientific_f6_m10,12.0,40,0,False,False,,,,,,,,,,,
margin,Army,scientific_f6_m10,11.9,41,0,False,False,,,,,,,,,,,
margin,Georgia State,scientific_f6_m10,11.8,42,0,False,False,,,,,,,,,,,
margin,Utah,scientific_f6_m10,11.7,43,0,False,False,,,,,,,,,,,
margin,UNLV,scientific_f6_m10,11.6,44,0,False,False,,,,,,,,,,,
margin,Colorado State,scientific_f6_m10,11.375,45,0,False,False,,,,,,,,,,,
margin,Georgia Southern,scientific_f6_m10,10.95,46,0,False,False,,,,,,,,,,,
margin,Duke,scientific_f6_m10,10.85,47,0,False,False,,,,,,,,,,,
margin,Illinois,scientific_f6_m10,9.8,48,0,False,False,,,,,,,,,,,
margin,Air Force,scientific_f6_m10,9.55,49,0,False,False,,,,,,,,,,,
margin,Pittsburgh,scientific_f6_m10,9.4,50,0,False,False,,,,,,,,,,,
margin,SMU,scientific_f6_m10,9.4,51,0,False,False,,,,,,,,,,,
margin,Virginia,scientific_f6_m10,9.35,52,0,False,False,,,,,,,,,,,
margin,Texas Tech,scientific_f6_m10,9.25,53,0,False,False,,,,,,,,,,,
margin,Stanford,scientific_f6_m10,8.9,54,0,False,False,,,,,,,,,,,
margin,TCU,scientific_f6_m10,8.75,55,0,False,False,,,,,,,,,,,
margin,Washington,scientific_f6_m10,8.7,56,0,False,False,,,,,,,,,,,
margin,Cincinnati,scientific_f6_m10,8.225,57,0,False,False,,,,,,,,,,,
margin,UTSA,scientific_f6_m10,8.15,58,0,False,False,,,,,,,,,,,
margin,Boston College,scientific_f6_m10,7.75,59,0,False,False,,,,,,,,,,,
margin,Memphis,scientific_f6_m10,7.55,60,0,False,False,,,,,,,,,,,
margin,Wisconsin,scientific_f6_m10,7.35,61,0,False,False,,,,,,,,,,,
margin,Southern Miss,scientific_f6_m10,7.2,62,0,False,False,,,,,,,,,,,
margin,UCLA,scientific_f6_m10,7.15,63,0,False,False,,,,,,,,,,,
margin,Michigan State,scientific_f6_m10,6.75,64,0,False,False,,,,,,,,,,,
margin,Arkansas,scientific_f6_m10,6.7,65,0,False,False,,,,,,,,,,,
margin,Houston,scientific_f6_m10,6.35,66,0,False,False,,,,,,,,,,,
margin,San José State,scientific_f6_m10,5.6,67,0,False,False,,,,,,,,,,,
margin,Vanderbilt,scientific_f6_m10,5.1,68,0,False,False,,,,,,,,,,,
margin,West Virginia,scientific_f6_m10,5.05,69,0,False,False,,,,,,,,,,,
margin,Kennesaw State,scientific_f6_m10,4.55,70,0,False,False,,,,,,,,,,,
margin,Georgia Tech,scientific_f6_m10,3.95,71,0,False,False,,,,,,,,,,,
margin,Navy,scientific_f6_m10,3.75,72,0,False,False,,,,,,,,,,,
margin,Iowa State,scientific_f6_m10,3.3,73,0,False,False,,,,,,,,,,,
margin,Baylor,scientific_f6_m10,2.35,74,0,False,False,,,,,,,,,,,
margin,Louisiana,scientific_f6_m10,2.15,75,0,False,False,,,,,,,,,,,
margin,Auburn,scientific_f6_m10,1.9,76,0,False,False,,,,,,,,,,,
margin,New Mexico,scientific_f6_m10,1.9,77,0,False,False,,,,,,,,,,,
margin,San Diego State,scientific_f6_m10,1.35,78,0,False,False,,,,,,,,,,,
margin,James Madison,scientific_f6_m10,0.9,79,0,False,False,,,,,,,,,,,
margin,Colorado,scientific_f6_m10,0.7,80,0,False,False,,,,,,,,,,,
margin,South Florida,scientific_f6_m10,0.6,81,0,False,False,,,,,,,,,,,
margin,North Carolina,scientific_f6_m10,0.45,82,0,False,False,,,,,,,,,,,
margin,South Alabama,scientific_f6_m10,0.4,83,0,False,False,,,,,,,,,,,
margin,Liberty,scientific_f6_m10,-0.375,84,0,False,False,,,,,,,,,,,
margin,Northwestern,scientific_f6_m10,-0.45,85,0,False,False,,,,,,,,,,,
margin,Toledo,scientific_f6_m10,-0.45,86,0,False,False,,,,,,,,,,,
margin,Tulane,scientific_f6_m10,-0.95,87,0,False,False,,,,,,,,,,,
margin,Florida International,scientific_f6_m10,-1.2,88,0,False,False,,,,,,,,,,,
margin,Delaware,scientific_f6_m10,-1.35,89,0,False,False,,,,,,,,,,,
margin,Eastern Michigan,scientific_f6_m10,-1.65,90,0,False,False,,,,,,,,,,,
margin,Coastal Carolina,scientific_f6_m10,-2.0,91,0,False,False,,,,,,,,,,,
margin,Rice,scientific_f6_m10,-2.1,92,0,False,False,,,,,,,,,,,
margin,Utah State,scientific_f6_m10,-2.375,93,0,False,False,,,,,,,,,,,
margin,Middle Tennessee,scientific_f6_m10,-2.45,94,0,False,False,,,,,,,,,,,
margin,UAB,scientific_f6_m10,-2.475,95,0,False,False,,,,,,,,,,,
margin,Tulsa,scientific_f6_m10,-2.6,96,0,False,False,,,,,,,,,,,
margin,Nevada,scientific_f6_m10,-2.65,97,0,False,False,,,,,,,,,,,
margin,Boise State,scientific_f6_m10,-2.7,98,0,False,False,,,,,,,,,,,
margin,Sacramento State,scientific_f6_m10,-3.35,99,0,False,False,,,,,,,,,,,
margin,Jacksonville State,scientific_f6_m10,-3.6,100,0,False,False,,,,,,,,,,,
margin,Buffalo,scientific_f6_m10,-4.025,101,0,False,False,,,,,,,,,,,
margin,Washington State,scientific_f6_m10,-4.6,102,0,False,False,,,,,,,,,,,
margin,Hawai'i,scientific_f6_m10,-5.15,103,0,False,False,,,,,,,,,,,
margin,Sam Houston,scientific_f6_m10,-5.15,104,0,False,False,,,,,,,,,,,
margin,Oklahoma State,scientific_f6_m10,-5.6,105,0,False,False,,,,,,,,,,,
margin,Charlotte,scientific_f6_m10,-6.2,106,0,False,False,,,,,,,,,,,
margin,Old Dominion,scientific_f6_m10,-6.325,107,0,False,False,,,,,,,,,,,
margin,Rutgers,scientific_f6_m10,-6.7,108,0,False,False,,,,,,,,,,,
margin,Temple,scientific_f6_m10,-7.0,109,0,False,False,,,,,,,,,,,
margin,NC State,scientific_f6_m10,-7.45,110,0,False,False,,,,,,,,,,,
margin,Massachusetts,scientific_f6_m10,-7.8,111,0,False,False,,,,,,,,,,,
margin,Troy,scientific_f6_m10,-8.65,112,0,False,False,,,,,,,,,,,
margin,Arkansas State,scientific_f6_m10,-8.7,113,0,False,False,,,,,,,,,,,
margin,Bowling Green,scientific_f6_m10,-8.7,114,0,False,False,,,,,,,,,,,
margin,Texas State,scientific_f6_m10,-9.05,115,0,False,False,,,,,,,,,,,
margin,Akron,scientific_f6_m10,-9.275,116,0,False,False,,,,,,,,,,,
margin,Western Michigan,scientific_f6_m10,-9.8,117,0,False,False,,,,,,,,,,,
margin,New Mexico State,scientific_f6_m10,-10.4,118,0,False,False,,,,,,,,,,,
margin,North Dakota State,scientific_f6_m10,-11.025,119,0,False,False,,,,,,,,,,,
margin,East Carolina,scientific_f6_m10,-11.3,120,0,False,False,,,,,,,,,,,
margin,Oregon State,scientific_f6_m10,-11.3,121,0,False,False,,,,,,,,,,,
margin,California,scientific_f6_m10,-12.1,122,0,False,False,,,,,,,,,,,
margin,Marshall,scientific_f6_m10,-12.25,123,0,False,False,,,,,,,,,,,
margin,Wyoming,scientific_f6_m10,-12.5,124,0,False,False,,,,,,,,,,,
margin,Fresno State,scientific_f6_m10,-13.25,125,0,False,False,,,,,,,,,,,
margin,North Texas,scientific_f6_m10,-14.3,126,0,False,False,,,,,,,,,,,
margin,Miami (OH),scientific_f6_m10,-15.6,127,0,False,False,,,,,,,,,,,
margin,UL Monroe,scientific_f6_m10,-16.05,128,0,False,False,,,,,,,,,,,
margin,Northern Illinois,scientific_f6_m10,-16.1,129,0,False,False,,,,,,,,,,,
margin,Ohio,scientific_f6_m10,-16.1,130,0,False,False,,,,,,,,,,,
margin,Ball State,scientific_f6_m10,-16.2,131,0,False,False,,,,,,,,,,,
margin,Clemson,scientific_f6_m10,-16.3,132,0,False,False,,,,,,,,,,,
margin,UTEP,scientific_f6_m10,-17.65,133,0,False,False,,,,,,,,,,,
margin,Central Michigan,scientific_f6_m10,-18.0,134,0,False,False,,,,,,,,,,,
margin,Western Kentucky,scientific_f6_m10,-18.9,135,0,False,False,,,,,,,,,,,
margin,Kent State,scientific_f6_m10,-21.35,136,0,False,False,,,,,,,,,,,
margin,Florida Atlantic,scientific_f6_m10,-21.5,137,0,False,False,,,,,,,,,,,
margin,Missouri State,scientific_f6_m10,-23.65,138,0,False,False,,,,,,,,,,,
