target_game_id,season,residual_M1,residual_M2,residual_M3,residual_M4,residual_M5,residual_M10,residual_F19_equal_consensus
401403855,2022,-0.05612744229,0.5216493567,-1.838832319,-1.004678763,-0.659858942,-0.55,-0.5979746848
401403859,2022,8.583498603,8.548449875,7.86697675,9.883497202,10.20976877,6.625,8.619531867
401403861,2022,8.862821878,8.688612791,8.350682733,11.80091873,8.336215854,7.3,8.88987533
401403863,2022,8.375371722,10.26089747,9.768612135,7.180616151,5.733161211,6.225,7.923943116
401403864,2022,13.0672238,13.82777422,12.1913705,9.858547938,16.39767027,14.825,13.36126445
401403868,2022,21.02627928,19.52987316,16.84009666,17.84081556,18.31938386,19.3,18.80940809
401403869,2022,6.198104897,5.272913966,3.639072935,5.565676489,9.459180355,5.55,5.94749144
401403870,2022,-16.24217365,-16.20230099,-16.63840317,-15.72480199,-14.03660285,-18.15,-16.16571378
401403875,2022,-8.904049924,-8.479257592,-7.843595622,-9.193532322,-4.801586151,-11.725,-8.491170268
401403876,2022,20.23087374,20.03424168,19.07367229,19.50568877,22.72636557,16.5,19.67847367
401403877,2022,2.319447236,-0.7501703565,0.8808463337,2.286961381,-4.453772306,-0.975,-0.1152812854
401403878,2022,-19.62778876,-19.89984757,-19.95781444,-19.66053666,-13.42560101,-29.325,-20.31609807
401403879,2022,-8.403363477,-6.51773773,-7.953093111,-6.611004697,-7.037957072,-7.525,-7.341359348
401403880,2022,4.837247263,7.033189005,6.257954885,5.855046589,10.58370209,11.05,7.602856638
401403882,2022,-28.76292544,-26.75253674,-27.7795541,-25.25780573,-27.81076026,-30.425,-27.79809705
401403886,2022,-22.92953247,-23.8897975,-25.98383177,-26.64638395,-19.46309566,-31.6,-25.08544023
401403888,2022,-15.07959062,-14.02627763,-14.92563245,-13.32194793,-18.27920866,-16.225,-15.30960955
401403891,2022,-11.94427093,-12.21580192,-11.62334246,-11.5603145,-12.25659752,-14.45,-12.34172122
401403892,2022,12.00705746,11.56874429,10.30847879,12.63373059,10.87318873,10.325,11.28603331
401403893,2022,1.139657321,1.198131399,1.228286736,1.267319772,5.030173779,-3.4,1.077261501
401403894,2022,-4.262044183,-4.646750793,-5.710011372,-4.395778642,-2.67954731,-7.85,-4.92402205
401403895,2022,-29.35987121,-28.58470785,-27.79225872,-27.37703378,-31.22561765,-32.8,-29.5232482
401403896,2022,-18.36144206,-19.31169946,-20.48748639,-20.30681481,-22.94588995,-18.525,-19.98972211
401403898,2022,-13.4502318,-12.25953976,-12.5401945,-13.07159163,-12.34858406,-13.7,-12.89502362
401403899,2022,-0.2874917382,-0.352568191,-1.035093717,-2.468005096,0.4768976271,-3.9,-1.261043519
401403902,2022,-4.796314163,-5.305344397,-5.643790627,-4.898997917,-4.476697445,-13.125,-6.374357425
401403905,2022,-3.496642211,-2.382053848,-2.815753701,-6.844960826,-3.587327957,-9.075,-4.700289757
401403906,2022,12.62243368,14.35771932,14.92996635,12.77201274,13.40479553,14.9,13.8311546
401403907,2022,27.82277672,27.2995988,26.91668236,27.31975832,27.96130419,27.8,27.52002006
401403909,2022,-20.9498713,-19.99197944,-18.06162482,-20.64029059,-17.33273125,-18.675,-19.27524957
401403911,2022,3.272746377,2.586950099,2.235756461,6.6626729,-2.327820778,4.225,2.775884177
401403912,2022,-13.85489613,-14.70820889,-12.7744408,-13.99509621,-16.89929867,-15.6,-14.63865678
401403914,2022,14.09596347,15.10246545,16.81513396,17.71860854,16.99385309,10.4,15.18767075
401403915,2022,-7.565655272,-6.538235908,-9.246287579,-6.841361496,-8.591894984,-11.95,-8.45557254
401403916,2022,-18.64059489,-17.67064628,-15.20658287,-18.43501063,-17.30358046,-21.075,-18.05523585
401403918,2022,17.63539696,16.70817476,17.583087,22.22718957,15.4782052,16.25,17.64700892
401403919,2022,14.51044436,12.00800774,12.75336697,12.85205355,13.9659358,14.3,13.3983014
401403920,2022,-1.909864978,-1.538315311,0.2497893568,0.5986888722,-1.976249993,-4.3,-1.479325342
401403921,2022,11.51241926,11.01384698,8.439890785,9.635141809,8.035250664,6.05,9.114424916
401403922,2022,2.496037539,3.650831415,3.271104415,0.6879258246,7.146080017,1.175,3.071163202
401403924,2022,-10.50160169,-11.24203129,-10.48402169,-8.698381236,-11.93519807,-12.675,-10.92270566
401403925,2022,8.586091101,10.2465118,8.844237564,8.218008615,5.697630405,8.85,8.407079915
401403927,2022,-10.0534821,-9.531173911,-8.895524475,-8.408107117,-12.5421679,-12.225,-10.27590925
401403929,2022,-16.72587325,-15.17414061,-16.79501456,-18.42567632,-17.71768403,-13.125,-16.32723146
401403930,2022,26.61518563,27.19071017,28.48478072,26.11719546,25.75978124,26.65,26.80294221
401403931,2022,-0.1098582536,0.4065588389,0.795827962,0.3594265724,0.7057659626,-8.325,-1.02787982
401403932,2022,-16.45803841,-16.05576425,-16.11170926,-19.77793722,-13.74870276,-14.8,-16.15869199
401403933,2022,5.400390642,3.177225509,4.832815546,4.84110431,2.075692892,2.5,3.80453815
401403935,2022,-6.904790193,-6.548913462,-6.522280043,-6.64584737,-12.71497345,-9.575,-8.151967419
401403936,2022,-4.319910171,-4.608789013,-4.024421202,-1.78166884,-5.909220815,-4.7625,-4.23441834
401403938,2022,-4.677429559,-4.019983231,-5.000704731,-3.703026236,-5.564773083,-6.275,-4.87348614
401403940,2022,2.128342517,1.734906301,0.4760419774,1.601285707,2.799592972,-1.4,1.223361579
401403942,2022,-18.63586147,-20.23483534,-19.27930826,-19.41771557,-19.86534953,-14.3375,-18.62842836
401403943,2022,6.226409993,5.937458412,6.477542885,5.528464623,6.05073595,-0.45,4.961768644
401403944,2022,-9.528432249,-8.17357173,-9.145248384,-7.830031585,-8.758769155,-14.775,-9.701842184
401403945,2022,21.17939805,22.84721122,20.35161888,23.97304766,28.24868107,19.2,22.63332615
401403947,2022,16.0748152,15.92222095,14.98885672,17.41482253,16.41671753,8.5,14.88623882
401403949,2022,12.648821,12.8458785,8.493233595,11.35050933,11.16530013,10.775,11.21312376
401403952,2022,3.248918675,2.052684197,0.2502766337,2.985732547,6.046275139,5.1,3.280647865
401403953,2022,50.04148409,48.80119035,52.81683929,48.14355205,49.25982308,53.525,50.43131481
401403956,2022,-3.306640571,-4.651218627,-1.985060933,-1.950596401,-1.441841602,-3.325,-2.776726356
401403957,2022,-0.7592107836,-0.807029367,-0.7052970208,0.6601119337,-2.033896446,-7.2,-1.807553614
401403959,2022,-13.76764088,-14.27353597,-13.60005405,-11.47267227,-7.883223057,-14.125,-12.52035437
401403960,2022,9.619883481,8.908108424,8.826643906,9.861068727,14.38319111,8.625,10.03731594
401403961,2022,5.352012601,5.09105239,4.488442642,6.491244709,5.223134279,4.05,5.115981104
401403962,2022,-16.63121797,-14.75472224,-15.01466143,-14.29370322,-14.45318675,-16.525,-15.2787486
401403964,2022,-41.51327595,-40.09853073,-41.87427228,-39.90516866,-45.27880573,-37.75,-41.07000889
401403967,2022,-24.51836291,-24.28125332,-24.59518602,-24.3712451,-22.85485744,-23.125,-23.9576508
401403969,2022,15.21368805,15.31642242,14.26446133,14.74394277,10.94838047,17.4,14.64781584
401403971,2022,3.763550151,4.6437932,3.899955094,4.588007558,7.033322811,2.1,4.338104802
401403975,2022,8.679266563,6.670750523,5.571964687,6.136849054,6.554971457,5.625,6.539800381
401403976,2022,-6.525796834,-4.628918599,-3.864524009,-7.275089919,-9.859865427,-5.375,-6.254865798
401403977,2022,10.83209916,13.53458094,13.39581728,12.96383034,19.31451893,15.9,14.32347444
401403986,2022,-29.37046324,-29.69205569,-27.45699633,-30.00152272,-30.18557572,-27.075,-28.96360228
401403988,2022,11.29512957,13.69980525,15.66220861,11.86220266,13.30989504,12.275,13.01737352
401403993,2022,7.265717159,4.849731727,3.914520542,3.964483038,9.771483421,10.05,6.635989315
401403996,2022,16.25972203,15.43205418,14.83975934,15.39435444,16.59649181,15.275,15.63289697
401403997,2022,-4.562140453,-4.418376337,-1.377269542,-5.076468613,-3.325198293,-9.075,-4.63907554
401403998,2022,-5.539712157,-4.78929132,-5.527038661,-6.435004196,0.1647014618,-11.525,-5.608557479
401404002,2022,4.072527371,4.49395668,5.225296683,5.667481187,6.278392911,8.125,5.643775805
401404006,2022,15.1918961,15.61690855,14.74960401,13.01902344,14.31066656,18.025,15.15218311
401404010,2022,3.230019015,5.017208369,4.821302992,2.089660823,-0.6010456085,4.775,3.222024265
401404011,2022,14.22858437,12.61323434,14.01047695,14.73943254,15.65383196,6.125,12.89509336
401404014,2022,21.07415567,22.99402293,19.50077112,22.30162894,29.73869133,21.9,22.91821167
401404018,2022,-3.313770268,-1.138643159,-2.572026913,-4.360448477,-3.788345337,-0.225,-2.566372359
401404020,2022,10.42211314,9.065503688,11.4544127,10.1860295,8.543684244,8.5,9.695290547
401404023,2022,4.329728481,6.229892009,3.359966074,4.015873421,8.289273024,1.775,4.666622168
401404025,2022,9.822757547,7.777503102,9.082234547,10.77407747,13.64664745,7.025,9.688036687
401404027,2022,8.226954292,8.576004399,8.015540003,5.926044985,2.517056465,2.65,5.985266691
401404028,2022,-3.058324433,-2.932312137,-1.38452385,-1.916226173,-1.298541427,-4.425,-2.502488003
401404034,2022,-25.20051881,-24.1389046,-24.39563243,-25.04360453,-25.04191309,-30,-25.63676224
401404036,2022,14.3185209,16.32456107,15.00207296,14.26910759,15.30234277,11.525,14.45693422
401404038,2022,11.47951827,11.08237911,12.5656468,10.93580025,10.5796653,8.35,10.83216829
401404040,2022,-14.82843025,-16.61477882,-15.69918692,-14.47990155,-20.64874315,-16.65,-16.48684012
401404041,2022,3.466301325,2.874741335,2.840733262,2.827069683,1.847507209,-3.375,1.746892136
401404045,2022,-1.935573853,-0.179642634,0.006737232135,-1.776848316,4.989764214,-5.25,-0.6909272262
401404046,2022,5.089488835,4.687070623,4.105279978,3.586186466,3.700229764,5.525,4.448875944
401404048,2022,-11.88730616,-11.48995797,-12.20483716,-15.46255956,-9.030489445,-11.525,-11.93335838
401404049,2022,-0.9740924844,-2.473133845,-4.309804109,-4.380336798,-5.428618908,-4.05,-3.602664357
401404059,2022,4.321874079,3.886388612,3.31500716,4.301630107,4.408842951,7.075,4.551457151
401404062,2022,3.130012342,4.748406653,4.345163011,3.725839789,1.617016315,-1.4,2.694406352
401404064,2022,-6.841847923,-6.252779277,-3.383169381,-8.34762179,-7.300581336,-10.8,-7.154333284
401404065,2022,-24.72819675,-26.33354048,-23.83618183,-26.38796248,-24.40704346,-25.625,-25.21965417
401404068,2022,-24.16075042,-26.15548797,-24.57647233,-22.99733959,-30.86277962,-27.225,-25.99630499
401404069,2022,14.04850325,13.96566557,12.78978837,14.08315738,18.78363705,11.85,14.2534586
401404071,2022,4.208166907,4.893856316,6.265939801,3.845310593,8.070179939,8.075,5.893075593
401404074,2022,-20.47878747,-21.41159262,-20.24084125,-20.01151616,-14.64615917,-20.6,-19.56481611
401404079,2022,0.0171119212,1.036946438,0.06589264953,3.166990183,-2.312521219,-1.9,0.01240332871
401404080,2022,-7.101256801,-7.041397513,-8.068154912,-8.897497519,-4.730822563,-3.8,-6.606521551
401404083,2022,-13.75109134,-12.8971845,-9.781503698,-13.24747147,-12.78121436,-15.525,-12.99724423
401404084,2022,4.527906841,5.90047298,5.763580887,3.591456408,5.69474411,5.775,5.208860204
401404087,2022,9.842813364,10.08250309,8.117492582,9.065601105,5.868360043,5.8,8.129461698
401404088,2022,1.735806671,1.482356358,2.384651158,0.500989441,2.108437061,-3.45,0.7937067815
401404092,2022,7.353196359,7.321553847,7.12065234,5.553802924,3.5674541,12.55,7.244443262
401404093,2022,-15.2996077,-14.06036145,-16.45970628,-13.19075681,-16.57869101,-20.125,-15.95235388
401404096,2022,1.412693811,0.4120044439,0.2105887619,1.920696661,-1.597518921,-5.325,-0.4944225404
401404098,2022,15.99309073,14.47178924,14.74576253,11.63467257,11.12187147,15.7375,13.95078109
401404102,2022,45.21040804,45.36196532,45.1529093,43.33563875,45.95758921,41.2,44.36975177
401404105,2022,12.03125372,11.86030675,13.2346981,9.940855073,12.6952281,11.375,11.85622362
401404106,2022,17.00178074,17.65594893,14.62362561,14.952994,18.26081431,14.125,16.1033606
401404107,2022,-2.706801556,-4.252138166,-3.420016326,-5.121356171,-0.133918047,1.575,-2.343205044
401404109,2022,-31.03283153,-31.1423072,-32.44183835,-31.43424649,-29.11471462,-29.275,-30.74015636
401404110,2022,7.913019744,8.481994611,9.705007159,7.310262333,7.456195831,6.7875,7.942329946
401404116,2022,-32.16210832,-31.90048812,-31.76101828,-30.56844242,-30.11314249,-33.6,-31.68419994
401404117,2022,-7.693817396,-8.787001711,-9.40225724,-6.277260422,-13.22889328,-11.425,-9.469038342
401404119,2022,0.6791960818,1.081854354,-1.452290743,-2.939308817,-3.568916798,0.075,-1.02074432
401404121,2022,8.607390854,7.472836409,6.546111892,8.453157179,2.64084053,7.525,6.874222811
401404123,2022,-10.29865396,-9.538167646,-8.064909811,-8.429687365,-12.68336248,-11.4,-10.06913021
401404134,2022,8.371319981,7.90194426,8.993679879,7.768526044,12.4380126,6.8,8.712247127
401404137,2022,-24.19021538,-24.23285019,-25.73836561,-26.11236565,-26.67267549,-18.8875,-24.30566205
401404138,2022,20.21510287,18.10045395,20.71433398,20.58626408,21.59158278,21.7375,20.49087294
401404140,2022,15.77579903,17.94991808,17.65494393,16.32679714,16.89667189,22.1625,17.79443834
401404141,2022,1.617232767,1.492728941,3.432618804,3.102878382,5.911426067,5.15,3.451147493
401404145,2022,5.663250969,6.199916714,6.133001983,3.996199553,4.917758584,10.65,6.2600213
401404157,2022,1.053334387,2.844733465,1.30549485,-0.790912627,1.75153327,-0.1,1.010697224
401404159,2022,-16.5789501,-16.11829621,-15.51288363,-17.77411274,-19.3857305,-16.325,-16.9491622
401404161,2022,-9.571252962,-8.520353915,-8.180038863,-9.864884813,-9.907919586,-9.5125,-9.25949169
401404163,2022,35.93932465,32.94801091,32.86243056,36.33642178,29.12616491,36.275,33.9145588
401404166,2022,-58.16509872,-59.08344796,-59.91570213,-60.99258832,-60.09276032,-58.425,-59.44576624
401405064,2022,-0.7120750919,0.5471612782,0.630283521,-0.09739268323,-2.102711201,1.825,0.0150443039
401405066,2022,-3.222381205,-3.48194369,-6.359784082,-3.803155515,-2.122779131,-2.7,-3.615007271
401405067,2022,12.88430748,14.0130002,15.22815028,15.96156778,18.10517502,13.425,14.93620013
401405069,2022,-10.1416307,-9.135288622,-11.19795507,-9.92084529,-13.82716036,-12.725,-11.15798001
401405070,2022,16.85169892,17.73454073,19.0502185,18.07416475,18.21478558,14.475,17.40006808
401405073,2022,-16.69271486,-17.23926603,-17.99265834,-18.0925618,-13.51628971,-18.2,-16.95558179
401405077,2022,-8.649628036,-5.952290824,-5.880828921,-9.907106464,5.366084099,-3.1,-4.687295024
401405079,2022,-11.4674598,-11.75117847,-9.467959762,-10.1057258,-13.51526761,-11.925,-11.37209857
401405080,2022,9.618249506,9.558470444,10.02729963,9.086947717,11.27477956,9.325,9.815124476
401405084,2022,0.3880111435,1.312108925,-2.695934562,1.134678963,2.693781614,0.6,0.5721076808
401405085,2022,22.34626073,21.65537506,21.41337374,21.67250971,28.23905087,21.625,22.82526168
401405088,2022,24.69183836,25.67154235,24.48285561,24.56647007,21.99934101,27.225,24.77284123
401405089,2022,18.21276105,18.02131989,19.51259021,16.70177099,15.45872784,19.175,17.84702833
401405091,2022,-9.618158706,-8.277973584,-5.667390607,-7.088829065,-6.031002522,-5.3,-6.997225747
401405092,2022,-22.4554853,-22.31860162,-18.07845017,-20.68249588,-23.73633873,-22.575,-21.64106195
401405093,2022,-11.66664229,-9.855257224,-7.625547072,-9.7513579,-14.99993801,-10.15,-10.67479042
401405095,2022,10.24433856,13.5341663,12.08103036,12.51661644,11.6033175,16.375,12.72574486
401405096,2022,3.74797745,4.376289922,5.597507412,5.0091342,5.336056948,9.075,5.523660989
401405097,2022,-10.30503267,-8.86730929,-10.27952961,-11.54725136,-7.869713068,-13.5,-10.394806
401405098,2022,-8.56859778,-7.740199753,-5.945429862,-9.959171648,-6.217627048,-5.55,-7.330171015
401405099,2022,-27.68037642,-30.35929701,-27.83989244,-30.25890158,-26.56561708,-28.375,-28.51318076
401405100,2022,-1.672368734,-1.153155341,-0.08914112216,1.92130781,-1.635436177,-1.175,-0.6339655941
401405101,2022,-19.92061853,-19.55935948,-19.93266896,-20.32053061,-20.65043628,-28.325,-21.45143565
401405102,2022,7.752597508,8.413418294,7.297096972,6.008802549,9.055663466,8.7,7.871263132
401405103,2022,6.527699243,6.733208654,8.367341331,6.191490416,6.012730539,12.6,7.73874503
401405104,2022,-1.07052671,-0.522048588,-0.8975694853,-1.37359128,1.79323411,2.35,0.04658300783
401405105,2022,-14.50564865,-15.2277053,-14.91881865,-16.98950077,-12.41615725,-14.725,-14.79713844
401405106,2022,-0.4626241428,0.3844435018,0.2718306846,1.712279379,2.548496485,-2.225,0.3715709846
401405107,2022,-25.36538373,-23.77743447,-22.33938227,-24.23913432,-23.01671422,-27.05,-24.29800817
401405108,2022,3.485064002,3.091769692,3.023666638,6.685484236,4.564359188,6.55,4.566723959
401405109,2022,-4.463254258,-4.083590875,-4.601347194,-6.131504198,-9.208953857,-5.55,-5.673108397
401405110,2022,0.1131271234,-0.6941898299,-0.6980860973,-1.690645469,-7.594040394,3.45,-1.185639111
401405111,2022,2.730617918,2.30360658,0.9576868067,3.032271532,1.530139208,5.15,2.617387007
401405112,2022,15.863786,17.31083721,17.7587837,16.50342766,17.8445673,9.475,15.79273364
401405113,2022,-7.774946709,-7.706387317,-7.979545366,-3.33064936,-5.930252075,-2.975,-5.949463471
401405114,2022,6.609658417,6.347133205,5.255857329,7.444785083,3.362738609,5.775,5.799195441
401405115,2022,16.95859834,17.44746067,14.3328957,16.30534979,13.72845483,13.375,15.35795989
401405116,2022,12.58296446,14.16896501,15.77523618,17.25797951,17.60342789,12.775,15.02726217
401405117,2022,11.17288908,10.58100561,9.454822469,9.018493803,7.356484652,14.85,10.40561594
401405118,2022,-7.354209268,-7.070668687,-6.506240424,-8.924686765,-10.00713634,-10.8,-8.443823582
401405119,2022,13.9367259,14.34913934,14.05445097,13.20880407,16.09665513,16.55,14.6992959
401405120,2022,23.63328496,24.55592621,26.39282563,25.30437117,25.70361114,19.75,24.22333652
401405121,2022,4.14122607,4.950009018,2.593036862,3.949217883,3.51095742,0.875,3.336574542
401405122,2022,8.368485494,9.213555885,13.62016387,5.128349237,13.08107233,8.775,9.697771136
401405123,2022,17.99618798,17.05828766,17.07628932,18.03909472,19.08048534,17.75,17.83339084
401405124,2022,-8.460407871,-8.59440646,-5.58475836,-7.718034794,-8.440646887,-6.2,-7.499709062
401405125,2022,0.325130893,0.2816525935,0.8147997239,-2.771482062,-2.252345443,-0.8,-0.7337073824
401405126,2022,5.329330347,4.493709446,6.80299958,3.287095004,-3.009455204,2.475,3.229779862
401405127,2022,-24.75708661,-23.54892154,-23.26720051,-23.25171952,-29.05499554,-25.8,-24.94665395
401405128,2022,7.750506364,8.238174411,12.51305664,10.30842185,11.33630347,9.4,9.924410456
401405129,2022,25.95324404,25.96936872,26.15754057,23.78660766,21.46862888,21.675,24.16839831
401405130,2022,-23.26316808,-23.88045176,-20.41945851,-22.93445557,-22.61294031,-28.2,-23.55174571
401405131,2022,8.644903099,9.33678604,8.270586122,7.895633372,9.873072267,6.925,8.490996817
401405132,2022,-17.50292395,-16.61406427,-14.54166402,-15.05561727,-17.26261437,-15.3,-16.04614731
401405133,2022,-6.759343356,-7.681118528,-6.423439397,-4.687634814,-4.526099443,-12.175,-7.042105923
401405134,2022,-13.6621505,-12.82497425,-13.44004669,-13.76123196,-12.42059529,-11.35,-12.90983311
401405135,2022,14.66292858,17.081458,17.00153411,12.6046756,14.73590076,12.1,14.69774951
401405136,2022,10.77227514,10.78221478,11.71285453,10.494808,8.937883615,12.025,10.78750601
401405137,2022,-0.3002593276,-0.1441344415,-0.2343641194,-1.449428029,-4.897767067,-2.425,-1.575158831
401405138,2022,-4.995776236,-3.37327273,-1.237339504,-3.67206758,-5.464488149,-3.625,-3.7279907
401405139,2022,-0.05240937306,1.079718789,1.686328227,1.419003363,2.456403732,2.85,1.573174123
401405140,2022,19.48733114,20.48391877,20.83051891,20.96038188,19.90156758,14.7,19.39395305
401405141,2022,-3.986640592,-4.436040276,-5.364916201,-6.02064299,-2.295734882,-3.025,-4.18816249
401405142,2022,9.479496589,10.48583232,13.00039035,10.19151918,9.13225317,12.575,10.8107486
401405143,2022,-10.42397582,-9.65357307,-9.917089965,-11.9567535,-11.06577563,-15.95,-11.494528
401405144,2022,15.57561456,14.09083232,16.61124084,16.34401253,5.362823009,14.65,13.77242054
401405145,2022,-15.32319828,-14.45086601,-15.52893502,-17.34054286,-19.03318214,-13.925,-15.93362072
401405146,2022,-20.70860276,-19.16361571,-20.24290762,-22.41282209,-18.07707429,-19.075,-19.94667041
401405147,2022,-25.5602366,-25.4286405,-26.67297767,-26.04095675,-23.24450684,-30.3,-26.20788639
401405148,2022,-18.29355656,-17.1471599,-17.76596759,-17.85719123,-23.19923687,-17.875,-18.68968536
401405149,2022,-21.41840465,-22.22333849,-21.14405862,-21.28797142,-22.84033144,-23.425,-22.05651743
401405150,2022,-8.559401984,-9.256242316,-9.212750378,-9.710743889,-8.81729269,-8.225,-8.963571876
401405151,2022,-3.127611228,-3.670934628,-2.139075262,-3.647499436,-0.9553477764,-5.75,-3.215078055
401405152,2022,22.64019008,23.00682665,22.37172762,23.32529565,20.68725085,19.375,21.90104848
401405153,2022,-31.74738399,-31.00393986,-30.83527502,-32.31663942,-33.50594783,-31.925,-31.88903102
401405154,2022,0.6193630599,0.5525397949,0.436373271,0.8856633377,-0.03377017379,1.45,0.6516948816
401409237,2022,13.81073707,15.14600754,15.79707211,16.42581811,15.65753698,11.55,14.7311953
401409239,2022,19.94193828,19.4851835,19.81344859,19.59141455,23.84387684,11.875,19.09181029
401411092,2022,-0.5982764695,-0.5612356718,-0.727147528,0.2702220111,-0.923954308,-3.225,-0.960898661
401411094,2022,20.40211363,19.73570422,17.88794997,20.13800988,18.72830105,17.125,19.00284646
401411096,2022,11.43247069,12.39237274,11.45322072,11.0689244,13.17228651,9.025,11.42404584
401411099,2022,29.63466931,30.11611572,26.97215758,28.25522044,28.17711425,23.225,27.73004622
401411101,2022,-6.886846649,-5.517783705,-5.963558552,-5.03975155,-4.124747276,-6.925,-5.742947955
401411103,2022,2.163300573,0.1420583388,-2.162201983,-1.684408099,-0.3191847801,-1.1,-0.4934059918
401411109,2022,0.4144437427,-0.4211340102,-1.455097368,-1.606028194,4.103520393,-5.75,-0.785715906
401411113,2022,-5.912672477,-7.044400664,-4.6176777,-2.838360968,-4.898105383,-9.9,-5.868536198
401411115,2022,-11.75123415,-10.99879499,-11.32394305,-9.806750611,-12.49482918,-12.525,-11.48342533
401411117,2022,-8.338726474,-7.678534903,-8.301521332,-9.636627153,-10.65622425,-8.125,-8.789439019
401411118,2022,11.08451387,10.55201683,11.55610065,13.53922866,11.89927804,10.65,11.54685634
401411119,2022,23.98051375,24.65218448,24.70373172,23.22475039,23.71148622,22.95,23.87044443
401411122,2022,-6.14876906,-3.681896728,-3.948143823,-3.170435419,-5.39250946,-3.875,-4.369459081
401411123,2022,4.675235063,4.046011968,5.829808987,5.502120116,4.680717945,0.65,4.230649013
401411124,2022,15.35041733,15.38904868,15.39765895,15.22526676,15.54555345,15.7,15.43465753
401411125,2022,4.564410761,3.819039822,3.942500512,4.998365566,4.316269994,3.85,4.248431109
401411126,2022,19.41977573,19.15215259,20.2688582,22.76456889,25.77965212,15.65,20.50583459
401411127,2022,-16.84151619,-15.87348269,-14.95539342,-12.20734081,-16.87684423,-15.675,-15.40492956
401411129,2022,-28.83261063,-27.38812262,-27.41230048,-27.22978789,-24.54582536,-34.275,-28.28060783
401411131,2022,-5.510235639,-5.155940043,-3.627499884,-5.506312099,-5.761669517,-8.325,-5.647776197
401411132,2022,8.944267638,6.828259238,7.418248255,7.025989951,13.38992691,3.375,7.830281999
401411134,2022,-2.241162841,-2.081222484,-1.244975099,-3.778681675,1.587905169,-2.35,-1.684689488
401411136,2022,-18.68707977,-18.17929689,-19.80008209,-20.63499508,-16.94753456,-17.675,-18.65399807
401411137,2022,4.217754722,4.123118921,4.419734043,3.458925689,1.166822195,1.575,3.160225928
401411138,2022,-0.4321283961,-0.1596543239,1.286448897,-0.7207690781,-1.688603342,-5,-1.119117707
401411139,2022,12.45686191,11.94293975,9.594179024,11.39260002,5.088532448,6.825,9.550018859
401411141,2022,-9.701989991,-9.828643248,-8.395492667,-7.978270002,-8.589823961,-12.6,-9.515703312
401411142,2022,-7.188676856,-7.394665852,-7.232854126,-8.049943896,-8.487269759,-6.45,-7.467235081
401411143,2022,13.99785327,12.12996533,11.20049128,11.99758395,11.9773761,12.125,12.23804499
401411145,2022,8.898461034,7.771754715,6.608913814,5.911079173,3.938043594,6.6,6.621375388
401411147,2022,0.7978352614,1.961561837,-0.1076335923,-0.1977949331,3.259436727,-1.65,0.6772342166
401411148,2022,30.44635233,29.33976233,30.11255839,31.90925868,27.90784621,30.975,30.11512966
401411149,2022,15.92036482,15.27255569,17.26264483,15.50801025,14.94409186,11.425,15.05544458
401411151,2022,3.947096938,5.141084604,3.698668369,5.370663761,4.770094275,5.925,4.808767991
401411154,2022,10.84891053,11.91220201,13.31300508,11.482434,10.96768105,14.225,12.12487211
401411155,2022,6.380352179,6.688966719,6.073726462,6.83723986,7.089623988,3.975,6.174151534
401411156,2022,5.215561126,3.781304169,4.18724418,4.121770862,2.109889507,3.025,3.740128307
401411158,2022,7.947934339,8.395889727,9.456639972,9.079859914,10.83473992,5.525,8.540010646
401411161,2022,-19.46083155,-19.42068775,-18.45638924,-18.38766204,-20.28636551,-12.2,-18.03532268
401411162,2022,-26.51395268,-28.06707845,-28.46798102,-26.50593017,-24.57116079,-32.9,-27.83768385
401411163,2022,-23.21083731,-24.14591157,-26.47584504,-24.57696601,-25.14910769,-28.075,-25.27227794
401411164,2022,-4.779665509,-6.621137306,-5.152079985,-1.883699408,-8.205078602,-7.4,-5.673610135
401411167,2022,13.52201875,11.06184107,12.25244487,13.51996761,11.22830749,12.6,12.36409663
401411168,2022,-26.82895628,-25.35697402,-24.11760362,-24.2926845,-24.61747563,-28.2,-25.56894901
401411169,2022,-5.989321473,-5.47437515,-5.907478812,-4.930584499,-5.351667285,-4.625,-5.37973787
401411171,2022,1.264085751,0.1393760878,2.645627058,2.068581932,1.500481367,-2.45,0.8613586993
401411172,2022,-7.889727398,-9.56961674,-8.604897412,-11.32036226,-9.542469621,-9.2,-9.354512238
401411173,2022,2.063113259,1.913487447,3.899584861,5.724651286,-2.498498917,0.325,1.904556323
401411174,2022,6.28793292,5.953085215,8.541084998,6.20329208,4.392424941,4.025,5.900470026
401415024,2022,6.128412458,5.142071871,7.449836282,5.989123991,11.10214281,5.825,6.939431235
401415029,2022,21.08975056,21.08525574,20.45742135,18.13946957,24.93075705,20.55,21.04210904
401415040,2022,-14.16821147,-14.67921554,-13.43878747,-14.84317264,-6.791474342,-9.375,-12.21597691
401415211,2022,9.195768203,9.804535814,8.569901388,9.651905577,11.06326222,9.1,9.564228868
401415214,2022,-1.5316905,0.424579201,1.074696324,-3.395300575,3.573585987,2.8,0.4909784063
401415217,2022,23.48004347,21.36383894,23.94268747,20.96878749,28.91548061,25.025,23.94930633
401415222,2022,-5.957598176,-3.567528009,-1.308345168,-5.351274337,-4.007303238,-4.85,-4.173674821
401415223,2022,-8.262418303,-7.123071504,-6.316847893,-6.587023372,-9.396400452,-6,-7.280960254
401415224,2022,6.885098058,7.21704488,8.980398878,4.949227113,5.596176088,1.925,5.925490836
401415225,2022,21.98918052,21.46949976,20.25611282,23.12551154,16.94083214,18.35,20.35518946
401415226,2022,-15.03875524,-14.00150348,-12.41888075,-15.14260282,-14.38058424,-13.25,-14.03872109
401415227,2022,-12.14250961,-11.30550997,-10.78505106,-10.93394585,-8.343458652,-7.75,-10.21007919
401415228,2022,15.23091068,15.53798685,14.40963747,16.65942196,11.90920401,21.4,15.85786016
401415229,2022,-2.332991144,-4.031892594,-4.368031556,-0.6432970476,-5.002773046,-6.175,-3.758997565
401415230,2022,-13.44328623,-13.69992538,-13.71839678,-12.64184238,-12.37274599,-20.3,-14.36269946
401415231,2022,21.26126385,19.92096246,20.8237501,18.67857039,23.64060211,17.1,20.23752482
401415234,2022,-10.88776901,-8.541254946,-8.622122508,-13.76674304,-7.799673557,-12.325,-10.32376051
401415235,2022,-23.40569082,-21.49297791,-20.48543623,-22.14047628,-17.83559084,-18.05,-20.56836201
401415236,2022,26.0267637,27.73984656,27.19835519,26.98380498,19.67176914,28.925,26.09092326
401415237,2022,-22.14782154,-23.21723835,-20.79666853,-21.0725196,-22.63505483,-25.625,-22.58238381
401415238,2022,10.08652242,10.63309015,12.45910098,9.487978603,14.03266764,6.25,10.49155996
401415241,2022,-6.997780113,-7.123109697,-6.793849285,-10.39293919,-9.791850805,-1.85,-7.158254849
401415242,2022,-2.265983442,-0.9794790424,-0.3448357469,-1.966158704,-0.2472884655,-4.2,-1.6672909
401415244,2022,9.654384958,9.353734697,10.04361228,11.21441716,12.64626312,0.175,8.847902036
401415246,2022,12.51295529,13.24037845,14.1868373,13.5542636,10.8379271,11.925,12.70956029
401415247,2022,5.235663416,4.355105936,4.313864433,4.159863426,4.184759825,3.3,4.258209506
401415250,2022,-13.08718332,-13.12465491,-12.80875637,-12.59271955,-17.33659554,-15.15,-14.01665161
401415251,2022,-12.95476105,-12.87606155,-13.47781198,-10.96500454,-20.44718647,-13.175,-13.9826376
401415252,2022,4.342864298,3.430717658,3.07402016,5.797821551,3.459614217,-1.475,3.105006314
401415254,2022,-2.831290677,-0.415818239,-0.1073911673,-0.3771931619,-7.296949863,0.6,-1.738107185
401415256,2022,9.939610747,10.96956683,13.06841926,10.09749966,13.22514439,9.275,11.09587348
401415257,2022,5.010022176,2.856203945,3.98294793,3.663080651,5.22530055,2.05,3.797925875
401415258,2022,7.091979194,8.578194881,7.938105434,9.407784494,9.827234745,5.275,8.019716458
401415260,2022,18.65908243,19.5060672,19.08125249,20.24019572,16.03692436,16.1,18.27058703
401415261,2022,14.27861399,12.85072808,10.93752804,13.66859231,12.87862587,7.8,12.06901472
401415262,2022,-11.3501659,-10.37442163,-9.079011751,-11.14647954,-11.10284674,-13.7,-11.12548759
401415264,2022,-8.304835255,-9.154548837,-7.754674403,-8.850876267,-8.656358361,-6.3,-8.170215521
401415265,2022,5.309820012,4.640710963,2.883752406,4.565008722,5.256885052,0.325,3.830196192
401415266,2022,17.90318211,17.61217444,16.36367618,16.57908565,12.83046246,11.725,15.50226347
401415267,2022,-6.753517816,-6.809991953,-3.828096628,-3.648796562,-8.366126657,-9.875,-6.546921603
401415268,2022,10.16932772,10.10627291,9.866977659,10.0637957,5.61096096,8.775,9.098722491
401415269,2022,0.3134295073,1.460341085,1.460238109,2.546771751,1.636015534,-0.65,1.127799331
401415271,2022,-4.1618967,-2.817361516,-3.430999084,-2.573388568,-4.339080572,-4.15,-3.57878774
401415612,2022,-18.01514002,-16.96999186,-17.72819465,-20.92334378,-18.02171528,-24.025,-19.28056427
401415613,2022,-14.17377805,-11.40874917,-9.725179077,-10.13318678,-9.871498108,-7.925,-10.5395652
401415617,2022,-20.57593175,-19.61646837,-18.81667461,-21.18368839,-22.97794557,-17.15,-20.05345145
401415620,2022,-3.877467932,-4.646065869,-2.358290228,-3.198807928,-6.860492468,-0.7,-3.606854071
401415622,2022,-2.604665273,-2.921187272,-3.223279843,-0.6297785724,-5.161181927,-0.7875,-2.554598814
401415623,2022,5.013596523,4.378019928,2.924080911,3.985712323,3.996463239,-3.3,2.832978821
401415624,2022,-19.07086407,-19.34765809,-22.10090211,-19.32160605,-18.02807128,-23.25,-20.18651693
401415625,2022,-7.772577689,-7.439615339,-6.004711735,-5.39797549,-9.030568957,-4.5,-6.690908202
401415626,2022,-10.53897733,-10.61957781,-11.39642662,-10.98517698,-13.2196157,-11.25,-11.33496241
401415627,2022,-0.06289548679,0.6332654903,2.169591185,1.366211697,3.610002041,0.175,1.315195821
401415628,2022,2.832747724,1.980048707,1.237915483,2.725824906,6.657765388,0.475,2.651550368
401415630,2022,-1.842600656,-2.208346681,-2.435993947,-2.542931178,-5.875760078,-6.75,-3.60927209
401415631,2022,12.16734634,11.04884681,10.46352008,8.095161354,14.02506876,8.45,10.70832389
401415632,2022,36.94181384,36.7501525,38.56824371,35.77132924,36.17196679,36.825,36.83808435
401415633,2022,-21.83271887,-22.78385522,-21.93924731,-22.3693238,-21.27978754,-22.65,-22.14248879
401415634,2022,33.81191473,32.69225891,34.73892853,34.44723046,37.7358036,32.5,34.32102271
401415636,2022,-3.114797385,-1.005422713,1.704253441,-0.5582166673,-2.061793506,-1.325,-1.060162805
401415637,2022,-3.115543261,-3.431729618,-2.731687072,-2.969202429,1.280524731,-8.075,-3.173772942
401415638,2022,2.950581833,3.389062579,4.633061201,4.616717345,3.782533407,4.275,3.941159394
401415639,2022,3.008508018,2.671147154,2.466028864,2.852785866,6.668400526,3.475,3.523645071
401415640,2022,-15.22963497,-14.80748745,-15.33813817,-15.0243806,-15.85210556,-9.725,-14.32945779
401415642,2022,28.29468151,27.26029725,26.32640552,25.7175357,28.48582101,24.55,26.77245683
401415643,2022,-2.077648951,-2.069716435,-1.486779085,-2.069025385,-4.044795275,-7.7,-3.241327522
401415644,2022,1.021011401,1.519835966,2.009750011,1.787567371,3.061471701,-0.05,1.558272741
401415645,2022,-7.014720527,-6.053460906,-5.424932984,-7.599299734,-8.731057167,-10.125,-7.491411886
401415646,2022,-8.895017407,-7.573617619,-7.713955256,-6.890581557,-6.115189672,-3.575,-6.793893585
401415648,2022,31.44967098,31.27779232,29.88981388,31.13563547,27.00395203,23.125,28.98031078
401415649,2022,-8.087611318,-7.104282139,-4.275652875,-5.513860432,-5.844408989,-6.1,-6.154302626
401415650,2022,-6.981022987,-8.339002497,-4.723631278,-8.367537911,-6.138747692,-8.3,-7.141657061
401415651,2022,-2.875546078,-3.015973045,-1.90596536,-3.348970367,-0.6998651028,-4.4,-2.707719992
401415653,2022,10.47401678,9.427603036,8.939100723,9.22363845,5.416212082,6.075,8.259261846
401415654,2022,-1.314932536,-1.508926255,-1.869804145,-2.553715304,-1.309427619,-1.2,-1.62613431
401415655,2022,-13.84184839,-14.60914499,-13.81076857,-11.91552041,-12.36479807,-11.275,-12.96951341
401415657,2022,-7.564838226,-7.943546756,-9.392222671,-10.19878204,-8.301098764,-5.475,-8.145914742
401415659,2022,-6.828913184,-7.282815914,-7.304923248,-6.098645229,-10.39671636,-3.65,-6.927002322
401415660,2022,-43.93081435,-44.4280998,-44.97249107,-46.71877942,-45.07556264,-42.65,-44.62929121
401415661,2022,-18.17347292,-18.96431162,-18.85398769,-19.1906974,-14.40375805,-14.25,-17.30603795
401415663,2022,-3.370038861,-2.139139722,-1.901523241,-0.9727219743,0.1719651222,-1.4875,-1.616493113
401415664,2022,7.287933753,7.188329351,6.499811376,6.165498068,7.787135005,8.725,7.275617926
401415665,2022,-0.6350194123,-1.294380433,1.586616935,3.478961742,0.4316539764,-0.125,0.573805468
401415667,2022,12.26064637,14.17458845,13.42297302,12.47260274,10.62818813,11.925,12.48066645
401415668,2022,-20.46090007,-21.47335123,-19.32748799,-18.16082551,-21.98118019,-19.35,-20.12562416
401416569,2022,-6.729383048,-6.249834718,-5.500336696,-6.280136242,-4.465606213,-2.8,-5.337549486
401416591,2022,0.4178510378,0.2155005683,-0.9731079659,-0.0729865727,-2.584987879,-2.075,-0.8454551352
401416594,2022,2.254973726,-0.5681923629,1.671264921,-0.4633492425,-0.3436837792,-4.275,-0.2873311229
401416601,2022,0.9149638573,-0.6212334555,0.1695476168,1.269703002,2.928103924,2.625,1.214347491
401416604,2022,-26.61032716,-26.37471931,-26.50880765,-27.92459802,-25.07336253,-28.35,-26.80696911
401416607,2022,13.80525304,14.38623513,13.7601731,15.0808911,13.57422161,19.9,15.08446233
401416608,2022,11.78290669,9.022384689,9.044963646,8.735025279,7.025214195,9.625,9.20591575
401416610,2022,-0.6716906188,0.4891749953,2.038896974,3.166424227,-0.9519209862,-4.35,-0.0465192347
401416611,2022,-4.393459275,-6.467512289,-5.940511794,-6.56569855,-11.4038744,-10.55,-7.553509384
401416613,2022,-8.695270428,-9.477389636,-8.735220796,-10.89370707,-9.529802203,-6.075,-8.901065022
401416614,2022,-26.00000475,-26.37512132,-26.62065094,-24.91572049,-28.885602,-27.625,-26.73701658
401416615,2022,-13.93044642,-13.19753903,-12.02597915,-13.48853032,-14.20201641,-16.15,-13.83241855
401416617,2022,-29.26778288,-29.39447022,-30.27262002,-32.79551596,-27.99873698,-30.325,-30.00902101
401416618,2022,10.70656535,8.113877591,7.191671378,9.294680492,8.051204801,8.925,8.713833269
401416620,2022,-32.24413758,-33.81377288,-34.80976735,-31.67866827,-32.91867357,-29.225,-32.44833661
401416621,2022,12.43483988,13.33206966,14.28570597,10.87582571,11.36107326,18.575,13.47741908
401416622,2022,9.141375816,11.50935828,15.60797397,8.312697864,9.908806324,10.3,10.79670204
401416623,2022,-20.18051928,-20.82230991,-19.40879589,-20.68300639,-23.64596462,-24.8,-21.59009935
401416624,2022,-5.000871684,-6.697004464,-7.333811906,-4.747424523,-5.167834163,-11.225,-6.695324457
401416625,2022,10.3543793,8.159797248,10.22175826,8.729649342,4.818372726,9.05,8.55565948
401416626,2022,14.89791272,14.67589567,14.36907358,17.23184308,13.34529883,8.2,13.78667064
401416627,2022,-10.01290246,-12.61255889,-14.98431286,-10.69681429,-8.954835415,-17.875,-12.52273732
401416629,2022,-19.84400736,-22.31391058,-22.99537295,-19.44352885,-21.83431554,-29.175,-22.60102255
401416630,2022,1.640338334,1.206625788,1.160601065,0.03982484735,2.435660243,-2.5,0.6638417129
401416632,2022,-14.41421641,-15.02694119,-13.50199467,-14.0988341,-16.05331802,-10.1,-13.86588407
401416633,2022,23.39402885,22.66516708,21.87929421,21.9581063,21.03158641,24.8,22.62136381
401416634,2022,-19.18858097,-17.48562507,-18.61022409,-17.75133454,-17.20492887,-11.825,-17.01094892
401416635,2022,-1.442476775,-0.2630165198,-1.591892999,-2.187084602,-4.276833773,-2.525,-2.047717445
401416636,2022,-8.282167829,-6.907066126,-4.571063754,-7.777910187,-4.507623434,0.825,-5.203471888
401416638,2022,-10.87697792,-13.07377422,-14.50270168,-13.88727274,-12.04629636,-14.625,-13.16867049
401416639,2022,-0.9632686042,-2.390208611,-2.500675267,-1.279394046,-4.252619028,-2.75,-2.356027593
401416640,2022,2.363967592,1.307930309,-0.8129749768,0.3402984899,-3.465333462,-3.65,-0.6526853413
401416641,2022,-33.45575174,-31.2096797,-31.19895914,-33.20784714,-30.17365253,-28.625,-31.31181504
401416642,2022,-20.94063818,-21.49169268,-19.40854663,-20.59641088,-18.01359558,-22.5,-20.49181399
401416643,2022,-8.356955888,-10.78471553,-8.740163643,-10.65590727,-10.854004,-13.025,-10.40279105
401416644,2022,-14.16583215,-15.50428499,-16.28201963,-10.5053251,-12.89450121,-13.3,-13.77532718
401416645,2022,-11.00462631,-13.24715408,-14.69689079,-13.27858445,-11.83231819,-16.475,-13.42242897
401416646,2022,-9.842955242,-6.889914711,-6.37665946,-7.05618355,-4.655004501,-10.025,-7.474286244
401416648,2022,-0.7233710577,-1.324136931,-2.766178361,-0.9956705947,-1.191913426,2.15,-0.8085450618
401416649,2022,18.78697037,17.5161183,18.84867134,18.88861091,14.95059586,20.025,18.1693278
401416650,2022,17.39208833,18.02950336,18.25800216,17.91766732,18.02213563,21.325,18.4907328
401416651,2022,15.63176611,14.99143175,11.49870628,13.91714463,13.16678905,11.325,13.42180631
401416653,2022,-7.556889867,-7.234336642,-4.163974077,-5.798496853,-7.962343752,-8.55,-6.877673532
401426334,2022,-15.67625788,-14.32523872,-14.45160604,-13.34566513,-18.43693304,-17.65,-15.6476168
401426335,2022,-1.357910859,-2.524724585,-3.130185321,-2.583474805,-4.712022781,0.4,-2.318053059
401426340,2022,10.33767988,10.37364637,11.87183044,11.96066333,10.357894,6.525,10.23778567
401426344,2022,5.593699208,5.190462599,3.553421248,3.019397939,6.465302825,-0.2,3.937047303
401426345,2022,32.93405766,32.78387574,32.25033469,30.0214744,36.09025002,31.825,32.65083208
401426348,2022,-38.37859741,-39.87414255,-39.90531144,-37.55086629,-35.10253096,-36.45,-37.87690811
401426351,2022,-3.94639445,-3.38963214,-6.926415917,-4.056965619,-7.531062126,-4.15,-5.000078375
401426353,2022,18.15699415,15.98111626,17.75621043,17.25553799,18.7422142,18.05,17.65701217
401426358,2022,-2.174141587,-3.232297999,-2.419872027,-2.116030214,-1.529583216,-3.575,-2.507820841
401426361,2022,9.614932214,10.31630858,11.22424937,13.38455685,9.853857636,13.875,11.37815077
401426362,2022,-14.40997004,-13.6406053,-14.43359949,-14.03194901,-17.72564173,-18.05,-15.38196093
401426364,2022,10.80040195,9.869048576,10.91364803,9.800933065,12.96470475,11.225,10.92895606
401426366,2022,-8.214370554,-7.767440544,-9.173020715,-9.060190016,-8.250778556,-8.9125,-8.563050064
401426368,2022,-0.8994434252,-0.8903646862,-1.393654655,-2.036295205,4.263742447,2.925,0.3281640793
401426369,2022,-28.00395982,-29.69976319,-31.66621941,-29.5537939,-29.42670512,-31.625,-29.99590691
401426371,2022,-1.114164509,-2.257536108,-1.859066215,-0.7096395029,-1.011492312,1.9,-0.8419831077
401426372,2022,-19.21891639,-17.03702495,-16.60226306,-17.3412969,-18.88372183,-20.7,-18.29720386
401426373,2022,9.06816745,9.975124201,6.531211592,10.61669082,7.137010217,6.725,8.342200714
401426376,2022,-2.289343458,-3.171593675,-2.141698436,-1.180916483,-6.602425575,-5.025,-3.401829605
401426380,2022,-3.455770412,-3.111216254,-4.144777316,-1.082351306,-7.998384476,0.025,-3.294583294
401426385,2022,-5.973601521,-6.23691758,-6.786438941,-4.476748224,-6.894152135,-5.325,-5.948809733
401426390,2022,0.6940226247,-1.151205789,-3.731971451,2.193997446,-3.179843664,-4.8,-1.662500139
401426537,2022,7.771293732,6.657324321,7.571713622,7.093415477,1.297764778,9.025,6.569418655
401426542,2022,1.17760815,2.104877859,1.224922602,1.36558925,-0.7340564728,0.3,0.9064902313
401426544,2022,14.48963326,14.90355722,14.54265839,13.79168057,10.28975773,9.6,12.93621453
401426545,2022,-5.461957432,-6.88744846,-9.207254099,-5.732541124,-12.12163162,-4.9,-7.385138789
401426548,2022,-29.64058457,-29.20471113,-26.81307273,-27.34523981,-27.74236184,-24.2875,-27.50557835
401426551,2022,15.51326059,13.11552051,15.57427575,14.74839303,8.042669296,10.175,12.86151987
401426552,2022,-11.76811711,-11.60686903,-15.1501496,-11.29225627,-10.42170712,-10.0375,-11.71276652
401426553,2022,0.01628829472,-0.9657376467,-2.143797581,1.473923491,-2.077644587,-2.375,-1.011994672
401426554,2022,-22.4525185,-21.21990085,-18.52449095,-20.8817385,-19.26436353,-19.9875,-20.38841872
401426555,2022,-16.97236593,-18.49998877,-17.03710942,-20.00463647,-13.87706947,-21.6,-17.99852834
401426556,2022,-6.823763015,-6.032727298,-6.559421573,-7.778115092,-5.487082005,-9.55,-7.038518164
401426558,2022,29.14248435,28.49067729,30.73956622,29.46570738,28.38586354,33.15,29.89571646
401426561,2022,18.58891694,20.54907044,20.10556294,22.44575895,27.17485523,21.275,21.68986075
401426562,2022,8.225562761,7.270454508,6.99037511,9.026456304,3.64309597,2.5,6.275990775
401426563,2022,-5.105782135,-4.262653754,-0.4862336884,-1.892545555,-5.40254879,-4.375,-3.587460654
401426564,2022,11.08722575,12.87325186,13.39514791,11.26873899,14.23178077,19.3,13.69269088
401426565,2022,40.79260926,41.83065439,42.25198983,36.78343288,43.77286029,40.45,40.98025778
401426566,2022,-14.51630054,-14.19663806,-12.4315607,-12.94733366,-10.34867144,-8.075,-12.0859174
401426569,2022,-2.669029952,-3.230486236,-4.513471586,-2.939179611,-9.405137539,-9.95,-5.451217487
401426570,2022,-10.13549236,-10.44024934,-11.45005745,-10.50794906,-9.640960991,-9.55,-10.28745153
401426571,2022,34.92743469,34.81457841,35.77758682,34.75002645,32.54750896,28.85,33.61118922
401426573,2022,-0.152977746,-1.131288052,-1.725809721,-1.517977662,-5.041535854,-8.75,-3.053264839
401426574,2022,-33.07574527,-29.90757237,-32.46200568,-30.21005879,-28.49149609,-29.3,-30.5744797
401426575,2022,20.52741958,20.94671297,20.66246165,18.8749699,18.32582891,17.45,19.4645655
401426576,2022,-8.890025275,-10.57386519,-11.02861512,-8.200200274,-9.745369077,-13.6,-10.33967916
401426577,2022,14.81303731,16.43042959,17.46007702,16.15397324,19.68541908,14.175,16.45298937
401426580,2022,10.26852474,9.803517361,11.8452709,11.08042727,11.26643038,8.4,10.44402844
401426581,2022,15.89211428,16.75240464,14.83879852,17.4673055,14.32405591,15.55,15.80411314
401426582,2022,-4.876470501,-4.336402672,-5.511710448,-3.251047548,-3.109121561,-0.05,-3.522458788
401426583,2022,-9.842144051,-8.794898276,-7.106450142,-7.962246654,-7.334516525,-3.975,-7.502542608
401426584,2022,16.84745918,14.55203266,13.72844374,15.41464102,8.003026962,11.875,13.40343393
401426585,2022,0.630499383,-0.8364392676,-2.997316421,-1.460673035,2.186450243,-1.95,-0.7379131829
401426586,2022,13.59112097,13.53524397,11.72793339,11.91345563,14.47488499,19.75,14.16543982
401426587,2022,-9.262010146,-10.71167388,-12.88950213,-9.974740708,-10.35555613,-11.075,-10.71141383
401426588,2022,-33.18194693,-33.60471455,-34.5089906,-33.20175825,-33.09428525,-36,-33.93194926
401426589,2022,4.742220405,6.247820184,4.238263557,5.7227792,6.987165332,5.4,5.55637478
401426590,2022,2.894953569,1.791927143,1.36886371,1.782276833,4.365240574,-3.875,1.388043638
401426591,2022,-6.720385963,-6.922576297,-7.149978918,-6.466976093,-6.459832013,-4.475,-6.365791547
401426592,2022,3.19735782,3.311329753,4.313641774,4.359245607,-2.581858635,-3.9,1.44995272
401426593,2022,-50.15188883,-48.43302524,-47.76981978,-47.9975494,-42.3414011,-41.775,-46.41144739
401426594,2022,15.50170816,13.62296026,11.61250868,13.67771041,10.28251886,12.375,12.84540106
401426595,2022,12.75495548,12.30586846,12.11773387,11.15971174,12.39593691,8.5,11.53903441
401426596,2022,-14.89585242,-13.6594458,-15.77700967,-13.29116671,-13.68584216,-8.675,-13.33071946
401426597,2022,-37.14509944,-36.93098888,-37.29561332,-38.12162041,-39.98828936,-38.2,-37.94693524
401426598,2022,-37.11259409,-37.43154241,-41.02291257,-35.95084408,-36.48675632,-42.425,-38.40494158
401426599,2022,15.36443706,16.52260504,17.20974344,16.2176807,17.87152791,17.9,16.84766569
401426600,2022,18.04870902,18.40644529,19.39658352,18.37102963,18.45855445,16.475,18.19272032
401426601,2022,3.786988415,4.578746013,2.689494012,4.84625745,6.631901741,2.575,4.184731272
401426602,2022,-2.722865086,-3.261067931,-3.534425606,-3.505904182,0.5165119171,0.85,-1.942958481
401426603,2022,0.1536873287,0.02286793491,3.318974728,0.219123596,3.384669781,2.925,1.670720561
401426604,2022,-28.5273601,-29.16433928,-28.74098581,-29.24482748,-24.98287439,-30.075,-28.45589784
401426605,2022,24.740024,24.79102916,24.23895639,24.82320072,29.55956507,27.6,25.95879589
401426606,2022,12.91399481,13.92903604,13.06865731,14.10915464,16.37466717,11.875,13.71175166
401426607,2022,22.54064731,21.50096647,21.71952793,21.74431055,21.52358711,20.625,21.60900656
401426608,2022,6.88434478,5.745836639,5.081468116,7.205144252,3.558880091,6.7,5.862612313
401426609,2022,18.41851144,20.18331905,17.81683411,19.56746816,22.78979015,15.6,19.06265382
401426610,2022,33.66959072,33.48297099,33.32663019,34.18598807,37.65039921,32.975,34.21509653
401426611,2022,-19.72389189,-18.92982939,-18.85679681,-18.71222159,-20.9095757,-15.3,-18.73871923
401426613,2022,19.42924838,18.79681109,16.70818808,19.03894576,18.88011208,14.3,17.85888423
401426614,2022,16.71285537,14.0573429,14.59833593,14.72577913,15.04134798,11,14.35594355
401426615,2022,7.777741736,7.077196025,4.738105351,1.754464476,7.355187595,-2,4.450449197
401426616,2022,9.211293327,8.715086953,6.829160204,9.274791887,1.629953861,5.6,6.876714372
401426617,2022,-9.474407906,-10.40714788,-9.336861608,-15.22648102,-14.11095905,-10.95,-11.58430958
401426618,2022,-13.60049682,-13.45107334,-13.8986077,-13.22124758,-8.686808109,-10,-12.14303892
401437008,2022,14.28816375,14.24273393,13.53541399,14.16685335,11.6600126,13.2,13.5155296
401437009,2022,-19.75345924,-21.01571825,-19.89967048,-21.73589385,-16.31839561,-25.575,-20.71635624
401437031,2022,5.318473324,5.716687478,6.66914001,6.173317438,7.663520813,-0.025,5.252689844
401437032,2022,11.64288052,11.85555469,11.97600258,13.37537167,16.65110207,9.05,12.42515192
401437033,2022,-5.878907509,-6.752020856,-6.204842231,-6.634970523,-8.296072006,-8.525,-7.048635521
401520149,2023,9.751352451,10.22322157,8.53371388,7.598925738,10.70412719,9,9.301890139
401520155,2023,-9.845183838,-8.884455116,-7.270517872,-7.934682752,-5.782886982,-6.35,-7.677954427
401520156,2023,5.575142199,8.299596512,9.559970557,8.131934596,7.19308269,6.975,7.622454426
401520157,2023,-14.16618955,-13.14062354,-11.59577074,-14.26012024,-14.01367241,-9.475,-12.77522941
401520159,2023,4.358269413,4.465261146,5.207760795,4.552588611,6.910119057,5.225,5.11983317
401520162,2023,-7.309741003,-6.183056347,-7.822061319,-8.824566656,-5.013025284,-9.8,-7.492075102
401520163,2023,8.440994175,9.766401571,9.981349784,8.938354677,7.263730407,7.975,8.727638435
401520167,2023,15.95591183,16.00327312,14.61666728,14.7425454,17.1759302,18.375,16.14488797
401520169,2023,2.341537192,3.384823434,3.807812536,3.286876211,-0.4659361839,2.35,2.450852198
401520171,2023,9.906223669,10.18718965,11.26085464,8.62647613,9.208806396,6.175,9.22742508
401520173,2023,3.641297772,4.313922433,3.192720745,2.341925187,2.96033442,1.95,3.066700093
401520174,2023,5.204263355,6.749735334,9.050833501,5.009411871,4.067857027,11.325,6.901183515
401520175,2023,12.07424215,11.97955174,12.24443368,13.14628572,15.8737185,8.925,12.37387197
401520176,2023,5.09889893,4.786137702,1.934450943,4.983588855,2.366134644,5.25,4.069868512
401520179,2023,7.386698053,8.694479619,5.935410082,7.456759941,9.325072646,9.75,8.09140339
401520182,2023,22.28341137,23.58692123,21.4172935,22.17510842,20.8462975,26.825,22.855672
401520183,2023,-14.00028758,-14.41497324,-11.83147749,-16.84961726,-15.13464165,-20.25,-15.41349954
401520184,2023,-17.388268,-16.38833341,-18.55409895,-16.91698236,-11.68090439,-15.6,-16.08809785
401520191,2023,-0.1826014707,1.061279646,-0.1517247825,-1.137462937,6.771717072,0.8,1.193534588
401520192,2023,15.34675855,17.44659333,16.43653776,16.66157194,15.01427436,15.175,16.01345599
401520194,2023,-3.223633495,-2.320977598,-2.390635134,-3.913614211,-0.07633137703,-1.7,-2.270865302
401520195,2023,8.572327525,8.125512674,8.100783486,7.110848773,2.492987633,7.3,6.950410015
401520201,2023,19.58107968,18.5777178,18.59272011,15.5266861,12.45260715,18.55,17.21346847
401520202,2023,-7.737645373,-10.15521601,-10.10977712,-9.466438243,-4.767428875,-9.875,-8.685250937
401520204,2023,2.104210073,0.4596264558,0.6549928625,-0.4948561002,6.19824028,-0.9,1.337035595
401520206,2023,-18.79841941,-16.92516892,-20.12081427,-21.9076888,-19.1225028,-15.525,-18.7332657
401520207,2023,32.32437849,31.25751792,30.86110076,29.62593005,33.9302659,31.7,31.61653219
401520210,2023,24.58655176,23.27379888,24.71030758,23.97286805,32.00966454,24.825,25.5630318
401520214,2023,-6.124663385,-6.85281805,-7.17825447,-5.945253627,-2.37156868,-9.95,-6.403759702
401520216,2023,8.202950352,7.154922233,6.854884241,6.630468007,9.248822927,3.175,6.877841293
401520219,2023,4.254433154,2.707022079,6.079652718,2.896076255,3.991167665,4.65,4.096391979
401520220,2023,-16.44553325,-15.1936956,-13.50936638,-16.06082901,-13.4477762,-17.6,-15.37620007
401520223,2023,10.07540112,6.618536935,5.639817324,5.063229109,13.50369549,7.025,7.987613329
401520224,2023,16.79409568,17.78496165,19.31516833,18.01117433,10.83616066,20.4,17.19026011
401520225,2023,-15.34986427,-15.37876409,-11.72002037,-15.8394994,-15.83326781,-12.45,-14.42856932
401520226,2023,0.2137401583,-2.722839886,-2.679819035,-2.347936751,4.945174694,-5.625,-1.369446803
401520227,2023,2.862034736,3.807565093,5.661923113,2.985321662,7.942504883,2.825,4.347391581
401520228,2023,9.056590567,8.207416133,9.174981582,8.283601955,16.16977882,10.1875,10.17997818
401520231,2023,9.078949609,12.53411877,9.597368251,8.368790949,6.910577774,14.825,10.21913423
401520232,2023,-16.80694597,-15.40000011,-13.49574985,-14.81907695,-12.16527152,-15.9,-14.7645074
401520233,2023,-18.95116597,-18.19741008,-19.85929177,-17.07264015,-23.0061326,-22.875,-19.99360676
401520236,2023,4.755467014,6.286303725,5.170124522,5.166065187,6.960911572,8.525,6.14397867
401520238,2023,-10.72198889,-11.47906802,-7.862119141,-8.419345892,-11.95367366,-10.7,-10.18936593
401520239,2023,9.155803657,10.27196374,9.860279669,9.768908115,13.24258518,9.825,10.35409006
401520240,2023,22.73012489,23.85531624,22.96589042,21.23378321,20.98484993,18.925,21.78249411
401520243,2023,11.22411393,13.96675229,10.8651023,13.11268481,12.0063898,8.8,11.66250719
401520245,2023,6.052287342,7.3052434,6.767902744,8.135027651,4.435245514,3.2,5.982617775
401520246,2023,-11.16205755,-12.16582779,-11.23001612,-11.79103779,-5.954004288,-19.95,-12.04215726
401520247,2023,8.306707109,8.271481128,6.597693573,6.230139761,8.108091593,4.725,7.039852194
401520250,2023,7.812430781,7.784239349,8.643040509,8.215383054,9.592935085,0.75,7.133004796
401520252,2023,-14.64975362,-12.78590007,-14.1523411,-13.56602896,-15.93916416,-10.475,-13.59469799
401520253,2023,0.5217409815,-0.3686944049,0.1994131857,2.049064837,1.066202164,-0.05,0.5696211271
401520255,2023,-7.55163406,-9.905412423,-9.841205195,-10.2221756,-5.809204578,-10.4,-8.954938643
401520256,2023,-10.4480792,-12.60825579,-12.06241863,-15.92988712,-3.452864647,-12.75,-11.20858423
401520258,2023,-14.44507174,-14.28058156,-15.11717884,-14.127124,-12.09617662,-16.5,-14.4276888
401520259,2023,-2.508633004,0.4151264436,-0.08352008409,-0.9368670888,5.395325184,0.675,0.4927385752
401520260,2023,1.259887163,0.07036863056,-1.189178694,0.06664412397,-0.2338726968,-5.05,-0.8460252455
401520261,2023,-12.49492797,-13.63325667,-14.13199821,-12.66881282,-17.13706827,-16.05,-14.35267732
401520262,2023,-9.479746521,-10.91649351,-9.014109619,-8.609858265,-10.22741675,-7.775,-9.337104111
401520264,2023,13.46064894,14.58445329,15.15268164,14.01220246,17.04891014,15,14.87648274
401520265,2023,15.55654826,16.83418136,16.53687428,16.88849025,16.81157358,13.475,16.01711129
401520268,2023,-1.31858883,-0.6805749679,-0.8066322488,-0.06046962938,-0.5829589963,-1.65,-0.8498707786
401520269,2023,5.894022451,6.524391351,5.906303756,7.578605221,0.2831196785,2.85,4.839407076
401520271,2023,-1.684334045,-0.3481902161,0.4291929217,2.568398195,-1.808737874,-8.6,-1.57394517
401520272,2023,-10.39667355,-11.90660755,-13.5077814,-11.90280904,-7.725596428,-12.3,-11.28991133
401520273,2023,-17.74675712,-17.18864694,-17.30590603,-16.50682887,-15.86132622,-17.375,-16.99741086
401520274,2023,-3.908709084,-2.927068246,-3.114078068,-2.965096355,-3.606644258,-4.1,-3.436932668
401520277,2023,14.46735254,14.79995626,13.31520149,13.95921818,7.667056084,19.7375,13.99104743
401520278,2023,-12.7566852,-13.8027621,-15.8838267,-12.12784277,-12.7340858,-13.925,-13.5383671
401520279,2023,-3.918460162,-5.983778777,-5.131734718,-4.017799003,-5.01068449,-8.075,-5.356242858
401520281,2023,-1.770008468,-0.6117284055,-1.99838518,-2.221753075,5.805021286,0.3,-0.0828089737
401520282,2023,19.44079575,17.37872361,18.09306204,19.1120782,24.48895025,18.025,19.42310164
401520283,2023,12.47455135,13.58734441,12.03782036,11.80976318,14.25742614,9.8,12.32781757
401520284,2023,1.202743564,2.195624482,2.747622959,-0.1145985335,2.128925562,-1.5,1.110053006
401520287,2023,-0.2942681306,-0.01238789747,0.1194104299,0.08490017834,-1.106789455,-2.75,-0.6598558124
401520288,2023,9.783096675,8.550220692,9.325945673,10.97425137,6.752902508,12.075,9.57690282
401520291,2023,7.655278135,8.59640431,9.261272718,4.346953778,10.04890537,3.7,7.268135719
401520292,2023,0.8893765713,3.582722369,0.8252417977,1.226227997,-1.681324482,0.925,0.9612073755
401520293,2023,-1.423779407,-2.325702185,-2.602816391,-0.3458344389,-5.384391427,-6.05,-3.022087308
401520295,2023,-1.893399998,-1.038259817,0.578808404,-2.439067673,-2.120871425,-4.75,-1.943798418
401520297,2023,11.09436213,10.75982065,12.19863728,8.451402349,8.358476639,7.4,9.710449842
401520298,2023,-5.851840043,-5.224621412,-3.386543632,-5.943205958,-8.060387611,0.725,-4.623599776
401520299,2023,5.76205137,5.839534551,4.993796484,6.145248661,3.027965784,0.15,4.319766142
401520300,2023,24.40645668,23.50634776,23.96164223,24.24833289,23.80222714,27.1,24.50416778
401520303,2023,-20.79488867,-22.19352861,-23.62679651,-22.50346347,-22.05798423,-24,-22.52944358
401520305,2023,-6.549045933,-3.814234408,-4.705701144,-4.862691683,-5.479086041,-4.825,-5.039293202
401520307,2023,3.559098127,3.74736566,2.952843935,3.575150034,4.648770809,1.6,3.347204761
401520308,2023,-5.391009531,-6.373891861,-5.028498364,-0.473245874,-6.423610449,-9.375,-5.510876013
401520309,2023,-15.03275487,-16.86087638,-16.35501755,-15.86554632,-16.96762191,-14.575,-15.94280284
401520310,2023,-5.572563789,-3.46981805,-4.849163498,-3.718619329,-1.105682373,-7.875,-4.43180784
401520313,2023,7.055458389,5.589300264,6.762773969,6.828249862,3.124548078,1.475,5.13922176
401520314,2023,-17.28821849,-16.74858849,-16.12196391,-17.7972707,-16.22616547,-16.575,-16.79286784
401520316,2023,-17.40399882,-15.86298065,-17.44149161,-15.89827045,-18.52032042,-22.45,-17.92951032
401520317,2023,-11.51067434,-11.46791889,-10.79116822,-11.93278263,-10.36139131,-11.3,-11.22732257
401520318,2023,-17.32927287,-17.91636926,-18.55901121,-19.61241953,-21.05055141,-25.275,-19.95710405
401520320,2023,-16.18498038,-16.04022356,-16.77907077,-17.50620143,-14.66769159,-15.75,-16.15469462
401520321,2023,9.298410149,11.6412609,10.71130198,10.92578532,12.24907613,16.9,11.95430574
401520322,2023,20.48184271,21.32592583,23.300728,20.5337689,22.49588978,21.225,21.56052587
401520324,2023,-2.493787029,-1.272714637,-2.296525223,0.4448967299,1.702432394,-1.575,-0.9151162941
401520325,2023,-1.688152069,-1.371662236,1.513377466,0.7576735266,3.726529121,0.125,0.5104609682
401520326,2023,4.925568162,3.6478247,3.709974951,2.590140384,3.98915185,3.025,3.647943341
401520327,2023,15.12100261,16.243205,13.67779082,12.98942144,17.44255698,12.275,14.62482947
401520332,2023,-17.52713092,-16.71131183,-15.91944027,-19.05730277,-16.39492893,-19.875,-17.58085245
401520333,2023,6.923689389,5.083457233,5.415661258,5.523776811,2.209505558,6.275,5.238515042
401520337,2023,-8.283504594,-9.839286665,-10.47919491,-9.695592571,-7.705248356,-11.15,-9.525471182
401520338,2023,-6.449149552,-3.51766384,-1.794424162,-4.546280839,-6.137380481,-2.7,-4.190816479
401520339,2023,28.74631397,29.18934811,30.29944847,29.23982163,26.02043033,28.225,28.62006042
401520340,2023,-20.51133453,-22.0400448,-22.12005162,-22.03807072,-18.33580685,-21.675,-21.12005142
401520341,2023,13.46681633,14.11029524,13.1260934,13.34767794,12.21968818,15.65,13.65342851
401520343,2023,4.63381592,4.687709138,3.245003261,1.118045383,3.663392842,2.475,3.303827757
401520345,2023,-4.92910014,-4.138007338,-2.703267137,-5.76308441,-8.07762289,1.4,-4.035180319
401520349,2023,-17.62826591,-15.9976012,-15.82443829,-17.41203953,-14.06629133,-18.375,-16.55060604
401520351,2023,-6.017929533,-7.238287144,-9.49894982,-8.732892536,-4.825354576,-9.325,-7.606402268
401520352,2023,-8.148078934,-8.969199284,-11.20258746,-8.113012935,-10.55881679,-11.6,-9.765282568
401520353,2023,-1.885002106,-2.071768895,-1.949331577,-1.474179404,-4.446652532,-3.925,-2.625322419
401520354,2023,9.575353673,8.411763348,7.749716713,8.546067569,13.13033485,6.825,9.039706026
401520356,2023,21.02770539,20.62408833,20.41952582,21.55803339,17.4392972,18.575,19.94060835
401520357,2023,2.315744459,1.687747127,1.465243119,1.591139887,-2.650729179,0.95,0.8931909021
401520358,2023,-22.76464819,-21.94507365,-20.33135441,-22.59453095,-26.34081554,-29.3,-23.87940379
401520359,2023,-4.016128044,-3.807619789,-3.633528446,-4.559362611,-5.46219182,-2.15,-3.938138452
401520361,2023,-37.89035782,-38.12373132,-35.09803212,-37.92507484,-33.30781794,-31.75,-35.68250234
401520362,2023,13.03876707,11.51545375,10.11488311,11.77006436,9.057666183,8.875,10.72863908
401520363,2023,-6.626794221,-6.574279049,-7.663687148,-8.042951095,-5.81403625,-2.625,-6.224457961
401520364,2023,-4.180092363,-4.737584829,-3.96777062,-3.55443669,-5.137412786,-7.9,-4.912882881
401520367,2023,-27.35696474,-26.31910363,-25.52200278,-26.74736666,-30.27078581,-27.675,-27.31520394
401520370,2023,-0.7165905745,-3.002232665,-3.616237656,-3.188084231,-1.199395657,-6.225,-2.991256797
401520372,2023,1.589417089,2.197853934,-1.081655857,2.832343167,-0.5489633083,2.275,1.210665838
401520373,2023,1.311613924,3.172383294,3.075820291,3.718395117,3.533408642,2.35,2.860270211
401520374,2023,0.6963485493,-1.1787778,-1.616177873,2.783688127,-2.443877935,1.275,-0.08063282208
401520375,2023,1.779585323,1.006013098,4.360994864,2.123686378,2.279732227,-0.35,1.866668648
401520377,2023,20.64217273,20.0985349,18.89167377,17.25907912,24.29091787,17.55,19.78872973
401520378,2023,0.472854727,1.207568679,0.5748477388,0.226880282,-0.9763646126,-4.05,-0.4240355309
401520382,2023,24.45039063,25.01504712,23.76899722,25.50043414,28.71790886,23.625,25.17962966
401520383,2023,-1.264317666,-1.581715423,-1.95598812,-0.7530491241,1.740356922,0.325,-0.5816189018
401520384,2023,22.01420918,22.69071972,22.88115013,19.81682254,19.58904135,14.1,20.18199049
401520385,2023,12.42779718,12.42044802,14.78791307,11.84576958,10.86278939,10.325,12.11161954
401520386,2023,-19.66584365,-17.43587364,-16.77424416,-16.33796199,-15.91650069,-19.825,-17.65923736
401520389,2023,-0.2560831223,1.17517775,0.3698547251,0.08783302915,4.395700455,2.825,1.432913806
401520390,2023,25.2599058,24.05657127,24.03209522,24.2312859,24.83492196,22.5,24.15246336
401520391,2023,31.39188628,31.20980405,30.266532,30.41760349,32.64455247,27.075,30.50089638
401520393,2023,1.694247309,3.410947473,1.661184632,2.788288506,9.095405579,7.825,4.41251225
401520394,2023,-2.770586751,-3.908614784,-3.241275659,-4.43009581,-1.897981167,-3.1,-3.224759028
401520396,2023,28.28304658,27.33814891,29.65002769,27.62676782,25.28601027,32.45,28.43900021
401520399,2023,-12.27919086,-12.28519977,-10.45149382,-13.42328115,-13.43317449,-15.9,-12.96205668
401520402,2023,-0.5894244267,-3.461832411,-3.032660332,-2.309127722,-3.61882858,-3.525,-2.756145579
401520405,2023,-5.484822412,-6.669325846,-7.669591454,-5.220378576,-4.757638574,-6.45,-6.041959477
401520406,2023,-1.25552591,-0.0001724106651,1.270486054,-0.6938781226,-0.7905977815,1.225,-0.04078136184
401520409,2023,10.02312808,10.37845682,9.520685883,10.68441438,13.99922204,7.825,10.4051512
401520410,2023,11.15304137,11.28389894,12.16700948,9.021577038,8.396862507,10.075,10.34956489
401520411,2023,-3.226521776,-3.574301552,-4.769471461,-2.905600531,-1.808821678,-3.925,-3.368286166
401520413,2023,-13.08953163,-11.56454873,-14.90296531,-11.72269434,-12.47053826,-10.7,-12.40837971
401520415,2023,4.554654643,6.772014136,7.747447662,6.421440134,8.921658754,2.4,6.136202555
401520416,2023,-3.352372362,-4.92027478,-4.585107998,-5.266163535,-2.069880962,-4.825,-4.16979994
401520417,2023,1.936034706,1.600499144,0.05378166977,1.348471748,0.4953600168,0.5,0.9890245475
401520418,2023,0.6023838517,0.5913433799,0.8753339465,-0.09202843742,-3.218740463,-1.9,-0.5236179537
401520419,2023,-19.84462941,-19.85658456,-18.91827191,-17.93209391,-18.0631299,-16.775,-18.56495161
401520426,2023,-22.82586362,-24.62224708,-23.81016321,-23.85810965,-31.57452679,-28.625,-25.88598506
401520428,2023,-2.519464939,-2.695268638,-2.232632902,-1.420706508,-0.3897464275,-3.925,-2.197136569
401520429,2023,-0.621904841,-2.750070265,-2.617395084,-2.724628479,-6.194013596,1.175,-2.288835377
401520431,2023,-6.780198514,-7.664459432,-8.138272227,-8.577802997,-8.353588521,-6.325,-7.639886949
401520433,2023,0.9485147407,0.6409207575,-0.3646723965,-1.108362423,-0.3440065384,-0.375,-0.10043431
401520434,2023,5.323757113,3.164621541,6.037362011,0.8188115943,7.770894051,8.325,5.240074385
401520435,2023,-16.83491102,-18.36806143,-18.27725483,-19.26794502,-20.72952962,-22.775,-19.37545032
401520439,2023,-14.15924762,-15.85602343,-15.28479468,-13.5382129,-11.96729326,-15.55,-14.39259532
401520441,2023,-1.255670386,-1.001441303,2.241663388,-0.569758801,-0.7664043903,-3.45,-0.800268582
401520442,2023,-3.373456272,-2.542994043,-2.371303434,-3.698772498,2.380730629,0.425,-1.530132603
401520443,2023,-15.78247542,-14.47731593,-17.06827388,-17.76820509,-13.21136045,-15.575,-15.64710513
401520445,2023,4.4333104,4.736753508,5.301594671,4.752862506,8.019822121,9.7,6.157390534
401521330,2023,0.1426089346,1.364629768,3.516026314,-1.742275001,1.451750636,-4.575,0.02629010856
401523988,2023,-10.67908029,-9.352909155,-11.29805386,-10.07782692,-11.83515227,-16.125,-11.56133708
401523990,2023,-17.11881246,-15.52736054,-15.87861719,-17.0393862,-21.20737457,-19.775,-17.75775849
401523997,2023,22.4580961,23.04557415,24.27164087,23.60778758,23.65371203,26.5625,23.93321846
401523999,2023,1.153298414,0.1270705678,3.22591661,1.358503695,-3.154264927,-4.7125,-0.3336626067
401524001,2023,-11.30528701,-10.90408974,-11.51166881,-13.72703274,-13.81670332,-17.875,-13.1899636
401524002,2023,-0.8435728377,-1.578553327,-1.756444029,-1.215107478,-4.226809621,-5.875,-2.582581215
401524003,2023,16.72983529,18.55638363,18.67254301,18.29366836,19.27538967,9.775,16.88380333
401524004,2023,0.1735804515,-0.1416522733,1.63966138,-0.5025054383,-1.289054453,2.325,0.3675049445
401524008,2023,3.943619176,7.118682861,5.845247395,5.830643101,7.963660598,10.025,6.787808855
401524009,2023,-8.868452482,-7.350293698,-5.842182073,-8.692004459,-1.766281128,-10.075,-7.09903564
401524016,2023,13.87116193,13.86968993,13.59090758,10.68000883,9.816144466,16.125,12.99215212
401524017,2023,3.110758365,4.133817783,1.363112976,1.81407396,2.997692704,1.05,2.411575965
401524018,2023,6.990299986,6.704441684,9.290517668,7.587939474,6.152951121,5.125,6.975191656
401524019,2023,5.294804612,6.436963108,4.536564885,4.147096811,3.000369072,3.125,4.423466415
401524020,2023,13.99595376,10.73776578,10.88050012,10.28292943,10.15464252,7.4,10.5752986
401524021,2023,13.09268932,13.8090469,11.18369268,16.55580573,11.23132765,10,12.64542705
401524024,2023,-7.131815371,-8.312945787,-10.12403161,-9.584137416,-7.802803636,-8.875,-8.638455637
401524025,2023,-16.61646196,-17.03053017,-14.49634435,-17.6197854,-18.25304806,-19.75,-17.29436166
401524027,2023,-6.417022344,-3.753502534,-5.441876241,-3.660048366,-12.51764011,-6.6125,-6.4004316
401524028,2023,4.878686303,4.891413395,8.425726446,1.625182605,6.53438282,6.25,5.434231928
401524030,2023,-45.35513039,-43.86508861,-41.61663036,-45.79867497,-43.22320414,-47.35,-44.53478808
401524031,2023,24.77380868,25.053544,24.80532095,28.44753643,23.15180576,22.05,24.7136693
401524032,2023,10.69598216,8.693106666,7.524136774,10.57407302,9.19329083,4.725,8.567598241
401524033,2023,9.28764585,11.50010725,11.3111352,12.20620342,6.976489544,8.475,9.959430211
401524034,2023,0.7113080363,0.3305361125,0.3790574363,0.5506359631,0.002420023084,4.4,1.062326262
401524035,2023,-5.300747459,-5.494433458,-4.435061728,-3.646505858,-1.076602936,-4.0625,-4.002641907
401524036,2023,-18.19370249,-16.93968916,-16.92486798,-19.37681353,-20.35527134,-18.7,-18.41505742
401524037,2023,-5.791823771,-9.208309485,-6.647536602,-8.396344425,-13.01010609,-9.6,-8.775686728
401524039,2023,5.210071343,6.660360855,7.264107354,5.978375507,2.855663776,6.075,5.673929806
401524041,2023,8.013121376,10.3620033,10.31094101,10.08469659,7.03617382,8.2,9.001156015
401524042,2023,19.58486701,19.97781764,17.65523455,16.58402342,18.03428125,19.425,18.54353731
401524044,2023,-23.41224601,-22.07779096,-25.10382658,-22.51745591,-23.9517442,-27.85,-24.15217728
401524045,2023,18.18111737,19.67671631,18.39177683,19.54645363,17.59608281,16.85,18.37369116
401524047,2023,18.64902224,19.19025161,19.6635288,18.181516,14.20748854,22.325,18.7028012
401524048,2023,-6.094612303,-5.758153659,-8.019047157,-7.008093897,-11.26473713,-12.75,-8.482440691
401524050,2023,-16.57802058,-17.27838328,-18.54934725,-15.75162146,-19.32252717,-18.8,-17.71331662
401524051,2023,1.951551009,1.983423165,1.906664074,2.38735027,3.906265497,-4.225,1.318375669
401524053,2023,-8.881856232,-6.983373113,-5.330704208,-8.764343539,-7.720122442,-6.05,-7.288399922
401524054,2023,24.50902695,23.15243221,25.33705099,24.21929901,20.31569386,17.525,22.5097505
401524056,2023,-1.741966275,-3.188793034,-1.712437147,-2.608930651,-3.553766489,-7.5,-3.384315599
401524058,2023,21.85146491,21.14246751,20.7538382,18.25685528,16.60610294,19.3,19.65178814
401524060,2023,-4.263007819,-2.041689373,-3.287783115,-3.840310233,-4.481839776,-2.55,-3.410771719
401524061,2023,-3.351001829,-4.254353589,-4.410778432,-6.119915196,-5.552184686,-6.6,-5.048038955
401524062,2023,-22.91023462,-23.36740571,-22.13990057,-21.71842206,-27.35221624,-23.275,-23.46052987
401524063,2023,9.714561797,10.40148849,9.679592869,8.285616114,10.9956761,16.4,10.91282256
401524065,2023,-5.391145807,-5.852256104,-7.500432728,-5.242580165,-6.019036949,-5.625,-5.938408625
401524066,2023,-34.2138932,-34.80558365,-34.43349334,-34.10153328,-31.93313074,-34.575,-34.01043903
401524068,2023,-10.78202912,-12.21960222,-12.20883262,-13.69571857,-9.606942177,-17.775,-12.71468745
401525434,2023,18.53459018,19.2466748,20.62128055,19.00346642,19.92762357,21.675,19.83477259
401525436,2023,-14.00339248,-14.51233252,-13.71937922,-15.00352387,-9.323580742,-17.95,-14.08536814
401525437,2023,-10.38004943,-11.45174044,-9.577256642,-11.88502123,-12.36976564,-6.325,-10.33147223
401525438,2023,-3.333008898,-1.398952392,-0.253703872,-1.978496622,-5.293818951,-0.85,-2.184663456
401525440,2023,31.00714073,30.1032129,30.63475477,27.51809017,33.03098822,26.975,29.8781978
401525441,2023,9.795730735,10.79158439,13.37825279,11.18217418,13.81550384,5.675,10.77304099
401525442,2023,15.72592695,14.43340076,17.44787073,15.35799236,12.82917118,12.65,14.740727
401525450,2023,-19.31840362,-18.18308979,-17.90759992,-20.26321316,-20.85344732,-20.6,-19.52095897
401525463,2023,18.68026765,18.96350156,18.78218503,18.51469623,19.65163839,17.225,18.63621481
401525464,2023,-13.8647165,-12.73313694,-12.81061836,-13.59541042,-14.96765721,-14.45,-13.73692324
401525467,2023,3.556932408,3.547681977,1.892086743,3.500113847,-2.249017715,3.9,2.35796621
401525468,2023,32.56875097,33.56480339,32.05475401,33.45139013,31.41265249,29.9,32.15872517
401525493,2023,22.7064246,22.06419002,20.79773007,21.6352186,20.48495972,28.65,22.72308717
401525495,2023,-12.46276568,-12.58234521,-12.68246103,-13.97261483,-10.11293936,-11.875,-12.28135435
401525497,2023,15.81354635,16.73134358,17.01854822,17.95107357,19.97710395,11.175,16.44443594
401525498,2023,9.181423565,5.888374986,9.675021168,5.145799838,17.00170994,7.4,9.048721582
401525500,2023,20.99546155,23.84541917,23.32850013,22.02839577,22.66425979,19.3,22.02700607
401525501,2023,10.51717703,9.409053852,9.969014931,8.074489538,18.14389324,16.775,12.14810476
401525503,2023,9.097570687,8.866783201,7.607780995,9.439441271,3.974673271,3.45,7.072708238
401525504,2023,9.625973504,10.33540208,10.6415625,11.68391641,10.0806551,8.05,10.06958493
401525505,2023,6.601194529,6.282011363,9.489164076,8.704613004,7.333441734,4.95,7.226737451
401525507,2023,-4.838869375,-4.609262098,-5.718671694,-5.041326015,-6.823367476,-7.75,-5.79691611
401525509,2023,-10.31243766,-9.797084652,-10.46902627,-12.48658869,-12.66751814,-8.375,-10.68460924
401525510,2023,-8.6517037,-10.65078533,-9.771800334,-8.427727856,-13.25788665,-13.75,-10.75165065
401525511,2023,0.1038284254,1.782376561,1.225659577,0.8817226979,0.8474203944,-0.75,0.6818346093
401525513,2023,-1.477232167,0.2584539578,-1.52056085,-2.190361027,-1.811107278,-4.375,-1.852634561
401525514,2023,-9.898723606,-10.12228894,-9.015370407,-10.50115411,-14.0982399,-11.475,-10.85179616
401525516,2023,19.15863162,21.90503603,19.49518546,18.09796459,20.78678405,17.55,19.49893362
401525517,2023,-17.19762362,-14.97895017,-15.41740898,-17.49488306,-14.32327783,-21.8,-16.86869061
401525518,2023,-2.48763814,-2.131386062,-1.447222268,-1.594194795,3.775629997,-0.425,-0.718301878
401525520,2023,24.50771705,24.31950438,23.95342581,22.22426661,29.75105715,21.625,24.3968285
401525521,2023,-0.2754366812,0.9215256332,-1.144390327,-1.387034527,2.718488216,2.5,0.5555253857
401525523,2023,14.68370585,17.12457183,16.45240166,15.84750517,14.9988575,17.525,16.10534034
401525524,2023,21.09830837,19.66444587,19.77024503,18.42715931,25.4102087,17.675,20.34089455
401525526,2023,8.739511301,7.569724685,7.37529612,7.373260826,12.1416316,8.775,8.662404089
401525527,2023,14.92052612,15.82769442,15.91120874,16.07604637,16.76303899,15.675,15.86225244
401525529,2023,15.53393231,14.41719633,14.21101683,14.86690181,15.45072091,14.9,14.89662803
401525530,2023,4.472613913,2.937000103,4.412717442,5.069468825,6.571571112,3.875,4.556395232
401525531,2023,-28.89045607,-27.96963874,-29.10926008,-27.97111931,-22.80637074,-29.575,-27.72030749
401525532,2023,7.727268479,8.159650248,8.710632887,4.518043937,6.352773428,3.2,6.444728163
401525533,2023,26.01694907,26.4087464,26.9984752,24.33954469,25.49287784,20.325,24.93026553
401525534,2023,19.02579987,17.79120854,18.96538977,18.84516864,16.38240075,18.325,18.2224946
401525536,2023,-2.399533501,-4.25622511,-6.229697778,-4.160612224,-2.234788775,-1.4,-3.446809565
401525538,2023,-15.05830022,-15.07561124,-15.81314253,-15.916696,-13.54884374,-13.175,-14.76459896
401525539,2023,-4.252590218,-3.477968889,-3.607632053,-2.92707206,0.006390571594,-8.775,-3.838978775
401525540,2023,-6.172960115,-7.608401058,-8.398185879,-5.211196429,-8.447461009,-16.225,-8.677200748
401525541,2023,7.016898992,4.213672407,3.645409764,4.56157972,7.803328514,9.025,6.044314899
401525544,2023,20.1336236,19.67756832,20.41241354,19.577674,15.10994387,21.025,19.32270389
401525547,2023,-23.18396338,-22.68184964,-25.22581744,-24.96889265,-22.74466908,-28.175,-24.4966987
401525549,2023,-8.26474879,-8.922811201,-8.018254438,-9.901738631,-5.20952487,-9.725,-8.340346322
401525550,2023,-7.174142375,-8.60871873,-7.439601723,-7.589789295,-9.24837172,-4.275,-7.389270641
401525551,2023,-18.50492013,-18.47661155,-18.53585638,-19.73657449,-21.63557076,-24.225,-20.18575555
401525552,2023,17.96224677,18.89640836,17.9402904,19.75479969,16.75554442,11.3,17.10154827
401525553,2023,9.149069851,6.277016957,6.736290869,8.412716235,12.89404011,9.65,8.853189003
401525554,2023,3.553650509,4.347339341,2.963569145,4.988709691,4.590154767,3.1,3.923903909
401525555,2023,9.42677493,6.269237263,5.902728996,8.440566571,6.222381234,5.45,6.951948165
401525559,2023,-9.288839168,-9.614810051,-9.808249643,-10.20874039,-13.50124884,-10.0875,-10.41823135
401525560,2023,-16.12422986,-14.68528083,-15.77416589,-14.30013382,-18.01209259,-11.7,-15.09931716
401525561,2023,4.73676664,6.84464287,6.528206446,7.027382435,7.204842627,2.65,5.831973503
401525562,2023,21.52798464,21.04257178,20.42952722,22.93277439,14.87817478,17.325,19.6893388
401525563,2023,1.856259484,1.887667121,2.413701798,0.06341614014,8.853192329,-1.475,2.266539479
401525564,2023,-35.80555153,-35.82694775,-34.21544269,-38.06421633,-37.15451932,-37.95,-36.5027796
401525816,2023,17.02697004,17.19263399,17.70488532,16.13422373,19.32912111,15.625,17.1688057
401525817,2023,-36.34095867,-36.91845593,-38.23387873,-38.40961195,-34.2203207,-38.175,-37.04970433
401525819,2023,1.773143167,2.062832613,0.1422153889,2.777431228,-4.406547546,0.075,0.404012475
401525822,2023,36.9684022,36.49068076,32.24730763,37.34305315,32.62951756,37.375,35.50899355
401525824,2023,-9.883215252,-8.634128963,-8.849183499,-8.851068518,-11.01059031,-7.325,-9.092197758
401525825,2023,14.75790999,14.75329225,15.32618019,15.53966334,16.01612943,12.8,14.8655292
401525827,2023,2.936861125,1.192429993,-1.106853724,2.684236191,3.74425602,2.575,2.004321601
401525829,2023,16.19327175,13.61945868,13.59871157,12.61001498,15.01052964,18.65,14.94699777
401525830,2023,0.0325648943,-0.6637361806,0.4852743892,-0.7845633929,1.054752469,-1.575,-0.2417846368
401525831,2023,11.05146228,9.678423683,10.30579614,9.180458247,14.50422144,14.875,11.59922697
401525836,2023,-15.52948732,-16.48452884,-16.63095063,-14.18374664,-21.18960953,-15.125,-16.52388716
401525837,2023,21.61744468,21.96887835,21.90398423,21.63411915,19.74373162,22.075,21.49052634
401525838,2023,5.252225488,5.374020458,4.278835206,6.146012303,4.680548787,-1.325,4.067773707
401525839,2023,-30.26156874,-31.61577205,-28.8121082,-30.44895025,-37.227458,-34.7,-32.17764287
401525840,2023,-9.638291576,-10.42979287,-7.697250395,-9.640357698,-9.885302871,-13.45,-10.12349924
401525842,2023,-18.72996162,-19.77490871,-18.37686898,-20.31379718,-18.90632629,-19.825,-19.3211438
401525844,2023,-10.01496502,-13.09345622,-15.34533838,-15.72523465,-20.49368048,-21.65,-16.05377912
401525846,2023,3.500131951,4.439561658,6.31373518,3.363403498,10.37025166,5.1,5.51451399
401525847,2023,-0.3706700691,0.958214904,-0.8483363686,0.1096742414,1.954400599,0.7,0.4172138844
401525848,2023,8.69744957,7.094811268,7.703590652,7.410421305,8.126595259,7,7.672144676
401525849,2023,9.84596193,9.603076909,13.20681708,12.30625286,18.04808521,3.9,11.151699
401525850,2023,12.09143386,12.63204969,14.04414715,12.68114465,12.01794314,12.375,12.64028642
401525852,2023,10.47198264,9.115290093,8.990512152,8.958603129,12.2327795,3.85,8.93652792
401525853,2023,-14.42972155,-16.06185989,-14.36440264,-14.86395704,-9.075965881,-23.2,-15.33265117
401525854,2023,8.859212361,8.975726001,9.021663406,9.300896402,4.781876564,8.225,8.194062456
401525855,2023,12.13759497,11.87916217,12.20617222,14.8919251,18.324646,15.75,14.19825008
401525856,2023,-15.70546323,-13.02577019,-11.61281438,-11.4415401,-14.52472591,-15.55,-13.64338564
401525857,2023,21.31964604,20.45466859,20.64371956,19.78592097,16.86746716,14.925,18.99940372
401525858,2023,-21.44097642,-21.63324815,-23.19515429,-23.23078506,-24.73246288,-22.175,-22.73460447
401525859,2023,20.51285258,20.32265977,18.87861615,18.84329917,14.73939419,23,19.38280364
401525860,2023,30.2489812,31.21337317,28.23422168,32.40659879,28.96957326,29.325,30.06629135
401525861,2023,-9.052846086,-8.39898871,-8.485504997,-8.856233826,-14.69922447,-6.6,-9.348799682
401525862,2023,6.730013746,5.100325717,5.460359403,5.249433136,2.155142307,2.675,4.561712385
401525864,2023,11.97046783,10.97189195,11.04898455,10.59268717,4.841616631,9.625,9.841774689
401525865,2023,27.52120398,27.99335114,28.69321308,28.33369034,33.22028255,21.2,27.82695685
401525866,2023,-18.27259865,-18.1130348,-20.62448122,-17.87279366,-19.20694482,-24.125,-19.70247553
401525867,2023,16.43040531,16.7269321,14.75898765,15.93059068,13.46102881,17.35,15.77632409
401525869,2023,17.58493451,17.22461598,17.08717298,13.99911386,12.94776249,19.275,16.35309997
401525870,2023,32.55221465,31.45950646,29.12933417,29.20954245,32.49069695,36.05,31.81521578
401525871,2023,-15.52113637,-14.73549676,-14.9997846,-13.50225772,-16.64362431,-14.275,-14.94621663
401525872,2023,-17.35304171,-16.80581829,-16.02577612,-17.80335095,-14.69245791,-16.25,-16.4884075
401525873,2023,-7.439219216,-8.79334454,-9.648823728,-7.947402143,-5.284547806,-12.15,-8.543889572
401525874,2023,11.76071211,12.05718386,9.983206736,8.285482144,12.21206863,9.55,10.64144225
401525875,2023,22.82734067,22.83133088,24.08292548,25.89913842,19.34846878,24.075,23.17736737
401525877,2023,6.037703388,7.742623834,6.206990924,7.139562847,7.777103066,6.95,6.97566401
401525878,2023,-18.73505944,-19.30844099,-19.70718532,-17.23707711,-24.9265542,-19.375,-19.88155284
401525879,2023,5.17419409,3.990982949,2.199078297,0.2929830488,1.442822933,2.8,2.65001022
401525880,2023,-2.504619683,-3.087711877,-4.600400162,-4.210900772,-3.713050708,-2.95,-3.511113867
401525882,2023,-8.256601301,-8.400051518,-8.87889408,-9.391632848,-8.2852844,-12.1,-9.218744025
401525883,2023,10.42846273,10.12883212,8.993478253,8.040167705,6.837163448,5.8875,8.385934043
401525884,2023,-0.07619323966,-0.686824219,-2.997032076,-1.916036162,-2.132454515,-5.3,-2.184756702
401525885,2023,15.92803428,17.00858122,16.76095383,17.32861899,18.19220781,14.05,16.54473269
401525886,2023,-22.63674889,-23.70605455,-23.88234521,-22.60023676,-24.09347618,-26.35,-23.8781436
401525888,2023,-9.613600167,-6.548254872,-8.091997894,-8.707104185,-6.202817976,-2.3,-6.910629182
401525889,2023,11.86825191,13.08296654,16.35077639,14.86581471,14.45531607,16.125,14.45802094
401525890,2023,26.16671087,25.39294192,25.04046374,23.95753031,21.79887199,24.05,24.40108647
401525891,2023,10.42289461,9.760895241,10.26240831,11.40935752,9.101016164,5.25,9.367761974
401525892,2023,43.98027676,43.86978681,43.23717015,44.75903068,43.05347049,45.125,44.00412248
401525893,2023,19.57410679,18.14325807,16.52940585,16.70372073,11.64116096,15.9,16.4152754
401525894,2023,-5.505093846,-6.866283349,-8.950574566,-7.140349041,-7.245491505,-9.225,-7.488798718
401525895,2023,-1.79214583,-1.720324879,0.1751709643,-1.0650765,-4.16061151,-3.7,-2.043831292
401525896,2023,3.082471489,3.665063263,1.874273816,0.407072372,4.604703546,1.675,2.551430748
401525897,2023,11.08633472,11.69619868,13.79584997,10.66587774,12.44986933,6.725,11.06985507
401525898,2023,-0.6045713718,-1.380987045,-2.025499961,-1.593071152,1.61177969,-1.675,-0.9445583067
401525900,2023,12.48536665,12.246751,10.03374211,12.75845562,10.41313958,9.475,11.23540916
401525901,2023,33.4158258,33.97123236,34.54864442,33.74377038,34.02247699,39.85,34.92532499
401525902,2023,6.708707302,5.597112303,5.077565556,5.327531996,4.196630359,0.425,4.555424586
401525904,2023,-16.58759324,-16.53680856,-15.25546494,-13.97656252,-13.79276228,-14.65,-15.13319859
401525905,2023,-11.86145091,-10.90266812,-10.51344898,-10.64364583,-10.21163177,-6.475,-10.1013076
401525906,2023,-2.22777099,-1.015426213,-0.7926843247,-2.90340141,0.7629473209,-2.5,-1.446055936
401526833,2023,-4.018872581,-4.419934373,-4.414746209,-7.493164729,-2.295863152,0.125,-3.752930174
401526834,2023,-6.18293447,-5.544442984,-5.643625978,-5.762899387,-2.046024799,-5.275,-5.07582127
401526835,2023,-6.892225963,-5.835442233,-7.022445955,-6.200990631,-11.30315971,-5.775,-7.171544083
401526836,2023,-26.9556745,-25.36706716,-26.25354388,-25.5637189,-28.54735708,-31.075,-27.29372692
401526837,2023,1.892535278,3.000459058,1.631370805,0.1119979365,2.947900772,1.325,1.818210642
401531338,2023,-12.18229014,-11.80568089,-10.64554434,-11.3090261,-3.807415009,-14.025,-10.62915941
401531339,2023,21.72776168,19.19483891,19.27295546,21.54838892,14.63789272,17.025,18.90113962
401531340,2023,-0.06855555831,0.9566054333,1.400902101,0.5654027885,4.376054287,0.575,1.300901509
401531341,2023,-34.74964498,-34.91168775,-34.03150956,-35.7126171,-38.58541465,-35.825,-35.63597901
401531342,2023,38.64801656,38.35634751,39.5730404,36.61457973,40.55089569,40.625,39.06131331
401531344,2023,-22.41987429,-23.06608013,-22.10343498,-22.54503952,-22.30684608,-20.275,-22.11937917
401531346,2023,-4.987368583,-5.176228284,-3.148881116,-4.062038212,-1.397111177,-6.2,-4.161937895
401531347,2023,13.11302854,13.68723669,12.39579639,14.50733485,11.57749391,5.45,11.78848173
401531348,2023,-9.329148196,-10.2691279,-10.18400811,-7.679564533,-9.574287534,-6.525,-8.926856045
401531370,2023,-12.20121474,-9.869738863,-8.84589241,-8.22218932,-13.7700305,-9.625,-10.4223443
401531371,2023,-3.021492505,-4.977207939,-3.913216442,-3.257877562,-7.006416202,-4.075,-4.375201775
401531373,2023,7.778943748,8.034007022,8.070598446,7.796181948,6.062547803,9.075,7.802879828
401531374,2023,12.86749451,13.43960213,11.65320075,12.28561215,12.97848547,10.275,12.24989917
401531375,2023,-8.705419649,-7.576888603,-6.682508007,-8.476363656,-10.95171356,-7.475,-8.311315579
401531376,2023,12.06357425,9.66708435,11.22305645,10.70525587,9.998968184,9.2,10.47632318
401531378,2023,3.839413782,8.104294555,8.646766452,6.70893423,9.144968748,10.725,7.861562961
401531379,2023,-20.63981313,-22.2674641,-21.76370208,-21.04709506,-21.47313547,-17.225,-20.73603497
401531381,2023,9.938614158,12.08904552,12.80775378,13.29556316,11.7662421,7.2,11.18286979
401531382,2023,-17.25570287,-17.03387922,-18.38286721,-14.90799839,-19.06483555,-16.275,-17.15338054
401531383,2023,7.082848106,3.62649935,4.552485104,5.71524855,3.659909785,4.725,4.893665149
401531384,2023,25.77652244,28.34117015,28.31794878,28.17020446,30.57915425,23.4,27.43083335
401531385,2023,4.710541756,1.677603897,2.97869066,4.159512146,1.900090471,-0.6,2.471073155
401531387,2023,-6.93269555,-5.943210199,-5.859553063,-6.447008019,-11.82318878,-2.775,-6.630109269
401531389,2023,-0.8318361532,0.03357481593,-0.7664675146,-0.6916129788,-1.482094288,7,0.5435939802
401531391,2023,-32.03862725,-31.50091535,-31.31216643,-32.3966812,-30.14088941,-29.975,-31.22737994
401531392,2023,22.59395623,21.61655549,22.44851681,18.94974053,20.93796332,26.575,22.1869554
401531394,2023,-12.31820017,-9.980869414,-10.61620765,-9.377614206,-7.641298771,-6.3,-9.372365035
401531395,2023,-7.285015784,-5.230152278,-7.316521297,-9.523361579,-0.7028799057,-4.55,-5.767988474
401531396,2023,-12.70214822,-14.1034618,-11.43839691,-12.93530111,-3.120654106,-16.975,-11.87916036
401531397,2023,-23.67462981,-22.38160056,-23.06814322,-24.03773813,-25.43158591,-21.95,-23.42394961
401531398,2023,-4.333295934,-3.039950864,-4.702964077,-3.787813444,-0.2640326023,1.125,-2.500509487
401531400,2023,5.508368888,7.6784911,7.112493472,4.678339029,6.076313734,8.4,6.575667704
401531411,2023,-13.83454771,-13.7063903,-12.01071401,-10.69586824,-10.01349688,-14.2,-12.41016952
401531412,2023,9.803677674,8.29353442,8.098989087,10.99789858,10.31639624,5,8.751749332
401531414,2023,5.433431766,3.884474199,2.623499884,5.846415855,9.990117073,1.875,4.942156463
401531415,2023,-9.923913909,-9.94991691,-8.208475703,-6.883484738,-4.101027489,-13.325,-8.731969791
401531416,2023,-22.38795814,-22.576464,-23.46597598,-22.86077771,-15.37235928,-22.4625,-21.52100585
401531417,2023,7.76913512,8.561838329,7.476752418,8.933078339,15.5081768,12.2,10.07483017
401531419,2023,-10.62403121,-11.57069188,-7.300474256,-7.644671527,-12.37902844,-6.625,-9.357316219
401531421,2023,2.533181774,-0.1759837042,1.215803403,-0.7795739869,3.836400032,-1.075,0.9258045862
401531427,2023,-13.06759508,-12.29936175,-13.60341667,-12.4241511,-1.742053986,-10.45,-10.5977631
401531428,2023,-2.66637331,-7.494340284,-6.207786134,-10.48699132,-9.992603421,-10.775,-7.937182412
401531429,2023,1.559946383,0.2854788643,1.726383121,3.439192459,-1.031182528,0.575,1.092469717
401531431,2023,6.077032999,5.221096682,5.3272588,6.912476391,-4.841786385,3.55,3.707679748
401531434,2023,-1.685142824,0.8213474691,0.4600077084,0.08469578111,1.916530967,-2.3,-0.1170934832
401531435,2023,27.34389872,24.43593833,26.25850741,25.13342571,22.78068244,26.725,25.4462421
401531440,2023,8.350175194,6.617211337,7.294533682,7.462707553,11.97727633,8.175,8.312817349
401531842,2023,9.985523003,13.05707516,14.68672775,13.30821331,20.1082468,13.85,14.16596434
401531848,2023,-3.990811331,-2.835772668,-3.374968477,-0.2682997698,-0.7818546295,-8.225,-3.246117812
401531870,2023,-2.264421038,-0.2150754483,-0.8243197745,1.210095646,1.802759051,-3.55,-0.6401602606
401531871,2023,-32.81418425,-30.65271269,-30.53324769,-32.2989056,-29.92541373,-33.825,-31.67491066
401531872,2023,0.2809034521,-1.212242013,-0.4159015761,-0.6886304437,0.9299921989,-1.2,-0.3843130636
401531874,2023,13.84924283,14.85588218,16.66660682,13.86944909,10.03199482,15.55,14.13719596
401531875,2023,-2.528528556,-3.64448497,-2.676622226,-4.607979275,-6.806465864,-6.15,-4.402346815
401531876,2023,-19.6369874,-20.19010122,-20.71431901,-25.05015634,-21.15484583,-15.825,-20.4285683
401531877,2023,-5.926520103,-6.310350398,-5.378604423,-6.518244665,-11.8808217,-7.875,-7.314923549
401531879,2023,-22.01566362,-21.30835386,-21.30351531,-22.71708684,-20.16829038,-21.8,-21.55215167
401531880,2023,6.144264947,5.530898593,8.184738286,4.670670635,-4.199137688,10.925,5.209405796
401531881,2023,-6.071877683,-7.003393115,-8.946555138,-7.371054086,-8.696720481,-15.575,-8.944100084
401531882,2023,12.72745732,13.19099858,12.74418509,11.71196532,18.81787109,14.075,13.8779129
401531883,2023,-7.296461891,-7.285600745,-7.355325314,-8.170460991,-8.482912183,-6.25,-7.473460187
401531884,2023,3.740799075,3.612249845,0.4748290712,4.101250805,3.278629005,-0.475,2.455459634
401531885,2023,-35.10150303,-36.52864339,-34.39929778,-37.09214129,-41.6014781,-39.3,-37.33717726
401531886,2023,-6.026078751,-6.494846742,-9.523672649,-6.15920394,-10.55130029,-10.75,-8.250850395
401531887,2023,18.01517715,18.93761815,16.88135207,20.84058647,20.75666356,16.875,18.7177329
401531889,2023,14.32283557,15.43556981,13.28905743,16.19238398,18.00114512,15.825,15.51099865
401531890,2023,20.30908557,21.76183861,23.07777482,22.33015471,20.0410856,21.125,21.44082322
401531891,2023,-16.84329615,-18.66284936,-17.2080577,-21.42525205,-25.60691547,-17.5,-19.54106179
401531892,2023,30.56452541,33.69408808,33.30080509,31.70984179,33.18366963,27.05,31.58382167
401531893,2023,-6.111738572,-5.400261665,-3.8414317,-6.128431148,-11.58075237,-6.675,-6.62293591
401531894,2023,-5.904686479,-5.627137523,-5.662839113,-6.949159226,-4.890807748,-5.4,-5.739105015
401531895,2023,11.70502601,12.36778203,14.88100703,13.44040768,12.9493189,14.7125,13.34267361
401531897,2023,-4.536882088,-6.162512315,-7.531162746,-7.206104533,-8.17096734,-10.625,-7.372104837
401531898,2023,-5.820096984,-5.579745699,-5.137941824,-7.017726787,-6.782881618,-7.1,-6.239732152
401531900,2023,-16.42841678,-15.85385002,-15.45387875,-18.10646477,-17.79940546,-15.675,-16.55283596
401531901,2023,-9.265999422,-10.903715,-11.90326805,-9.522382949,-8.360664845,-12.9,-10.47600504
401531902,2023,-26.25443538,-24.69872169,-22.96337302,-25.04865384,-21.80582142,-24.925,-24.28266756
401531903,2023,-8.450520098,-11.27456578,-8.775432441,-11.12532169,-15.22977018,-6.15,-10.1676017
401531904,2023,12.05904704,11.79031595,13.23385884,13.71507625,12.08451295,10.6,12.24713517
401531905,2023,18.98099545,19.31905558,18.17560483,18.19262278,20.2479794,18.825,18.95687634
401531906,2023,-22.80615439,-21.24841422,-22.97082788,-20.94738061,-23.52579975,-19.6,-21.84976281
401531908,2023,27.31562191,27.4727352,25.91622879,25.45864684,24.59117842,20.525,25.21323519
401531909,2023,13.50122512,13.37212175,11.71873249,12.68048096,13.74340653,12.1,12.85266114
401531910,2023,19.94522555,20.80086356,22.65141608,20.56457142,18.09061813,17,19.84211579
401531911,2023,-10.51638219,-11.41120844,-12.94298277,-11.42067871,-11.70278494,-19.625,-12.93650617
401531913,2023,-31.7240796,-31.47988297,-31.59116914,-29.32234159,-31.36963189,-28.875,-30.72701753
401531914,2023,4.774624551,5.640314828,3.688875953,3.589038708,4.776098728,5.725,4.698992128
401531915,2023,-7.904299485,-8.259943401,-7.057689,-10.84830509,-7.029931784,-9.6,-8.450028127
401531916,2023,-7.93482421,-7.693866104,-9.104058843,-10.45874517,-3.93616724,-8.175,-7.883776929
401531917,2023,-6.885409384,-7.407890241,-8.10795587,-10.27237194,-4.633497715,-9.225,-7.755354192
401531918,2023,-15.39229256,-14.3206216,-14.34210081,-13.9918423,-15.7245909,-14,-14.62857469
401531919,2023,48.30392175,49.33383774,48.20953765,45.82885244,42.21512604,46.175,46.6777126
401531920,2023,18.08673916,18.30323596,19.16138059,15.8209233,20.98038292,17.3,18.27544365
401531921,2023,-8.680661934,-8.174210147,-4.194410043,-5.238463632,-4.857918262,-13.675,-7.47011067
401531922,2023,16.00525974,17.97250411,18.42530671,17.97776982,17.77905059,14.975,17.18914849
401531924,2023,12.16071235,12.1330184,10.40462621,13.03725754,14.35427606,8.075,11.69414843
401531925,2023,-1.691827283,-1.655504393,-0.9112579547,-2.223114137,-3.469453812,1.075,-1.479359597
401531926,2023,18.91535943,18.07896555,18.48530022,17.25491626,17.89598167,14.65,17.54675385
401531927,2023,-0.3298948968,-1.020364502,-2.161682132,-0.1676395002,-3.478509903,-2.925,-1.680515156
401531928,2023,16.12401139,13.57616274,14.35013162,13.31504919,15.06388879,15.85,14.71320729
401531929,2023,19.00426108,17.36345459,17.58547183,15.02447124,15.44730163,20.275,17.44999339
401532403,2023,-5.369897595,-4.605285804,-2.599974118,-5.229922123,-5.18501161,-2.975,-4.327515208
401532405,2023,-13.51242717,-17.02676398,-13.69199394,-13.42148041,-7.997546196,-16.425,-13.67920195
401532406,2023,-4.005338395,-4.579586823,-4.54927596,-2.807357521,0.00187921524,-7.525,-3.910779914
401532407,2023,15.13570842,15.86567275,17.42985212,17.47886987,21.71202087,19.85,17.91202067
401532409,2023,18.45099604,16.81515013,14.81782026,14.90780404,15.98103297,17.45,16.40380057
401532410,2023,-5.186521785,-5.147402937,-5.729676192,-4.891820508,-3.13228476,-4.825,-4.818784364
401532411,2023,-11.95659184,-11.95853963,-10.82899868,-12.26547219,-6.408529758,-17.125,-11.75718868
401532412,2023,-6.051323098,-6.328807523,-8.189801548,-6.79735252,-7.56652832,-4.8,-6.622302168
401532413,2023,-2.566821699,-4.978383455,-4.968437807,-3.594811444,-3.386631966,-7.9,-4.565847729
401532414,2023,12.06055734,12.81541573,10.56998597,11.07092287,17.0913825,7.425,11.8388774
401532415,2023,26.83677574,26.82294027,27.25836958,24.90176224,22.28760052,33.85,26.99290806
401532416,2023,17.32850879,18.96879408,20.50679039,18.29569715,17.25594926,18.25,18.43428994
401532417,2023,-1.878770023,0.7652907822,-3.182567906,-0.8657968128,4.326018333,-3.025,-0.6434709377
401532418,2023,-38.7609402,-37.71519046,-38.28203406,-38.39665997,-37.16736661,-38.75,-38.17869855
401532419,2023,11.9184187,10.49161776,11.62650986,13.12323127,8.536045909,8.1,10.63263725
401532420,2023,-2.544660041,-3.069897469,-2.185998429,-3.067235743,-1.086402893,-6.625,-3.096532429
401532421,2023,-13.60926196,-12.65486103,-12.83162534,-13.26520479,-9.004426003,-12.025,-12.23172985
401532422,2023,4.566398986,6.880618464,6.457967555,6.192774667,13.56179142,4.15,6.968258515
401532423,2023,-1.789007838,-4.967513271,-6.801415983,-4.207412248,-4.088584781,-6.725,-4.763155687
401532424,2023,17.49456012,16.44509992,18.51368619,19.5447371,17.77305937,20.95,18.45352378
401532425,2023,12.47911116,11.71326865,13.21143489,13.55583721,17.90802002,12.425,13.54877866
401532426,2023,-4.205091835,-5.440566898,-3.857437528,-4.978523896,-0.07941198349,-4.925,-3.91433869
401532427,2023,-0.6395136345,-1.63485916,-2.729794612,0.140793027,-2.4658705,-2.05,-1.56320748
401532428,2023,-15.92306608,-13.9976649,-14.76572483,-14.40835866,-12.67000228,-13.15,-14.15246946
401532429,2023,22.08679545,21.24825994,21.7350023,20.24885166,27.20236921,19.125,21.94104643
401532430,2023,-8.596456491,-10.99222729,-11.01127009,-11.60575892,-15.85479689,-7.025,-10.84758495
401532431,2023,-23.88260119,-21.38661651,-19.02544545,-19.84624655,-18.00995302,-22.6,-20.79181045
401532432,2023,-22.4577917,-20.99723826,-22.6216739,-21.88060346,-16.57367516,-23.325,-21.30933041
401532433,2023,12.34261963,10.90860002,8.606124367,12.03502499,9.333468556,8.125,10.22513959
401532434,2023,2.54837385,3.397924357,4.664627333,3.615752701,2.215059042,-0.05,2.731956214
401532435,2023,-1.144663594,-0.6374074837,-1.033785785,-1.504430796,1.413149357,-2.675,-0.9303563836
401532436,2023,-0.6299420599,0.4725499496,-1.012558437,-1.149516584,3.080979347,-2.3,-0.2564146307
401532437,2023,-11.33550487,-11.94834267,-12.17616768,-13.39628021,-12.71330048,-14.65,-12.70326598
401532438,2023,8.428076245,6.121185866,6.276569313,5.792680448,2.186742783,5.525,5.721709109
401532439,2023,1.921874347,-0.262352076,0.322116632,0.06684671268,1.593733549,5.35,1.498703194
401532440,2023,4.964175798,6.063779053,6.231356069,5.214077333,6.20426327,3.25,5.321275254
401532441,2023,2.961806419,2.769933053,3.594796476,2.081367059,4.427957296,1.8,2.939310051
401532442,2023,-17.09561783,-19.55647706,-21.50685413,-17.50073838,-26.03638268,-21.1,-20.46601168
401532443,2023,10.14981762,10.17781004,9.973926265,11.24923424,8.586795092,7.75,9.647930541
401532444,2023,19.40257327,19.62390797,22.57209103,20.04001485,25.02482986,17.5,20.69390283
401532445,2023,1.216156363,0.4425381018,1.695927019,-0.6031480885,6.000673771,-1.875,1.146191194
401532446,2023,2.097316796,3.65182493,1.595129009,2.221344041,0.04492115974,2.375,1.997589322
401532447,2023,6.902757298,6.17701297,6.113024637,6.646505924,9.18413949,9.3,7.387240053
401532448,2023,18.8726125,20.124215,20.97973017,20.30770359,24.02832699,19.3,20.60209804
401532449,2023,-18.80731818,-19.75220861,-19.61316057,-21.0046203,-20.73979795,-18.2,-19.68618427
401532450,2023,-19.2770551,-20.83955187,-21.7915212,-20.56300519,-27.99509621,-25.975,-22.74020493
401532451,2023,-3.503830491,-4.619042866,-4.472030507,-4.418056705,-6.45091939,-6.1,-4.927313326
401532452,2023,5.445021654,4.346774145,4.354771937,3.981809247,1.003603458,4.325,3.90949674
401532453,2023,11.95921564,10.92320241,9.928054546,9.508624973,4.060189247,12,9.729881137
401532454,2023,3.318789861,1.868068346,4.960909711,5.305867096,2.162016049,-0.825,2.798441844
401532573,2023,-10.54561495,-10.43136188,-10.23608747,-10.0683933,-12.69433022,-11.825,-10.96679797
401532581,2023,9.637233731,9.11664265,10.87783044,11.30602682,8.166078448,13.9,10.50063535
401532583,2023,5.023676854,4.353480142,3.842694975,5.188479263,4.708576918,3.35,4.411151359
401532584,2023,-16.46933212,-17.84404488,-14.67306215,-14.82533727,-9.572240829,-23.1,-16.08066954
401532586,2023,12.38410068,13.06815404,14.0141694,10.92871443,11.98509824,15.025,12.9008728
401532587,2023,-4.835089051,-6.611900075,-6.543506957,-7.447980609,-5.199354768,0.175,-5.077138577
401532588,2023,-6.414222528,-4.874340871,-2.921882612,-4.412988847,-6.518803835,-4.7,-4.973706449
401532589,2023,28.01272204,29.32803142,29.06087405,31.16479593,33.09954929,27.625,29.71516212
401532590,2023,27.15412203,23.93024539,27.12525454,25.93329765,25.35881376,27,26.08362223
401532591,2023,9.946022297,10.19072285,10.24083299,11.884821,12.78622711,6.475,10.25393771
401532592,2023,0.1742701528,0.8803034098,-0.1967388569,1.159289934,-0.2564351559,-2.525,-0.1273850861
401532593,2023,9.255728615,10.05472126,9.708838286,8.607526926,8.932735145,7.7,9.043258372
401532594,2023,2.808652337,0.3311981066,-0.9155257517,-0.4160704145,-2.804561138,0.1,-0.1493844767
401532595,2023,-1.368446459,-0.6654677804,-0.550196401,-0.7907190743,-1.861458123,-1.65,-1.14771464
401532596,2023,-21.20111097,-21.10330317,-19.39770084,-20.49223187,-23.07737386,-20.625,-20.98278679
401532597,2023,-9.943675378,-9.905932212,-8.885699624,-6.998205165,-8.508862495,-14.05,-9.715395812
401532598,2023,-5.030434914,-5.092204746,-3.720366686,-3.217888145,1.58318615,-4.15,-3.271284724
401532599,2023,-3.500962936,-3.797557241,-2.424653214,-0.6170203624,-6.720306396,-4.5,-3.593416692
401532600,2023,23.33455469,22.75322984,25.09114896,21.61253837,22.6781888,21.1,22.76161011
401532601,2023,-16.58539619,-15.92688008,-18.60163387,-16.12799122,-18.87546837,-15.4,-16.91956162
401532602,2023,15.4673502,16.20605782,15.46895447,15.06223924,11.2127552,11.55,14.16122615
401532603,2023,-0.4908617178,-1.020913266,1.028718979,-1.002498527,0.9534173012,-5.025,-0.9261895384
401532604,2023,8.153585661,9.780273605,10.45627005,10.14820644,7.03582716,6.8,8.729027153
401532605,2023,-23.52334897,-24.35886036,-24.72144695,-25.07659947,-24.06313825,-24,-24.29056567
401532606,2023,-1.815063645,-2.484674767,-2.253956381,-1.833867483,1.97224617,-2.925,-1.556719351
401532607,2023,21.95353654,20.60640502,20.45691423,20.77801989,20.68826632,19.475,20.65969033
401532608,2023,7.974589768,5.454207072,6.611899788,6.232869889,4.265741482,2.325,5.477384667
401532609,2023,3.615289496,3.297067892,4.727856567,2.343940676,3.804355741,3.65,3.573085062
401532610,2023,-18.07066091,-16.47713673,-17.01622611,-17.15358991,-14.4238143,-16.2,-16.55690466
401532611,2023,-26.80889895,-27.76488352,-27.17433697,-27.81793751,-34.6818037,-28.025,-28.71214344
401532612,2023,-6.572462194,-5.438092773,-7.139711619,-6.140904863,-10.85196447,-12.5,-8.10718932
401532613,2023,35.80197641,35.39077021,37.70249382,36.85195133,37.34958816,35.225,36.38696332
401532614,2023,19.80811269,20.74701816,18.41654761,19.87018845,20.19266343,20.6,19.93908839
401532615,2023,5.472459287,2.870981142,2.406307915,3.771283065,2.503935918,3.55,3.429161221
401532616,2023,-1.205911329,0.8533025116,0.2610112851,0.6385529527,-0.532333374,2.425,0.4066036743
401532617,2023,1.006434225,-0.1986437587,-2.460237302,-0.4493961062,4.931399822,0.425,0.5424261468
401532618,2023,20.43695332,17.60078952,16.84818436,18.04422337,16.77020454,20.775,18.41255918
401532619,2023,-26.50946367,-28.90956396,-29.6976202,-27.248519,-31.181373,-33.1,-29.44108997
401532620,2023,20.01663285,19.46680617,20.15438984,19.14958843,27.1747694,22.175,21.35619778
401532621,2023,-1.287986945,-1.971638417,-2.869978974,-2.095727921,0.5999259949,-5.025,-2.108401044
401532622,2023,-30.24495513,-29.5784926,-30.08467186,-29.85987708,-30.65104006,-26.275,-29.44900612
401532623,2023,-5.838343955,-5.319716504,-5.165951499,-6.021298846,-8.245281458,-10.9,-6.91509871
401532624,2023,-6.024913574,-6.43968227,-7.899693782,-4.06113235,-1.448500156,2.15,-3.953987022
401532625,2023,0.9925659867,1.372032099,1.34218426,0.8965932312,2.821865082,-1.3,1.020873443
401532626,2023,9.802862023,8.813516228,10.25305279,9.193772719,10.36750889,9.2,9.605118774
401532627,2023,20.05481558,21.16009675,18.70956728,18.25466442,16.12378931,19.575,18.97965556
401532628,2023,-5.50124298,-7.115379795,-7.460804612,-7.782187101,-7.717589244,-9.75,-7.554533955
401532629,2023,1.040420083,0.9512751889,0.6049529467,0.2497388113,-6.27103281,1.85,-0.2624409634
401532630,2023,-22.28463516,-23.94818398,-23.773124,-21.29640892,-22.5734601,-24.9,-23.12930203
401539475,2023,13.42737696,12.43491441,12.16022729,14.17093799,7.326853752,7.925,11.24088507
401539477,2023,-14.16221867,-14.27648532,-14.66786123,-12.66275861,-15.30775619,-23.5,-15.76284667
401539479,2023,12.55104202,13.33384646,12.30133234,13.18474809,17.10389137,11.475,13.32497671
401539480,2023,-6.150906193,-3.65311148,-1.969751355,-5.015447629,-6.666470885,-4.325,-4.63011459
401539481,2023,-16.40378404,-16.83643449,-15.41699997,-15.17863652,-9.558076859,-13.85,-14.54065531
401539482,2023,-19.53825382,-20.84464271,-19.34045449,-21.00152348,-21.38042803,-20.6,-20.45088375
401539483,2023,7.923529833,6.955032961,5.816662611,7.719090848,3.780509949,0.825,5.503304367
401539484,2023,19.60831091,19.87809624,18.5869766,21.33200767,23.61451912,17.575,20.09915176
401628319,2024,28.59382606,29.15709728,26.28452841,26.32386289,29.48745045,23.8875,27.28904418
401628322,2024,-21.53389268,-22.04313017,-23.44219184,-21.97284493,-26.01911163,-25.475,-23.41436187
401628323,2024,20.07502267,20.42843211,19.28694679,19.67074372,19.92662668,18.2,19.59796199
401628324,2024,5.148619255,5.383995789,7.728497071,5.881269192,2.211707115,6.725,5.513181404
401628328,2024,4.309587519,5.02380184,2.860409407,3.242418834,5.364453822,1.85,3.775111904
401628329,2024,-16.76322053,-15.98734222,-14.78988023,-16.34947211,-16.12675196,-16.175,-16.03194451
401628331,2024,16.67130876,17.07629965,14.7184896,16.40681491,15.60050499,15.6875,16.02681965
401628333,2024,20.45681199,21.12214664,18.67242595,20.24966645,17.06851912,17.525,19.18242836
401628334,2024,-11.50344865,-10.64369693,-11.79420619,-12.1016634,-6.180675507,-16.35,-11.42894845
401628335,2024,-5.35613124,-3.286530821,-4.022728991,-3.982281527,-7.663144588,-6.975,-5.214302861
401628336,2024,-0.2992020094,-0.2474825342,-0.5009913416,1.39314991,1.867609739,-6.0625,-0.6415693726
401628337,2024,-20.62757211,-19.32099705,-19.226092,-20.5152769,-6.29611969,-18.25,-17.37267629
401628340,2024,-35.06454366,-35.50053584,-34.73266579,-33.94385029,-25.63669586,-35.95,-33.47138191
401628342,2024,4.883033488,6.046460645,6.046165903,6.411297312,7.627659678,4.575,5.931602838
401628344,2024,3.750826758,4.365797953,2.795799697,3.175793831,10.42886496,6.1125,5.104930532
401628345,2024,-24.30054441,-23.40671803,-21.32314467,-23.12365563,-23.7929709,-29.4,-24.22450561
401628346,2024,-30.53089458,-28.78637055,-32.00135775,-29.79141114,-26.12357712,-29.0875,-29.38685186
401628347,2024,-11.326276,-12.59511348,-11.3178009,-11.65101988,-12.25138959,-9.15,-11.38193331
401628350,2024,-15.52010546,-16.59474961,-17.42014235,-15.54661463,-13.62809205,-20.25,-16.49328402
401628351,2024,-14.1722354,-13.38208578,-10.97162504,-13.06526443,-5.720112801,-14.55,-11.97688724
401628352,2024,-0.3848232428,1.248601362,0.3132726644,-0.6506255596,8.534269333,-0.65,1.401782426
401628354,2024,21.72147359,18.75859353,20.85579332,20.43279353,20.93384328,19.075,20.29624954
401628355,2024,-11.24220302,-13.4227548,-12.78883892,-10.40037947,-4.824451447,-22.6625,-12.55685461
401628357,2024,-8.639858765,-7.812480469,-8.364978342,-11.15746344,-8.053945273,-4.675,-8.117287715
401628359,2024,4.282801686,2.791499781,3.91426639,3.300427773,-0.02030658722,-0.3125,2.326031507
401628360,2024,20.27483845,22.80215488,23.69259825,22.71991874,24.85756898,19.75,22.34951322
401628361,2024,12.99604843,14.74495697,17.15411734,14.44543403,14.19386089,11.95,14.24740294
401628362,2024,13.74026474,14.31839168,14.9543404,17.60610657,17.90833807,16.3875,15.81915691
401628363,2024,-12.05406487,-12.40413106,-10.99473824,-10.46417643,-9.476804733,-14.9375,-11.72190256
401628364,2024,13.49484192,12.39399854,12.19156137,12.79584031,13.49618583,11.2,12.59540466
401628365,2024,-4.984218613,-4.520796116,-1.367160428,-3.589227382,-4.582235672,-8.475,-4.586439702
401628366,2024,2.299688178,3.700951449,4.515407119,3.466375217,1.510751247,-1.4375,2.342612202
401628368,2024,-15.48517478,-15.3217234,-14.15078077,-14.45202805,-16.17944598,-8.6,-14.0315255
401628369,2024,-3.023381055,-4.900894023,-3.953813137,-3.303361007,-6.998245716,-7.275,-4.909115823
401628370,2024,17.60333548,18.90084823,19.8525799,18.07252318,21.82693267,20.1625,19.40311991
401628371,2024,4.001062997,3.451554897,1.01603057,5.3676329,2.538524032,0.925,2.883300899
401628374,2024,9.089119656,7.890110023,8.499788038,8.683303781,9.335395128,1.775,7.545452771
401628375,2024,-8.11602802,-9.29718102,-10.06342451,-9.834134391,-7.325991154,-9.125,-8.960293182
401628376,2024,10.9065712,11.98047573,13.68917313,12.99692345,16.43518162,12.025,13.00555419
401628377,2024,-18.94202444,-18.19964625,-19.76957191,-19.25262244,-13.37227917,-19.675,-18.20185737
401628379,2024,19.30483631,19.0074833,19.15997841,20.13500086,17.25223267,17.575,18.73908859
401628380,2024,12.62257461,12.4311868,12.4330012,12.46675081,12.90596581,4.575,11.23907987
401628381,2024,-3.082169268,-1.168459815,-3.180642858,0.02369550752,-3.845740259,-4.575,-2.638052782
401628382,2024,-13.06837175,-11.57747719,-9.916673324,-13.11999823,-11.84051204,-20.15,-13.27883876
401628384,2024,28.9232441,27.42316688,27.58692081,30.21848467,26.18799329,21.7,27.00663496
401628385,2024,-19.43257084,-19.33147061,-20.27250306,-18.77209878,-20.50733626,-16.0375,-19.05891326
401628387,2024,-19.63310335,-19.01753183,-17.43566416,-17.69537242,-22.73648286,-15.875,-18.73219244
401628388,2024,7.520701344,8.2342718,7.763126968,9.210015152,9.227155447,2.5,7.409211785
401628389,2024,-14.10405063,-15.06310777,-15.10826941,-13.08166081,-12.97069097,-15.2,-14.25462993
401628390,2024,-13.32369987,-14.09970146,-14.16565352,-14.74884668,-11.98095727,-18.875,-14.5323098
401628391,2024,-8.111266999,-8.01756389,-5.830209367,-7.617303756,-0.9628100395,-6.375,-6.152359009
401628392,2024,-20.69440846,-22.56026186,-23.03504637,-20.50523271,-19.79916823,-18.575,-20.86151961
401628393,2024,30.89601632,31.72115739,32.18205999,32.49644677,29.40950167,26.925,30.60503036
401628395,2024,0.2776377733,0.9578615439,-1.365861474,1.549983176,3.028584719,1.875,1.053867623
401628396,2024,-24.52013091,-25.40106226,-25.92425975,-24.45530889,-27.8038094,-26.25,-25.72576187
401628397,2024,10.83255893,9.149745652,9.491286889,10.47736734,14.56870413,6.7,10.20327716
401628398,2024,-19.12245819,-19.33787947,-19.68940835,-19.73180881,-19.89522457,-23.6,-20.22946323
401628399,2024,-17.5253325,-17.82932556,-16.24583419,-18.60268841,-20.81546926,-22.1,-18.85310832
401628400,2024,18.00694237,18.43383889,18.7592514,17.3919791,15.45324111,12.75,16.79920881
401628401,2024,-15.82596444,-15.16932497,-15.12512664,-14.75300319,-14.7584939,-17.05,-15.44698552
401628402,2024,-8.129298112,-7.56605568,-7.065112454,-7.865563976,-5.370044947,-4.9,-6.816012528
401628405,2024,15.06701539,13.93666211,14.40139976,13.93515655,9.723782063,10.9,12.99400265
401628406,2024,-23.38407375,-25.19620383,-25.39427122,-25.24545013,-21.88957906,-31.65,-25.45992966
401628407,2024,-17.38640512,-18.38061045,-17.10920848,-18.42367067,-20.46815562,-17.725,-18.24884172
401628408,2024,-0.3803076493,1.141927514,1.289517348,0.2774980165,-1.779774666,1.8375,0.3977267606
401628412,2024,-7.679107677,-7.691427726,-7.899102701,-8.125746016,-6.717569828,-7.775,-7.647992325
401628413,2024,-26.31302983,-26.22578862,-24.59165363,-21.97479724,-25.24280024,-26.05,-25.06634493
401628414,2024,19.6517583,18.40723994,19.16138757,18.86433189,21.79103649,20.125,19.66679237
401628415,2024,10.71795633,11.27705487,12.9884802,10.4282403,14.8841629,11.225,11.9201491
401628417,2024,9.08966317,8.516013514,9.253250256,9.334263256,7.121066928,10.3125,8.937792854
401628418,2024,-14.44912421,-14.57586785,-14.24368241,-14.52354682,-18.01155686,-17.1,-15.48396303
401628419,2024,3.403306381,1.386181675,1.148844857,3.502907542,3.832795858,-1.15,2.020672719
401628420,2024,14.45849012,12.89168572,13.04041461,11.84356661,10.85207534,10.4,12.2477054
401628421,2024,5.901824449,6.69299461,6.854242498,6.205961542,5.056581229,2.3375,5.508184055
401628423,2024,-6.703020862,-6.500536131,-5.320996772,-7.038062788,-5.397717834,-18.3,-8.210055731
401628426,2024,9.223844914,8.8042876,6.411117112,6.794167123,3.570529938,10.9875,7.631907781
401628427,2024,-2.632601915,-2.980052738,-2.223843224,-4.175709761,-1.406945467,-1.675,-2.515692184
401628429,2024,20.81213304,20.08211778,19.62325456,19.50565278,14.57001066,17.675,18.71136147
401628430,2024,-4.797758797,-4.276670056,-4.615873139,-4.705337437,-4.114496976,-9,-5.251689401
401628431,2024,-2.62926007,-1.452779288,0.9591057479,-3.130453432,-5.454309225,-4.1,-2.634616045
401628433,2024,35.56490918,35.00019604,36.09129731,36.24292736,31.29040051,31.675,34.3107884
401628435,2024,14.27393062,14.41859189,15.99190866,13.05424644,18.03451848,13.05,14.80386602
401628436,2024,-1.625215795,-1.180690288,-0.9249284228,-1.794954923,2.001311779,-4.1,-1.270746275
401628437,2024,3.016095861,5.543026857,4.383002609,4.419661823,6.259607077,-3.1,3.420232371
401628438,2024,-2.500816564,-3.502355996,-3.462884217,-3.377122571,-9.011429787,-2.3,-4.025768189
401628439,2024,-15.49837413,-13.87437223,-16.06271248,-17.00348875,-15.13711634,-20.05,-16.27101066
401628440,2024,-22.34762873,-23.68176202,-23.93442712,-21.15458611,-22.74869072,-25.725,-23.26534912
401628441,2024,14.38152034,14.91127642,19.03826207,13.51960488,16.54416656,15.4875,15.64705505
401628443,2024,4.459285436,4.697384537,7.090867914,7.208450452,7.942075491,-0.95,5.074677305
401628444,2024,-5.476437356,-6.138870256,-8.049460931,-5.600181053,-1.368237495,-3.8,-5.072197849
401628446,2024,-2.308276624,-1.882432086,-0.1096638699,-3.576865279,-4.559733748,-6.375,-3.135328601
401628448,2024,-0.6057944889,-0.2460475073,-3.119196595,-0.4689464549,1.441006899,-0.775,-0.628996358
401628449,2024,-1.940134942,-1.719543213,-5.633833895,-1.950717029,-4.823691607,-6.7,-3.794653448
401628451,2024,23.59758989,24.32056313,24.52537085,23.78615974,22.2821089,25.7125,24.03738209
401628452,2024,-1.504190292,-0.3671168642,0.8056759641,-1.243527494,-1.286669105,-4.9,-1.415971298
401628454,2024,5.149204615,5.560855018,2.806366588,4.373731374,3.878147125,0.625,3.732217453
401628455,2024,-4.046768509,-2.683764723,-1.158560408,-3.080275515,-0.3076088428,3.4625,-1.302413
401628457,2024,-14.56132004,-14.08704334,-13.99515194,-14.88534536,-17.90014005,-15.4,-15.13816679
401628461,2024,-10.14200592,-9.721976692,-11.60825887,-10.26345557,-7.741037846,-11.5375,-10.16903915
401628462,2024,11.1438784,11.38135718,10.94263436,10.85042245,11.17662889,13.575,11.51165355
401628464,2024,-4.123120506,-1.86289691,-0.9844681815,-2.209118512,-0.2235839367,0.4,-1.500531341
401628467,2024,11.08783669,11.16903623,12.29985006,9.114354225,11.82476822,6.1625,10.2763909
401628468,2024,18.30028832,19.23736855,18.58221004,18.65678621,22.6441288,18.5,19.32013032
401628470,2024,-28.82731029,-27.07520843,-25.46141574,-25.44840308,-27.3002196,-31.3,-27.56875952
401628471,2024,6.996255773,6.99094294,10.14539801,6.325386222,15.00005627,13.8375,9.882589868
401628472,2024,18.89525712,19.08043199,19.3290312,17.72077023,18.98374334,18.5125,18.75362231
401628473,2024,-4.366425476,-3.276148035,-4.277264312,-3.838351888,-5.749943733,-7.8,-4.884688907
401628475,2024,-0.5040384862,-0.493429688,-1.461739006,0.001040518955,0.3408180773,0.075,-0.3403914307
401628476,2024,-24.82317781,-24.11649959,-23.8335506,-26.38939452,-18.20752335,-19.7,-22.84502431
401628478,2024,-16.1934214,-15.74707347,-17.40537591,-15.01480175,-15.34986675,-18.35,-16.34342321
401628479,2024,-11.93707479,-10.5971798,-9.789877265,-11.63228388,-10.30321968,-12.925,-11.19743923
401628481,2024,9.800714211,10.37660701,8.504042035,3.44577537,13.51285863,8.65,9.048332875
401628484,2024,-11.24909136,-9.577756141,-9.183324444,-10.864124,-10.94745561,-11.625,-10.57445859
401628485,2024,-15.84151582,-16.2651677,-14.31782852,-16.724013,-15.35618412,-19.3125,-16.3028682
401628486,2024,8.555488295,9.371392496,10.91289429,9.407141026,14.29360056,8.975,10.25258611
401628487,2024,-13.81103198,-13.75552991,-14.83326044,-15.84905535,-13.55821082,-13.05,-14.14284809
401628489,2024,7.561448333,6.924261282,6.600820459,6.878526336,2.98763895,5.9375,6.148365893
401628491,2024,6.71790465,8.291910464,7.831586398,7.357612115,9.903884888,3.175,7.212983086
401628492,2024,-4.046580016,-4.340612254,-4.652890327,-6.077531689,-5.951105952,-9.225,-5.71562004
401628493,2024,6.035748658,6.735394942,4.792643695,5.527240468,4.991439342,-2.55,4.255411184
401628494,2024,-6.228424593,-7.333081505,-10.32355458,-6.240563681,-5.765113086,-12.45,-8.056789574
401628495,2024,-6.138153398,-6.117447212,-5.752572293,-6.13367074,-6.01689887,-6.8125,-6.161873752
401628496,2024,6.136780773,6.838910653,5.782942345,7.375899312,10.41503215,1.55,6.349927539
401628497,2024,-7.173414077,-7.473157102,-6.130167692,-5.5055268,-10.68353772,-14.5625,-8.588050565
401628499,2024,-7.405606604,-9.716978251,-8.490746805,-7.453703273,-7.587603182,-7.0375,-7.948689686
401628500,2024,3.139992507,4.236502171,3.659261417,4.809808151,11.08944988,-2.1125,4.137085688
401628501,2024,2.741462685,1.980385503,1.293881625,0.8126111933,1.808713637,0.425,1.510342441
401628502,2024,3.621751261,3.237162554,3.285934643,3.174049983,3.394760527,9,4.285609828
401628503,2024,-3.501775888,-2.834592981,-3.052222361,-6.991560388,2.432999611,-2.7375,-2.780775334
401628504,2024,10.67604819,11.7174444,11.94999354,11.97918069,15.64461374,10.175,12.02371343
401628505,2024,8.209887952,8.579769216,9.391772099,9.501055841,10.6901865,5.5,8.645445268
401628507,2024,15.74202419,15.01504027,13.592117,13.62126729,13.43002224,12.95,14.05841183
401628508,2024,0.897146299,-0.06008219774,0.6067915541,1.30922689,2.960780859,2.6875,1.400227234
401628509,2024,34.00210087,34.41691729,35.18360239,33.84032727,35.21929753,29.075,33.62287423
401628510,2024,-15.06117372,-14.31554578,-13.15010215,-13.82244682,-17.04431129,-14.2125,-14.60101329
401628511,2024,-21.60440268,-21.35234875,-20.37938344,-21.74658227,-20.07011354,-26.025,-21.86297178
401628512,2024,22.41475971,22.22976142,18.01057636,19.67089766,25.86747169,26.55,22.45724447
401628513,2024,-38.07798438,-37.4858564,-37.71611358,-37.329676,-41.41422343,-38.5875,-38.43522563
401628514,2024,0.5908547054,-0.1304219294,2.094834433,-0.3566706719,1.601495743,-0.8625,0.4895987133
401628515,2024,5.31367311,3.604096131,2.811237489,6.416386025,6.007864237,4.1625,4.719292832
401628516,2024,1.819179185,2.010523759,3.278862099,1.61637633,-1.340432286,-3.275,0.6849181811
401628517,2024,-35.700356,-34.41390014,-32.6834718,-36.66544025,-34.88020754,-39.7125,-35.67597929
401628518,2024,20.2229529,20.55835766,20.88770251,20.00545396,27.03483057,21.0375,21.62446627
401628519,2024,42.43077804,42.28159062,43.46299192,43.35672,45.33184958,40.475,42.88982169
401628521,2024,7.587049242,7.288119496,6.615386381,8.18141865,4.471935034,4.325,6.4114848
401628522,2024,-9.58634257,-10.21355958,-8.174233155,-11.59646128,-6.227251053,-8.65,-9.074641273
401628523,2024,-4.557090196,-5.769845821,-7.525153288,-7.5884089,-2.452043772,-6.475,-5.727923663
401628524,2024,-7.165966769,-7.185201907,-6.935336803,-7.725107547,-5.974867582,-6.7,-6.947746768
401628525,2024,6.325249426,5.371445292,5.937003928,5.412785252,7.610398769,6.425,6.180313778
401628526,2024,8.469129194,7.924024095,7.00153827,8.008917291,5.304091215,2.45,6.526283344
401628527,2024,9.528606125,9.681397782,9.935179569,10.25613192,5.889969349,8.0125,8.883964124
401628528,2024,19.31677256,20.06804099,18.72196246,18.69916783,20.27370691,13.825,18.48410846
401628530,2024,-21.3488658,-20.18934054,-19.23521116,-20.90917217,-19.20582247,-20.275,-20.19390202
401628531,2024,-8.053690919,-7.645693705,-6.731342215,-9.007870526,-8.471956708,-4.7125,-7.437175679
401628532,2024,8.542208258,9.478337594,9.548641288,6.317613497,12.79223108,7.6875,9.06108862
401628533,2024,-4.87383427,-5.553638566,-3.712792156,-5.919513401,-3.985131264,-5.1625,-4.867901609
401628535,2024,29.90562283,29.91801757,30.36880071,28.99426942,33.78941059,23.3625,29.38977019
401628536,2024,-5.423945097,-6.321760089,-6.54642814,-7.695094632,-6.005101532,-3.125,-5.852888248
401628537,2024,-14.4970066,-13.91615785,-13.84588544,-14.29846134,-12.8650111,-13.25,-13.77875372
401628538,2024,-8.853433467,-9.664372295,-10.2666818,-8.895132452,-11.74623966,-6.6,-9.33764328
401628539,2024,-3.473925623,-4.18478605,-6.033266806,-7.790245901,-5.806156397,-9.7375,-6.170980129
401628540,2024,7.469622583,7.774763959,6.713198492,6.712733433,8.250900626,3.475,6.732703182
401628541,2024,-10.18166199,-9.260598138,-8.096773284,-8.887893952,-15.72482109,-11.5,-10.60862474
401628542,2024,10.2369913,9.926721745,12.42899918,12.95850776,7.007446289,15.4875,11.34102771
401628543,2024,-3.187395532,-2.587947541,-0.7621080271,-3.438325814,-3.549815595,1.9625,-1.927182085
401628544,2024,13.92720369,13.93604961,13.39073916,12.81159013,15.69457364,9.3875,13.19127604
401628545,2024,6.394275466,8.784472897,9.34653144,7.761852882,8.960698247,5.35,7.766305155
401628546,2024,15.49673929,13.84911067,14.40152615,14.41069889,12.20532727,8.375,13.12306704
401628548,2024,-18.12722021,-17.61291601,-17.97137146,-18.85511709,-19.60089409,-21.175,-18.89041981
401628549,2024,1.63276836,1.524045918,1.324592173,0.8888676066,-0.3505641222,0.675,0.9491183225
401628550,2024,5.719760616,5.512346802,4.09195301,3.079596674,7.845411062,5.7375,5.331094694
401628551,2024,11.11300789,11.41422093,11.0707821,11.93194356,12.78401041,14.3375,12.10857748
401628552,2024,-7.343426334,-8.833318058,-7.033469769,-7.981734343,0.3468894958,-12.2375,-7.180426501
401628553,2024,7.531303782,7.544005646,8.810106962,7.144863044,17.68128014,2.25,8.493593262
401628554,2024,-8.756203681,-9.489383977,-7.338700191,-9.111971076,-4.32841301,-5.4875,-7.418695322
401628555,2024,12.5581797,13.1667886,13.36343891,12.34960352,9.715667486,9.4875,11.7735297
401628556,2024,-11.56545227,-11.66290702,-10.33025077,-12.79806339,-11.61474714,-9.8375,-11.30148676
401628557,2024,33.43947354,34.44149578,34.61442581,34.2419503,38.24365377,33.3625,34.72391653
401628559,2024,10.57624442,12.00795399,10.11144555,13.25377483,15.05437851,10.1875,11.86521622
401628560,2024,17.82154217,17.3528019,16.42573652,17.07250304,17.22041944,14.475,16.72800051
401628561,2024,-0.9907969785,-0.9176222651,-1.756569494,-4.313754344,-0.5259377956,-2.8375,-1.89036348
401628562,2024,0.1086720218,0.8091418287,0.6430861247,-2.9005014,4.660229683,-5.225,-0.3173952904
401628563,2024,0.002907601579,-1.737763974,-1.341306055,2.643211506,4.715705395,1.375,0.9429590788
401628564,2024,36.50453853,37.48250626,38.88117003,38.56501376,39.60838866,36.1,37.85693621
401628565,2024,10.43200141,11.15336583,9.639804001,10.04540643,9.95376718,6.45,9.612390809
401628566,2024,-23.16532749,-22.62459176,-21.59512554,-23.33819594,-23.88853562,-23,-22.93529606
401628568,2024,-14.90762892,-15.52963817,-13.42707476,-13.98015335,-14.56070423,-12.8125,-14.20294991
401628569,2024,10.57836758,8.937750238,9.440256486,11.26135331,6.704870462,9.55,9.412099678
401628570,2024,-0.4903881728,0.4999768272,2.345742336,1.803477918,-4.069043636,-1.9625,-0.3121224546
401628571,2024,-6.156739677,-7.904857925,-5.405675342,-6.725400309,-8.304370999,-8.3125,-7.134924042
401628977,2024,-28.57753375,-29.3673634,-27.14580609,-29.99028271,-28.82402456,-27.175,-28.51333508
401628978,2024,-51.79275829,-52.22571445,-52.80267014,-50.9477534,-50.92038512,-54.325,-52.1690469
401628979,2024,-2.709171106,-2.152789729,-0.2360475868,-0.9821312365,4.636120796,-4.825,-1.044836477
401628980,2024,0.5462460706,0.8159993773,-1.591037448,1.995256281,-4.292117119,-1.95,-0.7459421398
401628981,2024,18.94189628,20.70236308,24.03890857,22.681243,17.81511235,14.9,19.84658721
401628982,2024,-3.685364362,-5.433228946,-5.206947717,-4.46015983,-4.142294377,-9.0875,-5.335915872
401628983,2024,-22.63476425,-23.57211766,-25.09785768,-23.24820684,-25.27004027,-18.375,-23.03299778
401628984,2024,23.00628832,22.14488708,21.70504549,22.04503502,17.68831539,23.625,21.70242855
401628985,2024,-0.8692266765,0.6474076616,1.737943351,0.2208752387,1.231378436,-5.7,-0.4552703316
401629031,2024,33.25973113,32.16674806,32.06168043,31.52801219,34.94197953,29.8375,32.29927522
401629032,2024,37.89650938,37.52604538,37.71677594,37.88314256,35.61672521,38.9625,37.60028308
401629033,2024,-9.274774792,-8.223456895,-9.477137062,-9.082776315,-9.453311801,-12.125,-9.606076144
401629034,2024,-0.5167059716,-0.8213436101,0.3603048436,-2.731592158,-3.295134783,0.1125,-1.148661946
401629035,2024,0.6331958974,0.8797189524,0.431894488,-0.116568569,-0.6037985086,-4.7,-0.5792596233
401629036,2024,-0.299285435,-0.3497880237,-0.8548718893,-0.9904786997,5.079489708,-0.975,0.2683442767
401629037,2024,0.1799277468,-1.427560706,-1.993979885,0.149212494,-1.62821269,-0.925,-0.9409355068
401629038,2024,5.20950779,4.417901851,6.601416212,3.874649479,6.543318987,2.7875,4.90571572
401629039,2024,-16.62134958,-17.26238028,-21.75601372,-16.9446489,-16.95669767,-18.25,-17.96518169
401629040,2024,-3.229051319,-1.139655249,0.2444975623,-2.313046206,5.767061234,-2.775,-0.5741989965
401629041,2024,28.00494935,27.42136712,25.95266394,27.35737696,26.88620061,22.225,26.30792633
401629043,2024,-12.03912487,-11.84242843,-12.73998447,-13.87519422,-9.618416548,-10.4,-11.75252476
401629044,2024,-0.8497887732,0.1115888266,0.06677574649,-0.1559620525,-0.3986687958,-0.5,-0.2876758414
401629045,2024,-3.729954937,-3.537251867,-1.444724461,-7.3178393,-3.268921733,-4.375,-3.945615383
401629046,2024,16.33298397,17.30062096,18.94762086,17.98937806,16.41418278,11.9875,16.49538111
401634300,2024,1.609688015,1.963275353,1.631292595,0.4291478376,-1.181835413,2.45,1.150261398
401634305,2024,7.091891085,8.848600173,10.97560037,8.162897519,8.657348752,12.5,9.372722983
401634306,2024,-32.06911829,-30.70003605,-29.78665861,-32.06201654,-34.84459019,-31.3375,-31.79998661
401634765,2024,-15.52879158,-16.70592018,-17.91414115,-15.21600984,-20.3361311,-14.3,-16.66683231
401634767,2024,-14.34611491,-12.71439797,-11.43007235,-11.23651845,-6.153023243,-14.35,-11.70502115
401634768,2024,12.55853056,12.23750397,10.86163984,12.56783424,13.45401096,13,12.4465866
401634771,2024,3.207929521,2.188970524,2.114654263,2.125487677,4.694600701,3.1,2.905273781
401634772,2024,-6.357363535,-8.247101788,-10.9062705,-7.476103929,-5.33268106,-3.9625,-7.047003469
401634773,2024,-2.543511467,-2.013492367,-2.826079066,-1.885761065,0.5065667629,-6.4,-2.5270462
401635516,2024,21.20038525,23.42142895,23.69631359,22.39059669,22.52765191,21.2,22.40606273
401635517,2024,24.62074199,23.27246665,20.83637377,22.05319416,23.89639106,21.0625,22.62361127
401635532,2024,30.34499305,29.9924534,31.86345371,31.18788733,34.62325764,22.6,30.10200752
401635535,2024,5.190362404,6.09492629,6.383811347,9.766153636,13.92189741,6.175,7.922025181
401635537,2024,-3.383720873,-3.888600563,-4.23470036,-1.068659681,-7.885765076,-6.0875,-4.424824425
401635538,2024,-3.579672322,-3.354340482,-3.120534016,-3.287047999,0.2377505302,-1.3,-2.400640715
401635540,2024,-2.723331052,-3.867756817,-6.412098232,-6.412606639,-1.265151262,-4.075,-4.125990667
401635541,2024,2.141294607,1.523583998,2.394777227,1.050650401,4.541281223,4.025,2.612764576
401635542,2024,-14.40784886,-13.24706084,-13.18766597,-9.290457764,-11.35754967,-17.9,-13.23176385
401635544,2024,24.68803843,25.14314455,25.48529305,25.74743878,27.48382509,25.925,25.74545665
401635546,2024,-10.13378534,-8.731414017,-9.219862726,-11.29669137,-10.74412283,-12.075,-10.36681271
401635547,2024,6.049699497,6.698703986,9.78074327,8.757116423,6.010580562,6.825,7.353640623
401635548,2024,-3.935180334,-2.545191236,-3.529557481,-4.323730008,-12.32751656,-5.4625,-5.353945936
401635551,2024,2.434337339,2.812860296,3.681773035,5.060995042,1.523349434,1.15,2.777219191
401635552,2024,6.304389644,5.58592458,4.256858618,5.958035601,6.448952518,0.6875,4.87361016
401635554,2024,3.70362871,4.134532937,4.023280621,4.221214537,5.141582608,0.475,3.616539902
401635555,2024,-17.43140528,-18.8588831,-20.91434584,-18.20182208,-22.25291228,-20.2,-19.6432281
401635557,2024,25.824574,25.56709599,24.6354974,27.8553993,23.93870831,25.1,25.48687916
401635558,2024,-14.85484548,-15.07805227,-15.67198676,-13.99770645,-19.86296463,-18.6875,-16.3588426
401635560,2024,-6.908562649,-6.013350965,-7.317621409,-7.668022623,-6.671333283,-8.35,-7.154815155
401635561,2024,1.56027326,3.37860131,3.26626515,2.844839749,3.699014544,0.175,2.487332335
401635563,2024,19.95983371,18.55880648,17.97191775,16.27214936,14.4862051,11.55,16.4664854
401635564,2024,1.130825136,2.290983183,-0.2979292595,1.831025595,2.560362101,-0.525,1.165044459
401635567,2024,8.059850891,8.803076903,8.751416627,9.429890208,5.957116842,8.5875,8.264808578
401635568,2024,9.689239958,8.434558868,7.557816376,9.266906515,10.17321312,7.9375,8.843205807
401635569,2024,1.135113682,0.1063364669,1.977340603,2.16022206,-3.075441599,-2.525,-0.03690479797
401635571,2024,-13.80730301,-12.63283432,-9.569488889,-12.2023491,-14.31570303,-16.975,-13.25044639
401635572,2024,-7.504264351,-7.87403948,-5.86458144,-6.981880409,-10.57561183,-10.8,-8.266729585
401635573,2024,-13.72498509,-13.49731215,-15.13185771,-14.10983211,-16.99343395,-19.775,-15.53873684
401635575,2024,-1.834156336,-0.9390155111,-0.02718450862,-0.7733455359,-3.289862752,-4.475,-1.889760774
401635576,2024,-12.79538007,-12.94947332,-13.27202898,-9.840751899,-15.00619614,-10.3875,-12.37522173
401635577,2024,-2.826143671,-3.852721349,-1.829578101,-2.458469037,-3.490314029,-3.9,-3.059537698
401635578,2024,3.196607459,3.459062198,-0.1793810891,3.185781821,3.573565125,1.6125,2.474689252
401635580,2024,-9.049750348,-8.871814816,-6.211619602,-9.45740465,-10.84636915,-6.8375,-8.545743094
401635582,2024,8.688511384,8.285870118,7.747454165,5.919616941,5.135110617,5.8375,6.935677204
401635583,2024,-3.556029567,-4.828440837,-3.496730534,-3.055760506,-5.513899088,-3.2,-3.941810089
401635587,2024,-10.1135239,-11.17937248,-10.72525461,-11.65381775,-10.33872584,-7.8,-10.30178243
401635588,2024,-3.395126986,-2.561270223,-3.530300164,-2.277960526,-3.752753615,-5.0625,-3.429985252
401635589,2024,-2.185290017,-2.346005987,-2.316436244,-2.323351398,-4.104092717,0.925,-2.058362727
401635590,2024,-12.781386,-11.77500101,-11.82931357,-12.39598042,-14.16821086,-16.725,-13.27914864
401635596,2024,-1.44689696,-2.023992608,-0.6381433302,-1.477136172,-3.635164738,1.275,-1.324388968
401635597,2024,3.895900505,3.227353723,0.4673655846,6.14433567,7.215616941,-0.575,3.395928737
401635598,2024,-30.41039997,-30.20026902,-32.0378329,-31.14183785,-31.08696401,-34.875,-31.62538396
401635599,2024,0.728086571,0.4627362585,0.2547566028,3.105545129,2.484106064,-3.575,0.5767051042
401635600,2024,-23.14302794,-22.87024706,-23.93086518,-20.14887791,-21.5206629,-24.325,-22.65644683
401635602,2024,-21.0337775,-20.85148702,-20.97229266,-18.88961583,-24.53182626,-24.8375,-21.85274988
401635607,2024,-4.155356757,-4.897894811,-7.107179403,-6.02265645,-6.005988717,-11.625,-6.635679357
401635609,2024,14.92165175,14.35000035,12.98756403,12.42620541,17.52324891,7.05,13.20977841
401635610,2024,-12.26863468,-11.61723738,-11.89444246,-13.09238776,-14.35423386,-11.6,-12.47115602
401635612,2024,22.42111836,20.9987893,21.59639681,23.03777614,19.54232621,26.25,22.30773447
401635613,2024,-12.53883389,-10.74594204,-12.10462602,-11.06856038,-13.25364935,-5.55,-10.87693528
401635617,2024,20.44531059,20.51743247,21.54811151,21.27494031,14.54898214,22.95,20.2141295
401635618,2024,4.269090137,3.666618814,4.782499109,2.50310043,1.348771334,7.975,4.090846637
401635619,2024,-14.84754463,-15.18998075,-15.814459,-12.21304937,-14.37923813,-21.0375,-15.58029531
401635620,2024,7.361811593,6.926142616,8.25576427,6.809165842,11.72445154,4.15,7.53788931
401635621,2024,19.20676998,19.56699995,20.37776915,19.78814446,20.36288446,13.375,18.77959467
401635624,2024,-6.536252925,-9.161260195,-8.990452069,-5.726176715,-8.527735114,-4.8125,-7.29239617
401635625,2024,0.4657267528,2.013975299,3.083347907,0.9277288864,-0.3614259362,0.9,1.171558818
401635627,2024,15.69597112,14.47002607,14.94111256,18.2459495,14.38141847,16.75,15.74741295
401635638,2024,-8.274644656,-7.358327798,-6.46185175,-6.679455821,-4.583682775,-10.2375,-7.265910467
401635639,2024,1.320753988,1.301412527,0.3687685083,0.9366301755,6.47875309,-1.05,1.559386382
401635640,2024,15.13550475,14.81664383,16.2969198,14.96591658,10.8515892,9.3625,13.57151236
401635659,2024,-5.31740622,-5.289368409,-3.714958264,-4.698184575,-0.1814069748,-9.175,-4.729387407
401636609,2024,34.45084603,35.12245876,34.89254645,34.35324007,35.61193895,33.6125,34.67392171
401636611,2024,-22.35327505,-23.24809193,-25.50694237,-23.52825011,-24.73749709,-23.6875,-23.84359276
401636617,2024,8.281014818,10.34188433,10.00481937,6.781811254,8.485792279,9.25,8.857553676
401636618,2024,-4.588515582,-2.222961284,-0.8961081835,-5.079124766,-6.991903305,-5.8,-4.263102187
401636859,2024,23.6652304,24.26663093,23.03252552,25.32084921,27.27653575,27.1375,25.1165453
401636860,2024,11.77279052,11.55223516,12.66968462,9.279117442,10.98062827,8.7,10.82574267
401636861,2024,-10.97818264,-11.0954621,-11.95261635,-11.41253554,-13.74094319,-14.35,-12.25495664
401636862,2024,21.98159788,21.35538366,20.40559103,21.97634257,17.34862232,16.55,19.93625624
401636863,2024,-12.05518865,-12.98848897,-12.91315768,-14.17162214,-12.23268792,-16.275,-13.43935756
401636864,2024,17.02439884,16.35915901,16.07476653,16.31160892,16.08931863,16.4,16.37654199
401636865,2024,-7.586126742,-7.090753655,-8.967243184,-8.037872249,-4.189842701,-2.0625,-6.322389755
401636866,2024,-2.751780361,-2.432693811,-0.9671775382,-2.90347848,-4.084366858,-11.8,-4.156582841
401636867,2024,-5.960805552,-5.298658815,-4.358886147,-4.277990479,-6.344218612,-5.725,-5.327593267
401636868,2024,34.24378157,33.65975727,32.89461315,31.3946182,36.69477201,33.025,33.65209037
401636869,2024,-17.46497591,-18.01168918,-15.89909883,-16.57752233,-20.32526207,-17.375,-17.60892472
401636870,2024,4.63531627,4.202185961,2.48291067,2.316266031,0.3696329594,5.525,3.255218649
401636871,2024,-9.329042311,-10.58668636,-9.265093377,-12.52649087,-8.146745205,-9.5,-9.892343021
401636872,2024,36.74978334,37.22178252,38.99932224,38.38802103,31.81804562,36.4,36.59615912
401636873,2024,29.65530666,30.03403902,31.27483071,31.17733084,30.05422612,30.9,30.51595556
401636874,2024,4.46602167,4.762842633,6.539996311,5.693371078,2.849998951,2.25,4.42703844
401636875,2024,24.31155754,25.13375293,27.32087787,25.1411741,22.86097825,21.025,24.29889012
401636876,2024,-1.571859275,-1.845367088,-3.339016558,-3.849216099,-5.104781866,-8.45,-4.026706814
401636877,2024,3.492227468,4.282594068,2.366183461,2.957892436,6.516623259,-0.575,3.173420115
401636879,2024,2.868616348,2.527395325,3.001796331,2.845437108,8.830703259,6.6,4.445658062
401636880,2024,-8.691758655,-9.493629024,-10.77022314,-7.940187791,-9.091244675,-9.025,-9.168673881
401636881,2024,-2.452755183,-3.854318263,-2.124418069,-2.676951571,-5.311668754,-5.45,-3.64501864
401636882,2024,-12.53044322,-13.73385335,-15.41479922,-13.09618141,-15.46010804,-12.85,-13.84756421
401636883,2024,16.32249226,15.88841637,18.26339048,17.99987356,14.72630715,16.4,16.60007997
401636884,2024,0.8983898059,-0.9449766918,-1.470725032,0.5234699478,4.331717968,-3.225,0.01881266636
401636885,2024,-39.84696229,-39.84475662,-39.39960359,-41.50682532,-40.25715071,-41.9875,-40.47379975
401636886,2024,-20.5649767,-20.26636596,-19.9338476,-20.90234301,-18.92159426,-24.725,-20.88568792
401636887,2024,-12.2024909,-10.92178871,-10.97306902,-11.60122099,-14.52018094,-17.4125,-12.93854176
401636888,2024,2.17820473,2.162205039,0.9252722343,0.79481507,0.4040347338,-0.05,1.069088635
401636889,2024,8.340454459,9.928865629,9.278762329,10.17568467,7.329701662,9.425,9.079744792
401636890,2024,-26.36184761,-25.39262841,-24.30567647,-24.73227481,-19.40012646,-30.85,-25.17375896
401636891,2024,-27.71132362,-27.96156462,-28.74139762,-26.96918286,-32.18554211,-34.175,-29.6240018
401636892,2024,14.04170995,12.3908364,10.04743961,11.00854507,10.00018239,7.175,10.77728557
401636893,2024,19.99197606,18.09358787,17.49006827,14.82320442,20.36812806,17.775,18.09032745
401636894,2024,0.6706001312,1.67323485,3.375814895,-0.1153318263,-2.1401546,-6.925,-0.5768060918
401636895,2024,-8.156130918,-9.379945233,-9.074121198,-10.90201299,-9.632844329,-9.2875,-9.405425778
401636896,2024,-8.855558803,-10.77781397,-10.50538989,-9.453035409,-10.29310215,-8.125,-9.668316703
401636897,2024,-29.00170192,-28.8795565,-27.81296714,-28.03352312,-31.62383795,-24.925,-28.3794311
401636898,2024,-5.109493226,-5.853099166,-5.155473902,-5.432903971,-7.332455158,-5.05,-5.655570904
401636899,2024,4.909497016,7.074270606,8.256866735,6.739309233,9.630497456,5.8,7.068406841
401636900,2024,-9.822438949,-8.239072363,-7.551826383,-9.267839328,-6.47796011,-6.8625,-8.036939522
401636901,2024,23.46977321,22.87636338,23.73598905,20.60454616,24.8914901,20.15,22.62136032
401636902,2024,-28.29149729,-29.55358484,-28.82228813,-29.0120451,-26.21073246,-30.0625,-28.65877464
401636903,2024,-8.851688467,-9.598726219,-10.19888337,-9.349753545,-7.23869288,-8.825,-9.010457412
401636904,2024,-24.39513998,-24.74800461,-25.87792873,-25.1091372,-24.24736354,-25.0625,-24.90667901
401636905,2024,-10.02529104,-8.409150223,-8.923598978,-9.531407228,-11.12113678,-13.8375,-10.30801404
401636906,2024,2.925534231,2.141397667,-0.05700625977,1.218515098,0.3331227303,-0.7375,0.9706772445
401636907,2024,5.306909404,2.852413365,2.029787883,2.800197412,7.858337641,0.5,3.557940951
401636908,2024,8.120276671,6.726319133,6.06997173,6.821501771,5.61032474,6.9,6.708065674
401636909,2024,-7.677358637,-7.618286801,-8.693325579,-7.577854884,-6.515871406,-6.95,-7.505449551
401636910,2024,-4.204082905,-2.964006839,-1.625557548,-5.633187842,-6.691245079,-2.075,-3.865513369
401636911,2024,-15.73950098,-15.91549006,-17.18088552,-15.06118777,-13.81344402,-18.45,-16.02675139
401636912,2024,0.6793255684,-0.9619265615,-0.02916245084,-0.1344882063,1.806578398,-2.05,-0.1149455421
401636913,2024,17.99127227,17.40728164,15.94224548,13.38447382,14.00378132,20.875,16.60067575
401636914,2024,-14.60923584,-14.16820365,-14.80068759,-13.30626308,-15.00592321,-15.6875,-14.59630223
401636915,2024,-15.74194392,-14.09009006,-12.4770523,-14.89707288,-6.038722992,-15.225,-13.07831369
401636916,2024,37.36399144,35.98066195,35.33015183,37.95307189,36.71756923,33.75,36.18257439
401636917,2024,2.147660097,1.847364374,2.702778173,3.646598509,-3.055679321,-0.7875,1.083536972
401636918,2024,-12.37381015,-9.968812455,-9.543728776,-9.29811495,-9.924604177,-15,-11.01817842
401636919,2024,11.7110727,10.43563674,9.593972856,8.309911977,11.66809669,6.975,9.782281826
401636920,2024,14.3336338,14.24316726,14.91712301,13.86782816,9.870650768,9.9625,12.86581717
401636921,2024,-9.249967896,-10.91127533,-10.96044984,-11.23920183,-9.975536317,-14.75,-11.18107187
401636922,2024,2.001209296,2.322947705,3.193901578,2.344135074,3.462716818,1.1,2.404151745
401636923,2024,22.94420225,22.96162563,22.88608474,23.85001696,26.23887277,24.425,23.88430039
401636924,2024,-5.83733944,-5.35916107,-8.37653768,-5.048652945,-5.515071273,-10.8,-6.822793735
401636925,2024,11.68155234,11.39912042,9.617226059,10.98430003,8.160196066,8.675,10.08623249
401636926,2024,10.31467171,9.044766287,6.952613766,10.01240752,11.45724511,7.275,9.176117399
401636927,2024,-17.67561216,-17.36976602,-16.16640329,-17.33695548,-12.89085102,-19.45,-16.81493133
401636929,2024,-11.66931812,-12.40337115,-12.18086642,-12.97789219,-8.078772306,-10.575,-11.31420336
401636930,2024,1.732518744,0.1656772795,1.667411399,1.639789113,-3.7840271,2.075,0.5827282392
401636931,2024,-2.22515512,-2.684938131,-4.951574761,-3.077778775,-5.138721704,-5.375,-3.908861415
401636932,2024,17.6788537,15.95275647,16.51573611,14.91235813,13.80217576,12.7875,15.27489669
401636933,2024,18.50745927,17.02005933,13.58813913,18.42257098,18.1246424,18.575,17.37297852
401636934,2024,-2.646960719,-1.923947175,-4.700041043,-3.932827436,-2.646503538,-3.7125,-3.260463319
401636935,2024,10.51538768,9.791105726,8.37397945,9.108069302,11.02062899,10.525,9.889028524
401636936,2024,3.507931203,3.351424288,3.713525703,6.241503672,1.284177065,-0.95,2.858093655
401636937,2024,13.3813686,12.37904613,10.23275566,11.70640489,14.94950616,12,12.44151357
401636938,2024,36.93350895,37.27941522,36.32460453,34.00825371,33.4912076,35.425,35.57699833
401636939,2024,-24.11720405,-25.47952589,-25.42018375,-24.97504871,-25.16330624,-30.0875,-25.87379477
401636940,2024,-34.0408337,-32.55900078,-35.03549748,-35.95430434,-37.20618081,-36.075,-35.14513619
401636941,2024,30.00951905,29.08580498,27.46508211,29.4622421,26.55721784,17.2125,26.63206101
401636942,2024,-0.2310346987,-0.7782674065,-0.1257802843,-2.172737183,0.5132915974,-2.0625,-0.8095046625
401636943,2024,-4.187486453,-4.521498882,-3.962449365,-4.632222444,-6.364705086,-6.4625,-5.021810371
401636944,2024,6.236217144,7.754821647,6.335300575,5.571657576,8.112996101,11.05,7.510165507
401636945,2024,34.54986787,33.98120615,35.20391789,34.64712523,42.22027874,38.05,36.44206598
401640959,2024,20.91347285,21.49022877,22.17733058,20.36684908,20.75621924,21.9625,21.27776675
401640979,2024,39.80482316,38.46082374,39.49437751,35.44027375,45.7267766,36.5,39.23784579
401640980,2024,14.62217649,14.55585868,17.00052475,15.85695607,9.819433689,13.5,14.22582495
401640981,2024,9.385510724,8.796264311,7.224703393,7.801491946,3.715096951,7.875,7.466344554
401640982,2024,-9.053012384,-8.2595286,-7.305694202,-8.15695377,-8.987961024,-13.55,-9.21885833
401640983,2024,16.3645586,16.22435163,16.02252281,15.45795259,11.15225077,13.075,14.71610607
401640984,2024,2.944254437,1.976914214,2.701264849,-0.8182471641,-0.5607850552,4.8125,1.842650213
401640985,2024,14.47225563,13.93654476,14.5755532,11.32911382,17.3830936,17.75,14.90776017
401640986,2024,-9.679149495,-9.218895174,-7.304633017,-9.135205429,-7.362007141,-10.7,-8.899981709
401640988,2024,1.609902025,0.946386128,0.1477861381,1.114546394,2.148891687,1.0125,1.163335396
401640989,2024,16.59821074,16.40098507,15.06100161,15.83684574,14.75960124,13.05,15.28444073
401640990,2024,-5.722016053,-5.637929819,-5.058964168,-4.685090125,-7.953142166,-6.65,-5.951190389
401640991,2024,3.478148192,3.26932506,3.985949834,1.191560811,5.674240112,5.8125,3.901954002
401640994,2024,-12.25151484,-14.47799706,-16.02102077,-13.24684122,-9.444090605,-8.975,-12.40274408
401640995,2024,-6.625487029,-5.936529406,-7.677382929,-5.667107483,-10.22077823,-12.45,-8.096214179
401640996,2024,15.93446271,14.85423935,13.3068195,15.64932065,18.63273168,15.175,15.59209565
401640997,2024,5.649821757,6.049395715,5.112177431,4.145514917,8.134010077,4.3625,5.575569983
401640998,2024,-31.82915795,-31.83443762,-33.87004457,-33.25607763,-32.46118999,-33.3625,-32.76890129
401640999,2024,5.758058785,6.315886779,9.240085282,6.165707176,5.268083572,7.9,6.774636932
401641000,2024,30.89683179,32.0412467,32.7987394,32.43910392,32.4053185,26.6125,31.19895672
401641002,2024,19.9226281,19.23033613,18.39596488,21.15937255,19.458516,11.525,18.28196961
401641003,2024,1.2238104,1.345567231,2.288230139,1.796899268,0.3859549761,-3.15,0.6484103357
401641004,2024,3.789713891,3.222815152,5.135785659,7.442246471,-0.5754842758,5.55,4.094179483
401641005,2024,4.585803644,4.715766561,5.370220967,4.627343701,8.703212738,4,5.333724602
401641006,2024,3.053109029,2.571274913,5.652352231,4.290601538,8.986535549,3.575,4.688145543
401641008,2024,-5.208779406,-5.47357045,-2.710133764,-2.426386948,-6.310623825,-4.3375,-4.411165732
401641009,2024,21.99766668,22.77589051,23.72217869,22.21819223,19.51541519,17.225,21.24239055
401641010,2024,16.20364924,16.65468125,18.34726937,15.69726215,9.097155571,10.925,14.48750293
401641011,2024,-2.582684358,-2.907649801,-0.9206472234,-3.133184323,-4.868599415,-6.575,-3.497960853
401641012,2024,-4.308904764,-3.695621185,-6.074118463,-3.687946344,-9.843780518,-8.55,-6.026728546
401641013,2024,-16.59528669,-15.58979426,-14.21677825,-16.55180124,-14.68278527,-16.575,-15.70190762
401641024,2024,-20.49714399,-20.22965629,-21.67773285,-20.51108781,-20.5585661,-22.2,-20.94569784
401641025,2024,-10.81470403,-10.64528406,-10.86133225,-9.560230529,-7.74272418,-10.575,-10.03321251
401641026,2024,-9.154371415,-9.298268507,-9.985829193,-8.546357069,-10.77130544,-14.575,-10.38852194
401641027,2024,-18.2589133,-18.27893877,-18.86685824,-17.77315537,-16.55923593,-24.55,-19.04785027
401641028,2024,1.607983792,0.8431111755,0.8895171945,0.8690478908,2.034493744,-2.625,0.6031922995
401641029,2024,-9.632936222,-9.912065403,-8.246408883,-7.238251209,-12.62523937,-9.2125,-9.477900181
401641030,2024,7.69602851,7.747521591,9.326992164,4.75029544,4.974163294,6.7125,6.867916833
401641031,2024,-10.17658473,-11.4556175,-11.1146187,-11.67822357,-10.18699798,-14.125,-11.45617375
401641033,2024,28.65428454,29.17695402,28.43074124,27.68325454,31.82254124,24.0625,28.30504593
401641034,2024,5.107452372,5.81622145,2.071035242,1.946304409,9.614971638,4.3375,4.815580852
401641035,2024,-0.1786585711,-1.049591464,-0.6443506321,-0.2566863332,-0.8360475004,-4.5625,-1.254639083
401641036,2024,5.934700974,4.693092426,5.347612725,5.288914804,7.339503527,-0.375,4.704804076
401641037,2024,8.161401377,8.651816075,8.458417122,7.559265653,12.17194653,9.2125,9.035891125
401641038,2024,-18.17088004,-17.08513584,-19.29735594,-19.52096811,-21.77655673,-20.675,-19.42098278
401641039,2024,-29.95118178,-29.23415277,-29.37257647,-29.65506606,-31.1117655,-29.9125,-29.87287376
401641040,2024,14.81294437,15.41465367,15.08262236,15.95468193,20.18520021,11.1625,15.43543376
401641041,2024,12.66383163,11.94545267,9.836436821,11.8238713,19.86384869,16.55,13.78057352
401643705,2024,-12.39695101,-13.64049462,-13.61892493,-15.44267882,-13.47458395,-16.2625,-14.13935555
401643708,2024,-4.241985035,-3.505147746,-5.357720054,-0.2425154717,-6.360113382,-14.1,-5.634580281
401643711,2024,-4.147253745,-3.643295117,-1.554243993,-3.745385649,0.1248869896,-6.15,-3.185881919
401643714,2024,-10.50783185,-10.99745706,-12.50204616,-11.49600771,-11.38941923,-9.675,-11.094627
401643715,2024,23.48588962,21.98244132,22.15408715,22.53631806,24.38476968,19.7375,22.38016764
401643716,2024,19.86546259,19.93877607,22.32546016,20.89953905,19.67006394,14.4375,19.5228003
401643718,2024,16.70506373,16.72692636,16.93271228,15.69236054,15.08161461,19.6875,16.80436292
401643720,2024,42.48908416,42.15804228,41.86800636,41.86682078,46.68578911,46.05,43.51962378
401643721,2024,-1.495014449,-2.520369978,-4.876258332,-1.232958684,-2.83224082,-2.1375,-2.51572371
401643722,2024,-15.78421792,-15.77151334,-16.33470188,-17.01039355,-15.59800756,-12.925,-15.57063904
401643725,2024,2.28036591,4.799848479,5.561277549,1.028344824,9.502309799,-0.875,3.716191094
401643726,2024,-2.966049408,-2.061096595,-0.2774533854,-4.062137484,-2.634711832,-4.6125,-2.768991451
401643727,2024,8.182186489,8.025776772,8.959193116,6.812025381,5.548916101,7.9125,7.573432977
401643729,2024,4.999406771,3.090579889,1.298563319,2.239991739,4.31154862,1.0875,2.837931723
401643730,2024,-4.232524249,-3.923586463,-3.909557019,-1.680317871,-6.422438979,-9.825,-4.998904097
401643732,2024,-4.301327045,-5.344401295,-5.209980887,-3.184689508,1.328206062,-3.025,-3.289532112
401643733,2024,3.19496876,2.686217228,0.2058052465,3.348948637,5.352256536,4.525,3.218866068
401643734,2024,-1.387262062,-1.253461674,-2.748734691,0.4018636473,-0.627948761,0.025,-0.9317572567
401643735,2024,-0.1767897266,-0.3093397746,-0.2563725752,0.9285893762,-0.9475439787,-9.4,-1.693576113
401643736,2024,13.73322785,14.72378073,13.81937132,15.0797531,9.999578953,8.025,12.56345199
401643737,2024,-3.800885795,-2.809977508,-4.676603873,-3.814868599,0.4037866592,-8.575,-3.878924853
401643738,2024,-3.315898991,-2.586165495,-1.830496222,-1.967192208,-7.708559036,-7.4125,-4.136801992
401643741,2024,7.693734934,6.388063992,6.713142919,6.131095966,8.349840283,5.325,6.766813016
401643742,2024,17.17825256,15.34641702,15.86214459,15.01984721,15.09577334,13.5,15.33373912
401643743,2024,18.85595962,17.64803162,17.63180201,18.61359291,17.37735474,19.9625,18.34820682
401643744,2024,14.5943121,16.03380206,15.97734103,14.29916952,13.00921214,17.2,15.18563948
401643745,2024,1.530770332,-1.108002124,-0.3854849364,-0.5955459516,-2.387515545,-4.375,-1.220129704
401643746,2024,-1.495745402,-2.610818228,-2.01521448,-0.4994935687,2.409682751,2.7125,-0.2498481547
401643748,2024,-14.57061337,-13.22147195,-13.63750956,-10.978304,-12.06725621,-19.375,-13.97502585
401643749,2024,-13.1185332,-11.00678544,-9.721884077,-12.58229007,-13.16435719,-18.3,-12.98230833
401643750,2024,-11.42739287,-11.49274989,-12.19027003,-9.968793355,-14.35174751,-13.2375,-12.11140894
401643751,2024,18.13171677,17.55785811,17.94376173,17.30341668,15.93410695,19.0875,17.65972671
401643753,2024,10.83442357,9.857719594,7.130927044,8.291892905,8.634926438,12.125,9.479148258
401643754,2024,-5.920116255,-5.745526234,-3.516286867,-6.248929819,-3.585845709,-10.8875,-5.984034147
401643756,2024,0.759378693,-0.279926166,-1.755974904,-0.02955228752,-0.5458055735,-0.45,-0.3836467063
401643759,2024,5.5199033,4.987920371,3.197134864,5.207317262,5.012727648,-1.125,3.800000574
401643760,2024,47.42968396,49.77608782,48.07082346,49.56513426,46.25597715,45.225,47.72045111
401643761,2024,14.23013017,14.83693877,13.13274569,13.38107829,14.89246202,11.275,13.62472582
401643762,2024,-1.234010955,-1.303410581,-2.829217357,-1.317707306,-6.963446617,-2.85,-2.749632136
401643763,2024,-5.082998617,-4.801717205,-6.021299673,-5.286545747,-8.815897703,-13,-7.168076491
401643765,2024,2.864454101,4.232145273,4.371745853,1.69404584,2.143403709,-0.55,2.459299129
401643766,2024,15.35023677,15.09420826,15.63732576,15.14605421,16.60042131,11.025,14.80887439
401643767,2024,-2.737546653,-2.796805596,-3.766672179,-3.6099714,-3.560162403,-4.95,-3.570193038
401643768,2024,-4.05616542,-3.570060936,-4.366376746,-2.847080897,-0.04136562347,-4.125,-3.167674937
401643770,2024,0.2405360003,-0.8955455854,-3.445324245,-1.785115342,1.794287443,-5.4,-1.581860288
401643771,2024,14.56401124,13.92076759,13.65782855,11.39467379,14.47108074,9.7,12.95139365
401643772,2024,6.011975449,6.763793487,7.140681968,7.032111122,7.772677898,0.725,5.907706654
401643773,2024,-19.9461954,-20.4072069,-19.65687258,-18.73970578,-25.71601629,-19.25,-20.61933283
401643775,2024,-20.25735832,-20.01140882,-22.48671209,-20.7432839,-18.76155317,-27.025,-21.54755272
401643778,2024,-6.213667055,-6.422566168,-5.992969458,-8.363656706,-6.437946439,-6.2,-6.605134304
401643779,2024,-4.778984344,-6.543761216,-6.832758784,-5.47917731,-9.293842316,-5.3375,-6.377670662
401643780,2024,38.03736302,38.30368565,38.14383831,37.37260902,33.88361168,29.8375,35.92976795
401643781,2024,8.993902136,11.12622886,9.908309856,9.078122613,14.14794254,13.65,11.150751
401643783,2024,36.89129578,36.06807863,36.92412449,37.79538962,36.2140024,38.5,37.06548182
401643785,2024,-0.7495638513,0.3905196829,0.02785589836,-2.318366905,0.2814227343,-2.05,-0.7363554067
401643786,2024,10.83391605,9.867476844,9.912177471,11.13999382,16.21869183,8.825,11.132876
401643789,2024,-12.27553019,-13.62325574,-12.62829685,-11.48355041,-16.55960011,-15.775,-13.72420555
401643790,2024,-40.82359978,-40.64311086,-41.12832259,-38.62160513,-37.60249019,-42.4875,-40.21777142
401643792,2024,-20.77612796,-21.06750562,-21.30382464,-19.83073664,-24.44356132,-25.25,-22.11195936
401643794,2024,3.688188385,4.185290432,5.657970413,3.150047796,9.753250599,-2.2125,4.037041271
401643795,2024,-13.88296933,-13.11223315,-11.87622165,-15.1624863,-14.69432664,-10.875,-13.26720618
401643798,2024,4.345967888,4.244086646,3.795016876,5.502221342,6.878739595,-0.5,4.044338725
401643799,2024,11.97582209,13.02560319,14.10723671,12.94977921,12.87297809,4.65,11.59690322
401643800,2024,5.137490482,6.097189365,4.069479344,5.087985952,5.916332006,12.8125,6.520162858
401643802,2024,8.080958214,7.99059071,9.687862726,10.08655549,10.88210368,9.675,9.400511803
401643804,2024,0.3821621328,0.9139966438,0.1935968984,2.761647843,2.188164473,2.825,1.544094665
401643805,2024,-9.883351239,-8.790476916,-9.744729257,-9.027498659,-8.056876302,-8.6,-9.017155396
401643806,2024,-0.1697614912,0.5459741189,1.414601424,1.25714825,0.7611851096,-0.425,0.5640245686
401643807,2024,12.7285486,13.48582893,12.78259487,14.55816178,13.68492222,7.1,12.3900094
401643808,2024,17.95231434,17.42963994,19.99529005,18.82353279,16.53374779,17.025,17.95992082
401643810,2024,5.186758386,4.877289628,4.67305796,5.328312096,5.850293905,6.325,5.373451996
401643811,2024,-2.476375823,-3.384183488,-2.344414253,-3.884698647,0.4095609188,0.825,-1.809185215
401643813,2024,20.92771952,18.49777154,17.62662966,20.24447303,22.63503671,18.75,19.78027174
401643814,2024,-8.693993457,-9.835559027,-6.123897306,-7.048196488,-13.34083652,-8.875,-8.986247134
401643815,2024,28.95866475,27.80929885,25.51049256,28.87193012,25.8160665,22.275,26.54024213
401643816,2024,-0.4828528524,-1.642234469,-1.407198377,-0.1298320489,-0.5029955879,-2.05,-1.035852223
401643819,2024,21.77268857,21.65873711,20.95295764,24.32946498,21.52998433,18.575,21.46980544
401643820,2024,-9.691876974,-10.38094009,-11.78589671,-8.669333354,-7.279586792,-6.1,-8.984605652
401643821,2024,10.8693821,11.21839868,10.88497709,9.937817981,14.65144157,14.7625,12.05408624
401643822,2024,-5.722166085,-5.760174174,-6.690824871,-5.765274048,-8.229732275,-11.55,-7.286361909
401643823,2024,-9.802784038,-10.12599563,-9.161159554,-9.722069954,-7.414305687,-16.725,-10.49188581
401643825,2024,17.32522922,17.06818547,16.09471042,20.00779453,16.7359331,13.875,16.85114212
401643827,2024,22.20855932,22.10140411,23.22692782,22.64717391,24.44291711,23.7125,23.05658038
401643828,2024,-10.38077706,-11.46146177,-10.97671402,-10.16211279,-9.07598424,-12.15,-10.70117498
401643829,2024,-19.85226395,-20.10648178,-21.86598225,-21.21355676,-19.49878204,-19.175,-20.28534446
401643831,2024,-8.879174573,-9.238938011,-9.120338053,-9.822032744,-10.32733589,-10.625,-9.668803212
401643832,2024,3.905106245,4.80998641,6.465921594,5.851318165,1.063396215,2.525,4.103454772
401643834,2024,-8.28937912,-6.792683582,-6.840799721,-6.739089298,-4.116477966,-6.0625,-6.473488281
401643835,2024,26.72281729,26.69285087,29.5358829,26.58059722,29.4811486,22.775,26.96471615
401643837,2024,-21.60990951,-22.79687054,-23.22016151,-21.03598655,-21.37964952,-27.1125,-22.85917961
401643838,2024,-9.408670499,-10.78524338,-12.31337308,-10.84939495,-11.44671464,-15.275,-11.67973276
401643839,2024,3.867856627,3.182293038,3.342082259,1.042504779,1.772509336,6.6625,3.31162434
401643841,2024,4.31672766,4.185886818,3.692087698,-0.3896760757,7.83594656,3.475,3.85266211
401643842,2024,-32.04015878,-33.48013379,-35.33422686,-34.568226,-34.10166764,-30.825,-33.39156884
401643843,2024,-4.053700654,-5.295066773,-5.228645734,-3.603486572,-9.32923317,-9.025,-6.089188817
401643844,2024,6.556457614,6.595352756,7.711540787,6.114171177,11.88239574,7.9,7.79331968
401643845,2024,-21.50513623,-21.71313986,-22.13745345,-20.24129119,-20.76764089,-19.575,-20.9899436
401643847,2024,-2.142077383,-1.782944454,-1.419573632,-2.225581281,-1.243598104,-1.925,-1.789795809
401643848,2024,-4.475594439,-5.287381962,-7.320916709,-4.324815181,-1.663192034,-9.2375,-5.384900054
401644683,2024,3.606150628,3.617060151,4.732253736,2.549352147,6.110346079,3.425,4.00669379
401644684,2024,5.548329969,5.021650972,8.624073404,7.24141609,8.329743862,-1.375,5.565035716
401644685,2024,-20.68192922,-19.72357238,-20.53553086,-20.96783285,-23.3484447,-20.7875,-21.00746833
401644686,2024,6.83654018,7.000664673,7.513465275,4.295270796,8.792206764,4.0625,6.416774615
401644687,2024,28.29448092,28.63801509,30.10521854,28.20152432,30.0087136,28.2,28.90799208
401644688,2024,7.589814951,7.563529285,7.403933341,7.59806472,7.470793873,3.7875,6.902272695
401644689,2024,-4.565423071,-3.140324724,-2.204123761,-3.653855096,-3.880968064,-3.825,-3.544949119
401644690,2024,9.927011307,10.09942265,12.11794123,11.13796912,7.507645488,7.0375,9.637914965
401644691,2024,-18.98077902,-18.74240422,-18.38382923,-18.72011088,-19.49057469,-21.525,-19.30711634
401644735,2024,-3.506015471,-3.681088697,-3.129361569,-4.026913156,-0.8604958057,0.0625,-2.52356245
401644736,2024,-16.37407512,-16.92162137,-17.55175225,-18.46918068,-16.30069658,-21.6625,-17.879971
401644738,2024,11.56263493,12.61453544,13.34190989,12.38619766,11.82654122,12.6,12.38863652
401644739,2024,-3.579571283,-4.843426424,-4.388397877,-9.1391123,-0.6180496216,-1.225,-3.965592918
401644740,2024,10.30998474,9.325776269,8.760263069,11.88632337,8.615713596,14.075,10.49551017
401644741,2024,7.803712547,7.278234508,9.472327979,11.08840511,16.59042358,12.1,10.72218395
401644742,2024,0.02331790674,-0.6998076079,-2.292663564,-1.157518772,-1.177142501,0.4,-0.817302423
401644743,2024,1.508727682,1.526132339,4.362179305,2.658638838,4.966012716,-1.1125,2.31819848
401644744,2024,-12.33265938,-12.44426154,-10.81611058,-12.6375342,-7.265982628,-17.275,-12.12859139
401644745,2024,26.15984875,26.69043852,27.03609303,26.22675175,28.52945757,25.925,26.76126494
401644746,2024,1.698360594,1.219315998,-0.1541564532,-0.01572635388,2.650134444,-3.8625,0.2559047049
401644748,2024,-3.714570402,-2.745750131,-3.039276207,-3.845814779,-2.681417197,-5.375,-3.566971453
401644749,2024,-5.275335695,-5.756051572,-4.742350582,-4.521480559,-6.376556337,-5.875,-5.424462457
401644750,2024,0.7550705362,0.8250777865,1.949270555,1.232023592,2.013988376,3.325,1.683405141
401644751,2024,-10.54639219,-10.02893694,-10.79169344,-10.92814148,-7.888526917,-6.45,-9.438948494
401644752,2024,6.995105686,6.253451102,6.81869598,6.848661381,4.102478027,3.975,5.832232029
401644753,2024,16.62248827,15.35367214,16.06696921,15.1366025,20.6430974,18.5,17.05380492
401644754,2024,-16.62207995,-15.84456465,-15.82709751,-16.32760334,-18.19303799,-13.375,-16.03156391
401644755,2024,26.83565472,27.54343742,27.12729982,27.83080127,27.57247329,34.65,28.59327775
401644756,2024,11.45791998,11.34321586,11.55103145,10.92759579,9.96813798,7.15,10.39965018
401644757,2024,-9.863113291,-9.754923261,-10.96845943,-10.76653779,-10.14816204,-9.0875,-10.09811597
401644758,2024,9.620027822,10.22151208,10.86505196,10.20267626,8.120455503,11.15,10.02995394
401644760,2024,6.12891148,5.434143828,4.662379753,6.384149558,2.43275547,2.9,4.657056681
401644761,2024,-19.75195331,-18.85985308,-20.17013529,-20.76017138,-14.50195885,-19.6,-18.94067865
401644762,2024,-11.66113638,-11.82103945,-12.30080986,-9.730567928,-8.345165491,-11.95,-10.96811985
401644763,2024,-0.4132421864,-0.8408780041,-0.1834272593,0.5696337989,-0.964648813,-1.15,-0.497093744
401644764,2024,8.69330661,8.716298258,7.675023693,6.725169657,10.34079087,1.2,7.225098181
401644765,2024,11.80820802,11.29458878,12.60925783,13.7694573,10.21616089,15.4375,12.5225288
401644766,2024,-1.41704924,-1.001689415,-2.213547208,-2.68814389,-0.3497679234,-1.4375,-1.517949613
401644767,2024,14.45689681,13.96988577,14.54297421,14.51533148,13.4698118,10.0625,13.50290001
401644769,2024,-9.828074219,-9.521955396,-11.35781464,-11.5936907,-11.92068017,-14.4,-11.43703585
401644770,2024,8.335834361,8.492106541,7.272255855,6.412693299,8.94829154,-4.1875,5.878946933
401644772,2024,-17.69853924,-16.80607208,-18.33000633,-17.21992499,-17.07304096,-17.4625,-17.4316806
401644773,2024,-17.88048698,-17.82124851,-19.65773396,-19.83859854,-20.56051278,-12.675,-18.07226346
401644774,2024,-11.76969821,-13.11780897,-13.10239242,-15.03767738,-10.8510927,-14.1,-12.99644495
401644775,2024,16.86268565,16.77128692,16.81079848,17.43929805,10.21114397,14.875,15.49503551
401644776,2024,11.69582016,12.78035855,12.22031736,10.78158304,13.18933427,10.4125,11.84665223
401644777,2024,2.718390539,3.574694741,6.299895883,3.503976506,4.169257164,0.2625,3.421452472
401644779,2024,-5.850676918,-6.428201018,-6.242066832,-5.101459096,-6.039359927,-8.3125,-6.329043965
401644780,2024,1.62340386,0.7163801184,-1.249715599,-2.744710242,3.740318537,-5.675,-0.5982205544
401645323,2024,-17.36669887,-19.73334576,-17.66222965,-17.64232595,-14.15541935,-17.45,-17.33500326
401645324,2024,14.47064254,15.85238347,15.57050425,14.63645907,15.56967934,12.275,14.72911144
401645328,2024,15.34196835,15.14838404,13.55372498,16.06317176,21.24832821,14.4375,15.96551289
401645329,2024,20.76735512,19.60129886,19.3114098,20.55138678,18.54143751,16.8,19.26214801
401645331,2024,-15.67386594,-16.07423767,-15.32563185,-13.30227034,-10.79860067,-21.1,-15.37910108
401645332,2024,-17.903697,-17.59947342,-14.89053023,-15.65566626,-16.94874752,-19.2,-17.03301907
401645333,2024,-5.344979267,-5.370737439,-5.463121901,-4.493640713,-8.792858362,-4.125,-5.598389614
401645334,2024,8.627436764,9.660877782,11.9423616,6.579192357,12.3647604,5.775,9.158271483
401645336,2024,24.98471864,24.93332853,27.01503975,26.71029142,20.497262,21.8,24.32344006
401645339,2024,-27.45618258,-27.89033121,-28.83571267,-27.88031787,-23.09395599,-30.1375,-27.54900005
401645340,2024,40.87857492,41.88976861,39.83449249,39.60580552,38.76272976,43.325,40.71606189
401645341,2024,-7.579715564,-9.202825055,-9.601786654,-7.734858436,-9.336677551,-10.35,-8.967643877
401645342,2024,6.19846262,6.876394476,8.265684755,5.636637269,11.51579285,-0.05,6.407161994
401645343,2024,1.523721335,1.25486474,0.07313481163,2.994324926,-0.5179841518,-0.325,0.83384361
401645344,2024,6.084876182,6.076080715,5.287113936,6.296862845,12.68847275,-0.3375,6.015984404
401645345,2024,-4.127129632,-4.978701121,-3.186254933,-2.021515135,-5.238969684,-9.675,-4.871261751
401645346,2024,-0.9996178406,-1.193310315,-2.044375393,-2.092247164,2.465070248,2.8375,-0.1711634107
401645347,2024,17.02277725,16.90284951,16.58758905,17.40052502,18.65853035,13.5625,16.68912853
401645348,2024,10.00700041,9.508780063,7.478408884,5.650068002,12.55148554,11.875,9.511790482
401645349,2024,-2.753904458,-3.529456085,-4.003890038,-5.15651665,-7.548447609,-5.8,-4.798702473
401645351,2024,7.194245944,8.783896128,9.805190742,9.062529174,8.657704353,9.1375,8.773511057
401645352,2024,13.43624932,13.5759321,13.20715521,13.34045081,14.91000438,11.7125,13.3637153
401645353,2024,-12.8552043,-12.77739551,-11.67704049,-11.03032378,-10.48959243,-13.65,-12.07992609
401645355,2024,11.54228807,10.68883982,11.69457077,10.30673664,9.428547382,7.5,10.19349711
401645357,2024,-21.24489396,-20.47413337,-19.2338226,-21.50020558,-18.61050844,-20.2,-20.21059399
401645358,2024,35.53972711,35.45695063,35.22226868,37.54346971,36.36791801,35.825,35.99255569
401645359,2024,14.90159745,14.10684862,13.61224847,14.61422673,7.89198494,13.5,13.10448437
401645360,2024,26.95884471,26.78333777,27.87077484,28.07239471,19.05694056,27.1125,25.97579877
401645361,2024,27.66205897,26.51491931,24.30761367,26.21106858,29.27207267,28.8875,27.14253887
401645362,2024,-0.2209753129,-0.8061227378,-0.9127742403,-1.183383851,-3.726672649,-2.45,-1.549988132
401645363,2024,-16.47172533,-16.74805639,-16.03482345,-16.85413401,-19.82289433,-20.55,-17.74693892
401645365,2024,9.8901627,9.762131124,9.136619074,8.906219399,16.57729626,14.55,11.47040476
401645366,2024,19.29126082,18.4755313,18.64244398,16.8101838,16.24072886,17.475,17.82252479
401645367,2024,18.24985508,18.44743175,20.55356569,19.18664914,13.88826275,17.5,17.97096074
401645368,2024,-35.83534055,-35.9165406,-36.48592082,-35.62236898,-35.93115193,-41.65,-36.90688715
401645369,2024,1.441584313,1.732038169,1.066990163,0.5277873898,5.499773502,2.45,2.11969559
401645371,2024,-9.213508565,-8.219518428,-7.890195857,-7.738273122,-13.07444954,-9.925,-9.343490919
401645372,2024,-14.00451271,-12.63953552,-12.38112767,-14.94920931,-12.99473774,-13.3125,-13.38027049
401645373,2024,33.20155795,32.28292069,31.09844295,33.54346335,33.86645919,36.1,33.34880735
401645374,2024,6.33428021,7.20519449,8.492906278,3.996643358,7.0277628,7.9,6.826131189
401645375,2024,15.30993153,16.42863879,15.63456114,15.84112778,15.66986692,17.3,16.03068769
401645377,2024,1.534320584,0.3868556731,2.001690813,1.782741457,-0.4915598631,1.425,1.106508111
401645378,2024,-1.169391616,-2.133320156,-2.46010417,-1.013647567,-0.2614701986,-4.7625,-1.966738951
401645379,2024,-16.68515085,-17.10215596,-17.7103552,-16.07781012,-24.68151093,-17.55,-18.30116384
401645380,2024,-47.60219713,-48.96074892,-50.1395811,-49.1804867,-48.5618372,-42.275,-47.78664184
401645381,2024,4.529079559,2.95947187,1.676548432,4.869802551,0.3598473072,-0.2375,2.35954162
401645382,2024,13.43427926,12.65448512,15.03548774,11.70947462,12.99622384,13.85,13.27999176
401645383,2024,-24.7060069,-24.04820066,-24.07520354,-22.06944712,-17.96555233,-25.425,-23.04823509
401673463,2024,-5.544641778,-6.218455113,-5.908135205,-5.386801974,-7.005969763,-14.4,-7.410667306
401673464,2024,4.71430311,4.220213772,6.628317979,5.602606343,3.050957084,4,4.702733048
401673465,2024,27.54324251,25.70552683,23.55245501,28.75399883,22.5326848,32.1375,26.70423466
401673466,2024,35.56704124,35.01205186,34.98125909,33.99255661,40.53807163,32.9,35.49849674
401673467,2024,-36.9360101,-36.41368388,-35.51384206,-36.57436877,-37.37817822,-36.225,-36.50684717
401673469,2024,-6.217684754,-5.880196329,-5.629279281,-7.084640974,-4.930415511,-11.6625,-6.900786141
401673470,2024,-32.64852169,-33.17542898,-32.84167152,-34.09084995,-29.87600994,-31.6,-32.37208035
401752665,2025,26.13628388,25.87945551,26.33503086,28.2540029,23.52435398,32.025,27.02568786
401752667,2025,-14.34075214,-12.98113566,-13.47101506,-13.57977021,-14.7970109,-12.7375,-13.65119733
401752669,2025,-0.3363357566,0.4004456477,-2.851680874,-0.323003755,-2.895691872,-7.675,-2.280211102
401752670,2025,-2.050073121,-2.141296544,-3.564079955,-2.217197806,-5.184412956,-6.6,-3.62617673
401752671,2025,-13.80883066,-13.44950846,-13.133115,-11.75750346,-15.39025068,-15.3375,-13.81278471
401752676,2025,4.758019977,5.39248927,2.862138304,4.907945126,0.9867320061,7.0875,4.33247078
401752677,2025,3.813493482,5.45600509,4.24167547,5.605174367,6.074879408,3.025,4.702704636
401752678,2025,-6.453031743,-6.270955086,-6.740042788,-6.552686046,-10.1983943,-12.675,-8.14835166
401752680,2025,5.311605242,5.542847992,3.962499066,5.577979141,2.510602713,2.925,4.305089026
401752681,2025,37.43790432,40.14067581,41.51007675,38.71310902,40.94006276,38.475,39.53613811
401752682,2025,19.56611057,20.28929194,20.82496389,19.43213462,12.32572174,14.675,17.85220379
401752684,2025,-22.1708513,-20.71117453,-20.52735719,-18.21711597,-14.84413004,-18.55,-19.17010484
401752686,2025,-1.722053165,-0.2510325494,-0.5131020449,-0.4056511856,-0.3322571516,4.8125,0.264733984
401752687,2025,-18.81758433,-18.26468081,-19.52832635,-21.09773964,-17.17268109,-20.575,-19.2426687
401752688,2025,7.563078768,9.078897879,7.741565788,7.543561996,6.928463221,4.6625,7.253011275
401752689,2025,7.99561275,5.676749722,6.589651825,5.929426902,11.01258039,3.875,6.846503599
401752690,2025,8.414546333,6.835171756,7.310689312,6.205840318,4.249714851,7.7375,6.792243762
401752693,2025,-6.009640627,-5.941759059,-4.412100614,-5.542329853,-4.623377562,-10.375,-6.150701286
401752695,2025,-23.23275611,-26.34694596,-25.53575978,-22.46436371,-25.67061797,-27.65,-25.15007392
401752696,2025,4.067544812,6.024689408,6.59203826,5.073097518,4.037517548,6.05,5.307481258
401752697,2025,-10.80040666,-11.04130165,-10.21723021,-8.652358848,-6.747464657,-5.65,-8.851460339
401752698,2025,-5.130063255,-3.819486367,-3.582081956,-0.1628220166,-8.530612469,-6.65,-4.645844344
401752699,2025,8.141895133,7.432186292,6.790239868,6.656911479,6.32124877,7.525,7.144580257
401752700,2025,3.36406256,3.843809697,5.536008194,6.801439211,-0.9717824459,-1.675,2.816422869
401752702,2025,17.08292055,15.16322057,14.43722498,16.24223913,19.80929184,15.975,16.45164951
401752704,2025,-24.28273753,-26.44016134,-24.86751988,-28.82675452,-27.25034139,-29.625,-26.88208577
401752705,2025,1.942499744,2.386795574,2.845973484,1.891773795,1.743041277,-1.35,1.576680646
401752706,2025,-23.28048417,-21.85455537,-20.96296726,-21.9340029,-27.67444229,-27.25,-23.82607533
401752707,2025,-4.268987137,-6.051909765,-4.270336898,-7.353557946,-5.680614114,-8.725,-6.058400977
401752708,2025,8.760241878,6.837726279,6.314009504,8.121068838,2.374553204,3.15,5.926266617
401752709,2025,12.12941376,10.89765862,11.02837647,11.28438817,15.23447561,12.375,12.15821877
401752711,2025,22.21371605,22.16697048,23.27961503,22.94470433,17.36279202,25.15,22.18629965
401752712,2025,1.053974364,3.9438976,1.455122794,3.219125367,-0.8723883629,5.975,2.462455294
401752713,2025,-0.7016257538,-0.6642768251,0.57693866,-0.3033620947,7.917192459,-6.775,0.008311074271
401752714,2025,0.8270956929,0.8559358161,0.5815626764,-0.269312848,-1.239814401,-0.6375,0.01966115613
401752715,2025,-5.963821857,-5.331066532,-5.213399286,-7.194920327,-0.4862341881,-8.975,-5.527407032
401752717,2025,-36.23141245,-36.7467291,-36.6378473,-38.27634223,-38.90424478,-37.85,-37.44109598
401752718,2025,-3.571259499,-4.214464047,-4.92536681,-5.973688645,-3.00976944,-9.7,-5.23242474
401752719,2025,3.708008915,3.175469001,3.058772694,5.423142256,2.855487138,-0.125,3.015980001
401752720,2025,-0.8904897688,-1.240805187,-2.291676553,-1.318094131,1.815905213,-2.225,-1.025026738
401752722,2025,19.92716315,17.13924631,20.32209705,17.06449101,17.73396552,17.825,18.33532717
401752724,2025,-1.673883307,0.2830653467,-1.806830229,-1.349423846,-1.478090703,-4.75,-1.795860457
401752726,2025,3.605123496,5.264131394,3.24775314,2.962925717,5.120142221,2.1875,3.731262662
401752727,2025,14.21930805,14.39933241,14.17424855,14.1237763,17.82097864,8.3,13.83960733
401752728,2025,2.948335884,1.818000336,0.6939997264,0.5868875406,3.120303273,-4.975,0.6987544599
401752729,2025,-4.622927301,-2.228609905,-3.626923568,-4.6299606,-5.418867588,-3,-3.921214827
401752730,2025,3.993908728,5.995932651,2.428559349,6.08749046,6.999661446,0.25,4.292592106
401752731,2025,-6.144386434,-5.151088258,-3.25348287,-4.643310403,0.08702802658,-3.95,-3.84253999
401752732,2025,2.639668694,3.994632378,1.783431864,1.090566184,1.554354839,0.1625,1.870858993
401752734,2025,0.7318978067,0.7574342027,1.930425897,0.01974488934,1.516903996,-1.25,0.6177344655
401752735,2025,-6.464644889,-4.806451252,-5.827986645,-7.320806549,-1.006468296,-9.6375,-5.843976272
401752736,2025,16.9585324,14.93719931,14.17191589,14.48893414,13.2486372,7.8,13.60086982
401752737,2025,10.2493968,10.23459069,10.35937733,11.06521334,8.250045061,2.875,8.838937203
401752738,2025,10.53400149,9.557397795,10.30285944,8.340863054,13.26732302,8.0875,10.0149908
401752739,2025,6.759070384,5.551162999,5.385244561,6.848483122,5.253431559,-0.8,4.832898771
401752740,2025,-6.913980992,-6.192976591,-6.825968103,-3.325201739,-1.080835819,-4.6125,-4.825243874
401752741,2025,-6.579842703,-6.813980407,-7.759944294,-6.709954868,-8.115342081,-12.075,-8.009010725
401752742,2025,-0.1224861039,-1.225729913,-0.7964891123,2.626289445,2.823179483,1.275,0.7632939667
401752743,2025,9.023826569,9.848530555,9.649482925,10.97766959,7.733881354,15,10.37223183
401752744,2025,-14.93304083,-14.05141472,-13.44891588,-14.1557378,-14.44993296,-14.7125,-14.2919237
401752745,2025,5.264527702,5.474402364,5.492576464,2.371699031,6.256899893,1.675,4.422517576
401752746,2025,-10.59218731,-11.46181039,-11.78537718,-12.4540972,-7.216453075,-21.1125,-12.43707086
401752747,2025,-15.41571901,-14.8544698,-15.30385885,-14.96608927,-17.0912447,-20.55,-16.3635636
401752748,2025,-20.19600643,-20.36606734,-20.15585489,-20.22152517,-22.85420355,-21.075,-20.8114429
401752749,2025,-0.3439547221,0.9891309387,-0.3751745801,1.340549022,1.23043707,4.55,1.231831288
401752750,2025,-16.54214377,-16.07181352,-16.84607985,-14.22008843,-9.984201431,-13.8,-14.57738783
401752751,2025,4.407528509,3.836493864,5.989957045,7.01940542,6.417551637,3,5.111822746
401752752,2025,2.089283154,2.839811064,-0.7980328563,2.246062262,4.059385337,5.375,2.635251493
401752753,2025,-6.632877156,-7.35031365,-7.46576185,-6.534143421,-7.156488299,-12.45,-7.931597396
401752754,2025,-18.51716323,-18.73809667,-19.61928885,-17.96346171,-15.816504,-25.5,-19.35908574
401752755,2025,1.579604039,2.594933824,0.473280007,2.41472134,0.0697221756,-2.225,0.8178768976
401752756,2025,5.193996253,5.434733435,4.098671626,4.703161268,3.258596629,0.9,3.931526535
401752757,2025,-8.959039711,-7.999661789,-8.073771804,-8.770454245,-2.88057375,-11.35,-8.00558355
401752758,2025,-0.5726395501,-0.1128310008,-2.31400799,-3.503432532,-7.124637127,-8.4,-3.671258033
401752759,2025,1.101969896,1.973958094,2.110991038,1.875364412,1.763006985,0.25,1.512548404
401752760,2025,37.11473875,36.74898557,37.78438934,36.34168334,34.974922,34.4125,36.2295365
401752762,2025,-11.20310665,-10.04731472,-11.37404863,-11.08735451,-8.333849907,-8.65,-10.11594574
401752763,2025,-11.31695368,-12.85312933,-14.25141571,-15.49006715,-12.7522701,-18.6625,-14.221056
401752764,2025,1.964928654,1.688613408,-0.05473949332,1.346485087,3.738390446,-1.575,1.184779684
401752765,2025,-7.325212617,-7.932212305,-6.543992411,-8.129173692,-12.09903145,-10.5625,-8.765353746
401752766,2025,22.07622141,21.9876248,24.8066143,20.24783931,22.93966389,19.65,21.95132729
401752768,2025,-0.5053213551,0.4946226168,-2.406048056,-3.556170048,3.399494648,-1.6875,-0.710153699
401752769,2025,2.236284498,1.379530878,0.7152786074,0.02762799853,6.212084293,-3.475,1.182634379
401752770,2025,17.36498705,15.87656828,15.30210242,15.18765091,18.55853176,10.0875,15.3962234
401752771,2025,-9.386691026,-7.372681798,-7.576856839,-10.25914857,-8.901280195,-14.925,-9.736943072
401752772,2025,-17.07770662,-15.83144834,-15.49495041,-15.58256935,-19.43397236,-21.575,-17.49927451
401752775,2025,-17.33832596,-18.28731692,-19.91980039,-17.80924223,-20.32835627,-19.525,-18.86800696
401752777,2025,-21.95355607,-20.04120367,-20.42752748,-21.71467675,-24.20690608,-15.375,-20.61981168
401752778,2025,4.408436949,4.623350018,4.165097588,2.845250204,3.408010006,7.2125,4.443774127
401752779,2025,18.47066254,18.3319601,17.85055813,20.68891985,13.71672201,20.975,18.33897044
401752780,2025,7.683766488,7.497405745,5.837576673,6.44853428,8.373943567,-1.975,5.644371125
401752782,2025,21.43437672,20.22292795,17.32989998,18.76468919,25.60416794,21.7625,20.85309363
401752783,2025,-12.33712944,-10.89609119,-8.304230197,-8.371424365,-8.99895066,-12.825,-10.28880431
401752784,2025,-0.0929673247,-0.5052791739,0.9416881294,-0.6581582029,1.02195847,-4.4,-0.6154596836
401752785,2025,20.20179978,18.57897743,19.68868354,19.99000319,18.30366683,21.4375,19.70010513
401752786,2025,10.08499285,9.725736855,8.623059429,7.641237657,13.05701995,9.6,9.788674457
401752787,2025,43.05462233,41.56463763,40.01873644,42.67933647,43.36880606,40.95,41.93935649
401752788,2025,-13.24929421,-11.59916513,-10.68294655,-11.51361025,-10.29237819,-10.075,-11.23539906
401752789,2025,-7.990574692,-8.093480035,-7.7836325,-5.76052705,-6.975861967,-6.9,-7.250679374
401752790,2025,-15.86839848,-17.57243683,-19.35160731,-17.10595662,-16.43732902,-17.85,-17.36428804
401752791,2025,-22.29651646,-22.05785911,-22.48877058,-22.60696903,-20.83753777,-24.075,-22.39377549
401752792,2025,12.93596529,12.01293643,12.09572937,12.44032779,13.87196922,5.9125,11.54490468
401752794,2025,-12.75917549,-11.29885117,-12.3027802,-11.44004354,-10.0334816,-9.1125,-11.15780533
401752796,2025,2.014872894,3.226748032,4.228335424,3.317054039,-1.737933159,0.65,1.949846205
401752800,2025,-27.91566304,-26.15328641,-29.72120416,-25.74668558,-28.02079618,-25,-27.09293923
401752802,2025,-4.178306854,-4.84952076,-5.672523105,-3.066513167,-3.804529727,-3.75,-4.220232269
401752803,2025,13.48964097,14.19885736,13.11320649,12.80511855,14.37391883,12.6875,13.44470703
401752805,2025,-5.308505433,-5.546989175,-6.469861496,-6.846226583,-9.490933895,-12.075,-7.62291943
401752806,2025,-10.84096904,-10.38244207,-9.166228993,-10.08693718,-9.19722414,-9.775,-9.908133571
401752807,2025,-9.206713745,-7.960723011,-11.05926114,-5.803017367,-5.198141336,-12.525,-8.625476099
401752808,2025,-17.41193952,-17.82440122,-23.89373969,-17.08584851,-18.19754404,-23.1125,-19.58766216
401752810,2025,37.73615798,35.57686764,35.93126082,35.48841741,40.70296812,29.425,35.81011199
401752811,2025,-6.234296237,-8.13491192,-6.883048055,-6.234515049,-5.652066231,-9.05,-7.031472915
401752814,2025,11.026009,10.62698376,10.04326332,11.10721159,16.82413626,9.3375,11.49418399
401752816,2025,-2.251684267,-0.6542392072,0.7004445301,-0.8456721754,0.289496541,2.3,-0.07694242981
401752818,2025,10.99643999,11.16722715,10.44598567,11.96417452,15.58751512,9.1625,11.55397374
401752820,2025,5.260080854,3.437137965,2.882072329,3.347936051,7.441514969,0.65,3.836457028
401752822,2025,3.667208148,1.303182542,-0.3663009989,2.514522321,6.302928448,2.4875,2.651506743
401752823,2025,8.018889987,7.822305353,9.048318562,9.037335178,8.619369745,4,7.757703137
401752824,2025,36.71364586,36.31079955,36.13964134,36.91668373,37.19956848,39.9,37.19672316
401752825,2025,-20.74553503,-22.19055901,-24.33626413,-23.54735442,-22.76482862,-26.5375,-23.35367353
401752826,2025,-7.927027657,-4.542457932,-3.155426957,-4.714617054,-8.719173908,-3.0375,-5.349367251
401752827,2025,-1.542519,-0.9000348368,1.833128877,-0.4159743527,1.659492016,-0.5875,0.007765450528
401752829,2025,8.323302445,10.09652194,11.30577865,9.975391021,15.23889399,7.075,10.33581467
401752831,2025,1.64896195,5.508872202,3.774590461,6.56116178,6.7983675,4.275,4.761158982
401752832,2025,5.98062881,5.263762377,4.043047142,3.7973114,8.714481354,-3.4,4.066538514
401752837,2025,-38.46613362,-39.19642783,-43.15050979,-41.10270611,-38.2131927,-44.025,-40.69232834
401752839,2025,33.40906023,32.26327876,33.00869627,35.7743385,32.78240108,31.5625,33.13337914
401752840,2025,19.72998718,19.21247664,21.59576022,16.39088992,20.8061223,16.6375,19.06212271
401752841,2025,1.602956088,0.9887743222,0.9937759448,0.4853043856,4.013809204,-1.7375,1.057853324
401752843,2025,45.66129494,43.98870132,43.54130271,44.29359623,41.79068565,41.525,43.46676348
401752844,2025,-5.517611271,-7.574712463,-4.691712115,-7.225016983,-0.2405819893,-2.925,-4.69577247
401752845,2025,-25.63518126,-25.68695077,-26.10784776,-26.98839777,-31.47120619,-27.1125,-27.16701396
401752846,2025,-1.009156955,-1.630359749,-2.299829287,-1.944824943,-1.335610956,6.425,-0.2991303147
401752847,2025,-2.913434285,-2.966144396,-1.587554302,-3.51750712,0.4258384705,-7.05,-2.934800272
401752848,2025,0.3569838908,1.65392145,3.627814665,-0.05509274026,2.851448417,3.0125,1.907929281
401752849,2025,-0.2910558655,0.80146164,1.06384357,-2.695857441,-0.9474755228,-1.2375,-0.5510972698
401752850,2025,8.907590483,8.089770072,8.38473961,7.35250421,12.68595648,0.325,7.624260142
401752851,2025,-5.598302393,-3.271374325,-5.471136667,-2.89108941,-5.527602434,-4.425,-4.530750871
401752852,2025,-7.531793764,-8.005584922,-8.805498958,-8.052146283,-1.772024155,-6.7375,-6.81742468
401752853,2025,3.440391367,4.292409178,0.8845057809,2.208528605,10.84851313,-0.95,3.454058009
401752854,2025,-12.88132497,-11.21177701,-11.61238099,-10.59016232,-8.211033225,-14.025,-11.42194642
401752855,2025,32.4037023,30.48237117,30.30556019,30.53064614,34.77180386,27.1125,30.93443061
401752856,2025,-3.007639559,-3.446866274,-1.313871375,-2.775991883,-8.873753548,-11.0875,-5.08427044
401752857,2025,0.7991474713,2.549424562,2.719953959,1.522561992,1.617269911,-0.8375,1.395142983
401752858,2025,21.4127823,21.19215336,22.32213199,22.19052399,19.28419876,22.875,21.54613173
401752859,2025,16.6834799,16.34969441,16.48758955,13.96803902,19.62740231,11.9,15.8360342
401752860,2025,0.6824591725,0.1764126483,-2.143855857,-1.734955665,-2.000804901,-4.4125,-1.572207434
401752861,2025,-5.456504804,-7.109477709,-7.335934973,-8.504584531,-8.634179503,-12.7375,-8.296363587
401752862,2025,10.98182996,8.821062117,9.203470263,7.153918145,8.422230959,10.375,9.159585241
401752863,2025,-33.90436929,-33.10529883,-30.95263003,-31.95023141,-35.95379114,-32.275,-33.02355345
401752864,2025,-0.6087946757,1.407009961,1.74992157,1.501340237,3.990759373,-0.575,1.244206078
401752865,2025,-2.429913847,-2.3410988,-2.968110504,-3.311351026,5.724470139,-4.2875,-1.602250673
401752866,2025,-21.99603963,-22.69130089,-23.9289694,-21.85888534,-23.43936706,-26.8,-23.45242705
401752867,2025,4.637340404,4.699632115,6.592831015,5.427668904,4.093469061,0.3125,4.293906916
401752868,2025,16.10802661,15.40088453,14.32265305,14.91629206,20.08021975,8.275,14.85051267
401752869,2025,-29.83354394,-31.56477307,-33.14054181,-31.85995018,-31.431741,-30.3625,-31.36550833
401752870,2025,-14.88230634,-16.30643858,-17.05564771,-17.02265975,-14.59675026,-19.3875,-16.54188377
401752871,2025,-0.9906010907,-0.4480461548,0.1043249616,2.227120652,2.896774292,-4.825,-0.1725712234
401752872,2025,24.34210547,26.54417731,26.0051575,25.16421571,26.04985309,17.8,24.31758485
401752873,2025,15.20197635,14.01643501,14.9697292,12.74200987,13.87094015,19.1375,14.9897651
401752874,2025,14.18604436,16.66462659,15.36497159,15.21712267,10.63077021,14.3,14.39392257
401752875,2025,-2.355679365,-1.642027881,-2.163293205,-1.817155231,-0.3064510822,-7.55,-2.639101127
401752876,2025,-29.66400244,-28.12984499,-27.81050843,-27.63756576,-20.16820049,-31.2625,-27.44543702
401752877,2025,-8.714304986,-9.088324361,-9.779381123,-9.895719259,-7.721108437,-9.9875,-9.197723027
401752878,2025,-0.006458488571,-1.374486455,-0.1087660052,-1.478548509,0.7278385162,-4.1875,-1.071320157
401752879,2025,0.6703463687,-0.06543280455,-0.6382428555,0.316472234,5.92504549,-1.0125,0.8659480722
401752880,2025,15.92080046,12.51663282,13.20726966,12.55717902,11.14983749,12.4375,12.96486991
401752881,2025,2.66254429,2.612910764,0.6742316054,2.65152211,6.001300573,4.2,3.133751557
401752882,2025,31.06255755,29.80123918,30.20322619,30.04878904,31.0731566,24.7375,29.48774476
401752883,2025,0.03889030294,-0.6322779085,-1.094514913,0.3891758714,-3.914723396,2.7375,-0.4126583406
401752884,2025,-5.412137973,-4.937273281,-4.279996127,-5.807040321,-5.604264699,-13.3,-6.5567854
401752885,2025,20.5007277,21.97962474,21.80427868,23.62070005,24.16800392,22.8125,22.48097252
401752886,2025,-16.86849387,-19.23355679,-17.14079087,-17.09414866,-16.68970466,-18.725,-17.62528248
401752887,2025,-22.05724583,-22.79252046,-22.64492303,-23.45748318,-22.3437953,-23.525,-22.80349463
401752888,2025,0.8006923979,-0.05865900004,0.3477252225,-0.337552997,0.2501521111,-1.0375,-0.005857044273
401752889,2025,6.622245005,7.124742505,6.233635046,5.809793945,4.5879457,5.4375,5.969310367
401752890,2025,-16.65683217,-15.97972652,-17.67028103,-17.38147336,-14.67970848,-21.35,-17.28633693
401752891,2025,9.431116032,8.839551841,9.751048238,7.631415333,7.237992167,5.3625,8.042270602
401752892,2025,-0.9327413881,0.8389558659,0.3755122552,2.208314428,2.367874503,-5.45,-0.09868072263
401752893,2025,12.32146498,10.75712765,10.24461161,11.02259931,16.95456648,8.725,11.670895
401752894,2025,10.55409978,13.53986492,11.7749882,11.74757524,11.94322586,11.075,11.772459
401752895,2025,-6.206674885,-7.901363857,-6.565408351,-9.74343589,-7.709887624,-14.4,-8.754461768
401752896,2025,6.960984807,7.841469758,6.174040937,6.22329269,3.296824217,2.1375,5.439018735
401752897,2025,8.47866864,6.980266963,6.729501789,5.939643674,11.39611769,5.6625,7.531116459
401752898,2025,0.567338814,2.669378866,0.4849362814,0.5499801962,4.97457552,1.975,1.870201613
401752899,2025,13.94444177,15.20150757,14.31297449,12.98564448,12.09949255,11.575,13.35317681
401752900,2025,3.723315179,5.191242776,5.67812997,3.444857033,5.078801729,5.9125,4.838141114
401752901,2025,-2.945822548,-5.878192749,-5.345156226,-6.40133051,-3.482844174,-4.3875,-4.740141035
401752902,2025,21.50355413,20.31087684,20.06448105,18.88775793,25.99957228,20.775,21.25687371
401752903,2025,-11.96489375,-11.58700906,-12.16384448,-10.89668678,-10.78257561,-10.85,-11.37416828
401752904,2025,3.890094549,2.206864686,4.284069952,0.697705258,-1.770532608,-3.525,0.9638669729
401752905,2025,8.544905976,9.673830788,8.33366793,9.232929491,12.29816198,9.4625,9.590999361
401752906,2025,-1.093892323,1.349816793,0.09692370258,0.5631557013,-1.510284424,0.35,-0.04071342492
401752907,2025,1.300990238,-0.8593636723,0.4994850092,-2.310008699,2.333953142,-5.975,-0.8349906635
401752908,2025,20.18297764,20.49064456,20.92695369,17.02201871,19.27314037,16.4625,19.05970583
401752909,2025,-0.5912728439,-0.2208931358,-2.469979204,-1.890804031,1.835861206,-3.95,-1.214514668
401752910,2025,-20.35437216,-20.73505792,-21.73723769,-24.1551799,-16.99552202,-25.3125,-21.54831161
401752911,2025,2.638587386,2.793157852,2.841835192,2.43094792,9.317959785,4.925,4.157914689
401752912,2025,5.262850034,5.515579989,6.508983423,3.78604674,2.3923347,4.3875,4.642215814
401752913,2025,-13.72975034,-13.80727789,-15.01366939,-12.57487944,-10.63961148,-13.1625,-13.15461476
401752914,2025,-8.681203569,-9.224393764,-8.908260209,-9.328073624,-4.370753288,-7.5375,-8.008364076
401752915,2025,28.33562806,25.80003442,26.71996762,25.24483304,24.34975314,27,26.24170271
401752916,2025,-17.55092157,-17.76911459,-17.87913935,-16.61196391,-16.21493125,-21.825,-17.97517845
401752917,2025,-4.735111352,-5.701113627,-7.107425713,-5.118659346,-6.437701643,-5.625,-5.787501947
401752918,2025,13.53618419,12.81902872,12.86532153,13.28720519,14.45464039,16.8,13.96039667
401752919,2025,-1.74244147,-1.319508029,-0.9105279202,-4.501732354,0.5955841541,-13.325,-3.533937603
401752920,2025,11.49085091,11.70609611,12.21305034,9.868679282,15.67670107,11.05,12.00089629
401752921,2025,-8.2648617,-8.161921366,-8.679503383,-10.84714321,-5.543211937,-11.825,-8.886940266
401752922,2025,-0.3966940884,-0.5869057088,0.8758570823,-0.8998140333,-4.824966431,3.6375,-0.3658371965
401752923,2025,3.224914496,4.189090741,4.983825387,3.985070204,6.495435774,2.7,4.2630561
401752924,2025,-21.92450419,-21.9080619,-26.00382661,-24.01662834,-24.26042983,-26.2875,-24.06682515
401752936,2025,-17.68078254,-16.52483703,-19.79895205,-18.31856168,-16.19311154,-18.725,-17.87354081
401752937,2025,-12.13955617,-10.24742223,-8.685943861,-12.29596857,-11.50896597,-20.075,-12.4921428
401752938,2025,6.141423296,7.232402087,6.998271751,6.305407336,16.07669258,5.3375,8.015282842
401752940,2025,4.710365173,2.981234376,3.059299776,2.728598099,2.49157384,-1.55,2.403511877
401752942,2025,4.55992948,6.863666014,5.716080803,5.083774098,6.989311546,5.55,5.793793657
401754372,2025,0.1050687614,0.1663523281,-1.554203899,0.9515474192,-1.161948681,0.6,-0.1488640119
401754375,2025,-5.503964687,-2.95215944,-2.136186489,-2.789622336,-10.9536643,-10.125,-5.743432876
401754516,2025,0.3202012012,1.473102809,0.9567002038,0.7602818426,1.085181922,1.3,0.9825779964
401754522,2025,3.646960541,4.517490954,2.134767205,6.527071059,5.316270858,7.6,4.957093436
401754524,2025,0.2275226019,1.776742974,3.905049382,0.3057977147,0.654371202,5.4375,2.051163979
401754525,2025,-5.66745504,-5.112948595,-4.976569278,-6.879987763,-3.535213947,-12.4625,-6.439112437
401754526,2025,0.5538264828,3.527296698,2.931930901,2.966933091,8.890683651,2.65,3.586778471
401754528,2025,-0.5609345483,-0.9711481481,-2.498547245,-0.6001316896,-2.750578523,-1.4875,-1.478140026
401754529,2025,5.837609187,6.480545596,3.666486398,7.921563222,12.14406872,8.2875,7.389628854
401754531,2025,-4.301951024,-1.595120301,-2.471929107,0.1033109083,-4.929429054,-1.7,-2.482519763
401754533,2025,25.12244463,24.67904391,25.21799793,24.99156486,25.19912195,24.95,25.02669555
401754534,2025,8.459541166,6.470743439,7.398011845,6.812856313,5.573154934,8.2,7.152384616
401754535,2025,18.45456104,17.20841612,18.70204592,19.34230417,17.71261597,16.85,18.04499053
401754536,2025,-25.01964745,-25.93294975,-23.81440049,-27.09623305,-27.88051033,-28.075,-26.30312351
401754537,2025,-30.49300832,-31.04554238,-30.8063451,-31.97842946,-29.90041888,-30.6,-30.80395736
401754538,2025,8.126161501,8.81526357,9.928495941,15.12682475,1.93489027,6.1625,8.349022672
401754539,2025,12.25241767,11.03867687,11.78525502,11.48435376,11.5806049,6.9,10.84021804
401754540,2025,46.57122791,48.43265526,47.65446326,47.63763035,49.82665658,46.1625,47.71418889
401754541,2025,10.04907954,10.8738285,10.49340398,10.50978994,15.91931963,11.325,11.5284036
401754543,2025,15.23587017,15.52116882,14.50338624,15.73255154,17.84485698,14.8875,15.62088896
401754544,2025,-11.80131986,-10.32101248,-12.5113458,-12.43218081,-11.24904752,-13.525,-11.97331774
401754545,2025,-28.98934096,-29.1812725,-27.60614373,-30.03368188,-26.38281918,-31.175,-28.89470971
401754546,2025,12.0365374,13.20268485,12.26960312,12.49757244,8.317051649,10.9875,11.55182491
401754547,2025,-6.772305646,-4.553517664,-5.53155807,-3.900945217,-4.575813591,-7.75,-5.514023365
401754548,2025,-9.444985819,-12.01931623,-13.07844022,-12.83987756,-10.00020528,-15.125,-12.08463752
401754549,2025,0.2537945717,-0.2333013402,-1.926456028,1.274385214,-1.707685739,-0.125,-0.4107105535
401754550,2025,33.78540889,35.94038211,32.72705753,35.54684436,34.65009931,33.7375,34.39788203
401754551,2025,-16.21598279,-19.15625261,-19.30148082,-18.57146307,-16.60199952,-18.15,-17.9995298
401754553,2025,-3.742003658,-3.856075204,-2.667569088,-1.966918606,-10.15220928,-1.95,-4.055795973
401754554,2025,-10.54422962,-11.15363922,-10.69512457,-10.62322088,-7.711976886,-12.3625,-10.51511519
401754555,2025,-5.164536045,-5.94621684,-3.353825242,-3.426835694,-8.470867634,-7.925,-5.714546909
401754556,2025,-11.49366427,-12.82854281,-16.25563929,-11.98309986,-18.55747557,-16.125,-14.5405703
401754558,2025,-14.95276261,-16.7453619,-22.49092944,-16.32259949,-18.38280797,-26.55,-19.24074357
401754559,2025,-10.91752805,-11.95671839,-12.52235169,-10.39988316,-14.79314208,-8.1125,-11.4503539
401754560,2025,1.834242693,0.661513231,1.972865765,-0.722902128,1.233373076,-4.975,0.0006821060675
401754561,2025,5.200139506,5.730578243,6.561941878,3.873493881,3.882094204,-0.0875,4.193457952
401754562,2025,5.697250271,4.96067494,4.287453535,5.230200907,3.392553806,15.5875,6.52593891
401754563,2025,-25.30052879,-24.17596475,-29.18821442,-23.89245128,-25.14412689,-22,-24.95021436
401754564,2025,-13.5941483,-14.25555829,-14.07282936,-12.02467002,-16.62717605,-10.625,-13.53323034
401754565,2025,-15.99478564,-15.60595693,-14.89587507,-15.01369151,-17.30366921,-18.775,-16.26482973
401754566,2025,-12.5648694,-11.34259679,-12.67495271,-9.484276245,-10.10831642,-18.025,-12.3666686
401754567,2025,23.78876768,25.023912,24.44278777,23.23921701,23.54206532,19.6375,23.27904163
401754568,2025,-4.657440963,-5.626395499,-4.588754264,-6.572112811,-11.22956848,-5.625,-6.383212003
401754569,2025,-10.55610362,-12.28672135,-12.70926264,-12.66612104,-15.02377558,-12.525,-12.62783071
401754570,2025,-10.51674668,-10.84891841,-10.28515093,-12.77904696,-10.07114685,-12.2625,-11.12725164
401754571,2025,6.868345898,5.863401987,6.350175425,6.820946434,7.471805312,8.475,6.974945843
401754572,2025,8.899956306,6.789298997,6.518562352,6.717771203,5.725307345,-1.075,5.595982701
401754574,2025,12.136336,13.22260706,12.57994288,11.89811961,14.29238895,13.075,12.86739908
401754576,2025,-1.642587889,-2.999564958,-2.289282028,-2.222676585,-5.708168983,-5.7625,-3.437463407
401754577,2025,-4.611327863,-4.544474607,-3.912581756,-5.016681108,-4.294366062,-4.725,-4.517405233
401754578,2025,22.05926594,20.44534934,18.8449603,22.96914022,21.25048554,20.65,21.03653356
401754579,2025,16.83637675,15.63366152,14.20902002,18.11988013,14.52960944,14,15.55475798
401754580,2025,-3.441559068,-2.521610742,-3.080493895,-2.821626872,-1.172008842,-6.6,-3.272883236
401754581,2025,16.55879033,15.89861842,16.89388497,15.42031843,7.535104752,11.925,14.03861948
401754582,2025,0.4113342745,-0.1062561167,2.755296855,-0.7696026081,-2.797177911,0.2375,-0.04481758439
401754583,2025,17.18876599,16.33094806,15.86143995,15.9057387,15.91276256,17.5,16.44994254
401754584,2025,-22.14038181,-21.81768652,-21.53026757,-24.25427441,-23.9818089,-23.625,-22.89156987
401754585,2025,-22.54183171,-23.14790874,-22.77410209,-22.01625295,-19.15988183,-19.8,-21.57332955
401754586,2025,12.67555188,12.68276404,13.73669449,12.70063691,12.34010386,13.75,12.98095853
401754587,2025,0.4383684906,-1.025454675,-1.393200091,-2.114421809,-0.8658149242,-6.2125,-1.862170501
401754589,2025,-14.67977213,-15.04149593,-20.27362276,-13.17939745,-14.47565386,-17.5375,-15.86457369
401754590,2025,10.0150651,11.35664633,10.57031382,10.84419529,15.2953186,8.125,11.03442319
401754591,2025,-0.4998837222,-3.347714302,-2.139390519,-2.407158493,-1.134558558,-6.3625,-2.648534266
401754592,2025,15.16084816,15.30071028,16.34726996,17.18213163,7.029344082,16.95,14.66171735
401754593,2025,-22.60176262,-22.07967298,-21.93953266,-23.0479308,-21.47144091,-28.6,-23.29005666
401754594,2025,5.899340113,6.754111784,5.431094155,6.31899433,4.130800009,0.45,4.830723398
401754595,2025,17.80684731,17.53592488,19.76851749,19.20135113,14.1168294,15.575,17.33407837
401754597,2025,-9.327494941,-8.685056279,-9.62905793,-11.24201453,-9.792249948,-12.0375,-10.11889561
401754598,2025,17.91346812,16.03446992,15.44246687,17.29499838,12.8502264,16.8875,16.07052161
401754599,2025,23.22796979,25.6804655,22.97858541,23.42946221,23.0751729,23.8,23.6986093
401754601,2025,-16.67518424,-17.49989462,-16.54172367,-14.12493965,-13.1502161,-17.8,-15.96532638
401754602,2025,28.10287008,27.53505763,28.77262694,28.13801411,25.14636564,25.15,27.1408224
401754603,2025,1.200848901,-0.1170250206,-0.3148344376,1.368673038,2.088394403,-2.175,0.3418428141
401754604,2025,24.22258988,25.96060072,27.62744552,25.44015622,19.47223425,27.0375,24.96008777
401754608,2025,-17.33989626,-16.55862238,-16.95621244,-16.61595601,-16.09417224,-14.125,-16.28164322
401754609,2025,19.36480273,18.11330857,17.64243329,16.9269131,17.0050264,14.325,17.22958068
401754610,2025,14.95605398,14.84971725,10.31412315,13.42399188,15.31729358,8.3,12.86019664
401754611,2025,-25.38876898,-24.47904571,-26.31973015,-25.6507848,-26.62336087,-28.7,-26.19361509
401754613,2025,12.79200707,12.91647523,12.22322511,12.96015698,14.16421556,11.525,12.76351333
401754614,2025,2.190591212,2.985060836,2.509864292,1.984127881,-0.002853870392,0.725,1.731965058
401754616,2025,26.45697025,27.51744487,25.47885435,29.83230624,24.53997469,19.5375,25.5605084
401754618,2025,0.05763529145,2.905165374,2.723319164,1.682957802,1.250625968,7.575,2.699117266
401754623,2025,5.513716877,5.151611378,2.840528433,4.185646039,6.765104175,5.975,5.071934484
401754636,2025,5.798587129,5.923148556,5.441530694,4.303374328,5.000188291,1.25,4.6194715
401754637,2025,-18.44349248,-19.96727576,-19.74640893,-20.32110452,-18.62624115,-11.8125,-18.15283714
401754642,2025,-4.524538187,-3.621902067,-4.823780105,-3.891004936,-7.850846767,-11.125,-5.972845344
401756848,2025,-13.87191068,-14.53478665,-12.76176327,-10.56901419,-14.22437042,-14.55,-13.41864087
401756880,2025,-8.317961014,-8.530270623,-9.444851683,-6.959897139,-3.318651676,-8.8,-7.561938689
401756882,2025,-20.1879361,-21.97179651,-22.51295812,-19.53107534,-24.9500556,-26.225,-22.56313695
401756885,2025,-0.6344041836,0.328626301,1.343953073,1.306073615,8.826906204,0.35,1.920192502
401756888,2025,7.709775893,8.243194262,9.416856176,6.969566918,13.03870153,9.9125,9.21509913
401756889,2025,-3.129796074,0.2329331357,-1.622566117,2.241130824,-0.3569211364,-6.65,-1.547536561
401756890,2025,15.04911062,13.18980396,12.66477595,12.62459702,16.17138743,12.0125,13.61869583
401756895,2025,0.4998529496,0.6957150167,-3.27375147,2.175455919,-0.1212367117,-3.65,-0.6123273827
401756896,2025,-5.449326507,-6.601636485,-4.324919184,-6.810697043,-1.266792297,-12.8,-6.208895253
401756897,2025,4.278931667,5.152117703,4.257542356,5.901297496,4.051883489,3.725,4.561128785
401756901,2025,-26.60171005,-26.78555043,-25.92510253,-26.98417741,-28.58258593,-32.95,-27.97152106
401756902,2025,-0.7268691604,-0.8408455143,-0.09872180926,1.348597489,0.1791881025,-0.5125,-0.1085251487
401756903,2025,3.506247306,3.788032338,5.084105975,6.806304441,-1.196705818,5.95,3.98966404
401756904,2025,20.42202811,20.77716771,19.84069364,19.34056936,19.163764,18.525,19.6782038
401756905,2025,-4.9596616,-6.171838584,-5.391184249,-4.855918716,-6.499167681,-14.25,-7.021295138
401756906,2025,4.58272853,6.659746085,5.166618707,8.284093822,9.31236136,11.125,7.521758084
401756907,2025,3.678739335,3.850572352,1.837015195,3.127726458,-2.299727917,-3.4375,1.126137571
401756910,2025,4.872824325,5.416451942,5.562468919,5.377856192,13.43559074,6.3,6.82753202
401756911,2025,-3.107292383,-4.297762644,-3.265060328,-3.156251256,-2.279203773,-3,-3.184261731
401756912,2025,6.002068757,5.777293046,7.401488208,6.362929953,5.956909299,1.45,5.491781544
401756914,2025,1.860117396,0.8643340322,0.3598428583,0.06812830222,-3.429775238,-6.4125,-1.114975441
401756915,2025,-0.9654105411,-2.274968516,-2.278175095,-3.176865911,-4.731613874,-8.825,-3.708672323
401756916,2025,-3.749394764,-3.402517323,-2.45525951,-3.73078716,-2.625399172,2.225,-2.289726322
401756917,2025,-6.607117884,-3.154410481,-3.751987391,-3.053479259,-1.58637663,5.2375,-2.152645274
401756918,2025,11.24882957,8.82517155,7.007595432,9.202512406,8.020945787,11.075,9.230009124
401756919,2025,14.22641256,14.23510062,12.29669546,15.95897271,11.12684011,16.125,13.99483691
401756921,2025,12.58287859,10.48223747,11.05556686,11.45130543,15.7772665,13.225,12.42904248
401756922,2025,24.60061282,22.97017747,21.47226927,23.58436524,24.11044359,20.7,22.9063114
401756923,2025,10.22987467,11.86566515,12.51251873,11.79124953,11.54566512,8.825,11.12832887
401756924,2025,6.797268575,5.925471172,5.253675801,6.53310091,7.950334132,-1.8125,5.107891765
401756926,2025,-6.349090798,-7.756829072,-9.708577239,-8.137649298,-13.78226471,-11.175,-9.484901853
401756927,2025,4.30052117,3.448638717,4.362286721,2.427466849,2.891130716,-2.5125,2.486257362
401756930,2025,17.14967343,18.33291931,18.97717939,17.85798819,18.83796144,9.8375,16.83220363
401756931,2025,-16.56731868,-15.63725035,-15.75031426,-16.34177431,-15.06040287,-11.9875,-15.22409341
401756932,2025,-26.63013518,-27.20292445,-28.61621971,-26.88593419,-31.33360338,-22.675,-27.22396949
401756933,2025,3.566987237,3.534524522,-0.04835199087,3.491221526,7.132863998,5.375,3.842040882
401756934,2025,31.5311909,31.45874957,32.88206679,34.23408372,29.96532249,25.9875,31.00981891
401756936,2025,22.00777184,22.9789195,20.71516965,21.28684715,21.14411545,22.925,21.8429706
401756937,2025,-30.94722019,-32.61679799,-31.93437852,-30.02400375,-34.4470706,-35.825,-32.63241184
401756939,2025,-11.58946915,-12.38007539,-13.14618969,-12.37071363,-15.86447883,-11.3,-12.77515445
401756940,2025,-7.090072894,-8.866837158,-8.788440405,-7.138621923,-8.012833118,-8.35,-8.04113425
401756941,2025,-16.97671533,-17.0650813,-17.53965279,-15.08373591,-21.04114914,-19.825,-17.92188908
401756942,2025,21.71931624,20.68506031,19.67905143,22.47589698,26.09348726,22.45,22.18380204
401756943,2025,-1.923017751,-1.733287397,-2.411461176,-2.489219621,0.5397377014,-2.4625,-1.746624707
401756944,2025,-9.27894213,-9.267516983,-8.474461819,-11.34373754,-10.96042326,-11.9125,-10.20626362
401756945,2025,8.26143483,8.257983219,9.149782794,9.071877097,8.277220696,3.975,7.83221644
401756949,2025,-19.06999226,-18.05174922,-19.96765895,-18.51856673,-17.68607721,-20.5375,-18.97192406
401756950,2025,29.31603812,26.66534739,27.92639748,26.81835502,26.13245177,19.3,26.02643163
401756951,2025,-13.25686058,-13.11789884,-12.5085153,-11.07947801,-15.74650073,-15.875,-13.59737558
401756952,2025,12.83039302,12.48143059,9.714510396,11.12265972,2.299339294,8.675,9.520555504
401756953,2025,11.2922382,12.51383289,10.93276824,13.92894121,15.46340746,12.35,12.74686467
401756954,2025,19.07536332,17.66426932,17.72015519,19.14180517,21.13866663,15.6125,18.39212661
401756955,2025,-10.11525959,-9.761943896,-9.222244343,-8.279695851,-10.23392922,-11.15,-9.793845483
401756956,2025,-16.24240321,-18.2022768,-18.67753798,-17.90368451,-20.2563026,-16.275,-17.92620085
401756958,2025,19.44928867,20.376853,17.83706775,19.19095251,19.49763274,21.65,19.66696578
401756959,2025,-6.549543764,-9.676775778,-7.792652765,-9.471438846,-7.256680012,-13.1625,-8.984931861
401756960,2025,-13.1075926,-13.23526595,-14.27757407,-13.98569977,-11.22808099,-13.25,-13.18070223
401756961,2025,-16.4009911,-15.49418674,-16.18938657,-14.98468002,-17.02442694,-20.225,-16.71977856
401756963,2025,-0.5132075295,1.123395109,1.849943049,1.771722493,2.884206444,-5.075,0.3401765943
401756964,2025,-1.491592126,-1.232110247,0.08091149958,-0.7160975284,-0.3606434762,-1.5375,-0.8761719797
401756965,2025,-9.291168106,-8.458442602,-8.796033992,-8.541493946,-8.476400614,-6.15,-8.285589877
401756966,2025,7.804733504,7.047952614,7.004571993,4.766534996,0.2484540939,7.45,5.720374534
401756967,2025,20.49786106,19.58379447,19.89366541,17.45166336,22.76988316,21.3,20.24947791
401757165,2025,-0.7912059545,-1.977501351,-0.8459877947,-1.007446825,-7.219600201,-6.5125,-3.059040354
401757166,2025,10.77844084,10.35079253,10.07677048,10.62398092,10.60007834,8.625,10.17584385
401757171,2025,33.82000271,33.74546216,32.49464846,32.36295835,31.92662263,30.85,32.53328239
401757173,2025,8.361821792,8.64873358,8.776733385,10.89667639,9.647733927,3.625,8.326116513
401757174,2025,4.298290884,2.29340459,3.632157737,3.194520611,2.510780253,-0.825,2.517359012
401757227,2025,16.76370716,16.2149369,13.71971255,16.82413463,8.600960255,18.5,15.10390858
401757232,2025,17.14399755,14.66438145,14.81655097,14.7193317,18.13384748,10.85,15.05468486
401757234,2025,5.121251054,4.826607111,6.450208396,6.005646746,6.650023937,3.375,5.404789541
401757256,2025,17.95344456,17.91375286,19.27592509,18.9968703,15.69433844,13.05,17.14738854
401757257,2025,23.08922737,25.0435495,23.43930711,26.94823364,23.44915009,22.55,24.08657795
401757258,2025,-8.975846762,-11.03131371,-10.65892883,-10.28341871,-10.95603189,-17.25,-11.52592332
401757262,2025,-12.69952046,-10.15363904,-10.55665981,-9.665398896,-13.73171902,-15.525,-12.05532287
401757264,2025,-14.27153804,-12.67747755,-14.41181506,-14.00693484,-9.64886117,-14.375,-13.23193778
401757267,2025,-13.10504746,-11.65631407,-13.19439658,-7.883611836,-16.56083822,-14.125,-12.75420136
401757268,2025,8.112641656,8.728294868,8.04639766,6.658912804,9.706073761,5.3875,7.773303458
401757271,2025,-1.755313043,1.022471409,-1.744721868,0.1297588354,2.836732388,-5.775,-0.8810120465
401757272,2025,-13.50690526,-13.67224608,-14.4641767,-14.03509022,-16.16395241,-16.55,-14.73206178
401757274,2025,1.515011429,2.410784151,1.274062752,2.786856636,-3.183235645,-2.05,0.4589132204
401757277,2025,-8.026148342,-8.451780076,-9.491160078,-7.956301311,-7.941305637,-9.625,-8.581949241
401757281,2025,-28.56556156,-29.03094597,-31.42672695,-28.75283396,-29.42614388,-29.55,-29.45870205
401757282,2025,-9.411143171,-6.609666156,-6.349310257,-6.443391267,-6.301463842,-8.0375,-7.192079116
401757286,2025,-8.188681909,-7.42253653,-9.030184009,-6.884031332,-7.387571096,-10.65,-8.260500813
401757292,2025,-2.233279838,0.390334989,-0.3373073515,0.8265595227,3.622426271,1.6125,0.6468722657
401757294,2025,12.27600337,13.18344399,12.82715443,10.25891718,11.73826388,7,11.21396381
401757296,2025,-29.12260754,-29.07596791,-28.4390155,-27.73053099,-26.15255463,-33.15,-28.94511276
401757297,2025,-2.188720496,-0.5071021138,-0.628355342,-1.143063539,-3.803089142,-5.975,-2.374221772
401757301,2025,9.385141554,10.71962143,10.51495762,11.81708606,10.54059327,2.55,9.254566656
401757303,2025,4.400238449,3.434592183,2.576518728,2.041048594,-1.098006248,2.25,2.267398618
401757305,2025,3.338852291,4.428425042,4.631252981,6.712838706,3.400723733,1.15,3.943682125
401757307,2025,8.326479401,8.051582757,6.060351934,7.947027998,6.89419359,4.675,6.99243928
401757309,2025,-9.376693563,-7.108087169,-7.951409337,-8.282478764,-7.474640816,-13,-8.865551608
401757312,2025,2.366713055,3.999951666,5.325455889,4.677478345,5.901058316,0.8,3.845109545
401757315,2025,-7.866147779,-8.575687894,-7.744490013,-8.510575539,-12.34705949,-17.725,-10.46149345
401760358,2025,-16.93706887,-16.29104971,-16.51929643,-16.91295168,-19.24760318,-20.95,-17.80966165
401760361,2025,24.90868362,25.51531006,25.00378308,28.06214762,23.86815596,27.475,25.80551339
401760372,2025,-1.563459387,-1.113467588,-2.460171885,-0.2130584886,1.078113317,4.325,0.008825994788
401760373,2025,4.585612697,5.078331927,5.077145462,5.393832877,3.003781497,-1.6,3.589784077
401760374,2025,0.4401090418,0.6482238506,1.031011845,-0.3702781145,3.753909349,-0.475,0.8379959954
401760376,2025,-2.556033168,-0.7713159169,-1.372079165,-0.6539228988,2.272179604,2,-0.1801952574
401760378,2025,-16.74793803,-15.56291312,-15.61569262,-17.3301601,-14.23276687,-17.475,-16.16074512
401760379,2025,14.28668899,15.27759293,15.50331821,16.11257752,16.84496537,14.45,15.41252384
401760380,2025,1.73733536,0.08680515504,-2.212805708,0.8739905532,-0.7480105758,-1,-0.2104475359
401760381,2025,-12.73579249,-12.10018072,-12.51802768,-13.46413848,-12.21189237,-7.25,-11.71333862
401760382,2025,17.13881548,17.54630987,17.43087608,16.74990377,22.94731188,15.425,17.87303618
401760383,2025,-10.76326888,-9.515528145,-9.993833859,-11.1555996,-7.262662888,-13.975,-10.44431556
401760384,2025,3.889168046,3.930858496,5.18662189,4.705331985,5.800730765,7.05,5.093785197
401760385,2025,-11.331795,-8.117980835,-12.15759522,-10.2519711,-8.017411709,-14.875,-10.79195898
401760386,2025,-0.16032514,-2.102496863,-1.287210155,0.8498437576,-8.248867512,-1.625,-2.095675985
401760387,2025,0.6471193486,1.430572755,-1.155802892,1.088638715,4.764620781,2.7375,1.585441451
401760388,2025,33.7816925,33.12953262,33.81919189,32.38013318,37.04426622,33.1,33.87580273
401760390,2025,-26.01980719,-26.17525374,-26.84092454,-26.23888678,-24.49754024,-32.35,-27.02040208
401760391,2025,10.67771987,10.95928921,7.796467773,9.955800936,7.676569462,3.5375,8.433891209
401760392,2025,-3.405059298,-1.543506908,-0.6580698776,-2.128650258,1.693853378,-1,-1.17357216
401760393,2025,8.451462906,11.20937514,10.3107794,10.02841724,14.1430757,16.075,11.7030184
401760394,2025,-15.85810711,-15.06044488,-16.80317337,-13.84637441,-15.11980122,-16.475,-15.52715016
401760395,2025,-12.52383398,-12.23531032,-12.45263614,-10.4881954,-13.16452634,-19.175,-13.33991703
401760397,2025,-0.1874553214,0.4359613055,0.4392668142,1.356766964,-1.142460227,-4.2625,-0.5600700775
401760398,2025,23.74294525,23.1812976,23.10455281,22.42187787,18.1559577,19.2375,21.64068854
401760399,2025,-17.84217146,-19.37635633,-19.68892788,-15.84425602,-18.58790946,-23.6875,-19.17118686
401760401,2025,-0.1942552879,-1.451252228,-2.010919499,-0.3732692114,3.244632244,-4.1625,-0.8245939971
401760402,2025,-41.592183,-39.71094153,-37.53742473,-41.81336789,-31.79535294,-36.575,-38.17071168
401760403,2025,2.808834855,4.251574543,1.582961783,2.957166533,0.1831803322,0.6125,2.066036341
401760404,2025,-7.266952239,-8.961445977,-9.854211195,-9.060099355,-12.34068322,-14.025,-10.25139866
401760405,2025,5.991201777,6.595763801,6.032385149,6.287401017,7.516654313,4.025,6.074734343
401760406,2025,-16.25409082,-15.96080889,-14.40190552,-15.80692852,-21.76820612,-12.5125,-16.11740664
401760407,2025,-30.16237804,-27.6900144,-29.22847727,-27.25608575,-26.05071303,-32.975,-28.89377808
401760408,2025,39.7849792,38.54511817,38.11811336,39.55526652,40.46118259,34.3625,38.47119331
401760410,2025,7.530061339,7.581477736,7.720929857,8.086113164,6.500991225,3.5125,6.82201222
401760411,2025,-12.04850048,-12.66829669,-14.51693123,-13.51085638,-15.8483088,-11.675,-13.37798226
401760412,2025,17.34441178,17.39778644,17.12734244,18.57541815,19.65447235,12.3625,17.07698853
401760413,2025,56.81906406,55.08448867,52.45168056,54.11569953,54.37726796,46.7625,53.26845013
401760415,2025,-15.22665968,-13.75809016,-15.44625569,-16.18126373,-12.47714174,-12.475,-14.26073517
401760416,2025,9.557864694,10.16820948,10.30849905,10.55072552,12.59540772,14.1,11.21345108
401760418,2025,26.34356836,25.90009075,24.53961447,25.95710272,21.70878553,20.375,24.1373603
401760419,2025,-12.04991227,-12.52012438,-11.89618687,-13.36353167,-5.180179119,-15.65,-11.77665572
401760420,2025,12.83695537,11.89907419,11.0151332,12.22651445,16.31466961,5.8875,11.69664114
401760421,2025,-15.58275409,-19.62334554,-17.86313192,-17.63461069,-20.26161551,-20.0125,-18.49632629
401760423,2025,-24.89776878,-24.00122544,-24.76471902,-24.23472487,-30.69059992,-21.275,-24.97733967
401760424,2025,11.64643082,10.84913572,10.32160416,12.28423593,10.16650522,6.6375,10.31756864
401760425,2025,-21.00630036,-18.88026522,-18.97111504,-17.94176531,-18.96004272,-27.9125,-20.61199811
401760426,2025,8.500230222,6.600353455,7.311300779,8.805343951,7.165495008,7.625,7.667953903
401761594,2025,9.67860868,9.272756448,5.057020622,9.900334287,7.674826622,4.3625,7.657674443
401761601,2025,8.56390325,10.24297857,9.431502887,13.07579563,7.993302345,15.25,10.75958045
401761603,2025,-12.18010153,-11.32998492,-12.67698766,-12.06547819,-16.28963614,-7.7875,-12.05494807
401761608,2025,-17.28151299,-15.41885012,-15.57950619,-16.50295968,-22.04292059,-22.625,-18.24179159
401761610,2025,5.512051585,5.125204067,6.086207287,7.711945366,10.84392929,7.6125,7.148639599
401761611,2025,-33.88948063,-32.9492791,-34.96675845,-31.94134883,-34.85335302,-32.175,-33.46253667
401761614,2025,9.243772039,8.181449656,8.103450641,8.92657079,9.355596781,6.525,8.389306651
401761615,2025,5.879201975,5.698738065,6.616091501,5.962487018,4.853140891,2.9,5.318276575
401761616,2025,8.810311712,11.50622899,9.780130112,9.729997105,11.21162206,4.3375,9.22929833
401761617,2025,2.779716307,-0.103481583,1.331552024,0.1609636843,3.885156393,-0.1,1.325651137
401761619,2025,19.72682704,22.07103416,19.97298969,20.74753894,23.41270733,22.675,21.43434953
401761620,2025,15.79189149,15.72231559,15.74684285,16.8434027,17.21155787,14.5875,15.98391842
401761621,2025,10.10137531,8.602704479,9.037118907,8.916039225,11.66994238,5.95,9.046196717
401761623,2025,19.20510415,16.79078342,18.39043966,20.14500316,15.09252214,13.8,17.23730876
401761625,2025,-10.88855392,-9.446254913,-8.993113824,-8.966991492,-11.55129981,-13.775,-10.60353566
401761626,2025,38.65216606,38.14689527,37.93317363,39.46181558,34.04178381,34.2,37.07263906
401761627,2025,-13.25379158,-14.22864888,-15.65256628,-14.29308926,-13.29901063,-15.925,-14.44201777
401761628,2025,-10.31529885,-9.466435626,-10.34358234,-8.537178642,-9.371692866,-10.1,-9.689031387
401761629,2025,-18.11562412,-17.65511992,-17.59424826,-15.77673833,-21.88720536,-18.85,-18.313156
401761631,2025,30.14734176,31.11678718,33.12735387,33.27161305,31.54303181,30.125,31.55518795
401761632,2025,6.008453726,5.505758053,4.493882964,7.323568332,3.186103821,2.2125,4.788377816
401761633,2025,-19.16457838,-18.53242897,-18.94148874,-18.66894847,-23.20040894,-20.275,-19.79714225
401761635,2025,-10.73489088,-10.60038945,-11.99200242,-11.20818291,-11.07092851,-9.7,-10.88439903
401761636,2025,12.20752136,11.45469603,12.19248224,10.88722006,16.96747541,2.225,10.98906585
401761638,2025,3.878527285,4.242376969,3.876907768,5.236219714,4.058195412,2.05,3.890371191
401761639,2025,-23.5602869,-23.98100906,-21.60209764,-22.96211152,-27.79514861,-28.15,-24.67510895
401761640,2025,21.38811829,22.25138602,22.33128326,22.9352493,20.71565771,21.25,21.8119491
401761641,2025,-9.932247093,-9.504042785,-8.552806317,-6.948996006,-10.6725421,-7.35,-8.826772383
401761642,2025,-13.66757116,-13.06885773,-13.27654274,-11.17419221,-11.97421795,-13,-12.69356363
401761643,2025,-21.35890235,-21.26711788,-23.32701563,-21.85196616,-24.56140471,-22.9,-22.54440112
401761644,2025,-5.672097293,-6.529729894,-8.130709162,-6.254384641,-8.836146832,-7.5,-7.153844637
401761646,2025,3.617973188,3.024480328,4.745720537,3.252270816,-2.145383596,1.55,2.340843545
401761648,2025,2.768850479,5.151121865,3.648571746,3.786171504,4.795432687,9.875,5.00419138
401761649,2025,24.77305359,24.30091069,21.81273883,21.82291959,21.47899389,26.9,23.51476943
401761650,2025,0.6756601526,1.47518725,5.038652863,3.345848697,0.4933049679,4.45,2.579775655
401761652,2025,24.12114896,24.31332365,24.40147099,26.08688754,24.31946516,24.775,24.66954938
401761653,2025,-7.454350251,-8.50523984,-8.223938238,-8.411366065,-10.64467382,-14.9125,-9.69201137
401761655,2025,-5.178530682,-5.380168357,-6.781701485,-4.303648843,-4.383110046,-4.8,-5.137859902
401761656,2025,7.782487418,8.113866256,8.721517216,8.434329336,6.423142463,4.7875,7.377140448
401761657,2025,-25.44167094,-25.74486403,-22.15187471,-23.52004265,-28.50191212,-22.975,-24.72256074
401761659,2025,-3.957056051,-4.32330421,-3.458898949,-3.434576066,2.854128361,-9.05,-3.561617819
401761661,2025,1.690215097,1.012478638,0.8192721406,-0.361781741,2.786292553,1.075,1.170246115
401761662,2025,-22.51871453,-22.87294481,-21.50187022,-22.79139214,-27.56301832,-24.5,-23.62465667
401761663,2025,-15.62460321,-17.86128888,-17.69642755,-14.97152114,-14.37304592,-17.475,-16.33364778
401761665,2025,-7.754686877,-8.392862015,-8.849162966,-7.760476524,-7.890903734,-6.2125,-7.810098686
401761667,2025,15.14116814,12.75019855,13.22087517,14.18272781,15.48582947,11.45,13.70513319
401762441,2025,-9.748091607,-12.53337854,-14.70125446,-11.90629182,-9.499082327,-10.15,-11.42301646
401762443,2025,25.90801603,26.18336041,25.90210548,29.46415476,24.89285326,25.4125,26.29383166
401762458,2025,-10.43190471,-7.01771513,-7.270822205,-5.820230359,-8.327233851,-7.4875,-7.725901043
401762461,2025,7.218786823,8.474197817,8.796294008,10.88709499,6.897322655,9.625,8.649782716
401762463,2025,-6.393517018,-8.465887221,-7.502019504,-9.953098522,-7.218693733,-10.825,-8.393036
401762469,2025,-5.025235523,-4.007507596,-4.464402656,-3.890479669,-3.878775418,-8.85,-5.019400144
401762476,2025,-7.985508536,-10.50646563,-9.372067023,-11.59637493,-7.790607691,-11.175,-9.737670635
401762481,2025,-30.74256177,-32.12560743,-32.33120529,-30.19570824,-30.78296161,-30.025,-31.03384072
401762487,2025,30.31521052,31.616499,32.24964056,29.55093804,28.12873578,27.1625,29.83725398
401762488,2025,2.63039953,-2.388162448,-2.601595548,-1.984612837,2.454419136,-5.7875,-1.279508694
401762491,2025,37.20819601,33.48842631,34.91651907,35.74009806,33.64308909,34.5,34.91605475
401762494,2025,8.51073188,4.900820177,7.12546912,6.870642476,0.6927628517,5,5.516737751
401762499,2025,11.91194278,8.71236546,8.636377563,7.409480246,10.75465894,7.025,9.074970831
401762500,2025,18.5033349,17.64569016,18.55296658,20.03231885,16.69900239,16.125,17.92638548
401762501,2025,-9.07294405,-9.946505959,-8.793899367,-7.90284227,-15.53730917,-8.2,-9.908916803
401762506,2025,-10.78203777,-10.18557485,-11.74348766,-9.130133167,-11.97680184,-9.475,-10.54883921
401762510,2025,9.302037316,9.47262554,11.15501016,8.288361626,12.34152746,8.725,9.880760351
401762511,2025,-6.801290036,-9.415250897,-7.806969858,-9.58197471,-10.61717129,-12.8,-9.503776131
401762516,2025,-10.18055953,-13.85139524,-14.43987319,-13.73298788,-8.05866003,-17.95,-13.03557931
401762521,2025,-5.07494957,-6.820866232,-8.729910808,-2.787146197,-4.413615048,-3.05,-5.146081309
401762522,2025,30.41792166,31.29594887,35.37172999,33.09898336,29.6323266,34.65,32.41115175
401762789,2025,-6.685193721,-5.083131026,-4.75195528,-3.775272701,-6.141595602,-7.55,-5.664524722
401762791,2025,-1.025591163,-0.9117747645,-2.213259288,-1.366005926,-2.656915665,4.4125,-0.6268411343
401762820,2025,15.37024345,14.46029295,14.65899846,12.43634402,14.21785358,13.825,14.16145541
401762824,2025,23.02929221,21.95480149,23.06850015,19.48402044,23.23819971,23.7,22.412469
401762825,2025,3.867694432,6.123085071,4.226902469,5.62737161,1.816879749,10.5,5.360322222
401762826,2025,5.857056496,7.372236525,7.929118732,8.227580254,9.283117056,6.8875,7.592768177
401762829,2025,13.41579624,12.42646706,13.42557817,11.74174379,15.72792768,13.7625,13.41666882
401762833,2025,-2.140671602,-2.457288831,-2.402890301,0.6068058625,0.3171827793,-4.75,-1.804477015
401762835,2025,20.34345979,17.69634576,17.71161593,17.91752662,19.61217594,14.9875,18.04477068
401762836,2025,7.548726311,7.060579925,8.166224873,9.310574764,7.603718914,6.625,7.719137464
401762839,2025,-19.81300651,-22.972163,-23.38821736,-23.49097345,-23.50759706,-23.775,-22.8244929
401762841,2025,0.8238730232,1.426446521,-0.006352789284,0.3768628745,-5.020040035,-4.5625,-1.160285068
401762842,2025,10.1357725,9.127351542,11.2336341,10.37811513,12.80148602,14.525,11.36689321
401762843,2025,14.22556409,14.90448799,16.01643806,15.11151108,13.0401144,13.075,14.39551927
401762846,2025,6.26349778,10.0485524,10.78041859,8.082266802,9.126950741,8.05,8.725281053
401762848,2025,6.85165899,5.47539672,4.979536092,6.134861509,9.200397491,6.275,6.4861418
401762850,2025,-1.405614099,-2.179860691,-2.312523896,-0.04462962512,0.7970519066,-5.9625,-1.851346067
401762852,2025,1.220033672,1.076300162,-1.02113975,0.819533626,2.851434827,3.5375,1.413943756
401762854,2025,23.40822451,22.90967426,23.02658185,22.32997575,22.05605114,25.525,23.20925125
401762855,2025,1.896499054,2.414113769,1.140163286,2.546227362,0.8322255611,6.375,2.534038172
401762856,2025,-14.09165594,-15.28433998,-16.01292113,-15.00604094,-17.04909897,-13.275,-15.11984283
401762857,2025,1.955806752,2.450893229,1.954490618,2.057137534,4.397150993,2.1,2.485913188
401762860,2025,-13.17428369,-13.32589882,-11.76547284,-13.58361964,-15.4099743,-21.4625,-14.78695821
401762862,2025,-3.481592045,-4.680771408,-6.002425485,-4.560901233,-2.459646702,-8.575,-4.960056146
401762864,2025,-8.842491308,-8.431989774,-9.329263344,-8.403186754,-8.151904464,-5.025,-8.030639274
401762866,2025,-5.922299185,-3.800831664,-3.332440796,-4.166835323,-4.058422714,-4.475,-4.29263828
401762869,2025,1.689194937,-0.05601212051,-1.520237321,3.143142583,-0.7121368051,-4.15,-0.2676747877
401762871,2025,-6.445196445,-7.425889004,-8.813224763,-10.16448743,-5.971590519,-4.25,-7.178398026
401762872,2025,-5.089577213,-5.107810781,-3.694078685,-6.224132896,-6.094112426,-10.0625,-6.045368667
401762873,2025,-4.718746891,-6.306153219,-6.327529833,-8.42107432,-6.338149518,-8.75,-6.81027563
401762874,2025,7.62118266,6.404421918,6.16657084,7.580928987,9.034358501,3.05,6.642910484
401777324,2025,14.85039536,17.30921177,16.06566721,16.01311691,13.19131565,12.5875,15.00286782
401777326,2025,7.679151813,10.90317825,9.627793559,10.3604029,9.565069556,8.7625,9.483016013
401777327,2025,15.14457964,14.64436977,14.43447458,14.46831779,16.20214808,9.825,14.11981498
401777328,2025,-9.481732377,-9.812115788,-10.86619964,-9.647425964,-9.897847295,-9.725,-9.905053511
401777329,2025,7.068561794,5.981418382,5.868228794,6.602040978,5.733329773,6.9,6.358929954
401777351,2025,-18.44204385,-19.63918493,-18.33294368,-20.21705255,-18.53077358,-17.4,-18.7603331
401777352,2025,-9.400528398,-8.046781826,-8.450257475,-7.108341656,-5.892343521,-6.8125,-7.618458813
401777353,2025,-3.87224335,-4.481982973,-4.685001446,-7.360245964,-7.202359557,1.225,-4.396138882
