market,scenario,strategy,confidence_cutoff,all_bets_baseline_net_usd,net_change_vs_all_bets_usd,bets,wins,losses,pushes,staked_usd,net_profit_usd,roi,mean_confidence,observed_win_rate_ex_pushes,frozen_price_bets,retrospective_price_bets
ATS,all_eligible,F19 equal consensus,0,-59.09090908,0,263,131,125,7,2630,-59.09090908,-0.02246802627,0.5322049474,0.51171875,0,0
ATS,all_eligible,F19 equal consensus,0.5,-59.09090908,-9.090909091,262,130,125,7,2620,-68.18181817,-0.02602359472,0.5323347256,0.5098039216,0,0
ATS,all_eligible,F19 equal consensus,0.51,-59.09090908,-54.54545455,193,92,95,6,1930,-113.6363636,-0.05887894488,0.5418534605,0.4919786096,0,0
ATS,all_eligible,F19 equal consensus,0.52,-59.09090908,-25.45454546,149,71,73,5,1490,-84.54545454,-0.0567419158,0.5495154881,0.4930555556,0,0
ATS,all_eligible,F19 equal consensus,0.53,-59.09090908,-13.63636364,121,58,60,3,1210,-72.72727272,-0.06010518407,0.5555196662,0.4915254237,0,0
ATS,all_eligible,F19 equal consensus,0.54,-59.09090908,5.454545447,100,48,49,3,1000,-53.63636363,-0.05363636363,0.5598203055,0.4948453608,0,0
ATS,all_eligible,F19 equal consensus,0.55,-59.09090908,28.18181817,68,34,34,0,680,-30.90909091,-0.04545454545,0.566183077,0.5,0,0
ATS,all_eligible,F19 equal consensus,0.56,-59.09090908,37.27272726,48,24,24,0,480,-21.81818182,-0.04545454545,0.5709886942,0.5,0,0
ATS,all_eligible,F19 equal consensus,0.57,-59.09090908,39.99999999,21,10,11,0,210,-19.09090909,-0.0909090909,0.5794720404,0.4761904762,0,0
ATS,all_eligible,F19 equal consensus,0.58,-59.09090908,36.36363635,8,3,5,0,80,-22.72727273,-0.2840909091,0.5878818509,0.375,0,0
ATS,all_eligible,F19 equal consensus,0.59,-59.09090908,29.09090908,3,0,3,0,30,-30,-1,0.5943396226,0,0,0
ATS,all_eligible,F19 equal consensus,0.6,-59.09090908,59.09090908,0,0,0,0,0,0,,,,0,0
ATS,all_eligible,F19 equal consensus,0.61,-59.09090908,59.09090908,0,0,0,0,0,0,,,,0,0
ATS,all_eligible,F19 equal consensus,0.62,-59.09090908,59.09090908,0,0,0,0,0,0,,,,0,0
ATS,all_eligible,F19 equal consensus,0.63,-59.09090908,59.09090908,0,0,0,0,0,0,,,,0,0
ATS,all_eligible,F19 equal consensus,0.64,-59.09090908,59.09090908,0,0,0,0,0,0,,,,0,0
ATS,all_eligible,F19 equal consensus,0.65,-59.09090908,59.09090908,0,0,0,0,0,0,,,,0,0
ATS,all_eligible,F19 equal consensus,0.66,-59.09090908,59.09090908,0,0,0,0,0,0,,,,0,0
ATS,all_eligible,F19 equal consensus,0.67,-59.09090908,59.09090908,0,0,0,0,0,0,,,,0,0
ATS,all_eligible,F19 equal consensus,0.68,-59.09090908,59.09090908,0,0,0,0,0,0,,,,0,0
ATS,all_eligible,F19 equal consensus,0.69,-59.09090908,59.09090908,0,0,0,0,0,0,,,,0,0
ATS,all_eligible,F19 equal consensus,0.7,-59.09090908,59.09090908,0,0,0,0,0,0,,,,0,0
ATS,all_eligible,F19 equal consensus,0.71,-59.09090908,59.09090908,0,0,0,0,0,0,,,,0,0
ATS,all_eligible,F19 equal consensus,0.72,-59.09090908,59.09090908,0,0,0,0,0,0,,,,0,0
ATS,all_eligible,F19 equal consensus,0.73,-59.09090908,59.09090908,0,0,0,0,0,0,,,,0,0
ATS,all_eligible,F19 equal consensus,0.74,-59.09090908,59.09090908,0,0,0,0,0,0,,,,0,0
ATS,all_eligible,F19 equal consensus,0.75,-59.09090908,59.09090908,0,0,0,0,0,0,,,,0,0
ATS,all_eligible,F19 equal consensus,0.76,-59.09090908,59.09090908,0,0,0,0,0,0,,,,0,0
ATS,all_eligible,F19 equal consensus,0.77,-59.09090908,59.09090908,0,0,0,0,0,0,,,,0,0
ATS,all_eligible,F19 equal consensus,0.78,-59.09090908,59.09090908,0,0,0,0,0,0,,,,0,0
ATS,all_eligible,F19 equal consensus,0.79,-59.09090908,59.09090908,0,0,0,0,0,0,,,,0,0
ATS,all_eligible,F19 equal consensus,0.8,-59.09090908,59.09090908,0,0,0,0,0,0,,,,0,0
ATS,all_eligible,F19 equal consensus,0.81,-59.09090908,59.09090908,0,0,0,0,0,0,,,,0,0
ATS,all_eligible,F19 equal consensus,0.82,-59.09090908,59.09090908,0,0,0,0,0,0,,,,0,0
ATS,all_eligible,F19 equal consensus,0.83,-59.09090908,59.09090908,0,0,0,0,0,0,,,,0,0
ATS,all_eligible,F19 equal consensus,0.84,-59.09090908,59.09090908,0,0,0,0,0,0,,,,0,0
ATS,all_eligible,F19 equal consensus,0.85,-59.09090908,59.09090908,0,0,0,0,0,0,,,,0,0
ATS,all_eligible,F19 equal consensus,0.86,-59.09090908,59.09090908,0,0,0,0,0,0,,,,0,0
ATS,all_eligible,F19 equal consensus,0.87,-59.09090908,59.09090908,0,0,0,0,0,0,,,,0,0
ATS,all_eligible,F19 equal consensus,0.88,-59.09090908,59.09090908,0,0,0,0,0,0,,,,0,0
ATS,all_eligible,F19 equal consensus,0.89,-59.09090908,59.09090908,0,0,0,0,0,0,,,,0,0
ATS,all_eligible,F19 equal consensus,0.9,-59.09090908,59.09090908,0,0,0,0,0,0,,,,0,0
ATS,all_eligible,F19 equal consensus,0.91,-59.09090908,59.09090908,0,0,0,0,0,0,,,,0,0
ATS,all_eligible,F19 equal consensus,0.92,-59.09090908,59.09090908,0,0,0,0,0,0,,,,0,0
ATS,all_eligible,F19 equal consensus,0.93,-59.09090908,59.09090908,0,0,0,0,0,0,,,,0,0
ATS,all_eligible,F19 equal consensus,0.94,-59.09090908,59.09090908,0,0,0,0,0,0,,,,0,0
ATS,all_eligible,F19 equal consensus,0.95,-59.09090908,59.09090908,0,0,0,0,0,0,,,,0,0
ATS,all_eligible,F19 equal consensus,0.96,-59.09090908,59.09090908,0,0,0,0,0,0,,,,0,0
ATS,all_eligible,F19 equal consensus,0.97,-59.09090908,59.09090908,0,0,0,0,0,0,,,,0,0
ATS,all_eligible,F19 equal consensus,0.98,-59.09090908,59.09090908,0,0,0,0,0,0,,,,0,0
ATS,all_eligible,F19 equal consensus,0.99,-59.09090908,59.09090908,0,0,0,0,0,0,,,,0,0
ATS,all_eligible,F19 equal consensus,1,-59.09090908,59.09090908,0,0,0,0,0,0,,,,0,0
ATS,all_eligible,M1,0,-135.4545454,0,263,127,129,7,2630,-135.4545454,-0.05150362945,0.5413690263,0.49609375,0,0
ATS,all_eligible,M1,0.5,-135.4545454,38.18181818,241,118,117,6,2410,-97.27272726,-0.04036212749,0.5455816398,0.5021276596,0,0
ATS,all_eligible,M1,0.51,-135.4545454,68.18181818,217,107,104,6,2170,-67.27272726,-0.0310012568,0.5502357973,0.5071090047,0,0
ATS,all_eligible,M1,0.52,-135.4545454,111.8181818,183,92,86,5,1830,-23.63636363,-0.0129160457,0.5565694058,0.5168539326,0,0
ATS,all_eligible,M1,0.53,-135.4545454,171.8181818,155,81,70,4,1550,36.36363637,0.02346041056,0.5621685071,0.5364238411,0,0
ATS,all_eligible,M1,0.54,-135.4545454,182.7272727,129,69,58,2,1290,47.27272728,0.03664552502,0.5678103039,0.5433070866,0,0
ATS,all_eligible,M1,0.55,-135.4545454,150.9090909,94,49,43,2,940,15.45454546,0.01644100581,0.5764322991,0.5326086957,0,0
ATS,all_eligible,M1,0.56,-135.4545454,134.5454545,66,34,31,1,660,-0.909090906,-0.001377410464,0.5854774157,0.5230769231,0,0
ATS,all_eligible,M1,0.57,-135.4545454,95.45454544,46,22,24,0,460,-40,-0.08695652173,0.5950330091,0.4782608696,0,0
ATS,all_eligible,M1,0.58,-135.4545454,121.8181818,30,15,15,0,300,-13.63636363,-0.04545454545,0.6061695118,0.5,0,0
ATS,all_eligible,M1,0.59,-135.4545454,124.5454545,24,12,12,0,240,-10.90909091,-0.04545454545,0.6120470201,0.5,0,0
ATS,all_eligible,M1,0.6,-135.4545454,129.0909091,14,7,7,0,140,-6.363636363,-0.04545454545,0.623219099,0.5,0,0
ATS,all_eligible,M1,0.61,-135.4545454,150.9090909,8,5,3,0,80,15.45454546,0.1931818182,0.6387578616,0.625,0,0
ATS,all_eligible,M1,0.62,-135.4545454,142.7272727,5,3,2,0,50,7.272727273,0.1454545455,0.653279425,0.6,0,0
ATS,all_eligible,M1,0.63,-135.4545454,133.6363636,4,2,2,0,40,-1.818181818,-0.04545454545,0.6600404313,0.5,0,0
ATS,all_eligible,M1,0.64,-135.4545454,143.6363636,3,2,1,0,30,8.181818182,0.2727272727,0.6690625936,0.6666666667,0,0
ATS,all_eligible,M1,0.65,-135.4545454,143.6363636,3,2,1,0,30,8.181818182,0.2727272727,0.6690625936,0.6666666667,0,0
ATS,all_eligible,M1,0.66,-135.4545454,134.5454545,2,1,1,0,20,-0.909090909,-0.04545454545,0.6785714286,0.5,0,0
ATS,all_eligible,M1,0.67,-135.4545454,125.4545454,1,0,1,0,10,-10,-1,0.6909254268,0,0,0
ATS,all_eligible,M1,0.68,-135.4545454,125.4545454,1,0,1,0,10,-10,-1,0.6909254268,0,0,0
ATS,all_eligible,M1,0.69,-135.4545454,125.4545454,1,0,1,0,10,-10,-1,0.6909254268,0,0,0
ATS,all_eligible,M1,0.7,-135.4545454,135.4545454,0,0,0,0,0,0,,,,0,0
ATS,all_eligible,M1,0.71,-135.4545454,135.4545454,0,0,0,0,0,0,,,,0,0
ATS,all_eligible,M1,0.72,-135.4545454,135.4545454,0,0,0,0,0,0,,,,0,0
ATS,all_eligible,M1,0.73,-135.4545454,135.4545454,0,0,0,0,0,0,,,,0,0
ATS,all_eligible,M1,0.74,-135.4545454,135.4545454,0,0,0,0,0,0,,,,0,0
ATS,all_eligible,M1,0.75,-135.4545454,135.4545454,0,0,0,0,0,0,,,,0,0
ATS,all_eligible,M1,0.76,-135.4545454,135.4545454,0,0,0,0,0,0,,,,0,0
ATS,all_eligible,M1,0.77,-135.4545454,135.4545454,0,0,0,0,0,0,,,,0,0
ATS,all_eligible,M1,0.78,-135.4545454,135.4545454,0,0,0,0,0,0,,,,0,0
ATS,all_eligible,M1,0.79,-135.4545454,135.4545454,0,0,0,0,0,0,,,,0,0
ATS,all_eligible,M1,0.8,-135.4545454,135.4545454,0,0,0,0,0,0,,,,0,0
ATS,all_eligible,M1,0.81,-135.4545454,135.4545454,0,0,0,0,0,0,,,,0,0
ATS,all_eligible,M1,0.82,-135.4545454,135.4545454,0,0,0,0,0,0,,,,0,0
ATS,all_eligible,M1,0.83,-135.4545454,135.4545454,0,0,0,0,0,0,,,,0,0
ATS,all_eligible,M1,0.84,-135.4545454,135.4545454,0,0,0,0,0,0,,,,0,0
ATS,all_eligible,M1,0.85,-135.4545454,135.4545454,0,0,0,0,0,0,,,,0,0
ATS,all_eligible,M1,0.86,-135.4545454,135.4545454,0,0,0,0,0,0,,,,0,0
ATS,all_eligible,M1,0.87,-135.4545454,135.4545454,0,0,0,0,0,0,,,,0,0
ATS,all_eligible,M1,0.88,-135.4545454,135.4545454,0,0,0,0,0,0,,,,0,0
ATS,all_eligible,M1,0.89,-135.4545454,135.4545454,0,0,0,0,0,0,,,,0,0
ATS,all_eligible,M1,0.9,-135.4545454,135.4545454,0,0,0,0,0,0,,,,0,0
ATS,all_eligible,M1,0.91,-135.4545454,135.4545454,0,0,0,0,0,0,,,,0,0
ATS,all_eligible,M1,0.92,-135.4545454,135.4545454,0,0,0,0,0,0,,,,0,0
ATS,all_eligible,M1,0.93,-135.4545454,135.4545454,0,0,0,0,0,0,,,,0,0
ATS,all_eligible,M1,0.94,-135.4545454,135.4545454,0,0,0,0,0,0,,,,0,0
ATS,all_eligible,M1,0.95,-135.4545454,135.4545454,0,0,0,0,0,0,,,,0,0
ATS,all_eligible,M1,0.96,-135.4545454,135.4545454,0,0,0,0,0,0,,,,0,0
ATS,all_eligible,M1,0.97,-135.4545454,135.4545454,0,0,0,0,0,0,,,,0,0
ATS,all_eligible,M1,0.98,-135.4545454,135.4545454,0,0,0,0,0,0,,,,0,0
ATS,all_eligible,M1,0.99,-135.4545454,135.4545454,0,0,0,0,0,0,,,,0,0
ATS,all_eligible,M1,1,-135.4545454,135.4545454,0,0,0,0,0,0,,,,0,0
ATS,all_eligible,M10,0,-230.9090909,0,263,122,134,7,2630,-230.9090909,-0.08779813342,0.5672146325,0.4765625,0,0
ATS,all_eligible,M10,0.5,-230.9090909,-60.90909091,229,101,121,7,2290,-291.8181818,-0.1274315204,0.5792244887,0.454954955,0,0
ATS,all_eligible,M10,0.51,-230.9090909,-66.36363637,219,96,117,6,2190,-297.2727273,-0.1357409714,0.5825815292,0.4507042254,0,0
ATS,all_eligible,M10,0.52,-230.9090909,-34.54545455,212,94,112,6,2120,-265.4545454,-0.1252144082,0.5847933513,0.4563106796,0,0
ATS,all_eligible,M10,0.53,-230.9090909,-9.090909094,197,88,104,5,1970,-240,-0.1218274112,0.5892862844,0.4583333333,0,0
ATS,all_eligible,M10,0.54,-230.9090909,105.4545455,175,83,88,4,1750,-125.4545454,-0.07168831168,0.596062123,0.485380117,0,0
ATS,all_eligible,M10,0.55,-230.9090909,113.6363636,155,74,79,2,1550,-117.2727273,-0.07565982404,0.6026229603,0.4836601307,0,0
ATS,all_eligible,M10,0.56,-230.9090909,102.7272727,136,64,71,1,1360,-128.1818182,-0.09425133689,0.6092503039,0.4740740741,0,0
ATS,all_eligible,M10,0.57,-230.9090909,102.7272727,114,53,61,0,1140,-128.1818182,-0.1124401914,0.6178181302,0.4649122807,0,0
ATS,all_eligible,M10,0.58,-230.9090909,121.8181818,93,43,50,0,930,-109.0909091,-0.1173020528,0.6275879392,0.4623655914,0,0
ATS,all_eligible,M10,0.59,-230.9090909,166.3636364,79,38,41,0,790,-64.54545454,-0.08170310702,0.6351234547,0.4810126582,0,0
ATS,all_eligible,M10,0.6,-230.9090909,172.7272727,65,31,34,0,650,-58.18181818,-0.08951048951,0.6436035662,0.4769230769,0,0
ATS,all_eligible,M10,0.61,-230.9090909,155.4545454,61,28,33,0,610,-75.45454545,-0.1236959762,0.6460238905,0.4590163934,0,0
ATS,all_eligible,M10,0.62,-230.9090909,140,53,23,30,0,530,-90.90909091,-0.1715265866,0.6508501585,0.4339622642,0,0
ATS,all_eligible,M10,0.63,-230.9090909,165.4545454,39,17,22,0,390,-65.45454545,-0.1678321678,0.6601584998,0.4358974359,0,0
ATS,all_eligible,M10,0.64,-230.9090909,160,30,12,18,0,300,-70.90909091,-0.2363636364,0.6675202156,0.4,0,0
ATS,all_eligible,M10,0.65,-230.9090909,144.5454545,22,7,15,0,220,-86.36363636,-0.3925619835,0.6756922323,0.3181818182,0,0
ATS,all_eligible,M10,0.66,-230.9090909,137.2727273,17,4,13,0,170,-93.63636364,-0.550802139,0.6819935521,0.2352941176,0,0
ATS,all_eligible,M10,0.67,-230.9090909,168.1818182,12,3,9,0,120,-62.72727273,-0.5227272727,0.6890161725,0.25,0,0
ATS,all_eligible,M10,0.68,-230.9090909,160.9090909,7,0,7,0,70,-70,-1,0.698369914,0,0,0
ATS,all_eligible,M10,0.69,-230.9090909,190.9090909,4,0,4,0,40,-40,-1,0.7087825696,0,0,0
ATS,all_eligible,M10,0.7,-230.9090909,210.9090909,2,0,2,0,20,-20,-1,0.7196765499,0,0,0
ATS,all_eligible,M10,0.71,-230.9090909,220.9090909,1,0,1,0,10,-10,-1,0.7300089847,0,0,0
ATS,all_eligible,M10,0.72,-230.9090909,220.9090909,1,0,1,0,10,-10,-1,0.7300089847,0,0,0
ATS,all_eligible,M10,0.73,-230.9090909,220.9090909,1,0,1,0,10,-10,-1,0.7300089847,0,0,0
ATS,all_eligible,M10,0.74,-230.9090909,230.9090909,0,0,0,0,0,0,,,,0,0
ATS,all_eligible,M10,0.75,-230.9090909,230.9090909,0,0,0,0,0,0,,,,0,0
ATS,all_eligible,M10,0.76,-230.9090909,230.9090909,0,0,0,0,0,0,,,,0,0
ATS,all_eligible,M10,0.77,-230.9090909,230.9090909,0,0,0,0,0,0,,,,0,0
ATS,all_eligible,M10,0.78,-230.9090909,230.9090909,0,0,0,0,0,0,,,,0,0
ATS,all_eligible,M10,0.79,-230.9090909,230.9090909,0,0,0,0,0,0,,,,0,0
ATS,all_eligible,M10,0.8,-230.9090909,230.9090909,0,0,0,0,0,0,,,,0,0
ATS,all_eligible,M10,0.81,-230.9090909,230.9090909,0,0,0,0,0,0,,,,0,0
ATS,all_eligible,M10,0.82,-230.9090909,230.9090909,0,0,0,0,0,0,,,,0,0
ATS,all_eligible,M10,0.83,-230.9090909,230.9090909,0,0,0,0,0,0,,,,0,0
ATS,all_eligible,M10,0.84,-230.9090909,230.9090909,0,0,0,0,0,0,,,,0,0
ATS,all_eligible,M10,0.85,-230.9090909,230.9090909,0,0,0,0,0,0,,,,0,0
ATS,all_eligible,M10,0.86,-230.9090909,230.9090909,0,0,0,0,0,0,,,,0,0
ATS,all_eligible,M10,0.87,-230.9090909,230.9090909,0,0,0,0,0,0,,,,0,0
ATS,all_eligible,M10,0.88,-230.9090909,230.9090909,0,0,0,0,0,0,,,,0,0
ATS,all_eligible,M10,0.89,-230.9090909,230.9090909,0,0,0,0,0,0,,,,0,0
ATS,all_eligible,M10,0.9,-230.9090909,230.9090909,0,0,0,0,0,0,,,,0,0
ATS,all_eligible,M10,0.91,-230.9090909,230.9090909,0,0,0,0,0,0,,,,0,0
ATS,all_eligible,M10,0.92,-230.9090909,230.9090909,0,0,0,0,0,0,,,,0,0
ATS,all_eligible,M10,0.93,-230.9090909,230.9090909,0,0,0,0,0,0,,,,0,0
ATS,all_eligible,M10,0.94,-230.9090909,230.9090909,0,0,0,0,0,0,,,,0,0
ATS,all_eligible,M10,0.95,-230.9090909,230.9090909,0,0,0,0,0,0,,,,0,0
ATS,all_eligible,M10,0.96,-230.9090909,230.9090909,0,0,0,0,0,0,,,,0,0
ATS,all_eligible,M10,0.97,-230.9090909,230.9090909,0,0,0,0,0,0,,,,0,0
ATS,all_eligible,M10,0.98,-230.9090909,230.9090909,0,0,0,0,0,0,,,,0,0
ATS,all_eligible,M10,0.99,-230.9090909,230.9090909,0,0,0,0,0,0,,,,0,0
ATS,all_eligible,M10,1,-230.9090909,230.9090909,0,0,0,0,0,0,,,,0,0
ATS,all_eligible,M2,0,-154.5454545,0,263,126,130,7,2630,-154.5454545,-0.05876253024,0.5285222346,0.4921875,0,0
ATS,all_eligible,M2,0.5,-154.5454545,42.72727273,230,112,113,5,2300,-111.8181818,-0.04861660079,0.5336517051,0.4977777778,0,0
ATS,all_eligible,M2,0.51,-154.5454545,64.54545454,202,99,99,4,2020,-89.99999999,-0.04455445544,0.5376646829,0.5,0,0
ATS,all_eligible,M2,0.52,-154.5454545,60,170,82,84,4,1700,-94.54545454,-0.05561497326,0.5420723006,0.4939759036,0,0
ATS,all_eligible,M2,0.53,-154.5454545,99.99999999,122,60,60,2,1220,-54.54545454,-0.04470938897,0.5486243059,0.5,0,0
ATS,all_eligible,M2,0.54,-154.5454545,168.1818182,77,40,35,2,770,13.63636364,0.01770956317,0.55651626,0.5333333333,0,0
ATS,all_eligible,M2,0.55,-154.5454545,199.0909091,50,28,21,1,500,44.54545455,0.0890909091,0.5628122192,0.5714285714,0,0
ATS,all_eligible,M2,0.56,-154.5454545,151.8181818,28,14,13,1,280,-2.727272726,-0.009740259736,0.5691182133,0.5185185185,0,0
ATS,all_eligible,M2,0.57,-154.5454545,179.0909091,10,6,3,1,100,24.54545455,0.2454545455,0.5778975741,0.6666666667,0,0
ATS,all_eligible,M2,0.58,-154.5454545,153.6363636,3,1,1,1,30,-0.909090909,-0.0303030303,0.5874513327,0.5,0,0
ATS,all_eligible,M2,0.59,-154.5454545,154.5454545,0,0,0,0,0,0,,,,0,0
ATS,all_eligible,M2,0.6,-154.5454545,154.5454545,0,0,0,0,0,0,,,,0,0
ATS,all_eligible,M2,0.61,-154.5454545,154.5454545,0,0,0,0,0,0,,,,0,0
ATS,all_eligible,M2,0.62,-154.5454545,154.5454545,0,0,0,0,0,0,,,,0,0
ATS,all_eligible,M2,0.63,-154.5454545,154.5454545,0,0,0,0,0,0,,,,0,0
ATS,all_eligible,M2,0.64,-154.5454545,154.5454545,0,0,0,0,0,0,,,,0,0
ATS,all_eligible,M2,0.65,-154.5454545,154.5454545,0,0,0,0,0,0,,,,0,0
ATS,all_eligible,M2,0.66,-154.5454545,154.5454545,0,0,0,0,0,0,,,,0,0
ATS,all_eligible,M2,0.67,-154.5454545,154.5454545,0,0,0,0,0,0,,,,0,0
ATS,all_eligible,M2,0.68,-154.5454545,154.5454545,0,0,0,0,0,0,,,,0,0
ATS,all_eligible,M2,0.69,-154.5454545,154.5454545,0,0,0,0,0,0,,,,0,0
ATS,all_eligible,M2,0.7,-154.5454545,154.5454545,0,0,0,0,0,0,,,,0,0
ATS,all_eligible,M2,0.71,-154.5454545,154.5454545,0,0,0,0,0,0,,,,0,0
ATS,all_eligible,M2,0.72,-154.5454545,154.5454545,0,0,0,0,0,0,,,,0,0
ATS,all_eligible,M2,0.73,-154.5454545,154.5454545,0,0,0,0,0,0,,,,0,0
ATS,all_eligible,M2,0.74,-154.5454545,154.5454545,0,0,0,0,0,0,,,,0,0
ATS,all_eligible,M2,0.75,-154.5454545,154.5454545,0,0,0,0,0,0,,,,0,0
ATS,all_eligible,M2,0.76,-154.5454545,154.5454545,0,0,0,0,0,0,,,,0,0
ATS,all_eligible,M2,0.77,-154.5454545,154.5454545,0,0,0,0,0,0,,,,0,0
ATS,all_eligible,M2,0.78,-154.5454545,154.5454545,0,0,0,0,0,0,,,,0,0
ATS,all_eligible,M2,0.79,-154.5454545,154.5454545,0,0,0,0,0,0,,,,0,0
ATS,all_eligible,M2,0.8,-154.5454545,154.5454545,0,0,0,0,0,0,,,,0,0
ATS,all_eligible,M2,0.81,-154.5454545,154.5454545,0,0,0,0,0,0,,,,0,0
ATS,all_eligible,M2,0.82,-154.5454545,154.5454545,0,0,0,0,0,0,,,,0,0
ATS,all_eligible,M2,0.83,-154.5454545,154.5454545,0,0,0,0,0,0,,,,0,0
ATS,all_eligible,M2,0.84,-154.5454545,154.5454545,0,0,0,0,0,0,,,,0,0
ATS,all_eligible,M2,0.85,-154.5454545,154.5454545,0,0,0,0,0,0,,,,0,0
ATS,all_eligible,M2,0.86,-154.5454545,154.5454545,0,0,0,0,0,0,,,,0,0
ATS,all_eligible,M2,0.87,-154.5454545,154.5454545,0,0,0,0,0,0,,,,0,0
ATS,all_eligible,M2,0.88,-154.5454545,154.5454545,0,0,0,0,0,0,,,,0,0
ATS,all_eligible,M2,0.89,-154.5454545,154.5454545,0,0,0,0,0,0,,,,0,0
ATS,all_eligible,M2,0.9,-154.5454545,154.5454545,0,0,0,0,0,0,,,,0,0
ATS,all_eligible,M2,0.91,-154.5454545,154.5454545,0,0,0,0,0,0,,,,0,0
ATS,all_eligible,M2,0.92,-154.5454545,154.5454545,0,0,0,0,0,0,,,,0,0
ATS,all_eligible,M2,0.93,-154.5454545,154.5454545,0,0,0,0,0,0,,,,0,0
ATS,all_eligible,M2,0.94,-154.5454545,154.5454545,0,0,0,0,0,0,,,,0,0
ATS,all_eligible,M2,0.95,-154.5454545,154.5454545,0,0,0,0,0,0,,,,0,0
ATS,all_eligible,M2,0.96,-154.5454545,154.5454545,0,0,0,0,0,0,,,,0,0
ATS,all_eligible,M2,0.97,-154.5454545,154.5454545,0,0,0,0,0,0,,,,0,0
ATS,all_eligible,M2,0.98,-154.5454545,154.5454545,0,0,0,0,0,0,,,,0,0
ATS,all_eligible,M2,0.99,-154.5454545,154.5454545,0,0,0,0,0,0,,,,0,0
ATS,all_eligible,M2,1,-154.5454545,154.5454545,0,0,0,0,0,0,,,,0,0
ATS,all_eligible,M3,0,17.27272729,0,263,135,121,7,2630,17.27272729,0.006567576914,0.5382687834,0.52734375,0,0
ATS,all_eligible,M3,0.5,17.27272729,16.36363636,248,128,113,7,2480,33.63636365,0.01356304986,0.5409022404,0.531120332,0,0
ATS,all_eligible,M3,0.51,17.27272729,44.54545454,227,119,102,6,2270,61.81818183,0.02723267922,0.5442329538,0.5384615385,0,0
ATS,all_eligible,M3,0.52,17.27272729,14.54545454,186,97,85,4,1860,31.81818183,0.01710654937,0.5504328126,0.532967033,0,0
ATS,all_eligible,M3,0.53,17.27272729,74.54545454,138,75,59,4,1380,91.81818183,0.06653491437,0.5593252341,0.5597014925,0,0
ATS,all_eligible,M3,0.54,17.27272729,56.36363636,115,62,49,4,1150,73.63636364,0.06403162056,0.5639907809,0.5585585586,0,0
ATS,all_eligible,M3,0.55,17.27272729,23.63636363,82,43,35,4,820,40.90909091,0.04988913526,0.5716477111,0.5512820513,0,0
ATS,all_eligible,M3,0.56,17.27272729,39.09090908,47,26,18,3,470,56.36363637,0.1199226306,0.5827168282,0.5909090909,0,0
ATS,all_eligible,M3,0.57,17.27272729,56.36363635,30,18,9,3,300,73.63636364,0.2454545455,0.5926474993,0.6666666667,0,0
ATS,all_eligible,M3,0.58,17.27272729,30.9090909,23,13,7,3,230,48.18181818,0.209486166,0.5983046213,0.65,0,0
ATS,all_eligible,M3,0.59,17.27272729,-3.636363648,15,7,5,3,150,13.63636364,0.09090909091,0.604851752,0.5833333333,0,0
ATS,all_eligible,M3,0.6,17.27272729,-1.81818183,9,5,3,1,90,15.45454546,0.1717171717,0.6113606868,0.625,0,0
ATS,all_eligible,M3,0.61,17.27272729,-20.00000001,6,3,3,0,60,-2.727272727,-0.04545454545,0.6165019467,0.5,0,0
ATS,all_eligible,M3,0.62,17.27272729,-27.27272729,1,0,1,0,10,-10,-1,0.6253369272,0,0,0
ATS,all_eligible,M3,0.63,17.27272729,-17.27272729,0,0,0,0,0,0,,,,0,0
ATS,all_eligible,M3,0.64,17.27272729,-17.27272729,0,0,0,0,0,0,,,,0,0
ATS,all_eligible,M3,0.65,17.27272729,-17.27272729,0,0,0,0,0,0,,,,0,0
ATS,all_eligible,M3,0.66,17.27272729,-17.27272729,0,0,0,0,0,0,,,,0,0
ATS,all_eligible,M3,0.67,17.27272729,-17.27272729,0,0,0,0,0,0,,,,0,0
ATS,all_eligible,M3,0.68,17.27272729,-17.27272729,0,0,0,0,0,0,,,,0,0
ATS,all_eligible,M3,0.69,17.27272729,-17.27272729,0,0,0,0,0,0,,,,0,0
ATS,all_eligible,M3,0.7,17.27272729,-17.27272729,0,0,0,0,0,0,,,,0,0
ATS,all_eligible,M3,0.71,17.27272729,-17.27272729,0,0,0,0,0,0,,,,0,0
ATS,all_eligible,M3,0.72,17.27272729,-17.27272729,0,0,0,0,0,0,,,,0,0
ATS,all_eligible,M3,0.73,17.27272729,-17.27272729,0,0,0,0,0,0,,,,0,0
ATS,all_eligible,M3,0.74,17.27272729,-17.27272729,0,0,0,0,0,0,,,,0,0
ATS,all_eligible,M3,0.75,17.27272729,-17.27272729,0,0,0,0,0,0,,,,0,0
ATS,all_eligible,M3,0.76,17.27272729,-17.27272729,0,0,0,0,0,0,,,,0,0
ATS,all_eligible,M3,0.77,17.27272729,-17.27272729,0,0,0,0,0,0,,,,0,0
ATS,all_eligible,M3,0.78,17.27272729,-17.27272729,0,0,0,0,0,0,,,,0,0
ATS,all_eligible,M3,0.79,17.27272729,-17.27272729,0,0,0,0,0,0,,,,0,0
ATS,all_eligible,M3,0.8,17.27272729,-17.27272729,0,0,0,0,0,0,,,,0,0
ATS,all_eligible,M3,0.81,17.27272729,-17.27272729,0,0,0,0,0,0,,,,0,0
ATS,all_eligible,M3,0.82,17.27272729,-17.27272729,0,0,0,0,0,0,,,,0,0
ATS,all_eligible,M3,0.83,17.27272729,-17.27272729,0,0,0,0,0,0,,,,0,0
ATS,all_eligible,M3,0.84,17.27272729,-17.27272729,0,0,0,0,0,0,,,,0,0
ATS,all_eligible,M3,0.85,17.27272729,-17.27272729,0,0,0,0,0,0,,,,0,0
ATS,all_eligible,M3,0.86,17.27272729,-17.27272729,0,0,0,0,0,0,,,,0,0
ATS,all_eligible,M3,0.87,17.27272729,-17.27272729,0,0,0,0,0,0,,,,0,0
ATS,all_eligible,M3,0.88,17.27272729,-17.27272729,0,0,0,0,0,0,,,,0,0
ATS,all_eligible,M3,0.89,17.27272729,-17.27272729,0,0,0,0,0,0,,,,0,0
ATS,all_eligible,M3,0.9,17.27272729,-17.27272729,0,0,0,0,0,0,,,,0,0
ATS,all_eligible,M3,0.91,17.27272729,-17.27272729,0,0,0,0,0,0,,,,0,0
ATS,all_eligible,M3,0.92,17.27272729,-17.27272729,0,0,0,0,0,0,,,,0,0
ATS,all_eligible,M3,0.93,17.27272729,-17.27272729,0,0,0,0,0,0,,,,0,0
ATS,all_eligible,M3,0.94,17.27272729,-17.27272729,0,0,0,0,0,0,,,,0,0
ATS,all_eligible,M3,0.95,17.27272729,-17.27272729,0,0,0,0,0,0,,,,0,0
ATS,all_eligible,M3,0.96,17.27272729,-17.27272729,0,0,0,0,0,0,,,,0,0
ATS,all_eligible,M3,0.97,17.27272729,-17.27272729,0,0,0,0,0,0,,,,0,0
ATS,all_eligible,M3,0.98,17.27272729,-17.27272729,0,0,0,0,0,0,,,,0,0
ATS,all_eligible,M3,0.99,17.27272729,-17.27272729,0,0,0,0,0,0,,,,0,0
ATS,all_eligible,M3,1,17.27272729,-17.27272729,0,0,0,0,0,0,,,,0,0
ATS,all_eligible,M4,0,-59.09090908,0,263,131,125,7,2630,-59.09090908,-0.02246802627,0.539821467,0.51171875,0,0
ATS,all_eligible,M4,0.5,-59.09090908,26.36363636,247,124,116,7,2470,-32.72727272,-0.01324990798,0.542648348,0.5166666667,0,0
ATS,all_eligible,M4,0.51,-59.09090908,55.45454545,225,114,104,7,2250,-3.636363626,-0.001616161612,0.5463272437,0.5229357798,0,0
ATS,all_eligible,M4,0.52,-59.09090908,93.63636363,180,94,82,4,1800,34.54545455,0.0191919192,0.5541055206,0.5340909091,0,0
ATS,all_eligible,M4,0.53,-59.09090908,100.9090909,141,75,64,2,1410,41.81818183,0.02965828498,0.5622208204,0.5395683453,0,0
ATS,all_eligible,M4,0.54,-59.09090908,103.6363636,113,61,51,1,1130,44.54545455,0.03942075624,0.5687689335,0.5446428571,0,0
ATS,all_eligible,M4,0.55,-59.09090908,108.1818182,82,45,36,1,820,49.0909091,0.05986696231,0.577778143,0.5555555556,0,0
ATS,all_eligible,M4,0.56,-59.09090908,120,56,32,23,1,560,60.90909091,0.1087662338,0.5882027339,0.5818181818,0,0
ATS,all_eligible,M4,0.57,-59.09090908,122.7272727,50,29,20,1,500,63.63636364,0.1272727273,0.5910242588,0.5918367347,0,0
ATS,all_eligible,M4,0.58,-59.09090908,92.72727272,32,18,13,1,320,33.63636364,0.1051136364,0.6000393082,0.5806451613,0,0
ATS,all_eligible,M4,0.59,-59.09090908,22.72727272,17,7,10,0,170,-36.36363636,-0.2139037433,0.6131546958,0.4117647059,0,0
ATS,all_eligible,M4,0.6,-59.09090908,44.54545453,11,5,6,0,110,-14.54545454,-0.132231405,0.6244384546,0.4545454545,0,0
ATS,all_eligible,M4,0.61,-59.09090908,56.36363635,6,3,3,0,60,-2.727272727,-0.04545454545,0.6421832884,0.5,0,0
ATS,all_eligible,M4,0.62,-59.09090908,47.27272726,5,2,3,0,50,-11.81818182,-0.2363636364,0.648427673,0.4,0,0
ATS,all_eligible,M4,0.63,-59.09090908,47.27272726,5,2,3,0,50,-11.81818182,-0.2363636364,0.648427673,0.4,0,0
ATS,all_eligible,M4,0.64,-59.09090908,57.27272726,4,2,2,0,40,-1.818181818,-0.04545454545,0.6528526505,0.5,0,0
ATS,all_eligible,M4,0.65,-59.09090908,49.09090908,1,0,1,0,10,-10,-1,0.6684636119,0,0,0
ATS,all_eligible,M4,0.66,-59.09090908,49.09090908,1,0,1,0,10,-10,-1,0.6684636119,0,0,0
ATS,all_eligible,M4,0.67,-59.09090908,59.09090908,0,0,0,0,0,0,,,,0,0
ATS,all_eligible,M4,0.68,-59.09090908,59.09090908,0,0,0,0,0,0,,,,0,0
ATS,all_eligible,M4,0.69,-59.09090908,59.09090908,0,0,0,0,0,0,,,,0,0
ATS,all_eligible,M4,0.7,-59.09090908,59.09090908,0,0,0,0,0,0,,,,0,0
ATS,all_eligible,M4,0.71,-59.09090908,59.09090908,0,0,0,0,0,0,,,,0,0
ATS,all_eligible,M4,0.72,-59.09090908,59.09090908,0,0,0,0,0,0,,,,0,0
ATS,all_eligible,M4,0.73,-59.09090908,59.09090908,0,0,0,0,0,0,,,,0,0
ATS,all_eligible,M4,0.74,-59.09090908,59.09090908,0,0,0,0,0,0,,,,0,0
ATS,all_eligible,M4,0.75,-59.09090908,59.09090908,0,0,0,0,0,0,,,,0,0
ATS,all_eligible,M4,0.76,-59.09090908,59.09090908,0,0,0,0,0,0,,,,0,0
ATS,all_eligible,M4,0.77,-59.09090908,59.09090908,0,0,0,0,0,0,,,,0,0
ATS,all_eligible,M4,0.78,-59.09090908,59.09090908,0,0,0,0,0,0,,,,0,0
ATS,all_eligible,M4,0.79,-59.09090908,59.09090908,0,0,0,0,0,0,,,,0,0
ATS,all_eligible,M4,0.8,-59.09090908,59.09090908,0,0,0,0,0,0,,,,0,0
ATS,all_eligible,M4,0.81,-59.09090908,59.09090908,0,0,0,0,0,0,,,,0,0
ATS,all_eligible,M4,0.82,-59.09090908,59.09090908,0,0,0,0,0,0,,,,0,0
ATS,all_eligible,M4,0.83,-59.09090908,59.09090908,0,0,0,0,0,0,,,,0,0
ATS,all_eligible,M4,0.84,-59.09090908,59.09090908,0,0,0,0,0,0,,,,0,0
ATS,all_eligible,M4,0.85,-59.09090908,59.09090908,0,0,0,0,0,0,,,,0,0
ATS,all_eligible,M4,0.86,-59.09090908,59.09090908,0,0,0,0,0,0,,,,0,0
ATS,all_eligible,M4,0.87,-59.09090908,59.09090908,0,0,0,0,0,0,,,,0,0
ATS,all_eligible,M4,0.88,-59.09090908,59.09090908,0,0,0,0,0,0,,,,0,0
ATS,all_eligible,M4,0.89,-59.09090908,59.09090908,0,0,0,0,0,0,,,,0,0
ATS,all_eligible,M4,0.9,-59.09090908,59.09090908,0,0,0,0,0,0,,,,0,0
ATS,all_eligible,M4,0.91,-59.09090908,59.09090908,0,0,0,0,0,0,,,,0,0
ATS,all_eligible,M4,0.92,-59.09090908,59.09090908,0,0,0,0,0,0,,,,0,0
ATS,all_eligible,M4,0.93,-59.09090908,59.09090908,0,0,0,0,0,0,,,,0,0
ATS,all_eligible,M4,0.94,-59.09090908,59.09090908,0,0,0,0,0,0,,,,0,0
ATS,all_eligible,M4,0.95,-59.09090908,59.09090908,0,0,0,0,0,0,,,,0,0
ATS,all_eligible,M4,0.96,-59.09090908,59.09090908,0,0,0,0,0,0,,,,0,0
ATS,all_eligible,M4,0.97,-59.09090908,59.09090908,0,0,0,0,0,0,,,,0,0
ATS,all_eligible,M4,0.98,-59.09090908,59.09090908,0,0,0,0,0,0,,,,0,0
ATS,all_eligible,M4,0.99,-59.09090908,59.09090908,0,0,0,0,0,0,,,,0,0
ATS,all_eligible,M4,1,-59.09090908,59.09090908,0,0,0,0,0,0,,,,0,0
ATS,all_eligible,M5,0,-307.2727273,0,263,118,138,7,2630,-307.2727273,-0.1168337366,0.5799418555,0.4609375,0,0
ATS,all_eligible,M5,0.5,-307.2727273,22.72727273,255,115,133,7,2550,-284.5454545,-0.1115864528,0.5827369942,0.4637096774,0,0
ATS,all_eligible,M5,0.51,-307.2727273,67.27272727,240,110,124,6,2400,-240,-0.1,0.5876684636,0.4700854701,0,0
ATS,all_eligible,M5,0.52,-307.2727273,131.8181818,224,105,113,6,2240,-175.4545454,-0.07832792207,0.5927873508,0.4816513761,0,0
ATS,all_eligible,M5,0.53,-307.2727273,124.5454545,219,102,111,6,2190,-182.7272727,-0.08343711083,0.5943703923,0.4788732394,0,0
ATS,all_eligible,M5,0.54,-307.2727273,131.8181818,202,94,103,5,2020,-175.4545454,-0.08685868586,0.5994057627,0.4771573604,0,0
ATS,all_eligible,M5,0.55,-307.2727273,157.2727273,188,88,95,5,1880,-150,-0.07978723404,0.6036564967,0.4808743169,0,0
ATS,all_eligible,M5,0.56,-307.2727273,156.3636364,169,78,86,5,1690,-150.9090909,-0.08929532006,0.6090953072,0.4756097561,0,0
ATS,all_eligible,M5,0.57,-307.2727273,129.0909091,145,64,76,5,1450,-178.1818182,-0.1228840125,0.6164265576,0.4571428571,0,0
ATS,all_eligible,M5,0.58,-307.2727273,150.9090909,117,51,62,4,1170,-156.3636364,-0.1336441336,0.6264504189,0.4513274336,0,0
ATS,all_eligible,M5,0.59,-307.2727273,217.2727273,94,44,49,1,940,-90,-0.09574468085,0.6363766703,0.4731182796,0,0
ATS,all_eligible,M5,0.6,-307.2727273,151.8181818,70,28,41,1,700,-155.4545455,-0.2220779221,0.6506610191,0.4057971014,0,0
ATS,all_eligible,M5,0.61,-307.2727273,166.3636364,58,23,35,0,580,-140.9090909,-0.2429467085,0.6601527403,0.3965517241,0,0
ATS,all_eligible,M5,0.62,-307.2727273,198.1818182,51,21,30,0,510,-109.0909091,-0.2139037433,0.6663759844,0.4117647059,0,0
ATS,all_eligible,M5,0.63,-307.2727273,164.5454545,41,14,27,0,410,-142.7272727,-0.3481152993,0.6762321127,0.3414634146,0,0
ATS,all_eligible,M5,0.64,-307.2727273,185.4545454,37,13,24,0,370,-121.8181818,-0.3292383292,0.6806779826,0.3513513514,0,0
ATS,all_eligible,M5,0.65,-307.2727273,178.1818182,32,10,22,0,320,-129.0909091,-0.4034090909,0.6861803684,0.3125,0,0
ATS,all_eligible,M5,0.66,-307.2727273,239.0909091,24,9,15,0,240,-68.18181818,-0.2840909091,0.6961665169,0.375,0,0
ATS,all_eligible,M5,0.67,-307.2727273,269.0909091,21,9,12,0,210,-38.18181818,-0.1818181818,0.7007658409,0.4285714286,0,0
ATS,all_eligible,M5,0.68,-307.2727273,299.0909091,18,9,9,0,180,-8.181818181,-0.04545454545,0.7052261156,0.5,0,0
ATS,all_eligible,M5,0.69,-307.2727273,290.9090909,15,7,8,0,150,-16.36363636,-0.1090909091,0.7094639114,0.4666666667,0,0
ATS,all_eligible,M5,0.7,-307.2727273,342.7272727,6,5,1,0,60,35.45454546,0.5909090909,0.7334531297,0.8333333333,0,0
ATS,all_eligible,M5,0.71,-307.2727273,324.5454545,4,3,1,0,40,17.27272727,0.4318181818,0.7477538185,0.75,0,0
ATS,all_eligible,M5,0.72,-307.2727273,324.5454545,4,3,1,0,40,17.27272727,0.4318181818,0.7477538185,0.75,0,0
ATS,all_eligible,M5,0.73,-307.2727273,315.4545454,3,2,1,0,30,8.181818182,0.2727272727,0.7548667266,0.6666666667,0,0
ATS,all_eligible,M5,0.74,-307.2727273,316.3636364,1,1,0,0,10,9.090909091,0.9090909091,0.7893081761,1,0,0
ATS,all_eligible,M5,0.75,-307.2727273,316.3636364,1,1,0,0,10,9.090909091,0.9090909091,0.7893081761,1,0,0
ATS,all_eligible,M5,0.76,-307.2727273,316.3636364,1,1,0,0,10,9.090909091,0.9090909091,0.7893081761,1,0,0
ATS,all_eligible,M5,0.77,-307.2727273,316.3636364,1,1,0,0,10,9.090909091,0.9090909091,0.7893081761,1,0,0
ATS,all_eligible,M5,0.78,-307.2727273,316.3636364,1,1,0,0,10,9.090909091,0.9090909091,0.7893081761,1,0,0
ATS,all_eligible,M5,0.79,-307.2727273,307.2727273,0,0,0,0,0,0,,,,0,0
ATS,all_eligible,M5,0.8,-307.2727273,307.2727273,0,0,0,0,0,0,,,,0,0
ATS,all_eligible,M5,0.81,-307.2727273,307.2727273,0,0,0,0,0,0,,,,0,0
ATS,all_eligible,M5,0.82,-307.2727273,307.2727273,0,0,0,0,0,0,,,,0,0
ATS,all_eligible,M5,0.83,-307.2727273,307.2727273,0,0,0,0,0,0,,,,0,0
ATS,all_eligible,M5,0.84,-307.2727273,307.2727273,0,0,0,0,0,0,,,,0,0
ATS,all_eligible,M5,0.85,-307.2727273,307.2727273,0,0,0,0,0,0,,,,0,0
ATS,all_eligible,M5,0.86,-307.2727273,307.2727273,0,0,0,0,0,0,,,,0,0
ATS,all_eligible,M5,0.87,-307.2727273,307.2727273,0,0,0,0,0,0,,,,0,0
ATS,all_eligible,M5,0.88,-307.2727273,307.2727273,0,0,0,0,0,0,,,,0,0
ATS,all_eligible,M5,0.89,-307.2727273,307.2727273,0,0,0,0,0,0,,,,0,0
ATS,all_eligible,M5,0.9,-307.2727273,307.2727273,0,0,0,0,0,0,,,,0,0
ATS,all_eligible,M5,0.91,-307.2727273,307.2727273,0,0,0,0,0,0,,,,0,0
ATS,all_eligible,M5,0.92,-307.2727273,307.2727273,0,0,0,0,0,0,,,,0,0
ATS,all_eligible,M5,0.93,-307.2727273,307.2727273,0,0,0,0,0,0,,,,0,0
ATS,all_eligible,M5,0.94,-307.2727273,307.2727273,0,0,0,0,0,0,,,,0,0
ATS,all_eligible,M5,0.95,-307.2727273,307.2727273,0,0,0,0,0,0,,,,0,0
ATS,all_eligible,M5,0.96,-307.2727273,307.2727273,0,0,0,0,0,0,,,,0,0
ATS,all_eligible,M5,0.97,-307.2727273,307.2727273,0,0,0,0,0,0,,,,0,0
ATS,all_eligible,M5,0.98,-307.2727273,307.2727273,0,0,0,0,0,0,,,,0,0
ATS,all_eligible,M5,0.99,-307.2727273,307.2727273,0,0,0,0,0,0,,,,0,0
ATS,all_eligible,M5,1,-307.2727273,307.2727273,0,0,0,0,0,0,,,,0,0
moneyline,quoted_odds,F19 equal consensus,0,86.77053534,0,250,200,50,0,2500,86.77053534,0.03470821413,0.7552050031,0.8,56,194
moneyline,quoted_odds,F19 equal consensus,0.5,86.77053534,0,250,200,50,0,2500,86.77053534,0.03470821413,0.7552050031,0.8,56,194
moneyline,quoted_odds,F19 equal consensus,0.51,86.77053534,-38.0637486,246,196,50,0,2460,48.70678674,0.0197995068,0.7592925846,0.7967479675,56,190
moneyline,quoted_odds,F19 equal consensus,0.52,86.77053534,-35.10600212,244,195,49,0,2440,51.66453322,0.02117398902,0.7612713382,0.7991803279,55,189
moneyline,quoted_odds,F19 equal consensus,0.53,86.77053534,-39.13164314,239,192,47,0,2390,47.63889219,0.01993259088,0.7661582313,0.8033472803,54,185
moneyline,quoted_odds,F19 equal consensus,0.54,86.77053534,-35.61220942,233,189,44,0,2330,51.15832591,0.02195636305,0.7721289705,0.8111587983,51,182
moneyline,quoted_odds,F19 equal consensus,0.55,86.77053534,-37.16353743,228,186,42,0,2280,49.60699791,0.02175745522,0.7770950886,0.8157894737,51,177
moneyline,quoted_odds,F19 equal consensus,0.56,86.77053534,-27.42808769,222,183,39,0,2220,59.34244765,0.02673083227,0.7830473491,0.8243243243,48,174
moneyline,quoted_odds,F19 equal consensus,0.57,86.77053534,-14.09475436,219,182,37,0,2190,72.67578098,0.03318528812,0.7860211981,0.8310502283,47,172
moneyline,quoted_odds,F19 equal consensus,0.58,86.77053534,-8.929919192,215,180,35,0,2150,77.84061614,0.03620493774,0.7899357742,0.8372093023,46,169
moneyline,quoted_odds,F19 equal consensus,0.59,86.77053534,0.927369289,211,178,33,0,2110,87.69790463,0.04156298797,0.7938356487,0.8436018957,45,166
moneyline,quoted_odds,F19 equal consensus,0.6,86.77053534,-17.28928702,206,174,32,0,2060,69.48124832,0.03372876132,0.7986504003,0.8446601942,44,162
moneyline,quoted_odds,F19 equal consensus,0.61,86.77053534,-47.86077806,201,169,32,0,2010,38.90975728,0.0193580882,0.8034930187,0.8407960199,43,158
moneyline,quoted_odds,F19 equal consensus,0.62,86.77053534,-36.98046918,195,166,29,0,1950,49.79006616,0.02553336726,0.8093573667,0.8512820513,43,152
moneyline,quoted_odds,F19 equal consensus,0.63,86.77053534,-9.737008412,189,164,25,0,1890,77.03352692,0.04075847985,0.8152433279,0.8677248677,43,146
moneyline,quoted_odds,F19 equal consensus,0.64,86.77053534,-28.03234449,181,158,23,0,1810,58.73819084,0.03245203914,0.8232540914,0.8729281768,40,141
moneyline,quoted_odds,F19 equal consensus,0.65,86.77053534,-28.59704249,174,153,21,0,1740,58.17349285,0.03343304187,0.8303753025,0.8793103448,36,138
moneyline,quoted_odds,F19 equal consensus,0.66,86.77053534,-34.26128628,170,150,20,0,1700,52.50924906,0.03088779356,0.8345085676,0.8823529412,35,135
moneyline,quoted_odds,F19 equal consensus,0.67,86.77053534,-38.31606987,163,145,18,0,1630,48.45446546,0.02972666593,0.8418545011,0.8895705521,33,130
moneyline,quoted_odds,F19 equal consensus,0.68,86.77053534,-31.51453209,158,142,16,0,1580,55.25600325,0.03497215395,0.8471030927,0.8987341772,31,127
moneyline,quoted_odds,F19 equal consensus,0.69,86.77053534,-10.91286323,153,140,13,0,1530,75.85767211,0.04958017785,0.8525064377,0.9150326797,30,123
moneyline,quoted_odds,F19 equal consensus,0.7,86.77053534,-22.73417639,150,137,13,0,1500,64.03635894,0.04269090596,0.8556638569,0.9133333333,29,121
moneyline,quoted_odds,F19 equal consensus,0.71,86.77053534,-16.61014538,148,136,12,0,1480,70.16038995,0.04740566889,0.8577206171,0.9189189189,29,119
moneyline,quoted_odds,F19 equal consensus,0.72,86.77053534,-14.75829353,145,134,11,0,1450,72.0122418,0.04966361504,0.860653581,0.924137931,28,117
moneyline,quoted_odds,F19 equal consensus,0.73,86.77053534,-22.17498864,139,129,10,0,1390,64.5955467,0.04647161633,0.8663923301,0.928057554,28,111
moneyline,quoted_odds,F19 equal consensus,0.74,86.77053534,-18.31771673,136,127,9,0,1360,68.4528186,0.05033295485,0.8692594577,0.9338235294,28,108
moneyline,quoted_odds,F19 equal consensus,0.75,86.77053534,-21.88848594,130,122,8,0,1300,64.8820494,0.04990926877,0.8749166809,0.9384615385,23,107
moneyline,quoted_odds,F19 equal consensus,0.76,86.77053534,-37.02008232,120,113,7,0,1200,49.75045301,0.04145871085,0.8850012204,0.9416666667,20,100
moneyline,quoted_odds,F19 equal consensus,0.77,86.77053534,-49.20304638,115,108,7,0,1150,37.56748896,0.0326673817,0.8903142434,0.9391304348,18,97
moneyline,quoted_odds,F19 equal consensus,0.78,86.77053534,-44.37432438,112,106,6,0,1120,42.39621096,0.03785375978,0.8934790707,0.9464285714,18,94
moneyline,quoted_odds,F19 equal consensus,0.79,86.77053534,-38.39030839,109,104,5,0,1090,48.38022694,0.04438552931,0.8965268431,0.9541284404,17,92
moneyline,quoted_odds,F19 equal consensus,0.8,86.77053534,-51.80765933,103,98,5,0,1030,34.96287601,0.03394453981,0.9024834559,0.9514563107,16,87
moneyline,quoted_odds,F19 equal consensus,0.81,86.77053534,-51.40534055,97,93,4,0,970,35.36519479,0.0364589637,0.9085120675,0.9587628866,13,84
moneyline,quoted_odds,F19 equal consensus,0.82,86.77053534,-66.64283754,90,86,4,0,900,20.1276978,0.02236410866,0.9158546491,0.9555555556,12,78
moneyline,quoted_odds,F19 equal consensus,0.83,86.77053534,-58.24283754,88,85,3,0,880,28.5276978,0.03241783841,0.9178828652,0.9659090909,11,77
moneyline,quoted_odds,F19 equal consensus,0.84,86.77053534,-63.72109841,85,82,3,0,850,23.04943693,0.02711698462,0.9208576768,0.9647058824,9,76
moneyline,quoted_odds,F19 equal consensus,0.85,86.77053534,-66.85955995,83,80,3,0,830,19.91097539,0.02398912698,0.9227184257,0.9638554217,9,74
moneyline,quoted_odds,F19 equal consensus,0.86,86.77053534,-73.61019257,79,76,3,0,790,13.16034277,0.01665866173,0.9263475451,0.9620253165,9,70
moneyline,quoted_odds,F19 equal consensus,0.87,86.77053534,-81.64758846,73,70,3,0,730,5.122946875,0.007017735446,0.9314590017,0.9589041096,8,65
moneyline,quoted_odds,F19 equal consensus,0.88,86.77053534,-73.27096508,70,68,2,0,700,13.49957025,0.01928510036,0.9338995214,0.9714285714,7,63
moneyline,quoted_odds,F19 equal consensus,0.89,86.77053534,-78.27305364,65,63,2,0,650,8.497481697,0.01307304877,0.9376368963,0.9692307692,6,59
moneyline,quoted_odds,F19 equal consensus,0.9,86.77053534,-84.99466536,57,55,2,0,570,1.775869976,0.003115561361,0.9434928424,0.9649122807,5,52
moneyline,quoted_odds,F19 equal consensus,0.91,86.77053534,-88.18995156,53,51,2,0,530,-1.419416219,-0.00267814381,0.9464583931,0.9622641509,5,48
moneyline,quoted_odds,F19 equal consensus,0.92,86.77053534,-91.84368208,47,45,2,0,470,-5.073146748,-0.01079392925,0.950396246,0.9574468085,3,44
moneyline,quoted_odds,F19 equal consensus,0.93,86.77053534,-86.83790075,38,37,1,0,380,-0.0673654125,-0.0001772774013,0.9563079127,0.9736842105,3,35
moneyline,quoted_odds,F19 equal consensus,0.94,86.77053534,-90.53411287,29,28,1,0,290,-3.763577534,-0.01297785356,0.9621329916,0.9655172414,3,26
moneyline,quoted_odds,F19 equal consensus,0.95,86.77053534,-92.78312081,23,22,1,0,230,-6.01258547,-0.02614167596,0.9670171895,0.9565217391,2,21
moneyline,quoted_odds,F19 equal consensus,0.96,86.77053534,-93.85117636,18,17,1,0,180,-7.080641026,-0.03933689459,0.9701589958,0.9444444444,2,16
moneyline,quoted_odds,F19 equal consensus,0.97,86.77053534,-85.89946696,8,8,0,0,80,0.871068376,0.0108883547,0.977630127,1,1,7
moneyline,quoted_odds,F19 equal consensus,0.98,86.77053534,-86.54668918,3,3,0,0,30,0.2238461538,0.00746153846,0.9829755232,1,0,3
moneyline,quoted_odds,F19 equal consensus,0.99,86.77053534,-86.77053534,0,0,0,0,0,0,,,,0,0
moneyline,quoted_odds,F19 equal consensus,1,86.77053534,-86.77053534,0,0,0,0,0,0,,,,0,0
moneyline,quoted_odds,M1,0,89.77962625,0,250,200,50,0,2500,89.77962625,0.0359118505,0.7573201326,0.8,56,194
moneyline,quoted_odds,M1,0.5,89.77962625,0,250,200,50,0,2500,89.77962625,0.0359118505,0.7573201326,0.8,56,194
moneyline,quoted_odds,M1,0.51,89.77962625,23.82716049,246,199,47,0,2460,113.6067867,0.04618162063,0.7613946932,0.8089430894,55,191
moneyline,quoted_odds,M1,0.52,89.77962625,13.87554759,241,196,45,0,2410,103.6551738,0.04301044558,0.7665058922,0.8132780083,54,187
moneyline,quoted_odds,M1,0.53,89.77962625,-13.4167601,236,192,44,0,2360,76.36286614,0.03235714667,0.7716218552,0.813559322,53,183
moneyline,quoted_odds,M1,0.54,89.77962625,-23.60373024,230,188,42,0,2300,66.175896,0.0287721287,0.7778164867,0.8173913043,52,178
moneyline,quoted_odds,M1,0.55,89.77962625,-25.08743793,227,186,41,0,2270,64.69218831,0.02849876137,0.7809126344,0.8193832599,51,176
moneyline,quoted_odds,M1,0.56,89.77962625,-15.08743793,226,186,40,0,2260,74.69218831,0.03304964085,0.7819096385,0.8230088496,50,176
moneyline,quoted_odds,M1,0.57,89.77962625,-21.20913105,218,181,37,0,2180,68.57049519,0.03145435559,0.7898705799,0.8302752294,49,169
moneyline,quoted_odds,M1,0.58,89.77962625,-21.20913105,218,181,37,0,2180,68.57049519,0.03145435559,0.7898705799,0.8302752294,49,169
moneyline,quoted_odds,M1,0.59,89.77962625,-17.66074396,216,180,36,0,2160,72.11888229,0.03338837143,0.7917850803,0.8333333333,49,167
moneyline,quoted_odds,M1,0.6,89.77962625,-25.39593559,212,177,35,0,2120,64.38369065,0.0303696654,0.7954771958,0.8349056604,48,164
moneyline,quoted_odds,M1,0.61,89.77962625,-11.43688337,204,173,31,0,2040,78.34274287,0.03840330533,0.8029119274,0.8480392157,46,158
moneyline,quoted_odds,M1,0.62,89.77962625,-20.48630535,200,170,30,0,2000,69.29332089,0.03464666045,0.8066831455,0.85,44,156
moneyline,quoted_odds,M1,0.63,89.77962625,-30.69431556,193,165,28,0,1930,59.08531069,0.03061415061,0.8133493006,0.8549222798,42,151
moneyline,quoted_odds,M1,0.64,89.77962625,-30.38066858,188,162,26,0,1880,59.39895767,0.03159519025,0.8180876507,0.8617021277,41,147
moneyline,quoted_odds,M1,0.65,89.77962625,-25.61062679,178,156,22,0,1780,64.16899946,0.03604999969,0.8278340642,0.8764044944,38,140
moneyline,quoted_odds,M1,0.66,89.77962625,-25.14425761,172,152,20,0,1720,64.63536864,0.0375787027,0.8338626197,0.8837209302,37,135
moneyline,quoted_odds,M1,0.67,89.77962625,-27.06455991,169,150,19,0,1690,62.71506634,0.03710950671,0.8368681576,0.8875739645,37,132
moneyline,quoted_odds,M1,0.68,89.77962625,-23.88292845,163,146,17,0,1630,65.89669779,0.04042742196,0.842805903,0.8957055215,35,128
moneyline,quoted_odds,M1,0.69,89.77962625,-15.64039746,151,138,13,0,1510,74.13922878,0.04909882701,0.8553375367,0.9139072848,30,121
moneyline,quoted_odds,M1,0.7,89.77962625,-33.28330412,147,134,13,0,1470,56.49632212,0.03843287219,0.8597111548,0.9115646259,29,118
moneyline,quoted_odds,M1,0.71,89.77962625,-39.39441524,145,132,13,0,1450,50.38521101,0.03474842139,0.8618673542,0.9103448276,28,117
moneyline,quoted_odds,M1,0.72,89.77962625,-27.5120247,141,130,11,0,1410,62.26760155,0.04416141954,0.8660831997,0.9219858156,28,113
moneyline,quoted_odds,M1,0.73,89.77962625,-39.31958363,138,127,11,0,1380,50.46004261,0.03656524827,0.8691975579,0.9202898551,28,110
moneyline,quoted_odds,M1,0.74,89.77962625,-38.35756899,134,124,10,0,1340,51.42205726,0.0383746696,0.8731810538,0.9253731343,27,107
moneyline,quoted_odds,M1,0.75,89.77962625,-40.13212688,129,120,9,0,1290,49.64749936,0.03848643362,0.8781118054,0.9302325581,25,104
moneyline,quoted_odds,M1,0.76,89.77962625,-52.48438183,125,116,9,0,1250,37.29524442,0.02983619554,0.8820678676,0.928,22,103
moneyline,quoted_odds,M1,0.77,89.77962625,-36.74158803,121,114,7,0,1210,53.03803821,0.04383308943,0.8860103699,0.9421487603,21,100
moneyline,quoted_odds,M1,0.78,89.77962625,-31.54506225,113,108,5,0,1130,58.234564,0.05153501239,0.8939766459,0.9557522124,18,95
moneyline,quoted_odds,M1,0.79,89.77962625,-46.72682398,107,102,5,0,1070,43.05280226,0.0402362638,0.9000783413,0.953271028,17,90
moneyline,quoted_odds,M1,0.8,89.77962625,-35.17474674,101,98,3,0,1010,54.6048795,0.05406423713,0.9062473324,0.9702970297,15,86
moneyline,quoted_odds,M1,0.81,89.77962625,-47.07163228,95,92,3,0,950,42.70799397,0.04495578312,0.9125928856,0.9684210526,14,81
moneyline,quoted_odds,M1,0.82,89.77962625,-55.33425854,91,88,3,0,910,34.44536771,0.03785205242,0.9169409479,0.967032967,12,79
moneyline,quoted_odds,M1,0.83,89.77962625,-57.53206074,90,87,3,0,900,32.24756551,0.03583062834,0.9180139357,0.9666666667,12,78
moneyline,quoted_odds,M1,0.84,89.77962625,-61.39105888,88,85,3,0,880,28.38856736,0.03225973564,0.9199248788,0.9659090909,11,77
moneyline,quoted_odds,M1,0.85,89.77962625,-63.982152,86,83,3,0,860,25.79747425,0.02999706308,0.9215967352,0.9651162791,11,75
moneyline,quoted_odds,M1,0.86,89.77962625,-62.78247406,80,78,2,0,800,26.99715218,0.03374644023,0.9267390276,0.975,10,70
moneyline,quoted_odds,M1,0.87,89.77962625,-67.20894465,77,75,2,0,770,22.5706816,0.0293125735,0.9291450641,0.974025974,9,68
moneyline,quoted_odds,M1,0.88,89.77962625,-72.94289491,72,70,2,0,720,16.83673134,0.02338434908,0.9327439312,0.9722222222,6,66
moneyline,quoted_odds,M1,0.89,89.77962625,-78.9317838,66,64,2,0,660,10.84784245,0.01643612492,0.9372828966,0.9696969697,6,60
moneyline,quoted_odds,M1,0.9,89.77962625,-83.66309693,62,60,2,0,620,6.116529317,0.009865369866,0.9400677185,0.9677419355,6,56
moneyline,quoted_odds,M1,0.91,89.77962625,-88.4627001,56,54,2,0,560,1.316926142,0.002351653825,0.943999412,0.9642857143,4,52
moneyline,quoted_odds,M1,0.92,89.77962625,-92.39018003,50,48,2,0,500,-2.610553785,-0.005221107571,0.9476106385,0.96,4,46
moneyline,quoted_odds,M1,0.93,89.77962625,-98.02615832,38,36,2,0,380,-8.246532079,-0.02170140021,0.9546848387,0.9473684211,3,35
moneyline,quoted_odds,M1,0.94,89.77962625,-104.202926,28,26,2,0,280,-14.42329976,-0.05151178484,0.9610274551,0.9285714286,3,25
moneyline,quoted_odds,M1,0.95,89.77962625,-95.79221172,23,22,1,0,230,-6.01258547,-0.02614167596,0.9647437822,0.9565217391,2,21
moneyline,quoted_odds,M1,0.96,89.77962625,-98.38633565,12,11,1,0,120,-8.606709402,-0.07172257835,0.9725614159,0.9166666667,1,11
moneyline,quoted_odds,M1,0.97,89.77962625,-89.11966898,6,6,0,0,60,0.6599572649,0.01099928775,0.9780280069,1,1,5
moneyline,quoted_odds,M1,0.98,89.77962625,-89.60578009,2,2,0,0,20,0.1738461538,0.00869230769,0.9819265578,1,0,2
moneyline,quoted_odds,M1,0.99,89.77962625,-89.77962625,0,0,0,0,0,0,,,,0,0
moneyline,quoted_odds,M1,1,89.77962625,-89.77962625,0,0,0,0,0,0,,,,0,0
moneyline,quoted_odds,M10,0,185.3571258,0,250,202,48,0,2500,185.3571258,0.07414285032,0.7447591493,0.808,56,194
moneyline,quoted_odds,M10,0.5,185.3571258,0,250,202,48,0,2500,185.3571258,0.07414285032,0.7447591493,0.808,56,194
moneyline,quoted_odds,M10,0.51,185.3571258,-52.9018583,241,196,45,0,2410,132.4552675,0.05496069191,0.7537934757,0.8132780083,55,186
moneyline,quoted_odds,M10,0.52,185.3571258,-107.5867274,235,190,45,0,2350,77.77039845,0.03309378657,0.759842329,0.8085106383,52,183
moneyline,quoted_odds,M10,0.53,185.3571258,-93.43117181,230,188,42,0,2300,91.925954,0.03996780609,0.7649888579,0.8173913043,52,178
moneyline,quoted_odds,M10,0.54,185.3571258,-60.57402895,225,187,38,0,2250,124.7830969,0.05545915416,0.7700661862,0.8311111111,50,175
moneyline,quoted_odds,M10,0.55,185.3571258,-63.34438542,220,184,36,0,2200,122.0127404,0.05546033654,0.7751154541,0.8363636364,49,171
moneyline,quoted_odds,M10,0.56,185.3571258,-48.39489047,217,183,34,0,2170,136.9622353,0.06311623748,0.7781357999,0.8433179724,49,168
moneyline,quoted_odds,M10,0.57,185.3571258,-44.56772998,215,182,33,0,2150,140.7893958,0.06548343992,0.7801030492,0.8465116279,48,167
moneyline,quoted_odds,M10,0.58,185.3571258,-57.47648574,209,178,31,0,2090,127.8806401,0.06118690913,0.7860221727,0.8516746411,46,163
moneyline,quoted_odds,M10,0.59,185.3571258,-65.32091554,205,175,30,0,2050,120.0362103,0.05855424892,0.789969039,0.8536585366,45,160
moneyline,quoted_odds,M10,0.6,185.3571258,-111.1879991,199,169,30,0,1990,74.16912673,0.03727091796,0.7958255401,0.8492462312,43,156
moneyline,quoted_odds,M10,0.61,185.3571258,-125.3319197,197,167,30,0,1970,60.02520614,0.03046964778,0.7977524232,0.847715736,42,155
moneyline,quoted_odds,M10,0.62,185.3571258,-112.1339582,191,164,27,0,1910,73.22316759,0.03833673696,0.8035049448,0.8586387435,41,150
moneyline,quoted_odds,M10,0.63,185.3571258,-112.7262927,188,162,26,0,1880,72.6308331,0.03863342186,0.8063312691,0.8617021277,41,147
moneyline,quoted_odds,M10,0.64,185.3571258,-127.3132145,179,155,24,0,1790,58.04391127,0.03242676607,0.8149178021,0.8659217877,39,140
moneyline,quoted_odds,M10,0.65,185.3571258,-119.1779764,171,150,21,0,1710,66.17914938,0.03870125695,0.8228191869,0.8771929825,35,136
moneyline,quoted_odds,M10,0.66,185.3571258,-125.7827239,166,146,20,0,1660,59.57440192,0.03588819393,0.8278286181,0.8795180723,33,133
moneyline,quoted_odds,M10,0.67,185.3571258,-143.9083061,160,141,19,0,1600,41.44881972,0.02590551232,0.8339206564,0.88125,33,127
moneyline,quoted_odds,M10,0.68,185.3571258,-154.3473305,158,139,19,0,1580,31.00979533,0.01962645274,0.8359313578,0.8797468354,32,126
moneyline,quoted_odds,M10,0.69,185.3571258,-162.683205,152,134,18,0,1520,22.67392086,0.0149170532,0.8418114494,0.8815789474,31,121
moneyline,quoted_odds,M10,0.7,185.3571258,-149.9424978,144,129,15,0,1440,35.41462806,0.02459349171,0.8499723336,0.8958333333,28,116
moneyline,quoted_odds,M10,0.71,185.3571258,-147.4378595,140,126,14,0,1400,37.91926628,0.0270851902,0.8541464679,0.9,27,113
moneyline,quoted_odds,M10,0.72,185.3571258,-161.8016723,137,123,14,0,1370,23.55545348,0.01719376166,0.8572173179,0.897810219,26,111
moneyline,quoted_odds,M10,0.73,185.3571258,-167.6621077,132,119,13,0,1320,17.69501814,0.01340531677,0.862196025,0.9015151515,24,108
moneyline,quoted_odds,M10,0.74,185.3571258,-176.9494919,124,112,12,0,1240,8.407633881,0.006780349904,0.8704037957,0.9032258065,22,102
moneyline,quoted_odds,M10,0.75,185.3571258,-171.5810709,121,110,11,0,1210,13.77605493,0.01138516937,0.8735559815,0.9090909091,21,100
moneyline,quoted_odds,M10,0.76,185.3571258,-174.6399645,116,106,10,0,1160,10.71716135,0.009238932199,0.8785910676,0.9137931034,20,96
moneyline,quoted_odds,M10,0.77,185.3571258,-158.8590121,111,103,8,0,1110,26.49811373,0.02387217453,0.8836649172,0.9279279279,18,93
moneyline,quoted_odds,M10,0.78,185.3571258,-163.4264253,105,98,7,0,1050,21.93070047,0.0208863814,0.8897939642,0.9333333333,16,89
moneyline,quoted_odds,M10,0.79,185.3571258,-167.2402392,103,96,7,0,1030,18.11688665,0.01758921034,0.8918897032,0.932038835,16,87
moneyline,quoted_odds,M10,0.8,185.3571258,-156.3996799,96,91,5,0,960,28.9574459,0.03016400615,0.8989563306,0.9479166667,14,82
moneyline,quoted_odds,M10,0.81,185.3571258,-163.0116959,91,86,5,0,910,22.34542988,0.02455541745,0.9041537168,0.9450549451,13,78
moneyline,quoted_odds,M10,0.82,185.3571258,-158.5422523,87,83,4,0,870,26.81487348,0.03082169366,0.908241682,0.9540229885,11,76
moneyline,quoted_odds,M10,0.83,185.3571258,-156.5019523,82,79,3,0,820,28.85517347,0.03518923594,0.9132661881,0.9634146341,9,73
moneyline,quoted_odds,M10,0.84,185.3571258,-166.318189,76,73,3,0,760,19.03893682,0.02505123266,0.9194717726,0.9605263158,8,68
moneyline,quoted_odds,M10,0.85,185.3571258,-178.5007307,71,68,3,0,710,6.856395108,0.009656894518,0.9248033584,0.9577464789,8,63
moneyline,quoted_odds,M10,0.86,185.3571258,-179.6772013,70,67,3,0,700,5.67992452,0.008114177885,0.9258153612,0.9571428571,8,62
moneyline,quoted_odds,M10,0.87,185.3571258,-183.1570725,67,64,3,0,670,2.200053344,0.003283661707,0.9286994648,0.9552238806,7,60
moneyline,quoted_odds,M10,0.88,185.3571258,-186.6178146,64,61,3,0,640,-1.260688813,-0.00196982627,0.9311750803,0.953125,7,57
moneyline,quoted_odds,M10,0.89,185.3571258,-189.9211585,61,58,3,0,610,-4.564032642,-0.007482020724,0.9335813058,0.9508196721,7,54
moneyline,quoted_odds,M10,0.9,185.3571258,-184.4956154,55,53,2,0,550,0.8615103825,0.001566382514,0.9376682479,0.9636363636,5,50
moneyline,quoted_odds,M10,0.91,185.3571258,-188.0550321,51,49,2,0,510,-2.697906248,-0.00529001225,0.9404869916,0.9607843137,4,47
moneyline,quoted_odds,M10,0.92,185.3571258,-183.306105,40,39,1,0,400,2.051020831,0.005127552077,0.947789749,0.975,3,37
moneyline,quoted_odds,M10,0.93,185.3571258,-187.8432563,29,28,1,0,290,-2.486130444,-0.008572863599,0.9559808633,0.9655172414,2,27
moneyline,quoted_odds,M10,0.94,185.3571258,-189.8361134,23,22,1,0,230,-4.478987587,-0.01947385907,0.9610800884,0.9565217391,2,21
moneyline,quoted_odds,M10,0.95,185.3571258,-191.1393541,20,19,1,0,200,-5.782228327,-0.02891114164,0.9635918371,0.95,2,18
moneyline,quoted_odds,M10,0.96,185.3571258,-193.4377668,13,12,1,0,130,-8.080641026,-0.06215877712,0.9682678926,0.9230769231,1,12
moneyline,quoted_odds,M10,0.97,185.3571258,-185.0649036,4,4,0,0,40,0.2922222222,0.007305555555,0.9751105448,1,1,3
moneyline,quoted_odds,M10,0.98,185.3571258,-185.3571258,0,0,0,0,0,0,,,,0,0
moneyline,quoted_odds,M10,0.99,185.3571258,-185.3571258,0,0,0,0,0,0,,,,0,0
moneyline,quoted_odds,M10,1,185.3571258,-185.3571258,0,0,0,0,0,0,,,,0,0
moneyline,quoted_odds,M2,0,65.32150535,0,250,199,51,0,2500,65.32150535,0.02612860214,0.7599824843,0.796,56,194
moneyline,quoted_odds,M2,0.5,65.32150535,0,250,199,51,0,2500,65.32150535,0.02612860214,0.7599824843,0.796,56,194
moneyline,quoted_odds,M2,0.51,65.32150535,30,247,199,48,0,2470,95.32150535,0.03859170257,0.763048788,0.8056680162,56,191
moneyline,quoted_odds,M2,0.52,65.32150535,40,246,199,47,0,2460,105.3215054,0.04281362006,0.7640370195,0.8089430894,55,191
moneyline,quoted_odds,M2,0.53,65.32150535,42.59259259,244,198,46,0,2440,107.9140979,0.04422708932,0.7659982635,0.8114754098,54,190
moneyline,quoted_odds,M2,0.54,65.32150535,27.32804233,240,195,45,0,2400,92.64954768,0.0386039782,0.7698301746,0.8125,54,186
moneyline,quoted_odds,M2,0.55,65.32150535,21.84917337,235,192,43,0,2350,87.17067873,0.03709390584,0.7746510344,0.8170212766,53,182
moneyline,quoted_odds,M2,0.56,65.32150535,5.400326445,228,187,41,0,2280,70.7218318,0.03101834728,0.7814412307,0.8201754386,51,177
moneyline,quoted_odds,M2,0.57,65.32150535,3.747017964,223,184,39,0,2230,69.06852332,0.03097243198,0.7863042205,0.8251121076,50,173
moneyline,quoted_odds,M2,0.58,65.32150535,27.77159554,217,182,35,0,2170,93.09310089,0.04290004649,0.7921524407,0.8387096774,50,167
moneyline,quoted_odds,M2,0.59,65.32150535,41.10492887,214,181,33,0,2140,106.4264342,0.04973197861,0.7950178756,0.8457943925,49,165
moneyline,quoted_odds,M2,0.6,65.32150535,-0.903149201,206,174,32,0,2060,64.41835615,0.03127104668,0.8027517555,0.8446601942,46,160
moneyline,quoted_odds,M2,0.61,65.32150535,-12.17299047,204,172,32,0,2040,53.14851488,0.02605319357,0.8047064637,0.8431372549,45,159
moneyline,quoted_odds,M2,0.62,65.32150535,-0.945257098,198,169,29,0,1980,64.37624826,0.0325132567,0.8104592514,0.8535353535,44,154
moneyline,quoted_odds,M2,0.63,65.32150535,-0.312851293,193,166,27,0,1930,65.00865406,0.03368324045,0.8152208179,0.8601036269,44,149
moneyline,quoted_odds,M2,0.64,65.32150535,-32.06817826,188,161,27,0,1880,33.2533271,0.01768793995,0.8200400993,0.8563829787,41,147
moneyline,quoted_odds,M2,0.65,65.32150535,-16.94622704,185,160,25,0,1850,48.37527832,0.02614879909,0.8228553834,0.8648648649,41,144
moneyline,quoted_odds,M2,0.66,65.32150535,3.379443427,174,154,20,0,1740,68.70094878,0.0394833039,0.83350583,0.8850574713,38,136
moneyline,quoted_odds,M2,0.67,65.32150535,-15.94008506,166,147,19,0,1660,49.38142029,0.02974784355,0.8416813849,0.8855421687,34,132
moneyline,quoted_odds,M2,0.68,65.32150535,2.320819063,157,142,15,0,1570,67.64232442,0.04308428307,0.8512915359,0.9044585987,31,126
moneyline,quoted_odds,M2,0.69,65.32150535,4.617288278,154,140,14,0,1540,69.93879363,0.04541480106,0.8545194831,0.9090909091,29,125
moneyline,quoted_odds,M2,0.7,65.32150535,4.333834093,151,138,13,0,1510,69.65533945,0.04612936387,0.8576727359,0.9139072848,29,122
moneyline,quoted_odds,M2,0.71,65.32150535,16.6635832,147,136,11,0,1470,81.98508855,0.05577216908,0.8618396943,0.925170068,28,119
moneyline,quoted_odds,M2,0.72,65.32150535,13.3078785,146,135,11,0,1460,78.62938385,0.05385574237,0.8628384702,0.9246575342,28,118
moneyline,quoted_odds,M2,0.73,65.32150535,-11.78518677,139,128,11,0,1390,53.53631859,0.03851533711,0.8697874954,0.9208633094,28,111
moneyline,quoted_odds,M2,0.74,65.32150535,-15.74141572,134,124,10,0,1340,49.58008963,0.03700006689,0.8748692439,0.9253731343,28,106
moneyline,quoted_odds,M2,0.75,65.32150535,-10.93972796,131,122,9,0,1310,54.38177739,0.04151280717,0.8779122072,0.9312977099,25,106
moneyline,quoted_odds,M2,0.76,65.32150535,-26.27320859,125,116,9,0,1250,39.04829677,0.03123863741,0.8837326642,0.928,23,102
moneyline,quoted_odds,M2,0.77,65.32150535,-16.54051581,119,112,7,0,1190,48.78098955,0.04099242819,0.8896828749,0.9411764706,21,98
moneyline,quoted_odds,M2,0.78,65.32150535,-19.24803628,113,107,6,0,1130,46.07346908,0.04077298149,0.8958389656,0.9469026549,19,94
moneyline,quoted_odds,M2,0.79,65.32150535,-27.91576191,110,104,6,0,1100,37.40574344,0.03400522131,0.8989328709,0.9454545455,17,93
moneyline,quoted_odds,M2,0.8,65.32150535,-35.67553249,107,101,6,0,1070,29.64597286,0.0277065167,0.9018337673,0.9439252336,17,90
moneyline,quoted_odds,M2,0.81,65.32150535,-50.88409113,100,94,6,0,1000,14.43741422,0.01443741422,0.9087291029,0.94,16,84
moneyline,quoted_odds,M2,0.82,65.32150535,-42.62322157,98,93,5,0,980,22.69828379,0.02316151407,0.9106550382,0.9489795918,15,83
moneyline,quoted_odds,M2,0.83,65.32150535,-30.04888002,92,89,3,0,920,35.27262533,0.03833981015,0.9162246642,0.9673913043,12,80
moneyline,quoted_odds,M2,0.84,65.32150535,-40.53293799,86,83,3,0,860,24.78856736,0.02882391554,0.9219725279,0.9651162791,9,77
moneyline,quoted_odds,M2,0.85,65.32150535,-46.04598147,83,80,3,0,830,19.27552388,0.02322352275,0.9246662472,0.9638554217,9,74
moneyline,quoted_odds,M2,0.86,65.32150535,-50.50004403,80,77,3,0,800,14.82146132,0.01852682665,0.9273029392,0.9625,9,71
moneyline,quoted_odds,M2,0.87,65.32150535,-45.85764939,75,73,2,0,750,19.46385597,0.02595180796,0.9314181717,0.9733333333,9,66
moneyline,quoted_odds,M2,0.88,65.32150535,-51.10764939,71,69,2,0,710,14.21385597,0.02001951545,0.9347401524,0.9718309859,8,63
moneyline,quoted_odds,M2,0.89,65.32150535,-53.67378695,68,66,2,0,680,11.6477184,0.01712899765,0.9367920881,0.9705882353,7,61
moneyline,quoted_odds,M2,0.9,65.32150535,-59.93452427,61,59,2,0,610,5.386981087,0.008831116536,0.9414314867,0.9672131148,5,56
moneyline,quoted_odds,M2,0.91,65.32150535,-64.54653725,55,53,2,0,550,0.7749681,0.001409032909,0.9453321638,0.9636363636,3,52
moneyline,quoted_odds,M2,0.92,65.32150535,-72.07454628,45,43,2,0,450,-6.753040928,-0.01500675762,0.9516698203,0.9555555556,3,42
moneyline,quoted_odds,M2,0.93,65.32150535,-65.89383108,37,36,1,0,370,-0.57232573,-0.001546826297,0.9571979189,0.972972973,3,34
moneyline,quoted_odds,M2,0.94,65.32150535,-68.65194797,30,29,1,0,300,-3.330442613,-0.01110147538,0.962196264,0.9666666667,3,27
moneyline,quoted_odds,M2,0.95,65.32150535,-71.28409082,23,22,1,0,230,-5.96258547,-0.02592428465,0.9671820116,0.9565217391,3,20
moneyline,quoted_odds,M2,0.96,65.32150535,-62.63932587,17,17,0,0,170,2.682179487,0.01577752639,0.9703738355,1,2,15
moneyline,quoted_odds,M2,0.97,65.32150535,-64.66154809,7,7,0,0,70,0.6599572649,0.009427960927,0.9779358093,1,1,6
moneyline,quoted_odds,M2,0.98,65.32150535,-65.0976592,3,3,0,0,30,0.2238461538,0.00746153846,0.9823674359,1,0,3
moneyline,quoted_odds,M2,0.99,65.32150535,-65.32150535,0,0,0,0,0,0,,,,0,0
moneyline,quoted_odds,M2,1,65.32150535,-65.32150535,0,0,0,0,0,0,,,,0,0
moneyline,quoted_odds,M3,0,71.27666891,0,250,199,51,0,2500,71.27666891,0.02851066756,0.7571227043,0.796,56,194
moneyline,quoted_odds,M3,0.5,71.27666891,0,250,199,51,0,2500,71.27666891,0.02851066756,0.7571227043,0.796,56,194
moneyline,quoted_odds,M3,0.51,71.27666891,0.909090909,248,198,50,0,2480,72.18575982,0.02910716122,0.7591358107,0.7983870968,56,192
moneyline,quoted_odds,M3,0.52,71.27666891,6.46002646,244,196,48,0,2440,77.73669537,0.03185930138,0.7631269844,0.8032786885,56,188
moneyline,quoted_odds,M3,0.53,71.27666891,10.00841356,242,195,47,0,2420,81.28508247,0.03358887705,0.7650784493,0.805785124,55,187
moneyline,quoted_odds,M3,0.54,71.27666891,14.30445443,236,192,44,0,2360,85.58112334,0.03626318786,0.7709228136,0.813559322,53,183
moneyline,quoted_odds,M3,0.55,71.27666891,16.57112109,230,189,41,0,2300,87.84779001,0.03819469131,0.7768125852,0.8217391304,52,178
moneyline,quoted_odds,M3,0.56,71.27666891,-5.494026105,225,185,40,0,2250,65.78264281,0.02923673014,0.7817825309,0.8222222222,51,174
moneyline,quoted_odds,M3,0.57,71.27666891,6.093275482,219,182,37,0,2190,77.36994439,0.03532874173,0.787748364,0.8310502283,48,171
moneyline,quoted_odds,M3,0.58,71.27666891,1.980606542,214,179,35,0,2140,73.25727545,0.03423237171,0.7927623871,0.8364485981,47,167
moneyline,quoted_odds,M3,0.59,71.27666891,4.28829885,212,178,34,0,2120,75.56496776,0.03564385272,0.7947116225,0.8396226415,46,166
moneyline,quoted_odds,M3,0.6,71.27666891,-5.593460844,208,175,33,0,2080,65.68320807,0.03157846542,0.7985571509,0.8413461538,44,164
moneyline,quoted_odds,M3,0.61,71.27666891,-2.289113018,204,173,31,0,2040,68.98755589,0.03381742936,0.8023725067,0.8480392157,44,160
moneyline,quoted_odds,M3,0.62,71.27666891,-6.453277182,201,171,30,0,2010,64.82339173,0.03225044365,0.805174783,0.8507462687,44,157
moneyline,quoted_odds,M3,0.63,71.27666891,12.74728383,196,169,27,0,1960,84.02395274,0.04286936364,0.8097970913,0.862244898,43,153
moneyline,quoted_odds,M3,0.64,71.27666891,14.44651553,188,164,24,0,1880,85.72318444,0.04559743853,0.8172786586,0.8723404255,41,147
moneyline,quoted_odds,M3,0.65,71.27666891,23.66513686,178,158,20,0,1780,94.94180577,0.05333809313,0.8269380484,0.8876404494,38,140
moneyline,quoted_odds,M3,0.66,71.27666891,1.831473686,170,151,19,0,1700,73.1081426,0.04300478976,0.8349761494,0.8882352941,35,135
moneyline,quoted_odds,M3,0.67,71.27666891,-14.72010889,164,146,18,0,1640,56.55656003,0.03448570733,0.8411757258,0.8902439024,32,132
moneyline,quoted_odds,M3,0.68,71.27666891,-4.759660632,157,142,15,0,1570,66.51700828,0.0423675212,0.848666388,0.9044585987,31,126
moneyline,quoted_odds,M3,0.69,71.27666891,0.478434606,155,141,14,0,1550,71.75510352,0.04629361517,0.8507630715,0.9096774194,31,124
moneyline,quoted_odds,M3,0.7,71.27666891,10.47843461,154,141,13,0,1540,81.75510352,0.05308772956,0.8518066507,0.9155844156,31,123
moneyline,quoted_odds,M3,0.71,71.27666891,-9.189196275,149,136,13,0,1490,62.08747264,0.04166944472,0.856723136,0.9127516779,30,119
moneyline,quoted_odds,M3,0.72,71.27666891,11.79310764,143,133,10,0,1430,83.06977655,0.05809075283,0.8627236135,0.9300699301,27,116
moneyline,quoted_odds,M3,0.73,71.27666891,3.644959492,141,131,10,0,1410,74.9216284,0.05313590667,0.8646648078,0.9290780142,27,114
moneyline,quoted_odds,M3,0.74,71.27666891,-11.45028829,137,127,10,0,1370,59.82638062,0.04366889097,0.8684708288,0.9270072993,27,110
moneyline,quoted_odds,M3,0.75,71.27666891,-21.36654329,125,117,8,0,1250,49.91012562,0.0399281005,0.8804573758,0.936,22,103
moneyline,quoted_odds,M3,0.76,71.27666891,-24.96366559,124,116,8,0,1240,46.31300332,0.03734919623,0.8814589883,0.935483871,22,102
moneyline,quoted_odds,M3,0.77,71.27666891,-18.69837477,117,111,6,0,1170,52.57829414,0.04493871294,0.8884484105,0.9487179487,20,97
moneyline,quoted_odds,M3,0.78,71.27666891,-27.19892242,113,107,6,0,1130,44.07774649,0.0390068553,0.8924690749,0.9469026549,19,94
moneyline,quoted_odds,M3,0.79,71.27666891,-25.67822868,108,103,5,0,1080,45.59844023,0.04222077799,0.8975376683,0.9537037037,17,91
moneyline,quoted_odds,M3,0.8,71.27666891,-30.09302553,106,101,5,0,1060,41.18364339,0.03885249376,0.8994656316,0.9528301887,16,90
moneyline,quoted_odds,M3,0.81,71.27666891,-33.15653283,99,95,4,0,990,38.12013609,0.03850518797,0.9060582636,0.9595959596,14,85
moneyline,quoted_odds,M3,0.82,71.27666891,-28.46401582,95,92,3,0,950,42.81265309,0.04506595062,0.9098473249,0.9684210526,12,83
moneyline,quoted_odds,M3,0.83,71.27666891,-36.99098996,91,88,3,0,910,34.28567895,0.03767657027,0.9135977312,0.967032967,12,79
moneyline,quoted_odds,M3,0.84,71.27666891,-46.86311273,85,82,3,0,850,24.41355618,0.02872183081,0.9190552399,0.9647058824,11,74
moneyline,quoted_odds,M3,0.85,71.27666891,-57.48554022,79,76,3,0,790,13.79112869,0.01745712493,0.9247335044,0.9620253165,10,69
moneyline,quoted_odds,M3,0.86,71.27666891,-52.15372204,75,73,2,0,750,19.12294688,0.0254972625,0.9284287032,0.9733333333,9,66
moneyline,quoted_odds,M3,0.87,71.27666891,-55.50725739,72,70,2,0,720,15.76941152,0.02190196045,0.9310261676,0.9722222222,9,63
moneyline,quoted_odds,M3,0.88,71.27666891,-59.62895051,68,66,2,0,680,11.6477184,0.01712899765,0.9342994304,0.9705882353,8,60
moneyline,quoted_odds,M3,0.89,71.27666891,-62.50344444,65,63,2,0,650,8.773224473,0.01349726842,0.9365794725,0.9692307692,7,58
moneyline,quoted_odds,M3,0.9,71.27666891,-67.97434391,59,57,2,0,590,3.302325002,0.005597161021,0.940801251,0.9661016949,5,54
moneyline,quoted_odds,M3,0.91,71.27666891,-75.22344203,49,47,2,0,490,-3.946773122,-0.008054639024,0.9479749684,0.9591836735,3,46
moneyline,quoted_odds,M3,0.92,71.27666891,-66.90537122,45,44,1,0,450,4.371297696,0.009713994881,0.950777568,0.9777777778,3,42
moneyline,quoted_odds,M3,0.93,71.27666891,-71.97615914,36,35,1,0,360,-0.6994902321,-0.001943028423,0.9570846303,0.9722222222,3,33
moneyline,quoted_odds,M3,0.94,71.27666891,-75.38092105,28,27,1,0,280,-4.104252137,-0.01465804335,0.9634269862,0.9642857143,3,25
moneyline,quoted_odds,M3,0.95,71.27666891,-77.48925438,22,21,1,0,220,-6.21258547,-0.02823902486,0.9677984083,0.9545454545,2,20
moneyline,quoted_odds,M3,0.96,71.27666891,-68.38508772,17,17,0,0,170,2.891581197,0.01700930116,0.9709121575,1,2,15
moneyline,quoted_odds,M3,0.97,71.27666891,-70.61671165,7,7,0,0,70,0.6599572649,0.009427960927,0.9781430855,1,1,6
moneyline,quoted_odds,M3,0.98,71.27666891,-70.97782276,3,3,0,0,30,0.2988461538,0.00996153846,0.9818070476,1,0,3
moneyline,quoted_odds,M3,0.99,71.27666891,-71.27666891,0,0,0,0,0,0,,,,0,0
moneyline,quoted_odds,M3,1,71.27666891,-71.27666891,0,0,0,0,0,0,,,,0,0
moneyline,quoted_odds,M4,0,151.2705353,0,250,203,47,0,2500,151.2705353,0.06050821413,0.7618154214,0.812,56,194
moneyline,quoted_odds,M4,0.5,151.2705353,0,250,203,47,0,2500,151.2705353,0.06050821413,0.7618154214,0.812,56,194
moneyline,quoted_odds,M4,0.51,151.2705353,-33.28321678,245,199,46,0,2450,117.9873186,0.04815808921,0.7670325575,0.812244898,56,189
moneyline,quoted_odds,M4,0.52,151.2705353,-40.69062419,244,198,46,0,2440,110.5799111,0.04531963572,0.7680848766,0.8114754098,55,189
moneyline,quoted_odds,M4,0.53,151.2705353,-79.18293188,240,194,46,0,2400,72.08760345,0.03003650144,0.7721179167,0.8083333333,55,185
moneyline,quoted_odds,M4,0.54,151.2705353,-86.2251854,239,193,46,0,2390,65.04534993,0.02721562759,0.7731009526,0.8075313808,55,184
moneyline,quoted_odds,M4,0.55,151.2705353,-97.03918622,235,190,45,0,2350,54.23134912,0.02307716984,0.7769557622,0.8085106383,54,181
moneyline,quoted_odds,M4,0.56,151.2705353,-132.7138572,230,185,45,0,2300,18.55667811,0.008068120918,0.7817293878,0.8043478261,50,180
moneyline,quoted_odds,M4,0.57,151.2705353,-140.1729873,224,181,43,0,2240,11.097548,0.004954262499,0.7875675052,0.8080357143,49,175
moneyline,quoted_odds,M4,0.58,151.2705353,-128.8686395,221,180,41,0,2210,22.40189582,0.01013660445,0.7904254689,0.814479638,48,173
moneyline,quoted_odds,M4,0.59,151.2705353,-133.0537502,218,178,40,0,2180,18.21678516,0.008356323468,0.7932450073,0.8165137615,46,172
moneyline,quoted_odds,M4,0.6,151.2705353,-142.0400242,213,174,39,0,2130,9.230511101,0.004333573287,0.797858669,0.8169014085,43,170
moneyline,quoted_odds,M4,0.61,151.2705353,-146.0836844,203,168,35,0,2030,5.186850979,0.002555099005,0.8073466129,0.8275862069,43,160
moneyline,quoted_odds,M4,0.62,151.2705353,-104.0836844,197,167,30,0,1970,47.18685098,0.02395271623,0.8131419736,0.847715736,42,155
moneyline,quoted_odds,M4,0.63,151.2705353,-118.4936222,195,165,30,0,1950,32.77691309,0.01680867338,0.8150443834,0.8461538462,42,153
moneyline,quoted_odds,M4,0.64,151.2705353,-93.97773163,188,162,26,0,1880,57.2928037,0.03047489559,0.8217167933,0.8617021277,40,148
moneyline,quoted_odds,M4,0.65,151.2705353,-100.5157266,184,159,25,0,1840,50.75480869,0.02758413516,0.8255587537,0.8641304348,39,145
moneyline,quoted_odds,M4,0.66,151.2705353,-91.70948922,177,155,22,0,1770,59.56104612,0.03365030854,0.8322941111,0.8757062147,37,140
moneyline,quoted_odds,M4,0.67,151.2705353,-107.5209868,168,148,20,0,1680,43.74954857,0.02604139796,0.8412121868,0.880952381,35,133
moneyline,quoted_odds,M4,0.68,151.2705353,-116.1588605,166,146,20,0,1660,35.11167482,0.02115161134,0.8432318914,0.8795180723,34,132
moneyline,quoted_odds,M4,0.69,151.2705353,-93.20111404,162,145,17,0,1620,58.0694213,0.03584532179,0.8471338045,0.8950617284,33,129
moneyline,quoted_odds,M4,0.7,151.2705353,-97.47749396,158,142,16,0,1580,53.79304138,0.03404622872,0.8510110517,0.8987341772,32,126
moneyline,quoted_odds,M4,0.71,151.2705353,-98.56681858,154,139,15,0,1540,52.70371676,0.0342231927,0.8548308301,0.9025974026,30,124
moneyline,quoted_odds,M4,0.72,151.2705353,-89.6824464,146,134,12,0,1460,61.58808894,0.04218362256,0.8625524612,0.9178082192,29,117
moneyline,quoted_odds,M4,0.73,151.2705353,-101.3415095,142,130,12,0,1420,49.92902585,0.03516128581,0.8664496981,0.9154929577,28,114
moneyline,quoted_odds,M4,0.74,151.2705353,-100.4546662,138,127,11,0,1380,50.81586913,0.03682309357,0.8703389458,0.9202898551,27,111
moneyline,quoted_odds,M4,0.75,151.2705353,-102.0809624,133,123,10,0,1330,49.18957296,0.03698464132,0.8750847263,0.9248120301,25,108
moneyline,quoted_odds,M4,0.76,151.2705353,-109.2393278,126,117,9,0,1260,42.03120751,0.03335810119,0.8818549781,0.9285714286,22,104
moneyline,quoted_odds,M4,0.77,151.2705353,-108.9455394,117,110,7,0,1170,42.32499593,0.03617521019,0.8908554151,0.9401709402,20,97
moneyline,quoted_odds,M4,0.78,151.2705353,-95.39642151,112,107,5,0,1120,55.87411383,0.04988760163,0.8959713182,0.9553571429,19,93
moneyline,quoted_odds,M4,0.79,151.2705353,-106.2122698,108,103,5,0,1080,45.05826552,0.04172061623,0.9001429374,0.9537037037,18,90
moneyline,quoted_odds,M4,0.8,151.2705353,-112.891764,105,100,5,0,1050,38.3787713,0.03655121076,0.9032241694,0.9523809524,17,88
moneyline,quoted_odds,M4,0.81,151.2705353,-119.5976464,102,97,5,0,1020,31.67288894,0.03105185191,0.9060984518,0.9509803922,17,85
moneyline,quoted_odds,M4,0.82,151.2705353,-127.7900419,98,93,5,0,980,23.48049346,0.02395968721,0.9099284803,0.9489795918,15,83
moneyline,quoted_odds,M4,0.83,151.2705353,-127.0140208,92,88,4,0,920,24.25651454,0.02636577668,0.9153988105,0.9565217391,12,80
moneyline,quoted_odds,M4,0.84,151.2705353,-127.6407242,85,82,3,0,850,23.62981112,0.02779977778,0.9221436316,0.9647058824,10,75
moneyline,quoted_odds,M4,0.85,151.2705353,-136.1914251,80,77,3,0,800,15.07911028,0.01884888785,0.9268892397,0.9625,9,71
moneyline,quoted_odds,M4,0.86,151.2705353,-138.1531475,78,75,3,0,780,13.11738779,0.01681716383,0.9286836354,0.9615384615,8,70
moneyline,quoted_odds,M4,0.87,151.2705353,-142.5589446,75,72,3,0,750,8.711590687,0.01161545425,0.9312934561,0.96,7,68
moneyline,quoted_odds,M4,0.88,151.2705353,-145.676059,71,68,3,0,710,5.59447632,0.007879544113,0.9344105009,0.9577464789,7,64
moneyline,quoted_odds,M4,0.89,151.2705353,-140.0564009,65,63,2,0,650,11.21413444,0.01725251452,0.9389824338,0.9692307692,6,59
moneyline,quoted_odds,M4,0.9,151.2705353,-145.2778636,60,58,2,0,600,5.992671692,0.009987786154,0.9425710043,0.9666666667,6,54
moneyline,quoted_odds,M4,0.91,151.2705353,-149.1631265,56,54,2,0,560,2.107408807,0.003763230013,0.9452578302,0.9642857143,5,51
moneyline,quoted_odds,M4,0.92,151.2705353,-154.1260895,50,48,2,0,500,-2.855554156,-0.005711108311,0.9489241883,0.96,4,46
moneyline,quoted_odds,M4,0.93,151.2705353,-161.0254007,40,38,2,0,400,-9.754865413,-0.02438716353,0.9550506494,0.95,3,37
moneyline,quoted_odds,M4,0.94,151.2705353,-163.9233986,33,31,2,0,330,-12.65286325,-0.03834200984,0.9594504677,0.9393939394,3,30
moneyline,quoted_odds,M4,0.95,151.2705353,-146.6759779,24,24,0,0,240,4.594557387,0.01914398911,0.9654059043,1,3,21
moneyline,quoted_odds,M4,0.96,151.2705353,-148.8383558,15,15,0,0,150,2.432179487,0.01621452991,0.9716692129,1,3,12
moneyline,quoted_odds,M4,0.97,151.2705353,-150.3105781,8,8,0,0,80,0.9599572649,0.01199946581,0.9775073864,1,1,7
moneyline,quoted_odds,M4,0.98,151.2705353,-151.2505353,1,1,0,0,10,0.02,0.002,0.9845213988,1,0,1
moneyline,quoted_odds,M4,0.99,151.2705353,-151.2705353,0,0,0,0,0,0,,,,0,0
moneyline,quoted_odds,M4,1,151.2705353,-151.2705353,0,0,0,0,0,0,,,,0,0
moneyline,quoted_odds,M5,0,5.733695606,0,250,191,59,0,2500,5.733695606,0.002293478243,0.7334501384,0.764,56,194
moneyline,quoted_odds,M5,0.5,5.733695606,0,250,191,59,0,2500,5.733695606,0.002293478243,0.7334501384,0.764,56,194
moneyline,quoted_odds,M5,0.51,5.733695606,-5.4,244,188,56,0,2440,0.3336956065,0.0001367604945,0.7390625767,0.7704918033,56,188
moneyline,quoted_odds,M5,0.52,5.733695606,-3.305405405,236,185,51,0,2360,2.428290202,0.001028936526,0.7466692966,0.7838983051,52,184
moneyline,quoted_odds,M5,0.53,5.733695606,8.216545815,231,183,48,0,2310,13.95024142,0.00603906555,0.7514109249,0.7922077922,50,181
moneyline,quoted_odds,M5,0.54,5.733695606,8.868719728,226,180,46,0,2260,14.60241533,0.006461245723,0.7561730002,0.796460177,49,177
moneyline,quoted_odds,M5,0.55,5.733695606,6.872452905,221,177,44,0,2210,12.60614851,0.005704139598,0.7608982957,0.8009049774,47,174
moneyline,quoted_odds,M5,0.56,5.733695606,-35.04159876,215,171,44,0,2150,-29.30790316,-0.01363158286,0.766631575,0.7953488372,46,169
moneyline,quoted_odds,M5,0.57,5.733695606,-45.04159877,213,170,43,0,2130,-39.30790316,-0.01845441463,0.7685213211,0.7981220657,46,167
moneyline,quoted_odds,M5,0.58,5.733695606,-26.39392873,205,166,39,0,2050,-20.66023312,-0.0100781625,0.7760554505,0.8097560976,44,161
moneyline,quoted_odds,M5,0.59,5.733695606,-28.43754725,199,162,37,0,1990,-22.70385164,-0.01140897068,0.7818537719,0.8140703518,42,157
moneyline,quoted_odds,M5,0.6,5.733695606,12.98070027,192,160,32,0,1920,18.71439587,0.009747081184,0.7887494672,0.8333333333,39,153
moneyline,quoted_odds,M5,0.61,5.733695606,20.26620395,184,156,28,0,1840,25.99989956,0.01413038019,0.7967513084,0.847826087,38,146
moneyline,quoted_odds,M5,0.62,5.733695606,21.57055178,182,155,27,0,1820,27.30424738,0.01500233373,0.7987708367,0.8516483516,38,144
moneyline,quoted_odds,M5,0.63,5.733695606,21.35623809,177,152,25,0,1770,27.08993369,0.01530504728,0.8036778343,0.8587570621,38,139
moneyline,quoted_odds,M5,0.64,5.733695606,37.8328678,166,146,20,0,1660,43.56656341,0.02624491772,0.8148314512,0.8795180723,33,133
moneyline,quoted_odds,M5,0.65,5.733695606,57.98301795,161,144,17,0,1610,63.71671356,0.03957559848,0.8201851325,0.8944099379,31,130
moneyline,quoted_odds,M5,0.66,5.733695606,66.14566242,156,141,15,0,1560,71.87935803,0.04607651156,0.8254512849,0.9038461538,29,127
moneyline,quoted_odds,M5,0.67,5.733695606,66.46583487,152,138,14,0,1520,72.19953047,0.0474996911,0.829689041,0.9078947368,29,123
moneyline,quoted_odds,M5,0.68,5.733695606,55.3089454,146,133,13,0,1460,61.04264101,0.04181002809,0.8360451364,0.9109589041,26,120
moneyline,quoted_odds,M5,0.69,5.733695606,44.41288806,144,131,13,0,1440,50.14658366,0.03482401643,0.838179965,0.9097222222,26,118
moneyline,quoted_odds,M5,0.7,5.733695606,47.19066583,140,128,12,0,1400,52.92436144,0.03780311531,0.8422374558,0.9142857143,24,116
moneyline,quoted_odds,M5,0.71,5.733695606,50.22667182,136,125,11,0,1360,55.96036743,0.04114732899,0.8462608754,0.9191176471,22,114
moneyline,quoted_odds,M5,0.72,5.733695606,43.89050343,130,120,10,0,1300,49.62419903,0.0381724608,0.852237907,0.9230769231,20,110
moneyline,quoted_odds,M5,0.73,5.733695606,35.91911632,127,117,10,0,1270,41.65281193,0.03279748971,0.8552678731,0.9212598425,20,107
moneyline,quoted_odds,M5,0.74,5.733695606,29.87375666,119,110,9,0,1190,35.60745227,0.02992222879,0.8632788294,0.9243697479,16,103
moneyline,quoted_odds,M5,0.75,5.733695606,20.99670488,115,106,9,0,1150,26.73040048,0.02324382651,0.86746674,0.9217391304,14,101
moneyline,quoted_odds,M5,0.76,5.733695606,36.55487174,111,104,7,0,1110,42.28856734,0.03809780842,0.8715251183,0.9369369369,13,98
moneyline,quoted_odds,M5,0.77,5.733695606,32.21309995,103,97,6,0,1030,37.94679555,0.03684154908,0.8799334323,0.9417475728,13,90
moneyline,quoted_odds,M5,0.78,5.733695606,25.11282895,100,94,6,0,1000,30.84652455,0.03084652455,0.8830005384,0.94,13,87
moneyline,quoted_odds,M5,0.79,5.733695606,20.85816874,93,88,5,0,930,26.59186434,0.02859340252,0.890396752,0.9462365591,12,81
moneyline,quoted_odds,M5,0.8,5.733695606,0.1930925913,85,80,5,0,850,5.926788198,0.006972691997,0.8993287135,0.9411764706,11,74
moneyline,quoted_odds,M5,0.81,5.733695606,-5.037693813,82,77,5,0,820,0.6960017938,0.0008487826754,0.9026938997,0.9390243902,10,72
moneyline,quoted_odds,M5,0.82,5.733695606,9.591183193,76,73,3,0,760,15.3248788,0.02016431421,0.9095303429,0.9605263158,9,67
moneyline,quoted_odds,M5,0.83,5.733695606,17.23824202,74,72,2,0,740,22.97193762,0.03104315895,0.9118185169,0.972972973,9,65
moneyline,quoted_odds,M5,0.84,5.733695606,12.87893466,70,68,2,0,700,18.61263026,0.02658947181,0.9162984272,0.9714285714,7,63
moneyline,quoted_odds,M5,0.85,5.733695606,8.731675485,65,63,2,0,650,14.46537109,0.02225441706,0.9218177895,0.9692307692,6,59
moneyline,quoted_odds,M5,0.86,5.733695606,1.923027611,60,58,2,0,600,7.656723218,0.01276120536,0.9272110907,0.9666666667,6,54
moneyline,quoted_odds,M5,0.87,5.733695606,8.467354745,56,55,1,0,560,14.20105035,0.02535901848,0.9316882431,0.9821428571,5,51
moneyline,quoted_odds,M5,0.88,5.733695606,5.076782354,52,51,1,0,520,10.81047796,0.02078938069,0.9361134568,0.9807692308,5,47
moneyline,quoted_odds,M5,0.89,5.733695606,3.291068069,49,48,1,0,490,9.024763675,0.01841788505,0.9393432909,0.9795918367,5,44
moneyline,quoted_odds,M5,0.9,5.733695606,0.8198379097,44,43,1,0,440,6.553533516,0.01489439435,0.9442576529,0.9772727273,5,39
moneyline,quoted_odds,M5,0.91,5.733695606,-0.9579398681,41,40,1,0,410,4.775755738,0.01164818473,0.9472077547,0.9756097561,5,36
moneyline,quoted_odds,M5,0.92,5.733695606,-3.458841744,37,36,1,0,370,2.274853862,0.006148253682,0.9507117771,0.972972973,4,33
moneyline,quoted_odds,M5,0.93,5.733695606,-7.74433025,30,29,1,0,300,-2.010634643,-0.006702115478,0.9564311837,0.9666666667,4,26
moneyline,quoted_odds,M5,0.94,5.733695606,-10.14313977,24,23,1,0,240,-4.409444167,-0.01837268403,0.9620592516,0.9583333333,2,22
moneyline,quoted_odds,M5,0.95,5.733695606,-1.504828085,18,18,0,0,180,4.228867521,0.02349370845,0.9680496526,1,1,17
moneyline,quoted_odds,M5,0.96,5.733695606,-3.14211441,15,15,0,0,150,2.591581197,0.01727720798,0.9709659669,1,1,14
moneyline,quoted_odds,M5,0.97,5.733695606,-5.009849453,6,6,0,0,60,0.7238461538,0.01206410256,0.9807221685,1,1,5
moneyline,quoted_odds,M5,0.98,5.733695606,-5.509849453,3,3,0,0,30,0.2238461538,0.00746153846,0.9859815815,1,0,3
moneyline,quoted_odds,M5,0.99,5.733695606,-5.733695606,0,0,0,0,0,0,,,,0,0
moneyline,quoted_odds,M5,1,5.733695606,-5.733695606,0,0,0,0,0,0,,,,0,0
moneyline,frozen_pregame_subset,F19 equal consensus,0,40.77318887,0,56,45,11,0,560,40.77318887,0.07280926584,0.7181009034,0.8035714286,56,0
moneyline,frozen_pregame_subset,F19 equal consensus,0.5,40.77318887,0,56,45,11,0,560,40.77318887,0.07280926584,0.7181009034,0.8035714286,56,0
moneyline,frozen_pregame_subset,F19 equal consensus,0.51,40.77318887,0,56,45,11,0,560,40.77318887,0.07280926584,0.7181009034,0.8035714286,56,0
moneyline,frozen_pregame_subset,F19 equal consensus,0.52,40.77318887,10,55,45,10,0,550,50.77318887,0.09231488886,0.7217375141,0.8181818182,55,0
moneyline,frozen_pregame_subset,F19 equal consensus,0.53,40.77318887,2,54,44,10,0,540,42.77318887,0.07920960902,0.7253588182,0.8148148148,54,0
moneyline,frozen_pregame_subset,F19 equal consensus,0.54,40.77318887,32,51,44,7,0,510,72.77318887,0.1426925272,0.7365991317,0.862745098,51,0
moneyline,frozen_pregame_subset,F19 equal consensus,0.55,40.77318887,32,51,44,7,0,510,72.77318887,0.1426925272,0.7365991317,0.862745098,51,0
moneyline,frozen_pregame_subset,F19 equal consensus,0.56,40.77318887,27.44973545,48,42,6,0,480,68.22292432,0.1421310923,0.7477775511,0.875,48,0
moneyline,frozen_pregame_subset,F19 equal consensus,0.57,40.77318887,20.78306878,47,41,6,0,470,61.55625765,0.130970761,0.7517289008,0.8723404255,47,0
moneyline,frozen_pregame_subset,F19 equal consensus,0.58,40.77318887,13.64021164,46,40,6,0,460,54.41340051,0.1182900011,0.7555938681,0.8695652174,46,0
moneyline,frozen_pregame_subset,F19 equal consensus,0.59,40.77318887,8.084656084,45,39,6,0,450,48.85784495,0.1085729888,0.759458782,0.8666666667,45,0
moneyline,frozen_pregame_subset,F19 equal consensus,0.6,40.77318887,1.911816578,44,38,6,0,440,42.68500545,0.09701137602,0.7631910954,0.8636363636,44,0
moneyline,frozen_pregame_subset,F19 equal consensus,0.61,40.77318887,-5.780491114,43,37,6,0,430,34.99269776,0.08137836688,0.7669025092,0.8604651163,43,0
moneyline,frozen_pregame_subset,F19 equal consensus,0.62,40.77318887,-5.780491114,43,37,6,0,430,34.99269776,0.08137836688,0.7669025092,0.8604651163,43,0
moneyline,frozen_pregame_subset,F19 equal consensus,0.63,40.77318887,-5.780491114,43,37,6,0,430,34.99269776,0.08137836688,0.7669025092,0.8604651163,43,0
moneyline,frozen_pregame_subset,F19 equal consensus,0.64,40.77318887,-21.58116474,40,34,6,0,400,19.19202413,0.04798006032,0.7769517969,0.85,40,0
moneyline,frozen_pregame_subset,F19 equal consensus,0.65,40.77318887,-38.5094991,36,30,6,0,360,2.263689769,0.006288027136,0.7915030013,0.8333333333,36,0
moneyline,frozen_pregame_subset,F19 equal consensus,0.66,40.77318887,-43.56000415,35,29,6,0,350,-2.786815282,-0.007962329377,0.7953753541,0.8285714286,35,0
moneyline,frozen_pregame_subset,F19 equal consensus,0.67,40.77318887,-38.96540956,33,28,5,0,330,1.807779313,0.00547811913,0.8035197496,0.8484848485,33,0
moneyline,frozen_pregame_subset,F19 equal consensus,0.68,40.77318887,-32.84137855,31,27,4,0,310,7.931810321,0.02558648491,0.811701248,0.8709677419,31,0
moneyline,frozen_pregame_subset,F19 equal consensus,0.69,40.77318887,-37.18920464,30,26,4,0,300,3.583984234,0.01194661411,0.8160804184,0.8666666667,30,0
moneyline,frozen_pregame_subset,F19 equal consensus,0.7,40.77318887,-40.54490933,29,25,4,0,290,0.2282795359,0.0007871708134,0.8201875131,0.8620689655,29,0
moneyline,frozen_pregame_subset,F19 equal consensus,0.71,40.77318887,-40.54490933,29,25,4,0,290,0.2282795359,0.0007871708134,0.8201875131,0.8620689655,29,0
moneyline,frozen_pregame_subset,F19 equal consensus,0.72,40.77318887,-30.54490933,28,25,3,0,280,10.22827954,0.03652956977,0.8239066207,0.8928571429,28,0
moneyline,frozen_pregame_subset,F19 equal consensus,0.73,40.77318887,-30.54490933,28,25,3,0,280,10.22827954,0.03652956977,0.8239066207,0.8928571429,28,0
moneyline,frozen_pregame_subset,F19 equal consensus,0.74,40.77318887,-30.54490933,28,25,3,0,280,10.22827954,0.03652956977,0.8239066207,0.8928571429,28,0
moneyline,frozen_pregame_subset,F19 equal consensus,0.75,40.77318887,-31.33790076,23,21,2,0,230,9.435288113,0.0410229918,0.840576354,0.9130434783,23,0
moneyline,frozen_pregame_subset,F19 equal consensus,0.76,40.77318887,-25.59510697,20,19,1,0,200,15.1780819,0.07589040952,0.8536375512,0.95,20,0
moneyline,frozen_pregame_subset,F19 equal consensus,0.77,40.77318887,-30.49941319,18,17,1,0,180,10.27377568,0.05707653158,0.86368885,0.9444444444,18,0
moneyline,frozen_pregame_subset,F19 equal consensus,0.78,40.77318887,-30.49941319,18,17,1,0,180,10.27377568,0.05707653158,0.86368885,0.9444444444,18,0
moneyline,frozen_pregame_subset,F19 equal consensus,0.79,40.77318887,-32.317595,17,16,1,0,170,8.455593867,0.04973878745,0.8685061595,0.9411764706,17,0
moneyline,frozen_pregame_subset,F19 equal consensus,0.8,40.77318887,-34.05672544,16,15,1,0,160,6.716463432,0.04197789645,0.8731896059,0.9375,16,0
moneyline,frozen_pregame_subset,F19 equal consensus,0.81,40.77318887,-39.65440666,13,12,1,0,130,1.118782216,0.008606017045,0.8887125138,0.9230769231,13,0
moneyline,frozen_pregame_subset,F19 equal consensus,0.82,40.77318887,-41.47258847,12,11,1,0,120,-0.6993996021,-0.005828330018,0.8945462881,0.9166666667,12,0
moneyline,frozen_pregame_subset,F19 equal consensus,0.83,40.77318887,-31.47258847,11,11,0,0,110,9.300600398,0.08455091271,0.9004402672,1,11,0
moneyline,frozen_pregame_subset,F19 equal consensus,0.84,40.77318887,-35.21171891,9,9,0,0,90,5.561469963,0.0617941107,0.9158695509,1,9,0
moneyline,frozen_pregame_subset,F19 equal consensus,0.85,40.77318887,-35.21171891,9,9,0,0,90,5.561469963,0.0617941107,0.9158695509,1,9,0
moneyline,frozen_pregame_subset,F19 equal consensus,0.86,40.77318887,-35.21171891,9,9,0,0,90,5.561469963,0.0617941107,0.9158695509,1,9,0
moneyline,frozen_pregame_subset,F19 equal consensus,0.87,40.77318887,-36.21171891,8,8,0,0,80,4.561469963,0.05701837454,0.9227021216,1,8,0
moneyline,frozen_pregame_subset,F19 equal consensus,0.88,40.77318887,-36.92600462,7,7,0,0,70,3.847184249,0.05495977498,0.9293934263,1,7,0
moneyline,frozen_pregame_subset,F19 equal consensus,0.89,40.77318887,-37.9786362,6,6,0,0,60,2.79455267,0.04657587783,0.9374952388,1,6,0
moneyline,frozen_pregame_subset,F19 equal consensus,0.9,40.77318887,-38.93101715,5,5,0,0,50,1.842171717,0.03684343434,0.9456468556,1,5,0
moneyline,frozen_pregame_subset,F19 equal consensus,0.91,40.77318887,-38.93101715,5,5,0,0,50,1.842171717,0.03684343434,0.9456468556,1,5,0
moneyline,frozen_pregame_subset,F19 equal consensus,0.92,40.77318887,-40.16207776,3,3,0,0,30,0.6111111111,0.02037037037,0.9644792137,1,3,0
moneyline,frozen_pregame_subset,F19 equal consensus,0.93,40.77318887,-40.16207776,3,3,0,0,30,0.6111111111,0.02037037037,0.9644792137,1,3,0
moneyline,frozen_pregame_subset,F19 equal consensus,0.94,40.77318887,-40.16207776,3,3,0,0,30,0.6111111111,0.02037037037,0.9644792137,1,3,0
moneyline,frozen_pregame_subset,F19 equal consensus,0.95,40.77318887,-40.41207776,2,2,0,0,20,0.3611111111,0.01805555555,0.9717513353,1,2,0
moneyline,frozen_pregame_subset,F19 equal consensus,0.96,40.77318887,-40.41207776,2,2,0,0,20,0.3611111111,0.01805555555,0.9717513353,1,2,0
moneyline,frozen_pregame_subset,F19 equal consensus,0.97,40.77318887,-40.66207776,1,1,0,0,10,0.1111111111,0.01111111111,0.9791870035,1,1,0
moneyline,frozen_pregame_subset,F19 equal consensus,0.98,40.77318887,-40.77318887,0,0,0,0,0,0,,,,0,0
moneyline,frozen_pregame_subset,F19 equal consensus,0.99,40.77318887,-40.77318887,0,0,0,0,0,0,,,,0,0
moneyline,frozen_pregame_subset,F19 equal consensus,1,40.77318887,-40.77318887,0,0,0,0,0,0,,,,0,0
moneyline,frozen_pregame_subset,M1,0,40.77318887,0,56,45,11,0,560,40.77318887,0.07280926584,0.7253991474,0.8035714286,56,0
moneyline,frozen_pregame_subset,M1,0.5,40.77318887,0,56,45,11,0,560,40.77318887,0.07280926584,0.7253991474,0.8035714286,56,0
moneyline,frozen_pregame_subset,M1,0.51,40.77318887,10,55,45,10,0,550,50.77318887,0.09231488886,0.7293226465,0.8181818182,55,0
moneyline,frozen_pregame_subset,M1,0.52,40.77318887,20,54,45,9,0,540,60.77318887,0.1125429424,0.7332352781,0.8333333333,54,0
moneyline,frozen_pregame_subset,M1,0.53,40.77318887,12,53,44,9,0,530,52.77318887,0.09957205447,0.7371205209,0.8301886792,53,0
moneyline,frozen_pregame_subset,M1,0.54,40.77318887,22,52,44,8,0,520,62.77318887,0.1207176709,0.7410540024,0.8461538462,52,0
moneyline,frozen_pregame_subset,M1,0.55,40.77318887,32,51,44,7,0,510,72.77318887,0.1426925272,0.7449236288,0.862745098,51,0
moneyline,frozen_pregame_subset,M1,0.56,40.77318887,42,50,44,6,0,500,82.77318887,0.1655463777,0.7487103071,0.88,50,0
moneyline,frozen_pregame_subset,M1,0.57,40.77318887,35.33333333,49,43,6,0,490,76.1065222,0.1553194331,0.7524306667,0.8775510204,49,0
moneyline,frozen_pregame_subset,M1,0.58,40.77318887,35.33333333,49,43,6,0,490,76.1065222,0.1553194331,0.7524306667,0.8775510204,49,0
moneyline,frozen_pregame_subset,M1,0.59,40.77318887,35.33333333,49,43,6,0,490,76.1065222,0.1553194331,0.7524306667,0.8775510204,49,0
moneyline,frozen_pregame_subset,M1,0.6,40.77318887,28.19047619,48,42,6,0,480,68.96366506,0.1436743022,0.7556264582,0.875,48,0
moneyline,frozen_pregame_subset,M1,0.61,40.77318887,16.02116402,46,40,6,0,460,56.79435289,0.1234659845,0.7620556718,0.8695652174,46,0
moneyline,frozen_pregame_subset,M1,0.62,40.77318887,4.013995562,44,38,6,0,440,44.78718443,0.1017890555,0.7688841714,0.8636363636,44,0
moneyline,frozen_pregame_subset,M1,0.63,40.77318887,6.32168787,42,37,5,0,420,47.09487674,0.1121306589,0.7758641676,0.880952381,42,0
moneyline,frozen_pregame_subset,M1,0.64,40.77318887,0.148848364,41,36,5,0,410,40.92203723,0.09980984691,0.7791781568,0.8780487805,41,0
moneyline,frozen_pregame_subset,M1,0.65,40.77318887,-16.63166979,38,33,5,0,380,24.14151908,0.06353031336,0.7897121546,0.8684210526,38,0
moneyline,frozen_pregame_subset,M1,0.66,40.77318887,-20.50763879,37,32,5,0,370,20.26555009,0.05477175699,0.7934463246,0.8648648649,37,0
moneyline,frozen_pregame_subset,M1,0.67,40.77318887,-20.50763879,37,32,5,0,370,20.26555009,0.05477175699,0.7934463246,0.8648648649,37,0
moneyline,frozen_pregame_subset,M1,0.68,40.77318887,-15.91304419,35,31,4,0,350,24.86014468,0.0710289848,0.800105645,0.8857142857,35,0
moneyline,frozen_pregame_subset,M1,0.69,40.77318887,-35.66686055,30,26,4,0,300,5.106328316,0.01702109439,0.8192607239,0.8666666667,30,0
moneyline,frozen_pregame_subset,M1,0.7,40.77318887,-40.54490933,29,25,4,0,290,0.2282795359,0.0007871708134,0.823558805,0.8620689655,29,0
moneyline,frozen_pregame_subset,M1,0.71,40.77318887,-43.32268711,28,24,4,0,280,-2.549498242,-0.009105350865,0.8278086765,0.8571428571,28,0
moneyline,frozen_pregame_subset,M1,0.72,40.77318887,-43.32268711,28,24,4,0,280,-2.549498242,-0.009105350865,0.8278086765,0.8571428571,28,0
moneyline,frozen_pregame_subset,M1,0.73,40.77318887,-43.32268711,28,24,4,0,280,-2.549498242,-0.009105350865,0.8278086765,0.8571428571,28,0
moneyline,frozen_pregame_subset,M1,0.74,40.77318887,-33.32268711,27,24,3,0,270,7.450501758,0.02759445096,0.8311449215,0.8888888889,27,0
moneyline,frozen_pregame_subset,M1,0.75,40.77318887,-25.85433268,25,23,2,0,250,14.91885619,0.05967542475,0.837861695,0.92,25,0
moneyline,frozen_pregame_subset,M1,0.76,40.77318887,-33.15608258,22,20,2,0,220,7.617106295,0.03462321043,0.8493558684,0.9090909091,22,0
moneyline,frozen_pregame_subset,M1,0.77,40.77318887,-23.15608258,21,20,1,0,210,17.61710629,0.08389098236,0.8534516251,0.9523809524,21,0
moneyline,frozen_pregame_subset,M1,0.78,40.77318887,-30.49941319,18,17,1,0,180,10.27377568,0.05707653158,0.8664764024,0.9444444444,18,0
moneyline,frozen_pregame_subset,M1,0.79,40.77318887,-32.56126886,17,16,1,0,170,8.211920015,0.04830541185,0.8715541432,0.9411764706,17,0
moneyline,frozen_pregame_subset,M1,0.8,40.77318887,-24.43042774,15,15,0,0,150,16.34276114,0.1089517409,0.88149008,1,15,0
moneyline,frozen_pregame_subset,M1,0.81,40.77318887,-26.16955817,14,14,0,0,140,14.6036307,0.1043116479,0.8869967278,1,14,0
moneyline,frozen_pregame_subset,M1,0.82,40.77318887,-29.65440666,12,12,0,0,120,11.11878222,0.09265651847,0.8994563766,1,12,0
moneyline,frozen_pregame_subset,M1,0.83,40.77318887,-29.65440666,12,12,0,0,120,11.11878222,0.09265651847,0.8994563766,1,12,0
moneyline,frozen_pregame_subset,M1,0.84,40.77318887,-31.47258847,11,11,0,0,110,9.300600398,0.08455091271,0.9051652657,1,11,0
moneyline,frozen_pregame_subset,M1,0.85,40.77318887,-31.47258847,11,11,0,0,110,9.300600398,0.08455091271,0.9051652657,1,11,0
moneyline,frozen_pregame_subset,M1,0.86,40.77318887,-33.21171891,10,10,0,0,100,7.561469963,0.07561469963,0.9104347123,1,10,0
moneyline,frozen_pregame_subset,M1,0.87,40.77318887,-35.21171891,9,9,0,0,90,5.561469963,0.0617941107,0.9157581733,1,9,0
moneyline,frozen_pregame_subset,M1,0.88,40.77318887,-37.9786362,6,6,0,0,60,2.79455267,0.04657587783,0.9356846331,1,6,0
moneyline,frozen_pregame_subset,M1,0.89,40.77318887,-37.9786362,6,6,0,0,60,2.79455267,0.04657587783,0.9356846331,1,6,0
moneyline,frozen_pregame_subset,M1,0.9,40.77318887,-37.9786362,6,6,0,0,60,2.79455267,0.04657587783,0.9356846331,1,6,0
moneyline,frozen_pregame_subset,M1,0.91,40.77318887,-39.55601715,4,4,0,0,40,1.217171717,0.03042929293,0.9510014821,1,4,0
moneyline,frozen_pregame_subset,M1,0.92,40.77318887,-39.55601715,4,4,0,0,40,1.217171717,0.03042929293,0.9510014821,1,4,0
moneyline,frozen_pregame_subset,M1,0.93,40.77318887,-40.16207776,3,3,0,0,30,0.6111111111,0.02037037037,0.9595782311,1,3,0
moneyline,frozen_pregame_subset,M1,0.94,40.77318887,-40.16207776,3,3,0,0,30,0.6111111111,0.02037037037,0.9595782311,1,3,0
moneyline,frozen_pregame_subset,M1,0.95,40.77318887,-40.41207776,2,2,0,0,20,0.3611111111,0.01805555555,0.9675716469,1,2,0
moneyline,frozen_pregame_subset,M1,0.96,40.77318887,-40.66207776,1,1,0,0,10,0.1111111111,0.01111111111,0.9755460543,1,1,0
moneyline,frozen_pregame_subset,M1,0.97,40.77318887,-40.66207776,1,1,0,0,10,0.1111111111,0.01111111111,0.9755460543,1,1,0
moneyline,frozen_pregame_subset,M1,0.98,40.77318887,-40.77318887,0,0,0,0,0,0,,,,0,0
moneyline,frozen_pregame_subset,M1,0.99,40.77318887,-40.77318887,0,0,0,0,0,0,,,,0,0
moneyline,frozen_pregame_subset,M1,1,40.77318887,-40.77318887,0,0,0,0,0,0,,,,0,0
moneyline,frozen_pregame_subset,M10,0,119.3065222,0,56,48,8,0,560,119.3065222,0.2130473611,0.7099155147,0.8571428571,56,0
moneyline,frozen_pregame_subset,M10,0.5,119.3065222,0,56,48,8,0,560,119.3065222,0.2130473611,0.7099155147,0.8571428571,56,0
moneyline,frozen_pregame_subset,M10,0.51,119.3065222,10,55,48,7,0,550,129.3065222,0.2351027676,0.7137129884,0.8727272727,55,0
moneyline,frozen_pregame_subset,M10,0.52,119.3065222,-21.4054054,52,45,7,0,520,97.9011168,0.1882713785,0.7251081026,0.8653846154,52,0
moneyline,frozen_pregame_subset,M10,0.53,119.3065222,-21.4054054,52,45,7,0,520,97.9011168,0.1882713785,0.7251081026,0.8653846154,52,0
moneyline,frozen_pregame_subset,M10,0.54,119.3065222,-18.54826255,50,44,6,0,500,100.7582597,0.2015165193,0.732703253,0.88,50,0
moneyline,frozen_pregame_subset,M10,0.55,119.3065222,-23.42631133,49,43,6,0,490,95.88021088,0.1956738997,0.7364633548,0.8775510204,49,0
moneyline,frozen_pregame_subset,M10,0.56,119.3065222,-23.42631133,49,43,6,0,490,95.88021088,0.1956738997,0.7364633548,0.8775510204,49,0
moneyline,frozen_pregame_subset,M10,0.57,119.3065222,-29.59915083,48,42,6,0,480,89.70737137,0.186890357,0.7400478009,0.875,48,0
moneyline,frozen_pregame_subset,M10,0.58,119.3065222,-50.34200798,46,40,6,0,460,68.96451423,0.149922857,0.7473288315,0.8695652174,46,0
moneyline,frozen_pregame_subset,M10,0.59,119.3065222,-60.34200798,45,39,6,0,450,58.96451423,0.1310322538,0.7509849627,0.8666666667,45,0
moneyline,frozen_pregame_subset,M10,0.6,119.3065222,-80.39362088,43,37,6,0,430,38.91290132,0.09049511936,0.7583955266,0.8604651163,43,0
moneyline,frozen_pregame_subset,M10,0.61,119.3065222,-88.08592857,42,36,6,0,420,31.22059363,0.07433474674,0.7619807836,0.8571428571,42,0
moneyline,frozen_pregame_subset,M10,0.62,119.3065222,-92.84783333,41,35,6,0,410,26.45868887,0.06453338749,0.7656609165,0.8536585366,41,0
moneyline,frozen_pregame_subset,M10,0.63,119.3065222,-92.84783333,41,35,6,0,410,26.45868887,0.06453338749,0.7656609165,0.8536585366,41,0
moneyline,frozen_pregame_subset,M10,0.64,119.3065222,-88.40338889,39,34,5,0,390,30.90313331,0.07923880337,0.7724189541,0.8717948718,39,0
moneyline,frozen_pregame_subset,M10,0.65,119.3065222,-103.511394,35,30,5,0,350,15.79512818,0.04512893767,0.7868273792,0.8571428571,35,0
moneyline,frozen_pregame_subset,M10,0.66,119.3065222,-110.5258868,33,28,5,0,330,8.78063543,0.02660798615,0.7947149241,0.8484848485,33,0
moneyline,frozen_pregame_subset,M10,0.67,119.3065222,-110.5258868,33,28,5,0,330,8.78063543,0.02660798615,0.7947149241,0.8484848485,33,0
moneyline,frozen_pregame_subset,M10,0.68,119.3065222,-112.9649112,32,27,5,0,320,6.34161104,0.0198175345,0.7983705911,0.84375,32,0
moneyline,frozen_pregame_subset,M10,0.69,119.3065222,-118.0154162,31,26,5,0,310,1.291105989,0.004164858029,0.8019836798,0.8387096774,31,0
moneyline,frozen_pregame_subset,M10,0.7,119.3065222,-118.239725,28,24,4,0,280,1.066797174,0.003809989907,0.8133447,0.8571428571,28,0
moneyline,frozen_pregame_subset,M10,0.71,119.3065222,-120.0579068,27,23,4,0,270,-0.7513846441,-0.002782906089,0.8174161333,0.8518518519,27,0
moneyline,frozen_pregame_subset,M10,0.72,119.3065222,-125.4633123,26,22,4,0,260,-6.156790049,-0.02367996173,0.8211669707,0.8461538462,26,0
moneyline,frozen_pregame_subset,M10,0.73,119.3065222,-129.7360395,24,20,4,0,240,-10.42951732,-0.04345632218,0.8288827291,0.8333333333,24,0
moneyline,frozen_pregame_subset,M10,0.74,119.3065222,-134.8308747,22,18,4,0,220,-15.52435246,-0.07056523843,0.8376570961,0.8181818182,22,0
moneyline,frozen_pregame_subset,M10,0.75,119.3065222,-137.4624536,21,17,4,0,210,-18.1559314,-0.0864568162,0.8418937246,0.8095238095,21,0
moneyline,frozen_pregame_subset,M10,0.76,119.3065222,-139.9940992,20,16,4,0,200,-20.68757697,-0.1034378849,0.84607405,0.8,20,0
moneyline,frozen_pregame_subset,M10,0.77,119.3065222,-131.6607658,18,15,3,0,180,-12.35424364,-0.06863468688,0.8548763198,0.8333333333,18,0
moneyline,frozen_pregame_subset,M10,0.78,119.3065222,-124.4385436,16,14,2,0,160,-5.132021417,-0.03207513386,0.8644231356,0.875,16,0
moneyline,frozen_pregame_subset,M10,0.79,119.3065222,-124.4385436,16,14,2,0,160,-5.132021417,-0.03207513386,0.8644231356,0.875,16,0
moneyline,frozen_pregame_subset,M10,0.8,119.3065222,-128.1258843,14,12,2,0,140,-8.819362114,-0.06299544367,0.8740610601,0.8571428571,14,0
moneyline,frozen_pregame_subset,M10,0.81,119.3065222,-129.1258843,13,11,2,0,130,-9.819362114,-0.07553355472,0.8795645237,0.8461538462,13,0
moneyline,frozen_pregame_subset,M10,0.82,119.3065222,-120.9440661,11,10,1,0,110,-1.637543932,-0.01488676302,0.8916665571,0.9090909091,11,0
moneyline,frozen_pregame_subset,M10,0.83,119.3065222,-111.6583519,9,9,0,0,90,7.648170354,0.0849796706,0.9065871957,1,9,0
moneyline,frozen_pregame_subset,M10,0.84,119.3065222,-113.7202075,8,8,0,0,80,5.586314684,0.06982893354,0.9160783105,1,8,0
moneyline,frozen_pregame_subset,M10,0.85,119.3065222,-113.7202075,8,8,0,0,80,5.586314684,0.06982893354,0.9160783105,1,8,0
moneyline,frozen_pregame_subset,M10,0.86,119.3065222,-113.7202075,8,8,0,0,80,5.586314684,0.06982893354,0.9160783105,1,8,0
moneyline,frozen_pregame_subset,M10,0.87,119.3065222,-115.459338,7,7,0,0,70,3.847184249,0.05495977498,0.9237699801,1,7,0
moneyline,frozen_pregame_subset,M10,0.88,119.3065222,-115.459338,7,7,0,0,70,3.847184249,0.05495977498,0.9237699801,1,7,0
moneyline,frozen_pregame_subset,M10,0.89,119.3065222,-115.459338,7,7,0,0,70,3.847184249,0.05495977498,0.9237699801,1,7,0
moneyline,frozen_pregame_subset,M10,0.9,119.3065222,-117.4643505,5,5,0,0,50,1.842171717,0.03684343434,0.9344425652,1,5,0
moneyline,frozen_pregame_subset,M10,0.91,119.3065222,-118.0893505,4,4,0,0,40,1.217171717,0.03042929293,0.9430507651,1,4,0
moneyline,frozen_pregame_subset,M10,0.92,119.3065222,-118.6954111,3,3,0,0,30,0.6111111111,0.02037037037,0.9536769799,1,3,0
moneyline,frozen_pregame_subset,M10,0.93,119.3065222,-118.9454111,2,2,0,0,20,0.3611111111,0.01805555555,0.966241511,1,2,0
moneyline,frozen_pregame_subset,M10,0.94,119.3065222,-118.9454111,2,2,0,0,20,0.3611111111,0.01805555555,0.966241511,1,2,0
moneyline,frozen_pregame_subset,M10,0.95,119.3065222,-118.9454111,2,2,0,0,20,0.3611111111,0.01805555555,0.966241511,1,2,0
moneyline,frozen_pregame_subset,M10,0.96,119.3065222,-119.1954111,1,1,0,0,10,0.1111111111,0.01111111111,0.9741633507,1,1,0
moneyline,frozen_pregame_subset,M10,0.97,119.3065222,-119.1954111,1,1,0,0,10,0.1111111111,0.01111111111,0.9741633507,1,1,0
moneyline,frozen_pregame_subset,M10,0.98,119.3065222,-119.3065222,0,0,0,0,0,0,,,,0,0
moneyline,frozen_pregame_subset,M10,0.99,119.3065222,-119.3065222,0,0,0,0,0,0,,,,0,0
moneyline,frozen_pregame_subset,M10,1,119.3065222,-119.3065222,0,0,0,0,0,0,,,,0,0
moneyline,frozen_pregame_subset,M2,0,40.77318887,0,56,45,11,0,560,40.77318887,0.07280926584,0.7271103226,0.8035714286,56,0
moneyline,frozen_pregame_subset,M2,0.5,40.77318887,0,56,45,11,0,560,40.77318887,0.07280926584,0.7271103226,0.8035714286,56,0
moneyline,frozen_pregame_subset,M2,0.51,40.77318887,0,56,45,11,0,560,40.77318887,0.07280926584,0.7271103226,0.8035714286,56,0
moneyline,frozen_pregame_subset,M2,0.52,40.77318887,10,55,45,10,0,550,50.77318887,0.09231488886,0.7308769859,0.8181818182,55,0
moneyline,frozen_pregame_subset,M2,0.53,40.77318887,2.592592593,54,44,10,0,540,43.36578146,0.08030700271,0.7347164106,0.8148148148,54,0
moneyline,frozen_pregame_subset,M2,0.54,40.77318887,2.592592593,54,44,10,0,540,43.36578146,0.08030700271,0.7347164106,0.8148148148,54,0
moneyline,frozen_pregame_subset,M2,0.55,40.77318887,12.59259259,53,44,9,0,530,53.36578146,0.1006901537,0.7383453656,0.8301886792,53,0
moneyline,frozen_pregame_subset,M2,0.56,40.77318887,14.59259259,51,43,8,0,510,55.36578146,0.1085603558,0.7456327634,0.8431372549,51,0
moneyline,frozen_pregame_subset,M2,0.57,40.77318887,24.59259259,50,43,7,0,500,65.36578146,0.1307315629,0.7492045533,0.86,50,0
moneyline,frozen_pregame_subset,M2,0.58,40.77318887,24.59259259,50,43,7,0,500,65.36578146,0.1307315629,0.7492045533,0.86,50,0
moneyline,frozen_pregame_subset,M2,0.59,40.77318887,17.92592593,49,42,7,0,490,58.6991148,0.1197941118,0.7525187266,0.8571428571,49,0
moneyline,frozen_pregame_subset,M2,0.6,40.77318887,14.06077873,46,40,6,0,460,54.8339676,0.1192042774,0.7626069667,0.8695652174,46,0
moneyline,frozen_pregame_subset,M2,0.61,40.77318887,8.505223172,45,39,6,0,450,49.27841204,0.1095075823,0.7661187772,0.8666666667,45,0
moneyline,frozen_pregame_subset,M2,0.62,40.77318887,1.362366029,44,38,6,0,440,42.1355549,0.09576262477,0.769562429,0.8636363636,44,0
moneyline,frozen_pregame_subset,M2,0.63,40.77318887,1.362366029,44,38,6,0,440,42.1355549,0.09576262477,0.769562429,0.8636363636,44,0
moneyline,frozen_pregame_subset,M2,0.64,40.77318887,-16.81925998,41,35,6,0,410,23.95392889,0.05842421681,0.7793904682,0.8536585366,41,0
moneyline,frozen_pregame_subset,M2,0.65,40.77318887,-16.81925998,41,35,6,0,410,23.95392889,0.05842421681,0.7793904682,0.8536585366,41,0
moneyline,frozen_pregame_subset,M2,0.66,40.77318887,-32.39197555,38,32,6,0,380,8.381213319,0.02205582452,0.7892500374,0.8421052632,38,0
moneyline,frozen_pregame_subset,M2,0.67,40.77318887,-48.96540956,34,28,6,0,340,-8.192220687,-0.02409476673,0.8039690678,0.8235294118,34,0
moneyline,frozen_pregame_subset,M2,0.68,40.77318887,-32.84137855,31,27,4,0,310,7.931810321,0.02558648491,0.8165471912,0.8709677419,31,0
moneyline,frozen_pregame_subset,M2,0.69,40.77318887,-40.54490933,29,25,4,0,290,0.2282795359,0.0007871708134,0.8255455905,0.8620689655,29,0
moneyline,frozen_pregame_subset,M2,0.7,40.77318887,-40.54490933,29,25,4,0,290,0.2282795359,0.0007871708134,0.8255455905,0.8620689655,29,0
moneyline,frozen_pregame_subset,M2,0.71,40.77318887,-30.54490933,28,25,3,0,280,10.22827954,0.03652956977,0.8299212823,0.8928571429,28,0
moneyline,frozen_pregame_subset,M2,0.72,40.77318887,-30.54490933,28,25,3,0,280,10.22827954,0.03652956977,0.8299212823,0.8928571429,28,0
moneyline,frozen_pregame_subset,M2,0.73,40.77318887,-30.54490933,28,25,3,0,280,10.22827954,0.03652956977,0.8299212823,0.8928571429,28,0
moneyline,frozen_pregame_subset,M2,0.74,40.77318887,-30.54490933,28,25,3,0,280,10.22827954,0.03652956977,0.8299212823,0.8928571429,28,0
moneyline,frozen_pregame_subset,M2,0.75,40.77318887,-25.74322157,25,23,2,0,250,15.0299673,0.0601198692,0.8404726542,0.92,25,0
moneyline,frozen_pregame_subset,M2,0.76,40.77318887,-30.83285025,23,21,2,0,230,9.940338618,0.04321886356,0.8477498987,0.9130434783,23,0
moneyline,frozen_pregame_subset,M2,0.77,40.77318887,-23.61062803,21,20,1,0,210,17.16256084,0.08172648019,0.8559470196,0.9523809524,21,0
moneyline,frozen_pregame_subset,M2,0.78,40.77318887,-27.24699167,19,18,1,0,190,13.5261972,0.0711905116,0.8645459447,0.9473684211,19,0
moneyline,frozen_pregame_subset,M2,0.79,40.77318887,-32.317595,17,16,1,0,170,8.455593867,0.04973878745,0.8741545122,0.9411764706,17,0
moneyline,frozen_pregame_subset,M2,0.8,40.77318887,-32.317595,17,16,1,0,170,8.455593867,0.04973878745,0.8741545122,0.9411764706,17,0
moneyline,frozen_pregame_subset,M2,0.81,40.77318887,-34.37945067,16,15,1,0,160,6.393738197,0.03996086373,0.8785493349,0.9375,16,0
moneyline,frozen_pregame_subset,M2,0.82,40.77318887,-36.11858111,15,14,1,0,150,4.654607762,0.03103071841,0.882950684,0.9333333333,15,0
moneyline,frozen_pregame_subset,M2,0.83,40.77318887,-29.80592181,12,12,0,0,120,10.96726706,0.09139389221,0.8967882411,1,12,0
moneyline,frozen_pregame_subset,M2,0.84,40.77318887,-35.21171891,9,9,0,0,90,5.561469963,0.0617941107,0.9180497527,1,9,0
moneyline,frozen_pregame_subset,M2,0.85,40.77318887,-35.21171891,9,9,0,0,90,5.561469963,0.0617941107,0.9180497527,1,9,0
moneyline,frozen_pregame_subset,M2,0.86,40.77318887,-35.21171891,9,9,0,0,90,5.561469963,0.0617941107,0.9180497527,1,9,0
moneyline,frozen_pregame_subset,M2,0.87,40.77318887,-35.21171891,9,9,0,0,90,5.561469963,0.0617941107,0.9180497527,1,9,0
moneyline,frozen_pregame_subset,M2,0.88,40.77318887,-36.21171891,8,8,0,0,80,4.561469963,0.05701837454,0.9235073815,1,8,0
moneyline,frozen_pregame_subset,M2,0.89,40.77318887,-36.92600462,7,7,0,0,70,3.847184249,0.05495977498,0.9283304368,1,7,0
moneyline,frozen_pregame_subset,M2,0.9,40.77318887,-38.93101715,5,5,0,0,50,1.842171717,0.03684343434,0.941595706,1,5,0
moneyline,frozen_pregame_subset,M2,0.91,40.77318887,-40.16207776,3,3,0,0,30,0.6111111111,0.02037037037,0.964894352,1,3,0
moneyline,frozen_pregame_subset,M2,0.92,40.77318887,-40.16207776,3,3,0,0,30,0.6111111111,0.02037037037,0.964894352,1,3,0
moneyline,frozen_pregame_subset,M2,0.93,40.77318887,-40.16207776,3,3,0,0,30,0.6111111111,0.02037037037,0.964894352,1,3,0
moneyline,frozen_pregame_subset,M2,0.94,40.77318887,-40.16207776,3,3,0,0,30,0.6111111111,0.02037037037,0.964894352,1,3,0
moneyline,frozen_pregame_subset,M2,0.95,40.77318887,-40.16207776,3,3,0,0,30,0.6111111111,0.02037037037,0.964894352,1,3,0
moneyline,frozen_pregame_subset,M2,0.96,40.77318887,-40.41207776,2,2,0,0,20,0.3611111111,0.01805555555,0.9701734168,1,2,0
moneyline,frozen_pregame_subset,M2,0.97,40.77318887,-40.66207776,1,1,0,0,10,0.1111111111,0.01111111111,0.9766636542,1,1,0
moneyline,frozen_pregame_subset,M2,0.98,40.77318887,-40.77318887,0,0,0,0,0,0,,,,0,0
moneyline,frozen_pregame_subset,M2,0.99,40.77318887,-40.77318887,0,0,0,0,0,0,,,,0,0
moneyline,frozen_pregame_subset,M2,1,40.77318887,-40.77318887,0,0,0,0,0,0,,,,0,0
moneyline,frozen_pregame_subset,M3,0,40.77318887,0,56,45,11,0,560,40.77318887,0.07280926584,0.722372932,0.8035714286,56,0
moneyline,frozen_pregame_subset,M3,0.5,40.77318887,0,56,45,11,0,560,40.77318887,0.07280926584,0.722372932,0.8035714286,56,0
moneyline,frozen_pregame_subset,M3,0.51,40.77318887,0,56,45,11,0,560,40.77318887,0.07280926584,0.722372932,0.8035714286,56,0
moneyline,frozen_pregame_subset,M3,0.52,40.77318887,0,56,45,11,0,560,40.77318887,0.07280926584,0.722372932,0.8035714286,56,0
moneyline,frozen_pregame_subset,M3,0.53,40.77318887,10,55,45,10,0,550,50.77318887,0.09231488886,0.725877692,0.8181818182,55,0
moneyline,frozen_pregame_subset,M3,0.54,40.77318887,12.59259259,53,44,9,0,530,53.36578146,0.1006901537,0.7330921342,0.8301886792,53,0
moneyline,frozen_pregame_subset,M3,0.55,40.77318887,22.59259259,52,44,8,0,520,63.36578146,0.121857272,0.7367161778,0.8461538462,52,0
moneyline,frozen_pregame_subset,M3,0.56,40.77318887,14.59259259,51,43,8,0,510,55.36578146,0.1085603558,0.7403455547,0.8431372549,51,0
moneyline,frozen_pregame_subset,M3,0.57,40.77318887,11.89417989,48,41,7,0,480,52.66736876,0.1097236849,0.7513966348,0.8541666667,48,0
moneyline,frozen_pregame_subset,M3,0.58,40.77318887,21.89417989,47,41,6,0,470,62.66736876,0.1333348272,0.755179429,0.8723404255,47,0
moneyline,frozen_pregame_subset,M3,0.59,40.77318887,14.2018722,46,40,6,0,460,54.97506107,0.1195110023,0.7588597709,0.8695652174,46,0
moneyline,frozen_pregame_subset,M3,0.6,40.77318887,1.362366029,44,38,6,0,440,42.1355549,0.09576262477,0.7662664809,0.8636363636,44,0
moneyline,frozen_pregame_subset,M3,0.61,40.77318887,1.362366029,44,38,6,0,440,42.1355549,0.09576262477,0.7662664809,0.8636363636,44,0
moneyline,frozen_pregame_subset,M3,0.62,40.77318887,1.362366029,44,38,6,0,440,42.1355549,0.09576262477,0.7662664809,0.8636363636,44,0
moneyline,frozen_pregame_subset,M3,0.63,40.77318887,-5.089246874,43,37,6,0,430,35.683942,0.08298591162,0.7696566605,0.8604651163,43,0
moneyline,frozen_pregame_subset,M3,0.64,40.77318887,-17.28260907,41,35,6,0,410,23.4905798,0.05729409708,0.7764061553,0.8536585366,41,0
moneyline,frozen_pregame_subset,M3,0.65,40.77318887,-29.57284626,38,32,6,0,380,11.20034261,0.02947458581,0.7868528736,0.8421052632,38,0
moneyline,frozen_pregame_subset,M3,0.66,40.77318887,-42.03766007,35,29,6,0,350,-1.2644712,-0.003612774857,0.7982092728,0.8285714286,35,0
moneyline,frozen_pregame_subset,M3,0.67,40.77318887,-56.66894034,32,26,6,0,320,-15.89575147,-0.04967422335,0.8105046706,0.8125,32,0
moneyline,frozen_pregame_subset,M3,0.68,40.77318887,-46.66894034,31,26,5,0,310,-5.895751472,-0.01901855314,0.8149267634,0.8387096774,31,0
moneyline,frozen_pregame_subset,M3,0.69,40.77318887,-46.66894034,31,26,5,0,310,-5.895751472,-0.01901855314,0.8149267634,0.8387096774,31,0
moneyline,frozen_pregame_subset,M3,0.7,40.77318887,-46.66894034,31,26,5,0,310,-5.895751472,-0.01901855314,0.8149267634,0.8387096774,31,0
moneyline,frozen_pregame_subset,M3,0.71,40.77318887,-50.54490933,30,25,5,0,300,-9.771720464,-0.03257240155,0.8186503176,0.8333333333,30,0
moneyline,frozen_pregame_subset,M3,0.72,40.77318887,-20.54490934,27,25,2,0,270,20.22827954,0.07491955384,0.8303805772,0.9259259259,27,0
moneyline,frozen_pregame_subset,M3,0.73,40.77318887,-20.54490934,27,25,2,0,270,20.22827954,0.07491955384,0.8303805772,0.9259259259,27,0
moneyline,frozen_pregame_subset,M3,0.74,40.77318887,-20.54490934,27,25,2,0,270,20.22827954,0.07491955384,0.8303805772,0.9259259259,27,0
moneyline,frozen_pregame_subset,M3,0.75,40.77318887,-33.42530557,22,20,2,0,220,7.347883301,0.03339946955,0.8496315901,0.9090909091,22,0
moneyline,frozen_pregame_subset,M3,0.76,40.77318887,-33.42530557,22,20,2,0,220,7.347883301,0.03339946955,0.8496315901,0.9090909091,22,0
moneyline,frozen_pregame_subset,M3,0.77,40.77318887,-26.24220698,20,19,1,0,200,14.53098189,0.07265490946,0.8577556837,0.95,20,0
moneyline,frozen_pregame_subset,M3,0.78,40.77318887,-28.0603888,19,18,1,0,190,12.71280007,0.06690947408,0.8620215871,0.9473684211,19,0
moneyline,frozen_pregame_subset,M3,0.79,40.77318887,-32.317595,17,16,1,0,170,8.455593867,0.04973878745,0.8711158844,0.9411764706,17,0
moneyline,frozen_pregame_subset,M3,0.8,40.77318887,-34.37945067,16,15,1,0,160,6.393738197,0.03996086373,0.875947634,0.9375,16,0
moneyline,frozen_pregame_subset,M3,0.81,40.77318887,-37.98773999,14,13,1,0,140,2.785448883,0.01989606345,0.8862301074,0.9285714286,14,0
moneyline,frozen_pregame_subset,M3,0.82,40.77318887,-29.65440666,12,12,0,0,120,11.11878222,0.09265651847,0.8978695658,1,12,0
moneyline,frozen_pregame_subset,M3,0.83,40.77318887,-29.65440666,12,12,0,0,120,11.11878222,0.09265651847,0.8978695658,1,12,0
moneyline,frozen_pregame_subset,M3,0.84,40.77318887,-31.39353709,11,11,0,0,110,9.379651781,0.08526956164,0.9035042833,1,11,0
moneyline,frozen_pregame_subset,M3,0.85,40.77318887,-33.39353709,10,10,0,0,100,7.379651781,0.07379651781,0.9097470049,1,10,0
moneyline,frozen_pregame_subset,M3,0.86,40.77318887,-35.21171891,9,9,0,0,90,5.561469963,0.0617941107,0.9159471005,1,9,0
moneyline,frozen_pregame_subset,M3,0.87,40.77318887,-35.21171891,9,9,0,0,90,5.561469963,0.0617941107,0.9159471005,1,9,0
moneyline,frozen_pregame_subset,M3,0.88,40.77318887,-36.21171891,8,8,0,0,80,4.561469963,0.05701837454,0.921035177,1,8,0
moneyline,frozen_pregame_subset,M3,0.89,40.77318887,-37.26435049,7,7,0,0,70,3.508838384,0.05012626263,0.9261623792,1,7,0
moneyline,frozen_pregame_subset,M3,0.9,40.77318887,-38.93101715,5,5,0,0,50,1.842171717,0.03684343434,0.9399964442,1,5,0
moneyline,frozen_pregame_subset,M3,0.91,40.77318887,-40.16207776,3,3,0,0,30,0.6111111111,0.02037037037,0.9631082344,1,3,0
moneyline,frozen_pregame_subset,M3,0.92,40.77318887,-40.16207776,3,3,0,0,30,0.6111111111,0.02037037037,0.9631082344,1,3,0
moneyline,frozen_pregame_subset,M3,0.93,40.77318887,-40.16207776,3,3,0,0,30,0.6111111111,0.02037037037,0.9631082344,1,3,0
moneyline,frozen_pregame_subset,M3,0.94,40.77318887,-40.16207776,3,3,0,0,30,0.6111111111,0.02037037037,0.9631082344,1,3,0
moneyline,frozen_pregame_subset,M3,0.95,40.77318887,-40.41207776,2,2,0,0,20,0.3611111111,0.01805555555,0.971696338,1,2,0
moneyline,frozen_pregame_subset,M3,0.96,40.77318887,-40.41207776,2,2,0,0,20,0.3611111111,0.01805555555,0.971696338,1,2,0
moneyline,frozen_pregame_subset,M3,0.97,40.77318887,-40.66207776,1,1,0,0,10,0.1111111111,0.01111111111,0.9768136454,1,1,0
moneyline,frozen_pregame_subset,M3,0.98,40.77318887,-40.77318887,0,0,0,0,0,0,,,,0,0
moneyline,frozen_pregame_subset,M3,0.99,40.77318887,-40.77318887,0,0,0,0,0,0,,,,0,0
moneyline,frozen_pregame_subset,M3,1,40.77318887,-40.77318887,0,0,0,0,0,0,,,,0,0
moneyline,frozen_pregame_subset,M4,0,40.77318887,0,56,45,11,0,560,40.77318887,0.07280926584,0.7272947228,0.8035714286,56,0
moneyline,frozen_pregame_subset,M4,0.5,40.77318887,0,56,45,11,0,560,40.77318887,0.07280926584,0.7272947228,0.8035714286,56,0
moneyline,frozen_pregame_subset,M4,0.51,40.77318887,0,56,45,11,0,560,40.77318887,0.07280926584,0.7272947228,0.8035714286,56,0
moneyline,frozen_pregame_subset,M4,0.52,40.77318887,-7.407407407,55,44,11,0,550,33.36578146,0.06066505721,0.7312406865,0.8,55,0
moneyline,frozen_pregame_subset,M4,0.53,40.77318887,-7.407407407,55,44,11,0,550,33.36578146,0.06066505721,0.7312406865,0.8,55,0
moneyline,frozen_pregame_subset,M4,0.54,40.77318887,-7.407407407,55,44,11,0,550,33.36578146,0.06066505721,0.7312406865,0.8,55,0
moneyline,frozen_pregame_subset,M4,0.55,40.77318887,2.592592593,54,44,10,0,540,43.36578146,0.08030700271,0.7346387443,0.8148148148,54,0
moneyline,frozen_pregame_subset,M4,0.56,40.77318887,-26.90923891,50,40,10,0,500,13.86394996,0.02772789992,0.7486936824,0.8,50,0
moneyline,frozen_pregame_subset,M4,0.57,40.77318887,-16.90923891,49,40,9,0,490,23.86394996,0.0487019387,0.7524309991,0.8163265306,49,0
moneyline,frozen_pregame_subset,M4,0.58,40.77318887,-6.909238909,48,40,8,0,480,33.86394996,0.07054989575,0.7560954077,0.8333333333,48,0
moneyline,frozen_pregame_subset,M4,0.59,40.77318887,-4.052096052,46,39,7,0,460,36.72109282,0.07982846265,0.7634671947,0.847826087,46,0
moneyline,frozen_pregame_subset,M4,0.6,40.77318887,-18.69054402,43,36,7,0,430,22.08264485,0.05135498802,0.7749699603,0.8372093023,43,0
moneyline,frozen_pregame_subset,M4,0.61,40.77318887,-18.69054402,43,36,7,0,430,22.08264485,0.05135498802,0.7749699603,0.8372093023,43,0
moneyline,frozen_pregame_subset,M4,0.62,40.77318887,-8.690544024,42,36,6,0,420,32.08264485,0.07638724964,0.7787844473,0.8571428571,42,0
moneyline,frozen_pregame_subset,M4,0.63,40.77318887,-8.690544024,42,36,6,0,420,32.08264485,0.07638724964,0.7787844473,0.8571428571,42,0
moneyline,frozen_pregame_subset,M4,0.64,40.77318887,-19.29660463,40,34,6,0,400,21.47658424,0.0536914606,0.7858717824,0.85,40,0
moneyline,frozen_pregame_subset,M4,0.65,40.77318887,-25.74821753,39,33,6,0,390,15.02497134,0.03852556753,0.7895295697,0.8461538462,39,0
moneyline,frozen_pregame_subset,M4,0.66,40.77318887,-35.7407789,37,31,6,0,370,5.032409969,0.01360110802,0.796801611,0.8378378378,37,0
moneyline,frozen_pregame_subset,M4,0.67,40.77318887,-31.14618431,35,30,5,0,350,9.627004564,0.02750572733,0.8041609705,0.8571428571,35,0
moneyline,frozen_pregame_subset,M4,0.68,40.77318887,-35.0221533,34,29,5,0,340,5.751035572,0.01691481051,0.8079054843,0.8529411765,34,0
moneyline,frozen_pregame_subset,M4,0.69,40.77318887,-25.0221533,33,29,4,0,330,15.75103557,0.04773041082,0.8116163828,0.8787878788,33,0
moneyline,frozen_pregame_subset,M4,0.7,40.77318887,-29.36997939,32,28,4,0,320,11.40320948,0.03563502964,0.8151713591,0.875,32,0
moneyline,frozen_pregame_subset,M4,0.71,40.77318887,-22.31115586,30,27,3,0,300,18.46203301,0.06154011005,0.8224973987,0.9,30,0
moneyline,frozen_pregame_subset,M4,0.72,40.77318887,-27.18920464,29,26,3,0,290,13.58398423,0.04684132494,0.8262883542,0.8965517241,29,0
moneyline,frozen_pregame_subset,M4,0.73,40.77318887,-29.00738645,28,25,3,0,280,11.76580242,0.04202072291,0.8298560583,0.8928571429,28,0
moneyline,frozen_pregame_subset,M4,0.74,40.77318887,-31.53903203,27,24,3,0,270,9.234156846,0.03420058091,0.8334021973,0.8888888889,27,0
moneyline,frozen_pregame_subset,M4,0.75,40.77318887,-37.0226001,25,22,3,0,250,3.750588771,0.01500235508,0.8406405922,0.88,25,0
moneyline,frozen_pregame_subset,M4,0.76,40.77318887,-33.15608258,22,20,2,0,220,7.617106295,0.03462321043,0.8526837658,0.9090909091,22,0
moneyline,frozen_pregame_subset,M4,0.77,40.77318887,-25.78766152,20,19,1,0,200,14.98552735,0.07492763674,0.8610137529,0.95,20,0
moneyline,frozen_pregame_subset,M4,0.78,40.77318887,-28.22668591,19,18,1,0,190,12.54650296,0.06603422609,0.8654501997,0.9473684211,19,0
moneyline,frozen_pregame_subset,M4,0.79,40.77318887,-30.49941319,18,17,1,0,180,10.27377568,0.05707653158,0.8700401739,0.9444444444,18,0
moneyline,frozen_pregame_subset,M4,0.8,40.77318887,-32.36857207,17,16,1,0,170,8.404616806,0.04943892239,0.8745878598,0.9411764706,17,0
moneyline,frozen_pregame_subset,M4,0.81,40.77318887,-32.36857207,17,16,1,0,170,8.404616806,0.04943892239,0.8745878598,0.9411764706,17,0
moneyline,frozen_pregame_subset,M4,0.82,40.77318887,-35.92588432,15,14,1,0,150,4.847304553,0.03231536369,0.8827237806,0.9333333333,15,0
moneyline,frozen_pregame_subset,M4,0.83,40.77318887,-41.4107328,12,11,1,0,120,-0.6375439321,-0.005312866101,0.8975522383,0.9166666667,12,0
moneyline,frozen_pregame_subset,M4,0.84,40.77318887,-33.14986324,10,10,0,0,100,7.623325633,0.07623325633,0.9100948658,1,10,0
moneyline,frozen_pregame_subset,M4,0.85,40.77318887,-35.21171891,9,9,0,0,90,5.561469963,0.0617941107,0.9175822466,1,9,0
moneyline,frozen_pregame_subset,M4,0.86,40.77318887,-36.26435049,8,8,0,0,80,4.508838384,0.0563604798,0.9249495711,1,8,0
moneyline,frozen_pregame_subset,M4,0.87,40.77318887,-37.26435049,7,7,0,0,70,3.508838384,0.05012626263,0.934119512,1,7,0
moneyline,frozen_pregame_subset,M4,0.88,40.77318887,-37.26435049,7,7,0,0,70,3.508838384,0.05012626263,0.934119512,1,7,0
moneyline,frozen_pregame_subset,M4,0.89,40.77318887,-37.9786362,6,6,0,0,60,2.79455267,0.04657587783,0.9416074897,1,6,0
moneyline,frozen_pregame_subset,M4,0.9,40.77318887,-37.9786362,6,6,0,0,60,2.79455267,0.04657587783,0.9416074897,1,6,0
moneyline,frozen_pregame_subset,M4,0.91,40.77318887,-38.58469681,5,5,0,0,50,2.188492064,0.04376984127,0.9482766529,1,5,0
moneyline,frozen_pregame_subset,M4,0.92,40.77318887,-39.53707776,4,4,0,0,40,1.236111111,0.03090277778,0.9570837269,1,4,0
moneyline,frozen_pregame_subset,M4,0.93,40.77318887,-40.16207776,3,3,0,0,30,0.6111111111,0.02037037037,0.969048999,1,3,0
moneyline,frozen_pregame_subset,M4,0.94,40.77318887,-40.16207776,3,3,0,0,30,0.6111111111,0.02037037037,0.969048999,1,3,0
moneyline,frozen_pregame_subset,M4,0.95,40.77318887,-40.16207776,3,3,0,0,30,0.6111111111,0.02037037037,0.969048999,1,3,0
moneyline,frozen_pregame_subset,M4,0.96,40.77318887,-40.16207776,3,3,0,0,30,0.6111111111,0.02037037037,0.969048999,1,3,0
moneyline,frozen_pregame_subset,M4,0.97,40.77318887,-40.66207776,1,1,0,0,10,0.1111111111,0.01111111111,0.9779855323,1,1,0
moneyline,frozen_pregame_subset,M4,0.98,40.77318887,-40.77318887,0,0,0,0,0,0,,,,0,0
moneyline,frozen_pregame_subset,M4,0.99,40.77318887,-40.77318887,0,0,0,0,0,0,,,,0,0
moneyline,frozen_pregame_subset,M4,1,40.77318887,-40.77318887,0,0,0,0,0,0,,,,0,0
moneyline,frozen_pregame_subset,M5,0,-8.816664849,0,56,41,15,0,560,-8.816664849,-0.01574404437,0.6875059497,0.7321428571,56,0
moneyline,frozen_pregame_subset,M5,0.5,-8.816664849,0,56,41,15,0,560,-8.816664849,-0.01574404437,0.6875059497,0.7321428571,56,0
moneyline,frozen_pregame_subset,M5,0.51,-8.816664849,0,56,41,15,0,560,-8.816664849,-0.01574404437,0.6875059497,0.7321428571,56,0
moneyline,frozen_pregame_subset,M5,0.52,-8.816664849,15,52,40,12,0,520,6.183335151,0.01189102914,0.7008770143,0.7692307692,52,0
moneyline,frozen_pregame_subset,M5,0.53,-8.816664849,-3.47804878,50,38,12,0,500,-12.29471363,-0.02458942726,0.7078400061,0.76,50,0
moneyline,frozen_pregame_subset,M5,0.54,-8.816664849,-10.14471545,49,37,12,0,490,-18.9613803,-0.03869669448,0.7112724087,0.7551020408,49,0
moneyline,frozen_pregame_subset,M5,0.55,-8.816664849,9.855284553,47,37,10,0,470,1.038619704,0.002209829157,0.718246108,0.7872340426,47,0
moneyline,frozen_pregame_subset,M5,0.56,-8.816664849,5.26812859,46,36,10,0,460,-3.548536259,-0.007714209259,0.7217177524,0.7826086957,46,0
moneyline,frozen_pregame_subset,M5,0.57,-8.816664849,5.26812859,46,36,10,0,460,-3.548536259,-0.007714209259,0.7217177524,0.7826086957,46,0
moneyline,frozen_pregame_subset,M5,0.58,-8.816664849,9.095289084,44,35,9,0,440,0.2786242349,0.0006332368975,0.7283902673,0.7954545455,44,0
moneyline,frozen_pregame_subset,M5,0.59,-8.816664849,13.68988368,42,34,8,0,420,4.87321883,0.01160290198,0.7354073417,0.8095238095,42,0
moneyline,frozen_pregame_subset,M5,0.6,-8.816664849,29.98617997,39,33,6,0,390,21.16951513,0.05428080802,0.7463945301,0.8461538462,39,0
moneyline,frozen_pregame_subset,M5,0.61,-8.816664849,28.16799816,38,32,6,0,380,19.35133331,0.05092456134,0.7501881624,0.8421052632,38,0
moneyline,frozen_pregame_subset,M5,0.62,-8.816664849,28.16799816,38,32,6,0,380,19.35133331,0.05092456134,0.7501881624,0.8421052632,38,0
moneyline,frozen_pregame_subset,M5,0.63,-8.816664849,28.16799816,38,32,6,0,380,19.35133331,0.05092456134,0.7501881624,0.8421052632,38,0
moneyline,frozen_pregame_subset,M5,0.64,-8.816664849,32.35808101,33,29,4,0,330,23.54141616,0.07133762471,0.7676414838,0.8787878788,33,0
moneyline,frozen_pregame_subset,M5,0.65,-8.816664849,36.9526756,31,28,3,0,310,28.13601075,0.090761325,0.775719874,0.9032258065,31,0
moneyline,frozen_pregame_subset,M5,0.66,-8.816664849,29.46314616,29,26,3,0,290,20.64648131,0.07119476314,0.783902248,0.8965517241,29,0
moneyline,frozen_pregame_subset,M5,0.67,-8.816664849,29.46314616,29,26,3,0,290,20.64648131,0.07119476314,0.783902248,0.8965517241,29,0
moneyline,frozen_pregame_subset,M5,0.68,-8.816664849,14.78773818,26,23,3,0,260,5.971073328,0.02296566665,0.7965134856,0.8846153846,26,0
moneyline,frozen_pregame_subset,M5,0.69,-8.816664849,14.78773818,26,23,3,0,260,5.971073328,0.02296566665,0.7965134856,0.8846153846,26,0
moneyline,frozen_pregame_subset,M5,0.7,-8.816664849,10.34329373,24,21,3,0,240,1.526628883,0.006360953679,0.8048228404,0.875,24,0
moneyline,frozen_pregame_subset,M5,0.71,-8.816664849,18.6041633,22,20,2,0,220,9.787498448,0.04448862931,0.81371527,0.9090909091,22,0
moneyline,frozen_pregame_subset,M5,0.72,-8.816664849,13.79979045,20,18,2,0,200,4.983125605,0.02491562802,0.8234862485,0.9,20,0
moneyline,frozen_pregame_subset,M5,0.73,-8.816664849,13.79979045,20,18,2,0,200,4.983125605,0.02491562802,0.8234862485,0.9,20,0
moneyline,frozen_pregame_subset,M5,0.74,-8.816664849,18.10157115,16,15,1,0,160,9.284906299,0.05803066437,0.8451439176,0.9375,16,0
moneyline,frozen_pregame_subset,M5,0.75,-8.816664849,12.65309079,14,13,1,0,140,3.836425944,0.02740304246,0.8599128397,0.9285714286,14,0
moneyline,frozen_pregame_subset,M5,0.76,-8.816664849,10.91396036,13,12,1,0,130,2.097295509,0.01613304238,0.8678399737,0.9230769231,13,0
moneyline,frozen_pregame_subset,M5,0.77,-8.816664849,10.91396036,13,12,1,0,130,2.097295509,0.01613304238,0.8678399737,0.9230769231,13,0
moneyline,frozen_pregame_subset,M5,0.78,-8.816664849,10.91396036,13,12,1,0,130,2.097295509,0.01613304238,0.8678399737,0.9230769231,13,0
moneyline,frozen_pregame_subset,M5,0.79,-8.816664849,8.247293691,12,11,1,0,120,-0.5693711581,-0.004744759651,0.8744340252,0.9166666667,12,0
moneyline,frozen_pregame_subset,M5,0.8,-8.816664849,6.378134812,11,10,1,0,110,-2.438530037,-0.02216845488,0.8820283425,0.9090909091,11,0
moneyline,frozen_pregame_subset,M5,0.81,-8.816664849,5.325503233,10,9,1,0,100,-3.491161616,-0.03491161616,0.8895764179,0.9,10,0
moneyline,frozen_pregame_subset,M5,0.82,-8.816664849,4.325503233,9,8,1,0,90,-4.491161616,-0.04990179573,0.897571248,0.8888888889,9,0
moneyline,frozen_pregame_subset,M5,0.83,-8.816664849,4.325503233,9,8,1,0,90,-4.491161616,-0.04990179573,0.897571248,0.8888888889,9,0
moneyline,frozen_pregame_subset,M5,0.84,-8.816664849,1.373122281,7,6,1,0,70,-7.443542569,-0.1063363224,0.9158495461,0.8571428571,7,0
moneyline,frozen_pregame_subset,M5,0.85,-8.816664849,0.6588365663,6,5,1,0,60,-8.157828283,-0.1359638047,0.9278912388,0.8333333333,6,0
moneyline,frozen_pregame_subset,M5,0.86,-8.816664849,0.6588365663,6,5,1,0,60,-8.157828283,-0.1359638047,0.9278912388,0.8333333333,6,0
moneyline,frozen_pregame_subset,M5,0.87,-8.816664849,10.65883657,5,5,0,0,50,1.842171717,0.03684343434,0.941384134,1,5,0
moneyline,frozen_pregame_subset,M5,0.88,-8.816664849,10.65883657,5,5,0,0,50,1.842171717,0.03684343434,0.941384134,1,5,0
moneyline,frozen_pregame_subset,M5,0.89,-8.816664849,10.65883657,5,5,0,0,50,1.842171717,0.03684343434,0.941384134,1,5,0
moneyline,frozen_pregame_subset,M5,0.9,-8.816664849,10.65883657,5,5,0,0,50,1.842171717,0.03684343434,0.941384134,1,5,0
moneyline,frozen_pregame_subset,M5,0.91,-8.816664849,10.65883657,5,5,0,0,50,1.842171717,0.03684343434,0.941384134,1,5,0
moneyline,frozen_pregame_subset,M5,0.92,-8.816664849,10.05277596,4,4,0,0,40,1.236111111,0.03090277778,0.9469851267,1,4,0
moneyline,frozen_pregame_subset,M5,0.93,-8.816664849,10.05277596,4,4,0,0,40,1.236111111,0.03090277778,0.9469851267,1,4,0
moneyline,frozen_pregame_subset,M5,0.94,-8.816664849,9.17777596,2,2,0,0,20,0.3611111111,0.01805555555,0.9609423995,1,2,0
moneyline,frozen_pregame_subset,M5,0.95,-8.816664849,8.92777596,1,1,0,0,10,0.1111111111,0.01111111111,0.9793388487,1,1,0
moneyline,frozen_pregame_subset,M5,0.96,-8.816664849,8.92777596,1,1,0,0,10,0.1111111111,0.01111111111,0.9793388487,1,1,0
moneyline,frozen_pregame_subset,M5,0.97,-8.816664849,8.92777596,1,1,0,0,10,0.1111111111,0.01111111111,0.9793388487,1,1,0
moneyline,frozen_pregame_subset,M5,0.98,-8.816664849,8.816664849,0,0,0,0,0,0,,,,0,0
moneyline,frozen_pregame_subset,M5,0.99,-8.816664849,8.816664849,0,0,0,0,0,0,,,,0,0
moneyline,frozen_pregame_subset,M5,1,-8.816664849,8.816664849,0,0,0,0,0,0,,,,0,0
