poll_objective,keys_team,ballot_model,power_rating_vs_average,ballot_rank,poll_points,top25_vote,first_place_vote,model_id,model_level,model_family,objective,feature_config,fingerprint,checkpoint_sha256,training_end_season,selected_feature_count,calibration_status,calibrator_sha256
margin,Georgia,scientific_f0_m1,18.70809858680334,1,25,True,True,,,,,,,,,,,
margin,Texas,scientific_f0_m1,17.855628065455026,2,24,True,False,,,,,,,,,,,
margin,Oregon,scientific_f0_m1,17.816921295837048,3,23,True,False,,,,,,,,,,,
margin,Alabama,scientific_f0_m1,17.319262829320188,4,22,True,False,,,,,,,,,,,
margin,Ohio State,scientific_f0_m1,16.892566773769623,5,21,True,False,,,,,,,,,,,
margin,Notre Dame,scientific_f0_m1,16.37463333269097,6,20,True,False,,,,,,,,,,,
margin,Texas A&M,scientific_f0_m1,15.451661195252758,7,19,True,False,,,,,,,,,,,
margin,LSU,scientific_f0_m1,15.3945226305786,8,18,True,False,,,,,,,,,,,
margin,Florida,scientific_f0_m1,13.519548278488699,9,17,True,False,,,,,,,,,,,
margin,Michigan,scientific_f0_m1,13.471164816466224,10,16,True,False,,,,,,,,,,,
margin,Miami,scientific_f0_m1,13.283160506893193,11,15,True,False,,,,,,,,,,,
margin,Tennessee,scientific_f0_m1,13.281317327387573,12,14,True,False,,,,,,,,,,,
margin,Ole Miss,scientific_f0_m1,13.273023019612292,13,13,True,False,,,,,,,,,,,
margin,USC,scientific_f0_m1,12.417909090316648,14,12,True,False,,,,,,,,,,,
margin,South Carolina,scientific_f0_m1,12.22010672702801,15,11,True,False,,,,,,,,,,,
margin,Clemson,scientific_f0_m1,12.219185137275204,16,10,True,False,,,,,,,,,,,
margin,Oklahoma,scientific_f0_m1,11.679594337005536,17,9,True,False,,,,,,,,,,,
margin,Auburn,scientific_f0_m1,10.622070095657216,18,8,True,False,,,,,,,,,,,
margin,Missouri,scientific_f0_m1,9.708313855747093,19,7,True,False,,,,,,,,,,,
margin,Mississippi State,scientific_f0_m1,9.53182941808417,20,6,True,False,,,,,,,,,,,
margin,Nebraska,scientific_f0_m1,8.74479176918529,21,5,True,False,,,,,,,,,,,
margin,Kentucky,scientific_f0_m1,8.70792817907293,22,4,True,False,,,,,,,,,,,
margin,Washington,scientific_f0_m1,8.292291200556072,23,3,True,False,,,,,,,,,,,
margin,UCLA,scientific_f0_m1,8.145758429859445,24,2,True,False,,,,,,,,,,,
margin,Penn State,scientific_f0_m1,8.126865839926856,25,1,True,False,,,,,,,,,,,
margin,Virginia Tech,scientific_f0_m1,7.900154760735845,26,0,False,False,,,,,,,,,,,
margin,Florida State,scientific_f0_m1,7.8652557114402075,27,0,False,False,,,,,,,,,,,
margin,Texas Tech,scientific_f0_m1,7.843476990938091,28,0,False,False,,,,,,,,,,,
margin,Wisconsin,scientific_f0_m1,7.833800298533594,29,0,False,False,,,,,,,,,,,
margin,SMU,scientific_f0_m1,7.687267527836966,30,0,False,False,,,,,,,,,,,
margin,California,scientific_f0_m1,7.107587573320106,31,0,False,False,,,,,,,,,,,
margin,Georgia Tech,scientific_f0_m1,7.0951461116571855,32,0,False,False,,,,,,,,,,,
margin,Syracuse,scientific_f0_m1,6.816826006308871,33,0,False,False,,,,,,,,,,,
margin,Arkansas,scientific_f0_m1,6.810835672915612,34,0,False,False,,,,,,,,,,,
margin,Louisville,scientific_f0_m1,6.5569376960167345,35,0,False,False,,,,,,,,,,,
margin,North Carolina,scientific_f0_m1,6.376427465777272,36,0,False,False,,,,,,,,,,,
margin,Indiana,scientific_f0_m1,6.339903309230214,37,0,False,False,,,,,,,,,,,
margin,Colorado,scientific_f0_m1,6.172173974218977,38,0,False,False,,,,,,,,,,,
margin,Minnesota,scientific_f0_m1,6.041769024196503,39,0,False,False,,,,,,,,,,,
margin,Vanderbilt,scientific_f0_m1,5.977257741499874,40,0,False,False,,,,,,,,,,,
margin,NC State,scientific_f0_m1,5.881072973642437,41,0,False,False,,,,,,,,,,,
margin,Baylor,scientific_f0_m1,5.7878710472976245,42,0,False,False,,,,,,,,,,,
margin,Iowa,scientific_f0_m1,5.762527329095379,43,0,False,False,,,,,,,,,,,
margin,Arizona State,scientific_f0_m1,5.72888930311785,44,0,False,False,,,,,,,,,,,
margin,Maryland,scientific_f0_m1,5.620141712286388,45,0,False,False,,,,,,,,,,,
margin,Kansas State,scientific_f0_m1,5.57544460927515,46,0,False,False,,,,,,,,,,,
margin,Rutgers,scientific_f0_m1,5.1316991432976184,47,0,False,False,,,,,,,,,,,
margin,West Virginia,scientific_f0_m1,5.0653446810953735,48,0,False,False,,,,,,,,,,,
margin,Illinois,scientific_f0_m1,4.899919320466157,49,0,False,False,,,,,,,,,,,
margin,South Florida,scientific_f0_m1,4.890703422938065,50,0,False,False,,,,,,,,,,,
margin,Arizona,scientific_f0_m1,4.696247985095371,51,0,False,False,,,,,,,,,,,
margin,TCU,scientific_f0_m1,4.666878474316584,52,0,False,False,,,,,,,,,,,
margin,Purdue,scientific_f0_m1,4.6381878306684055,53,0,False,False,,,,,,,,,,,
margin,Houston,scientific_f0_m1,4.527597060331321,54,0,False,False,,,,,,,,,,,
margin,Utah,scientific_f0_m1,4.5179203679268305,55,0,False,False,,,,,,,,,,,
margin,BYU,scientific_f0_m1,4.227619595791993,56,0,False,False,,,,,,,,,,,
margin,Northwestern,scientific_f0_m1,4.176932159387503,57,0,False,False,,,,,,,,,,,
margin,Michigan State,scientific_f0_m1,4.024869850174015,58,0,False,False,,,,,,,,,,,
margin,Kansas,scientific_f0_m1,4.0013693114773865,59,0,False,False,,,,,,,,,,,
margin,Wake Forest,scientific_f0_m1,3.83363997646615,60,0,False,False,,,,,,,,,,,
margin,Pittsburgh,scientific_f0_m1,3.5640749737695177,61,0,False,False,,,,,,,,,,,
margin,Stanford,scientific_f0_m1,3.5158128730581475,62,0,False,False,,,,,,,,,,,
margin,Oklahoma State,scientific_f0_m1,3.456709767567273,63,0,False,False,,,,,,,,,,,
margin,UCF,scientific_f0_m1,3.4313660493650224,64,0,False,False,,,,,,,,,,,
margin,Iowa State,scientific_f0_m1,3.3120201763762562,65,0,False,False,,,,,,,,,,,
margin,Duke,scientific_f0_m1,3.2622543297245734,66,0,False,False,,,,,,,,,,,
margin,Virginia,scientific_f0_m1,3.256385357642415,67,0,False,False,,,,,,,,,,,
margin,Tulane,scientific_f0_m1,3.1074272512526617,68,0,False,False,,,,,,,,,,,
margin,UNLV,scientific_f0_m1,3.065155483934549,69,0,False,False,,,,,,,,,,,
margin,Boston College,scientific_f0_m1,2.8719610694099624,70,0,False,False,,,,,,,,,,,
margin,UTSA,scientific_f0_m1,2.6793488110728845,71,0,False,False,,,,,,,,,,,
margin,UConn,scientific_f0_m1,2.5291296813650135,72,0,False,False,,,,,,,,,,,
margin,Boise State,scientific_f0_m1,2.004284317140291,73,0,False,False,,,,,,,,,,,
margin,Colorado State,scientific_f0_m1,1.9646559577695033,74,0,False,False,,,,,,,,,,,
margin,Memphis,scientific_f0_m1,1.879991061822179,75,0,False,False,,,,,,,,,,,
margin,Oregon State,scientific_f0_m1,1.756376673634671,76,0,False,False,,,,,,,,,,,
margin,Cincinnati,scientific_f0_m1,1.6867966472975926,77,0,False,False,,,,,,,,,,,
margin,Georgia Southern,scientific_f0_m1,1.6826494934099556,78,0,False,False,,,,,,,,,,,
margin,Liberty,scientific_f0_m1,1.6439427237919766,79,0,False,False,,,,,,,,,,,
margin,Temple,scientific_f0_m1,1.5388814919717522,80,0,False,False,,,,,,,,,,,
margin,Washington State,scientific_f0_m1,1.5029394916121972,81,0,False,False,,,,,,,,,,,
margin,Texas State,scientific_f0_m1,1.2504238993425312,82,0,False,False,,,,,,,,,,,
margin,East Carolina,scientific_f0_m1,1.2034228219492733,83,0,False,False,,,,,,,,,,,
margin,Tulsa,scientific_f0_m1,1.159647308690849,84,0,False,False,,,,,,,,,,,
margin,App State,scientific_f0_m1,1.1029695388930953,85,0,False,False,,,,,,,,,,,
margin,Miami (OH),scientific_f0_m1,1.0919104618593867,86,0,False,False,,,,,,,,,,,
margin,Western Kentucky,scientific_f0_m1,0.6380275086009553,87,0,False,False,,,,,,,,,,,
margin,Fresno State,scientific_f0_m1,0.5564668154773598,88,0,False,False,,,,,,,,,,,
margin,San Diego State,scientific_f0_m1,0.532044687027923,89,0,False,False,,,,,,,,,,,
margin,Florida International,scientific_f0_m1,0.4555527375447719,90,0,False,False,,,,,,,,,,,
margin,Arkansas State,scientific_f0_m1,0.39380622410657296,91,0,False,False,,,,,,,,,,,
margin,UAB,scientific_f0_m1,0.39196304460095144,92,0,False,False,,,,,,,,,,,
margin,Southern Miss,scientific_f0_m1,0.22838086347735675,93,0,False,False,,,,,,,,,,,
margin,North Texas,scientific_f0_m1,0.20303714527511119,94,0,False,False,,,,,,,,,,,
margin,Troy,scientific_f0_m1,-0.06837103692713686,95,0,False,False,,,,,,,,,,,
margin,Marshall,scientific_f0_m1,-0.13656867863500377,96,0,False,False,,,,,,,,,,,
margin,Florida Atlantic,scientific_f0_m1,-0.19877598694961218,97,0,False,False,,,,,,,,,,,
margin,Louisiana,scientific_f0_m1,-0.31028834703949837,98,0,False,False,,,,,,,,,,,
margin,Rice,scientific_f0_m1,-0.35867180906197405,99,0,False,False,,,,,,,,,,,
margin,James Madison,scientific_f0_m1,-0.431477399533887,100,0,False,False,,,,,,,,,,,
margin,UTEP,scientific_f0_m1,-0.5489800930170317,101,0,False,False,,,,,,,,,,,
margin,Charlotte,scientific_f0_m1,-0.9632346869046753,102,0,False,False,,,,,,,,,,,
margin,Coastal Carolina,scientific_f0_m1,-1.092718047174337,103,0,False,False,,,,,,,,,,,
margin,Georgia State,scientific_f0_m1,-1.0987083805675955,104,0,False,False,,,,,,,,,,,
margin,South Alabama,scientific_f0_m1,-1.1194441500058003,105,0,False,False,,,,,,,,,,,
margin,Western Michigan,scientific_f0_m1,-1.1738179454215283,106,0,False,False,,,,,,,,,,,
margin,Middle Tennessee,scientific_f0_m1,-1.206073586769845,107,0,False,False,,,,,,,,,,,
margin,Jacksonville State,scientific_f0_m1,-1.2294527641553685,108,0,False,False,,,,,,,,,,,
margin,Bowling Green,scientific_f0_m1,-1.352145562590069,109,0,False,False,,,,,,,,,,,
margin,New Mexico,scientific_f0_m1,-1.3585966908597316,110,0,False,False,,,,,,,,,,,
margin,Ball State,scientific_f0_m1,-1.557199282590073,111,0,False,False,,,,,,,,,,,
margin,Toledo,scientific_f0_m1,-1.9083249784103016,112,0,False,False,,,,,,,,,,,
margin,Sam Houston,scientific_f0_m1,-1.9908072612867036,113,0,False,False,,,,,,,,,,,
margin,Nevada,scientific_f0_m1,-2.197243365915919,114,0,False,False,,,,,,,,,,,
margin,Missouri State,scientific_f0_m1,-2.2004689300507536,115,0,False,False,,,,,,,,,,,
margin,Buffalo,scientific_f0_m1,-2.2285774175114286,116,0,False,False,,,,,,,,,,,
margin,Eastern Michigan,scientific_f0_m1,-2.251956594896953,117,0,False,False,,,,,,,,,,,
margin,Akron,scientific_f0_m1,-2.3423937519833355,118,0,False,False,,,,,,,,,,,
margin,Old Dominion,scientific_f0_m1,-2.461739624972102,119,0,False,False,,,,,,,,,,,
margin,Utah State,scientific_f0_m1,-2.4741810866350225,120,0,False,False,,,,,,,,,,,
margin,Louisiana Tech,scientific_f0_m1,-2.5184173947698563,121,0,False,False,,,,,,,,,,,
margin,Central Michigan,scientific_f0_m1,-2.65711665256761,122,0,False,False,,,,,,,,,,,
margin,San José State,scientific_f0_m1,-2.7768019591216753,123,0,False,False,,,,,,,,,,,
margin,Northern Illinois,scientific_f0_m1,-2.8151692951743508,124,0,False,False,,,,,,,,,,,
margin,Sacramento State,scientific_f0_m1,-3.1376043473463984,125,0,False,False,,,,,,,,,,,
margin,Wyoming,scientific_f0_m1,-3.197168247713682,126,0,False,False,,,,,,,,,,,
margin,Massachusetts,scientific_f0_m1,-3.3054550436687355,127,0,False,False,,,,,,,,,,,
margin,Hawai'i,scientific_f0_m1,-3.349569990492464,128,0,False,False,,,,,,,,,,,
margin,Ohio,scientific_f0_m1,-3.448301455354131,129,0,False,False,,,,,,,,,,,
margin,Kent State,scientific_f0_m1,-3.448762250230536,130,0,False,False,,,,,,,,,,,
margin,UL Monroe,scientific_f0_m1,-4.247780565915936,131,0,False,False,,,,,,,,,,,
margin,Kennesaw State,scientific_f0_m1,-4.368969618410319,132,0,False,False,,,,,,,,,,,
margin,North Dakota State,scientific_f0_m1,-5.249427265908211,133,0,False,False,,,,,,,,,,,
margin,Delaware,scientific_f0_m1,-5.261990088882237,134,0,False,False,,,,,,,,,,,
margin,New Mexico State,scientific_f0_m1,-7.793475778537446,135,0,False,False,,,,,,,,,,,
margin,Army,scientific_f0_m1,-13.540170043489042,136,0,False,False,,,,,,,,,,,
margin,Air Force,scientific_f0_m1,-14.990752314410397,137,0,False,False,,,,,,,,,,,
margin,Navy,scientific_f0_m1,-18.523666631803685,138,0,False,False,,,,,,,,,,,
margin,Georgia,scientific_f0_m2,20.581585986724832,1,25,True,True,,,,,,,,,,,
margin,Texas,scientific_f0_m2,19.59727862162178,2,24,True,False,,,,,,,,,,,
margin,Oregon,scientific_f0_m2,19.551313091380347,3,23,True,False,,,,,,,,,,,
margin,Alabama,scientific_f0_m2,18.950488507540587,4,22,True,False,,,,,,,,,,,
margin,Ohio State,scientific_f0_m2,18.429229057530577,5,21,True,False,,,,,,,,,,,
margin,Notre Dame,scientific_f0_m2,17.799746144874653,6,20,True,False,,,,,,,,,,,
margin,Texas A&M,scientific_f0_m2,16.686779776370667,7,19,True,False,,,,,,,,,,,
margin,LSU,scientific_f0_m2,16.618249359436106,8,18,True,False,,,,,,,,,,,
margin,Florida,scientific_f0_m2,14.393400941937001,9,17,True,False,,,,,,,,,,,
margin,Michigan,scientific_f0_m2,14.336604099826904,10,16,True,False,,,,,,,,,,,
margin,Miami,scientific_f0_m2,14.116201538768568,11,15,True,False,,,,,,,,,,,
margin,Tennessee,scientific_f0_m2,14.114043042169143,12,14,True,False,,,,,,,,,,,
margin,Ole Miss,scientific_f0_m2,14.104330363222829,13,13,True,False,,,,,,,,,,,
margin,USC,scientific_f0_m2,13.169903408577579,14,12,True,False,,,,,,,,,,,
margin,South Carolina,scientific_f0_m2,12.878744981642658,15,11,True,False,,,,,,,,,,,
margin,Clemson,scientific_f0_m2,12.877678678413782,16,10,True,False,,,,,,,,,,,
margin,Oklahoma,scientific_f0_m2,12.255285840556523,17,9,True,False,,,,,,,,,,,
margin,Auburn,scientific_f0_m2,11.04664431662247,18,8,True,False,,,,,,,,,,,
margin,Missouri,scientific_f0_m2,10.014220370197272,19,7,True,False,,,,,,,,,,,
margin,Mississippi State,scientific_f0_m2,9.8160879903671,20,6,True,False,,,,,,,,,,,
margin,Nebraska,scientific_f0_m2,8.937522877720347,21,5,True,False,,,,,,,,,,,
margin,Kentucky,scientific_f0_m2,8.896573030994032,22,4,True,False,,,,,,,,,,,
margin,Washington,scientific_f0_m2,8.436106600842278,23,3,True,False,,,,,,,,,,,
margin,UCLA,scientific_f0_m2,8.274313679600256,24,2,True,False,,,,,,,,,,,
margin,Penn State,scientific_f0_m2,8.253474242799909,25,1,True,False,,,,,,,,,,,
margin,Virginia Tech,scientific_f0_m2,8.003769026303779,26,0,False,False,,,,,,,,,,,
margin,Texas Tech,scientific_f0_m2,7.9414488832685874,27,0,False,False,,,,,,,,,,,
margin,Florida State,scientific_f0_m2,7.939137318217621,28,0,False,False,,,,,,,,,,,
margin,Wisconsin,scientific_f0_m2,7.930813102765356,29,0,False,False,,,,,,,,,,,
margin,SMU,scientific_f0_m2,7.769908288605615,30,0,False,False,,,,,,,,,,,
margin,California,scientific_f0_m2,7.136155307256109,31,0,False,False,,,,,,,,,,,
margin,Georgia Tech,scientific_f0_m2,7.122601987106592,32,0,False,False,,,,,,,,,,,
margin,Syracuse,scientific_f0_m2,6.819944069548804,33,0,False,False,,,,,,,,,,,
margin,Arkansas,scientific_f0_m2,6.813441165837956,34,0,False,False,,,,,,,,,,,
margin,Louisville,scientific_f0_m2,6.538254223048389,35,0,False,False,,,,,,,,,,,
margin,Indiana,scientific_f0_m2,6.3036973764377215,36,0,False,False,,,,,,,,,,,
margin,North Carolina,scientific_f0_m2,6.288000572180561,37,0,False,False,,,,,,,,,,,
margin,Colorado,scientific_f0_m2,6.1228528207998885,38,0,False,False,,,,,,,,,,,
margin,Minnesota,scientific_f0_m2,5.9825081131603,39,0,False,False,,,,,,,,,,,
margin,Vanderbilt,scientific_f0_m2,5.91316274593209,40,0,False,False,,,,,,,,,,,
margin,NC State,scientific_f0_m2,5.745140039351147,41,0,False,False,,,,,,,,,,,
margin,Baylor,scientific_f0_m2,5.709902378761431,42,0,False,False,,,,,,,,,,,
margin,Iowa,scientific_f0_m2,5.682738055763199,43,0,False,False,,,,,,,,,,,
margin,Arizona State,scientific_f0_m2,5.646696704173073,44,0,False,False,,,,,,,,,,,
margin,Maryland,scientific_f0_m2,5.530281800341714,45,0,False,False,,,,,,,,,,,
margin,Kansas State,scientific_f0_m2,5.482478633338994,46,0,False,False,,,,,,,,,,,
margin,Rutgers,scientific_f0_m2,5.009329251135228,47,0,False,False,,,,,,,,,,,
margin,West Virginia,scientific_f0_m2,4.938801656721836,48,0,False,False,,,,,,,,,,,
margin,Illinois,scientific_f0_m2,4.763225869549861,49,0,False,False,,,,,,,,,,,
margin,South Florida,scientific_f0_m2,4.753455126510682,50,0,False,False,,,,,,,,,,,
margin,Arizona,scientific_f0_m2,4.54755421837457,51,0,False,False,,,,,,,,,,,
margin,Purdue,scientific_f0_m2,4.486173598821006,52,0,False,False,,,,,,,,,,,
margin,TCU,scientific_f0_m2,4.42822004440359,53,0,False,False,,,,,,,,,,,
margin,Houston,scientific_f0_m2,4.369381408700944,54,0,False,False,,,,,,,,,,,
margin,Utah,scientific_f0_m2,4.359169784165753,55,0,False,False,,,,,,,,,,,
margin,BYU,scientific_f0_m2,4.053396629408928,56,0,False,False,,,,,,,,,,,
margin,Northwestern,scientific_f0_m2,4.000121903603957,57,0,False,False,,,,,,,,,,,
margin,Michigan State,scientific_f0_m2,3.8405015015885855,58,0,False,False,,,,,,,,,,,
margin,Kansas,scientific_f0_m2,3.8158601636999094,59,0,False,False,,,,,,,,,,,
margin,Wake Forest,scientific_f0_m2,3.640200653456022,60,0,False,False,,,,,,,,,,,
margin,Pittsburgh,scientific_f0_m2,3.3586698514139846,61,0,False,False,,,,,,,,,,,
margin,Oklahoma State,scientific_f0_m2,3.246806261708177,62,0,False,False,,,,,,,,,,,
margin,UCF,scientific_f0_m2,3.220422923366269,63,0,False,False,,,,,,,,,,,
margin,Stanford,scientific_f0_m2,3.1977647686407717,64,0,False,False,,,,,,,,,,,
margin,Iowa State,scientific_f0_m2,3.0962955185004546,65,0,False,False,,,,,,,,,,,
margin,Duke,scientific_f0_m2,3.0445914540723784,66,0,False,False,,,,,,,,,,,
margin,Virginia,scientific_f0_m2,2.922862944206649,67,0,False,False,,,,,,,,,,,
margin,Tulane,scientific_f0_m2,2.883943731332913,68,0,False,False,,,,,,,,,,,
margin,UNLV,scientific_f0_m2,2.7207962110206827,69,0,False,False,,,,,,,,,,,
margin,Boston College,scientific_f0_m2,2.6402327401701537,70,0,False,False,,,,,,,,,,,
margin,UTSA,scientific_f0_m2,2.441421171233527,71,0,False,False,,,,,,,,,,,
margin,UConn,scientific_f0_m2,2.28670756161544,72,0,False,False,,,,,,,,,,,
margin,Boise State,scientific_f0_m2,1.748500873321448,73,0,False,False,,,,,,,,,,,
margin,Colorado State,scientific_f0_m2,1.7080115189019303,74,0,False,False,,,,,,,,,,,
margin,Oregon State,scientific_f0_m2,1.4955482810543614,75,0,False,False,,,,,,,,,,,
margin,Memphis,scientific_f0_m2,1.479251174358211,76,0,False,False,,,,,,,,,,,
margin,Cincinnati,scientific_f0_m2,1.424698302826629,77,0,False,False,,,,,,,,,,,
margin,Georgia Southern,scientific_f0_m2,1.420477477355254,78,0,False,False,,,,,,,,,,,
margin,Liberty,scientific_f0_m2,1.3810940697423426,79,0,False,False,,,,,,,,,,,
margin,Temple,scientific_f0_m2,1.2742960821835752,80,0,False,False,,,,,,,,,,,
margin,Washington State,scientific_f0_m2,1.2377934251789053,81,0,False,False,,,,,,,,,,,
margin,Texas State,scientific_f0_m2,0.9818202982078379,82,0,False,False,,,,,,,,,,,
margin,East Carolina,scientific_f0_m2,0.934268711290656,83,0,False,False,,,,,,,,,,,
margin,Tulsa,scientific_f0_m2,0.8900067334263095,84,0,False,False,,,,,,,,,,,
margin,App State,scientific_f0_m2,0.8327367510660402,85,0,False,False,,,,,,,,,,,
margin,Miami (OH),scientific_f0_m2,0.8215670715985759,86,0,False,False,,,,,,,,,,,
margin,Western Kentucky,scientific_f0_m2,0.3645396120325106,87,0,False,False,,,,,,,,,,,
margin,Fresno State,scientific_f0_m2,0.28270251081852926,88,0,False,False,,,,,,,,,,,
margin,San Diego State,scientific_f0_m2,0.2582147236951009,89,0,False,False,,,,,,,,,,,
margin,Florida International,scientific_f0_m2,0.1815681459237677,90,0,False,False,,,,,,,,,,,
margin,Arkansas State,scientific_f0_m2,0.11975322921624354,91,0,False,False,,,,,,,,,,,
margin,UAB,scientific_f0_m2,0.11790878250532444,92,0,False,False,,,,,,,,,,,
margin,Southern Miss,scientific_f0_m2,-0.04560700526630512,93,0,False,False,,,,,,,,,,,
margin,North Texas,scientific_f0_m2,-0.07090879023752805,94,0,False,False,,,,,,,,,,,
margin,Troy,scientific_f0_m2,-0.3413355690901678,95,0,False,False,,,,,,,,,,,
margin,Marshall,scientific_f0_m2,-0.40913353174576983,96,0,False,False,,,,,,,,,,,
margin,Florida Atlantic,scientific_f0_m2,-0.47092265060245,97,0,False,False,,,,,,,,,,,
margin,Louisiana,scientific_f0_m2,-0.5815573284916908,98,0,False,False,,,,,,,,,,,
margin,Rice,scientific_f0_m2,-0.6295088446786092,99,0,False,False,,,,,,,,,,,
margin,James Madison,scientific_f0_m2,-0.7016061421365407,100,0,False,False,,,,,,,,,,,
margin,UTEP,scientific_f0_m2,-0.8178179041713136,101,0,False,False,,,,,,,,,,,
margin,Charlotte,scientific_f0_m2,-1.2260653678913798,102,0,False,False,,,,,,,,,,,
margin,Coastal Carolina,scientific_f0_m2,-1.3532057390590353,103,0,False,False,,,,,,,,,,,
margin,Georgia State,scientific_f0_m2,-1.3590823140986146,104,0,False,False,,,,,,,,,,,
margin,South Alabama,scientific_f0_m2,-1.3794206417153276,105,0,False,False,,,,,,,,,,,
margin,Western Michigan,scientific_f0_m2,-1.4327252631313225,106,0,False,False,,,,,,,,,,,
margin,Middle Tennessee,scientific_f0_m2,-1.4643281798172367,107,0,False,False,,,,,,,,,,,
margin,Bowling Green,scientific_f0_m2,-1.6072720762191324,108,0,False,False,,,,,,,,,,,
margin,New Mexico,scientific_f0_m2,-1.6135785524604707,109,0,False,False,,,,,,,,,,,
margin,Jacksonville State,scientific_f0_m2,-1.6898525621561173,110,0,False,False,,,,,,,,,,,
margin,Ball State,scientific_f0_m2,-1.8074587608016444,111,0,False,False,,,,,,,,,,,
margin,Toledo,scientific_f0_m2,-2.1489595764540894,112,0,False,False,,,,,,,,,,,
margin,Sam Houston,scientific_f0_m2,-2.228944507379042,113,0,False,False,,,,,,,,,,,
margin,Nevada,scientific_f0_m2,-2.428736043513222,114,0,False,False,,,,,,,,,,,
margin,Missouri State,scientific_f0_m2,-2.431853316398602,115,0,False,False,,,,,,,,,,,
margin,Buffalo,scientific_f0_m2,-2.4590123016188574,116,0,False,False,,,,,,,,,,,
margin,Akron,scientific_f0_m2,-2.568877164338243,117,0,False,False,,,,,,,,,,,
margin,Old Dominion,scientific_f0_m2,-2.6838956685027036,118,0,False,False,,,,,,,,,,,
margin,Utah State,scientific_f0_m2,-2.6958751773504304,119,0,False,False,,,,,,,,,,,
margin,Eastern Michigan,scientific_f0_m2,-2.704050078684901,120,0,False,False,,,,,,,,,,,
margin,Louisiana Tech,scientific_f0_m2,-2.738452415099763,121,0,False,False,,,,,,,,,,,
margin,Central Michigan,scientific_f0_m2,-2.8717820924546817,122,0,False,False,,,,,,,,,,,
margin,Northern Illinois,scientific_f0_m2,-3.023405908387115,123,0,False,False,,,,,,,,,,,
margin,San José State,scientific_f0_m2,-3.219264143077492,124,0,False,False,,,,,,,,,,,
margin,Wyoming,scientific_f0_m2,-3.388503429780233,125,0,False,False,,,,,,,,,,,
margin,Massachusetts,scientific_f0_m2,-3.4916481992444552,126,0,False,False,,,,,,,,,,,
margin,Sacramento State,scientific_f0_m2,-3.5713335101922628,127,0,False,False,,,,,,,,,,,
margin,Ohio,scientific_f0_m2,-3.6274744057239054,128,0,False,False,,,,,,,,,,,
margin,Kent State,scientific_f0_m2,-3.6279121183159777,129,0,False,False,,,,,,,,,,,
margin,Hawai'i,scientific_f0_m2,-3.777366200028876,130,0,False,False,,,,,,,,,,,
margin,UL Monroe,scientific_f0_m2,-4.38268360248194,131,0,False,False,,,,,,,,,,,
margin,Kennesaw State,scientific_f0_m2,-4.496424543019868,132,0,False,False,,,,,,,,,,,
margin,Delaware,scientific_f0_m2,-5.328574900971482,133,0,False,False,,,,,,,,,,,
margin,North Dakota State,scientific_f0_m2,-5.59752769519112,134,0,False,False,,,,,,,,,,,
margin,New Mexico State,scientific_f0_m2,-7.960133705664731,135,0,False,False,,,,,,,,,,,
margin,Army,scientific_f0_m2,-12.197321887736024,136,0,False,False,,,,,,,,,,,
margin,Air Force,scientific_f0_m2,-12.96455314408589,137,0,False,False,,,,,,,,,,,
margin,Navy,scientific_f0_m2,-14.06964793576423,138,0,False,False,,,,,,,,,,,
margin,Texas A&M,scientific_f0_m3,34.01178297258297,1,25,True,True,,,,,,,,,,,
margin,Georgia,scientific_f0_m3,28.969623499365877,2,24,True,False,,,,,,,,,,,
margin,Florida,scientific_f0_m3,28.862333976317817,3,23,True,False,,,,,,,,,,,
margin,Alabama,scientific_f0_m3,26.21456902251898,4,22,True,False,,,,,,,,,,,
margin,Ohio State,scientific_f0_m3,23.207257641661776,5,21,True,False,,,,,,,,,,,
margin,Arizona State,scientific_f0_m3,22.650933082859158,6,20,True,False,,,,,,,,,,,
margin,Mississippi State,scientific_f0_m3,22.06817702637407,7,19,True,False,,,,,,,,,,,
margin,Syracuse,scientific_f0_m3,21.005930191050783,8,18,True,False,,,,,,,,,,,
margin,Kentucky,scientific_f0_m3,19.760341323178004,9,17,True,False,,,,,,,,,,,
margin,Missouri,scientific_f0_m3,18.883606462328526,10,16,True,False,,,,,,,,,,,
margin,Rice,scientific_f0_m3,18.8427621933622,11,15,True,False,,,,,,,,,,,
margin,Notre Dame,scientific_f0_m3,18.23470767079698,12,14,True,False,,,,,,,,,,,
margin,Ole Miss,scientific_f0_m3,17.293603785103784,13,13,True,False,,,,,,,,,,,
margin,LSU,scientific_f0_m3,16.985858477521784,14,12,True,False,,,,,,,,,,,
margin,Stanford,scientific_f0_m3,16.24800437830263,15,11,True,False,,,,,,,,,,,
margin,Tennessee,scientific_f0_m3,15.958962515262517,16,10,True,False,,,,,,,,,,,
margin,Georgia Tech,scientific_f0_m3,15.90264611832611,17,9,True,False,,,,,,,,,,,
margin,Miami,scientific_f0_m3,15.830295848595851,18,8,True,False,,,,,,,,,,,
margin,USC,scientific_f0_m3,15.825476720650986,19,7,True,False,,,,,,,,,,,
margin,Virginia,scientific_f0_m3,15.808146336535318,20,6,True,False,,,,,,,,,,,
margin,Maryland,scientific_f0_m3,15.584319480698511,21,5,True,False,,,,,,,,,,,
margin,Arkansas,scientific_f0_m3,14.483077089169,22,4,True,False,,,,,,,,,,,
margin,Houston,scientific_f0_m3,13.915284595959594,23,3,True,False,,,,,,,,,,,
margin,Utah,scientific_f0_m3,13.893451262626261,24,2,True,False,,,,,,,,,,,
margin,Louisville,scientific_f0_m3,12.52780158730158,25,1,True,False,,,,,,,,,,,
margin,Washington,scientific_f0_m3,12.513585714285716,26,0,False,False,,,,,,,,,,,
margin,Texas Tech,scientific_f0_m3,11.753491472868221,27,0,False,False,,,,,,,,,,,
margin,Auburn,scientific_f0_m3,11.524070699256045,28,0,False,False,,,,,,,,,,,
margin,Miami (OH),scientific_f0_m3,11.488012898212896,29,0,False,False,,,,,,,,,,,
margin,Florida State,scientific_f0_m3,11.108913850142633,30,0,False,False,,,,,,,,,,,
margin,Florida International,scientific_f0_m3,11.05163751647689,31,0,False,False,,,,,,,,,,,
margin,Michigan State,scientific_f0_m3,11.017328822055136,32,0,False,False,,,,,,,,,,,
margin,Rutgers,scientific_f0_m3,10.11060228405038,33,0,False,False,,,,,,,,,,,
margin,Oregon,scientific_f0_m3,9.495895208962978,34,0,False,False,,,,,,,,,,,
margin,Pittsburgh,scientific_f0_m3,9.453193489843493,35,0,False,False,,,,,,,,,,,
margin,Texas,scientific_f0_m3,9.443728542296313,36,0,False,False,,,,,,,,,,,
margin,Tulane,scientific_f0_m3,9.303306247255165,37,0,False,False,,,,,,,,,,,
margin,Central Michigan,scientific_f0_m3,8.910382233631855,38,0,False,False,,,,,,,,,,,
margin,Southern Miss,scientific_f0_m3,8.721977088973832,39,0,False,False,,,,,,,,,,,
margin,Colorado,scientific_f0_m3,8.63944918869394,40,0,False,False,,,,,,,,,,,
margin,UCF,scientific_f0_m3,8.595384937284937,41,0,False,False,,,,,,,,,,,
margin,Indiana,scientific_f0_m3,8.488211062919795,42,0,False,False,,,,,,,,,,,
margin,Wisconsin,scientific_f0_m3,8.040415282392031,43,0,False,False,,,,,,,,,,,
margin,Kennesaw State,scientific_f0_m3,7.950040840044294,44,0,False,False,,,,,,,,,,,
margin,Oklahoma,scientific_f0_m3,7.866611488353519,45,0,False,False,,,,,,,,,,,
margin,Vanderbilt,scientific_f0_m3,7.761920992841578,46,0,False,False,,,,,,,,,,,
margin,Fresno State,scientific_f0_m3,7.694644610266493,47,0,False,False,,,,,,,,,,,
margin,Michigan,scientific_f0_m3,7.4734253607503645,48,0,False,False,,,,,,,,,,,
margin,Nebraska,scientific_f0_m3,7.327442910492583,49,0,False,False,,,,,,,,,,,
margin,Florida Atlantic,scientific_f0_m3,7.216955145046521,50,0,False,False,,,,,,,,,,,
margin,Oregon State,scientific_f0_m3,7.133065080888871,51,0,False,False,,,,,,,,,,,
margin,California,scientific_f0_m3,6.562164444444448,52,0,False,False,,,,,,,,,,,
margin,UTEP,scientific_f0_m3,6.080605366395748,53,0,False,False,,,,,,,,,,,
margin,Troy,scientific_f0_m3,5.945885353535353,54,0,False,False,,,,,,,,,,,
margin,UAB,scientific_f0_m3,5.781353441477336,55,0,False,False,,,,,,,,,,,
margin,UCLA,scientific_f0_m3,5.663285185185187,56,0,False,False,,,,,,,,,,,
margin,Purdue,scientific_f0_m3,5.6082480604363,57,0,False,False,,,,,,,,,,,
margin,BYU,scientific_f0_m3,5.271060317460318,58,0,False,False,,,,,,,,,,,
margin,North Texas,scientific_f0_m3,5.225769415291998,59,0,False,False,,,,,,,,,,,
margin,Virginia Tech,scientific_f0_m3,5.178650000000003,60,0,False,False,,,,,,,,,,,
margin,TCU,scientific_f0_m3,5.105168258245664,61,0,False,False,,,,,,,,,,,
margin,Northern Illinois,scientific_f0_m3,5.015810325266407,62,0,False,False,,,,,,,,,,,
margin,East Carolina,scientific_f0_m3,4.691711652236649,63,0,False,False,,,,,,,,,,,
margin,Nevada,scientific_f0_m3,4.423669159665822,64,0,False,False,,,,,,,,,,,
margin,Baylor,scientific_f0_m3,3.7537280311285466,65,0,False,False,,,,,,,,,,,
margin,Arkansas State,scientific_f0_m3,3.508528907315843,66,0,False,False,,,,,,,,,,,
margin,Western Kentucky,scientific_f0_m3,3.500328699696095,67,0,False,False,,,,,,,,,,,
margin,Cincinnati,scientific_f0_m3,3.460935511896831,68,0,False,False,,,,,,,,,,,
margin,Boston College,scientific_f0_m3,2.932890897508922,69,0,False,False,,,,,,,,,,,
margin,Western Michigan,scientific_f0_m3,2.041944632617808,70,0,False,False,,,,,,,,,,,
margin,SMU,scientific_f0_m3,1.8988263347763348,71,0,False,False,,,,,,,,,,,
margin,Minnesota,scientific_f0_m3,1.3428894214029705,72,0,False,False,,,,,,,,,,,
margin,Missouri State,scientific_f0_m3,1.2178851714318328,73,0,False,False,,,,,,,,,,,
margin,Buffalo,scientific_f0_m3,1.090057692243083,74,0,False,False,,,,,,,,,,,
margin,Memphis,scientific_f0_m3,1.0685885815512606,75,0,False,False,,,,,,,,,,,
margin,New Mexico,scientific_f0_m3,0.7692376524644946,76,0,False,False,,,,,,,,,,,
margin,West Virginia,scientific_f0_m3,0.7514622542747927,77,0,False,False,,,,,,,,,,,
margin,Toledo,scientific_f0_m3,0.7258521808257102,78,0,False,False,,,,,,,,,,,
margin,Wake Forest,scientific_f0_m3,0.36910287747403875,79,0,False,False,,,,,,,,,,,
margin,Arizona,scientific_f0_m3,0.24751367127496143,80,0,False,False,,,,,,,,,,,
margin,Penn State,scientific_f0_m3,-0.5172174603174605,81,0,False,False,,,,,,,,,,,
margin,Temple,scientific_f0_m3,-0.5257992733611028,82,0,False,False,,,,,,,,,,,
margin,Georgia State,scientific_f0_m3,-0.7693467662139889,83,0,False,False,,,,,,,,,,,
margin,Wyoming,scientific_f0_m3,-1.3694234423270109,84,0,False,False,,,,,,,,,,,
margin,South Carolina,scientific_f0_m3,-1.4771773504273515,85,0,False,False,,,,,,,,,,,
margin,NC State,scientific_f0_m3,-1.502913628578673,86,0,False,False,,,,,,,,,,,
margin,Northwestern,scientific_f0_m3,-1.6014095238095234,87,0,False,False,,,,,,,,,,,
margin,Clemson,scientific_f0_m3,-1.6135440170940172,88,0,False,False,,,,,,,,,,,
margin,Duke,scientific_f0_m3,-1.7431047730047737,89,0,False,False,,,,,,,,,,,
margin,South Florida,scientific_f0_m3,-1.9258140470640484,90,0,False,False,,,,,,,,,,,
margin,Sacramento State,scientific_f0_m3,-1.9608688628662216,91,0,False,False,,,,,,,,,,,
margin,Oklahoma State,scientific_f0_m3,-2.3881080943938526,92,0,False,False,,,,,,,,,,,
margin,Louisiana,scientific_f0_m3,-3.283093650793654,93,0,False,False,,,,,,,,,,,
margin,Ohio,scientific_f0_m3,-3.3033881112950834,94,0,False,False,,,,,,,,,,,
margin,Kent State,scientific_f0_m3,-3.3180976351046074,95,0,False,False,,,,,,,,,,,
margin,Hawai'i,scientific_f0_m3,-3.4609930225118997,96,0,False,False,,,,,,,,,,,
margin,Massachusetts,scientific_f0_m3,-3.869161121944566,97,0,False,False,,,,,,,,,,,
margin,UNLV,scientific_f0_m3,-3.9731393714086805,98,0,False,False,,,,,,,,,,,
margin,Boise State,scientific_f0_m3,-4.061802927773981,99,0,False,False,,,,,,,,,,,
margin,UConn,scientific_f0_m3,-4.182823613375799,100,0,False,False,,,,,,,,,,,
margin,Iowa State,scientific_f0_m3,-4.216468506493507,101,0,False,False,,,,,,,,,,,
margin,Tulsa,scientific_f0_m3,-4.962284878340049,102,0,False,False,,,,,,,,,,,
margin,Washington State,scientific_f0_m3,-5.318608730158728,103,0,False,False,,,,,,,,,,,
margin,Iowa,scientific_f0_m3,-5.490713116123641,104,0,False,False,,,,,,,,,,,
margin,Kansas,scientific_f0_m3,-5.815405793329478,105,0,False,False,,,,,,,,,,,
margin,Kansas State,scientific_f0_m3,-5.874037712096333,106,0,False,False,,,,,,,,,,,
margin,Bowling Green,scientific_f0_m3,-6.005486157059318,107,0,False,False,,,,,,,,,,,
margin,North Dakota State,scientific_f0_m3,-6.053469727443088,108,0,False,False,,,,,,,,,,,
margin,Illinois,scientific_f0_m3,-6.10022357087357,109,0,False,False,,,,,,,,,,,
margin,App State,scientific_f0_m3,-6.231708458208457,110,0,False,False,,,,,,,,,,,
margin,Delaware,scientific_f0_m3,-6.345060317460322,111,0,False,False,,,,,,,,,,,
margin,Louisiana Tech,scientific_f0_m3,-6.350787227034152,112,0,False,False,,,,,,,,,,,
margin,Eastern Michigan,scientific_f0_m3,-6.488147083313503,113,0,False,False,,,,,,,,,,,
margin,Colorado State,scientific_f0_m3,-6.798348412698414,114,0,False,False,,,,,,,,,,,
margin,UL Monroe,scientific_f0_m3,-7.483210482412921,115,0,False,False,,,,,,,,,,,
margin,Utah State,scientific_f0_m3,-7.6106457528079,116,0,False,False,,,,,,,,,,,
margin,Middle Tennessee,scientific_f0_m3,-8.528193766908936,117,0,False,False,,,,,,,,,,,
margin,San José State,scientific_f0_m3,-8.85501374976181,118,0,False,False,,,,,,,,,,,
margin,Coastal Carolina,scientific_f0_m3,-8.859816510147207,119,0,False,False,,,,,,,,,,,
margin,UTSA,scientific_f0_m3,-8.87212527999325,120,0,False,False,,,,,,,,,,,
margin,Old Dominion,scientific_f0_m3,-9.221729879792031,121,0,False,False,,,,,,,,,,,
margin,Navy,scientific_f0_m3,-9.238057719330655,122,0,False,False,,,,,,,,,,,
margin,Marshall,scientific_f0_m3,-9.474459523809527,123,0,False,False,,,,,,,,,,,
margin,Jacksonville State,scientific_f0_m3,-10.230913083620008,124,0,False,False,,,,,,,,,,,
margin,Ball State,scientific_f0_m3,-10.2751873015873,125,0,False,False,,,,,,,,,,,
margin,Georgia Southern,scientific_f0_m3,-11.201626312062114,126,0,False,False,,,,,,,,,,,
margin,Sam Houston,scientific_f0_m3,-11.475825772765237,127,0,False,False,,,,,,,,,,,
margin,James Madison,scientific_f0_m3,-11.822550362494518,128,0,False,False,,,,,,,,,,,
margin,North Carolina,scientific_f0_m3,-12.321397277579187,129,0,False,False,,,,,,,,,,,
margin,Texas State,scientific_f0_m3,-13.340019210906043,130,0,False,False,,,,,,,,,,,
margin,San Diego State,scientific_f0_m3,-13.476889646797613,131,0,False,False,,,,,,,,,,,
margin,South Alabama,scientific_f0_m3,-15.420945325307851,132,0,False,False,,,,,,,,,,,
margin,New Mexico State,scientific_f0_m3,-15.871482238579446,133,0,False,False,,,,,,,,,,,
margin,Air Force,scientific_f0_m3,-19.609796552446284,134,0,False,False,,,,,,,,,,,
margin,Liberty,scientific_f0_m3,-20.07634608750726,135,0,False,False,,,,,,,,,,,
margin,Charlotte,scientific_f0_m3,-21.179889524036934,136,0,False,False,,,,,,,,,,,
margin,Akron,scientific_f0_m3,-25.06985714285713,137,0,False,False,,,,,,,,,,,
margin,Army,scientific_f0_m3,-27.744476785714284,138,0,False,False,,,,,,,,,,,
margin,Georgia,scientific_f0_m4,19.520823568599734,1,25,True,True,,,,,,,,,,,
margin,Alabama,scientific_f0_m4,19.32523556903849,2,24,True,False,,,,,,,,,,,
margin,Oregon,scientific_f0_m4,19.32523556903849,3,23,True,False,,,,,,,,,,,
margin,Texas,scientific_f0_m4,19.32523556903849,4,22,True,False,,,,,,,,,,,
margin,Notre Dame,scientific_f0_m4,17.563174960920215,5,21,True,False,,,,,,,,,,,
margin,Ohio State,scientific_f0_m4,17.563174960920215,6,20,True,False,,,,,,,,,,,
margin,LSU,scientific_f0_m4,14.546117924627795,7,19,True,False,,,,,,,,,,,
margin,Texas A&M,scientific_f0_m4,14.546117924627795,8,18,True,False,,,,,,,,,,,
margin,Clemson,scientific_f0_m4,13.424130520966145,9,17,True,False,,,,,,,,,,,
margin,South Carolina,scientific_f0_m4,13.424130520966145,10,16,True,False,,,,,,,,,,,
margin,USC,scientific_f0_m4,12.87747723301114,11,15,True,False,,,,,,,,,,,
margin,Florida,scientific_f0_m4,12.695700548606617,12,14,True,False,,,,,,,,,,,
margin,Michigan,scientific_f0_m4,12.695700548606617,13,13,True,False,,,,,,,,,,,
margin,Miami,scientific_f0_m4,12.320882418526994,14,12,True,False,,,,,,,,,,,
margin,Ole Miss,scientific_f0_m4,12.320882418526994,15,11,True,False,,,,,,,,,,,
margin,Tennessee,scientific_f0_m4,12.320882418526994,16,10,True,False,,,,,,,,,,,
margin,Auburn,scientific_f0_m4,12.20606889291561,17,9,True,False,,,,,,,,,,,
margin,Oklahoma,scientific_f0_m4,12.150656714265114,18,8,True,False,,,,,,,,,,,
margin,Missouri,scientific_f0_m4,12.002763983851652,19,7,True,False,,,,,,,,,,,
margin,Arkansas,scientific_f0_m4,9.658109106416552,20,6,True,False,,,,,,,,,,,
margin,Syracuse,scientific_f0_m4,9.658109106416552,21,5,True,False,,,,,,,,,,,
margin,Kentucky,scientific_f0_m4,9.603276450493789,22,4,True,False,,,,,,,,,,,
margin,Nebraska,scientific_f0_m4,9.603276450493789,23,3,True,False,,,,,,,,,,,
margin,Mississippi State,scientific_f0_m4,9.282052005787092,24,2,True,False,,,,,,,,,,,
margin,TCU,scientific_f0_m4,8.77433621254892,25,1,True,False,,,,,,,,,,,
margin,Penn State,scientific_f0_m4,8.596808261635848,26,0,False,False,,,,,,,,,,,
margin,UCLA,scientific_f0_m4,8.596808261635848,27,0,False,False,,,,,,,,,,,
margin,Washington,scientific_f0_m4,8.596808261635848,28,0,False,False,,,,,,,,,,,
margin,SMU,scientific_f0_m4,6.756659892248301,29,0,False,False,,,,,,,,,,,
margin,Texas Tech,scientific_f0_m4,6.756659892248301,30,0,False,False,,,,,,,,,,,
margin,Wisconsin,scientific_f0_m4,6.756659892248301,31,0,False,False,,,,,,,,,,,
margin,Louisville,scientific_f0_m4,6.724397050430815,32,0,False,False,,,,,,,,,,,
margin,Virginia Tech,scientific_f0_m4,6.518747503008074,33,0,False,False,,,,,,,,,,,
margin,Arizona,scientific_f0_m4,6.339459248060154,34,0,False,False,,,,,,,,,,,
margin,Rutgers,scientific_f0_m4,6.251331165921968,35,0,False,False,,,,,,,,,,,
margin,West Virginia,scientific_f0_m4,6.251331165921968,36,0,False,False,,,,,,,,,,,
margin,Illinois,scientific_f0_m4,6.06029108927192,37,0,False,False,,,,,,,,,,,
margin,South Florida,scientific_f0_m4,6.06029108927192,38,0,False,False,,,,,,,,,,,
margin,Colorado,scientific_f0_m4,5.812933468371711,39,0,False,False,,,,,,,,,,,
margin,Indiana,scientific_f0_m4,5.812933468371711,40,0,False,False,,,,,,,,,,,
margin,Florida State,scientific_f0_m4,5.676189840321995,41,0,False,False,,,,,,,,,,,
margin,Arizona State,scientific_f0_m4,5.247405269085055,42,0,False,False,,,,,,,,,,,
margin,Minnesota,scientific_f0_m4,4.9348296543467685,43,0,False,False,,,,,,,,,,,
margin,Vanderbilt,scientific_f0_m4,4.9348296543467685,44,0,False,False,,,,,,,,,,,
margin,Purdue,scientific_f0_m4,4.75867974165398,45,0,False,False,,,,,,,,,,,
margin,California,scientific_f0_m4,4.46250948489444,46,0,False,False,,,,,,,,,,,
margin,Georgia Tech,scientific_f0_m4,4.46250948489444,47,0,False,False,,,,,,,,,,,
margin,BYU,scientific_f0_m4,4.311936210242386,48,0,False,False,,,,,,,,,,,
margin,Northwestern,scientific_f0_m4,4.311936210242386,49,0,False,False,,,,,,,,,,,
margin,Virginia,scientific_f0_m4,4.296211770296482,50,0,False,False,,,,,,,,,,,
margin,Stanford,scientific_f0_m4,4.208083688158296,51,0,False,False,,,,,,,,,,,
margin,Wake Forest,scientific_f0_m4,3.887693823519859,52,0,False,False,,,,,,,,,,,
margin,Kansas,scientific_f0_m4,3.7645178816019023,53,0,False,False,,,,,,,,,,,
margin,Michigan State,scientific_f0_m4,3.7645178816019023,54,0,False,False,,,,,,,,,,,
margin,North Carolina,scientific_f0_m4,3.757100581596188,55,0,False,False,,,,,,,,,,,
margin,Baylor,scientific_f0_m4,3.3083630474692476,56,0,False,False,,,,,,,,,,,
margin,Iowa,scientific_f0_m4,3.3083630474692476,57,0,False,False,,,,,,,,,,,
margin,Maryland,scientific_f0_m4,3.077913934496796,58,0,False,False,,,,,,,,,,,
margin,Kansas State,scientific_f0_m4,2.917782642655234,59,0,False,False,,,,,,,,,,,
margin,Arkansas State,scientific_f0_m4,2.873519567757668,60,0,False,False,,,,,,,,,,,
margin,Florida International,scientific_f0_m4,2.873519567757668,61,0,False,False,,,,,,,,,,,
margin,UAB,scientific_f0_m4,2.873519567757668,62,0,False,False,,,,,,,,,,,
margin,Pittsburgh,scientific_f0_m4,2.8280335266673537,63,0,False,False,,,,,,,,,,,
margin,UConn,scientific_f0_m4,2.786386305025427,64,0,False,False,,,,,,,,,,,
margin,Houston,scientific_f0_m4,2.690240290398403,65,0,False,False,,,,,,,,,,,
margin,Utah,scientific_f0_m4,2.690240290398403,66,0,False,False,,,,,,,,,,,
margin,Memphis,scientific_f0_m4,2.4598896601092344,67,0,False,False,,,,,,,,,,,
margin,UTSA,scientific_f0_m4,2.339334340150175,68,0,False,False,,,,,,,,,,,
margin,UNLV,scientific_f0_m4,2.251413921879809,69,0,False,False,,,,,,,,,,,
margin,Boston College,scientific_f0_m4,2.2432562512450755,70,0,False,False,,,,,,,,,,,
margin,Boise State,scientific_f0_m4,2.220172504830552,71,0,False,False,,,,,,,,,,,
margin,Colorado State,scientific_f0_m4,2.220172504830552,72,0,False,False,,,,,,,,,,,
margin,Duke,scientific_f0_m4,1.979213759530373,73,0,False,False,,,,,,,,,,,
margin,Iowa State,scientific_f0_m4,1.979213759530373,74,0,False,False,,,,,,,,,,,
margin,Oklahoma State,scientific_f0_m4,1.979213759530373,75,0,False,False,,,,,,,,,,,
margin,UCF,scientific_f0_m4,1.979213759530373,76,0,False,False,,,,,,,,,,,
margin,Oregon State,scientific_f0_m4,1.8308705473600342,77,0,False,False,,,,,,,,,,,
margin,Tulane,scientific_f0_m4,0.12202647873767886,78,0,False,False,,,,,,,,,,,
margin,Florida Atlantic,scientific_f0_m4,-0.17708033707193402,79,0,False,False,,,,,,,,,,,
margin,East Carolina,scientific_f0_m4,-0.1944954426002933,80,0,False,False,,,,,,,,,,,
margin,Texas State,scientific_f0_m4,-0.1944954426002933,81,0,False,False,,,,,,,,,,,
margin,Fresno State,scientific_f0_m4,-0.37198746130192895,82,0,False,False,,,,,,,,,,,
margin,San Diego State,scientific_f0_m4,-0.37198746130192895,83,0,False,False,,,,,,,,,,,
margin,Western Kentucky,scientific_f0_m4,-0.37198746130192895,84,0,False,False,,,,,,,,,,,
margin,Tulsa,scientific_f0_m4,-0.48096271092246634,85,0,False,False,,,,,,,,,,,
margin,Marshall,scientific_f0_m4,-0.5897073942069021,86,0,False,False,,,,,,,,,,,
margin,Troy,scientific_f0_m4,-0.5897073942069021,87,0,False,False,,,,,,,,,,,
margin,James Madison,scientific_f0_m4,-0.6179323142106102,88,0,False,False,,,,,,,,,,,
margin,Louisiana,scientific_f0_m4,-0.6179323142106102,89,0,False,False,,,,,,,,,,,
margin,Rice,scientific_f0_m4,-0.6179323142106102,90,0,False,False,,,,,,,,,,,
margin,UTEP,scientific_f0_m4,-0.6179323142106102,91,0,False,False,,,,,,,,,,,
margin,Charlotte,scientific_f0_m4,-0.6857764864626671,92,0,False,False,,,,,,,,,,,
margin,Coastal Carolina,scientific_f0_m4,-0.6857764864626671,93,0,False,False,,,,,,,,,,,
margin,Georgia State,scientific_f0_m4,-0.6857764864626671,94,0,False,False,,,,,,,,,,,
margin,South Alabama,scientific_f0_m4,-0.6857764864626671,95,0,False,False,,,,,,,,,,,
margin,Western Michigan,scientific_f0_m4,-0.6857764864626671,96,0,False,False,,,,,,,,,,,
margin,Buffalo,scientific_f0_m4,-0.731256161626534,97,0,False,False,,,,,,,,,,,
margin,Missouri State,scientific_f0_m4,-0.731256161626534,98,0,False,False,,,,,,,,,,,
margin,Nevada,scientific_f0_m4,-0.731256161626534,99,0,False,False,,,,,,,,,,,
margin,App State,scientific_f0_m4,-0.8741485092754695,100,0,False,False,,,,,,,,,,,
margin,Miami (OH),scientific_f0_m4,-0.8741485092754695,101,0,False,False,,,,,,,,,,,
margin,North Texas,scientific_f0_m4,-1.4611866007008676,102,0,False,False,,,,,,,,,,,
margin,Southern Miss,scientific_f0_m4,-1.4611866007008676,103,0,False,False,,,,,,,,,,,
margin,Navy,scientific_f0_m4,-1.4957348563875545,104,0,False,False,,,,,,,,,,,
margin,Temple,scientific_f0_m4,-1.7255755391752468,105,0,False,False,,,,,,,,,,,
margin,Washington State,scientific_f0_m4,-1.7255755391752468,106,0,False,False,,,,,,,,,,,
margin,Cincinnati,scientific_f0_m4,-1.8823685593617765,107,0,False,False,,,,,,,,,,,
margin,Georgia Southern,scientific_f0_m4,-1.8823685593617765,108,0,False,False,,,,,,,,,,,
margin,Liberty,scientific_f0_m4,-1.8823685593617765,109,0,False,False,,,,,,,,,,,
margin,Ball State,scientific_f0_m4,-2.0670836397430374,110,0,False,False,,,,,,,,,,,
margin,Eastern Michigan,scientific_f0_m4,-2.485563829043076,111,0,False,False,,,,,,,,,,,
margin,Bowling Green,scientific_f0_m4,-3.601594159013933,112,0,False,False,,,,,,,,,,,
margin,New Mexico,scientific_f0_m4,-3.601594159013933,113,0,False,False,,,,,,,,,,,
margin,Sam Houston,scientific_f0_m4,-3.7099695842274296,114,0,False,False,,,,,,,,,,,
margin,Toledo,scientific_f0_m4,-3.7099695842274296,115,0,False,False,,,,,,,,,,,
margin,Jacksonville State,scientific_f0_m4,-3.9276178119913467,116,0,False,False,,,,,,,,,,,
margin,NC State,scientific_f0_m4,-4.622079467192683,117,0,False,False,,,,,,,,,,,
margin,Central Michigan,scientific_f0_m4,-5.1500447849037085,118,0,False,False,,,,,,,,,,,
margin,Louisiana Tech,scientific_f0_m4,-5.1500447849037085,119,0,False,False,,,,,,,,,,,
margin,Northern Illinois,scientific_f0_m4,-5.1500447849037085,120,0,False,False,,,,,,,,,,,
margin,Utah State,scientific_f0_m4,-5.1500447849037085,121,0,False,False,,,,,,,,,,,
margin,Akron,scientific_f0_m4,-5.263020643576323,122,0,False,False,,,,,,,,,,,
margin,Old Dominion,scientific_f0_m4,-5.263020643576323,123,0,False,False,,,,,,,,,,,
margin,Wyoming,scientific_f0_m4,-5.5866867063192105,124,0,False,False,,,,,,,,,,,
margin,Hawai'i,scientific_f0_m4,-5.8440274856774295,125,0,False,False,,,,,,,,,,,
margin,Sacramento State,scientific_f0_m4,-5.8440274856774295,126,0,False,False,,,,,,,,,,,
margin,Kennesaw State,scientific_f0_m4,-5.954594328105805,127,0,False,False,,,,,,,,,,,
margin,San José State,scientific_f0_m4,-6.3736053770597305,128,0,False,False,,,,,,,,,,,
margin,UL Monroe,scientific_f0_m4,-7.338085465309362,129,0,False,False,,,,,,,,,,,
margin,North Dakota State,scientific_f0_m4,-7.536567039545117,130,0,False,False,,,,,,,,,,,
margin,Delaware,scientific_f0_m4,-7.656027402186539,131,0,False,False,,,,,,,,,,,
margin,New Mexico State,scientific_f0_m4,-7.656027402186539,132,0,False,False,,,,,,,,,,,
margin,Kent State,scientific_f0_m4,-7.678934155344127,133,0,False,False,,,,,,,,,,,
margin,Massachusetts,scientific_f0_m4,-7.678934155344127,134,0,False,False,,,,,,,,,,,
margin,Ohio,scientific_f0_m4,-7.678934155344127,135,0,False,False,,,,,,,,,,,
margin,Middle Tennessee,scientific_f0_m4,-9.150430911859058,136,0,False,False,,,,,,,,,,,
margin,Air Force,scientific_f0_m4,-12.045640220198141,137,0,False,False,,,,,,,,,,,
margin,Army,scientific_f0_m4,-12.045640220198141,138,0,False,False,,,,,,,,,,,
margin,Georgia,scientific_f0_m5,16.227521896362305,1,25,True,True,,,,,,,,,,,
margin,Texas,scientific_f0_m5,16.083284378051758,2,24,True,False,,,,,,,,,,,
margin,Oregon,scientific_f0_m5,16.076236724853516,3,23,True,False,,,,,,,,,,,
margin,Alabama,scientific_f0_m5,15.981342315673828,4,22,True,False,,,,,,,,,,,
margin,Ohio State,scientific_f0_m5,15.893162727355957,5,21,True,False,,,,,,,,,,,
margin,Notre Dame,scientific_f0_m5,15.776649475097656,6,20,True,False,,,,,,,,,,,
margin,Texas A&M,scientific_f0_m5,15.538985252380371,7,19,True,False,,,,,,,,,,,
margin,LSU,scientific_f0_m5,15.522842407226562,8,18,True,False,,,,,,,,,,,
margin,Florida,scientific_f0_m5,14.873576164245605,9,17,True,False,,,,,,,,,,,
margin,Michigan,scientific_f0_m5,14.853147506713867,10,16,True,False,,,,,,,,,,,
margin,Miami,scientific_f0_m5,14.771662712097168,11,15,True,False,,,,,,,,,,,
margin,Tennessee,scientific_f0_m5,14.770846366882324,12,14,True,False,,,,,,,,,,,
margin,Ole Miss,scientific_f0_m5,14.767169952392578,13,13,True,False,,,,,,,,,,,
margin,South Carolina,scientific_f0_m5,14.238908767700195,14,12,True,False,,,,,,,,,,,
margin,Clemson,scientific_f0_m5,14.238387107849121,15,11,True,False,,,,,,,,,,,
margin,Oklahoma,scientific_f0_m5,13.912150382995605,16,10,True,False,,,,,,,,,,,
margin,Auburn,scientific_f0_m5,13.132119178771973,17,9,True,False,,,,,,,,,,,
margin,USC,scientific_f0_m5,12.888188362121582,18,8,True,False,,,,,,,,,,,
margin,Missouri,scientific_f0_m5,12.270271301269531,19,7,True,False,,,,,,,,,,,
margin,Mississippi State,scientific_f0_m5,12.080307006835938,20,6,True,False,,,,,,,,,,,
margin,Nebraska,scientific_f0_m5,11.132850646972656,21,5,True,False,,,,,,,,,,,
margin,Kentucky,scientific_f0_m5,11.084434509277344,22,4,True,False,,,,,,,,,,,
margin,Washington,scientific_f0_m5,10.514728546142578,23,3,True,False,,,,,,,,,,,
margin,UCLA,scientific_f0_m5,10.304055213928223,24,2,True,False,,,,,,,,,,,
margin,Penn State,scientific_f0_m5,10.276548385620117,25,1,True,False,,,,,,,,,,,
margin,Virginia Tech,scientific_f0_m5,9.940821647644043,26,0,False,False,,,,,,,,,,,
margin,Texas Tech,scientific_f0_m5,9.855377197265625,27,0,False,False,,,,,,,,,,,
margin,Wisconsin,scientific_f0_m5,9.840734481811523,28,0,False,False,,,,,,,,,,,
margin,SMU,scientific_f0_m5,9.617143630981445,29,0,False,False,,,,,,,,,,,
margin,Florida State,scientific_f0_m5,9.152832984924316,30,0,False,False,,,,,,,,,,,
margin,California,scientific_f0_m5,8.709064483642578,31,0,False,False,,,,,,,,,,,
margin,Georgia Tech,scientific_f0_m5,8.689359664916992,32,0,False,False,,,,,,,,,,,
margin,Syracuse,scientific_f0_m5,8.248922348022461,33,0,False,False,,,,,,,,,,,
margin,Arkansas,scientific_f0_m5,8.239469528198242,34,0,False,False,,,,,,,,,,,
margin,Louisville,scientific_f0_m5,7.841147422790527,35,0,False,False,,,,,,,,,,,
margin,Indiana,scientific_f0_m5,7.505809307098389,36,0,False,False,,,,,,,,,,,
margin,North Carolina,scientific_f0_m5,7.369594573974609,37,0,False,False,,,,,,,,,,,
margin,Colorado,scientific_f0_m5,7.25097131729126,38,0,False,False,,,,,,,,,,,
margin,Minnesota,scientific_f0_m5,7.05579137802124,39,0,False,False,,,,,,,,,,,
margin,Vanderbilt,scientific_f0_m5,6.960234642028809,40,0,False,False,,,,,,,,,,,
margin,NC State,scientific_f0_m5,6.71964168548584,41,0,False,False,,,,,,,,,,,
margin,Baylor,scientific_f0_m5,6.68356990814209,42,0,False,False,,,,,,,,,,,
margin,Iowa,scientific_f0_m5,6.646977424621582,43,0,False,False,,,,,,,,,,,
margin,Arizona State,scientific_f0_m5,6.598563194274902,44,0,False,False,,,,,,,,,,,
margin,Maryland,scientific_f0_m5,6.443204879760742,45,0,False,False,,,,,,,,,,,
margin,Kansas State,scientific_f0_m5,6.379842758178711,46,0,False,False,,,,,,,,,,,
margin,Rutgers,scientific_f0_m5,5.763327598571777,47,0,False,False,,,,,,,,,,,
margin,West Virginia,scientific_f0_m5,5.672529697418213,48,0,False,False,,,,,,,,,,,
margin,Illinois,scientific_f0_m5,5.44683837890625,49,0,False,False,,,,,,,,,,,
margin,South Florida,scientific_f0_m5,5.434279441833496,50,0,False,False,,,,,,,,,,,
margin,Arizona,scientific_f0_m5,5.169095993041992,51,0,False,False,,,,,,,,,,,
margin,Purdue,scientific_f0_m5,5.089716911315918,52,0,False,False,,,,,,,,,,,
margin,TCU,scientific_f0_m5,5.046214580535889,53,0,False,False,,,,,,,,,,,
margin,Houston,scientific_f0_m5,4.938043117523193,54,0,False,False,,,,,,,,,,,
margin,Utah,scientific_f0_m5,4.924736022949219,55,0,False,False,,,,,,,,,,,
margin,BYU,scientific_f0_m5,4.521951198577881,56,0,False,False,,,,,,,,,,,
margin,Northwestern,scientific_f0_m5,4.450796127319336,57,0,False,False,,,,,,,,,,,
margin,Michigan State,scientific_f0_m5,4.235651016235352,58,0,False,False,,,,,,,,,,,
margin,Kansas,scientific_f0_m5,4.202170372009277,59,0,False,False,,,,,,,,,,,
margin,Wake Forest,scientific_f0_m5,3.9613864421844482,60,0,False,False,,,,,,,,,,,
margin,Pittsburgh,scientific_f0_m5,3.5680110454559326,61,0,False,False,,,,,,,,,,,
margin,Stanford,scientific_f0_m5,3.4159722328186035,62,0,False,False,,,,,,,,,,,
margin,Oklahoma State,scientific_f0_m5,3.409381866455078,63,0,False,False,,,,,,,,,,,
margin,UCF,scientific_f0_m5,3.3717970848083496,64,0,False,False,,,,,,,,,,,
margin,Iowa State,scientific_f0_m5,3.1941745281219482,65,0,False,False,,,,,,,,,,,
margin,Duke,scientific_f0_m5,3.119835138320923,66,0,False,False,,,,,,,,,,,
margin,Virginia,scientific_f0_m5,3.0496060848236084,67,0,False,False,,,,,,,,,,,
margin,Tulane,scientific_f0_m5,2.887768507003784,68,0,False,False,,,,,,,,,,,
margin,UNLV,scientific_f0_m5,2.780557870864868,69,0,False,False,,,,,,,,,,,
margin,Boston College,scientific_f0_m5,2.533543825149536,70,0,False,False,,,,,,,,,,,
margin,UTSA,scientific_f0_m5,2.243849992752075,71,0,False,False,,,,,,,,,,,
margin,UConn,scientific_f0_m5,2.018704891204834,72,0,False,False,,,,,,,,,,,
margin,Boise State,scientific_f0_m5,1.2445651292800903,73,0,False,False,,,,,,,,,,,
margin,Colorado State,scientific_f0_m5,1.1872293949127197,74,0,False,False,,,,,,,,,,,
margin,Memphis,scientific_f0_m5,1.1427791118621826,75,0,False,False,,,,,,,,,,,
margin,Oregon State,scientific_f0_m5,0.8891579508781433,76,0,False,False,,,,,,,,,,,
margin,Cincinnati,scientific_f0_m5,0.7908987998962402,77,0,False,False,,,,,,,,,,,
margin,Georgia Southern,scientific_f0_m5,0.7850642800331116,78,0,False,False,,,,,,,,,,,
margin,Liberty,scientific_f0_m5,0.7307313084602356,79,0,False,False,,,,,,,,,,,
margin,Temple,scientific_f0_m5,0.5843944549560547,80,0,False,False,,,,,,,,,,,
margin,Washington State,scientific_f0_m5,0.5347241759300232,81,0,False,False,,,,,,,,,,,
margin,Texas State,scientific_f0_m5,0.1917085200548172,82,0,False,False,,,,,,,,,,,
margin,East Carolina,scientific_f0_m5,0.1290566474199295,83,0,False,False,,,,,,,,,,,
margin,Tulsa,scientific_f0_m5,0.07105343043804169,84,0,False,False,,,,,,,,,,,
margin,App State,scientific_f0_m5,-0.003540322184562683,85,0,False,False,,,,,,,,,,,
margin,Miami (OH),scientific_f0_m5,-0.018027856945991516,86,0,False,False,,,,,,,,,,,
margin,Western Kentucky,scientific_f0_m5,-0.5930399298667908,87,0,False,False,,,,,,,,,,,
margin,Fresno State,scientific_f0_m5,-0.692199170589447,88,0,False,False,,,,,,,,,,,
margin,San Diego State,scientific_f0_m5,-0.7216379046440125,89,0,False,False,,,,,,,,,,,
margin,Florida International,scientific_f0_m5,-0.8130870461463928,90,0,False,False,,,,,,,,,,,
margin,Arkansas State,scientific_f0_m5,-0.8860673308372498,91,0,False,False,,,,,,,,,,,
margin,UAB,scientific_f0_m5,-0.8882343173027039,92,0,False,False,,,,,,,,,,,
margin,Southern Miss,scientific_f0_m5,-1.0778710842132568,93,0,False,False,,,,,,,,,,,
margin,North Texas,scientific_f0_m5,-1.1067761182785034,94,0,False,False,,,,,,,,,,,
margin,Troy,scientific_f0_m5,-1.4083027839660645,95,0,False,False,,,,,,,,,,,
margin,Marshall,scientific_f0_m5,-1.4817631244659424,96,0,False,False,,,,,,,,,,,
margin,Florida Atlantic,scientific_f0_m5,-1.5479657649993896,97,0,False,False,,,,,,,,,,,
margin,Louisiana,scientific_f0_m5,-1.6647220849990845,98,0,False,False,,,,,,,,,,,
margin,Rice,scientific_f0_m5,-1.714617371559143,99,0,False,False,,,,,,,,,,,
margin,James Madison,scientific_f0_m5,-1.7888305187225342,100,0,False,False,,,,,,,,,,,
margin,UTEP,scientific_f0_m5,-1.9064185619354248,101,0,False,False,,,,,,,,,,,
margin,Charlotte,scientific_f0_m5,-2.299783945083618,102,0,False,False,,,,,,,,,,,
margin,Coastal Carolina,scientific_f0_m5,-2.4161124229431152,103,0,False,False,,,,,,,,,,,
margin,Georgia State,scientific_f0_m5,-2.421419858932495,104,0,False,False,,,,,,,,,,,
margin,South Alabama,scientific_f0_m5,-2.439739465713501,105,0,False,False,,,,,,,,,,,
margin,Western Michigan,scientific_f0_m5,-2.48740553855896,106,0,False,False,,,,,,,,,,,
margin,Middle Tennessee,scientific_f0_m5,-2.515427589416504,107,0,False,False,,,,,,,,,,,
margin,Bowling Green,scientific_f0_m5,-2.6399929523468018,108,0,False,False,,,,,,,,,,,
margin,Jacksonville State,scientific_f0_m5,-2.642979383468628,109,0,False,False,,,,,,,,,,,
margin,New Mexico,scientific_f0_m5,-2.645406484603882,110,0,False,False,,,,,,,,,,,
margin,Ball State,scientific_f0_m5,-2.8085122108459473,111,0,False,False,,,,,,,,,,,
margin,Toledo,scientific_f0_m5,-3.0805046558380127,112,0,False,False,,,,,,,,,,,
margin,Sam Houston,scientific_f0_m5,-3.1414732933044434,113,0,False,False,,,,,,,,,,,
margin,Nevada,scientific_f0_m5,-3.2893733978271484,114,0,False,False,,,,,,,,,,,
margin,Missouri State,scientific_f0_m5,-3.2916321754455566,115,0,False,False,,,,,,,,,,,
margin,Buffalo,scientific_f0_m5,-3.311249256134033,116,0,False,False,,,,,,,,,,,
margin,Akron,scientific_f0_m5,-3.3894646167755127,117,0,False,False,,,,,,,,,,,
margin,Old Dominion,scientific_f0_m5,-3.4694230556488037,118,0,False,False,,,,,,,,,,,
margin,Utah State,scientific_f0_m5,-3.477639675140381,119,0,False,False,,,,,,,,,,,
margin,Louisiana Tech,scientific_f0_m5,-3.5066728591918945,120,0,False,False,,,,,,,,,,,
margin,Central Michigan,scientific_f0_m5,-3.595907688140869,121,0,False,False,,,,,,,,,,,
margin,Eastern Michigan,scientific_f0_m5,-3.6289169788360596,122,0,False,False,,,,,,,,,,,
margin,Northern Illinois,scientific_f0_m5,-3.6943538188934326,123,0,False,False,,,,,,,,,,,
margin,Wyoming,scientific_f0_m5,-3.9187228679656982,124,0,False,False,,,,,,,,,,,
margin,Massachusetts,scientific_f0_m5,-3.979001760482788,125,0,False,False,,,,,,,,,,,
margin,Ohio,scientific_f0_m5,-4.056380271911621,126,0,False,False,,,,,,,,,,,
margin,Kent State,scientific_f0_m5,-4.0566253662109375,127,0,False,False,,,,,,,,,,,
margin,San José State,scientific_f0_m5,-4.079961776733398,128,0,False,False,,,,,,,,,,,
margin,Sacramento State,scientific_f0_m5,-4.369130611419678,129,0,False,False,,,,,,,,,,,
margin,UL Monroe,scientific_f0_m5,-4.448077201843262,130,0,False,False,,,,,,,,,,,
margin,Kennesaw State,scientific_f0_m5,-4.501830101013184,131,0,False,False,,,,,,,,,,,
margin,Hawai'i,scientific_f0_m5,-4.531280040740967,132,0,False,False,,,,,,,,,,,
margin,Delaware,scientific_f0_m5,-4.858597278594971,133,0,False,False,,,,,,,,,,,
margin,North Dakota State,scientific_f0_m5,-5.7455644607543945,134,0,False,False,,,,,,,,,,,
margin,Army,scientific_f0_m5,-6.426986217498779,135,0,False,False,,,,,,,,,,,
margin,Air Force,scientific_f0_m5,-6.551591873168945,136,0,False,False,,,,,,,,,,,
margin,Navy,scientific_f0_m5,-6.78007698059082,137,0,False,False,,,,,,,,,,,
margin,New Mexico State,scientific_f0_m5,-6.798478126525879,138,0,False,False,,,,,,,,,,,
margin,Georgia,scientific_f0_m10,30.699232860629497,1,25,True,True,,,,,,,,,,,
margin,Oregon,scientific_f0_m10,25.68303635307031,2,24,True,False,,,,,,,,,,,
margin,Ohio State,scientific_f0_m10,21.297981223408346,3,23,True,False,,,,,,,,,,,
margin,Texas,scientific_f0_m10,20.893844913918173,4,22,True,False,,,,,,,,,,,
margin,Alabama,scientific_f0_m10,20.201422010733044,5,21,True,False,,,,,,,,,,,
margin,Kentucky,scientific_f0_m10,18.799827667181162,6,20,True,False,,,,,,,,,,,
margin,USC,scientific_f0_m10,18.376216103732414,7,19,True,False,,,,,,,,,,,
margin,Notre Dame,scientific_f0_m10,18.299321516842873,8,18,True,False,,,,,,,,,,,
margin,Michigan,scientific_f0_m10,17.999161842120937,9,17,True,False,,,,,,,,,,,
margin,TCU,scientific_f0_m10,17.900247888383888,10,16,True,False,,,,,,,,,,,
margin,Florida,scientific_f0_m10,16.200813436691814,11,15,True,False,,,,,,,,,,,
margin,West Virginia,scientific_f0_m10,15.999607905652036,12,14,True,False,,,,,,,,,,,
margin,Missouri,scientific_f0_m10,15.200113734038798,13,13,True,False,,,,,,,,,,,
margin,Syracuse,scientific_f0_m10,14.499961593990585,14,12,True,False,,,,,,,,,,,
margin,Oklahoma,scientific_f0_m10,14.19999407234081,15,11,True,False,,,,,,,,,,,
margin,Arkansas,scientific_f0_m10,14.099968972261607,16,10,True,False,,,,,,,,,,,
margin,Auburn,scientific_f0_m10,13.999893428456408,17,9,True,False,,,,,,,,,,,
margin,Houston,scientific_f0_m10,13.899988843752721,18,8,True,False,,,,,,,,,,,
margin,Mississippi State,scientific_f0_m10,13.80068478122693,19,7,True,False,,,,,,,,,,,
margin,LSU,scientific_f0_m10,13.499590637182878,20,6,True,False,,,,,,,,,,,
margin,Texas A&M,scientific_f0_m10,12.90034538659063,21,5,True,False,,,,,,,,,,,
margin,Wisconsin,scientific_f0_m10,11.800007502110564,22,4,True,False,,,,,,,,,,,
margin,Arizona,scientific_f0_m10,11.500168519466126,23,3,True,False,,,,,,,,,,,
margin,Maryland,scientific_f0_m10,10.500101956204457,24,2,True,False,,,,,,,,,,,
margin,Virginia,scientific_f0_m10,10.309874716397706,25,1,True,False,,,,,,,,,,,
margin,Utah,scientific_f0_m10,10.300108087408047,26,0,False,False,,,,,,,,,,,
margin,Rice,scientific_f0_m10,9.900030956163155,27,0,False,False,,,,,,,,,,,
margin,Washington,scientific_f0_m10,9.800779149198107,28,0,False,False,,,,,,,,,,,
margin,Arizona State,scientific_f0_m10,9.70004062780156,29,0,False,False,,,,,,,,,,,
margin,Texas Tech,scientific_f0_m10,9.599940107326232,30,0,False,False,,,,,,,,,,,
margin,Rutgers,scientific_f0_m10,9.20007110707428,31,0,False,False,,,,,,,,,,,
margin,South Carolina,scientific_f0_m10,9.198748585584964,32,0,False,False,,,,,,,,,,,
margin,Clemson,scientific_f0_m10,9.198736020252195,33,0,False,False,,,,,,,,,,,
margin,Georgia Tech,scientific_f0_m10,8.999689189793285,34,0,False,False,,,,,,,,,,,
margin,Iowa State,scientific_f0_m10,8.899925037216354,35,0,False,False,,,,,,,,,,,
margin,Stanford,scientific_f0_m10,8.828728327790412,36,0,False,False,,,,,,,,,,,
margin,UCLA,scientific_f0_m10,8.700061280315161,37,0,False,False,,,,,,,,,,,
margin,Louisville,scientific_f0_m10,8.30005727849535,38,0,False,False,,,,,,,,,,,
margin,Indiana,scientific_f0_m10,7.799926062482631,39,0,False,False,,,,,,,,,,,
margin,Fresno State,scientific_f0_m10,7.300177777939151,40,0,False,False,,,,,,,,,,,
margin,BYU,scientific_f0_m10,7.299861361520207,41,0,False,False,,,,,,,,,,,
margin,UTEP,scientific_f0_m10,7.199945354048176,42,0,False,False,,,,,,,,,,,
margin,Tennessee,scientific_f0_m10,7.100789402602515,43,0,False,False,,,,,,,,,,,
margin,Iowa,scientific_f0_m10,7.099894205469726,44,0,False,False,,,,,,,,,,,
margin,Ole Miss,scientific_f0_m10,6.800711293531417,45,0,False,False,,,,,,,,,,,
margin,Nebraska,scientific_f0_m10,6.800104078108598,46,0,False,False,,,,,,,,,,,
margin,Kansas State,scientific_f0_m10,6.599692549990231,47,0,False,False,,,,,,,,,,,
margin,Boise State,scientific_f0_m10,6.499990556454194,48,0,False,False,,,,,,,,,,,
margin,Miami,scientific_f0_m10,6.400992229048339,49,0,False,False,,,,,,,,,,,
margin,Penn State,scientific_f0_m10,6.299617692077503,50,0,False,False,,,,,,,,,,,
margin,Virginia Tech,scientific_f0_m10,5.900123356944496,51,0,False,False,,,,,,,,,,,
margin,Miami (OH),scientific_f0_m10,5.899722105817346,52,0,False,False,,,,,,,,,,,
margin,Marshall,scientific_f0_m10,4.999395608709028,53,0,False,False,,,,,,,,,,,
margin,Arkansas State,scientific_f0_m10,4.200018627378691,54,0,False,False,,,,,,,,,,,
margin,California,scientific_f0_m10,4.00048120553275,55,0,False,False,,,,,,,,,,,
margin,UAB,scientific_f0_m10,3.900034560053648,56,0,False,False,,,,,,,,,,,
margin,Colorado,scientific_f0_m10,3.800103620679842,57,0,False,False,,,,,,,,,,,
margin,NC State,scientific_f0_m10,3.5724768027647773,58,0,False,False,,,,,,,,,,,
margin,Baylor,scientific_f0_m10,3.500034173819423,59,0,False,False,,,,,,,,,,,
margin,Vanderbilt,scientific_f0_m10,3.299969726000765,60,0,False,False,,,,,,,,,,,
margin,UCF,scientific_f0_m10,2.6000274683737574,61,0,False,False,,,,,,,,,,,
margin,Temple,scientific_f0_m10,2.500031569774117,62,0,False,False,,,,,,,,,,,
margin,Purdue,scientific_f0_m10,2.400114098189586,63,0,False,False,,,,,,,,,,,
margin,Nevada,scientific_f0_m10,1.899924043561856,64,0,False,False,,,,,,,,,,,
margin,North Texas,scientific_f0_m10,1.8000636109885784,65,0,False,False,,,,,,,,,,,
margin,Oregon State,scientific_f0_m10,1.7000270277117266,66,0,False,False,,,,,,,,,,,
margin,Tulane,scientific_f0_m10,1.4001810307722151,67,0,False,False,,,,,,,,,,,
margin,Tulsa,scientific_f0_m10,1.0999512027016296,68,0,False,False,,,,,,,,,,,
margin,Colorado State,scientific_f0_m10,0.8999584113463723,69,0,False,False,,,,,,,,,,,
margin,East Carolina,scientific_f0_m10,0.7499865706159169,70,0,False,False,,,,,,,,,,,
margin,Duke,scientific_f0_m10,0.6000422871211843,71,0,False,False,,,,,,,,,,,
margin,Troy,scientific_f0_m10,0.5001007594072074,72,0,False,False,,,,,,,,,,,
margin,Pittsburgh,scientific_f0_m10,0.40001770471257575,73,0,False,False,,,,,,,,,,,
margin,Florida International,scientific_f0_m10,0.30020908352270476,74,0,False,False,,,,,,,,,,,
margin,Cincinnati,scientific_f0_m10,3.660067470905293e-05,75,0,False,False,,,,,,,,,,,
margin,Boston College,scientific_f0_m10,3.263114942900261e-05,76,0,False,False,,,,,,,,,,,
margin,UConn,scientific_f0_m10,-0.09999496824513449,77,0,False,False,,,,,,,,,,,
margin,Florida Atlantic,scientific_f0_m10,-0.200028565043355,78,0,False,False,,,,,,,,,,,
margin,Georgia Southern,scientific_f0_m10,-0.30023016564736676,79,0,False,False,,,,,,,,,,,
margin,Western Kentucky,scientific_f0_m10,-0.39999314848863216,80,0,False,False,,,,,,,,,,,
margin,Southern Miss,scientific_f0_m10,-0.5998969138889657,81,0,False,False,,,,,,,,,,,
margin,Wake Forest,scientific_f0_m10,-0.5999511288542893,82,0,False,False,,,,,,,,,,,
margin,Georgia State,scientific_f0_m10,-0.5999538453213977,83,0,False,False,,,,,,,,,,,
margin,Eastern Michigan,scientific_f0_m10,-0.8055501769513894,84,0,False,False,,,,,,,,,,,
margin,Central Michigan,scientific_f0_m10,-0.9995965871812883,85,0,False,False,,,,,,,,,,,
margin,Kansas,scientific_f0_m10,-1.100050384039782,86,0,False,False,,,,,,,,,,,
margin,South Alabama,scientific_f0_m10,-1.4000505282497995,87,0,False,False,,,,,,,,,,,
margin,Texas State,scientific_f0_m10,-1.400089630147765,88,0,False,False,,,,,,,,,,,
margin,Memphis,scientific_f0_m10,-1.595846221528307,89,0,False,False,,,,,,,,,,,
margin,Coastal Carolina,scientific_f0_m10,-1.6002664639744273,90,0,False,False,,,,,,,,,,,
margin,Michigan State,scientific_f0_m10,-1.6999099703474763,91,0,False,False,,,,,,,,,,,
margin,Wyoming,scientific_f0_m10,-1.7001005928457051,92,0,False,False,,,,,,,,,,,
margin,SMU,scientific_f0_m10,-1.800054355634436,93,0,False,False,,,,,,,,,,,
margin,Florida State,scientific_f0_m10,-1.8730811910332328,94,0,False,False,,,,,,,,,,,
margin,Illinois,scientific_f0_m10,-2.000078481287108,95,0,False,False,,,,,,,,,,,
margin,Missouri State,scientific_f0_m10,-2.2996939732978197,96,0,False,False,,,,,,,,,,,
margin,App State,scientific_f0_m10,-2.40011231420827,97,0,False,False,,,,,,,,,,,
margin,Sacramento State,scientific_f0_m10,-2.60232809351774,98,0,False,False,,,,,,,,,,,
margin,Washington State,scientific_f0_m10,-2.6998890773684834,99,0,False,False,,,,,,,,,,,
margin,Hawai'i,scientific_f0_m10,-2.909952613350175,100,0,False,False,,,,,,,,,,,
margin,Kennesaw State,scientific_f0_m10,-2.999603923322189,101,0,False,False,,,,,,,,,,,
margin,Bowling Green,scientific_f0_m10,-3.400033779236666,102,0,False,False,,,,,,,,,,,
margin,UTSA,scientific_f0_m10,-4.100003138869095,103,0,False,False,,,,,,,,,,,
margin,Louisiana Tech,scientific_f0_m10,-4.200126360081673,104,0,False,False,,,,,,,,,,,
margin,Minnesota,scientific_f0_m10,-4.300068784599951,105,0,False,False,,,,,,,,,,,
margin,Liberty,scientific_f0_m10,-4.400246860986986,106,0,False,False,,,,,,,,,,,
margin,Delaware,scientific_f0_m10,-4.599367039810608,107,0,False,False,,,,,,,,,,,
margin,Kent State,scientific_f0_m10,-4.600355052904351,108,0,False,False,,,,,,,,,,,
margin,Ohio,scientific_f0_m10,-4.600357636737666,109,0,False,False,,,,,,,,,,,
margin,North Carolina,scientific_f0_m10,-4.798038468383776,110,0,False,False,,,,,,,,,,,
margin,Western Michigan,scientific_f0_m10,-4.799573003888704,111,0,False,False,,,,,,,,,,,
margin,Toledo,scientific_f0_m10,-4.799808495205989,112,0,False,False,,,,,,,,,,,
margin,New Mexico,scientific_f0_m10,-5.399901447463883,113,0,False,False,,,,,,,,,,,
margin,Northwestern,scientific_f0_m10,-5.500057779581542,114,0,False,False,,,,,,,,,,,
margin,Louisiana,scientific_f0_m10,-5.699853604854739,115,0,False,False,,,,,,,,,,,
margin,South Florida,scientific_f0_m10,-5.799957332338845,116,0,False,False,,,,,,,,,,,
margin,San Diego State,scientific_f0_m10,-6.700042072262422,117,0,False,False,,,,,,,,,,,
margin,Akron,scientific_f0_m10,-6.700422047691922,118,0,False,False,,,,,,,,,,,
margin,Jacksonville State,scientific_f0_m10,-6.800522355916952,119,0,False,False,,,,,,,,,,,
margin,Sam Houston,scientific_f0_m10,-6.999871933621853,120,0,False,False,,,,,,,,,,,
margin,Buffalo,scientific_f0_m10,-7.20021227829204,121,0,False,False,,,,,,,,,,,
margin,UNLV,scientific_f0_m10,-7.300929282434674,122,0,False,False,,,,,,,,,,,
margin,Northern Illinois,scientific_f0_m10,-7.499417182337217,123,0,False,False,,,,,,,,,,,
margin,Ball State,scientific_f0_m10,-7.501087778570884,124,0,False,False,,,,,,,,,,,
margin,Oklahoma State,scientific_f0_m10,-8.49999517559437,125,0,False,False,,,,,,,,,,,
margin,Massachusetts,scientific_f0_m10,-8.899474589923615,126,0,False,False,,,,,,,,,,,
margin,UL Monroe,scientific_f0_m10,-9.50014560282235,127,0,False,False,,,,,,,,,,,
margin,James Madison,scientific_f0_m10,-10.799737219670634,128,0,False,False,,,,,,,,,,,
margin,New Mexico State,scientific_f0_m10,-11.573052180168759,129,0,False,False,,,,,,,,,,,
margin,Old Dominion,scientific_f0_m10,-12.19993797743191,130,0,False,False,,,,,,,,,,,
margin,San José State,scientific_f0_m10,-12.402366820354151,131,0,False,False,,,,,,,,,,,
margin,North Dakota State,scientific_f0_m10,-12.999464724406264,132,0,False,False,,,,,,,,,,,
margin,Charlotte,scientific_f0_m10,-13.300152259310368,133,0,False,False,,,,,,,,,,,
margin,Utah State,scientific_f0_m10,-13.59963726793768,134,0,False,False,,,,,,,,,,,
margin,Navy,scientific_f0_m10,-17.781097945154052,135,0,False,False,,,,,,,,,,,
margin,Middle Tennessee,scientific_f0_m10,-18.99995756929733,136,0,False,False,,,,,,,,,,,
margin,Army,scientific_f0_m10,-19.791827448927116,137,0,False,False,,,,,,,,,,,
margin,Air Force,scientific_f0_m10,-29.788449974447968,138,0,False,False,,,,,,,,,,,
margin,Ohio State,scientific_f1_m1,26.091725869237557,1,25,True,True,,,,,,,,,,,
margin,Oregon,scientific_f1_m1,24.46668222915564,2,24,True,False,,,,,,,,,,,
margin,Notre Dame,scientific_f1_m1,23.30448724999891,3,23,True,False,,,,,,,,,,,
margin,Georgia,scientific_f1_m1,22.279403108539896,4,22,True,False,,,,,,,,,,,
margin,Texas Tech,scientific_f1_m1,20.76165710882795,5,21,True,False,,,,,,,,,,,
margin,Indiana,scientific_f1_m1,20.09755212331988,6,20,True,False,,,,,,,,,,,
margin,Alabama,scientific_f1_m1,20.0138625303743,7,19,True,False,,,,,,,,,,,
margin,Miami,scientific_f1_m1,19.813233449939094,8,18,True,False,,,,,,,,,,,
margin,Texas A&M,scientific_f1_m1,18.325939515899307,9,17,True,False,,,,,,,,,,,
margin,Ole Miss,scientific_f1_m1,17.95378357383806,10,16,True,False,,,,,,,,,,,
margin,Texas,scientific_f1_m1,17.685066093931745,11,15,True,False,,,,,,,,,,,
margin,Virginia,scientific_f1_m1,16.195106362292822,12,14,True,False,,,,,,,,,,,
margin,USC,scientific_f1_m1,15.825680612088806,13,13,True,False,,,,,,,,,,,
margin,Oklahoma,scientific_f1_m1,14.879177992410916,14,12,True,False,,,,,,,,,,,
margin,Tennessee,scientific_f1_m1,14.876903303012071,15,11,True,False,,,,,,,,,,,
margin,Michigan,scientific_f1_m1,14.725535297350365,16,10,True,False,,,,,,,,,,,
margin,Utah,scientific_f1_m1,13.830519638259915,17,9,True,False,,,,,,,,,,,
margin,Missouri,scientific_f1_m1,13.740086165262937,18,8,True,False,,,,,,,,,,,
margin,LSU,scientific_f1_m1,13.690758823018317,19,7,True,False,,,,,,,,,,,
margin,Clemson,scientific_f1_m1,13.571812387989599,20,6,True,False,,,,,,,,,,,
margin,Washington,scientific_f1_m1,12.891535858005184,21,5,True,False,,,,,,,,,,,
margin,Vanderbilt,scientific_f1_m1,12.618659205662915,22,4,True,False,,,,,,,,,,,
margin,Florida State,scientific_f1_m1,12.579010736757425,23,3,True,False,,,,,,,,,,,
margin,South Florida,scientific_f1_m1,11.949568347057166,24,2,True,False,,,,,,,,,,,
margin,Iowa,scientific_f1_m1,11.781280461039309,25,1,True,False,,,,,,,,,,,
margin,Penn State,scientific_f1_m1,11.179785833012298,26,0,False,False,,,,,,,,,,,
margin,SMU,scientific_f1_m1,10.99567733600903,27,0,False,False,,,,,,,,,,,
margin,Auburn,scientific_f1_m1,10.789699716571501,28,0,False,False,,,,,,,,,,,
margin,Arizona,scientific_f1_m1,10.29697710986635,29,0,False,False,,,,,,,,,,,
margin,James Madison,scientific_f1_m1,10.158215059699376,30,0,False,False,,,,,,,,,,,
margin,BYU,scientific_f1_m1,9.91716592140548,31,0,False,False,,,,,,,,,,,
margin,Nebraska,scientific_f1_m1,9.910799947324387,32,0,False,False,,,,,,,,,,,
margin,Florida,scientific_f1_m1,9.438858096062484,33,0,False,False,,,,,,,,,,,
margin,Louisville,scientific_f1_m1,9.343765927302567,34,0,False,False,,,,,,,,,,,
margin,South Carolina,scientific_f1_m1,9.23141068945038,35,0,False,False,,,,,,,,,,,
margin,Georgia Tech,scientific_f1_m1,9.150684030946831,36,0,False,False,,,,,,,,,,,
margin,North Dakota State,scientific_f1_m1,8.965765313168394,37,0,False,False,,,,,,,,,,,
margin,North Texas,scientific_f1_m1,8.949344250143112,38,0,False,False,,,,,,,,,,,
margin,North Carolina,scientific_f1_m1,8.651633547669082,39,0,False,False,,,,,,,,,,,
margin,Toledo,scientific_f1_m1,7.647180436087108,40,0,False,False,,,,,,,,,,,
margin,Mississippi State,scientific_f1_m1,7.364916633087001,41,0,False,False,,,,,,,,,,,
margin,UConn,scientific_f1_m1,7.179178928867323,42,0,False,False,,,,,,,,,,,
margin,Houston,scientific_f1_m1,7.161084150799207,43,0,False,False,,,,,,,,,,,
margin,Pittsburgh,scientific_f1_m1,7.052016298586093,44,0,False,False,,,,,,,,,,,
margin,Illinois,scientific_f1_m1,6.972804186137733,45,0,False,False,,,,,,,,,,,
margin,East Carolina,scientific_f1_m1,6.751172992183367,46,0,False,False,,,,,,,,,,,
margin,San Diego State,scientific_f1_m1,6.706127664174647,47,0,False,False,,,,,,,,,,,
margin,Iowa State,scientific_f1_m1,6.669812719132405,48,0,False,False,,,,,,,,,,,
margin,Kansas State,scientific_f1_m1,5.733776915112227,49,0,False,False,,,,,,,,,,,
margin,Boise State,scientific_f1_m1,5.695059311686608,50,0,False,False,,,,,,,,,,,
margin,Tulane,scientific_f1_m1,5.601231702757154,51,0,False,False,,,,,,,,,,,
margin,Arizona State,scientific_f1_m1,5.478386837359879,52,0,False,False,,,,,,,,,,,
margin,Kentucky,scientific_f1_m1,5.38379298186797,53,0,False,False,,,,,,,,,,,
margin,Wake Forest,scientific_f1_m1,5.334047286236851,54,0,False,False,,,,,,,,,,,
margin,Fresno State,scientific_f1_m1,5.150709629577186,55,0,False,False,,,,,,,,,,,
margin,Northwestern,scientific_f1_m1,4.950761446848726,56,0,False,False,,,,,,,,,,,
margin,Minnesota,scientific_f1_m1,4.94571880145401,57,0,False,False,,,,,,,,,,,
margin,Memphis,scientific_f1_m1,4.906102024662769,58,0,False,False,,,,,,,,,,,
margin,Duke,scientific_f1_m1,4.669575580321242,59,0,False,False,,,,,,,,,,,
margin,California,scientific_f1_m1,4.498251372084519,60,0,False,False,,,,,,,,,,,
margin,Old Dominion,scientific_f1_m1,4.404084695395518,61,0,False,False,,,,,,,,,,,
margin,Arkansas,scientific_f1_m1,4.11497800808565,62,0,False,False,,,,,,,,,,,
margin,UTSA,scientific_f1_m1,4.002573132358376,63,0,False,False,,,,,,,,,,,
margin,Stanford,scientific_f1_m1,3.7988757816236,64,0,False,False,,,,,,,,,,,
margin,Cincinnati,scientific_f1_m1,3.676132317993183,65,0,False,False,,,,,,,,,,,
margin,Baylor,scientific_f1_m1,3.529371804353927,66,0,False,False,,,,,,,,,,,
margin,Eastern Michigan,scientific_f1_m1,3.3552907992015495,67,0,False,False,,,,,,,,,,,
margin,Texas State,scientific_f1_m1,3.202599447918111,68,0,False,False,,,,,,,,,,,
margin,UCF,scientific_f1_m1,2.9836504269782758,69,0,False,False,,,,,,,,,,,
margin,Rutgers,scientific_f1_m1,2.935517232443051,70,0,False,False,,,,,,,,,,,
margin,Maryland,scientific_f1_m1,2.782636882869885,71,0,False,False,,,,,,,,,,,
margin,Miami (OH),scientific_f1_m1,2.7733466883531643,72,0,False,False,,,,,,,,,,,
margin,Wisconsin,scientific_f1_m1,2.762159984251128,73,0,False,False,,,,,,,,,,,
margin,Western Michigan,scientific_f1_m1,2.6177594724710094,74,0,False,False,,,,,,,,,,,
margin,Kansas,scientific_f1_m1,2.406495700128416,75,0,False,False,,,,,,,,,,,
margin,Washington State,scientific_f1_m1,2.396500857559752,76,0,False,False,,,,,,,,,,,
margin,New Mexico,scientific_f1_m1,1.771375839788154,77,0,False,False,,,,,,,,,,,
margin,Virginia Tech,scientific_f1_m1,1.7634156958650955,78,0,False,False,,,,,,,,,,,
margin,Western Kentucky,scientific_f1_m1,1.7628650912621295,79,0,False,False,,,,,,,,,,,
margin,TCU,scientific_f1_m1,1.4028729648868374,80,0,False,False,,,,,,,,,,,
margin,Florida International,scientific_f1_m1,1.327252201692164,81,0,False,False,,,,,,,,,,,
margin,Liberty,scientific_f1_m1,1.1110589033648721,82,0,False,False,,,,,,,,,,,
margin,Louisiana Tech,scientific_f1_m1,1.0470119066756887,83,0,False,False,,,,,,,,,,,
margin,Southern Miss,scientific_f1_m1,0.8884128685336559,84,0,False,False,,,,,,,,,,,
margin,Michigan State,scientific_f1_m1,0.7597131503353198,85,0,False,False,,,,,,,,,,,
margin,Temple,scientific_f1_m1,0.5029089387314816,86,0,False,False,,,,,,,,,,,
margin,Ohio,scientific_f1_m1,0.43073926901343373,87,0,False,False,,,,,,,,,,,
margin,Colorado,scientific_f1_m1,0.18410392110951612,88,0,False,False,,,,,,,,,,,
margin,Marshall,scientific_f1_m1,0.12974321067263261,89,0,False,False,,,,,,,,,,,
margin,Troy,scientific_f1_m1,0.12397564318510579,90,0,False,False,,,,,,,,,,,
margin,Arkansas State,scientific_f1_m1,-0.7125808862013647,91,0,False,False,,,,,,,,,,,
margin,West Virginia,scientific_f1_m1,-0.7142889565460635,92,0,False,False,,,,,,,,,,,
margin,Utah State,scientific_f1_m1,-0.7356683908105008,93,0,False,False,,,,,,,,,,,
margin,Central Michigan,scientific_f1_m1,-0.8144985114586589,94,0,False,False,,,,,,,,,,,
margin,UNLV,scientific_f1_m1,-0.8713002309865523,95,0,False,False,,,,,,,,,,,
margin,UCLA,scientific_f1_m1,-1.0934757631935659,96,0,False,False,,,,,,,,,,,
margin,Boston College,scientific_f1_m1,-1.236303515426382,97,0,False,False,,,,,,,,,,,
margin,Buffalo,scientific_f1_m1,-1.2725488038881556,98,0,False,False,,,,,,,,,,,
margin,App State,scientific_f1_m1,-1.3587481279021514,99,0,False,False,,,,,,,,,,,
margin,Louisiana,scientific_f1_m1,-1.482126507772338,100,0,False,False,,,,,,,,,,,
margin,Tulsa,scientific_f1_m1,-1.6059844788631246,101,0,False,False,,,,,,,,,,,
margin,Kennesaw State,scientific_f1_m1,-1.646642717700928,102,0,False,False,,,,,,,,,,,
margin,Syracuse,scientific_f1_m1,-1.6660676077770509,103,0,False,False,,,,,,,,,,,
margin,Georgia Southern,scientific_f1_m1,-1.7254106155383289,104,0,False,False,,,,,,,,,,,
margin,Bowling Green,scientific_f1_m1,-2.1791494706829724,105,0,False,False,,,,,,,,,,,
margin,Purdue,scientific_f1_m1,-2.3954920483949484,106,0,False,False,,,,,,,,,,,
margin,South Alabama,scientific_f1_m1,-2.620807364380436,107,0,False,False,,,,,,,,,,,
margin,Missouri State,scientific_f1_m1,-2.868628595530126,108,0,False,False,,,,,,,,,,,
margin,Oregon State,scientific_f1_m1,-3.45830568651275,109,0,False,False,,,,,,,,,,,
margin,Florida Atlantic,scientific_f1_m1,-3.6852311647775755,110,0,False,False,,,,,,,,,,,
margin,Akron,scientific_f1_m1,-3.8368257834661668,111,0,False,False,,,,,,,,,,,
margin,UTEP,scientific_f1_m1,-4.151097201347937,112,0,False,False,,,,,,,,,,,
margin,Wyoming,scientific_f1_m1,-4.244192243465,113,0,False,False,,,,,,,,,,,
margin,Colorado State,scientific_f1_m1,-4.498636639820234,114,0,False,False,,,,,,,,,,,
margin,Northern Illinois,scientific_f1_m1,-4.887711531812857,115,0,False,False,,,,,,,,,,,
margin,Delaware,scientific_f1_m1,-5.038246654325143,116,0,False,False,,,,,,,,,,,
margin,Middle Tennessee,scientific_f1_m1,-5.053613702708552,117,0,False,False,,,,,,,,,,,
margin,Rice,scientific_f1_m1,-5.305620054543668,118,0,False,False,,,,,,,,,,,
margin,UAB,scientific_f1_m1,-5.431220586544719,119,0,False,False,,,,,,,,,,,
margin,Nevada,scientific_f1_m1,-5.604486152221168,120,0,False,False,,,,,,,,,,,
margin,Oklahoma State,scientific_f1_m1,-5.970051396048119,121,0,False,False,,,,,,,,,,,
margin,Coastal Carolina,scientific_f1_m1,-6.061796138307884,122,0,False,False,,,,,,,,,,,
margin,Hawai'i,scientific_f1_m1,-6.540189539443369,123,0,False,False,,,,,,,,,,,
margin,Ball State,scientific_f1_m1,-7.187316607770366,124,0,False,False,,,,,,,,,,,
margin,Sacramento State,scientific_f1_m1,-7.655422832943448,125,0,False,False,,,,,,,,,,,
margin,Army,scientific_f1_m1,-8.37861475223535,126,0,False,False,,,,,,,,,,,
margin,Kent State,scientific_f1_m1,-8.497064539587647,127,0,False,False,,,,,,,,,,,
margin,NC State,scientific_f1_m1,-8.662787516490479,128,0,False,False,,,,,,,,,,,
margin,Georgia State,scientific_f1_m1,-9.62706816736225,129,0,False,False,,,,,,,,,,,
margin,San José State,scientific_f1_m1,-10.060507589169031,130,0,False,False,,,,,,,,,,,
margin,UL Monroe,scientific_f1_m1,-10.360604925317638,131,0,False,False,,,,,,,,,,,
margin,Air Force,scientific_f1_m1,-10.54458543734243,132,0,False,False,,,,,,,,,,,
margin,Navy,scientific_f1_m1,-10.954726331092338,133,0,False,False,,,,,,,,,,,
margin,Charlotte,scientific_f1_m1,-11.017795826385793,134,0,False,False,,,,,,,,,,,
margin,Sam Houston,scientific_f1_m1,-11.02385550452258,135,0,False,False,,,,,,,,,,,
margin,Jacksonville State,scientific_f1_m1,-13.781069338097673,136,0,False,False,,,,,,,,,,,
margin,New Mexico State,scientific_f1_m1,-13.811603636722822,137,0,False,False,,,,,,,,,,,
margin,Massachusetts,scientific_f1_m1,-15.25820674575128,138,0,False,False,,,,,,,,,,,
margin,Ohio State,scientific_f1_m2,27.37591872319811,1,25,True,True,,,,,,,,,,,
margin,Oregon,scientific_f1_m2,26.45387127001726,2,24,True,False,,,,,,,,,,,
margin,Notre Dame,scientific_f1_m2,24.84507371807633,3,23,True,False,,,,,,,,,,,
margin,Georgia,scientific_f1_m2,23.431050704878906,4,22,True,False,,,,,,,,,,,
margin,Texas Tech,scientific_f1_m2,22.66038702984941,5,21,True,False,,,,,,,,,,,
margin,Indiana,scientific_f1_m2,21.32554526158799,6,20,True,False,,,,,,,,,,,
margin,Alabama,scientific_f1_m2,20.844078541673,7,19,True,False,,,,,,,,,,,
margin,Miami,scientific_f1_m2,20.398953850937772,8,18,True,False,,,,,,,,,,,
margin,Texas A&M,scientific_f1_m2,19.02911871766747,9,17,True,False,,,,,,,,,,,
margin,Ole Miss,scientific_f1_m2,18.979981994078713,10,16,True,False,,,,,,,,,,,
margin,Texas,scientific_f1_m2,18.224477760250267,11,15,True,False,,,,,,,,,,,
margin,Virginia,scientific_f1_m2,16.204087523727132,12,14,True,False,,,,,,,,,,,
margin,USC,scientific_f1_m2,15.91639112194575,13,13,True,False,,,,,,,,,,,
margin,Tennessee,scientific_f1_m2,15.400426983017345,14,12,True,False,,,,,,,,,,,
margin,Oklahoma,scientific_f1_m2,14.850166991248344,15,11,True,False,,,,,,,,,,,
margin,Michigan,scientific_f1_m2,14.585870804848264,16,10,True,False,,,,,,,,,,,
margin,North Carolina,scientific_f1_m2,14.471118888275827,17,9,True,False,,,,,,,,,,,
margin,Utah,scientific_f1_m2,14.33531358416403,18,8,True,False,,,,,,,,,,,
margin,Missouri,scientific_f1_m2,13.484285710067098,19,7,True,False,,,,,,,,,,,
margin,LSU,scientific_f1_m2,13.394542828057306,20,6,True,False,,,,,,,,,,,
margin,Clemson,scientific_f1_m2,13.290144613508621,21,5,True,False,,,,,,,,,,,
margin,Florida State,scientific_f1_m2,12.74495426155453,22,4,True,False,,,,,,,,,,,
margin,Vanderbilt,scientific_f1_m2,12.738794692640449,23,3,True,False,,,,,,,,,,,
margin,Washington,scientific_f1_m2,12.671834307241093,24,2,True,False,,,,,,,,,,,
margin,South Florida,scientific_f1_m2,12.260721935389475,25,1,True,False,,,,,,,,,,,
margin,Eastern Michigan,scientific_f1_m2,12.115797988443834,26,0,False,False,,,,,,,,,,,
margin,Iowa,scientific_f1_m2,11.671215513728226,27,0,False,False,,,,,,,,,,,
margin,Penn State,scientific_f1_m2,10.74962400315545,28,0,False,False,,,,,,,,,,,
margin,James Madison,scientific_f1_m2,10.48248413586447,29,0,False,False,,,,,,,,,,,
margin,SMU,scientific_f1_m2,10.345290184436866,30,0,False,False,,,,,,,,,,,
margin,Memphis,scientific_f1_m2,10.320844110480307,31,0,False,False,,,,,,,,,,,
margin,Arizona,scientific_f1_m2,10.204626588246114,32,0,False,False,,,,,,,,,,,
margin,Auburn,scientific_f1_m2,10.067306661485016,33,0,False,False,,,,,,,,,,,
margin,BYU,scientific_f1_m2,9.716662634830257,34,0,False,False,,,,,,,,,,,
margin,TCU,scientific_f1_m2,9.623929870408249,35,0,False,False,,,,,,,,,,,
margin,North Dakota State,scientific_f1_m2,9.535017789197695,36,0,False,False,,,,,,,,,,,
margin,North Texas,scientific_f1_m2,9.509865495647137,37,0,False,False,,,,,,,,,,,
margin,Nebraska,scientific_f1_m2,9.275118432725245,38,0,False,False,,,,,,,,,,,
margin,Georgia Tech,scientific_f1_m2,9.03720130970832,39,0,False,False,,,,,,,,,,,
margin,Louisville,scientific_f1_m2,8.909335955725243,40,0,False,False,,,,,,,,,,,
margin,Florida,scientific_f1_m2,8.448911233322976,41,0,False,False,,,,,,,,,,,
margin,South Carolina,scientific_f1_m2,7.999464203388393,42,0,False,False,,,,,,,,,,,
margin,Toledo,scientific_f1_m2,7.791711905595558,43,0,False,False,,,,,,,,,,,
margin,UConn,scientific_f1_m2,7.409071214689481,44,0,False,False,,,,,,,,,,,
margin,UNLV,scientific_f1_m2,7.3192206639810475,45,0,False,False,,,,,,,,,,,
margin,Pittsburgh,scientific_f1_m2,6.722652520208079,46,0,False,False,,,,,,,,,,,
margin,Houston,scientific_f1_m2,6.456520960544935,47,0,False,False,,,,,,,,,,,
margin,Mississippi State,scientific_f1_m2,6.436196718011606,48,0,False,False,,,,,,,,,,,
margin,East Carolina,scientific_f1_m2,6.323951543260161,49,0,False,False,,,,,,,,,,,
margin,San Diego State,scientific_f1_m2,6.238534595043202,50,0,False,False,,,,,,,,,,,
margin,Illinois,scientific_f1_m2,6.218789334647766,51,0,False,False,,,,,,,,,,,
margin,Iowa State,scientific_f1_m2,5.882871348791374,52,0,False,False,,,,,,,,,,,
margin,Tulane,scientific_f1_m2,4.94029781329176,53,0,False,False,,,,,,,,,,,
margin,Boise State,scientific_f1_m2,4.8868453551927535,54,0,False,False,,,,,,,,,,,
margin,Kansas State,scientific_f1_m2,4.708304328829922,55,0,False,False,,,,,,,,,,,
margin,Fresno State,scientific_f1_m2,4.598439661048342,56,0,False,False,,,,,,,,,,,
margin,Old Dominion,scientific_f1_m2,4.335654822896469,57,0,False,False,,,,,,,,,,,
margin,Wake Forest,scientific_f1_m2,4.210760317403411,58,0,False,False,,,,,,,,,,,
margin,Arizona State,scientific_f1_m2,4.197184799541426,59,0,False,False,,,,,,,,,,,
margin,Stanford,scientific_f1_m2,4.188453591455433,60,0,False,False,,,,,,,,,,,
margin,Kentucky,scientific_f1_m2,3.9835801665876844,61,0,False,False,,,,,,,,,,,
margin,Duke,scientific_f1_m2,3.9807288174046263,62,0,False,False,,,,,,,,,,,
margin,Northwestern,scientific_f1_m2,3.669489750461068,63,0,False,False,,,,,,,,,,,
margin,Minnesota,scientific_f1_m2,3.5403766820874103,64,0,False,False,,,,,,,,,,,
margin,UTSA,scientific_f1_m2,3.3890617416934488,65,0,False,False,,,,,,,,,,,
margin,Arkansas,scientific_f1_m2,3.2965422221122953,66,0,False,False,,,,,,,,,,,
margin,California,scientific_f1_m2,3.0312243296053993,67,0,False,False,,,,,,,,,,,
margin,Texas State,scientific_f1_m2,2.971691924379877,68,0,False,False,,,,,,,,,,,
margin,Baylor,scientific_f1_m2,2.7534884718038035,69,0,False,False,,,,,,,,,,,
margin,Cincinnati,scientific_f1_m2,2.588343341588021,70,0,False,False,,,,,,,,,,,
margin,Rutgers,scientific_f1_m2,1.8162909622583676,71,0,False,False,,,,,,,,,,,
margin,Western Michigan,scientific_f1_m2,1.7782801222885674,72,0,False,False,,,,,,,,,,,
margin,Miami (OH),scientific_f1_m2,1.766850384310854,73,0,False,False,,,,,,,,,,,
margin,UCF,scientific_f1_m2,1.549275189032354,74,0,False,False,,,,,,,,,,,
margin,Kansas,scientific_f1_m2,1.1666039201956053,75,0,False,False,,,,,,,,,,,
margin,Maryland,scientific_f1_m2,1.1351469557416811,76,0,False,False,,,,,,,,,,,
margin,New Mexico,scientific_f1_m2,1.0503234831482082,77,0,False,False,,,,,,,,,,,
margin,Washington State,scientific_f1_m2,0.9953773667223187,78,0,False,False,,,,,,,,,,,
margin,Wisconsin,scientific_f1_m2,0.9718375336791474,79,0,False,False,,,,,,,,,,,
margin,Western Kentucky,scientific_f1_m2,0.7369141699470623,80,0,False,False,,,,,,,,,,,
margin,Florida International,scientific_f1_m2,0.44904777326572054,81,0,False,False,,,,,,,,,,,
margin,Hawai'i,scientific_f1_m2,0.42699870091899683,82,0,False,False,,,,,,,,,,,
margin,Louisiana Tech,scientific_f1_m2,0.380230277235154,83,0,False,False,,,,,,,,,,,
margin,Virginia Tech,scientific_f1_m2,-0.018119946402696208,84,0,False,False,,,,,,,,,,,
margin,Ohio,scientific_f1_m2,-0.04388669166340531,85,0,False,False,,,,,,,,,,,
margin,Liberty,scientific_f1_m2,-0.14917986750911894,86,0,False,False,,,,,,,,,,,
margin,Southern Miss,scientific_f1_m2,-0.2294313716587313,87,0,False,False,,,,,,,,,,,
margin,Sacramento State,scientific_f1_m2,-0.4363445669233643,88,0,False,False,,,,,,,,,,,
margin,Marshall,scientific_f1_m2,-0.4948891672475271,89,0,False,False,,,,,,,,,,,
margin,Temple,scientific_f1_m2,-0.6111672259970296,90,0,False,False,,,,,,,,,,,
margin,Michigan State,scientific_f1_m2,-0.6973739136249968,91,0,False,False,,,,,,,,,,,
margin,Troy,scientific_f1_m2,-1.0887246679748177,92,0,False,False,,,,,,,,,,,
margin,Utah State,scientific_f1_m2,-1.4640602589289813,93,0,False,False,,,,,,,,,,,
margin,Colorado,scientific_f1_m2,-1.5909996830775333,94,0,False,False,,,,,,,,,,,
margin,Central Michigan,scientific_f1_m2,-1.807275118286574,95,0,False,False,,,,,,,,,,,
margin,Arkansas State,scientific_f1_m2,-1.9743400343742312,96,0,False,False,,,,,,,,,,,
margin,Kennesaw State,scientific_f1_m2,-2.303584831682633,97,0,False,False,,,,,,,,,,,
margin,Buffalo,scientific_f1_m2,-2.4354733998165834,98,0,False,False,,,,,,,,,,,
margin,Louisiana,scientific_f1_m2,-2.5205299571664437,99,0,False,False,,,,,,,,,,,
margin,Boston College,scientific_f1_m2,-2.6361373903385736,100,0,False,False,,,,,,,,,,,
margin,App State,scientific_f1_m2,-2.7243652952093953,101,0,False,False,,,,,,,,,,,
margin,West Virginia,scientific_f1_m2,-2.732710735153142,102,0,False,False,,,,,,,,,,,
margin,Georgia Southern,scientific_f1_m2,-2.8646389686259965,103,0,False,False,,,,,,,,,,,
margin,UCLA,scientific_f1_m2,-3.122770913202805,104,0,False,False,,,,,,,,,,,
margin,NC State,scientific_f1_m2,-3.166685289978762,105,0,False,False,,,,,,,,,,,
margin,Tulsa,scientific_f1_m2,-3.1681840720600736,106,0,False,False,,,,,,,,,,,
margin,Syracuse,scientific_f1_m2,-3.3823749060271533,107,0,False,False,,,,,,,,,,,
margin,Bowling Green,scientific_f1_m2,-3.613626625991941,108,0,False,False,,,,,,,,,,,
margin,South Alabama,scientific_f1_m2,-3.6420124709824364,109,0,False,False,,,,,,,,,,,
margin,Missouri State,scientific_f1_m2,-3.975823558815499,110,0,False,False,,,,,,,,,,,
margin,Purdue,scientific_f1_m2,-4.461920271014231,111,0,False,False,,,,,,,,,,,
margin,Florida Atlantic,scientific_f1_m2,-4.605257843667964,112,0,False,False,,,,,,,,,,,
margin,Akron,scientific_f1_m2,-5.140086516611765,113,0,False,False,,,,,,,,,,,
margin,Oregon State,scientific_f1_m2,-5.223300201630085,114,0,False,False,,,,,,,,,,,
margin,Delaware,scientific_f1_m2,-5.311211534586219,115,0,False,False,,,,,,,,,,,
margin,Wyoming,scientific_f1_m2,-5.6266890709221435,116,0,False,False,,,,,,,,,,,
margin,UTEP,scientific_f1_m2,-5.849401459126614,117,0,False,False,,,,,,,,,,,
margin,Northern Illinois,scientific_f1_m2,-6.367612365334692,118,0,False,False,,,,,,,,,,,
margin,Colorado State,scientific_f1_m2,-6.472746539567744,119,0,False,False,,,,,,,,,,,
margin,UAB,scientific_f1_m2,-6.5039883036838635,120,0,False,False,,,,,,,,,,,
margin,Middle Tennessee,scientific_f1_m2,-6.58477796415551,121,0,False,False,,,,,,,,,,,
margin,Navy,scientific_f1_m2,-6.666591915321229,122,0,False,False,,,,,,,,,,,
margin,Rice,scientific_f1_m2,-6.96558298816743,123,0,False,False,,,,,,,,,,,
margin,Nevada,scientific_f1_m2,-7.2607536798579115,124,0,False,False,,,,,,,,,,,
margin,Army,scientific_f1_m2,-7.339365133161108,125,0,False,False,,,,,,,,,,,
margin,Coastal Carolina,scientific_f1_m2,-7.56188608125964,126,0,False,False,,,,,,,,,,,
margin,Oklahoma State,scientific_f1_m2,-8.283478417821556,127,0,False,False,,,,,,,,,,,
margin,Jacksonville State,scientific_f1_m2,-8.391564335670955,128,0,False,False,,,,,,,,,,,
margin,Air Force,scientific_f1_m2,-8.46514827128071,129,0,False,False,,,,,,,,,,,
margin,Ball State,scientific_f1_m2,-8.92735325176834,130,0,False,False,,,,,,,,,,,
margin,Kent State,scientific_f1_m2,-9.88927880128979,131,0,False,False,,,,,,,,,,,
margin,Georgia State,scientific_f1_m2,-10.992644284729245,132,0,False,False,,,,,,,,,,,
margin,San José State,scientific_f1_m2,-11.02809198259481,133,0,False,False,,,,,,,,,,,
margin,UL Monroe,scientific_f1_m2,-11.644325981577792,134,0,False,False,,,,,,,,,,,
margin,Sam Houston,scientific_f1_m2,-12.74705520147376,135,0,False,False,,,,,,,,,,,
margin,Charlotte,scientific_f1_m2,-12.880745729148112,136,0,False,False,,,,,,,,,,,
margin,New Mexico State,scientific_f1_m2,-15.267250739082487,137,0,False,False,,,,,,,,,,,
margin,Massachusetts,scientific_f1_m2,-16.879312852699186,138,0,False,False,,,,,,,,,,,
margin,Notre Dame,scientific_f1_m3,26.791517287877827,1,25,True,True,,,,,,,,,,,
margin,Ohio State,scientific_f1_m3,24.68370962863895,2,24,True,False,,,,,,,,,,,
margin,Indiana,scientific_f1_m3,23.907235714285697,3,23,True,False,,,,,,,,,,,
margin,Oregon,scientific_f1_m3,22.205108241099293,4,22,True,False,,,,,,,,,,,
margin,Texas Tech,scientific_f1_m3,21.86052619047618,5,21,True,False,,,,,,,,,,,
margin,Ole Miss,scientific_f1_m3,19.696687301587303,6,20,True,False,,,,,,,,,,,
margin,Georgia,scientific_f1_m3,19.639309250872792,7,19,True,False,,,,,,,,,,,
margin,Florida State,scientific_f1_m3,18.284941269841276,8,18,True,False,,,,,,,,,,,
margin,Alabama,scientific_f1_m3,17.772180280309193,9,17,True,False,,,,,,,,,,,
margin,Miami,scientific_f1_m3,17.250359861775646,10,16,True,False,,,,,,,,,,,
margin,South Florida,scientific_f1_m3,17.006298412698413,11,15,True,False,,,,,,,,,,,
margin,Texas A&M,scientific_f1_m3,16.60165382536853,12,14,True,False,,,,,,,,,,,
margin,USC,scientific_f1_m3,16.443911904761894,13,13,True,False,,,,,,,,,,,
margin,Washington,scientific_f1_m3,16.281917590187586,14,12,True,False,,,,,,,,,,,
margin,Texas,scientific_f1_m3,15.913070622482971,15,11,True,False,,,,,,,,,,,
margin,Tennessee,scientific_f1_m3,14.93404047619048,16,10,True,False,,,,,,,,,,,
margin,LSU,scientific_f1_m3,14.862332325969183,17,9,True,False,,,,,,,,,,,
margin,Missouri,scientific_f1_m3,14.229816209307492,18,8,True,False,,,,,,,,,,,
margin,Arizona,scientific_f1_m3,13.624137251918768,19,7,True,False,,,,,,,,,,,
margin,Utah,scientific_f1_m3,13.52571984126984,20,6,True,False,,,,,,,,,,,
margin,Clemson,scientific_f1_m3,13.305711413626282,21,5,True,False,,,,,,,,,,,
margin,Oklahoma,scientific_f1_m3,13.10442703656549,22,4,True,False,,,,,,,,,,,
margin,Auburn,scientific_f1_m3,12.247122266900073,23,3,True,False,,,,,,,,,,,
margin,BYU,scientific_f1_m3,12.155888314986141,24,2,True,False,,,,,,,,,,,
margin,Michigan,scientific_f1_m3,12.078552198378585,25,1,True,False,,,,,,,,,,,
margin,SMU,scientific_f1_m3,11.55726428571429,26,0,False,False,,,,,,,,,,,
margin,Georgia Tech,scientific_f1_m3,11.411706953159193,27,0,False,False,,,,,,,,,,,
margin,Vanderbilt,scientific_f1_m3,10.931865079365076,28,0,False,False,,,,,,,,,,,
margin,UConn,scientific_f1_m3,10.886226190476183,29,0,False,False,,,,,,,,,,,
margin,Iowa,scientific_f1_m3,10.467900517598343,30,0,False,False,,,,,,,,,,,
margin,North Dakota State,scientific_f1_m3,10.334612698412704,31,0,False,False,,,,,,,,,,,
margin,Virginia,scientific_f1_m3,10.14978095238095,32,0,False,False,,,,,,,,,,,
margin,Penn State,scientific_f1_m3,10.070277953119234,33,0,False,False,,,,,,,,,,,
margin,James Madison,scientific_f1_m3,9.494923015873015,34,0,False,False,,,,,,,,,,,
margin,South Carolina,scientific_f1_m3,9.28707866479925,35,0,False,False,,,,,,,,,,,
margin,Nebraska,scientific_f1_m3,9.152873519722991,36,0,False,False,,,,,,,,,,,
margin,North Texas,scientific_f1_m3,8.90052034632035,37,0,False,False,,,,,,,,,,,
margin,Louisville,scientific_f1_m3,8.69215553821612,38,0,False,False,,,,,,,,,,,
margin,Memphis,scientific_f1_m3,8.637853751803755,39,0,False,False,,,,,,,,,,,
margin,Illinois,scientific_f1_m3,8.630657500158721,40,0,False,False,,,,,,,,,,,
margin,Iowa State,scientific_f1_m3,8.583175533225923,41,0,False,False,,,,,,,,,,,
margin,North Carolina,scientific_f1_m3,8.212835077667432,42,0,False,False,,,,,,,,,,,
margin,Houston,scientific_f1_m3,7.796978140629366,43,0,False,False,,,,,,,,,,,
margin,Florida,scientific_f1_m3,7.27012504037795,44,0,False,False,,,,,,,,,,,
margin,Kansas State,scientific_f1_m3,6.716243993175925,45,0,False,False,,,,,,,,,,,
margin,Tulane,scientific_f1_m3,6.287411357270183,46,0,False,False,,,,,,,,,,,
margin,Kentucky,scientific_f1_m3,6.280901587301586,47,0,False,False,,,,,,,,,,,
margin,Cincinnati,scientific_f1_m3,6.216982539682538,48,0,False,False,,,,,,,,,,,
margin,Boise State,scientific_f1_m3,5.760523376623375,49,0,False,False,,,,,,,,,,,
margin,Stanford,scientific_f1_m3,5.64829199134199,50,0,False,False,,,,,,,,,,,
margin,East Carolina,scientific_f1_m3,5.540921356421353,51,0,False,False,,,,,,,,,,,
margin,San Diego State,scientific_f1_m3,5.418758033537341,52,0,False,False,,,,,,,,,,,
margin,Pittsburgh,scientific_f1_m3,5.345457936507933,53,0,False,False,,,,,,,,,,,
margin,Wisconsin,scientific_f1_m3,5.3006944444444475,54,0,False,False,,,,,,,,,,,
margin,Toledo,scientific_f1_m3,5.128507142857142,55,0,False,False,,,,,,,,,,,
margin,Minnesota,scientific_f1_m3,5.081280762512342,56,0,False,False,,,,,,,,,,,
margin,Miami (OH),scientific_f1_m3,5.071574359800616,57,0,False,False,,,,,,,,,,,
margin,Arizona State,scientific_f1_m3,5.016868785771032,58,0,False,False,,,,,,,,,,,
margin,Northwestern,scientific_f1_m3,4.9983750629572485,59,0,False,False,,,,,,,,,,,
margin,California,scientific_f1_m3,4.8296003194260155,60,0,False,False,,,,,,,,,,,
margin,Fresno State,scientific_f1_m3,4.5835942084298615,61,0,False,False,,,,,,,,,,,
margin,TCU,scientific_f1_m3,4.542030952380953,62,0,False,False,,,,,,,,,,,
margin,Duke,scientific_f1_m3,3.922461652236653,63,0,False,False,,,,,,,,,,,
margin,Baylor,scientific_f1_m3,3.8272261904761904,64,0,False,False,,,,,,,,,,,
margin,Mississippi State,scientific_f1_m3,3.7747447453669944,65,0,False,False,,,,,,,,,,,
margin,Wake Forest,scientific_f1_m3,3.6024891997647854,66,0,False,False,,,,,,,,,,,
margin,Maryland,scientific_f1_m3,3.601134126984127,67,0,False,False,,,,,,,,,,,
margin,Arkansas,scientific_f1_m3,2.9515492063492066,68,0,False,False,,,,,,,,,,,
margin,Old Dominion,scientific_f1_m3,2.9391365079365093,69,0,False,False,,,,,,,,,,,
margin,Liberty,scientific_f1_m3,2.9201163438224897,70,0,False,False,,,,,,,,,,,
margin,UTSA,scientific_f1_m3,2.5586647907647917,71,0,False,False,,,,,,,,,,,
margin,UCF,scientific_f1_m3,2.4359254604032596,72,0,False,False,,,,,,,,,,,
margin,Washington State,scientific_f1_m3,2.4091886278922767,73,0,False,False,,,,,,,,,,,
margin,Southern Miss,scientific_f1_m3,2.353083137690879,74,0,False,False,,,,,,,,,,,
margin,Rutgers,scientific_f1_m3,2.145161904761905,75,0,False,False,,,,,,,,,,,
margin,Temple,scientific_f1_m3,2.1426371227364185,76,0,False,False,,,,,,,,,,,
margin,Louisiana Tech,scientific_f1_m3,2.072804050741235,77,0,False,False,,,,,,,,,,,
margin,Kennesaw State,scientific_f1_m3,1.910601550438026,78,0,False,False,,,,,,,,,,,
margin,Western Kentucky,scientific_f1_m3,1.8625409922110143,79,0,False,False,,,,,,,,,,,
margin,Kansas,scientific_f1_m3,1.8496182539682535,80,0,False,False,,,,,,,,,,,
margin,Eastern Michigan,scientific_f1_m3,1.8494523809523806,81,0,False,False,,,,,,,,,,,
margin,Ohio,scientific_f1_m3,1.5156434901381097,82,0,False,False,,,,,,,,,,,
margin,Western Michigan,scientific_f1_m3,1.3212045672408068,83,0,False,False,,,,,,,,,,,
margin,New Mexico,scientific_f1_m3,0.6058730763543391,84,0,False,False,,,,,,,,,,,
margin,Texas State,scientific_f1_m3,0.29984653679653667,85,0,False,False,,,,,,,,,,,
margin,Utah State,scientific_f1_m3,0.16611269841269788,86,0,False,False,,,,,,,,,,,
margin,Florida International,scientific_f1_m3,-0.15109407521144888,87,0,False,False,,,,,,,,,,,
margin,Arkansas State,scientific_f1_m3,-0.4942493213710603,88,0,False,False,,,,,,,,,,,
margin,Central Michigan,scientific_f1_m3,-0.5606128738810615,89,0,False,False,,,,,,,,,,,
margin,UNLV,scientific_f1_m3,-1.2540785714285718,90,0,False,False,,,,,,,,,,,
margin,Virginia Tech,scientific_f1_m3,-1.3855253968253962,91,0,False,False,,,,,,,,,,,
margin,Louisiana,scientific_f1_m3,-1.7212616414774307,92,0,False,False,,,,,,,,,,,
margin,South Alabama,scientific_f1_m3,-1.8096198412698414,93,0,False,False,,,,,,,,,,,
margin,Colorado,scientific_f1_m3,-1.8268460317460322,94,0,False,False,,,,,,,,,,,
margin,Navy,scientific_f1_m3,-1.8343333333333316,95,0,False,False,,,,,,,,,,,
margin,Troy,scientific_f1_m3,-1.9815601576517177,96,0,False,False,,,,,,,,,,,
margin,Georgia Southern,scientific_f1_m3,-2.2571999999999988,97,0,False,False,,,,,,,,,,,
margin,Missouri State,scientific_f1_m3,-2.285115541587986,98,0,False,False,,,,,,,,,,,
margin,Buffalo,scientific_f1_m3,-2.3950924724949534,99,0,False,False,,,,,,,,,,,
margin,Michigan State,scientific_f1_m3,-2.7418166666666672,100,0,False,False,,,,,,,,,,,
margin,Tulsa,scientific_f1_m3,-3.793820020120726,101,0,False,False,,,,,,,,,,,
margin,Marshall,scientific_f1_m3,-4.065856690872481,102,0,False,False,,,,,,,,,,,
margin,West Virginia,scientific_f1_m3,-4.084506349206348,103,0,False,False,,,,,,,,,,,
margin,App State,scientific_f1_m3,-4.089283333333333,104,0,False,False,,,,,,,,,,,
margin,Oregon State,scientific_f1_m3,-4.335347619047618,105,0,False,False,,,,,,,,,,,
margin,Delaware,scientific_f1_m3,-4.335489153439154,106,0,False,False,,,,,,,,,,,
margin,Syracuse,scientific_f1_m3,-4.42760476190476,107,0,False,False,,,,,,,,,,,
margin,Boston College,scientific_f1_m3,-4.455376190476192,108,0,False,False,,,,,,,,,,,
margin,Bowling Green,scientific_f1_m3,-4.563290401272831,109,0,False,False,,,,,,,,,,,
margin,Florida Atlantic,scientific_f1_m3,-4.659814285714288,110,0,False,False,,,,,,,,,,,
margin,Purdue,scientific_f1_m3,-4.7479849206349245,111,0,False,False,,,,,,,,,,,
margin,Air Force,scientific_f1_m3,-4.798555555555557,112,0,False,False,,,,,,,,,,,
margin,Hawai'i,scientific_f1_m3,-5.146806349206349,113,0,False,False,,,,,,,,,,,
margin,UCLA,scientific_f1_m3,-5.330034920634921,114,0,False,False,,,,,,,,,,,
margin,Akron,scientific_f1_m3,-5.613062979476179,115,0,False,False,,,,,,,,,,,
margin,Army,scientific_f1_m3,-6.935367574439192,116,0,False,False,,,,,,,,,,,
margin,NC State,scientific_f1_m3,-7.643372727272729,117,0,False,False,,,,,,,,,,,
margin,Nevada,scientific_f1_m3,-7.921959517880431,118,0,False,False,,,,,,,,,,,
margin,Wyoming,scientific_f1_m3,-7.997806961951451,119,0,False,False,,,,,,,,,,,
margin,Northern Illinois,scientific_f1_m3,-8.047769841269835,120,0,False,False,,,,,,,,,,,
margin,Colorado State,scientific_f1_m3,-8.233983333333338,121,0,False,False,,,,,,,,,,,
margin,UAB,scientific_f1_m3,-8.349199999999994,122,0,False,False,,,,,,,,,,,
margin,Middle Tennessee,scientific_f1_m3,-8.432337518037516,123,0,False,False,,,,,,,,,,,
margin,Sacramento State,scientific_f1_m3,-8.576332539682538,124,0,False,False,,,,,,,,,,,
margin,UTEP,scientific_f1_m3,-8.679431746031748,125,0,False,False,,,,,,,,,,,
margin,Rice,scientific_f1_m3,-8.852107142857141,126,0,False,False,,,,,,,,,,,
margin,Coastal Carolina,scientific_f1_m3,-9.854290404040407,127,0,False,False,,,,,,,,,,,
margin,Ball State,scientific_f1_m3,-10.337021428571434,128,0,False,False,,,,,,,,,,,
margin,UL Monroe,scientific_f1_m3,-13.025737301587307,129,0,False,False,,,,,,,,,,,
margin,Jacksonville State,scientific_f1_m3,-13.4531867965368,130,0,False,False,,,,,,,,,,,
margin,San José State,scientific_f1_m3,-14.185256349206343,131,0,False,False,,,,,,,,,,,
margin,Georgia State,scientific_f1_m3,-14.214188888888886,132,0,False,False,,,,,,,,,,,
margin,Oklahoma State,scientific_f1_m3,-14.470627777777784,133,0,False,False,,,,,,,,,,,
margin,Kent State,scientific_f1_m3,-14.48348492063493,134,0,False,False,,,,,,,,,,,
margin,Charlotte,scientific_f1_m3,-15.397400000000001,135,0,False,False,,,,,,,,,,,
margin,Sam Houston,scientific_f1_m3,-16.269992857142864,136,0,False,False,,,,,,,,,,,
margin,New Mexico State,scientific_f1_m3,-16.40703650793651,137,0,False,False,,,,,,,,,,,
margin,Massachusetts,scientific_f1_m3,-18.265953174603176,138,0,False,False,,,,,,,,,,,
margin,Oregon,scientific_f1_m4,27.14378648089448,1,25,True,True,,,,,,,,,,,
margin,Notre Dame,scientific_f1_m4,27.085812578294874,2,24,True,False,,,,,,,,,,,
margin,Ohio State,scientific_f1_m4,26.996092437660405,3,23,True,False,,,,,,,,,,,
margin,Indiana,scientific_f1_m4,23.051562090462387,4,22,True,False,,,,,,,,,,,
margin,Georgia,scientific_f1_m4,22.66526567450656,5,21,True,False,,,,,,,,,,,
margin,Texas Tech,scientific_f1_m4,22.654236866051228,6,20,True,False,,,,,,,,,,,
margin,Alabama,scientific_f1_m4,19.088402870732363,7,19,True,False,,,,,,,,,,,
margin,Texas A&M,scientific_f1_m4,18.021996548147612,8,18,True,False,,,,,,,,,,,
margin,Miami,scientific_f1_m4,17.86731877153588,9,17,True,False,,,,,,,,,,,
margin,Ole Miss,scientific_f1_m4,17.464398544216436,10,16,True,False,,,,,,,,,,,
margin,Texas,scientific_f1_m4,17.071391694442752,11,15,True,False,,,,,,,,,,,
margin,Michigan,scientific_f1_m4,16.718203664915404,12,14,True,False,,,,,,,,,,,
margin,Tennessee,scientific_f1_m4,16.71412406761454,13,13,True,False,,,,,,,,,,,
margin,Virginia,scientific_f1_m4,16.42128857991288,14,12,True,False,,,,,,,,,,,
margin,USC,scientific_f1_m4,16.40015051243836,15,11,True,False,,,,,,,,,,,
margin,Utah,scientific_f1_m4,15.98667441641021,16,10,True,False,,,,,,,,,,,
margin,LSU,scientific_f1_m4,15.443593732553946,17,9,True,False,,,,,,,,,,,
margin,South Florida,scientific_f1_m4,14.719059203422123,18,8,True,False,,,,,,,,,,,
margin,Oklahoma,scientific_f1_m4,14.55984422907186,19,7,True,False,,,,,,,,,,,
margin,Florida State,scientific_f1_m4,14.542745578715069,20,6,True,False,,,,,,,,,,,
margin,Washington,scientific_f1_m4,14.045030091215835,21,5,True,False,,,,,,,,,,,
margin,Clemson,scientific_f1_m4,13.510726977924362,22,4,True,False,,,,,,,,,,,
margin,Vanderbilt,scientific_f1_m4,13.243766300180436,23,3,True,False,,,,,,,,,,,
margin,Missouri,scientific_f1_m4,12.896776338277977,24,2,True,False,,,,,,,,,,,
margin,North Dakota State,scientific_f1_m4,12.673286617276277,25,1,True,False,,,,,,,,,,,
margin,BYU,scientific_f1_m4,11.995882356514652,26,0,False,False,,,,,,,,,,,
margin,Arizona,scientific_f1_m4,11.89810901945663,27,0,False,False,,,,,,,,,,,
margin,SMU,scientific_f1_m4,11.333411407949857,28,0,False,False,,,,,,,,,,,
margin,Iowa,scientific_f1_m4,11.22176609600895,29,0,False,False,,,,,,,,,,,
margin,Penn State,scientific_f1_m4,10.853105604474443,30,0,False,False,,,,,,,,,,,
margin,Auburn,scientific_f1_m4,10.638463544177945,31,0,False,False,,,,,,,,,,,
margin,North Texas,scientific_f1_m4,9.393868390669446,32,0,False,False,,,,,,,,,,,
margin,Nebraska,scientific_f1_m4,8.790584015281192,33,0,False,False,,,,,,,,,,,
margin,James Madison,scientific_f1_m4,8.701959251333728,34,0,False,False,,,,,,,,,,,
margin,Georgia Tech,scientific_f1_m4,8.642722801968265,35,0,False,False,,,,,,,,,,,
margin,North Carolina,scientific_f1_m4,8.28461436449588,36,0,False,False,,,,,,,,,,,
margin,Louisville,scientific_f1_m4,7.897868351930435,37,0,False,False,,,,,,,,,,,
margin,Houston,scientific_f1_m4,7.572911711650491,38,0,False,False,,,,,,,,,,,
margin,Illinois,scientific_f1_m4,7.572911711650491,39,0,False,False,,,,,,,,,,,
margin,UConn,scientific_f1_m4,7.5269505995851125,40,0,False,False,,,,,,,,,,,
margin,Kansas State,scientific_f1_m4,7.322421942189507,41,0,False,False,,,,,,,,,,,
margin,San Diego State,scientific_f1_m4,6.668949961076421,42,0,False,False,,,,,,,,,,,
margin,East Carolina,scientific_f1_m4,6.5820971843287515,43,0,False,False,,,,,,,,,,,
margin,Pittsburgh,scientific_f1_m4,6.52527277825535,44,0,False,False,,,,,,,,,,,
margin,Fresno State,scientific_f1_m4,6.10475251647362,45,0,False,False,,,,,,,,,,,
margin,Iowa State,scientific_f1_m4,6.069456391376174,46,0,False,False,,,,,,,,,,,
margin,Boise State,scientific_f1_m4,5.878073395134021,47,0,False,False,,,,,,,,,,,
margin,South Carolina,scientific_f1_m4,5.849018145712277,48,0,False,False,,,,,,,,,,,
margin,Florida,scientific_f1_m4,5.262227948246992,49,0,False,False,,,,,,,,,,,
margin,Tulane,scientific_f1_m4,5.077322958534327,50,0,False,False,,,,,,,,,,,
margin,Northwestern,scientific_f1_m4,5.047654641131477,51,0,False,False,,,,,,,,,,,
margin,Minnesota,scientific_f1_m4,4.936160392546105,52,0,False,False,,,,,,,,,,,
margin,Cincinnati,scientific_f1_m4,4.88986554916321,53,0,False,False,,,,,,,,,,,
margin,Mississippi State,scientific_f1_m4,4.8767765248074335,54,0,False,False,,,,,,,,,,,
margin,Wake Forest,scientific_f1_m4,4.862484664039175,55,0,False,False,,,,,,,,,,,
margin,Arizona State,scientific_f1_m4,4.862192839807605,56,0,False,False,,,,,,,,,,,
margin,Memphis,scientific_f1_m4,4.445587581118967,57,0,False,False,,,,,,,,,,,
margin,Eastern Michigan,scientific_f1_m4,4.442170716882339,58,0,False,False,,,,,,,,,,,
margin,UTSA,scientific_f1_m4,4.351142262387983,59,0,False,False,,,,,,,,,,,
margin,Duke,scientific_f1_m4,4.1937618986782095,60,0,False,False,,,,,,,,,,,
margin,Texas State,scientific_f1_m4,4.048235600841241,61,0,False,False,,,,,,,,,,,
margin,Kentucky,scientific_f1_m4,4.038626623237496,62,0,False,False,,,,,,,,,,,
margin,Toledo,scientific_f1_m4,4.016007770333537,63,0,False,False,,,,,,,,,,,
margin,Western Kentucky,scientific_f1_m4,3.949853527154743,64,0,False,False,,,,,,,,,,,
margin,TCU,scientific_f1_m4,3.9195689843179933,65,0,False,False,,,,,,,,,,,
margin,Miami (OH),scientific_f1_m4,3.8209606812255155,66,0,False,False,,,,,,,,,,,
margin,Southern Miss,scientific_f1_m4,3.7785512440595057,67,0,False,False,,,,,,,,,,,
margin,Arkansas,scientific_f1_m4,3.777585341478825,68,0,False,False,,,,,,,,,,,
margin,Stanford,scientific_f1_m4,3.6601040180681292,69,0,False,False,,,,,,,,,,,
margin,Old Dominion,scientific_f1_m4,3.219790111670483,70,0,False,False,,,,,,,,,,,
margin,California,scientific_f1_m4,3.2082045026621406,71,0,False,False,,,,,,,,,,,
margin,Baylor,scientific_f1_m4,2.350233147026997,72,0,False,False,,,,,,,,,,,
margin,Washington State,scientific_f1_m4,1.8929848232972988,73,0,False,False,,,,,,,,,,,
margin,Rutgers,scientific_f1_m4,1.8803897814078814,74,0,False,False,,,,,,,,,,,
margin,Maryland,scientific_f1_m4,1.7324541692966589,75,0,False,False,,,,,,,,,,,
margin,Wisconsin,scientific_f1_m4,1.6821115240793236,76,0,False,False,,,,,,,,,,,
margin,UCF,scientific_f1_m4,1.504013045692035,77,0,False,False,,,,,,,,,,,
margin,Florida International,scientific_f1_m4,1.1581854036149128,78,0,False,False,,,,,,,,,,,
margin,Kansas,scientific_f1_m4,1.0337641884554913,79,0,False,False,,,,,,,,,,,
margin,Liberty,scientific_f1_m4,0.6727458891114765,80,0,False,False,,,,,,,,,,,
margin,Temple,scientific_f1_m4,0.2315171573046781,81,0,False,False,,,,,,,,,,,
margin,Western Michigan,scientific_f1_m4,0.11889006084660769,82,0,False,False,,,,,,,,,,,
margin,Louisiana Tech,scientific_f1_m4,0.10756857698812695,83,0,False,False,,,,,,,,,,,
margin,Ohio,scientific_f1_m4,-0.06807318058456703,84,0,False,False,,,,,,,,,,,
margin,New Mexico,scientific_f1_m4,-0.0948532603331115,85,0,False,False,,,,,,,,,,,
margin,Kennesaw State,scientific_f1_m4,-0.48436443864486495,86,0,False,False,,,,,,,,,,,
margin,Colorado,scientific_f1_m4,-0.5479365482219092,87,0,False,False,,,,,,,,,,,
margin,Virginia Tech,scientific_f1_m4,-0.6326478574883257,88,0,False,False,,,,,,,,,,,
margin,Arkansas State,scientific_f1_m4,-0.7183316158427053,89,0,False,False,,,,,,,,,,,
margin,Utah State,scientific_f1_m4,-1.1693509796002923,90,0,False,False,,,,,,,,,,,
margin,UNLV,scientific_f1_m4,-1.6474664842307711,91,0,False,False,,,,,,,,,,,
margin,Navy,scientific_f1_m4,-1.8599327824934748,92,0,False,False,,,,,,,,,,,
margin,Central Michigan,scientific_f1_m4,-2.4169318485971436,93,0,False,False,,,,,,,,,,,
margin,Marshall,scientific_f1_m4,-3.0955749964853045,94,0,False,False,,,,,,,,,,,
margin,App State,scientific_f1_m4,-3.2342298844453747,95,0,False,False,,,,,,,,,,,
margin,Michigan State,scientific_f1_m4,-3.4929099226748024,96,0,False,False,,,,,,,,,,,
margin,Troy,scientific_f1_m4,-3.4959584561911083,97,0,False,False,,,,,,,,,,,
margin,Boston College,scientific_f1_m4,-3.6386551644533967,98,0,False,False,,,,,,,,,,,
margin,Georgia Southern,scientific_f1_m4,-3.6515743584022067,99,0,False,False,,,,,,,,,,,
margin,West Virginia,scientific_f1_m4,-3.746404075639729,100,0,False,False,,,,,,,,,,,
margin,Buffalo,scientific_f1_m4,-3.858164407905264,101,0,False,False,,,,,,,,,,,
margin,Hawai'i,scientific_f1_m4,-3.9348811310333804,102,0,False,False,,,,,,,,,,,
margin,Oregon State,scientific_f1_m4,-3.9539946601625555,103,0,False,False,,,,,,,,,,,
margin,Louisiana,scientific_f1_m4,-4.2713564279010034,104,0,False,False,,,,,,,,,,,
margin,South Alabama,scientific_f1_m4,-4.2956982787437,105,0,False,False,,,,,,,,,,,
margin,Tulsa,scientific_f1_m4,-4.305035448175674,106,0,False,False,,,,,,,,,,,
margin,Syracuse,scientific_f1_m4,-4.564517202768262,107,0,False,False,,,,,,,,,,,
margin,Missouri State,scientific_f1_m4,-4.627798552849306,108,0,False,False,,,,,,,,,,,
margin,Sacramento State,scientific_f1_m4,-4.657311548398606,109,0,False,False,,,,,,,,,,,
margin,Purdue,scientific_f1_m4,-4.733414134126104,110,0,False,False,,,,,,,,,,,
margin,UAB,scientific_f1_m4,-4.759074485803659,111,0,False,False,,,,,,,,,,,
margin,Army,scientific_f1_m4,-4.809641206624091,112,0,False,False,,,,,,,,,,,
margin,Bowling Green,scientific_f1_m4,-4.811198459822697,113,0,False,False,,,,,,,,,,,
margin,UCLA,scientific_f1_m4,-5.566351664368591,114,0,False,False,,,,,,,,,,,
margin,Wyoming,scientific_f1_m4,-6.0638733235001245,115,0,False,False,,,,,,,,,,,
margin,Akron,scientific_f1_m4,-6.192612739000131,116,0,False,False,,,,,,,,,,,
margin,Florida Atlantic,scientific_f1_m4,-6.3691729716642,117,0,False,False,,,,,,,,,,,
margin,Middle Tennessee,scientific_f1_m4,-6.764263361942602,118,0,False,False,,,,,,,,,,,
margin,Coastal Carolina,scientific_f1_m4,-6.769624897720547,119,0,False,False,,,,,,,,,,,
margin,Nevada,scientific_f1_m4,-6.934515543539222,120,0,False,False,,,,,,,,,,,
margin,Northern Illinois,scientific_f1_m4,-6.9367495952492275,121,0,False,False,,,,,,,,,,,
margin,UTEP,scientific_f1_m4,-6.944271789283108,122,0,False,False,,,,,,,,,,,
margin,Colorado State,scientific_f1_m4,-7.10177105682167,123,0,False,False,,,,,,,,,,,
margin,Delaware,scientific_f1_m4,-7.410348455229397,124,0,False,False,,,,,,,,,,,
margin,Air Force,scientific_f1_m4,-8.063010771624219,125,0,False,False,,,,,,,,,,,
margin,Rice,scientific_f1_m4,-8.140069289049094,126,0,False,False,,,,,,,,,,,
margin,Ball State,scientific_f1_m4,-8.933279646149247,127,0,False,False,,,,,,,,,,,
margin,Kent State,scientific_f1_m4,-9.080265164555733,128,0,False,False,,,,,,,,,,,
margin,UL Monroe,scientific_f1_m4,-10.041059089157168,129,0,False,False,,,,,,,,,,,
margin,NC State,scientific_f1_m4,-10.535064990789072,130,0,False,False,,,,,,,,,,,
margin,Oklahoma State,scientific_f1_m4,-10.871530700175748,131,0,False,False,,,,,,,,,,,
margin,San José State,scientific_f1_m4,-11.070243048690395,132,0,False,False,,,,,,,,,,,
margin,Jacksonville State,scientific_f1_m4,-11.805519516073693,133,0,False,False,,,,,,,,,,,
margin,Charlotte,scientific_f1_m4,-11.894537771060785,134,0,False,False,,,,,,,,,,,
margin,Georgia State,scientific_f1_m4,-13.094464377840495,135,0,False,False,,,,,,,,,,,
margin,Sam Houston,scientific_f1_m4,-13.892768579785802,136,0,False,False,,,,,,,,,,,
margin,New Mexico State,scientific_f1_m4,-15.469919234628938,137,0,False,False,,,,,,,,,,,
margin,Massachusetts,scientific_f1_m4,-17.49329472432738,138,0,False,False,,,,,,,,,,,
margin,Eastern Michigan,scientific_f1_m5,60.698219299316406,1,25,True,True,,,,,,,,,,,
margin,North Carolina,scientific_f1_m5,53.39205551147461,2,24,True,False,,,,,,,,,,,
margin,Memphis,scientific_f1_m5,52.75062561035156,3,23,True,False,,,,,,,,,,,
margin,TCU,scientific_f1_m5,52.581138610839844,4,22,True,False,,,,,,,,,,,
margin,Sacramento State,scientific_f1_m5,46.6324348449707,5,21,True,False,,,,,,,,,,,
margin,UNLV,scientific_f1_m5,44.545101165771484,6,20,True,False,,,,,,,,,,,
margin,Hawai'i,scientific_f1_m5,33.49018478393555,7,19,True,False,,,,,,,,,,,
margin,Jacksonville State,scientific_f1_m5,30.073604583740234,8,18,True,False,,,,,,,,,,,
margin,NC State,scientific_f1_m5,29.659273147583008,9,17,True,False,,,,,,,,,,,
margin,Ohio State,scientific_f1_m5,25.6932315826416,10,16,True,False,,,,,,,,,,,
margin,Notre Dame,scientific_f1_m5,24.860614776611328,11,15,True,False,,,,,,,,,,,
margin,Oregon,scientific_f1_m5,24.81961441040039,12,14,True,False,,,,,,,,,,,
margin,Texas Tech,scientific_f1_m5,24.607973098754883,13,13,True,False,,,,,,,,,,,
margin,Indiana,scientific_f1_m5,22.749277114868164,14,12,True,False,,,,,,,,,,,
margin,Utah,scientific_f1_m5,22.201366424560547,15,11,True,False,,,,,,,,,,,
margin,Georgia,scientific_f1_m5,22.159896850585938,16,10,True,False,,,,,,,,,,,
margin,Ole Miss,scientific_f1_m5,21.114896774291992,17,9,True,False,,,,,,,,,,,
margin,Miami,scientific_f1_m5,21.04369354248047,18,8,True,False,,,,,,,,,,,
margin,Alabama,scientific_f1_m5,20.69528579711914,19,7,True,False,,,,,,,,,,,
margin,Vanderbilt,scientific_f1_m5,20.54729652404785,20,6,True,False,,,,,,,,,,,
margin,Texas A&M,scientific_f1_m5,19.53026008605957,21,5,True,False,,,,,,,,,,,
margin,South Florida,scientific_f1_m5,19.435115814208984,22,4,True,False,,,,,,,,,,,
margin,Tennessee,scientific_f1_m5,18.57827377319336,23,3,True,False,,,,,,,,,,,
margin,Washington,scientific_f1_m5,18.022706985473633,24,2,True,False,,,,,,,,,,,
margin,North Texas,scientific_f1_m5,17.359920501708984,25,1,True,False,,,,,,,,,,,
margin,Arizona,scientific_f1_m5,17.35071563720703,26,0,False,False,,,,,,,,,,,
margin,Missouri,scientific_f1_m5,17.089191436767578,27,0,False,False,,,,,,,,,,,
margin,Michigan,scientific_f1_m5,16.257184982299805,28,0,False,False,,,,,,,,,,,
margin,Clemson,scientific_f1_m5,16.01152801513672,29,0,False,False,,,,,,,,,,,
margin,Georgia Tech,scientific_f1_m5,15.333024978637695,30,0,False,False,,,,,,,,,,,
margin,BYU,scientific_f1_m5,15.193753242492676,31,0,False,False,,,,,,,,,,,
margin,Oklahoma,scientific_f1_m5,15.041251182556152,32,0,False,False,,,,,,,,,,,
margin,SMU,scientific_f1_m5,14.812114715576172,33,0,False,False,,,,,,,,,,,
margin,James Madison,scientific_f1_m5,14.726462364196777,34,0,False,False,,,,,,,,,,,
margin,USC,scientific_f1_m5,14.412251472473145,35,0,False,False,,,,,,,,,,,
margin,Penn State,scientific_f1_m5,14.118372917175293,36,0,False,False,,,,,,,,,,,
margin,Virginia,scientific_f1_m5,14.103577613830566,37,0,False,False,,,,,,,,,,,
margin,Louisville,scientific_f1_m5,14.048789024353027,38,0,False,False,,,,,,,,,,,
margin,Nebraska,scientific_f1_m5,13.750266075134277,39,0,False,False,,,,,,,,,,,
margin,East Carolina,scientific_f1_m5,13.55535888671875,40,0,False,False,,,,,,,,,,,
margin,Texas,scientific_f1_m5,13.55360221862793,41,0,False,False,,,,,,,,,,,
margin,UConn,scientific_f1_m5,13.548663139343262,42,0,False,False,,,,,,,,,,,
margin,Pittsburgh,scientific_f1_m5,13.340415954589844,43,0,False,False,,,,,,,,,,,
margin,Old Dominion,scientific_f1_m5,12.358748435974121,44,0,False,False,,,,,,,,,,,
margin,Iowa,scientific_f1_m5,12.075510025024414,45,0,False,False,,,,,,,,,,,
margin,San Diego State,scientific_f1_m5,11.290342330932617,46,0,False,False,,,,,,,,,,,
margin,Illinois,scientific_f1_m5,11.272040367126465,47,0,False,False,,,,,,,,,,,
margin,Duke,scientific_f1_m5,11.132806777954102,48,0,False,False,,,,,,,,,,,
margin,Boise State,scientific_f1_m5,10.963459014892578,49,0,False,False,,,,,,,,,,,
margin,Houston,scientific_f1_m5,10.790854454040527,50,0,False,False,,,,,,,,,,,
margin,Iowa State,scientific_f1_m5,10.603638648986816,51,0,False,False,,,,,,,,,,,
margin,LSU,scientific_f1_m5,10.593897819519043,52,0,False,False,,,,,,,,,,,
margin,Tulane,scientific_f1_m5,10.017012596130371,53,0,False,False,,,,,,,,,,,
margin,Texas State,scientific_f1_m5,9.675393104553223,54,0,False,False,,,,,,,,,,,
margin,Fresno State,scientific_f1_m5,9.643218994140625,55,0,False,False,,,,,,,,,,,
margin,Toledo,scientific_f1_m5,9.09561538696289,56,0,False,False,,,,,,,,,,,
margin,UTSA,scientific_f1_m5,8.78214168548584,57,0,False,False,,,,,,,,,,,
margin,Auburn,scientific_f1_m5,8.608283996582031,58,0,False,False,,,,,,,,,,,
margin,Wake Forest,scientific_f1_m5,8.101540565490723,59,0,False,False,,,,,,,,,,,
margin,Florida State,scientific_f1_m5,8.037468910217285,60,0,False,False,,,,,,,,,,,
margin,Cincinnati,scientific_f1_m5,7.687434673309326,61,0,False,False,,,,,,,,,,,
margin,Florida,scientific_f1_m5,7.6529316902160645,62,0,False,False,,,,,,,,,,,
margin,New Mexico,scientific_f1_m5,7.351791858673096,63,0,False,False,,,,,,,,,,,
margin,Kansas State,scientific_f1_m5,7.081536769866943,64,0,False,False,,,,,,,,,,,
margin,Miami (OH),scientific_f1_m5,6.656327724456787,65,0,False,False,,,,,,,,,,,
margin,Western Kentucky,scientific_f1_m5,6.093616485595703,66,0,False,False,,,,,,,,,,,
margin,Northwestern,scientific_f1_m5,5.566624164581299,67,0,False,False,,,,,,,,,,,
margin,South Carolina,scientific_f1_m5,5.418074607849121,68,0,False,False,,,,,,,,,,,
margin,Arizona State,scientific_f1_m5,5.415785312652588,69,0,False,False,,,,,,,,,,,
margin,Mississippi State,scientific_f1_m5,5.367162227630615,70,0,False,False,,,,,,,,,,,
margin,Baylor,scientific_f1_m5,5.168276786804199,71,0,False,False,,,,,,,,,,,
margin,Western Michigan,scientific_f1_m5,5.145473480224609,72,0,False,False,,,,,,,,,,,
margin,Stanford,scientific_f1_m5,4.145112991333008,73,0,False,False,,,,,,,,,,,
margin,Kentucky,scientific_f1_m5,4.115371227264404,74,0,False,False,,,,,,,,,,,
margin,Florida International,scientific_f1_m5,4.088845729827881,75,0,False,False,,,,,,,,,,,
margin,North Dakota State,scientific_f1_m5,3.880985736846924,76,0,False,False,,,,,,,,,,,
margin,Southern Miss,scientific_f1_m5,3.841120719909668,77,0,False,False,,,,,,,,,,,
margin,Utah State,scientific_f1_m5,3.739161491394043,78,0,False,False,,,,,,,,,,,
margin,Minnesota,scientific_f1_m5,3.511214256286621,79,0,False,False,,,,,,,,,,,
margin,Arkansas,scientific_f1_m5,3.4325003623962402,80,0,False,False,,,,,,,,,,,
margin,Washington State,scientific_f1_m5,3.0959575176239014,81,0,False,False,,,,,,,,,,,
margin,Wisconsin,scientific_f1_m5,2.941634178161621,82,0,False,False,,,,,,,,,,,
margin,Louisiana Tech,scientific_f1_m5,2.930624485015869,83,0,False,False,,,,,,,,,,,
margin,Ohio,scientific_f1_m5,2.678809642791748,84,0,False,False,,,,,,,,,,,
margin,Liberty,scientific_f1_m5,2.576054334640503,85,0,False,False,,,,,,,,,,,
margin,Marshall,scientific_f1_m5,2.565669536590576,86,0,False,False,,,,,,,,,,,
margin,Kansas,scientific_f1_m5,2.415506601333618,87,0,False,False,,,,,,,,,,,
margin,UCF,scientific_f1_m5,2.229243755340576,88,0,False,False,,,,,,,,,,,
margin,California,scientific_f1_m5,2.1766724586486816,89,0,False,False,,,,,,,,,,,
margin,Kennesaw State,scientific_f1_m5,1.9316984415054321,90,0,False,False,,,,,,,,,,,
margin,Central Michigan,scientific_f1_m5,1.8658629655838013,91,0,False,False,,,,,,,,,,,
margin,Buffalo,scientific_f1_m5,1.3714568614959717,92,0,False,False,,,,,,,,,,,
margin,Rutgers,scientific_f1_m5,1.0871689319610596,93,0,False,False,,,,,,,,,,,
margin,Temple,scientific_f1_m5,1.082392930984497,94,0,False,False,,,,,,,,,,,
margin,Troy,scientific_f1_m5,0.3322780132293701,95,0,False,False,,,,,,,,,,,
margin,Delaware,scientific_f1_m5,-0.5742654800415039,96,0,False,False,,,,,,,,,,,
margin,Arkansas State,scientific_f1_m5,-0.5886363983154297,97,0,False,False,,,,,,,,,,,
margin,Maryland,scientific_f1_m5,-0.6834056377410889,98,0,False,False,,,,,,,,,,,
margin,Louisiana,scientific_f1_m5,-0.9063036441802979,99,0,False,False,,,,,,,,,,,
margin,Michigan State,scientific_f1_m5,-2.5722336769104004,100,0,False,False,,,,,,,,,,,
margin,App State,scientific_f1_m5,-3.3560469150543213,101,0,False,False,,,,,,,,,,,
margin,Missouri State,scientific_f1_m5,-3.4437975883483887,102,0,False,False,,,,,,,,,,,
margin,Air Force,scientific_f1_m5,-3.470703601837158,103,0,False,False,,,,,,,,,,,
margin,Army,scientific_f1_m5,-3.5758814811706543,104,0,False,False,,,,,,,,,,,
margin,Georgia Southern,scientific_f1_m5,-4.261670112609863,105,0,False,False,,,,,,,,,,,
margin,Navy,scientific_f1_m5,-4.268352031707764,106,0,False,False,,,,,,,,,,,
margin,Akron,scientific_f1_m5,-4.335872173309326,107,0,False,False,,,,,,,,,,,
margin,Bowling Green,scientific_f1_m5,-4.433903217315674,108,0,False,False,,,,,,,,,,,
margin,Tulsa,scientific_f1_m5,-4.645436763763428,109,0,False,False,,,,,,,,,,,
margin,Boston College,scientific_f1_m5,-5.0948805809021,110,0,False,False,,,,,,,,,,,
margin,Florida Atlantic,scientific_f1_m5,-5.372762680053711,111,0,False,False,,,,,,,,,,,
margin,South Alabama,scientific_f1_m5,-5.460568904876709,112,0,False,False,,,,,,,,,,,
margin,Virginia Tech,scientific_f1_m5,-5.6024041175842285,113,0,False,False,,,,,,,,,,,
margin,West Virginia,scientific_f1_m5,-5.881077289581299,114,0,False,False,,,,,,,,,,,
margin,Colorado,scientific_f1_m5,-6.08648157119751,115,0,False,False,,,,,,,,,,,
margin,UCLA,scientific_f1_m5,-7.250800132751465,116,0,False,False,,,,,,,,,,,
margin,Nevada,scientific_f1_m5,-8.051448822021484,117,0,False,False,,,,,,,,,,,
margin,Northern Illinois,scientific_f1_m5,-8.142733573913574,118,0,False,False,,,,,,,,,,,
margin,Purdue,scientific_f1_m5,-8.222904205322266,119,0,False,False,,,,,,,,,,,
margin,Syracuse,scientific_f1_m5,-8.577427864074707,120,0,False,False,,,,,,,,,,,
margin,UTEP,scientific_f1_m5,-9.097681999206543,121,0,False,False,,,,,,,,,,,
margin,Coastal Carolina,scientific_f1_m5,-9.277087211608887,122,0,False,False,,,,,,,,,,,
margin,San José State,scientific_f1_m5,-9.659640312194824,123,0,False,False,,,,,,,,,,,
margin,Middle Tennessee,scientific_f1_m5,-10.139021873474121,124,0,False,False,,,,,,,,,,,
margin,UAB,scientific_f1_m5,-10.482422828674316,125,0,False,False,,,,,,,,,,,
margin,Wyoming,scientific_f1_m5,-10.929410934448242,126,0,False,False,,,,,,,,,,,
margin,Colorado State,scientific_f1_m5,-11.157923698425293,127,0,False,False,,,,,,,,,,,
margin,Oregon State,scientific_f1_m5,-11.407959938049316,128,0,False,False,,,,,,,,,,,
margin,Oklahoma State,scientific_f1_m5,-12.042065620422363,129,0,False,False,,,,,,,,,,,
margin,Rice,scientific_f1_m5,-12.570305824279785,130,0,False,False,,,,,,,,,,,
margin,Kent State,scientific_f1_m5,-12.700411796569824,131,0,False,False,,,,,,,,,,,
margin,Ball State,scientific_f1_m5,-13.686018943786621,132,0,False,False,,,,,,,,,,,
margin,Georgia State,scientific_f1_m5,-14.971697807312012,133,0,False,False,,,,,,,,,,,
margin,UL Monroe,scientific_f1_m5,-16.665206909179688,134,0,False,False,,,,,,,,,,,
margin,New Mexico State,scientific_f1_m5,-17.230051040649414,135,0,False,False,,,,,,,,,,,
margin,Sam Houston,scientific_f1_m5,-17.351295471191406,136,0,False,False,,,,,,,,,,,
margin,Charlotte,scientific_f1_m5,-18.43036651611328,137,0,False,False,,,,,,,,,,,
margin,Massachusetts,scientific_f1_m5,-20.54488754272461,138,0,False,False,,,,,,,,,,,
margin,Texas Tech,scientific_f1_m10,27.267594917373657,1,25,True,True,,,,,,,,,,,
margin,UNLV,scientific_f1_m10,19.523258924127326,2,24,True,False,,,,,,,,,,,
margin,Texas,scientific_f1_m10,19.01159549814528,3,23,True,False,,,,,,,,,,,
margin,Notre Dame,scientific_f1_m10,18.580768596341514,4,22,True,False,,,,,,,,,,,
margin,South Florida,scientific_f1_m10,18.212118152491193,5,21,True,False,,,,,,,,,,,
margin,Indiana,scientific_f1_m10,18.17887568927655,6,20,True,False,,,,,,,,,,,
margin,TCU,scientific_f1_m10,17.85386000639105,7,19,True,False,,,,,,,,,,,
margin,Florida,scientific_f1_m10,17.100450345768575,8,18,True,False,,,,,,,,,,,
margin,Georgia,scientific_f1_m10,16.400818935420446,9,17,True,False,,,,,,,,,,,
margin,Alabama,scientific_f1_m10,15.764838681569907,10,16,True,False,,,,,,,,,,,
margin,USC,scientific_f1_m10,15.664625009243318,11,15,True,False,,,,,,,,,,,
margin,Wisconsin,scientific_f1_m10,15.34344999678225,12,14,True,False,,,,,,,,,,,
margin,Texas A&M,scientific_f1_m10,14.650888144060396,13,13,True,False,,,,,,,,,,,
margin,Ole Miss,scientific_f1_m10,14.578132062725896,14,12,True,False,,,,,,,,,,,
margin,Georgia Tech,scientific_f1_m10,14.372752038732887,15,11,True,False,,,,,,,,,,,
margin,Arizona,scientific_f1_m10,14.065973213451885,16,10,True,False,,,,,,,,,,,
margin,North Texas,scientific_f1_m10,14.056743755370222,17,9,True,False,,,,,,,,,,,
margin,Eastern Michigan,scientific_f1_m10,13.759886179694098,18,8,True,False,,,,,,,,,,,
margin,Sacramento State,scientific_f1_m10,13.683736031478192,19,7,True,False,,,,,,,,,,,
margin,North Carolina,scientific_f1_m10,13.571643624187827,20,6,True,False,,,,,,,,,,,
margin,Oregon,scientific_f1_m10,13.459188975126123,21,5,True,False,,,,,,,,,,,
margin,Iowa State,scientific_f1_m10,13.436471338410698,22,4,True,False,,,,,,,,,,,
margin,Memphis,scientific_f1_m10,13.139480475643541,23,3,True,False,,,,,,,,,,,
margin,James Madison,scientific_f1_m10,12.818682240925392,24,2,True,False,,,,,,,,,,,
margin,Utah,scientific_f1_m10,12.654151652772043,25,1,True,False,,,,,,,,,,,
margin,Washington,scientific_f1_m10,12.53113046967211,26,0,False,False,,,,,,,,,,,
margin,Michigan,scientific_f1_m10,12.079597999714805,27,0,False,False,,,,,,,,,,,
margin,Penn State,scientific_f1_m10,11.599313433458857,28,0,False,False,,,,,,,,,,,
margin,Iowa,scientific_f1_m10,11.587761238731396,29,0,False,False,,,,,,,,,,,
margin,SMU,scientific_f1_m10,11.489441665539697,30,0,False,False,,,,,,,,,,,
margin,Miami,scientific_f1_m10,11.463773129835198,31,0,False,False,,,,,,,,,,,
margin,Pittsburgh,scientific_f1_m10,11.189208578171076,32,0,False,False,,,,,,,,,,,
margin,LSU,scientific_f1_m10,10.968374937600252,33,0,False,False,,,,,,,,,,,
margin,BYU,scientific_f1_m10,10.660104109720605,34,0,False,False,,,,,,,,,,,
margin,Mississippi State,scientific_f1_m10,10.254354520386832,35,0,False,False,,,,,,,,,,,
margin,North Dakota State,scientific_f1_m10,9.799420022075969,36,0,False,False,,,,,,,,,,,
margin,Hawai'i,scientific_f1_m10,9.574509912222771,37,0,False,False,,,,,,,,,,,
margin,Missouri,scientific_f1_m10,9.121930341673444,38,0,False,False,,,,,,,,,,,
margin,South Carolina,scientific_f1_m10,9.071686432919762,39,0,False,False,,,,,,,,,,,
margin,Ohio State,scientific_f1_m10,8.96858993701152,40,0,False,False,,,,,,,,,,,
margin,NC State,scientific_f1_m10,8.867391357927024,41,0,False,False,,,,,,,,,,,
margin,Washington State,scientific_f1_m10,8.647173058759916,42,0,False,False,,,,,,,,,,,
margin,East Carolina,scientific_f1_m10,8.531906169958539,43,0,False,False,,,,,,,,,,,
margin,Houston,scientific_f1_m10,8.523572569012755,44,0,False,False,,,,,,,,,,,
margin,Boise State,scientific_f1_m10,8.169140574842999,45,0,False,False,,,,,,,,,,,
margin,San Diego State,scientific_f1_m10,8.14674000501505,46,0,False,False,,,,,,,,,,,
margin,UConn,scientific_f1_m10,7.618405369240472,47,0,False,False,,,,,,,,,,,
margin,Troy,scientific_f1_m10,7.409711933640763,48,0,False,False,,,,,,,,,,,
margin,Cincinnati,scientific_f1_m10,7.295729513290553,49,0,False,False,,,,,,,,,,,
margin,Clemson,scientific_f1_m10,7.044343114693333,50,0,False,False,,,,,,,,,,,
margin,Jacksonville State,scientific_f1_m10,6.750806215590397,51,0,False,False,,,,,,,,,,,
margin,Louisville,scientific_f1_m10,6.7194059520557845,52,0,False,False,,,,,,,,,,,
margin,Vanderbilt,scientific_f1_m10,6.717734912275543,53,0,False,False,,,,,,,,,,,
margin,Florida State,scientific_f1_m10,6.665090686040389,54,0,False,False,,,,,,,,,,,
margin,Virginia,scientific_f1_m10,6.642307470766068,55,0,False,False,,,,,,,,,,,
margin,Rutgers,scientific_f1_m10,6.424749192797966,56,0,False,False,,,,,,,,,,,
margin,Northwestern,scientific_f1_m10,5.871585150371295,57,0,False,False,,,,,,,,,,,
margin,Louisiana Tech,scientific_f1_m10,5.5673423380730425,58,0,False,False,,,,,,,,,,,
margin,Baylor,scientific_f1_m10,5.552239909844641,59,0,False,False,,,,,,,,,,,
margin,Illinois,scientific_f1_m10,5.5063786054572486,60,0,False,False,,,,,,,,,,,
margin,Miami (OH),scientific_f1_m10,5.2333900952370405,61,0,False,False,,,,,,,,,,,
margin,Toledo,scientific_f1_m10,4.847325793954641,62,0,False,False,,,,,,,,,,,
margin,Oklahoma,scientific_f1_m10,4.651418613391705,63,0,False,False,,,,,,,,,,,
margin,Western Michigan,scientific_f1_m10,4.541380235701799,64,0,False,False,,,,,,,,,,,
margin,Kentucky,scientific_f1_m10,4.520809861088421,65,0,False,False,,,,,,,,,,,
margin,New Mexico,scientific_f1_m10,4.483918418315709,66,0,False,False,,,,,,,,,,,
margin,Duke,scientific_f1_m10,4.376746501913923,67,0,False,False,,,,,,,,,,,
margin,UCF,scientific_f1_m10,3.989338308366261,68,0,False,False,,,,,,,,,,,
margin,Nebraska,scientific_f1_m10,3.853955075288882,69,0,False,False,,,,,,,,,,,
margin,Western Kentucky,scientific_f1_m10,3.8427833282249293,70,0,False,False,,,,,,,,,,,
margin,Temple,scientific_f1_m10,3.60201478449278,71,0,False,False,,,,,,,,,,,
margin,Kennesaw State,scientific_f1_m10,3.5034542577527032,72,0,False,False,,,,,,,,,,,
margin,Wake Forest,scientific_f1_m10,3.032845667227776,73,0,False,False,,,,,,,,,,,
margin,Auburn,scientific_f1_m10,2.8972444512831985,74,0,False,False,,,,,,,,,,,
margin,Arkansas,scientific_f1_m10,2.8571312163760108,75,0,False,False,,,,,,,,,,,
margin,Kansas,scientific_f1_m10,2.7281875041860477,76,0,False,False,,,,,,,,,,,
margin,California,scientific_f1_m10,2.4949498511491206,77,0,False,False,,,,,,,,,,,
margin,Liberty,scientific_f1_m10,2.1611489190352198,78,0,False,False,,,,,,,,,,,
margin,Navy,scientific_f1_m10,2.0152680588946827,79,0,False,False,,,,,,,,,,,
margin,Ohio,scientific_f1_m10,1.727311039128552,80,0,False,False,,,,,,,,,,,
margin,Maryland,scientific_f1_m10,1.5095678745008136,81,0,False,False,,,,,,,,,,,
margin,Rice,scientific_f1_m10,1.4226575372147958,82,0,False,False,,,,,,,,,,,
margin,South Alabama,scientific_f1_m10,1.2310097422004616,83,0,False,False,,,,,,,,,,,
margin,Coastal Carolina,scientific_f1_m10,0.9849620039840642,84,0,False,False,,,,,,,,,,,
margin,Army,scientific_f1_m10,0.6654759371349699,85,0,False,False,,,,,,,,,,,
margin,Tulane,scientific_f1_m10,0.6212920233014582,86,0,False,False,,,,,,,,,,,
margin,Fresno State,scientific_f1_m10,0.4082613473045936,87,0,False,False,,,,,,,,,,,
margin,Arkansas State,scientific_f1_m10,0.3047018243746518,88,0,False,False,,,,,,,,,,,
margin,Minnesota,scientific_f1_m10,-0.09017115281177579,89,0,False,False,,,,,,,,,,,
margin,Tennessee,scientific_f1_m10,-0.616011659645042,90,0,False,False,,,,,,,,,,,
margin,Akron,scientific_f1_m10,-0.7553188221811079,91,0,False,False,,,,,,,,,,,
margin,Old Dominion,scientific_f1_m10,-0.7608137136106825,92,0,False,False,,,,,,,,,,,
margin,Southern Miss,scientific_f1_m10,-0.779824882869384,93,0,False,False,,,,,,,,,,,
margin,Central Michigan,scientific_f1_m10,-0.9521237228311157,94,0,False,False,,,,,,,,,,,
margin,Texas State,scientific_f1_m10,-1.0229446020213502,95,0,False,False,,,,,,,,,,,
margin,Louisiana,scientific_f1_m10,-1.0757947112973465,96,0,False,False,,,,,,,,,,,
margin,App State,scientific_f1_m10,-1.1413049776350357,97,0,False,False,,,,,,,,,,,
margin,Kansas State,scientific_f1_m10,-1.4119169462043824,98,0,False,False,,,,,,,,,,,
margin,Missouri State,scientific_f1_m10,-1.9593995940728903,99,0,False,False,,,,,,,,,,,
margin,Oregon State,scientific_f1_m10,-2.025425086686755,100,0,False,False,,,,,,,,,,,
margin,Boston College,scientific_f1_m10,-2.301989707942988,101,0,False,False,,,,,,,,,,,
margin,Florida Atlantic,scientific_f1_m10,-2.3029298971437093,102,0,False,False,,,,,,,,,,,
margin,Georgia Southern,scientific_f1_m10,-3.0215626411844148,103,0,False,False,,,,,,,,,,,
margin,Michigan State,scientific_f1_m10,-3.438527033095269,104,0,False,False,,,,,,,,,,,
margin,Arizona State,scientific_f1_m10,-3.9639902035059555,105,0,False,False,,,,,,,,,,,
margin,Utah State,scientific_f1_m10,-4.375078278209537,106,0,False,False,,,,,,,,,,,
margin,UTSA,scientific_f1_m10,-4.846171400320466,107,0,False,False,,,,,,,,,,,
margin,Bowling Green,scientific_f1_m10,-5.142274255242806,108,0,False,False,,,,,,,,,,,
margin,Buffalo,scientific_f1_m10,-5.342091606435726,109,0,False,False,,,,,,,,,,,
margin,Virginia Tech,scientific_f1_m10,-5.548994777040595,110,0,False,False,,,,,,,,,,,
margin,Tulsa,scientific_f1_m10,-6.315879546467522,111,0,False,False,,,,,,,,,,,
margin,Florida International,scientific_f1_m10,-6.965934098611454,112,0,False,False,,,,,,,,,,,
margin,Colorado,scientific_f1_m10,-7.016003587937402,113,0,False,False,,,,,,,,,,,
margin,Marshall,scientific_f1_m10,-7.743520944162782,114,0,False,False,,,,,,,,,,,
margin,UTEP,scientific_f1_m10,-8.095735574116175,115,0,False,False,,,,,,,,,,,
margin,Middle Tennessee,scientific_f1_m10,-8.515015163401822,116,0,False,False,,,,,,,,,,,
margin,Wyoming,scientific_f1_m10,-8.87428541013779,117,0,False,False,,,,,,,,,,,
margin,West Virginia,scientific_f1_m10,-9.056228283570766,118,0,False,False,,,,,,,,,,,
margin,Charlotte,scientific_f1_m10,-9.643365004701577,119,0,False,False,,,,,,,,,,,
margin,Stanford,scientific_f1_m10,-9.646100994904952,120,0,False,False,,,,,,,,,,,
margin,UAB,scientific_f1_m10,-9.667543416890162,121,0,False,False,,,,,,,,,,,
margin,Ball State,scientific_f1_m10,-9.761981984137783,122,0,False,False,,,,,,,,,,,
margin,San José State,scientific_f1_m10,-9.812415219042343,123,0,False,False,,,,,,,,,,,
margin,Syracuse,scientific_f1_m10,-10.127049749415082,124,0,False,False,,,,,,,,,,,
margin,Colorado State,scientific_f1_m10,-10.503239238941239,125,0,False,False,,,,,,,,,,,
margin,Air Force,scientific_f1_m10,-10.804949961158144,126,0,False,False,,,,,,,,,,,
margin,New Mexico State,scientific_f1_m10,-12.254068898084695,127,0,False,False,,,,,,,,,,,
margin,Delaware,scientific_f1_m10,-13.198423206934786,128,0,False,False,,,,,,,,,,,
margin,UL Monroe,scientific_f1_m10,-13.801149807422659,129,0,False,False,,,,,,,,,,,
margin,Massachusetts,scientific_f1_m10,-13.920042344347065,130,0,False,False,,,,,,,,,,,
margin,Northern Illinois,scientific_f1_m10,-14.090069920467363,131,0,False,False,,,,,,,,,,,
margin,Kent State,scientific_f1_m10,-14.68624511403699,132,0,False,False,,,,,,,,,,,
margin,Georgia State,scientific_f1_m10,-15.009782155490466,133,0,False,False,,,,,,,,,,,
margin,UCLA,scientific_f1_m10,-15.078950684460972,134,0,False,False,,,,,,,,,,,
margin,Nevada,scientific_f1_m10,-15.150601193704377,135,0,False,False,,,,,,,,,,,
margin,Purdue,scientific_f1_m10,-16.415396213687618,136,0,False,False,,,,,,,,,,,
margin,Sam Houston,scientific_f1_m10,-17.459079304905554,137,0,False,False,,,,,,,,,,,
margin,Oklahoma State,scientific_f1_m10,-18.57190023466222,138,0,False,False,,,,,,,,,,,
margin,North Carolina,scientific_f2_m1,28.260087962028514,1,25,True,True,,,,,,,,,,,
margin,Ohio State,scientific_f2_m1,19.797900845941154,2,24,True,False,,,,,,,,,,,
margin,Eastern Michigan,scientific_f2_m1,18.060271963062796,3,23,True,False,,,,,,,,,,,
margin,Oregon,scientific_f2_m1,18.02162149056477,4,22,True,False,,,,,,,,,,,
margin,Notre Dame,scientific_f2_m1,17.85785862722123,5,21,True,False,,,,,,,,,,,
margin,Memphis,scientific_f2_m1,17.299829582397486,6,20,True,False,,,,,,,,,,,
margin,Georgia,scientific_f2_m1,15.301945802461745,7,19,True,False,,,,,,,,,,,
margin,Alabama,scientific_f2_m1,14.826710320544152,8,18,True,False,,,,,,,,,,,
margin,Indiana,scientific_f2_m1,13.555617654415341,9,17,True,False,,,,,,,,,,,
margin,Miami,scientific_f2_m1,13.417562651610682,10,16,True,False,,,,,,,,,,,
margin,Ole Miss,scientific_f2_m1,12.760845160748715,11,15,True,False,,,,,,,,,,,
margin,Texas A&M,scientific_f2_m1,12.687333360608662,12,14,True,False,,,,,,,,,,,
margin,Texas Tech,scientific_f2_m1,12.293268842558268,13,13,True,False,,,,,,,,,,,
margin,Texas,scientific_f2_m1,12.04099173801643,14,12,True,False,,,,,,,,,,,
margin,Michigan,scientific_f2_m1,10.458900728100554,15,11,True,False,,,,,,,,,,,
margin,USC,scientific_f2_m1,10.396325582507068,16,10,True,False,,,,,,,,,,,
margin,TCU,scientific_f2_m1,9.950113591130183,17,9,True,False,,,,,,,,,,,
margin,Oklahoma,scientific_f2_m1,9.786720244560495,18,8,True,False,,,,,,,,,,,
margin,Missouri,scientific_f2_m1,9.522103856614972,19,7,True,False,,,,,,,,,,,
margin,Vanderbilt,scientific_f2_m1,9.398359696467791,20,6,True,False,,,,,,,,,,,
margin,UNLV,scientific_f2_m1,9.376728002640737,21,5,True,False,,,,,,,,,,,
margin,Virginia,scientific_f2_m1,9.372661124516819,22,4,True,False,,,,,,,,,,,
margin,Clemson,scientific_f2_m1,9.329751847058207,23,3,True,False,,,,,,,,,,,
margin,Florida State,scientific_f2_m1,9.000934592187251,24,2,True,False,,,,,,,,,,,
margin,Tennessee,scientific_f2_m1,8.468323799233401,25,1,True,False,,,,,,,,,,,
margin,Washington,scientific_f2_m1,8.447005255675457,26,0,False,False,,,,,,,,,,,
margin,Auburn,scientific_f2_m1,7.587779091367342,27,0,False,False,,,,,,,,,,,
margin,LSU,scientific_f2_m1,7.153025835802186,28,0,False,False,,,,,,,,,,,
margin,South Florida,scientific_f2_m1,6.631689240684116,29,0,False,False,,,,,,,,,,,
margin,Utah,scientific_f2_m1,6.3825562445554915,30,0,False,False,,,,,,,,,,,
margin,Penn State,scientific_f2_m1,6.209759578748901,31,0,False,False,,,,,,,,,,,
margin,SMU,scientific_f2_m1,4.39503601070678,32,0,False,False,,,,,,,,,,,
margin,North Texas,scientific_f2_m1,4.177162795567489,33,0,False,False,,,,,,,,,,,
margin,Arizona,scientific_f2_m1,4.103886587932616,34,0,False,False,,,,,,,,,,,
margin,BYU,scientific_f2_m1,4.075046813102528,35,0,False,False,,,,,,,,,,,
margin,Nebraska,scientific_f2_m1,3.9694008557555374,36,0,False,False,,,,,,,,,,,
margin,Iowa,scientific_f2_m1,3.731772470059929,37,0,False,False,,,,,,,,,,,
margin,South Carolina,scientific_f2_m1,3.5348832526670995,38,0,False,False,,,,,,,,,,,
margin,James Madison,scientific_f2_m1,3.468565863051876,39,0,False,False,,,,,,,,,,,
margin,Georgia Tech,scientific_f2_m1,3.410188817258864,40,0,False,False,,,,,,,,,,,
margin,Florida,scientific_f2_m1,3.3078584689776465,41,0,False,False,,,,,,,,,,,
margin,Hawai'i,scientific_f2_m1,2.805863467901206,42,0,False,False,,,,,,,,,,,
margin,Sacramento State,scientific_f2_m1,2.5274212923663644,43,0,False,False,,,,,,,,,,,
margin,Iowa State,scientific_f2_m1,2.175313188885741,44,0,False,False,,,,,,,,,,,
margin,Louisville,scientific_f2_m1,2.138918293774659,45,0,False,False,,,,,,,,,,,
margin,North Dakota State,scientific_f2_m1,1.56626001535296,46,0,False,False,,,,,,,,,,,
margin,East Carolina,scientific_f2_m1,1.4884596012335631,47,0,False,False,,,,,,,,,,,
margin,Illinois,scientific_f2_m1,1.233039011838009,48,0,False,False,,,,,,,,,,,
margin,Stanford,scientific_f2_m1,0.9949486074771974,49,0,False,False,,,,,,,,,,,
margin,San Diego State,scientific_f2_m1,0.49877671025488723,50,0,False,False,,,,,,,,,,,
margin,Kansas State,scientific_f2_m1,0.4772081959323127,51,0,False,False,,,,,,,,,,,
margin,Arizona State,scientific_f2_m1,0.07381287395201497,52,0,False,False,,,,,,,,,,,
margin,Duke,scientific_f2_m1,-0.004217774769064597,53,0,False,False,,,,,,,,,,,
margin,Baylor,scientific_f2_m1,-0.05314262791583868,54,0,False,False,,,,,,,,,,,
margin,Boise State,scientific_f2_m1,-0.33929257933223766,55,0,False,False,,,,,,,,,,,
margin,Wake Forest,scientific_f2_m1,-0.3583191446523113,56,0,False,False,,,,,,,,,,,
margin,Kansas,scientific_f2_m1,-0.5159627284570831,57,0,False,False,,,,,,,,,,,
margin,Toledo,scientific_f2_m1,-0.5471217428206288,58,0,False,False,,,,,,,,,,,
margin,Tulane,scientific_f2_m1,-0.5892107303324181,59,0,False,False,,,,,,,,,,,
margin,Arkansas,scientific_f2_m1,-0.5969537983130975,60,0,False,False,,,,,,,,,,,
margin,Mississippi State,scientific_f2_m1,-0.657069163005163,61,0,False,False,,,,,,,,,,,
margin,UConn,scientific_f2_m1,-0.7630396060591771,62,0,False,False,,,,,,,,,,,
margin,Texas State,scientific_f2_m1,-0.7740923838566118,63,0,False,False,,,,,,,,,,,
margin,Pittsburgh,scientific_f2_m1,-0.8482075058514029,64,0,False,False,,,,,,,,,,,
margin,Kentucky,scientific_f2_m1,-0.893063511215872,65,0,False,False,,,,,,,,,,,
margin,Houston,scientific_f2_m1,-0.902479848547241,66,0,False,False,,,,,,,,,,,
margin,Cincinnati,scientific_f2_m1,-1.0277007985574782,67,0,False,False,,,,,,,,,,,
margin,Old Dominion,scientific_f2_m1,-1.4069830296174617,68,0,False,False,,,,,,,,,,,
margin,Rutgers,scientific_f2_m1,-1.9414458892934556,69,0,False,False,,,,,,,,,,,
margin,Maryland,scientific_f2_m1,-1.9585990307938035,70,0,False,False,,,,,,,,,,,
margin,Minnesota,scientific_f2_m1,-2.1400123399809905,71,0,False,False,,,,,,,,,,,
margin,Northwestern,scientific_f2_m1,-2.1775106292136863,72,0,False,False,,,,,,,,,,,
margin,California,scientific_f2_m1,-2.2411565299927565,73,0,False,False,,,,,,,,,,,
margin,Virginia Tech,scientific_f2_m1,-2.245774543357949,74,0,False,False,,,,,,,,,,,
margin,Miami (OH),scientific_f2_m1,-2.445777751951823,75,0,False,False,,,,,,,,,,,
margin,UCF,scientific_f2_m1,-2.8126023456399656,76,0,False,False,,,,,,,,,,,
margin,Western Michigan,scientific_f2_m1,-2.879845541116338,77,0,False,False,,,,,,,,,,,
margin,New Mexico,scientific_f2_m1,-3.185439737490338,78,0,False,False,,,,,,,,,,,
margin,Wisconsin,scientific_f2_m1,-3.4178995793423788,79,0,False,False,,,,,,,,,,,
margin,Liberty,scientific_f2_m1,-3.588354123140723,80,0,False,False,,,,,,,,,,,
margin,UTSA,scientific_f2_m1,-4.133798900945024,81,0,False,False,,,,,,,,,,,
margin,Western Kentucky,scientific_f2_m1,-4.463704069946571,82,0,False,False,,,,,,,,,,,
margin,Fresno State,scientific_f2_m1,-4.636149708492297,83,0,False,False,,,,,,,,,,,
margin,NC State,scientific_f2_m1,-4.7232881616648985,84,0,False,False,,,,,,,,,,,
margin,Michigan State,scientific_f2_m1,-4.966821768756851,85,0,False,False,,,,,,,,,,,
margin,West Virginia,scientific_f2_m1,-5.132403777332144,86,0,False,False,,,,,,,,,,,
margin,Boston College,scientific_f2_m1,-5.368890387501235,87,0,False,False,,,,,,,,,,,
margin,Jacksonville State,scientific_f2_m1,-5.8235475569483235,88,0,False,False,,,,,,,,,,,
margin,Utah State,scientific_f2_m1,-6.056194222433913,89,0,False,False,,,,,,,,,,,
margin,Florida International,scientific_f2_m1,-6.1287333741935015,90,0,False,False,,,,,,,,,,,
margin,Marshall,scientific_f2_m1,-6.225376003893475,91,0,False,False,,,,,,,,,,,
margin,Ohio,scientific_f2_m1,-6.24020585151607,92,0,False,False,,,,,,,,,,,
margin,Louisiana Tech,scientific_f2_m1,-6.250849728525255,93,0,False,False,,,,,,,,,,,
margin,Purdue,scientific_f2_m1,-6.313872607661514,94,0,False,False,,,,,,,,,,,
margin,UCLA,scientific_f2_m1,-6.379917012891671,95,0,False,False,,,,,,,,,,,
margin,Colorado,scientific_f2_m1,-6.496316686170681,96,0,False,False,,,,,,,,,,,
margin,Southern Miss,scientific_f2_m1,-6.60696770999739,97,0,False,False,,,,,,,,,,,
margin,Washington State,scientific_f2_m1,-6.711079762608003,98,0,False,False,,,,,,,,,,,
margin,Temple,scientific_f2_m1,-6.920832471920958,99,0,False,False,,,,,,,,,,,
margin,Tulsa,scientific_f2_m1,-7.031738466481322,100,0,False,False,,,,,,,,,,,
margin,App State,scientific_f2_m1,-7.492148415139669,101,0,False,False,,,,,,,,,,,
margin,Syracuse,scientific_f2_m1,-7.546075497894815,102,0,False,False,,,,,,,,,,,
margin,Central Michigan,scientific_f2_m1,-7.801793938172544,103,0,False,False,,,,,,,,,,,
margin,Georgia Southern,scientific_f2_m1,-7.802057987059554,104,0,False,False,,,,,,,,,,,
margin,Arkansas State,scientific_f2_m1,-8.067617236998467,105,0,False,False,,,,,,,,,,,
margin,Buffalo,scientific_f2_m1,-8.231885893039248,106,0,False,False,,,,,,,,,,,
margin,Oregon State,scientific_f2_m1,-8.439070327138555,107,0,False,False,,,,,,,,,,,
margin,Kennesaw State,scientific_f2_m1,-8.532540530130229,108,0,False,False,,,,,,,,,,,
margin,Troy,scientific_f2_m1,-8.79784300553383,109,0,False,False,,,,,,,,,,,
margin,Delaware,scientific_f2_m1,-8.892475802885436,110,0,False,False,,,,,,,,,,,
margin,Florida Atlantic,scientific_f2_m1,-9.664981584879284,111,0,False,False,,,,,,,,,,,
margin,Colorado State,scientific_f2_m1,-9.747788114348753,112,0,False,False,,,,,,,,,,,
margin,UTEP,scientific_f2_m1,-10.006958501313852,113,0,False,False,,,,,,,,,,,
margin,South Alabama,scientific_f2_m1,-10.025781185673601,114,0,False,False,,,,,,,,,,,
margin,Middle Tennessee,scientific_f2_m1,-10.112100251322003,115,0,False,False,,,,,,,,,,,
margin,Missouri State,scientific_f2_m1,-10.23647904027461,116,0,False,False,,,,,,,,,,,
margin,San José State,scientific_f2_m1,-10.255350923261082,117,0,False,False,,,,,,,,,,,
margin,Oklahoma State,scientific_f2_m1,-10.430691245972666,118,0,False,False,,,,,,,,,,,
margin,Bowling Green,scientific_f2_m1,-10.444155513111012,119,0,False,False,,,,,,,,,,,
margin,Army,scientific_f2_m1,-10.603659792139357,120,0,False,False,,,,,,,,,,,
margin,Wyoming,scientific_f2_m1,-10.62898805649633,121,0,False,False,,,,,,,,,,,
margin,Akron,scientific_f2_m1,-10.78428196776777,122,0,False,False,,,,,,,,,,,
margin,Louisiana,scientific_f2_m1,-10.939861744552221,123,0,False,False,,,,,,,,,,,
margin,Northern Illinois,scientific_f2_m1,-12.001136645814414,124,0,False,False,,,,,,,,,,,
margin,UAB,scientific_f2_m1,-12.504998836987648,125,0,False,False,,,,,,,,,,,
margin,Kent State,scientific_f2_m1,-13.094434787005278,126,0,False,False,,,,,,,,,,,
margin,Nevada,scientific_f2_m1,-13.302125057870237,127,0,False,False,,,,,,,,,,,
margin,Navy,scientific_f2_m1,-13.758514313753546,128,0,False,False,,,,,,,,,,,
margin,Coastal Carolina,scientific_f2_m1,-13.840976266554412,129,0,False,False,,,,,,,,,,,
margin,Air Force,scientific_f2_m1,-13.991441792873973,130,0,False,False,,,,,,,,,,,
margin,Rice,scientific_f2_m1,-14.112519492484859,131,0,False,False,,,,,,,,,,,
margin,Georgia State,scientific_f2_m1,-14.134650157792757,132,0,False,False,,,,,,,,,,,
margin,Ball State,scientific_f2_m1,-14.237378904330535,133,0,False,False,,,,,,,,,,,
margin,UL Monroe,scientific_f2_m1,-16.1789576273042,134,0,False,False,,,,,,,,,,,
margin,Sam Houston,scientific_f2_m1,-17.21115958223556,135,0,False,False,,,,,,,,,,,
margin,Charlotte,scientific_f2_m1,-18.95689207090212,136,0,False,False,,,,,,,,,,,
margin,Massachusetts,scientific_f2_m1,-21.66968694175266,137,0,False,False,,,,,,,,,,,
margin,New Mexico State,scientific_f2_m1,-21.799830792041888,138,0,False,False,,,,,,,,,,,
margin,Ohio State,scientific_f2_m2,28.740284155337896,1,25,True,True,,,,,,,,,,,
margin,Oregon,scientific_f2_m2,27.50821899117979,2,24,True,False,,,,,,,,,,,
margin,Notre Dame,scientific_f2_m2,26.05217295396999,3,23,True,False,,,,,,,,,,,
margin,North Carolina,scientific_f2_m2,24.162806847425152,4,22,True,False,,,,,,,,,,,
margin,Georgia,scientific_f2_m2,23.69423542238193,5,21,True,False,,,,,,,,,,,
margin,Alabama,scientific_f2_m2,23.13611092994615,6,20,True,False,,,,,,,,,,,
margin,Indiana,scientific_f2_m2,21.590338715250034,7,19,True,False,,,,,,,,,,,
margin,Miami,scientific_f2_m2,21.399195120727082,8,18,True,False,,,,,,,,,,,
margin,Ole Miss,scientific_f2_m2,21.27093067403339,9,17,True,False,,,,,,,,,,,
margin,Texas A&M,scientific_f2_m2,20.886977580339543,10,16,True,False,,,,,,,,,,,
margin,Texas Tech,scientific_f2_m2,20.465614645198688,11,15,True,False,,,,,,,,,,,
margin,Texas,scientific_f2_m2,19.418760037658423,12,14,True,False,,,,,,,,,,,
margin,Michigan,scientific_f2_m2,17.710215513456344,13,13,True,False,,,,,,,,,,,
margin,Missouri,scientific_f2_m2,17.286594185921306,14,12,True,False,,,,,,,,,,,
margin,Vanderbilt,scientific_f2_m2,16.5968310000401,15,11,True,False,,,,,,,,,,,
margin,Tennessee,scientific_f2_m2,16.491284875068516,16,10,True,False,,,,,,,,,,,
margin,Virginia,scientific_f2_m2,16.09472903511873,17,9,True,False,,,,,,,,,,,
margin,Oklahoma,scientific_f2_m2,15.754856403527047,18,8,True,False,,,,,,,,,,,
margin,Memphis,scientific_f2_m2,15.133542402043929,19,7,True,False,,,,,,,,,,,
margin,Utah,scientific_f2_m2,15.114935167145696,20,6,True,False,,,,,,,,,,,
margin,Washington,scientific_f2_m2,14.84399400310311,21,5,True,False,,,,,,,,,,,
margin,Clemson,scientific_f2_m2,14.537363675309571,22,4,True,False,,,,,,,,,,,
margin,Florida State,scientific_f2_m2,14.50093592487286,23,3,True,False,,,,,,,,,,,
margin,USC,scientific_f2_m2,14.36564717260817,24,2,True,False,,,,,,,,,,,
margin,South Florida,scientific_f2_m2,13.682923760610848,25,1,True,False,,,,,,,,,,,
margin,LSU,scientific_f2_m2,13.423864322925553,26,0,False,False,,,,,,,,,,,
margin,Penn State,scientific_f2_m2,12.904604067212365,27,0,False,False,,,,,,,,,,,
margin,Auburn,scientific_f2_m2,12.883577888090734,28,0,False,False,,,,,,,,,,,
margin,Eastern Michigan,scientific_f2_m2,12.22071438604953,29,0,False,False,,,,,,,,,,,
margin,North Texas,scientific_f2_m2,12.045463981535786,30,0,False,False,,,,,,,,,,,
margin,Iowa,scientific_f2_m2,11.504484065441847,31,0,False,False,,,,,,,,,,,
margin,Arizona,scientific_f2_m2,11.251518003013523,32,0,False,False,,,,,,,,,,,
margin,BYU,scientific_f2_m2,11.231186296379565,33,0,False,False,,,,,,,,,,,
margin,SMU,scientific_f2_m2,11.140262464720738,34,0,False,False,,,,,,,,,,,
margin,James Madison,scientific_f2_m2,10.928101545344369,35,0,False,False,,,,,,,,,,,
margin,Georgia Tech,scientific_f2_m2,10.798579620411722,36,0,False,False,,,,,,,,,,,
margin,Florida,scientific_f2_m2,9.907661595946355,37,0,False,False,,,,,,,,,,,
margin,Nebraska,scientific_f2_m2,9.552073395417537,38,0,False,False,,,,,,,,,,,
margin,South Carolina,scientific_f2_m2,9.111510154172198,39,0,False,False,,,,,,,,,,,
margin,Louisville,scientific_f2_m2,8.730607908956909,40,0,False,False,,,,,,,,,,,
margin,East Carolina,scientific_f2_m2,8.581217568826922,41,0,False,False,,,,,,,,,,,
margin,Iowa State,scientific_f2_m2,7.531368447012626,42,0,False,False,,,,,,,,,,,
margin,Toledo,scientific_f2_m2,7.073330379216022,43,0,False,False,,,,,,,,,,,
margin,Illinois,scientific_f2_m2,7.064868853530824,44,0,False,False,,,,,,,,,,,
margin,San Diego State,scientific_f2_m2,6.505349243690639,45,0,False,False,,,,,,,,,,,
margin,Old Dominion,scientific_f2_m2,6.456802433593478,46,0,False,False,,,,,,,,,,,
margin,UConn,scientific_f2_m2,6.308316247752953,47,0,False,False,,,,,,,,,,,
margin,Stanford,scientific_f2_m2,6.264096024873155,48,0,False,False,,,,,,,,,,,
margin,Pittsburgh,scientific_f2_m2,6.222672619699485,49,0,False,False,,,,,,,,,,,
margin,Wake Forest,scientific_f2_m2,6.061205836107447,50,0,False,False,,,,,,,,,,,
margin,Tulane,scientific_f2_m2,5.861579514066039,51,0,False,False,,,,,,,,,,,
margin,Boise State,scientific_f2_m2,5.741063173873081,52,0,False,False,,,,,,,,,,,
margin,Duke,scientific_f2_m2,5.574805793969284,53,0,False,False,,,,,,,,,,,
margin,Kansas State,scientific_f2_m2,5.529332704379656,54,0,False,False,,,,,,,,,,,
margin,Cincinnati,scientific_f2_m2,5.324503402084802,55,0,False,False,,,,,,,,,,,
margin,Texas State,scientific_f2_m2,5.05747995127964,56,0,False,False,,,,,,,,,,,
margin,Baylor,scientific_f2_m2,5.042561607967026,57,0,False,False,,,,,,,,,,,
margin,Arizona State,scientific_f2_m2,4.960659724346514,58,0,False,False,,,,,,,,,,,
margin,Arkansas,scientific_f2_m2,4.94375667358731,59,0,False,False,,,,,,,,,,,
margin,Kentucky,scientific_f2_m2,4.654134054023683,60,0,False,False,,,,,,,,,,,
margin,Kansas,scientific_f2_m2,4.622179231970249,61,0,False,False,,,,,,,,,,,
margin,Mississippi State,scientific_f2_m2,4.599056305399481,62,0,False,False,,,,,,,,,,,
margin,Minnesota,scientific_f2_m2,4.485038175739646,63,0,False,False,,,,,,,,,,,
margin,Houston,scientific_f2_m2,4.441133149750755,64,0,False,False,,,,,,,,,,,
margin,TCU,scientific_f2_m2,4.320919953128787,65,0,False,False,,,,,,,,,,,
margin,North Dakota State,scientific_f2_m2,3.421435204014114,66,0,False,False,,,,,,,,,,,
margin,Maryland,scientific_f2_m2,3.4145551732448576,67,0,False,False,,,,,,,,,,,
margin,Northwestern,scientific_f2_m2,3.0120405084948034,68,0,False,False,,,,,,,,,,,
margin,Western Michigan,scientific_f2_m2,2.9815396031183976,69,0,False,False,,,,,,,,,,,
margin,UTSA,scientific_f2_m2,2.9315922734360447,70,0,False,False,,,,,,,,,,,
margin,UNLV,scientific_f2_m2,2.9242448014728835,71,0,False,False,,,,,,,,,,,
margin,Sacramento State,scientific_f2_m2,2.842317229458806,72,0,False,False,,,,,,,,,,,
margin,New Mexico,scientific_f2_m2,2.5798224325038808,73,0,False,False,,,,,,,,,,,
margin,Miami (OH),scientific_f2_m2,2.5600476978256763,74,0,False,False,,,,,,,,,,,
margin,Rutgers,scientific_f2_m2,2.3283605605284263,75,0,False,False,,,,,,,,,,,
margin,Western Kentucky,scientific_f2_m2,2.2317669648558462,76,0,False,False,,,,,,,,,,,
margin,California,scientific_f2_m2,2.1541009729021825,77,0,False,False,,,,,,,,,,,
margin,Liberty,scientific_f2_m2,1.7226067749464962,78,0,False,False,,,,,,,,,,,
margin,Virginia Tech,scientific_f2_m2,1.603139474327933,79,0,False,False,,,,,,,,,,,
margin,UCF,scientific_f2_m2,1.351073673221248,80,0,False,False,,,,,,,,,,,
margin,Fresno State,scientific_f2_m2,1.1129180432254397,81,0,False,False,,,,,,,,,,,
margin,Louisiana Tech,scientific_f2_m2,0.4938893365549051,82,0,False,False,,,,,,,,,,,
margin,Ohio,scientific_f2_m2,0.1999935004867197,83,0,False,False,,,,,,,,,,,
margin,Wisconsin,scientific_f2_m2,-0.1437894783546465,84,0,False,False,,,,,,,,,,,
margin,Marshall,scientific_f2_m2,-0.35554491108865083,85,0,False,False,,,,,,,,,,,
margin,Hawai'i,scientific_f2_m2,-0.3632962173928367,86,0,False,False,,,,,,,,,,,
margin,Boston College,scientific_f2_m2,-0.8180490302084333,87,0,False,False,,,,,,,,,,,
margin,Florida International,scientific_f2_m2,-0.8518103372280974,88,0,False,False,,,,,,,,,,,
margin,West Virginia,scientific_f2_m2,-1.0810115734077677,89,0,False,False,,,,,,,,,,,
margin,Utah State,scientific_f2_m2,-1.3525312650197407,90,0,False,False,,,,,,,,,,,
margin,Washington State,scientific_f2_m2,-1.4204520543032382,91,0,False,False,,,,,,,,,,,
margin,Southern Miss,scientific_f2_m2,-1.4559525009628282,92,0,False,False,,,,,,,,,,,
margin,Army,scientific_f2_m2,-1.6097916739402736,93,0,False,False,,,,,,,,,,,
margin,Central Michigan,scientific_f2_m2,-1.791977729587062,94,0,False,False,,,,,,,,,,,
margin,Kennesaw State,scientific_f2_m2,-1.8146124618194786,95,0,False,False,,,,,,,,,,,
margin,Michigan State,scientific_f2_m2,-1.8376396564885318,96,0,False,False,,,,,,,,,,,
margin,Navy,scientific_f2_m2,-1.8469814239192563,97,0,False,False,,,,,,,,,,,
margin,Delaware,scientific_f2_m2,-1.9548435434085447,98,0,False,False,,,,,,,,,,,
margin,App State,scientific_f2_m2,-2.265224946430897,99,0,False,False,,,,,,,,,,,
margin,Colorado,scientific_f2_m2,-2.4095988743054084,100,0,False,False,,,,,,,,,,,
margin,Florida Atlantic,scientific_f2_m2,-2.458395158947557,101,0,False,False,,,,,,,,,,,
margin,Tulsa,scientific_f2_m2,-2.776138178696244,102,0,False,False,,,,,,,,,,,
margin,Temple,scientific_f2_m2,-2.7832519516660073,103,0,False,False,,,,,,,,,,,
margin,Buffalo,scientific_f2_m2,-2.900917808183172,104,0,False,False,,,,,,,,,,,
margin,Troy,scientific_f2_m2,-3.254333129273589,105,0,False,False,,,,,,,,,,,
margin,Arkansas State,scientific_f2_m2,-3.3035098675591046,106,0,False,False,,,,,,,,,,,
margin,Oregon State,scientific_f2_m2,-3.472333193530274,107,0,False,False,,,,,,,,,,,
margin,Georgia Southern,scientific_f2_m2,-3.5673081223069802,108,0,False,False,,,,,,,,,,,
margin,Purdue,scientific_f2_m2,-3.632187011907869,109,0,False,False,,,,,,,,,,,
margin,Syracuse,scientific_f2_m2,-3.8882887063913714,110,0,False,False,,,,,,,,,,,
margin,Middle Tennessee,scientific_f2_m2,-4.597614418799342,111,0,False,False,,,,,,,,,,,
margin,South Alabama,scientific_f2_m2,-4.621114431839373,112,0,False,False,,,,,,,,,,,
margin,UCLA,scientific_f2_m2,-4.706004739930589,113,0,False,False,,,,,,,,,,,
margin,Bowling Green,scientific_f2_m2,-4.738756410773667,114,0,False,False,,,,,,,,,,,
margin,UTEP,scientific_f2_m2,-5.008089410119599,115,0,False,False,,,,,,,,,,,
margin,Air Force,scientific_f2_m2,-5.15124700905406,116,0,False,False,,,,,,,,,,,
margin,NC State,scientific_f2_m2,-5.533228661774631,117,0,False,False,,,,,,,,,,,
margin,Missouri State,scientific_f2_m2,-5.80341944966151,118,0,False,False,,,,,,,,,,,
margin,San José State,scientific_f2_m2,-5.9230380182077855,119,0,False,False,,,,,,,,,,,
margin,Akron,scientific_f2_m2,-5.959205235769698,120,0,False,False,,,,,,,,,,,
margin,Louisiana,scientific_f2_m2,-6.342287588775053,121,0,False,False,,,,,,,,,,,
margin,Northern Illinois,scientific_f2_m2,-6.3933186929742165,122,0,False,False,,,,,,,,,,,
margin,Wyoming,scientific_f2_m2,-6.402818651590837,123,0,False,False,,,,,,,,,,,
margin,Colorado State,scientific_f2_m2,-7.6905199250280445,124,0,False,False,,,,,,,,,,,
margin,Oklahoma State,scientific_f2_m2,-7.806806580280397,125,0,False,False,,,,,,,,,,,
margin,Rice,scientific_f2_m2,-7.889271259267322,126,0,False,False,,,,,,,,,,,
margin,UAB,scientific_f2_m2,-8.002314737990599,127,0,False,False,,,,,,,,,,,
margin,Jacksonville State,scientific_f2_m2,-8.033366243350962,128,0,False,False,,,,,,,,,,,
margin,Nevada,scientific_f2_m2,-8.535398852787793,129,0,False,False,,,,,,,,,,,
margin,Kent State,scientific_f2_m2,-9.509875784159036,130,0,False,False,,,,,,,,,,,
margin,Coastal Carolina,scientific_f2_m2,-9.90140427390461,131,0,False,False,,,,,,,,,,,
margin,Georgia State,scientific_f2_m2,-10.017439876447614,132,0,False,False,,,,,,,,,,,
margin,UL Monroe,scientific_f2_m2,-10.93945212697167,133,0,False,False,,,,,,,,,,,
margin,Ball State,scientific_f2_m2,-11.037370343029304,134,0,False,False,,,,,,,,,,,
margin,New Mexico State,scientific_f2_m2,-13.144080045122656,135,0,False,False,,,,,,,,,,,
margin,Sam Houston,scientific_f2_m2,-15.076555511064651,136,0,False,False,,,,,,,,,,,
margin,Charlotte,scientific_f2_m2,-17.19629776711676,137,0,False,False,,,,,,,,,,,
margin,Massachusetts,scientific_f2_m2,-19.9944716116071,138,0,False,False,,,,,,,,,,,
margin,Ohio State,scientific_f2_m3,26.871676190476176,1,25,True,True,,,,,,,,,,,
margin,Oregon,scientific_f2_m3,26.86414917507965,2,24,True,False,,,,,,,,,,,
margin,Notre Dame,scientific_f2_m3,23.500526399331655,3,23,True,False,,,,,,,,,,,
margin,Indiana,scientific_f2_m3,23.403101587301578,4,22,True,False,,,,,,,,,,,
margin,Texas Tech,scientific_f2_m3,22.165161904761884,5,21,True,False,,,,,,,,,,,
margin,Miami,scientific_f2_m3,21.40715201465201,6,20,True,False,,,,,,,,,,,
margin,Georgia,scientific_f2_m3,19.342640083860516,7,19,True,False,,,,,,,,,,,
margin,Texas A&M,scientific_f2_m3,18.398717331654925,8,18,True,False,,,,,,,,,,,
margin,USC,scientific_f2_m3,17.928374532390983,9,17,True,False,,,,,,,,,,,
margin,Ole Miss,scientific_f2_m3,17.769997809446085,10,16,True,False,,,,,,,,,,,
margin,Vanderbilt,scientific_f2_m3,17.348587301587305,11,15,True,False,,,,,,,,,,,
margin,South Florida,scientific_f2_m3,16.799074747474748,12,14,True,False,,,,,,,,,,,
margin,Washington,scientific_f2_m3,16.710003968253968,13,13,True,False,,,,,,,,,,,
margin,Utah,scientific_f2_m3,16.542676984127,14,12,True,False,,,,,,,,,,,
margin,Alabama,scientific_f2_m3,16.456937880255335,15,11,True,False,,,,,,,,,,,
margin,Virginia,scientific_f2_m3,15.861317460317457,16,10,True,False,,,,,,,,,,,
margin,Tennessee,scientific_f2_m3,15.626616666666663,17,9,True,False,,,,,,,,,,,
margin,Texas,scientific_f2_m3,15.215037231231957,18,8,True,False,,,,,,,,,,,
margin,North Texas,scientific_f2_m3,13.91869678362573,19,7,True,False,,,,,,,,,,,
margin,Missouri,scientific_f2_m3,13.904521428571432,20,6,True,False,,,,,,,,,,,
margin,James Madison,scientific_f2_m3,13.85809343434344,21,5,True,False,,,,,,,,,,,
margin,Florida State,scientific_f2_m3,13.396961111111109,22,4,True,False,,,,,,,,,,,
margin,BYU,scientific_f2_m3,13.326055385374259,23,3,True,False,,,,,,,,,,,
margin,Oklahoma,scientific_f2_m3,13.204902737183463,24,2,True,False,,,,,,,,,,,
margin,Toledo,scientific_f2_m3,13.12648336507937,25,1,True,False,,,,,,,,,,,
margin,SMU,scientific_f2_m3,13.00623515928516,26,0,False,False,,,,,,,,,,,
margin,North Dakota State,scientific_f2_m3,12.629054761904765,27,0,False,False,,,,,,,,,,,
margin,Michigan,scientific_f2_m3,12.076434592444068,28,0,False,False,,,,,,,,,,,
margin,Auburn,scientific_f2_m3,11.261926993348197,29,0,False,False,,,,,,,,,,,
margin,Clemson,scientific_f2_m3,11.16388655191013,30,0,False,False,,,,,,,,,,,
margin,Arizona,scientific_f2_m3,11.152815544867753,31,0,False,False,,,,,,,,,,,
margin,Penn State,scientific_f2_m3,11.041039975579968,32,0,False,False,,,,,,,,,,,
margin,Iowa,scientific_f2_m3,10.869937792435339,33,0,False,False,,,,,,,,,,,
margin,LSU,scientific_f2_m3,10.468129889011655,34,0,False,False,,,,,,,,,,,
margin,Louisville,scientific_f2_m3,10.402456781528185,35,0,False,False,,,,,,,,,,,
margin,Old Dominion,scientific_f2_m3,10.196877809523805,36,0,False,False,,,,,,,,,,,
margin,North Carolina,scientific_f2_m3,10.1845297979798,37,0,False,False,,,,,,,,,,,
margin,Georgia Tech,scientific_f2_m3,9.853414171843482,38,0,False,False,,,,,,,,,,,
margin,Stanford,scientific_f2_m3,9.772561111111111,39,0,False,False,,,,,,,,,,,
margin,Memphis,scientific_f2_m3,9.177822222222225,40,0,False,False,,,,,,,,,,,
margin,East Carolina,scientific_f2_m3,8.874230673459332,41,0,False,False,,,,,,,,,,,
margin,UConn,scientific_f2_m3,8.706453968253966,42,0,False,False,,,,,,,,,,,
margin,Iowa State,scientific_f2_m3,8.561349289089794,43,0,False,False,,,,,,,,,,,
margin,Tulane,scientific_f2_m3,8.044334384100324,44,0,False,False,,,,,,,,,,,
margin,Cincinnati,scientific_f2_m3,7.969801906280854,45,0,False,False,,,,,,,,,,,
margin,San Diego State,scientific_f2_m3,7.932772354497356,46,0,False,False,,,,,,,,,,,
margin,Nebraska,scientific_f2_m3,7.441488649498237,47,0,False,False,,,,,,,,,,,
margin,Illinois,scientific_f2_m3,7.337020572628313,48,0,False,False,,,,,,,,,,,
margin,Boise State,scientific_f2_m3,7.250353517803517,49,0,False,False,,,,,,,,,,,
margin,Texas State,scientific_f2_m3,7.1224690476190435,50,0,False,False,,,,,,,,,,,
margin,Kansas State,scientific_f2_m3,7.019848274672188,51,0,False,False,,,,,,,,,,,
margin,Wake Forest,scientific_f2_m3,6.721824641616304,52,0,False,False,,,,,,,,,,,
margin,Arizona State,scientific_f2_m3,5.912984284505159,53,0,False,False,,,,,,,,,,,
margin,Pittsburgh,scientific_f2_m3,5.809261830324851,54,0,False,False,,,,,,,,,,,
margin,UTSA,scientific_f2_m3,4.997612698412701,55,0,False,False,,,,,,,,,,,
margin,Eastern Michigan,scientific_f2_m3,4.9441086378737555,56,0,False,False,,,,,,,,,,,
margin,Louisiana Tech,scientific_f2_m3,4.828866508431482,57,0,False,False,,,,,,,,,,,
margin,Houston,scientific_f2_m3,4.700700781819212,58,0,False,False,,,,,,,,,,,
margin,Florida,scientific_f2_m3,4.370209388649081,59,0,False,False,,,,,,,,,,,
margin,Western Michigan,scientific_f2_m3,4.236883545764187,60,0,False,False,,,,,,,,,,,
margin,Miami (OH),scientific_f2_m3,4.160136036417024,61,0,False,False,,,,,,,,,,,
margin,Duke,scientific_f2_m3,3.9484982328680136,62,0,False,False,,,,,,,,,,,
margin,Navy,scientific_f2_m3,3.8632909425595128,63,0,False,False,,,,,,,,,,,
margin,Mississippi State,scientific_f2_m3,3.7998737265390647,64,0,False,False,,,,,,,,,,,
margin,New Mexico,scientific_f2_m3,3.7390650741960973,65,0,False,False,,,,,,,,,,,
margin,Fresno State,scientific_f2_m3,3.7002426184451966,66,0,False,False,,,,,,,,,,,
margin,Kansas,scientific_f2_m3,3.6565261232006767,67,0,False,False,,,,,,,,,,,
margin,Western Kentucky,scientific_f2_m3,3.517692622582635,68,0,False,False,,,,,,,,,,,
margin,Marshall,scientific_f2_m3,3.5055010195118905,69,0,False,False,,,,,,,,,,,
margin,Arkansas,scientific_f2_m3,3.3343032921810707,70,0,False,False,,,,,,,,,,,
margin,South Carolina,scientific_f2_m3,3.233218844904499,71,0,False,False,,,,,,,,,,,
margin,Ohio,scientific_f2_m3,2.993948376094632,72,0,False,False,,,,,,,,,,,
margin,Southern Miss,scientific_f2_m3,2.5972661792243614,73,0,False,False,,,,,,,,,,,
margin,Northwestern,scientific_f2_m3,2.373912842712842,74,0,False,False,,,,,,,,,,,
margin,Baylor,scientific_f2_m3,2.2622714897744545,75,0,False,False,,,,,,,,,,,
margin,Florida International,scientific_f2_m3,2.155927106776694,76,0,False,False,,,,,,,,,,,
margin,Liberty,scientific_f2_m3,1.6953658826358824,77,0,False,False,,,,,,,,,,,
margin,Central Michigan,scientific_f2_m3,1.503435850588268,78,0,False,False,,,,,,,,,,,
margin,Kennesaw State,scientific_f2_m3,1.4943335174351664,79,0,False,False,,,,,,,,,,,
margin,Minnesota,scientific_f2_m3,0.30704908386187457,80,0,False,False,,,,,,,,,,,
margin,UCF,scientific_f2_m3,0.304855480618571,81,0,False,False,,,,,,,,,,,
margin,Utah State,scientific_f2_m3,0.06123098117450716,82,0,False,False,,,,,,,,,,,
margin,Kentucky,scientific_f2_m3,-0.028451739196475825,83,0,False,False,,,,,,,,,,,
margin,Washington State,scientific_f2_m3,-0.07336507936507952,84,0,False,False,,,,,,,,,,,
margin,South Alabama,scientific_f2_m3,-0.49038512618476693,85,0,False,False,,,,,,,,,,,
margin,Rutgers,scientific_f2_m3,-0.6831658730158727,86,0,False,False,,,,,,,,,,,
margin,Army,scientific_f2_m3,-1.2548910866910865,87,0,False,False,,,,,,,,,,,
margin,Virginia Tech,scientific_f2_m3,-1.4425362914862903,88,0,False,False,,,,,,,,,,,
margin,California,scientific_f2_m3,-1.7607463203463192,89,0,False,False,,,,,,,,,,,
margin,TCU,scientific_f2_m3,-2.1015361471861467,90,0,False,False,,,,,,,,,,,
margin,Delaware,scientific_f2_m3,-3.0572904761904764,91,0,False,False,,,,,,,,,,,
margin,Oregon State,scientific_f2_m3,-3.1285769841269824,92,0,False,False,,,,,,,,,,,
margin,Wisconsin,scientific_f2_m3,-3.1409293650793675,93,0,False,False,,,,,,,,,,,
margin,Tulsa,scientific_f2_m3,-3.1560055555555553,94,0,False,False,,,,,,,,,,,
margin,Air Force,scientific_f2_m3,-3.4014893939393955,95,0,False,False,,,,,,,,,,,
margin,Troy,scientific_f2_m3,-3.594472299480263,96,0,False,False,,,,,,,,,,,
margin,West Virginia,scientific_f2_m3,-3.7688354978354983,97,0,False,False,,,,,,,,,,,
margin,Buffalo,scientific_f2_m3,-3.9274741223402496,98,0,False,False,,,,,,,,,,,
margin,Temple,scientific_f2_m3,-3.9854103174603197,99,0,False,False,,,,,,,,,,,
margin,Michigan State,scientific_f2_m3,-4.791490614216698,100,0,False,False,,,,,,,,,,,
margin,Boston College,scientific_f2_m3,-4.990439682539684,101,0,False,False,,,,,,,,,,,
margin,Maryland,scientific_f2_m3,-5.093739682539683,102,0,False,False,,,,,,,,,,,
margin,Wyoming,scientific_f2_m3,-5.657252128427128,103,0,False,False,,,,,,,,,,,
margin,Georgia Southern,scientific_f2_m3,-5.72125873015873,104,0,False,False,,,,,,,,,,,
margin,Arkansas State,scientific_f2_m3,-5.78609282977559,105,0,False,False,,,,,,,,,,,
margin,Bowling Green,scientific_f2_m3,-5.787643650793653,106,0,False,False,,,,,,,,,,,
margin,UNLV,scientific_f2_m3,-5.794811904761907,107,0,False,False,,,,,,,,,,,
margin,Louisiana,scientific_f2_m3,-6.2095542568542585,108,0,False,False,,,,,,,,,,,
margin,UCLA,scientific_f2_m3,-6.252092857142857,109,0,False,False,,,,,,,,,,,
margin,App State,scientific_f2_m3,-6.262753968253968,110,0,False,False,,,,,,,,,,,
margin,Missouri State,scientific_f2_m3,-6.295226190476189,111,0,False,False,,,,,,,,,,,
margin,Nevada,scientific_f2_m3,-6.364864150624789,112,0,False,False,,,,,,,,,,,
margin,Akron,scientific_f2_m3,-6.629971428571428,113,0,False,False,,,,,,,,,,,
margin,Florida Atlantic,scientific_f2_m3,-6.931651731601732,114,0,False,False,,,,,,,,,,,
margin,Colorado,scientific_f2_m3,-7.133961904761904,115,0,False,False,,,,,,,,,,,
margin,Purdue,scientific_f2_m3,-8.300288095238093,116,0,False,False,,,,,,,,,,,
margin,Colorado State,scientific_f2_m3,-8.503403174603179,117,0,False,False,,,,,,,,,,,
margin,UTEP,scientific_f2_m3,-8.69346825396825,118,0,False,False,,,,,,,,,,,
margin,Rice,scientific_f2_m3,-8.78802222222223,119,0,False,False,,,,,,,,,,,
margin,Middle Tennessee,scientific_f2_m3,-8.92824177489178,120,0,False,False,,,,,,,,,,,
margin,Northern Illinois,scientific_f2_m3,-8.93019741180805,121,0,False,False,,,,,,,,,,,
margin,Syracuse,scientific_f2_m3,-8.935331746031745,122,0,False,False,,,,,,,,,,,
margin,Sacramento State,scientific_f2_m3,-9.003295454545452,123,0,False,False,,,,,,,,,,,
margin,Hawai'i,scientific_f2_m3,-9.706294444444449,124,0,False,False,,,,,,,,,,,
margin,NC State,scientific_f2_m3,-9.831592857142853,125,0,False,False,,,,,,,,,,,
margin,UAB,scientific_f2_m3,-9.837484920634925,126,0,False,False,,,,,,,,,,,
margin,Coastal Carolina,scientific_f2_m3,-10.365640476190476,127,0,False,False,,,,,,,,,,,
margin,San José State,scientific_f2_m3,-10.477424603174601,128,0,False,False,,,,,,,,,,,
margin,New Mexico State,scientific_f2_m3,-10.822700000000001,129,0,False,False,,,,,,,,,,,
margin,Kent State,scientific_f2_m3,-10.852736507936504,130,0,False,False,,,,,,,,,,,
margin,UL Monroe,scientific_f2_m3,-11.061603968253966,131,0,False,False,,,,,,,,,,,
margin,Jacksonville State,scientific_f2_m3,-11.953869841269846,132,0,False,False,,,,,,,,,,,
margin,Georgia State,scientific_f2_m3,-12.652454761904766,133,0,False,False,,,,,,,,,,,
margin,Ball State,scientific_f2_m3,-12.697130817291448,134,0,False,False,,,,,,,,,,,
margin,Oklahoma State,scientific_f2_m3,-13.218565367965367,135,0,False,False,,,,,,,,,,,
margin,Charlotte,scientific_f2_m3,-17.716587301587303,136,0,False,False,,,,,,,,,,,
margin,Sam Houston,scientific_f2_m3,-21.21121984126983,137,0,False,False,,,,,,,,,,,
margin,Massachusetts,scientific_f2_m3,-22.198698196248206,138,0,False,False,,,,,,,,,,,
margin,Oregon,scientific_f2_m4,29.61919219165038,1,25,True,True,,,,,,,,,,,
margin,Ohio State,scientific_f2_m4,29.382659448631347,2,24,True,False,,,,,,,,,,,
margin,Notre Dame,scientific_f2_m4,28.024568290976266,3,23,True,False,,,,,,,,,,,
margin,Texas Tech,scientific_f2_m4,26.321183486467373,4,22,True,False,,,,,,,,,,,
margin,Indiana,scientific_f2_m4,23.603993459589173,5,21,True,False,,,,,,,,,,,
margin,Georgia,scientific_f2_m4,22.370736403739333,6,20,True,False,,,,,,,,,,,
margin,Miami,scientific_f2_m4,20.53109474959928,7,19,True,False,,,,,,,,,,,
margin,Texas A&M,scientific_f2_m4,19.04916329026331,8,18,True,False,,,,,,,,,,,
margin,South Florida,scientific_f2_m4,18.90454019740952,9,17,True,False,,,,,,,,,,,
margin,Ole Miss,scientific_f2_m4,18.543903901921265,10,16,True,False,,,,,,,,,,,
margin,Alabama,scientific_f2_m4,18.46538159752614,11,15,True,False,,,,,,,,,,,
margin,Texas,scientific_f2_m4,18.224535719358055,12,14,True,False,,,,,,,,,,,
margin,Virginia,scientific_f2_m4,17.81471722731065,13,13,True,False,,,,,,,,,,,
margin,Michigan,scientific_f2_m4,17.593749625312096,14,12,True,False,,,,,,,,,,,
margin,Utah,scientific_f2_m4,17.482309906079635,15,11,True,False,,,,,,,,,,,
margin,Vanderbilt,scientific_f2_m4,17.115574154071528,16,10,True,False,,,,,,,,,,,
margin,Tennessee,scientific_f2_m4,16.67336636215625,17,9,True,False,,,,,,,,,,,
margin,Missouri,scientific_f2_m4,15.668307413354093,18,8,True,False,,,,,,,,,,,
margin,Washington,scientific_f2_m4,15.596742240774129,19,7,True,False,,,,,,,,,,,
margin,Oklahoma,scientific_f2_m4,15.428630630368854,20,6,True,False,,,,,,,,,,,
margin,Florida State,scientific_f2_m4,15.191918065717104,21,5,True,False,,,,,,,,,,,
margin,LSU,scientific_f2_m4,14.696396713302764,22,4,True,False,,,,,,,,,,,
margin,USC,scientific_f2_m4,14.582681799028796,23,3,True,False,,,,,,,,,,,
margin,Clemson,scientific_f2_m4,12.558718221281834,24,2,True,False,,,,,,,,,,,
margin,BYU,scientific_f2_m4,12.209119706221003,25,1,True,False,,,,,,,,,,,
margin,SMU,scientific_f2_m4,11.827043981147737,26,0,False,False,,,,,,,,,,,
margin,Penn State,scientific_f2_m4,11.631337177162822,27,0,False,False,,,,,,,,,,,
margin,Iowa,scientific_f2_m4,11.509285687911152,28,0,False,False,,,,,,,,,,,
margin,Arizona,scientific_f2_m4,11.425272402060367,29,0,False,False,,,,,,,,,,,
margin,North Carolina,scientific_f2_m4,11.285326588760332,30,0,False,False,,,,,,,,,,,
margin,Auburn,scientific_f2_m4,10.846065437185903,31,0,False,False,,,,,,,,,,,
margin,James Madison,scientific_f2_m4,10.52718464721605,32,0,False,False,,,,,,,,,,,
margin,North Texas,scientific_f2_m4,10.179719083156556,33,0,False,False,,,,,,,,,,,
margin,North Dakota State,scientific_f2_m4,9.780912984739434,34,0,False,False,,,,,,,,,,,
margin,UConn,scientific_f2_m4,9.542491975481411,35,0,False,False,,,,,,,,,,,
margin,Louisville,scientific_f2_m4,9.373425977216293,36,0,False,False,,,,,,,,,,,
margin,Georgia Tech,scientific_f2_m4,9.254736526311904,37,0,False,False,,,,,,,,,,,
margin,Stanford,scientific_f2_m4,9.174039556772787,38,0,False,False,,,,,,,,,,,
margin,Illinois,scientific_f2_m4,9.135013189023486,39,0,False,False,,,,,,,,,,,
margin,Boise State,scientific_f2_m4,8.359120035211754,40,0,False,False,,,,,,,,,,,
margin,Nebraska,scientific_f2_m4,7.932170699190139,41,0,False,False,,,,,,,,,,,
margin,East Carolina,scientific_f2_m4,7.919872271409205,42,0,False,False,,,,,,,,,,,
margin,Iowa State,scientific_f2_m4,7.917696738878104,43,0,False,False,,,,,,,,,,,
margin,Memphis,scientific_f2_m4,7.87736322443687,44,0,False,False,,,,,,,,,,,
margin,San Diego State,scientific_f2_m4,7.812523930414193,45,0,False,False,,,,,,,,,,,
margin,Cincinnati,scientific_f2_m4,7.479350094611332,46,0,False,False,,,,,,,,,,,
margin,Wake Forest,scientific_f2_m4,7.433179628894832,47,0,False,False,,,,,,,,,,,
margin,Houston,scientific_f2_m4,7.329215965000135,48,0,False,False,,,,,,,,,,,
margin,Pittsburgh,scientific_f2_m4,7.248741902284931,49,0,False,False,,,,,,,,,,,
margin,Florida,scientific_f2_m4,7.1194836154706165,50,0,False,False,,,,,,,,,,,
margin,Kansas State,scientific_f2_m4,7.0118353165595595,51,0,False,False,,,,,,,,,,,
margin,Texas State,scientific_f2_m4,6.9697192416006715,52,0,False,False,,,,,,,,,,,
margin,Toledo,scientific_f2_m4,6.8922436292413085,53,0,False,False,,,,,,,,,,,
margin,Arizona State,scientific_f2_m4,6.773041285168732,54,0,False,False,,,,,,,,,,,
margin,Old Dominion,scientific_f2_m4,6.436866760672124,55,0,False,False,,,,,,,,,,,
margin,Eastern Michigan,scientific_f2_m4,6.429698611956771,56,0,False,False,,,,,,,,,,,
margin,UTSA,scientific_f2_m4,6.2595048519078516,57,0,False,False,,,,,,,,,,,
margin,Duke,scientific_f2_m4,6.1721595544564005,58,0,False,False,,,,,,,,,,,
margin,Miami (OH),scientific_f2_m4,6.151219020381714,59,0,False,False,,,,,,,,,,,
margin,South Carolina,scientific_f2_m4,6.130609846159671,60,0,False,False,,,,,,,,,,,
margin,Tulane,scientific_f2_m4,5.836940514282055,61,0,False,False,,,,,,,,,,,
margin,Arkansas,scientific_f2_m4,5.2870383017600995,62,0,False,False,,,,,,,,,,,
margin,Western Michigan,scientific_f2_m4,5.154728839728131,63,0,False,False,,,,,,,,,,,
margin,Northwestern,scientific_f2_m4,4.633688075889461,64,0,False,False,,,,,,,,,,,
margin,Western Kentucky,scientific_f2_m4,4.5917266166439,65,0,False,False,,,,,,,,,,,
margin,Kentucky,scientific_f2_m4,4.576509765832761,66,0,False,False,,,,,,,,,,,
margin,Mississippi State,scientific_f2_m4,4.516849253114649,67,0,False,False,,,,,,,,,,,
margin,New Mexico,scientific_f2_m4,3.573109609355246,68,0,False,False,,,,,,,,,,,
margin,Navy,scientific_f2_m4,3.4556636748226865,69,0,False,False,,,,,,,,,,,
margin,Fresno State,scientific_f2_m4,2.9900701905458074,70,0,False,False,,,,,,,,,,,
margin,Kansas,scientific_f2_m4,2.7624801182360352,71,0,False,False,,,,,,,,,,,
margin,Minnesota,scientific_f2_m4,2.7481868179590148,72,0,False,False,,,,,,,,,,,
margin,Baylor,scientific_f2_m4,2.4349729034048315,73,0,False,False,,,,,,,,,,,
margin,Southern Miss,scientific_f2_m4,2.065262716089029,74,0,False,False,,,,,,,,,,,
margin,Marshall,scientific_f2_m4,1.7661067971080904,75,0,False,False,,,,,,,,,,,
margin,Ohio,scientific_f2_m4,1.5582130388915822,76,0,False,False,,,,,,,,,,,
margin,Liberty,scientific_f2_m4,1.2274540726095557,77,0,False,False,,,,,,,,,,,
margin,Florida International,scientific_f2_m4,1.170746477386031,78,0,False,False,,,,,,,,,,,
margin,Louisiana Tech,scientific_f2_m4,1.1687096520851445,79,0,False,False,,,,,,,,,,,
margin,Central Michigan,scientific_f2_m4,0.06096161623356114,80,0,False,False,,,,,,,,,,,
margin,California,scientific_f2_m4,-0.00173512656286718,81,0,False,False,,,,,,,,,,,
margin,Utah State,scientific_f2_m4,-0.4082998179358763,82,0,False,False,,,,,,,,,,,
margin,Kennesaw State,scientific_f2_m4,-0.5055250742131447,83,0,False,False,,,,,,,,,,,
margin,Virginia Tech,scientific_f2_m4,-0.5566871355512568,84,0,False,False,,,,,,,,,,,
margin,Rutgers,scientific_f2_m4,-0.6502785988620001,85,0,False,False,,,,,,,,,,,
margin,UCF,scientific_f2_m4,-0.6766611658527726,86,0,False,False,,,,,,,,,,,
margin,Washington State,scientific_f2_m4,-1.2373819312293486,87,0,False,False,,,,,,,,,,,
margin,Wisconsin,scientific_f2_m4,-1.3110617496841457,88,0,False,False,,,,,,,,,,,
margin,UNLV,scientific_f2_m4,-1.8905924630008137,89,0,False,False,,,,,,,,,,,
margin,TCU,scientific_f2_m4,-2.0082156694142594,90,0,False,False,,,,,,,,,,,
margin,Michigan State,scientific_f2_m4,-2.5349644265414684,91,0,False,False,,,,,,,,,,,
margin,Tulsa,scientific_f2_m4,-2.615705118676475,92,0,False,False,,,,,,,,,,,
margin,South Alabama,scientific_f2_m4,-2.9181970426310153,93,0,False,False,,,,,,,,,,,
margin,Air Force,scientific_f2_m4,-3.336265426108079,94,0,False,False,,,,,,,,,,,
margin,West Virginia,scientific_f2_m4,-3.392236528285861,95,0,False,False,,,,,,,,,,,
margin,Maryland,scientific_f2_m4,-3.4629936774376295,96,0,False,False,,,,,,,,,,,
margin,Army,scientific_f2_m4,-3.754355897489645,97,0,False,False,,,,,,,,,,,
margin,Georgia Southern,scientific_f2_m4,-3.76391757019689,98,0,False,False,,,,,,,,,,,
margin,Boston College,scientific_f2_m4,-3.794229584015524,99,0,False,False,,,,,,,,,,,
margin,Temple,scientific_f2_m4,-3.8018224845117365,100,0,False,False,,,,,,,,,,,
margin,Arkansas State,scientific_f2_m4,-4.833322097279125,101,0,False,False,,,,,,,,,,,
margin,Colorado,scientific_f2_m4,-5.098224225262258,102,0,False,False,,,,,,,,,,,
margin,Oregon State,scientific_f2_m4,-5.3576710189957675,103,0,False,False,,,,,,,,,,,
margin,Delaware,scientific_f2_m4,-5.515297345264,104,0,False,False,,,,,,,,,,,
margin,Bowling Green,scientific_f2_m4,-5.572612446979647,105,0,False,False,,,,,,,,,,,
margin,App State,scientific_f2_m4,-5.882575092377858,106,0,False,False,,,,,,,,,,,
margin,Akron,scientific_f2_m4,-6.264304302102915,107,0,False,False,,,,,,,,,,,
margin,UCLA,scientific_f2_m4,-6.316189556734258,108,0,False,False,,,,,,,,,,,
margin,Troy,scientific_f2_m4,-6.550933271158892,109,0,False,False,,,,,,,,,,,
margin,Buffalo,scientific_f2_m4,-6.743836708435411,110,0,False,False,,,,,,,,,,,
margin,Missouri State,scientific_f2_m4,-7.918381169337845,111,0,False,False,,,,,,,,,,,
margin,Sacramento State,scientific_f2_m4,-8.28201769292288,112,0,False,False,,,,,,,,,,,
margin,Florida Atlantic,scientific_f2_m4,-8.47202392281461,113,0,False,False,,,,,,,,,,,
margin,Wyoming,scientific_f2_m4,-8.531528614670352,114,0,False,False,,,,,,,,,,,
margin,Hawai'i,scientific_f2_m4,-8.590477662038664,115,0,False,False,,,,,,,,,,,
margin,Purdue,scientific_f2_m4,-8.62126430988115,116,0,False,False,,,,,,,,,,,
margin,Northern Illinois,scientific_f2_m4,-8.715700918395198,117,0,False,False,,,,,,,,,,,
margin,Louisiana,scientific_f2_m4,-8.99871699682092,118,0,False,False,,,,,,,,,,,
margin,Rice,scientific_f2_m4,-9.01509520078909,119,0,False,False,,,,,,,,,,,
margin,Nevada,scientific_f2_m4,-9.115497404839573,120,0,False,False,,,,,,,,,,,
margin,UTEP,scientific_f2_m4,-9.470927956531714,121,0,False,False,,,,,,,,,,,
margin,UAB,scientific_f2_m4,-9.598137964371462,122,0,False,False,,,,,,,,,,,
margin,San José State,scientific_f2_m4,-9.66956569003463,123,0,False,False,,,,,,,,,,,
margin,Middle Tennessee,scientific_f2_m4,-10.127022856305745,124,0,False,False,,,,,,,,,,,
margin,Colorado State,scientific_f2_m4,-10.231160345658045,125,0,False,False,,,,,,,,,,,
margin,UL Monroe,scientific_f2_m4,-10.351207128381905,126,0,False,False,,,,,,,,,,,
margin,Kent State,scientific_f2_m4,-10.566301315420898,127,0,False,False,,,,,,,,,,,
margin,Syracuse,scientific_f2_m4,-10.654990775171587,128,0,False,False,,,,,,,,,,,
margin,NC State,scientific_f2_m4,-11.484275795466141,129,0,False,False,,,,,,,,,,,
margin,Ball State,scientific_f2_m4,-11.875017304114573,130,0,False,False,,,,,,,,,,,
margin,Coastal Carolina,scientific_f2_m4,-12.131885658132234,131,0,False,False,,,,,,,,,,,
margin,Jacksonville State,scientific_f2_m4,-13.000820450687423,132,0,False,False,,,,,,,,,,,
margin,New Mexico State,scientific_f2_m4,-14.594533915976335,133,0,False,False,,,,,,,,,,,
margin,Oklahoma State,scientific_f2_m4,-15.322472961283756,134,0,False,False,,,,,,,,,,,
margin,Georgia State,scientific_f2_m4,-17.219790716640127,135,0,False,False,,,,,,,,,,,
margin,Charlotte,scientific_f2_m4,-18.260644903677626,136,0,False,False,,,,,,,,,,,
margin,Sam Houston,scientific_f2_m4,-20.007096502322494,137,0,False,False,,,,,,,,,,,
margin,Massachusetts,scientific_f2_m4,-23.732251885527262,138,0,False,False,,,,,,,,,,,
margin,Vanderbilt,scientific_f2_m5,31.664012908935547,1,25,True,True,,,,,,,,,,,
margin,Notre Dame,scientific_f2_m5,31.153474807739258,2,24,True,False,,,,,,,,,,,
margin,Ohio State,scientific_f2_m5,30.177921295166016,3,23,True,False,,,,,,,,,,,
margin,Indiana,scientific_f2_m5,27.043018341064453,4,22,True,False,,,,,,,,,,,
margin,Oregon,scientific_f2_m5,25.429214477539062,5,21,True,False,,,,,,,,,,,
margin,Texas Tech,scientific_f2_m5,24.346811294555664,6,20,True,False,,,,,,,,,,,
margin,Miami,scientific_f2_m5,22.52564811706543,7,19,True,False,,,,,,,,,,,
margin,USC,scientific_f2_m5,21.479833602905273,8,18,True,False,,,,,,,,,,,
margin,Alabama,scientific_f2_m5,21.374290466308594,9,17,True,False,,,,,,,,,,,
margin,Texas A&M,scientific_f2_m5,20.39161491394043,10,16,True,False,,,,,,,,,,,
margin,Michigan,scientific_f2_m5,20.367490768432617,11,15,True,False,,,,,,,,,,,
margin,Utah,scientific_f2_m5,20.134309768676758,12,14,True,False,,,,,,,,,,,
margin,Texas,scientific_f2_m5,19.65015983581543,13,13,True,False,,,,,,,,,,,
margin,James Madison,scientific_f2_m5,19.405780792236328,14,12,True,False,,,,,,,,,,,
margin,Tennessee,scientific_f2_m5,19.34201431274414,15,11,True,False,,,,,,,,,,,
margin,Florida State,scientific_f2_m5,19.336938858032227,16,10,True,False,,,,,,,,,,,
margin,Georgia,scientific_f2_m5,18.088375091552734,17,9,True,False,,,,,,,,,,,
margin,Ole Miss,scientific_f2_m5,17.30406951904297,18,8,True,False,,,,,,,,,,,
margin,Missouri,scientific_f2_m5,17.16668701171875,19,7,True,False,,,,,,,,,,,
margin,SMU,scientific_f2_m5,16.711978912353516,20,6,True,False,,,,,,,,,,,
margin,Oklahoma,scientific_f2_m5,16.558429718017578,21,5,True,False,,,,,,,,,,,
margin,Washington,scientific_f2_m5,15.730233192443848,22,4,True,False,,,,,,,,,,,
margin,North Texas,scientific_f2_m5,15.163710594177246,23,3,True,False,,,,,,,,,,,
margin,North Carolina,scientific_f2_m5,14.613094329833984,24,2,True,False,,,,,,,,,,,
margin,Georgia Tech,scientific_f2_m5,14.555374145507812,25,1,True,False,,,,,,,,,,,
margin,South Florida,scientific_f2_m5,13.84217643737793,26,0,False,False,,,,,,,,,,,
margin,Clemson,scientific_f2_m5,13.278556823730469,27,0,False,False,,,,,,,,,,,
margin,Eastern Michigan,scientific_f2_m5,13.161781311035156,28,0,False,False,,,,,,,,,,,
margin,Nebraska,scientific_f2_m5,13.000372886657715,29,0,False,False,,,,,,,,,,,
margin,Arizona,scientific_f2_m5,12.786176681518555,30,0,False,False,,,,,,,,,,,
margin,Illinois,scientific_f2_m5,12.781769752502441,31,0,False,False,,,,,,,,,,,
margin,Louisville,scientific_f2_m5,12.63217544555664,32,0,False,False,,,,,,,,,,,
margin,Navy,scientific_f2_m5,12.411384582519531,33,0,False,False,,,,,,,,,,,
margin,Penn State,scientific_f2_m5,12.25987434387207,34,0,False,False,,,,,,,,,,,
margin,LSU,scientific_f2_m5,12.23642635345459,35,0,False,False,,,,,,,,,,,
margin,Memphis,scientific_f2_m5,12.207158088684082,36,0,False,False,,,,,,,,,,,
margin,South Carolina,scientific_f2_m5,11.871169090270996,37,0,False,False,,,,,,,,,,,
margin,Arkansas,scientific_f2_m5,10.146224975585938,38,0,False,False,,,,,,,,,,,
margin,Old Dominion,scientific_f2_m5,10.050065040588379,39,0,False,False,,,,,,,,,,,
margin,BYU,scientific_f2_m5,9.47230339050293,40,0,False,False,,,,,,,,,,,
margin,UConn,scientific_f2_m5,9.123218536376953,41,0,False,False,,,,,,,,,,,
margin,Kentucky,scientific_f2_m5,9.06210994720459,42,0,False,False,,,,,,,,,,,
margin,Kansas,scientific_f2_m5,8.937301635742188,43,0,False,False,,,,,,,,,,,
margin,Hawai'i,scientific_f2_m5,8.74576187133789,44,0,False,False,,,,,,,,,,,
margin,Duke,scientific_f2_m5,8.653850555419922,45,0,False,False,,,,,,,,,,,
margin,Wake Forest,scientific_f2_m5,8.112872123718262,46,0,False,False,,,,,,,,,,,
margin,Texas State,scientific_f2_m5,7.8382344245910645,47,0,False,False,,,,,,,,,,,
margin,Arizona State,scientific_f2_m5,7.7851948738098145,48,0,False,False,,,,,,,,,,,
margin,Boise State,scientific_f2_m5,7.754695892333984,49,0,False,False,,,,,,,,,,,
margin,Florida,scientific_f2_m5,7.483898162841797,50,0,False,False,,,,,,,,,,,
margin,UNLV,scientific_f2_m5,7.395702838897705,51,0,False,False,,,,,,,,,,,
margin,Baylor,scientific_f2_m5,7.2961745262146,52,0,False,False,,,,,,,,,,,
margin,East Carolina,scientific_f2_m5,7.083318710327148,53,0,False,False,,,,,,,,,,,
margin,Kansas State,scientific_f2_m5,6.649600028991699,54,0,False,False,,,,,,,,,,,
margin,Fresno State,scientific_f2_m5,6.507777214050293,55,0,False,False,,,,,,,,,,,
margin,New Mexico,scientific_f2_m5,6.379935264587402,56,0,False,False,,,,,,,,,,,
margin,TCU,scientific_f2_m5,6.077121734619141,57,0,False,False,,,,,,,,,,,
margin,Sacramento State,scientific_f2_m5,5.988011360168457,58,0,False,False,,,,,,,,,,,
margin,Minnesota,scientific_f2_m5,5.952094554901123,59,0,False,False,,,,,,,,,,,
margin,Florida International,scientific_f2_m5,5.9213433265686035,60,0,False,False,,,,,,,,,,,
margin,Pittsburgh,scientific_f2_m5,5.730612754821777,61,0,False,False,,,,,,,,,,,
margin,Western Kentucky,scientific_f2_m5,5.700235366821289,62,0,False,False,,,,,,,,,,,
margin,Tulane,scientific_f2_m5,5.07182502746582,63,0,False,False,,,,,,,,,,,
margin,UTSA,scientific_f2_m5,4.379909038543701,64,0,False,False,,,,,,,,,,,
margin,Iowa,scientific_f2_m5,4.284304141998291,65,0,False,False,,,,,,,,,,,
margin,Auburn,scientific_f2_m5,4.138030052185059,66,0,False,False,,,,,,,,,,,
margin,California,scientific_f2_m5,3.688718557357788,67,0,False,False,,,,,,,,,,,
margin,Toledo,scientific_f2_m5,3.352169990539551,68,0,False,False,,,,,,,,,,,
margin,Iowa State,scientific_f2_m5,3.2549495697021484,69,0,False,False,,,,,,,,,,,
margin,Utah State,scientific_f2_m5,3.2433087825775146,70,0,False,False,,,,,,,,,,,
margin,Virginia,scientific_f2_m5,2.923643112182617,71,0,False,False,,,,,,,,,,,
margin,Cincinnati,scientific_f2_m5,2.8397021293640137,72,0,False,False,,,,,,,,,,,
margin,West Virginia,scientific_f2_m5,2.5039961338043213,73,0,False,False,,,,,,,,,,,
margin,Ohio,scientific_f2_m5,2.487617015838623,74,0,False,False,,,,,,,,,,,
margin,Oregon State,scientific_f2_m5,2.11385178565979,75,0,False,False,,,,,,,,,,,
margin,Kennesaw State,scientific_f2_m5,1.9234046936035156,76,0,False,False,,,,,,,,,,,
margin,Delaware,scientific_f2_m5,1.7091407775878906,77,0,False,False,,,,,,,,,,,
margin,Louisiana Tech,scientific_f2_m5,1.6937377452850342,78,0,False,False,,,,,,,,,,,
margin,Miami (OH),scientific_f2_m5,1.6068429946899414,79,0,False,False,,,,,,,,,,,
margin,Liberty,scientific_f2_m5,1.1794335842132568,80,0,False,False,,,,,,,,,,,
margin,Virginia Tech,scientific_f2_m5,0.6303641200065613,81,0,False,False,,,,,,,,,,,
margin,Rutgers,scientific_f2_m5,0.2552317976951599,82,0,False,False,,,,,,,,,,,
margin,Bowling Green,scientific_f2_m5,0.10802584886550903,83,0,False,False,,,,,,,,,,,
margin,Marshall,scientific_f2_m5,-0.1684761643409729,84,0,False,False,,,,,,,,,,,
margin,Northwestern,scientific_f2_m5,-0.37672144174575806,85,0,False,False,,,,,,,,,,,
margin,Houston,scientific_f2_m5,-0.45229488611221313,86,0,False,False,,,,,,,,,,,
margin,Florida Atlantic,scientific_f2_m5,-0.4783807396888733,87,0,False,False,,,,,,,,,,,
margin,Maryland,scientific_f2_m5,-0.5069213509559631,88,0,False,False,,,,,,,,,,,
margin,North Dakota State,scientific_f2_m5,-1.7594566345214844,89,0,False,False,,,,,,,,,,,
margin,Mississippi State,scientific_f2_m5,-1.9891293048858643,90,0,False,False,,,,,,,,,,,
margin,App State,scientific_f2_m5,-2.8554162979125977,91,0,False,False,,,,,,,,,,,
margin,Southern Miss,scientific_f2_m5,-3.335291862487793,92,0,False,False,,,,,,,,,,,
margin,Syracuse,scientific_f2_m5,-3.4125070571899414,93,0,False,False,,,,,,,,,,,
margin,Akron,scientific_f2_m5,-3.4772043228149414,94,0,False,False,,,,,,,,,,,
margin,San Diego State,scientific_f2_m5,-3.685637950897217,95,0,False,False,,,,,,,,,,,
margin,Georgia Southern,scientific_f2_m5,-4.0195231437683105,96,0,False,False,,,,,,,,,,,
margin,Boston College,scientific_f2_m5,-4.073888301849365,97,0,False,False,,,,,,,,,,,
margin,Michigan State,scientific_f2_m5,-4.192776203155518,98,0,False,False,,,,,,,,,,,
margin,San José State,scientific_f2_m5,-4.299877643585205,99,0,False,False,,,,,,,,,,,
margin,Colorado,scientific_f2_m5,-4.300331115722656,100,0,False,False,,,,,,,,,,,
margin,South Alabama,scientific_f2_m5,-4.433789253234863,101,0,False,False,,,,,,,,,,,
margin,Western Michigan,scientific_f2_m5,-4.44832706451416,102,0,False,False,,,,,,,,,,,
margin,Stanford,scientific_f2_m5,-4.478832244873047,103,0,False,False,,,,,,,,,,,
margin,UCF,scientific_f2_m5,-4.560355186462402,104,0,False,False,,,,,,,,,,,
margin,Coastal Carolina,scientific_f2_m5,-4.943187236785889,105,0,False,False,,,,,,,,,,,
margin,Air Force,scientific_f2_m5,-5.0113019943237305,106,0,False,False,,,,,,,,,,,
margin,Louisiana,scientific_f2_m5,-5.3985185623168945,107,0,False,False,,,,,,,,,,,
margin,Washington State,scientific_f2_m5,-5.677408218383789,108,0,False,False,,,,,,,,,,,
margin,Army,scientific_f2_m5,-5.815560340881348,109,0,False,False,,,,,,,,,,,
margin,Tulsa,scientific_f2_m5,-6.113871097564697,110,0,False,False,,,,,,,,,,,
margin,Wisconsin,scientific_f2_m5,-6.903634071350098,111,0,False,False,,,,,,,,,,,
margin,UTEP,scientific_f2_m5,-7.116849899291992,112,0,False,False,,,,,,,,,,,
margin,UCLA,scientific_f2_m5,-7.139553070068359,113,0,False,False,,,,,,,,,,,
margin,Purdue,scientific_f2_m5,-7.6480712890625,114,0,False,False,,,,,,,,,,,
margin,Troy,scientific_f2_m5,-7.782788276672363,115,0,False,False,,,,,,,,,,,
margin,Central Michigan,scientific_f2_m5,-7.8644819259643555,116,0,False,False,,,,,,,,,,,
margin,Arkansas State,scientific_f2_m5,-8.1459379196167,117,0,False,False,,,,,,,,,,,
margin,Missouri State,scientific_f2_m5,-8.494538307189941,118,0,False,False,,,,,,,,,,,
margin,Northern Illinois,scientific_f2_m5,-9.37304401397705,119,0,False,False,,,,,,,,,,,
margin,Nevada,scientific_f2_m5,-10.348604202270508,120,0,False,False,,,,,,,,,,,
margin,Buffalo,scientific_f2_m5,-10.394156455993652,121,0,False,False,,,,,,,,,,,
margin,Temple,scientific_f2_m5,-11.006574630737305,122,0,False,False,,,,,,,,,,,
margin,Middle Tennessee,scientific_f2_m5,-11.287673950195312,123,0,False,False,,,,,,,,,,,
margin,Oklahoma State,scientific_f2_m5,-11.559057235717773,124,0,False,False,,,,,,,,,,,
margin,Kent State,scientific_f2_m5,-12.576951026916504,125,0,False,False,,,,,,,,,,,
margin,Georgia State,scientific_f2_m5,-13.269306182861328,126,0,False,False,,,,,,,,,,,
margin,UAB,scientific_f2_m5,-13.38045883178711,127,0,False,False,,,,,,,,,,,
margin,Wyoming,scientific_f2_m5,-13.824419975280762,128,0,False,False,,,,,,,,,,,
margin,Colorado State,scientific_f2_m5,-13.892605781555176,129,0,False,False,,,,,,,,,,,
margin,UL Monroe,scientific_f2_m5,-14.447654724121094,130,0,False,False,,,,,,,,,,,
margin,NC State,scientific_f2_m5,-15.026017189025879,131,0,False,False,,,,,,,,,,,
margin,Ball State,scientific_f2_m5,-15.569745063781738,132,0,False,False,,,,,,,,,,,
margin,Jacksonville State,scientific_f2_m5,-16.055675506591797,133,0,False,False,,,,,,,,,,,
margin,New Mexico State,scientific_f2_m5,-16.319028854370117,134,0,False,False,,,,,,,,,,,
margin,Charlotte,scientific_f2_m5,-16.462116241455078,135,0,False,False,,,,,,,,,,,
margin,Rice,scientific_f2_m5,-16.504344940185547,136,0,False,False,,,,,,,,,,,
margin,Sam Houston,scientific_f2_m5,-23.208093643188477,137,0,False,False,,,,,,,,,,,
margin,Massachusetts,scientific_f2_m5,-26.0450382232666,138,0,False,False,,,,,,,,,,,
margin,Virginia,scientific_f2_m10,22.929369989501687,1,25,True,True,,,,,,,,,,,
margin,USC,scientific_f2_m10,16.396451867393452,2,24,True,False,,,,,,,,,,,
margin,North Dakota State,scientific_f2_m10,14.060297788675214,3,23,True,False,,,,,,,,,,,
margin,Texas Tech,scientific_f2_m10,13.671002278960023,4,22,True,False,,,,,,,,,,,
margin,Ohio State,scientific_f2_m10,12.41648391430086,5,21,True,False,,,,,,,,,,,
margin,Eastern Michigan,scientific_f2_m10,10.29975701651737,6,20,True,False,,,,,,,,,,,
margin,Memphis,scientific_f2_m10,9.846047056367713,7,19,True,False,,,,,,,,,,,
margin,Notre Dame,scientific_f2_m10,9.70776399216865,8,18,True,False,,,,,,,,,,,
margin,Miami,scientific_f2_m10,9.253511866846987,9,17,True,False,,,,,,,,,,,
margin,Indiana,scientific_f2_m10,9.106419675817877,10,16,True,False,,,,,,,,,,,
margin,Vanderbilt,scientific_f2_m10,7.308416772111061,11,15,True,False,,,,,,,,,,,
margin,UNLV,scientific_f2_m10,6.603962249522832,12,14,True,False,,,,,,,,,,,
margin,Oregon,scientific_f2_m10,6.602021097079448,13,13,True,False,,,,,,,,,,,
margin,Tennessee,scientific_f2_m10,6.26604958276837,14,12,True,False,,,,,,,,,,,
margin,North Carolina,scientific_f2_m10,4.998990740661163,15,11,True,False,,,,,,,,,,,
margin,Toledo,scientific_f2_m10,4.987208799647756,16,10,True,False,,,,,,,,,,,
margin,Hawai'i,scientific_f2_m10,4.917370103190876,17,9,True,False,,,,,,,,,,,
margin,Georgia Tech,scientific_f2_m10,4.910545083790457,18,8,True,False,,,,,,,,,,,
margin,North Texas,scientific_f2_m10,4.734974496355315,19,7,True,False,,,,,,,,,,,
margin,Florida State,scientific_f2_m10,4.710656755110116,20,6,True,False,,,,,,,,,,,
margin,South Florida,scientific_f2_m10,4.516590022749048,21,5,True,False,,,,,,,,,,,
margin,TCU,scientific_f2_m10,4.506258592461119,22,4,True,False,,,,,,,,,,,
margin,Washington,scientific_f2_m10,4.199388387017951,23,3,True,False,,,,,,,,,,,
margin,Georgia,scientific_f2_m10,3.950519214318042,24,2,True,False,,,,,,,,,,,
margin,James Madison,scientific_f2_m10,3.774629407909732,25,1,True,False,,,,,,,,,,,
margin,Texas A&M,scientific_f2_m10,3.748613472333357,26,0,False,False,,,,,,,,,,,
margin,Ole Miss,scientific_f2_m10,3.568931213317448,27,0,False,False,,,,,,,,,,,
margin,Texas State,scientific_f2_m10,2.6986840305037543,28,0,False,False,,,,,,,,,,,
margin,Utah,scientific_f2_m10,2.6534155397547434,29,0,False,False,,,,,,,,,,,
margin,Alabama,scientific_f2_m10,2.4894390514020004,30,0,False,False,,,,,,,,,,,
margin,Sacramento State,scientific_f2_m10,2.0994773215879947,31,0,False,False,,,,,,,,,,,
margin,New Mexico,scientific_f2_m10,2.021257373301965,32,0,False,False,,,,,,,,,,,
margin,Louisville,scientific_f2_m10,1.9626123463703005,33,0,False,False,,,,,,,,,,,
margin,Old Dominion,scientific_f2_m10,1.8327579241663465,34,0,False,False,,,,,,,,,,,
margin,Stanford,scientific_f2_m10,1.7734429540332983,35,0,False,False,,,,,,,,,,,
margin,Arizona,scientific_f2_m10,1.7025270898508686,36,0,False,False,,,,,,,,,,,
margin,East Carolina,scientific_f2_m10,1.5278686346398496,37,0,False,False,,,,,,,,,,,
margin,Arkansas,scientific_f2_m10,1.2153372356321956,38,0,False,False,,,,,,,,,,,
margin,NC State,scientific_f2_m10,1.0676451718501563,39,0,False,False,,,,,,,,,,,
margin,Missouri,scientific_f2_m10,0.6936999286005104,40,0,False,False,,,,,,,,,,,
margin,Oklahoma,scientific_f2_m10,0.6030777155963707,41,0,False,False,,,,,,,,,,,
margin,Wake Forest,scientific_f2_m10,0.3648933497409688,42,0,False,False,,,,,,,,,,,
margin,Jacksonville State,scientific_f2_m10,0.30675375133445776,43,0,False,False,,,,,,,,,,,
margin,Clemson,scientific_f2_m10,0.2857794945355206,44,0,False,False,,,,,,,,,,,
margin,UCF,scientific_f2_m10,0.2706034442961104,45,0,False,False,,,,,,,,,,,
margin,Fresno State,scientific_f2_m10,-0.12022969897655807,46,0,False,False,,,,,,,,,,,
margin,Illinois,scientific_f2_m10,-0.28462648600067464,47,0,False,False,,,,,,,,,,,
margin,Tulane,scientific_f2_m10,-0.2934992570812546,48,0,False,False,,,,,,,,,,,
margin,Boise State,scientific_f2_m10,-0.40397733472445263,49,0,False,False,,,,,,,,,,,
margin,Texas,scientific_f2_m10,-0.4538113128398684,50,0,False,False,,,,,,,,,,,
margin,Central Michigan,scientific_f2_m10,-0.6693142424470666,51,0,False,False,,,,,,,,,,,
margin,Virginia Tech,scientific_f2_m10,-0.7576261960276113,52,0,False,False,,,,,,,,,,,
margin,San Diego State,scientific_f2_m10,-0.8962223283319304,53,0,False,False,,,,,,,,,,,
margin,BYU,scientific_f2_m10,-1.0664736876941323,54,0,False,False,,,,,,,,,,,
margin,South Carolina,scientific_f2_m10,-1.2270357356679829,55,0,False,False,,,,,,,,,,,
margin,Louisiana Tech,scientific_f2_m10,-1.256942034331826,56,0,False,False,,,,,,,,,,,
margin,Pittsburgh,scientific_f2_m10,-1.3853323348261697,57,0,False,False,,,,,,,,,,,
margin,UTSA,scientific_f2_m10,-1.4340483117948941,58,0,False,False,,,,,,,,,,,
margin,Southern Miss,scientific_f2_m10,-1.4378454505057965,59,0,False,False,,,,,,,,,,,
margin,Marshall,scientific_f2_m10,-1.6565979643735367,60,0,False,False,,,,,,,,,,,
margin,Kennesaw State,scientific_f2_m10,-1.7089193000707772,61,0,False,False,,,,,,,,,,,
margin,Michigan,scientific_f2_m10,-2.0413146795862342,62,0,False,False,,,,,,,,,,,
margin,Florida International,scientific_f2_m10,-2.05416416358033,63,0,False,False,,,,,,,,,,,
margin,South Alabama,scientific_f2_m10,-2.160206680973129,64,0,False,False,,,,,,,,,,,
margin,Penn State,scientific_f2_m10,-2.1811800715139142,65,0,False,False,,,,,,,,,,,
margin,Kansas State,scientific_f2_m10,-2.1930210562766135,66,0,False,False,,,,,,,,,,,
margin,Miami (OH),scientific_f2_m10,-2.302666657865892,67,0,False,False,,,,,,,,,,,
margin,Iowa,scientific_f2_m10,-2.308493319526196,68,0,False,False,,,,,,,,,,,
margin,Utah State,scientific_f2_m10,-2.313056651323941,69,0,False,False,,,,,,,,,,,
margin,Mississippi State,scientific_f2_m10,-2.363467827638068,70,0,False,False,,,,,,,,,,,
margin,SMU,scientific_f2_m10,-2.5127326664517526,71,0,False,False,,,,,,,,,,,
margin,Arizona State,scientific_f2_m10,-2.575179072037143,72,0,False,False,,,,,,,,,,,
margin,Auburn,scientific_f2_m10,-2.5756671215875078,73,0,False,False,,,,,,,,,,,
margin,Cincinnati,scientific_f2_m10,-2.6242994423617425,74,0,False,False,,,,,,,,,,,
margin,Western Kentucky,scientific_f2_m10,-2.7025190715179077,75,0,False,False,,,,,,,,,,,
margin,Iowa State,scientific_f2_m10,-2.751707621465333,76,0,False,False,,,,,,,,,,,
margin,Western Michigan,scientific_f2_m10,-2.8648352347157386,77,0,False,False,,,,,,,,,,,
margin,Navy,scientific_f2_m10,-2.92272751742919,78,0,False,False,,,,,,,,,,,
margin,Nebraska,scientific_f2_m10,-2.93046245381858,79,0,False,False,,,,,,,,,,,
margin,Ohio,scientific_f2_m10,-2.9676711014567125,80,0,False,False,,,,,,,,,,,
margin,Duke,scientific_f2_m10,-3.128466329369345,81,0,False,False,,,,,,,,,,,
margin,Houston,scientific_f2_m10,-3.168206340370675,82,0,False,False,,,,,,,,,,,
margin,West Virginia,scientific_f2_m10,-3.338676457950117,83,0,False,False,,,,,,,,,,,
margin,LSU,scientific_f2_m10,-3.5949850265230543,84,0,False,False,,,,,,,,,,,
margin,Nevada,scientific_f2_m10,-3.6557918372707636,85,0,False,False,,,,,,,,,,,
margin,UConn,scientific_f2_m10,-4.142891977975373,86,0,False,False,,,,,,,,,,,
margin,Army,scientific_f2_m10,-4.258039629081933,87,0,False,False,,,,,,,,,,,
margin,Kansas,scientific_f2_m10,-4.435035885813319,88,0,False,False,,,,,,,,,,,
margin,Coastal Carolina,scientific_f2_m10,-4.443865921830963,89,0,False,False,,,,,,,,,,,
margin,Liberty,scientific_f2_m10,-4.506838449604071,90,0,False,False,,,,,,,,,,,
margin,Bowling Green,scientific_f2_m10,-4.70411003465885,91,0,False,False,,,,,,,,,,,
margin,Maryland,scientific_f2_m10,-4.886883626938695,92,0,False,False,,,,,,,,,,,
margin,Georgia State,scientific_f2_m10,-5.152345619730685,93,0,False,False,,,,,,,,,,,
margin,Georgia Southern,scientific_f2_m10,-5.3644102717130835,94,0,False,False,,,,,,,,,,,
margin,Florida,scientific_f2_m10,-5.684337180232386,95,0,False,False,,,,,,,,,,,
margin,Colorado State,scientific_f2_m10,-6.167449568974945,96,0,False,False,,,,,,,,,,,
margin,Wisconsin,scientific_f2_m10,-6.356365474357555,97,0,False,False,,,,,,,,,,,
margin,Northwestern,scientific_f2_m10,-6.389316970912482,98,0,False,False,,,,,,,,,,,
margin,Kentucky,scientific_f2_m10,-6.540281453497741,99,0,False,False,,,,,,,,,,,
margin,Louisiana,scientific_f2_m10,-6.869908127477345,100,0,False,False,,,,,,,,,,,
margin,New Mexico State,scientific_f2_m10,-6.894565016649227,101,0,False,False,,,,,,,,,,,
margin,Purdue,scientific_f2_m10,-7.309020521719001,102,0,False,False,,,,,,,,,,,
margin,Baylor,scientific_f2_m10,-7.337187634056003,103,0,False,False,,,,,,,,,,,
margin,Florida Atlantic,scientific_f2_m10,-7.43925052362458,104,0,False,False,,,,,,,,,,,
margin,Charlotte,scientific_f2_m10,-7.474815937599832,105,0,False,False,,,,,,,,,,,
margin,Missouri State,scientific_f2_m10,-7.648547995606075,106,0,False,False,,,,,,,,,,,
margin,UTEP,scientific_f2_m10,-7.817992337481365,107,0,False,False,,,,,,,,,,,
margin,Minnesota,scientific_f2_m10,-8.014858845482582,108,0,False,False,,,,,,,,,,,
margin,Michigan State,scientific_f2_m10,-8.054565906322116,109,0,False,False,,,,,,,,,,,
margin,UCLA,scientific_f2_m10,-8.158764811320394,110,0,False,False,,,,,,,,,,,
margin,Middle Tennessee,scientific_f2_m10,-8.270666719547838,111,0,False,False,,,,,,,,,,,
margin,Oregon State,scientific_f2_m10,-8.361503677981633,112,0,False,False,,,,,,,,,,,
margin,Rutgers,scientific_f2_m10,-8.564624621696874,113,0,False,False,,,,,,,,,,,
margin,Air Force,scientific_f2_m10,-8.639234753901405,114,0,False,False,,,,,,,,,,,
margin,Washington State,scientific_f2_m10,-8.846153297467232,115,0,False,False,,,,,,,,,,,
margin,California,scientific_f2_m10,-9.106902511437058,116,0,False,False,,,,,,,,,,,
margin,Tulsa,scientific_f2_m10,-9.130295993538832,117,0,False,False,,,,,,,,,,,
margin,Syracuse,scientific_f2_m10,-9.394850735152687,118,0,False,False,,,,,,,,,,,
margin,Kent State,scientific_f2_m10,-9.43320341907918,119,0,False,False,,,,,,,,,,,
margin,Delaware,scientific_f2_m10,-9.56100180845008,120,0,False,False,,,,,,,,,,,
margin,Akron,scientific_f2_m10,-9.618698717657495,121,0,False,False,,,,,,,,,,,
margin,Northern Illinois,scientific_f2_m10,-9.902823451599684,122,0,False,False,,,,,,,,,,,
margin,UAB,scientific_f2_m10,-10.016428506511891,123,0,False,False,,,,,,,,,,,
margin,San José State,scientific_f2_m10,-10.086421600446599,124,0,False,False,,,,,,,,,,,
margin,Boston College,scientific_f2_m10,-10.228824830015522,125,0,False,False,,,,,,,,,,,
margin,Colorado,scientific_f2_m10,-10.293070561460443,126,0,False,False,,,,,,,,,,,
margin,Arkansas State,scientific_f2_m10,-10.365247065287239,127,0,False,False,,,,,,,,,,,
margin,App State,scientific_f2_m10,-10.601278662979553,128,0,False,False,,,,,,,,,,,
margin,Rice,scientific_f2_m10,-11.078405122676829,129,0,False,False,,,,,,,,,,,
margin,Wyoming,scientific_f2_m10,-11.331513485190296,130,0,False,False,,,,,,,,,,,
margin,Troy,scientific_f2_m10,-11.583100469541701,131,0,False,False,,,,,,,,,,,
margin,Temple,scientific_f2_m10,-12.517414125664727,132,0,False,False,,,,,,,,,,,
margin,Oklahoma State,scientific_f2_m10,-12.730385557492053,133,0,False,False,,,,,,,,,,,
margin,Buffalo,scientific_f2_m10,-12.92634977156516,134,0,False,False,,,,,,,,,,,
margin,UL Monroe,scientific_f2_m10,-13.244582075379604,135,0,False,False,,,,,,,,,,,
margin,Sam Houston,scientific_f2_m10,-13.253319865448763,136,0,False,False,,,,,,,,,,,
margin,Massachusetts,scientific_f2_m10,-13.345429535765032,137,0,False,False,,,,,,,,,,,
margin,Ball State,scientific_f2_m10,-14.584311997533748,138,0,False,False,,,,,,,,,,,
margin,North Carolina,scientific_f3_m1,31.953921223999686,1,25,True,True,,,,,,,,,,,
margin,Oregon,scientific_f3_m1,27.486822640447805,2,24,True,False,,,,,,,,,,,
margin,Ole Miss,scientific_f3_m1,24.51046307573621,3,23,True,False,,,,,,,,,,,
margin,Notre Dame,scientific_f3_m1,22.854653196100372,4,22,True,False,,,,,,,,,,,
margin,Indiana,scientific_f3_m1,21.626152137497286,5,21,True,False,,,,,,,,,,,
margin,Memphis,scientific_f3_m1,21.311200550614643,6,20,True,False,,,,,,,,,,,
margin,Ohio State,scientific_f3_m1,21.170525353296703,7,19,True,False,,,,,,,,,,,
margin,Alabama,scientific_f3_m1,21.08549979816322,8,18,True,False,,,,,,,,,,,
margin,Clemson,scientific_f3_m1,18.645799647680818,9,17,True,False,,,,,,,,,,,
margin,Georgia,scientific_f3_m1,16.644363507643334,10,16,True,False,,,,,,,,,,,
margin,Boise State,scientific_f3_m1,16.554703478042644,11,15,True,False,,,,,,,,,,,
margin,East Carolina,scientific_f3_m1,16.453278407353906,12,14,True,False,,,,,,,,,,,
margin,LSU,scientific_f3_m1,16.05424701666115,13,13,True,False,,,,,,,,,,,
margin,Miami,scientific_f3_m1,15.947705848111118,14,12,True,False,,,,,,,,,,,
margin,Louisville,scientific_f3_m1,15.195924063267364,15,11,True,False,,,,,,,,,,,
margin,TCU,scientific_f3_m1,15.133762528096524,16,10,True,False,,,,,,,,,,,
margin,Texas,scientific_f3_m1,14.821678420301584,17,9,True,False,,,,,,,,,,,
margin,North Texas,scientific_f3_m1,14.62244100406144,18,8,True,False,,,,,,,,,,,
margin,Washington,scientific_f3_m1,13.529974393680101,19,7,True,False,,,,,,,,,,,
margin,USC,scientific_f3_m1,13.364753141459724,20,6,True,False,,,,,,,,,,,
margin,UNLV,scientific_f3_m1,13.354649454225557,21,5,True,False,,,,,,,,,,,
margin,Eastern Michigan,scientific_f3_m1,12.340869817464576,22,4,True,False,,,,,,,,,,,
margin,Michigan,scientific_f3_m1,12.164352433109798,23,3,True,False,,,,,,,,,,,
margin,Texas Tech,scientific_f3_m1,11.21131302324443,24,2,True,False,,,,,,,,,,,
margin,SMU,scientific_f3_m1,10.92276894678707,25,1,True,False,,,,,,,,,,,
margin,Texas A&M,scientific_f3_m1,10.77805649384874,26,0,False,False,,,,,,,,,,,
margin,Penn State,scientific_f3_m1,10.735078936465097,27,0,False,False,,,,,,,,,,,
margin,Virginia,scientific_f3_m1,9.975918574776326,28,0,False,False,,,,,,,,,,,
margin,Texas State,scientific_f3_m1,8.57067470703655,29,0,False,False,,,,,,,,,,,
margin,Duke,scientific_f3_m1,8.274908536814818,30,0,False,False,,,,,,,,,,,
margin,Florida State,scientific_f3_m1,8.0266933471996,31,0,False,False,,,,,,,,,,,
margin,Tulane,scientific_f3_m1,7.984200416480033,32,0,False,False,,,,,,,,,,,
margin,NC State,scientific_f3_m1,7.9590048923608006,33,0,False,False,,,,,,,,,,,
margin,James Madison,scientific_f3_m1,7.411894672173477,34,0,False,False,,,,,,,,,,,
margin,Western Michigan,scientific_f3_m1,7.235947306735209,35,0,False,False,,,,,,,,,,,
margin,Auburn,scientific_f3_m1,6.773154197788519,36,0,False,False,,,,,,,,,,,
margin,Tennessee,scientific_f3_m1,6.70666845736847,37,0,False,False,,,,,,,,,,,
margin,Oklahoma,scientific_f3_m1,6.490872084003476,38,0,False,False,,,,,,,,,,,
margin,Nebraska,scientific_f3_m1,6.177095749914227,39,0,False,False,,,,,,,,,,,
margin,Missouri,scientific_f3_m1,5.492968837610608,40,0,False,False,,,,,,,,,,,
margin,Wisconsin,scientific_f3_m1,5.354832577822053,41,0,False,False,,,,,,,,,,,
margin,BYU,scientific_f3_m1,5.192497607461054,42,0,False,False,,,,,,,,,,,
margin,Hawai'i,scientific_f3_m1,4.983393842762763,43,0,False,False,,,,,,,,,,,
margin,Utah,scientific_f3_m1,4.978473054902217,44,0,False,False,,,,,,,,,,,
margin,Pittsburgh,scientific_f3_m1,4.411704217616885,45,0,False,False,,,,,,,,,,,
margin,Toledo,scientific_f3_m1,4.1075878886019375,46,0,False,False,,,,,,,,,,,
margin,Georgia Tech,scientific_f3_m1,3.806980564422566,47,0,False,False,,,,,,,,,,,
margin,Fresno State,scientific_f3_m1,3.7524906386795163,48,0,False,False,,,,,,,,,,,
margin,Marshall,scientific_f3_m1,3.6713709424911922,49,0,False,False,,,,,,,,,,,
margin,Arizona,scientific_f3_m1,3.2708641695023504,50,0,False,False,,,,,,,,,,,
margin,Iowa,scientific_f3_m1,3.1565613625185476,51,0,False,False,,,,,,,,,,,
margin,Miami (OH),scientific_f3_m1,3.10164139669394,52,0,False,False,,,,,,,,,,,
margin,South Florida,scientific_f3_m1,2.792202278896503,53,0,False,False,,,,,,,,,,,
margin,Vanderbilt,scientific_f3_m1,2.691511640689093,54,0,False,False,,,,,,,,,,,
margin,Stanford,scientific_f3_m1,2.314594522529111,55,0,False,False,,,,,,,,,,,
margin,Washington State,scientific_f3_m1,1.9008150906251124,56,0,False,False,,,,,,,,,,,
margin,Baylor,scientific_f3_m1,1.2907115068348345,57,0,False,False,,,,,,,,,,,
margin,Sacramento State,scientific_f3_m1,-0.20868429322164594,58,0,False,False,,,,,,,,,,,
margin,Liberty,scientific_f3_m1,-0.29202407612724457,59,0,False,False,,,,,,,,,,,
margin,California,scientific_f3_m1,-0.6906442894471239,60,0,False,False,,,,,,,,,,,
margin,Illinois,scientific_f3_m1,-1.0979248145475022,61,0,False,False,,,,,,,,,,,
margin,Iowa State,scientific_f3_m1,-1.1997354286494222,62,0,False,False,,,,,,,,,,,
margin,Ohio,scientific_f3_m1,-1.3173680853758363,63,0,False,False,,,,,,,,,,,
margin,Cincinnati,scientific_f3_m1,-1.3238692558396483,64,0,False,False,,,,,,,,,,,
margin,Houston,scientific_f3_m1,-1.7063113812302397,65,0,False,False,,,,,,,,,,,
margin,South Carolina,scientific_f3_m1,-3.0759696117370847,66,0,False,False,,,,,,,,,,,
margin,Florida,scientific_f3_m1,-3.2198847857457737,67,0,False,False,,,,,,,,,,,
margin,Ball State,scientific_f3_m1,-3.3891311838434017,68,0,False,False,,,,,,,,,,,
margin,Boston College,scientific_f3_m1,-3.7415456884487135,69,0,False,False,,,,,,,,,,,
margin,Missouri State,scientific_f3_m1,-4.065530208641391,70,0,False,False,,,,,,,,,,,
margin,Jacksonville State,scientific_f3_m1,-4.128755493782959,71,0,False,False,,,,,,,,,,,
margin,North Dakota State,scientific_f3_m1,-4.184302102036666,72,0,False,False,,,,,,,,,,,
margin,San Diego State,scientific_f3_m1,-4.418960666953742,73,0,False,False,,,,,,,,,,,
margin,Colorado,scientific_f3_m1,-4.648955444655357,74,0,False,False,,,,,,,,,,,
margin,Kansas,scientific_f3_m1,-5.129940201771564,75,0,False,False,,,,,,,,,,,
margin,Wake Forest,scientific_f3_m1,-5.439417912166094,76,0,False,False,,,,,,,,,,,
margin,UConn,scientific_f3_m1,-5.463772180357706,77,0,False,False,,,,,,,,,,,
margin,Minnesota,scientific_f3_m1,-5.546314933264821,78,0,False,False,,,,,,,,,,,
margin,West Virginia,scientific_f3_m1,-5.554427559514716,79,0,False,False,,,,,,,,,,,
margin,Old Dominion,scientific_f3_m1,-5.57994248067852,80,0,False,False,,,,,,,,,,,
margin,Kentucky,scientific_f3_m1,-5.695930153037933,81,0,False,False,,,,,,,,,,,
margin,Michigan State,scientific_f3_m1,-5.777411893599341,82,0,False,False,,,,,,,,,,,
margin,UTSA,scientific_f3_m1,-5.86367804225441,83,0,False,False,,,,,,,,,,,
margin,New Mexico,scientific_f3_m1,-5.915387297997556,84,0,False,False,,,,,,,,,,,
margin,Northwestern,scientific_f3_m1,-6.4492471903094,85,0,False,False,,,,,,,,,,,
margin,Arkansas,scientific_f3_m1,-6.6996564347889045,86,0,False,False,,,,,,,,,,,
margin,UTEP,scientific_f3_m1,-6.709862811108122,87,0,False,False,,,,,,,,,,,
margin,Arkansas State,scientific_f3_m1,-6.724994391126263,88,0,False,False,,,,,,,,,,,
margin,Oregon State,scientific_f3_m1,-7.31182013554157,89,0,False,False,,,,,,,,,,,
margin,Kansas State,scientific_f3_m1,-7.605078982184519,90,0,False,False,,,,,,,,,,,
margin,Arizona State,scientific_f3_m1,-7.783146851076793,91,0,False,False,,,,,,,,,,,
margin,Maryland,scientific_f3_m1,-8.091453296834233,92,0,False,False,,,,,,,,,,,
margin,Central Michigan,scientific_f3_m1,-8.290709158352344,93,0,False,False,,,,,,,,,,,
margin,Kennesaw State,scientific_f3_m1,-8.485993521083106,94,0,False,False,,,,,,,,,,,
margin,San José State,scientific_f3_m1,-8.79654267688927,95,0,False,False,,,,,,,,,,,
margin,Florida International,scientific_f3_m1,-8.80415317715547,96,0,False,False,,,,,,,,,,,
margin,UCLA,scientific_f3_m1,-8.896919570426773,97,0,False,False,,,,,,,,,,,
margin,Florida Atlantic,scientific_f3_m1,-8.958674563717201,98,0,False,False,,,,,,,,,,,
margin,Northern Illinois,scientific_f3_m1,-9.037482145119895,99,0,False,False,,,,,,,,,,,
margin,Western Kentucky,scientific_f3_m1,-9.147813760370044,100,0,False,False,,,,,,,,,,,
margin,Army,scientific_f3_m1,-9.222128403021694,101,0,False,False,,,,,,,,,,,
margin,Mississippi State,scientific_f3_m1,-9.98027233883847,102,0,False,False,,,,,,,,,,,
margin,UCF,scientific_f3_m1,-11.330533825343512,103,0,False,False,,,,,,,,,,,
margin,Troy,scientific_f3_m1,-12.068103605438202,104,0,False,False,,,,,,,,,,,
margin,Akron,scientific_f3_m1,-12.211199194329707,105,0,False,False,,,,,,,,,,,
margin,Coastal Carolina,scientific_f3_m1,-12.666510158925368,106,0,False,False,,,,,,,,,,,
margin,Kent State,scientific_f3_m1,-12.701992495349346,107,0,False,False,,,,,,,,,,,
margin,UAB,scientific_f3_m1,-12.956198690856821,108,0,False,False,,,,,,,,,,,
margin,Bowling Green,scientific_f3_m1,-13.014326275692335,109,0,False,False,,,,,,,,,,,
margin,Navy,scientific_f3_m1,-13.04283491484557,110,0,False,False,,,,,,,,,,,
margin,Louisiana Tech,scientific_f3_m1,-13.392722122144063,111,0,False,False,,,,,,,,,,,
margin,Rutgers,scientific_f3_m1,-13.471413426949871,112,0,False,False,,,,,,,,,,,
margin,Buffalo,scientific_f3_m1,-13.499737392388012,113,0,False,False,,,,,,,,,,,
margin,Delaware,scientific_f3_m1,-13.817741711530969,114,0,False,False,,,,,,,,,,,
margin,Utah State,scientific_f3_m1,-14.104664726158115,115,0,False,False,,,,,,,,,,,
margin,Virginia Tech,scientific_f3_m1,-14.3984837272468,116,0,False,False,,,,,,,,,,,
margin,Georgia Southern,scientific_f3_m1,-14.896528661596141,117,0,False,False,,,,,,,,,,,
margin,Syracuse,scientific_f3_m1,-14.94921073714323,118,0,False,False,,,,,,,,,,,
margin,Southern Miss,scientific_f3_m1,-15.074842808951589,119,0,False,False,,,,,,,,,,,
margin,App State,scientific_f3_m1,-15.44626424610737,120,0,False,False,,,,,,,,,,,
margin,Tulsa,scientific_f3_m1,-15.568833859857358,121,0,False,False,,,,,,,,,,,
margin,Colorado State,scientific_f3_m1,-16.08571265975042,122,0,False,False,,,,,,,,,,,
margin,Wyoming,scientific_f3_m1,-16.837884553649417,123,0,False,False,,,,,,,,,,,
margin,Air Force,scientific_f3_m1,-16.89742143610693,124,0,False,False,,,,,,,,,,,
margin,Purdue,scientific_f3_m1,-17.09111461928228,125,0,False,False,,,,,,,,,,,
margin,Temple,scientific_f3_m1,-17.25010511146271,126,0,False,False,,,,,,,,,,,
margin,Nevada,scientific_f3_m1,-17.64347554275298,127,0,False,False,,,,,,,,,,,
margin,Louisiana,scientific_f3_m1,-17.93820714412712,128,0,False,False,,,,,,,,,,,
margin,South Alabama,scientific_f3_m1,-19.194629960616574,129,0,False,False,,,,,,,,,,,
margin,Oklahoma State,scientific_f3_m1,-20.037967137394055,130,0,False,False,,,,,,,,,,,
margin,UL Monroe,scientific_f3_m1,-20.95616886046834,131,0,False,False,,,,,,,,,,,
margin,Sam Houston,scientific_f3_m1,-21.499104958817732,132,0,False,False,,,,,,,,,,,
margin,Middle Tennessee,scientific_f3_m1,-22.28168660208309,133,0,False,False,,,,,,,,,,,
margin,New Mexico State,scientific_f3_m1,-22.64582787232591,134,0,False,False,,,,,,,,,,,
margin,Georgia State,scientific_f3_m1,-23.175105134307444,135,0,False,False,,,,,,,,,,,
margin,Rice,scientific_f3_m1,-25.137348712036278,136,0,False,False,,,,,,,,,,,
margin,Charlotte,scientific_f3_m1,-27.76226880321849,137,0,False,False,,,,,,,,,,,
margin,Massachusetts,scientific_f3_m1,-29.737186673858005,138,0,False,False,,,,,,,,,,,
margin,Oregon,scientific_f3_m2,32.713161368139126,1,25,True,True,,,,,,,,,,,
margin,Notre Dame,scientific_f3_m2,28.988141880541665,2,24,True,False,,,,,,,,,,,
margin,Indiana,scientific_f3_m2,28.473384876949392,3,23,True,False,,,,,,,,,,,
margin,North Carolina,scientific_f3_m2,28.258244468128435,4,22,True,False,,,,,,,,,,,
margin,Alabama,scientific_f3_m2,27.47919711268087,5,21,True,False,,,,,,,,,,,
margin,Ole Miss,scientific_f3_m2,27.44232006378127,6,20,True,False,,,,,,,,,,,
margin,Ohio State,scientific_f3_m2,26.361036824343334,7,19,True,False,,,,,,,,,,,
margin,Miami,scientific_f3_m2,24.100137091451362,8,18,True,False,,,,,,,,,,,
margin,Texas,scientific_f3_m2,22.125878102791884,9,17,True,False,,,,,,,,,,,
margin,Georgia,scientific_f3_m2,21.898138185828845,10,16,True,False,,,,,,,,,,,
margin,Memphis,scientific_f3_m2,21.30749786427734,11,15,True,False,,,,,,,,,,,
margin,Virginia,scientific_f3_m2,20.558294627167246,12,14,True,False,,,,,,,,,,,
margin,Washington,scientific_f3_m2,20.524526875624904,13,13,True,False,,,,,,,,,,,
margin,Texas Tech,scientific_f3_m2,20.39408261251207,14,12,True,False,,,,,,,,,,,
margin,Clemson,scientific_f3_m2,19.77511828741374,15,11,True,False,,,,,,,,,,,
margin,Michigan,scientific_f3_m2,19.76211139829166,16,10,True,False,,,,,,,,,,,
margin,Texas A&M,scientific_f3_m2,19.4831453983654,17,9,True,False,,,,,,,,,,,
margin,SMU,scientific_f3_m2,18.458422948484024,18,8,True,False,,,,,,,,,,,
margin,Penn State,scientific_f3_m2,18.067062066690884,19,7,True,False,,,,,,,,,,,
margin,LSU,scientific_f3_m2,17.8048703028022,20,6,True,False,,,,,,,,,,,
margin,North Texas,scientific_f3_m2,17.05606966952937,21,5,True,False,,,,,,,,,,,
margin,Oklahoma,scientific_f3_m2,16.568229132122667,22,4,True,False,,,,,,,,,,,
margin,Florida State,scientific_f3_m2,16.002132370925988,23,3,True,False,,,,,,,,,,,
margin,Auburn,scientific_f3_m2,15.728694380381981,24,2,True,False,,,,,,,,,,,
margin,USC,scientific_f3_m2,15.38241035051665,25,1,True,False,,,,,,,,,,,
margin,James Madison,scientific_f3_m2,15.328502378827324,26,0,False,False,,,,,,,,,,,
margin,Tennessee,scientific_f3_m2,15.316481207788758,27,0,False,False,,,,,,,,,,,
margin,Missouri,scientific_f3_m2,15.308164927586116,28,0,False,False,,,,,,,,,,,
margin,Louisville,scientific_f3_m2,15.099449130612971,29,0,False,False,,,,,,,,,,,
margin,East Carolina,scientific_f3_m2,14.81876245177494,30,0,False,False,,,,,,,,,,,
margin,Tulane,scientific_f3_m2,13.546993497141635,31,0,False,False,,,,,,,,,,,
margin,Nebraska,scientific_f3_m2,13.470427230359778,32,0,False,False,,,,,,,,,,,
margin,Boise State,scientific_f3_m2,13.451524221328391,33,0,False,False,,,,,,,,,,,
margin,Utah,scientific_f3_m2,13.431719357372437,34,0,False,False,,,,,,,,,,,
margin,Duke,scientific_f3_m2,13.409312681176253,35,0,False,False,,,,,,,,,,,
margin,Georgia Tech,scientific_f3_m2,12.978677795536658,36,0,False,False,,,,,,,,,,,
margin,Vanderbilt,scientific_f3_m2,12.756006798957916,37,0,False,False,,,,,,,,,,,
margin,Toledo,scientific_f3_m2,12.745224645030138,38,0,False,False,,,,,,,,,,,
margin,Pittsburgh,scientific_f3_m2,12.698867813558078,39,0,False,False,,,,,,,,,,,
margin,BYU,scientific_f3_m2,12.427860556182743,40,0,False,False,,,,,,,,,,,
margin,TCU,scientific_f3_m2,11.797875431796633,41,0,False,False,,,,,,,,,,,
margin,Iowa,scientific_f3_m2,10.958065942510821,42,0,False,False,,,,,,,,,,,
margin,Arizona,scientific_f3_m2,10.292294998638358,43,0,False,False,,,,,,,,,,,
margin,Stanford,scientific_f3_m2,9.519647906375933,44,0,False,False,,,,,,,,,,,
margin,South Florida,scientific_f3_m2,9.341222549157052,45,0,False,False,,,,,,,,,,,
margin,Miami (OH),scientific_f3_m2,9.33176739374725,46,0,False,False,,,,,,,,,,,
margin,Baylor,scientific_f3_m2,9.304077445618976,47,0,False,False,,,,,,,,,,,
margin,UNLV,scientific_f3_m2,8.459587657720437,48,0,False,False,,,,,,,,,,,
margin,Texas State,scientific_f3_m2,8.320101005166343,49,0,False,False,,,,,,,,,,,
margin,Western Michigan,scientific_f3_m2,7.927067067571581,50,0,False,False,,,,,,,,,,,
margin,Fresno State,scientific_f3_m2,7.676597066845051,51,0,False,False,,,,,,,,,,,
margin,Eastern Michigan,scientific_f3_m2,6.682447902659014,52,0,False,False,,,,,,,,,,,
margin,Cincinnati,scientific_f3_m2,6.680822796194235,53,0,False,False,,,,,,,,,,,
margin,NC State,scientific_f3_m2,6.4773067027049755,54,0,False,False,,,,,,,,,,,
margin,Iowa State,scientific_f3_m2,6.006149555757425,55,0,False,False,,,,,,,,,,,
margin,Marshall,scientific_f3_m2,5.970667813133833,56,0,False,False,,,,,,,,,,,
margin,Ohio,scientific_f3_m2,5.933030205269571,57,0,False,False,,,,,,,,,,,
margin,Florida,scientific_f3_m2,5.6529239910198505,58,0,False,False,,,,,,,,,,,
margin,Illinois,scientific_f3_m2,5.17420546576426,59,0,False,False,,,,,,,,,,,
margin,South Carolina,scientific_f3_m2,5.165723944625739,60,0,False,False,,,,,,,,,,,
margin,Liberty,scientific_f3_m2,5.04942087990344,61,0,False,False,,,,,,,,,,,
margin,Houston,scientific_f3_m2,4.697882073223795,62,0,False,False,,,,,,,,,,,
margin,Washington State,scientific_f3_m2,4.696309403604143,63,0,False,False,,,,,,,,,,,
margin,California,scientific_f3_m2,4.401110971595983,64,0,False,False,,,,,,,,,,,
margin,Kansas State,scientific_f3_m2,4.023561864154296,65,0,False,False,,,,,,,,,,,
margin,Old Dominion,scientific_f3_m2,3.9110581204722337,66,0,False,False,,,,,,,,,,,
margin,Wake Forest,scientific_f3_m2,3.4579043508727754,67,0,False,False,,,,,,,,,,,
margin,Arizona State,scientific_f3_m2,3.4307620806421113,68,0,False,False,,,,,,,,,,,
margin,Boston College,scientific_f3_m2,3.261539828141636,69,0,False,False,,,,,,,,,,,
margin,Minnesota,scientific_f3_m2,2.811333024190981,70,0,False,False,,,,,,,,,,,
margin,San Diego State,scientific_f3_m2,2.8002864132406913,71,0,False,False,,,,,,,,,,,
margin,UTSA,scientific_f3_m2,2.748458400002889,72,0,False,False,,,,,,,,,,,
margin,Wisconsin,scientific_f3_m2,2.6463349921730543,73,0,False,False,,,,,,,,,,,
margin,Colorado,scientific_f3_m2,1.9378680943243687,74,0,False,False,,,,,,,,,,,
margin,Kansas,scientific_f3_m2,1.8779657772356693,75,0,False,False,,,,,,,,,,,
margin,Rutgers,scientific_f3_m2,1.6356802673823214,76,0,False,False,,,,,,,,,,,
margin,West Virginia,scientific_f3_m2,1.613727215559738,77,0,False,False,,,,,,,,,,,
margin,UConn,scientific_f3_m2,1.5625540851465765,78,0,False,False,,,,,,,,,,,
margin,Kentucky,scientific_f3_m2,1.5058501530273514,79,0,False,False,,,,,,,,,,,
margin,Michigan State,scientific_f3_m2,1.4673565360079746,80,0,False,False,,,,,,,,,,,
margin,Arkansas,scientific_f3_m2,1.060004876010268,81,0,False,False,,,,,,,,,,,
margin,Hawai'i,scientific_f3_m2,0.440169880000834,82,0,False,False,,,,,,,,,,,
margin,New Mexico,scientific_f3_m2,0.3481787452398333,83,0,False,False,,,,,,,,,,,
margin,Arkansas State,scientific_f3_m2,-0.035490646468735676,84,0,False,False,,,,,,,,,,,
margin,Oregon State,scientific_f3_m2,-0.15185147277601452,85,0,False,False,,,,,,,,,,,
margin,Navy,scientific_f3_m2,-0.2472371260562074,86,0,False,False,,,,,,,,,,,
margin,Northwestern,scientific_f3_m2,-0.6102024192293207,87,0,False,False,,,,,,,,,,,
margin,Kennesaw State,scientific_f3_m2,-1.0068127417761001,88,0,False,False,,,,,,,,,,,
margin,Florida International,scientific_f3_m2,-1.2975841249926212,89,0,False,False,,,,,,,,,,,
margin,Mississippi State,scientific_f3_m2,-1.3551500403439896,90,0,False,False,,,,,,,,,,,
margin,Western Kentucky,scientific_f3_m2,-1.4525176483082785,91,0,False,False,,,,,,,,,,,
margin,Central Michigan,scientific_f3_m2,-1.5251866739154671,92,0,False,False,,,,,,,,,,,
margin,Florida Atlantic,scientific_f3_m2,-1.5745874340846573,93,0,False,False,,,,,,,,,,,
margin,UCLA,scientific_f3_m2,-2.3875989136203266,94,0,False,False,,,,,,,,,,,
margin,Maryland,scientific_f3_m2,-2.9039361390804963,95,0,False,False,,,,,,,,,,,
margin,Missouri State,scientific_f3_m2,-3.1854056165477083,96,0,False,False,,,,,,,,,,,
margin,UCF,scientific_f3_m2,-3.44295581223769,97,0,False,False,,,,,,,,,,,
margin,Army,scientific_f3_m2,-3.9330351023100327,98,0,False,False,,,,,,,,,,,
margin,North Dakota State,scientific_f3_m2,-4.258598927382313,99,0,False,False,,,,,,,,,,,
margin,San José State,scientific_f3_m2,-4.67952566752523,100,0,False,False,,,,,,,,,,,
margin,Coastal Carolina,scientific_f3_m2,-4.8797695630833235,101,0,False,False,,,,,,,,,,,
margin,Louisiana Tech,scientific_f3_m2,-5.579043467060053,102,0,False,False,,,,,,,,,,,
margin,Utah State,scientific_f3_m2,-5.603555552441996,103,0,False,False,,,,,,,,,,,
margin,Virginia Tech,scientific_f3_m2,-5.6042339328409,104,0,False,False,,,,,,,,,,,
margin,Sacramento State,scientific_f3_m2,-5.7630473202624675,105,0,False,False,,,,,,,,,,,
margin,Troy,scientific_f3_m2,-5.8141736146523115,106,0,False,False,,,,,,,,,,,
margin,Akron,scientific_f3_m2,-5.977157895135376,107,0,False,False,,,,,,,,,,,
margin,Northern Illinois,scientific_f3_m2,-6.092133061983093,108,0,False,False,,,,,,,,,,,
margin,UAB,scientific_f3_m2,-6.4098350215481235,109,0,False,False,,,,,,,,,,,
margin,Bowling Green,scientific_f3_m2,-6.686122374344761,110,0,False,False,,,,,,,,,,,
margin,UTEP,scientific_f3_m2,-7.102163997634677,111,0,False,False,,,,,,,,,,,
margin,Delaware,scientific_f3_m2,-7.498329618476282,112,0,False,False,,,,,,,,,,,
margin,Georgia Southern,scientific_f3_m2,-7.832123977018499,113,0,False,False,,,,,,,,,,,
margin,App State,scientific_f3_m2,-8.065709559526233,114,0,False,False,,,,,,,,,,,
margin,Syracuse,scientific_f3_m2,-8.350546930796323,115,0,False,False,,,,,,,,,,,
margin,Buffalo,scientific_f3_m2,-8.67212403709467,116,0,False,False,,,,,,,,,,,
margin,Air Force,scientific_f3_m2,-8.80605955403573,117,0,False,False,,,,,,,,,,,
margin,Kent State,scientific_f3_m2,-8.809146405173713,118,0,False,False,,,,,,,,,,,
margin,Jacksonville State,scientific_f3_m2,-8.833959649296611,119,0,False,False,,,,,,,,,,,
margin,Southern Miss,scientific_f3_m2,-9.355813437333506,120,0,False,False,,,,,,,,,,,
margin,Tulsa,scientific_f3_m2,-9.725768921559416,121,0,False,False,,,,,,,,,,,
margin,Louisiana,scientific_f3_m2,-10.2778581519937,122,0,False,False,,,,,,,,,,,
margin,Nevada,scientific_f3_m2,-10.481053416812685,123,0,False,False,,,,,,,,,,,
margin,South Alabama,scientific_f3_m2,-10.835207423521037,124,0,False,False,,,,,,,,,,,
margin,Purdue,scientific_f3_m2,-11.807218567438495,125,0,False,False,,,,,,,,,,,
margin,Ball State,scientific_f3_m2,-11.958197881356663,126,0,False,False,,,,,,,,,,,
margin,Wyoming,scientific_f3_m2,-12.144288773033303,127,0,False,False,,,,,,,,,,,
margin,UL Monroe,scientific_f3_m2,-12.204453608548938,128,0,False,False,,,,,,,,,,,
margin,Temple,scientific_f3_m2,-12.40945408831324,129,0,False,False,,,,,,,,,,,
margin,Colorado State,scientific_f3_m2,-13.447650256389883,130,0,False,False,,,,,,,,,,,
margin,Oklahoma State,scientific_f3_m2,-14.701985292046736,131,0,False,False,,,,,,,,,,,
margin,Middle Tennessee,scientific_f3_m2,-15.246544827515653,132,0,False,False,,,,,,,,,,,
margin,Sam Houston,scientific_f3_m2,-15.560018751001465,133,0,False,False,,,,,,,,,,,
margin,New Mexico State,scientific_f3_m2,-15.81278655360796,134,0,False,False,,,,,,,,,,,
margin,Rice,scientific_f3_m2,-17.403680937420123,135,0,False,False,,,,,,,,,,,
margin,Georgia State,scientific_f3_m2,-18.047586992001317,136,0,False,False,,,,,,,,,,,
margin,Massachusetts,scientific_f3_m2,-22.655426041109248,137,0,False,False,,,,,,,,,,,
margin,Charlotte,scientific_f3_m2,-26.592736276565383,138,0,False,False,,,,,,,,,,,
margin,Oregon,scientific_f3_m3,26.07972899584075,1,25,True,True,,,,,,,,,,,
margin,Ohio State,scientific_f3_m3,25.99098116034292,2,24,True,False,,,,,,,,,,,
margin,USC,scientific_f3_m3,22.393784126984134,3,23,True,False,,,,,,,,,,,
margin,Indiana,scientific_f3_m3,22.161340476190464,4,22,True,False,,,,,,,,,,,
margin,Notre Dame,scientific_f3_m3,21.215344652077725,5,21,True,False,,,,,,,,,,,
margin,Georgia,scientific_f3_m3,20.137754417078085,6,20,True,False,,,,,,,,,,,
margin,Ole Miss,scientific_f3_m3,19.273620382395375,7,19,True,False,,,,,,,,,,,
margin,Texas Tech,scientific_f3_m3,19.179449206349187,8,18,True,False,,,,,,,,,,,
margin,Miami,scientific_f3_m3,19.008802886002893,9,17,True,False,,,,,,,,,,,
margin,Alabama,scientific_f3_m3,18.459406650852067,10,16,True,False,,,,,,,,,,,
margin,Texas A&M,scientific_f3_m3,17.562492331519714,11,15,True,False,,,,,,,,,,,
margin,Virginia,scientific_f3_m3,15.48104126984126,12,14,True,False,,,,,,,,,,,
margin,Texas,scientific_f3_m3,15.048025869890624,13,13,True,False,,,,,,,,,,,
margin,Washington,scientific_f3_m3,14.897832656232643,14,12,True,False,,,,,,,,,,,
margin,Clemson,scientific_f3_m3,14.694232394279815,15,11,True,False,,,,,,,,,,,
margin,Oklahoma,scientific_f3_m3,14.679909361052244,16,10,True,False,,,,,,,,,,,
margin,James Madison,scientific_f3_m3,13.997626190476183,17,9,True,False,,,,,,,,,,,
margin,Utah,scientific_f3_m3,13.861820634920633,18,8,True,False,,,,,,,,,,,
margin,Vanderbilt,scientific_f3_m3,13.321290259740262,19,7,True,False,,,,,,,,,,,
margin,LSU,scientific_f3_m3,13.268078820192754,20,6,True,False,,,,,,,,,,,
margin,SMU,scientific_f3_m3,13.262695095486292,21,5,True,False,,,,,,,,,,,
margin,North Texas,scientific_f3_m3,12.927144261294266,22,4,True,False,,,,,,,,,,,
margin,Toledo,scientific_f3_m3,12.496230655845476,23,3,True,False,,,,,,,,,,,
margin,Florida State,scientific_f3_m3,12.47475137085136,24,2,True,False,,,,,,,,,,,
margin,Penn State,scientific_f3_m3,12.453583598800973,25,1,True,False,,,,,,,,,,,
margin,Michigan,scientific_f3_m3,12.451601010520623,26,0,False,False,,,,,,,,,,,
margin,Missouri,scientific_f3_m3,12.208668656898665,27,0,False,False,,,,,,,,,,,
margin,BYU,scientific_f3_m3,12.160881939081944,28,0,False,False,,,,,,,,,,,
margin,Tennessee,scientific_f3_m3,12.14419303627407,29,0,False,False,,,,,,,,,,,
margin,Louisville,scientific_f3_m3,11.960347766129903,30,0,False,False,,,,,,,,,,,
margin,Memphis,scientific_f3_m3,11.278239898989897,31,0,False,False,,,,,,,,,,,
margin,Auburn,scientific_f3_m3,11.16704835334388,32,0,False,False,,,,,,,,,,,
margin,East Carolina,scientific_f3_m3,10.623039777777775,33,0,False,False,,,,,,,,,,,
margin,South Florida,scientific_f3_m3,10.523296176046175,34,0,False,False,,,,,,,,,,,
margin,North Dakota State,scientific_f3_m3,10.416484920634918,35,0,False,False,,,,,,,,,,,
margin,Iowa,scientific_f3_m3,10.169744147329963,36,0,False,False,,,,,,,,,,,
margin,Georgia Tech,scientific_f3_m3,9.757141803206709,37,0,False,False,,,,,,,,,,,
margin,Boise State,scientific_f3_m3,9.581026502164498,38,0,False,False,,,,,,,,,,,
margin,North Carolina,scientific_f3_m3,9.166839682539683,39,0,False,False,,,,,,,,,,,
margin,Arizona,scientific_f3_m3,9.123574967118383,40,0,False,False,,,,,,,,,,,
margin,Old Dominion,scientific_f3_m3,8.891165873015876,41,0,False,False,,,,,,,,,,,
margin,Tulane,scientific_f3_m3,8.620784343376446,42,0,False,False,,,,,,,,,,,
margin,Pittsburgh,scientific_f3_m3,8.564686269207213,43,0,False,False,,,,,,,,,,,
margin,Iowa State,scientific_f3_m3,7.412794981263805,44,0,False,False,,,,,,,,,,,
margin,Nebraska,scientific_f3_m3,7.275693025858436,45,0,False,False,,,,,,,,,,,
margin,South Carolina,scientific_f3_m3,7.207279799755797,46,0,False,False,,,,,,,,,,,
margin,Duke,scientific_f3_m3,7.0467958641894874,47,0,False,False,,,,,,,,,,,
margin,Stanford,scientific_f3_m3,6.533377777777775,48,0,False,False,,,,,,,,,,,
margin,Cincinnati,scientific_f3_m3,6.524762671589034,49,0,False,False,,,,,,,,,,,
margin,Kansas State,scientific_f3_m3,6.010101063110757,50,0,False,False,,,,,,,,,,,
margin,Florida,scientific_f3_m3,5.732045234560819,51,0,False,False,,,,,,,,,,,
margin,Illinois,scientific_f3_m3,5.621471805374821,52,0,False,False,,,,,,,,,,,
margin,Texas State,scientific_f3_m3,5.553647633400053,53,0,False,False,,,,,,,,,,,
margin,Navy,scientific_f3_m3,5.440541085271317,54,0,False,False,,,,,,,,,,,
margin,San Diego State,scientific_f3_m3,5.429541363871634,55,0,False,False,,,,,,,,,,,
margin,Arizona State,scientific_f3_m3,5.187746766080521,56,0,False,False,,,,,,,,,,,
margin,Fresno State,scientific_f3_m3,4.834083624176153,57,0,False,False,,,,,,,,,,,
margin,Wake Forest,scientific_f3_m3,4.815865296200466,58,0,False,False,,,,,,,,,,,
margin,Miami (OH),scientific_f3_m3,4.7479263885250935,59,0,False,False,,,,,,,,,,,
margin,UConn,scientific_f3_m3,4.27131606830279,60,0,False,False,,,,,,,,,,,
margin,Western Michigan,scientific_f3_m3,3.9994488260179937,61,0,False,False,,,,,,,,,,,
margin,Houston,scientific_f3_m3,3.746965481308933,62,0,False,False,,,,,,,,,,,
margin,Marshall,scientific_f3_m3,3.6511279363072666,63,0,False,False,,,,,,,,,,,
margin,Baylor,scientific_f3_m3,3.3300415167316406,64,0,False,False,,,,,,,,,,,
margin,Ohio,scientific_f3_m3,3.307830276815045,65,0,False,False,,,,,,,,,,,
margin,Minnesota,scientific_f3_m3,3.0911884184257894,66,0,False,False,,,,,,,,,,,
margin,Kentucky,scientific_f3_m3,3.0899158730158747,67,0,False,False,,,,,,,,,,,
margin,Mississippi State,scientific_f3_m3,2.8890130778218173,68,0,False,False,,,,,,,,,,,
margin,UTSA,scientific_f3_m3,2.722257990549855,69,0,False,False,,,,,,,,,,,
margin,Kansas,scientific_f3_m3,2.5014081781879183,70,0,False,False,,,,,,,,,,,
margin,New Mexico,scientific_f3_m3,2.0572676550496527,71,0,False,False,,,,,,,,,,,
margin,Northwestern,scientific_f3_m3,1.9477189773285546,72,0,False,False,,,,,,,,,,,
margin,Arkansas,scientific_f3_m3,1.7099495816546744,73,0,False,False,,,,,,,,,,,
margin,Louisiana Tech,scientific_f3_m3,1.3589022684779364,74,0,False,False,,,,,,,,,,,
margin,Western Kentucky,scientific_f3_m3,1.3553261608371883,75,0,False,False,,,,,,,,,,,
margin,Liberty,scientific_f3_m3,1.3257266997482422,76,0,False,False,,,,,,,,,,,
margin,TCU,scientific_f3_m3,1.292285653235653,77,0,False,False,,,,,,,,,,,
margin,Washington State,scientific_f3_m3,1.0928848451733177,78,0,False,False,,,,,,,,,,,
margin,California,scientific_f3_m3,1.0248454545454544,79,0,False,False,,,,,,,,,,,
margin,Wisconsin,scientific_f3_m3,0.9999253968253966,80,0,False,False,,,,,,,,,,,
margin,UCF,scientific_f3_m3,0.9002729960004154,81,0,False,False,,,,,,,,,,,
margin,Eastern Michigan,scientific_f3_m3,0.45293095238095177,82,0,False,False,,,,,,,,,,,
margin,West Virginia,scientific_f3_m3,0.34721305916305945,83,0,False,False,,,,,,,,,,,
margin,Kennesaw State,scientific_f3_m3,-0.09658516717334924,84,0,False,False,,,,,,,,,,,
margin,Army,scientific_f3_m3,-0.4151960091049498,85,0,False,False,,,,,,,,,,,
margin,Rutgers,scientific_f3_m3,-0.8435347222222223,86,0,False,False,,,,,,,,,,,
margin,Virginia Tech,scientific_f3_m3,-1.3250547619047621,87,0,False,False,,,,,,,,,,,
margin,Utah State,scientific_f3_m3,-1.4732683501761594,88,0,False,False,,,,,,,,,,,
margin,Central Michigan,scientific_f3_m3,-1.5648106217217879,89,0,False,False,,,,,,,,,,,
margin,Florida International,scientific_f3_m3,-1.6446518642261554,90,0,False,False,,,,,,,,,,,
margin,Air Force,scientific_f3_m3,-1.7356642857142868,91,0,False,False,,,,,,,,,,,
margin,Delaware,scientific_f3_m3,-1.9448159530975828,92,0,False,False,,,,,,,,,,,
margin,South Alabama,scientific_f3_m3,-2.0625549220186215,93,0,False,False,,,,,,,,,,,
margin,UNLV,scientific_f3_m3,-2.363716666666666,94,0,False,False,,,,,,,,,,,
margin,Troy,scientific_f3_m3,-2.489170522984733,95,0,False,False,,,,,,,,,,,
margin,Southern Miss,scientific_f3_m3,-2.6903772005772013,96,0,False,False,,,,,,,,,,,
margin,Louisiana,scientific_f3_m3,-2.9461214285714274,97,0,False,False,,,,,,,,,,,
margin,Maryland,scientific_f3_m3,-2.9731987734487775,98,0,False,False,,,,,,,,,,,
margin,Buffalo,scientific_f3_m3,-3.1256645593309784,99,0,False,False,,,,,,,,,,,
margin,Boston College,scientific_f3_m3,-3.1555515151515174,100,0,False,False,,,,,,,,,,,
margin,UCLA,scientific_f3_m3,-3.379102380952379,101,0,False,False,,,,,,,,,,,
margin,Michigan State,scientific_f3_m3,-3.5206951659451673,102,0,False,False,,,,,,,,,,,
margin,Oregon State,scientific_f3_m3,-3.641402380952382,103,0,False,False,,,,,,,,,,,
margin,Colorado,scientific_f3_m3,-3.672722222222222,104,0,False,False,,,,,,,,,,,
margin,App State,scientific_f3_m3,-3.9195821067821086,105,0,False,False,,,,,,,,,,,
margin,Georgia Southern,scientific_f3_m3,-4.067460533910535,106,0,False,False,,,,,,,,,,,
margin,NC State,scientific_f3_m3,-4.090738095238095,107,0,False,False,,,,,,,,,,,
margin,Arkansas State,scientific_f3_m3,-4.351993760917447,108,0,False,False,,,,,,,,,,,
margin,Temple,scientific_f3_m3,-4.520443650793654,109,0,False,False,,,,,,,,,,,
margin,Coastal Carolina,scientific_f3_m3,-5.190599206349206,110,0,False,False,,,,,,,,,,,
margin,Tulsa,scientific_f3_m3,-5.388757635999383,111,0,False,False,,,,,,,,,,,
margin,Bowling Green,scientific_f3_m3,-5.546686507936508,112,0,False,False,,,,,,,,,,,
margin,Wyoming,scientific_f3_m3,-5.852517460317457,113,0,False,False,,,,,,,,,,,
margin,Rice,scientific_f3_m3,-6.096884559884556,114,0,False,False,,,,,,,,,,,
margin,Syracuse,scientific_f3_m3,-6.2039682539682515,115,0,False,False,,,,,,,,,,,
margin,Northern Illinois,scientific_f3_m3,-6.411930952380955,116,0,False,False,,,,,,,,,,,
margin,UTEP,scientific_f3_m3,-6.431321428571429,117,0,False,False,,,,,,,,,,,
margin,Akron,scientific_f3_m3,-6.5084761904761885,118,0,False,False,,,,,,,,,,,
margin,UAB,scientific_f3_m3,-6.546410750360748,119,0,False,False,,,,,,,,,,,
margin,Nevada,scientific_f3_m3,-6.595814285714284,120,0,False,False,,,,,,,,,,,
margin,Missouri State,scientific_f3_m3,-6.644612698412697,121,0,False,False,,,,,,,,,,,
margin,Florida Atlantic,scientific_f3_m3,-6.653033333333328,122,0,False,False,,,,,,,,,,,
margin,Colorado State,scientific_f3_m3,-7.786043650793652,123,0,False,False,,,,,,,,,,,
margin,Purdue,scientific_f3_m3,-7.882749206349207,124,0,False,False,,,,,,,,,,,
margin,Middle Tennessee,scientific_f3_m3,-8.480915079365074,125,0,False,False,,,,,,,,,,,
margin,Ball State,scientific_f3_m3,-8.497931746031746,126,0,False,False,,,,,,,,,,,
margin,UL Monroe,scientific_f3_m3,-9.379378571428573,127,0,False,False,,,,,,,,,,,
margin,Hawai'i,scientific_f3_m3,-10.090742063492062,128,0,False,False,,,,,,,,,,,
margin,Kent State,scientific_f3_m3,-10.177857142857148,129,0,False,False,,,,,,,,,,,
margin,Oklahoma State,scientific_f3_m3,-10.224253174603184,130,0,False,False,,,,,,,,,,,
margin,Georgia State,scientific_f3_m3,-11.873897619047622,131,0,False,False,,,,,,,,,,,
margin,San José State,scientific_f3_m3,-12.43535317460317,132,0,False,False,,,,,,,,,,,
margin,Sacramento State,scientific_f3_m3,-12.521767027417017,133,0,False,False,,,,,,,,,,,
margin,New Mexico State,scientific_f3_m3,-12.607393650793654,134,0,False,False,,,,,,,,,,,
margin,Sam Houston,scientific_f3_m3,-12.905179004329,135,0,False,False,,,,,,,,,,,
margin,Jacksonville State,scientific_f3_m3,-13.237832539682545,136,0,False,False,,,,,,,,,,,
margin,Charlotte,scientific_f3_m3,-15.536083333333341,137,0,False,False,,,,,,,,,,,
margin,Massachusetts,scientific_f3_m3,-16.64523535353536,138,0,False,False,,,,,,,,,,,
margin,Oregon,scientific_f3_m4,30.37226201096497,1,25,True,True,,,,,,,,,,,
margin,Ohio State,scientific_f3_m4,29.034060694829783,2,24,True,False,,,,,,,,,,,
margin,Notre Dame,scientific_f3_m4,26.502519033803015,3,23,True,False,,,,,,,,,,,
margin,Indiana,scientific_f3_m4,24.375976728910658,4,22,True,False,,,,,,,,,,,
margin,Virginia,scientific_f3_m4,22.102153509296585,5,21,True,False,,,,,,,,,,,
margin,Georgia,scientific_f3_m4,21.95719853326438,6,20,True,False,,,,,,,,,,,
margin,USC,scientific_f3_m4,20.932095220942724,7,19,True,False,,,,,,,,,,,
margin,Ole Miss,scientific_f3_m4,20.919991521311918,8,18,True,False,,,,,,,,,,,
margin,Texas Tech,scientific_f3_m4,20.096386877291472,9,17,True,False,,,,,,,,,,,
margin,LSU,scientific_f3_m4,20.066261814969582,10,16,True,False,,,,,,,,,,,
margin,Alabama,scientific_f3_m4,19.59062846345925,11,15,True,False,,,,,,,,,,,
margin,Miami,scientific_f3_m4,19.12407662043014,12,14,True,False,,,,,,,,,,,
margin,Clemson,scientific_f3_m4,18.01329082619422,13,13,True,False,,,,,,,,,,,
margin,Texas,scientific_f3_m4,17.21071352640655,14,12,True,False,,,,,,,,,,,
margin,Texas A&M,scientific_f3_m4,16.816102435902497,15,11,True,False,,,,,,,,,,,
margin,Michigan,scientific_f3_m4,16.542568821288476,16,10,True,False,,,,,,,,,,,
margin,Washington,scientific_f3_m4,16.402948688345884,17,9,True,False,,,,,,,,,,,
margin,Louisville,scientific_f3_m4,14.869152935200422,18,8,True,False,,,,,,,,,,,
margin,North Texas,scientific_f3_m4,14.779059923083691,19,7,True,False,,,,,,,,,,,
margin,Florida State,scientific_f3_m4,14.67367588745396,20,6,True,False,,,,,,,,,,,
margin,Auburn,scientific_f3_m4,14.65787666618524,21,5,True,False,,,,,,,,,,,
margin,Memphis,scientific_f3_m4,14.083392180325863,22,4,True,False,,,,,,,,,,,
margin,Penn State,scientific_f3_m4,13.909004434465468,23,3,True,False,,,,,,,,,,,
margin,SMU,scientific_f3_m4,13.22869802557262,24,2,True,False,,,,,,,,,,,
margin,James Madison,scientific_f3_m4,13.071138210709014,25,1,True,False,,,,,,,,,,,
margin,Georgia Tech,scientific_f3_m4,12.064567390432295,26,0,False,False,,,,,,,,,,,
margin,Missouri,scientific_f3_m4,11.795690358797737,27,0,False,False,,,,,,,,,,,
margin,North Carolina,scientific_f3_m4,11.678574392491821,28,0,False,False,,,,,,,,,,,
margin,Boise State,scientific_f3_m4,11.57304828474558,29,0,False,False,,,,,,,,,,,
margin,Toledo,scientific_f3_m4,11.553320653887171,30,0,False,False,,,,,,,,,,,
margin,BYU,scientific_f3_m4,11.07991575049566,31,0,False,False,,,,,,,,,,,
margin,Utah,scientific_f3_m4,10.634600746263574,32,0,False,False,,,,,,,,,,,
margin,Tennessee,scientific_f3_m4,10.356835173427791,33,0,False,False,,,,,,,,,,,
margin,Pittsburgh,scientific_f3_m4,10.267618411526227,34,0,False,False,,,,,,,,,,,
margin,Nebraska,scientific_f3_m4,10.199711370094912,35,0,False,False,,,,,,,,,,,
margin,Oklahoma,scientific_f3_m4,9.944464569323557,36,0,False,False,,,,,,,,,,,
margin,Tulane,scientific_f3_m4,9.653462229626715,37,0,False,False,,,,,,,,,,,
margin,East Carolina,scientific_f3_m4,9.520160792990772,38,0,False,False,,,,,,,,,,,
margin,Florida,scientific_f3_m4,8.998977376029524,39,0,False,False,,,,,,,,,,,
margin,Duke,scientific_f3_m4,8.768197519227146,40,0,False,False,,,,,,,,,,,
margin,Iowa,scientific_f3_m4,8.685315714495342,41,0,False,False,,,,,,,,,,,
margin,Vanderbilt,scientific_f3_m4,7.82732734824858,42,0,False,False,,,,,,,,,,,
margin,North Dakota State,scientific_f3_m4,7.365822180043223,43,0,False,False,,,,,,,,,,,
margin,South Florida,scientific_f3_m4,7.2325301360444465,44,0,False,False,,,,,,,,,,,
margin,Cincinnati,scientific_f3_m4,6.806609236722208,45,0,False,False,,,,,,,,,,,
margin,Iowa State,scientific_f3_m4,6.2759584518936435,46,0,False,False,,,,,,,,,,,
margin,Texas State,scientific_f3_m4,6.227977998988175,47,0,False,False,,,,,,,,,,,
margin,Arizona,scientific_f3_m4,6.007659667689515,48,0,False,False,,,,,,,,,,,
margin,Illinois,scientific_f3_m4,5.628947754916021,49,0,False,False,,,,,,,,,,,
margin,Fresno State,scientific_f3_m4,5.609655121905185,50,0,False,False,,,,,,,,,,,
margin,South Carolina,scientific_f3_m4,5.578515303299568,51,0,False,False,,,,,,,,,,,
margin,Western Michigan,scientific_f3_m4,5.448723981341423,52,0,False,False,,,,,,,,,,,
margin,Miami (OH),scientific_f3_m4,5.102730586191237,53,0,False,False,,,,,,,,,,,
margin,Stanford,scientific_f3_m4,4.768194002180183,54,0,False,False,,,,,,,,,,,
margin,Marshall,scientific_f3_m4,4.7292707274644314,55,0,False,False,,,,,,,,,,,
margin,Washington State,scientific_f3_m4,4.658654689580847,56,0,False,False,,,,,,,,,,,
margin,UTSA,scientific_f3_m4,4.494016522822803,57,0,False,False,,,,,,,,,,,
margin,Kentucky,scientific_f3_m4,4.382749233453148,58,0,False,False,,,,,,,,,,,
margin,Baylor,scientific_f3_m4,4.375126734355306,59,0,False,False,,,,,,,,,,,
margin,Liberty,scientific_f3_m4,4.049042866861611,60,0,False,False,,,,,,,,,,,
margin,Houston,scientific_f3_m4,4.0213781806165905,61,0,False,False,,,,,,,,,,,
margin,Kansas State,scientific_f3_m4,3.894277947742955,62,0,False,False,,,,,,,,,,,
margin,Navy,scientific_f3_m4,3.2970099848276577,63,0,False,False,,,,,,,,,,,
margin,San Diego State,scientific_f3_m4,2.6337799081282847,64,0,False,False,,,,,,,,,,,
margin,Wake Forest,scientific_f3_m4,2.5649875027499016,65,0,False,False,,,,,,,,,,,
margin,Arizona State,scientific_f3_m4,2.487819098916669,66,0,False,False,,,,,,,,,,,
margin,UConn,scientific_f3_m4,2.4110890411911288,67,0,False,False,,,,,,,,,,,
margin,Wisconsin,scientific_f3_m4,2.2991824076758145,68,0,False,False,,,,,,,,,,,
margin,Arkansas,scientific_f3_m4,1.9869791701845998,69,0,False,False,,,,,,,,,,,
margin,Minnesota,scientific_f3_m4,1.8353788825756039,70,0,False,False,,,,,,,,,,,
margin,California,scientific_f3_m4,1.7261626791502231,71,0,False,False,,,,,,,,,,,
margin,Ohio,scientific_f3_m4,1.6379326557553067,72,0,False,False,,,,,,,,,,,
margin,Old Dominion,scientific_f3_m4,1.391662784614142,73,0,False,False,,,,,,,,,,,
margin,Northwestern,scientific_f3_m4,0.7422390053326715,74,0,False,False,,,,,,,,,,,
margin,Kansas,scientific_f3_m4,0.7365328764512797,75,0,False,False,,,,,,,,,,,
margin,TCU,scientific_f3_m4,0.6299093592516333,76,0,False,False,,,,,,,,,,,
margin,NC State,scientific_f3_m4,0.5722932709119612,77,0,False,False,,,,,,,,,,,
margin,Mississippi State,scientific_f3_m4,0.24162028720746662,78,0,False,False,,,,,,,,,,,
margin,West Virginia,scientific_f3_m4,0.09601594039055272,79,0,False,False,,,,,,,,,,,
margin,Boston College,scientific_f3_m4,-0.07771555079052173,80,0,False,False,,,,,,,,,,,
margin,Western Kentucky,scientific_f3_m4,-0.6092734095820812,81,0,False,False,,,,,,,,,,,
margin,New Mexico,scientific_f3_m4,-0.7335159555454901,82,0,False,False,,,,,,,,,,,
margin,UCLA,scientific_f3_m4,-1.1514474333687614,83,0,False,False,,,,,,,,,,,
margin,Eastern Michigan,scientific_f3_m4,-1.2047064122005497,84,0,False,False,,,,,,,,,,,
margin,Kennesaw State,scientific_f3_m4,-1.4965817453869112,85,0,False,False,,,,,,,,,,,
margin,Florida International,scientific_f3_m4,-1.5388473904627882,86,0,False,False,,,,,,,,,,,
margin,Colorado,scientific_f3_m4,-1.670903364124435,87,0,False,False,,,,,,,,,,,
margin,Central Michigan,scientific_f3_m4,-1.896463533957034,88,0,False,False,,,,,,,,,,,
margin,Michigan State,scientific_f3_m4,-2.0762487936689737,89,0,False,False,,,,,,,,,,,
margin,Louisiana Tech,scientific_f3_m4,-2.0949863946141005,90,0,False,False,,,,,,,,,,,
margin,UCF,scientific_f3_m4,-2.1021307250726453,91,0,False,False,,,,,,,,,,,
margin,UNLV,scientific_f3_m4,-2.1871984288512047,92,0,False,False,,,,,,,,,,,
margin,Oregon State,scientific_f3_m4,-2.964350488140237,93,0,False,False,,,,,,,,,,,
margin,Army,scientific_f3_m4,-3.1846091193615687,94,0,False,False,,,,,,,,,,,
margin,Arkansas State,scientific_f3_m4,-4.360342536831769,95,0,False,False,,,,,,,,,,,
margin,Utah State,scientific_f3_m4,-4.38894271960877,96,0,False,False,,,,,,,,,,,
margin,Northern Illinois,scientific_f3_m4,-4.4059003967801775,97,0,False,False,,,,,,,,,,,
margin,Coastal Carolina,scientific_f3_m4,-4.408050363622523,98,0,False,False,,,,,,,,,,,
margin,Virginia Tech,scientific_f3_m4,-4.723774862560286,99,0,False,False,,,,,,,,,,,
margin,Missouri State,scientific_f3_m4,-4.77606015988189,100,0,False,False,,,,,,,,,,,
margin,Southern Miss,scientific_f3_m4,-5.490958224030705,101,0,False,False,,,,,,,,,,,
margin,Florida Atlantic,scientific_f3_m4,-5.981530138702085,102,0,False,False,,,,,,,,,,,
margin,UAB,scientific_f3_m4,-6.463322415201443,103,0,False,False,,,,,,,,,,,
margin,South Alabama,scientific_f3_m4,-6.578903191616736,104,0,False,False,,,,,,,,,,,
margin,Louisiana,scientific_f3_m4,-6.593771820528031,105,0,False,False,,,,,,,,,,,
margin,Bowling Green,scientific_f3_m4,-6.758632441599668,106,0,False,False,,,,,,,,,,,
margin,Buffalo,scientific_f3_m4,-6.807238149738832,107,0,False,False,,,,,,,,,,,
margin,Ball State,scientific_f3_m4,-6.909792772708207,108,0,False,False,,,,,,,,,,,
margin,Rutgers,scientific_f3_m4,-6.922602421257266,109,0,False,False,,,,,,,,,,,
margin,Troy,scientific_f3_m4,-7.012281457038524,110,0,False,False,,,,,,,,,,,
margin,San José State,scientific_f3_m4,-7.140666691691328,111,0,False,False,,,,,,,,,,,
margin,Akron,scientific_f3_m4,-7.86705294062023,112,0,False,False,,,,,,,,,,,
margin,Nevada,scientific_f3_m4,-8.008707056689984,113,0,False,False,,,,,,,,,,,
margin,Air Force,scientific_f3_m4,-8.18675544627508,114,0,False,False,,,,,,,,,,,
margin,Delaware,scientific_f3_m4,-8.339020059414537,115,0,False,False,,,,,,,,,,,
margin,Tulsa,scientific_f3_m4,-8.395670377090118,116,0,False,False,,,,,,,,,,,
margin,App State,scientific_f3_m4,-8.59438899278616,117,0,False,False,,,,,,,,,,,
margin,Maryland,scientific_f3_m4,-8.724171376331144,118,0,False,False,,,,,,,,,,,
margin,Temple,scientific_f3_m4,-8.731828333897209,119,0,False,False,,,,,,,,,,,
margin,Wyoming,scientific_f3_m4,-9.005549352067723,120,0,False,False,,,,,,,,,,,
margin,UTEP,scientific_f3_m4,-9.313864398663515,121,0,False,False,,,,,,,,,,,
margin,Hawai'i,scientific_f3_m4,-9.523819845670344,122,0,False,False,,,,,,,,,,,
margin,Colorado State,scientific_f3_m4,-9.96971658482337,123,0,False,False,,,,,,,,,,,
margin,Kent State,scientific_f3_m4,-10.280879968287694,124,0,False,False,,,,,,,,,,,
margin,Purdue,scientific_f3_m4,-10.854051454053394,125,0,False,False,,,,,,,,,,,
margin,Syracuse,scientific_f3_m4,-10.882528715122175,126,0,False,False,,,,,,,,,,,
margin,Rice,scientific_f3_m4,-10.882832252251871,127,0,False,False,,,,,,,,,,,
margin,Georgia Southern,scientific_f3_m4,-11.171400160759235,128,0,False,False,,,,,,,,,,,
margin,New Mexico State,scientific_f3_m4,-11.742505974157403,129,0,False,False,,,,,,,,,,,
margin,Sacramento State,scientific_f3_m4,-11.81125532918361,130,0,False,False,,,,,,,,,,,
margin,UL Monroe,scientific_f3_m4,-11.832960547787902,131,0,False,False,,,,,,,,,,,
margin,Middle Tennessee,scientific_f3_m4,-13.440796447895202,132,0,False,False,,,,,,,,,,,
margin,Jacksonville State,scientific_f3_m4,-13.821909340058786,133,0,False,False,,,,,,,,,,,
margin,Oklahoma State,scientific_f3_m4,-14.684675771219503,134,0,False,False,,,,,,,,,,,
margin,Sam Houston,scientific_f3_m4,-19.576504798230925,135,0,False,False,,,,,,,,,,,
margin,Georgia State,scientific_f3_m4,-19.756404400434256,136,0,False,False,,,,,,,,,,,
margin,Massachusetts,scientific_f3_m4,-20.48902853486029,137,0,False,False,,,,,,,,,,,
margin,Charlotte,scientific_f3_m4,-20.56243720969962,138,0,False,False,,,,,,,,,,,
margin,Notre Dame,scientific_f3_m5,31.147701263427734,1,25,True,True,,,,,,,,,,,
margin,LSU,scientific_f3_m5,25.978225708007812,2,24,True,False,,,,,,,,,,,
margin,Michigan,scientific_f3_m5,25.855545043945312,3,23,True,False,,,,,,,,,,,
margin,Oregon,scientific_f3_m5,25.32586669921875,4,22,True,False,,,,,,,,,,,
margin,Clemson,scientific_f3_m5,25.16020965576172,5,21,True,False,,,,,,,,,,,
margin,Duke,scientific_f3_m5,24.308141708374023,6,20,True,False,,,,,,,,,,,
margin,Alabama,scientific_f3_m5,24.083335876464844,7,19,True,False,,,,,,,,,,,
margin,Memphis,scientific_f3_m5,24.04669952392578,8,18,True,False,,,,,,,,,,,
margin,UNLV,scientific_f3_m5,22.287405014038086,9,17,True,False,,,,,,,,,,,
margin,SMU,scientific_f3_m5,21.120540618896484,10,16,True,False,,,,,,,,,,,
margin,Texas,scientific_f3_m5,20.828723907470703,11,15,True,False,,,,,,,,,,,
margin,Washington,scientific_f3_m5,20.070354461669922,12,14,True,False,,,,,,,,,,,
margin,Nebraska,scientific_f3_m5,19.993091583251953,13,13,True,False,,,,,,,,,,,
margin,Vanderbilt,scientific_f3_m5,19.6243896484375,14,12,True,False,,,,,,,,,,,
margin,Georgia,scientific_f3_m5,19.308944702148438,15,11,True,False,,,,,,,,,,,
margin,Indiana,scientific_f3_m5,19.25323486328125,16,10,True,False,,,,,,,,,,,
margin,Ohio State,scientific_f3_m5,19.11671257019043,17,9,True,False,,,,,,,,,,,
margin,Navy,scientific_f3_m5,18.017864227294922,18,8,True,False,,,,,,,,,,,
margin,Ole Miss,scientific_f3_m5,16.69746971130371,19,7,True,False,,,,,,,,,,,
margin,Louisville,scientific_f3_m5,16.187366485595703,20,6,True,False,,,,,,,,,,,
margin,Pittsburgh,scientific_f3_m5,15.86005973815918,21,5,True,False,,,,,,,,,,,
margin,Arizona State,scientific_f3_m5,15.047296524047852,22,4,True,False,,,,,,,,,,,
margin,North Texas,scientific_f3_m5,14.764698028564453,23,3,True,False,,,,,,,,,,,
margin,Texas A&M,scientific_f3_m5,14.570714950561523,24,2,True,False,,,,,,,,,,,
margin,Boise State,scientific_f3_m5,14.334800720214844,25,1,True,False,,,,,,,,,,,
margin,Florida State,scientific_f3_m5,14.331700325012207,26,0,False,False,,,,,,,,,,,
margin,TCU,scientific_f3_m5,13.781942367553711,27,0,False,False,,,,,,,,,,,
margin,California,scientific_f3_m5,13.589885711669922,28,0,False,False,,,,,,,,,,,
margin,Tulane,scientific_f3_m5,13.426353454589844,29,0,False,False,,,,,,,,,,,
margin,USC,scientific_f3_m5,12.96297550201416,30,0,False,False,,,,,,,,,,,
margin,Arizona,scientific_f3_m5,12.854436874389648,31,0,False,False,,,,,,,,,,,
margin,James Madison,scientific_f3_m5,12.853535652160645,32,0,False,False,,,,,,,,,,,
margin,South Carolina,scientific_f3_m5,12.563545227050781,33,0,False,False,,,,,,,,,,,
margin,Arkansas,scientific_f3_m5,12.512722969055176,34,0,False,False,,,,,,,,,,,
margin,Ohio,scientific_f3_m5,12.50944709777832,35,0,False,False,,,,,,,,,,,
margin,Missouri,scientific_f3_m5,12.489498138427734,36,0,False,False,,,,,,,,,,,
margin,Texas State,scientific_f3_m5,12.165678024291992,37,0,False,False,,,,,,,,,,,
margin,Missouri State,scientific_f3_m5,11.772201538085938,38,0,False,False,,,,,,,,,,,
margin,Penn State,scientific_f3_m5,11.039764404296875,39,0,False,False,,,,,,,,,,,
margin,Miami (OH),scientific_f3_m5,10.835813522338867,40,0,False,False,,,,,,,,,,,
margin,Marshall,scientific_f3_m5,10.589351654052734,41,0,False,False,,,,,,,,,,,
margin,Old Dominion,scientific_f3_m5,10.188891410827637,42,0,False,False,,,,,,,,,,,
margin,Georgia Tech,scientific_f3_m5,10.175993919372559,43,0,False,False,,,,,,,,,,,
margin,Kansas,scientific_f3_m5,9.959124565124512,44,0,False,False,,,,,,,,,,,
margin,Texas Tech,scientific_f3_m5,9.851103782653809,45,0,False,False,,,,,,,,,,,
margin,Virginia,scientific_f3_m5,9.843687057495117,46,0,False,False,,,,,,,,,,,
margin,Illinois,scientific_f3_m5,9.597177505493164,47,0,False,False,,,,,,,,,,,
margin,Wisconsin,scientific_f3_m5,9.518363952636719,48,0,False,False,,,,,,,,,,,
margin,Fresno State,scientific_f3_m5,9.507041931152344,49,0,False,False,,,,,,,,,,,
margin,Oklahoma,scientific_f3_m5,9.464298248291016,50,0,False,False,,,,,,,,,,,
margin,Delaware,scientific_f3_m5,9.018365859985352,51,0,False,False,,,,,,,,,,,
margin,UTSA,scientific_f3_m5,8.940482139587402,52,0,False,False,,,,,,,,,,,
margin,Kansas State,scientific_f3_m5,8.12189769744873,53,0,False,False,,,,,,,,,,,
margin,Colorado,scientific_f3_m5,8.114920616149902,54,0,False,False,,,,,,,,,,,
margin,UCLA,scientific_f3_m5,8.05407428741455,55,0,False,False,,,,,,,,,,,
margin,Auburn,scientific_f3_m5,8.015020370483398,56,0,False,False,,,,,,,,,,,
margin,Baylor,scientific_f3_m5,7.861422538757324,57,0,False,False,,,,,,,,,,,
margin,NC State,scientific_f3_m5,7.768472194671631,58,0,False,False,,,,,,,,,,,
margin,Tennessee,scientific_f3_m5,7.706290245056152,59,0,False,False,,,,,,,,,,,
margin,Iowa State,scientific_f3_m5,7.446469306945801,60,0,False,False,,,,,,,,,,,
margin,Utah,scientific_f3_m5,7.179412841796875,61,0,False,False,,,,,,,,,,,
margin,Boston College,scientific_f3_m5,6.802809715270996,62,0,False,False,,,,,,,,,,,
margin,Iowa,scientific_f3_m5,6.630245208740234,63,0,False,False,,,,,,,,,,,
margin,UConn,scientific_f3_m5,6.376132965087891,64,0,False,False,,,,,,,,,,,
margin,Houston,scientific_f3_m5,6.319619178771973,65,0,False,False,,,,,,,,,,,
margin,Washington State,scientific_f3_m5,6.238389015197754,66,0,False,False,,,,,,,,,,,
margin,Michigan State,scientific_f3_m5,6.078163146972656,67,0,False,False,,,,,,,,,,,
margin,Miami,scientific_f3_m5,5.815895080566406,68,0,False,False,,,,,,,,,,,
margin,Florida,scientific_f3_m5,5.612466812133789,69,0,False,False,,,,,,,,,,,
margin,North Carolina,scientific_f3_m5,5.575642108917236,70,0,False,False,,,,,,,,,,,
margin,BYU,scientific_f3_m5,5.4441118240356445,71,0,False,False,,,,,,,,,,,
margin,East Carolina,scientific_f3_m5,5.312530994415283,72,0,False,False,,,,,,,,,,,
margin,Toledo,scientific_f3_m5,5.001682281494141,73,0,False,False,,,,,,,,,,,
margin,Maryland,scientific_f3_m5,4.959475517272949,74,0,False,False,,,,,,,,,,,
margin,Northwestern,scientific_f3_m5,4.889700412750244,75,0,False,False,,,,,,,,,,,
margin,Florida International,scientific_f3_m5,4.347172737121582,76,0,False,False,,,,,,,,,,,
margin,Wake Forest,scientific_f3_m5,4.225914478302002,77,0,False,False,,,,,,,,,,,
margin,South Florida,scientific_f3_m5,4.04856538772583,78,0,False,False,,,,,,,,,,,
margin,Coastal Carolina,scientific_f3_m5,3.99645733833313,79,0,False,False,,,,,,,,,,,
margin,Kentucky,scientific_f3_m5,3.8195674419403076,80,0,False,False,,,,,,,,,,,
margin,Cincinnati,scientific_f3_m5,3.2546207904815674,81,0,False,False,,,,,,,,,,,
margin,West Virginia,scientific_f3_m5,3.1994845867156982,82,0,False,False,,,,,,,,,,,
margin,Army,scientific_f3_m5,3.151484489440918,83,0,False,False,,,,,,,,,,,
margin,UCF,scientific_f3_m5,3.133716344833374,84,0,False,False,,,,,,,,,,,
margin,Kennesaw State,scientific_f3_m5,3.1165335178375244,85,0,False,False,,,,,,,,,,,
margin,Minnesota,scientific_f3_m5,2.575056552886963,86,0,False,False,,,,,,,,,,,
margin,Western Michigan,scientific_f3_m5,2.392047166824341,87,0,False,False,,,,,,,,,,,
margin,Arkansas State,scientific_f3_m5,2.0458567142486572,88,0,False,False,,,,,,,,,,,
margin,App State,scientific_f3_m5,1.6713653802871704,89,0,False,False,,,,,,,,,,,
margin,New Mexico,scientific_f3_m5,1.6161034107208252,90,0,False,False,,,,,,,,,,,
margin,Florida Atlantic,scientific_f3_m5,1.6079862117767334,91,0,False,False,,,,,,,,,,,
margin,Liberty,scientific_f3_m5,1.4865944385528564,92,0,False,False,,,,,,,,,,,
margin,Utah State,scientific_f3_m5,0.8498537540435791,93,0,False,False,,,,,,,,,,,
margin,Sacramento State,scientific_f3_m5,0.43499302864074707,94,0,False,False,,,,,,,,,,,
margin,UAB,scientific_f3_m5,0.3009145259857178,95,0,False,False,,,,,,,,,,,
margin,Virginia Tech,scientific_f3_m5,-0.0736539289355278,96,0,False,False,,,,,,,,,,,
margin,Western Kentucky,scientific_f3_m5,-0.8770222663879395,97,0,False,False,,,,,,,,,,,
margin,Oregon State,scientific_f3_m5,-1.9108507633209229,98,0,False,False,,,,,,,,,,,
margin,Georgia Southern,scientific_f3_m5,-2.039663553237915,99,0,False,False,,,,,,,,,,,
margin,San Diego State,scientific_f3_m5,-2.528913736343384,100,0,False,False,,,,,,,,,,,
margin,Eastern Michigan,scientific_f3_m5,-2.757464647293091,101,0,False,False,,,,,,,,,,,
margin,Mississippi State,scientific_f3_m5,-3.311552047729492,102,0,False,False,,,,,,,,,,,
margin,Bowling Green,scientific_f3_m5,-3.3709986209869385,103,0,False,False,,,,,,,,,,,
margin,Purdue,scientific_f3_m5,-3.6321232318878174,104,0,False,False,,,,,,,,,,,
margin,Syracuse,scientific_f3_m5,-4.194649696350098,105,0,False,False,,,,,,,,,,,
margin,Louisiana,scientific_f3_m5,-4.2963409423828125,106,0,False,False,,,,,,,,,,,
margin,Akron,scientific_f3_m5,-4.466370582580566,107,0,False,False,,,,,,,,,,,
margin,North Dakota State,scientific_f3_m5,-5.103137969970703,108,0,False,False,,,,,,,,,,,
margin,Northern Illinois,scientific_f3_m5,-5.132933616638184,109,0,False,False,,,,,,,,,,,
margin,Colorado State,scientific_f3_m5,-5.288555145263672,110,0,False,False,,,,,,,,,,,
margin,Troy,scientific_f3_m5,-5.814505577087402,111,0,False,False,,,,,,,,,,,
margin,Southern Miss,scientific_f3_m5,-6.019658088684082,112,0,False,False,,,,,,,,,,,
margin,Buffalo,scientific_f3_m5,-6.527614116668701,113,0,False,False,,,,,,,,,,,
margin,Temple,scientific_f3_m5,-6.6493916511535645,114,0,False,False,,,,,,,,,,,
margin,Tulsa,scientific_f3_m5,-6.946710586547852,115,0,False,False,,,,,,,,,,,
margin,Middle Tennessee,scientific_f3_m5,-7.467731475830078,116,0,False,False,,,,,,,,,,,
margin,Georgia State,scientific_f3_m5,-8.904760360717773,117,0,False,False,,,,,,,,,,,
margin,Wyoming,scientific_f3_m5,-9.272300720214844,118,0,False,False,,,,,,,,,,,
margin,Ball State,scientific_f3_m5,-10.834896087646484,119,0,False,False,,,,,,,,,,,
margin,Nevada,scientific_f3_m5,-10.9801025390625,120,0,False,False,,,,,,,,,,,
margin,UTEP,scientific_f3_m5,-11.234745025634766,121,0,False,False,,,,,,,,,,,
margin,San José State,scientific_f3_m5,-11.638984680175781,122,0,False,False,,,,,,,,,,,
margin,Louisiana Tech,scientific_f3_m5,-11.98434066772461,123,0,False,False,,,,,,,,,,,
margin,Sam Houston,scientific_f3_m5,-12.291396141052246,124,0,False,False,,,,,,,,,,,
margin,UL Monroe,scientific_f3_m5,-12.763790130615234,125,0,False,False,,,,,,,,,,,
margin,Air Force,scientific_f3_m5,-13.194666862487793,126,0,False,False,,,,,,,,,,,
margin,Oklahoma State,scientific_f3_m5,-13.892288208007812,127,0,False,False,,,,,,,,,,,
margin,Kent State,scientific_f3_m5,-14.199482917785645,128,0,False,False,,,,,,,,,,,
margin,Stanford,scientific_f3_m5,-14.326128959655762,129,0,False,False,,,,,,,,,,,
margin,Central Michigan,scientific_f3_m5,-14.658454895019531,130,0,False,False,,,,,,,,,,,
margin,Rutgers,scientific_f3_m5,-16.63837432861328,131,0,False,False,,,,,,,,,,,
margin,Jacksonville State,scientific_f3_m5,-18.34833526611328,132,0,False,False,,,,,,,,,,,
margin,South Alabama,scientific_f3_m5,-19.042858123779297,133,0,False,False,,,,,,,,,,,
margin,Hawai'i,scientific_f3_m5,-19.728885650634766,134,0,False,False,,,,,,,,,,,
margin,Charlotte,scientific_f3_m5,-23.34024429321289,135,0,False,False,,,,,,,,,,,
margin,Rice,scientific_f3_m5,-23.905685424804688,136,0,False,False,,,,,,,,,,,
margin,Massachusetts,scientific_f3_m5,-26.803606033325195,137,0,False,False,,,,,,,,,,,
margin,New Mexico State,scientific_f3_m5,-34.340797424316406,138,0,False,False,,,,,,,,,,,
margin,USC,scientific_f3_m10,26.11453124634092,1,25,True,True,,,,,,,,,,,
margin,Ohio State,scientific_f3_m10,24.231097088033806,2,24,True,False,,,,,,,,,,,
margin,Virginia,scientific_f3_m10,21.58955027765726,3,23,True,False,,,,,,,,,,,
margin,North Dakota State,scientific_f3_m10,19.30912098863307,4,22,True,False,,,,,,,,,,,
margin,Indiana,scientific_f3_m10,17.137425698720154,5,21,True,False,,,,,,,,,,,
margin,Eastern Michigan,scientific_f3_m10,14.187810083638997,6,20,True,False,,,,,,,,,,,
margin,Miami,scientific_f3_m10,12.146782824052112,7,19,True,False,,,,,,,,,,,
margin,Ole Miss,scientific_f3_m10,11.280094077534297,8,18,True,False,,,,,,,,,,,
margin,Stanford,scientific_f3_m10,11.007599861487304,9,17,True,False,,,,,,,,,,,
margin,Texas Tech,scientific_f3_m10,10.853237990737979,10,16,True,False,,,,,,,,,,,
margin,Oregon,scientific_f3_m10,10.666801781605333,11,15,True,False,,,,,,,,,,,
margin,TCU,scientific_f3_m10,10.592828634522848,12,14,True,False,,,,,,,,,,,
margin,Michigan,scientific_f3_m10,10.585850322130803,13,13,True,False,,,,,,,,,,,
margin,Texas A&M,scientific_f3_m10,10.148487584692845,14,12,True,False,,,,,,,,,,,
margin,Memphis,scientific_f3_m10,10.010506042311778,15,11,True,False,,,,,,,,,,,
margin,Notre Dame,scientific_f3_m10,9.82253970685629,16,10,True,False,,,,,,,,,,,
margin,South Florida,scientific_f3_m10,9.632363883479174,17,9,True,False,,,,,,,,,,,
margin,Old Dominion,scientific_f3_m10,9.56509945797938,18,8,True,False,,,,,,,,,,,
margin,Toledo,scientific_f3_m10,8.706414676765847,19,7,True,False,,,,,,,,,,,
margin,Utah State,scientific_f3_m10,8.66331835716623,20,6,True,False,,,,,,,,,,,
margin,Georgia,scientific_f3_m10,8.150456179644532,21,5,True,False,,,,,,,,,,,
margin,Vanderbilt,scientific_f3_m10,8.021851446013292,22,4,True,False,,,,,,,,,,,
margin,Arkansas,scientific_f3_m10,8.00445447879964,23,3,True,False,,,,,,,,,,,
margin,UNLV,scientific_f3_m10,6.948411086514558,24,2,True,False,,,,,,,,,,,
margin,Air Force,scientific_f3_m10,6.759948565140917,25,1,True,False,,,,,,,,,,,
margin,Arizona State,scientific_f3_m10,6.56931598276713,26,0,False,False,,,,,,,,,,,
margin,Houston,scientific_f3_m10,6.374467426318818,27,0,False,False,,,,,,,,,,,
margin,Louisville,scientific_f3_m10,6.369246485833886,28,0,False,False,,,,,,,,,,,
margin,Utah,scientific_f3_m10,6.24356501705874,29,0,False,False,,,,,,,,,,,
margin,North Texas,scientific_f3_m10,6.233725673547077,30,0,False,False,,,,,,,,,,,
margin,San Diego State,scientific_f3_m10,6.122335364513776,31,0,False,False,,,,,,,,,,,
margin,Wake Forest,scientific_f3_m10,5.943908216481047,32,0,False,False,,,,,,,,,,,
margin,North Carolina,scientific_f3_m10,5.799432622705803,33,0,False,False,,,,,,,,,,,
margin,Virginia Tech,scientific_f3_m10,5.7734885790007135,34,0,False,False,,,,,,,,,,,
margin,Missouri,scientific_f3_m10,5.482579545544807,35,0,False,False,,,,,,,,,,,
margin,Texas State,scientific_f3_m10,5.388971560602819,36,0,False,False,,,,,,,,,,,
margin,Cincinnati,scientific_f3_m10,5.278963615649232,37,0,False,False,,,,,,,,,,,
margin,James Madison,scientific_f3_m10,5.198732976243776,38,0,False,False,,,,,,,,,,,
margin,SMU,scientific_f3_m10,5.115618735988799,39,0,False,False,,,,,,,,,,,
margin,Oklahoma,scientific_f3_m10,4.760347939819707,40,0,False,False,,,,,,,,,,,
margin,Florida State,scientific_f3_m10,4.727323791340851,41,0,False,False,,,,,,,,,,,
margin,Baylor,scientific_f3_m10,4.65055326117408,42,0,False,False,,,,,,,,,,,
margin,Florida International,scientific_f3_m10,4.538774791193687,43,0,False,False,,,,,,,,,,,
margin,Sacramento State,scientific_f3_m10,4.4596956007687165,44,0,False,False,,,,,,,,,,,
margin,Auburn,scientific_f3_m10,4.427756759360172,45,0,False,False,,,,,,,,,,,
margin,Iowa,scientific_f3_m10,4.411529616707797,46,0,False,False,,,,,,,,,,,
margin,Georgia Southern,scientific_f3_m10,4.198004202185173,47,0,False,False,,,,,,,,,,,
margin,Louisiana Tech,scientific_f3_m10,4.066280136401266,48,0,False,False,,,,,,,,,,,
margin,Kansas,scientific_f3_m10,4.015475913880344,49,0,False,False,,,,,,,,,,,
margin,Marshall,scientific_f3_m10,3.808055826327384,50,0,False,False,,,,,,,,,,,
margin,East Carolina,scientific_f3_m10,3.776417961476947,51,0,False,False,,,,,,,,,,,
margin,BYU,scientific_f3_m10,3.6872127969148343,52,0,False,False,,,,,,,,,,,
margin,Rutgers,scientific_f3_m10,3.483485675087234,53,0,False,False,,,,,,,,,,,
margin,Liberty,scientific_f3_m10,3.3409123960472233,54,0,False,False,,,,,,,,,,,
margin,Nebraska,scientific_f3_m10,3.330394888430265,55,0,False,False,,,,,,,,,,,
margin,Hawai'i,scientific_f3_m10,3.2278676546994243,56,0,False,False,,,,,,,,,,,
margin,Florida Atlantic,scientific_f3_m10,3.018769303305892,57,0,False,False,,,,,,,,,,,
margin,Navy,scientific_f3_m10,3.0029454728677774,58,0,False,False,,,,,,,,,,,
margin,Delaware,scientific_f3_m10,2.9960106725667814,59,0,False,False,,,,,,,,,,,
margin,Georgia State,scientific_f3_m10,2.907717414841228,60,0,False,False,,,,,,,,,,,
margin,Tulane,scientific_f3_m10,2.771667764623529,61,0,False,False,,,,,,,,,,,
margin,Middle Tennessee,scientific_f3_m10,2.6059248699120428,62,0,False,False,,,,,,,,,,,
margin,Akron,scientific_f3_m10,2.544094103239958,63,0,False,False,,,,,,,,,,,
margin,Boston College,scientific_f3_m10,2.47090603748722,64,0,False,False,,,,,,,,,,,
margin,South Carolina,scientific_f3_m10,2.4685188521402193,65,0,False,False,,,,,,,,,,,
margin,Fresno State,scientific_f3_m10,2.444600045143329,66,0,False,False,,,,,,,,,,,
margin,Michigan State,scientific_f3_m10,2.208305181043321,67,0,False,False,,,,,,,,,,,
margin,Arkansas State,scientific_f3_m10,2.026909602481395,68,0,False,False,,,,,,,,,,,
margin,Pittsburgh,scientific_f3_m10,2.0244869420445553,69,0,False,False,,,,,,,,,,,
margin,Florida,scientific_f3_m10,1.9881468094775068,70,0,False,False,,,,,,,,,,,
margin,Western Kentucky,scientific_f3_m10,1.8960508824622557,71,0,False,False,,,,,,,,,,,
margin,California,scientific_f3_m10,1.5823239302474064,72,0,False,False,,,,,,,,,,,
margin,Troy,scientific_f3_m10,1.5513407067999656,73,0,False,False,,,,,,,,,,,
margin,Boise State,scientific_f3_m10,1.384336800261491,74,0,False,False,,,,,,,,,,,
margin,Texas,scientific_f3_m10,1.3456097146172359,75,0,False,False,,,,,,,,,,,
margin,Penn State,scientific_f3_m10,1.3318204517057346,76,0,False,False,,,,,,,,,,,
margin,Alabama,scientific_f3_m10,1.1997873528292404,77,0,False,False,,,,,,,,,,,
margin,Georgia Tech,scientific_f3_m10,1.1467970642070966,78,0,False,False,,,,,,,,,,,
margin,Ohio,scientific_f3_m10,1.0611544191552942,79,0,False,False,,,,,,,,,,,
margin,Arizona,scientific_f3_m10,0.9870109155482674,80,0,False,False,,,,,,,,,,,
margin,Washington,scientific_f3_m10,0.8511949215794954,81,0,False,False,,,,,,,,,,,
margin,Mississippi State,scientific_f3_m10,0.7469122917868765,82,0,False,False,,,,,,,,,,,
margin,Tulsa,scientific_f3_m10,0.7234224602226249,83,0,False,False,,,,,,,,,,,
margin,Purdue,scientific_f3_m10,0.680122989176682,84,0,False,False,,,,,,,,,,,
margin,UCF,scientific_f3_m10,0.5980110022156874,85,0,False,False,,,,,,,,,,,
margin,Kansas State,scientific_f3_m10,0.5922556543064416,86,0,False,False,,,,,,,,,,,
margin,LSU,scientific_f3_m10,0.5841771005814621,87,0,False,False,,,,,,,,,,,
margin,Northwestern,scientific_f3_m10,0.5834007615537745,88,0,False,False,,,,,,,,,,,
margin,Tennessee,scientific_f3_m10,0.5072719918400285,89,0,False,False,,,,,,,,,,,
margin,Illinois,scientific_f3_m10,0.4572510816682228,90,0,False,False,,,,,,,,,,,
margin,Kennesaw State,scientific_f3_m10,0.44490091008432436,91,0,False,False,,,,,,,,,,,
margin,New Mexico,scientific_f3_m10,0.3725711331167687,92,0,False,False,,,,,,,,,,,
margin,Jacksonville State,scientific_f3_m10,0.20595132080881512,93,0,False,False,,,,,,,,,,,
margin,NC State,scientific_f3_m10,0.15872634951809944,94,0,False,False,,,,,,,,,,,
margin,Colorado State,scientific_f3_m10,0.14620555611922612,95,0,False,False,,,,,,,,,,,
margin,App State,scientific_f3_m10,0.07273160401669711,96,0,False,False,,,,,,,,,,,
margin,Western Michigan,scientific_f3_m10,-0.3247666736191997,97,0,False,False,,,,,,,,,,,
margin,Southern Miss,scientific_f3_m10,-0.43652372184317323,98,0,False,False,,,,,,,,,,,
margin,UTSA,scientific_f3_m10,-0.44828459588921943,99,0,False,False,,,,,,,,,,,
margin,Army,scientific_f3_m10,-0.5025497800382377,100,0,False,False,,,,,,,,,,,
margin,UCLA,scientific_f3_m10,-0.7103616810891002,101,0,False,False,,,,,,,,,,,
margin,Kentucky,scientific_f3_m10,-0.7927286090897137,102,0,False,False,,,,,,,,,,,
margin,Duke,scientific_f3_m10,-0.927385291416878,103,0,False,False,,,,,,,,,,,
margin,Central Michigan,scientific_f3_m10,-1.0199829667674096,104,0,False,False,,,,,,,,,,,
margin,UConn,scientific_f3_m10,-1.0563158340025602,105,0,False,False,,,,,,,,,,,
margin,Iowa State,scientific_f3_m10,-1.104717774054402,106,0,False,False,,,,,,,,,,,
margin,Minnesota,scientific_f3_m10,-1.2578650838937357,107,0,False,False,,,,,,,,,,,
margin,Colorado,scientific_f3_m10,-1.317381135935031,108,0,False,False,,,,,,,,,,,
margin,Syracuse,scientific_f3_m10,-1.8010008053179956,109,0,False,False,,,,,,,,,,,
margin,Bowling Green,scientific_f3_m10,-1.8970047800821168,110,0,False,False,,,,,,,,,,,
margin,Clemson,scientific_f3_m10,-1.9699041235263708,111,0,False,False,,,,,,,,,,,
margin,Missouri State,scientific_f3_m10,-2.0564070854545804,112,0,False,False,,,,,,,,,,,
margin,Washington State,scientific_f3_m10,-2.0676569648703467,113,0,False,False,,,,,,,,,,,
margin,Coastal Carolina,scientific_f3_m10,-2.1070468739229504,114,0,False,False,,,,,,,,,,,
margin,South Alabama,scientific_f3_m10,-2.158612682385104,115,0,False,False,,,,,,,,,,,
margin,Oregon State,scientific_f3_m10,-2.225145581063557,116,0,False,False,,,,,,,,,,,
margin,Temple,scientific_f3_m10,-2.370353046285184,117,0,False,False,,,,,,,,,,,
margin,Louisiana,scientific_f3_m10,-2.5035769492548994,118,0,False,False,,,,,,,,,,,
margin,Maryland,scientific_f3_m10,-2.6388311997173175,119,0,False,False,,,,,,,,,,,
margin,UL Monroe,scientific_f3_m10,-2.8264026992853863,120,0,False,False,,,,,,,,,,,
margin,Buffalo,scientific_f3_m10,-3.080919782342076,121,0,False,False,,,,,,,,,,,
margin,Miami (OH),scientific_f3_m10,-3.449005059762162,122,0,False,False,,,,,,,,,,,
margin,Wyoming,scientific_f3_m10,-3.6519150602561457,123,0,False,False,,,,,,,,,,,
margin,UAB,scientific_f3_m10,-4.684002736943349,124,0,False,False,,,,,,,,,,,
margin,Nevada,scientific_f3_m10,-5.787600587606801,125,0,False,False,,,,,,,,,,,
margin,Northern Illinois,scientific_f3_m10,-5.843872478785445,126,0,False,False,,,,,,,,,,,
margin,Sam Houston,scientific_f3_m10,-6.341468799916191,127,0,False,False,,,,,,,,,,,
margin,West Virginia,scientific_f3_m10,-6.639709281446998,128,0,False,False,,,,,,,,,,,
margin,Rice,scientific_f3_m10,-7.138729991576255,129,0,False,False,,,,,,,,,,,
margin,Oklahoma State,scientific_f3_m10,-8.738596242818595,130,0,False,False,,,,,,,,,,,
margin,Kent State,scientific_f3_m10,-9.26031505032489,131,0,False,False,,,,,,,,,,,
margin,UTEP,scientific_f3_m10,-10.244874854798116,132,0,False,False,,,,,,,,,,,
margin,Charlotte,scientific_f3_m10,-10.55458445037773,133,0,False,False,,,,,,,,,,,
margin,San José State,scientific_f3_m10,-11.652674438776705,134,0,False,False,,,,,,,,,,,
margin,Wisconsin,scientific_f3_m10,-12.095938958696934,135,0,False,False,,,,,,,,,,,
margin,Ball State,scientific_f3_m10,-12.626011573026233,136,0,False,False,,,,,,,,,,,
margin,Massachusetts,scientific_f3_m10,-15.352978394792817,137,0,False,False,,,,,,,,,,,
margin,New Mexico State,scientific_f3_m10,-26.579109867418584,138,0,False,False,,,,,,,,,,,
margin,Oregon,scientific_f4_m1,31.329906945422614,1,25,True,True,,,,,,,,,,,
margin,North Carolina,scientific_f4_m1,30.056022326964275,2,24,True,False,,,,,,,,,,,
margin,Ohio State,scientific_f4_m1,26.355032002271876,3,23,True,False,,,,,,,,,,,
margin,Notre Dame,scientific_f4_m1,25.09805015077805,4,22,True,False,,,,,,,,,,,
margin,Indiana,scientific_f4_m1,24.53971024612886,5,21,True,False,,,,,,,,,,,
margin,Ole Miss,scientific_f4_m1,24.335120341959875,6,20,True,False,,,,,,,,,,,
margin,Alabama,scientific_f4_m1,21.586624159799122,7,19,True,False,,,,,,,,,,,
margin,Memphis,scientific_f4_m1,20.544181821545052,8,18,True,False,,,,,,,,,,,
margin,Clemson,scientific_f4_m1,20.241506033578446,9,17,True,False,,,,,,,,,,,
margin,Miami,scientific_f4_m1,19.231207621945053,10,16,True,False,,,,,,,,,,,
margin,Boise State,scientific_f4_m1,19.012323779540623,11,15,True,False,,,,,,,,,,,
margin,Georgia,scientific_f4_m1,17.868731431957144,12,14,True,False,,,,,,,,,,,
margin,USC,scientific_f4_m1,17.779011083900745,13,13,True,False,,,,,,,,,,,
margin,East Carolina,scientific_f4_m1,17.573126763741552,14,12,True,False,,,,,,,,,,,
margin,Texas,scientific_f4_m1,17.107340140333772,15,11,True,False,,,,,,,,,,,
margin,LSU,scientific_f4_m1,16.63913243147493,16,10,True,False,,,,,,,,,,,
margin,Louisville,scientific_f4_m1,16.556422653802173,17,9,True,False,,,,,,,,,,,
margin,Texas A&M,scientific_f4_m1,15.557223730932293,18,8,True,False,,,,,,,,,,,
margin,Washington,scientific_f4_m1,15.51736558294325,19,7,True,False,,,,,,,,,,,
margin,UNLV,scientific_f4_m1,14.223779005839033,20,6,True,False,,,,,,,,,,,
margin,TCU,scientific_f4_m1,13.783527389773887,21,5,True,False,,,,,,,,,,,
margin,Michigan,scientific_f4_m1,13.700058000175908,22,4,True,False,,,,,,,,,,,
margin,SMU,scientific_f4_m1,13.415940695897124,23,3,True,False,,,,,,,,,,,
margin,North Texas,scientific_f4_m1,13.234121800861857,24,2,True,False,,,,,,,,,,,
margin,Texas Tech,scientific_f4_m1,12.887336302620795,25,1,True,False,,,,,,,,,,,
margin,Eastern Michigan,scientific_f4_m1,12.268301081954398,26,0,False,False,,,,,,,,,,,
margin,Texas State,scientific_f4_m1,11.505933698804263,27,0,False,False,,,,,,,,,,,
margin,Oklahoma,scientific_f4_m1,11.215119579587885,28,0,False,False,,,,,,,,,,,
margin,Virginia,scientific_f4_m1,10.663070753774006,29,0,False,False,,,,,,,,,,,
margin,Florida State,scientific_f4_m1,10.348790899237795,30,0,False,False,,,,,,,,,,,
margin,Duke,scientific_f4_m1,10.34295471059608,31,0,False,False,,,,,,,,,,,
margin,Penn State,scientific_f4_m1,9.874878899073142,32,0,False,False,,,,,,,,,,,
margin,James Madison,scientific_f4_m1,9.416798374176388,33,0,False,False,,,,,,,,,,,
margin,Tennessee,scientific_f4_m1,8.721509657251275,34,0,False,False,,,,,,,,,,,
margin,Western Michigan,scientific_f4_m1,8.556196908910579,35,0,False,False,,,,,,,,,,,
margin,Auburn,scientific_f4_m1,7.8975046914184075,36,0,False,False,,,,,,,,,,,
margin,Nebraska,scientific_f4_m1,7.725496155533075,37,0,False,False,,,,,,,,,,,
margin,NC State,scientific_f4_m1,7.078107243104805,38,0,False,False,,,,,,,,,,,
margin,Pittsburgh,scientific_f4_m1,6.814634345522344,39,0,False,False,,,,,,,,,,,
margin,Missouri,scientific_f4_m1,6.387264864911937,40,0,False,False,,,,,,,,,,,
margin,Fresno State,scientific_f4_m1,6.141258007868562,41,0,False,False,,,,,,,,,,,
margin,Toledo,scientific_f4_m1,6.135596143877097,42,0,False,False,,,,,,,,,,,
margin,Iowa,scientific_f4_m1,5.944951355500155,43,0,False,False,,,,,,,,,,,
margin,Marshall,scientific_f4_m1,5.724827941133592,44,0,False,False,,,,,,,,,,,
margin,Tulane,scientific_f4_m1,5.668573097976328,45,0,False,False,,,,,,,,,,,
margin,BYU,scientific_f4_m1,4.896021516498581,46,0,False,False,,,,,,,,,,,
margin,Wisconsin,scientific_f4_m1,4.843989162806405,47,0,False,False,,,,,,,,,,,
margin,Hawai'i,scientific_f4_m1,4.505876096633182,48,0,False,False,,,,,,,,,,,
margin,Washington State,scientific_f4_m1,4.434297229011822,49,0,False,False,,,,,,,,,,,
margin,South Florida,scientific_f4_m1,4.3278512491904335,50,0,False,False,,,,,,,,,,,
margin,Utah,scientific_f4_m1,4.29943480399918,51,0,False,False,,,,,,,,,,,
margin,Georgia Tech,scientific_f4_m1,3.9796467685057486,52,0,False,False,,,,,,,,,,,
margin,Baylor,scientific_f4_m1,3.8743228471813973,53,0,False,False,,,,,,,,,,,
margin,Illinois,scientific_f4_m1,2.488775464050111,54,0,False,False,,,,,,,,,,,
margin,Stanford,scientific_f4_m1,2.4026290248572115,55,0,False,False,,,,,,,,,,,
margin,Ohio,scientific_f4_m1,2.2973436109163297,56,0,False,False,,,,,,,,,,,
margin,Vanderbilt,scientific_f4_m1,2.0259059142689866,57,0,False,False,,,,,,,,,,,
margin,South Carolina,scientific_f4_m1,1.9282838059813479,58,0,False,False,,,,,,,,,,,
margin,Northwestern,scientific_f4_m1,1.819099013168326,59,0,False,False,,,,,,,,,,,
margin,Florida,scientific_f4_m1,1.4488576481029631,60,0,False,False,,,,,,,,,,,
margin,Miami (OH),scientific_f4_m1,1.39767279541464,61,0,False,False,,,,,,,,,,,
margin,California,scientific_f4_m1,0.7501660595799171,62,0,False,False,,,,,,,,,,,
margin,Liberty,scientific_f4_m1,0.7333985969448369,63,0,False,False,,,,,,,,,,,
margin,Arizona,scientific_f4_m1,0.274935436968085,64,0,False,False,,,,,,,,,,,
margin,Houston,scientific_f4_m1,0.19807166469931214,65,0,False,False,,,,,,,,,,,
margin,Sacramento State,scientific_f4_m1,0.028529419829949276,66,0,False,False,,,,,,,,,,,
margin,Cincinnati,scientific_f4_m1,-0.20331706149838702,67,0,False,False,,,,,,,,,,,
margin,Wake Forest,scientific_f4_m1,-1.5931579125003914,68,0,False,False,,,,,,,,,,,
margin,Boston College,scientific_f4_m1,-1.7695326182908797,69,0,False,False,,,,,,,,,,,
margin,New Mexico,scientific_f4_m1,-2.169773375344433,70,0,False,False,,,,,,,,,,,
margin,Missouri State,scientific_f4_m1,-2.2358453685762445,71,0,False,False,,,,,,,,,,,
margin,Colorado,scientific_f4_m1,-2.241972540468044,72,0,False,False,,,,,,,,,,,
margin,Iowa State,scientific_f4_m1,-2.5190505946691584,73,0,False,False,,,,,,,,,,,
margin,North Dakota State,scientific_f4_m1,-2.714054620382555,74,0,False,False,,,,,,,,,,,
margin,Western Kentucky,scientific_f4_m1,-3.35131761879175,75,0,False,False,,,,,,,,,,,
margin,Jacksonville State,scientific_f4_m1,-3.603066445729411,76,0,False,False,,,,,,,,,,,
margin,Oregon State,scientific_f4_m1,-3.6097622225623613,77,0,False,False,,,,,,,,,,,
margin,Central Michigan,scientific_f4_m1,-3.8393373951258916,78,0,False,False,,,,,,,,,,,
margin,West Virginia,scientific_f4_m1,-3.9172060729613243,79,0,False,False,,,,,,,,,,,
margin,UCLA,scientific_f4_m1,-4.4406172832406945,80,0,False,False,,,,,,,,,,,
margin,Michigan State,scientific_f4_m1,-4.669516604099748,81,0,False,False,,,,,,,,,,,
margin,San Diego State,scientific_f4_m1,-4.952530351603766,82,0,False,False,,,,,,,,,,,
margin,Minnesota,scientific_f4_m1,-5.455123113723776,83,0,False,False,,,,,,,,,,,
margin,Mississippi State,scientific_f4_m1,-5.735330935078002,84,0,False,False,,,,,,,,,,,
margin,Kansas State,scientific_f4_m1,-5.746927459816529,85,0,False,False,,,,,,,,,,,
margin,Arkansas State,scientific_f4_m1,-5.75308500283346,86,0,False,False,,,,,,,,,,,
margin,UTSA,scientific_f4_m1,-5.796383330225721,87,0,False,False,,,,,,,,,,,
margin,Florida Atlantic,scientific_f4_m1,-6.562250084300679,88,0,False,False,,,,,,,,,,,
margin,Ball State,scientific_f4_m1,-6.6719273902344085,89,0,False,False,,,,,,,,,,,
margin,Kentucky,scientific_f4_m1,-6.725171732198364,90,0,False,False,,,,,,,,,,,
margin,UTEP,scientific_f4_m1,-7.130920360400335,91,0,False,False,,,,,,,,,,,
margin,Old Dominion,scientific_f4_m1,-7.187269160282689,92,0,False,False,,,,,,,,,,,
margin,Florida International,scientific_f4_m1,-7.341610673398401,93,0,False,False,,,,,,,,,,,
margin,Arkansas,scientific_f4_m1,-7.422560153146581,94,0,False,False,,,,,,,,,,,
margin,UConn,scientific_f4_m1,-7.633952209503551,95,0,False,False,,,,,,,,,,,
margin,Northern Illinois,scientific_f4_m1,-7.685710785187238,96,0,False,False,,,,,,,,,,,
margin,Kansas,scientific_f4_m1,-7.696573748847623,97,0,False,False,,,,,,,,,,,
margin,Army,scientific_f4_m1,-8.325949075380104,98,0,False,False,,,,,,,,,,,
margin,San José State,scientific_f4_m1,-8.393271885616247,99,0,False,False,,,,,,,,,,,
margin,Kennesaw State,scientific_f4_m1,-8.875559436796312,100,0,False,False,,,,,,,,,,,
margin,Rutgers,scientific_f4_m1,-8.927911441218821,101,0,False,False,,,,,,,,,,,
margin,Akron,scientific_f4_m1,-9.02042214295971,102,0,False,False,,,,,,,,,,,
margin,Troy,scientific_f4_m1,-9.253236709521712,103,0,False,False,,,,,,,,,,,
margin,Arizona State,scientific_f4_m1,-9.44082061710456,104,0,False,False,,,,,,,,,,,
margin,Maryland,scientific_f4_m1,-9.473126563580239,105,0,False,False,,,,,,,,,,,
margin,UCF,scientific_f4_m1,-10.508421414168623,106,0,False,False,,,,,,,,,,,
margin,UAB,scientific_f4_m1,-10.658400752918737,107,0,False,False,,,,,,,,,,,
margin,Colorado State,scientific_f4_m1,-11.317572738400973,108,0,False,False,,,,,,,,,,,
margin,Delaware,scientific_f4_m1,-11.768283049337771,109,0,False,False,,,,,,,,,,,
margin,Virginia Tech,scientific_f4_m1,-12.263660230250352,110,0,False,False,,,,,,,,,,,
margin,Coastal Carolina,scientific_f4_m1,-12.307377191894702,111,0,False,False,,,,,,,,,,,
margin,Navy,scientific_f4_m1,-12.506468296816774,112,0,False,False,,,,,,,,,,,
margin,Kent State,scientific_f4_m1,-12.615257288352577,113,0,False,False,,,,,,,,,,,
margin,Tulsa,scientific_f4_m1,-13.117149503162665,114,0,False,False,,,,,,,,,,,
margin,Louisiana Tech,scientific_f4_m1,-13.195225926801594,115,0,False,False,,,,,,,,,,,
margin,Southern Miss,scientific_f4_m1,-13.564694568060819,116,0,False,False,,,,,,,,,,,
margin,Utah State,scientific_f4_m1,-14.141424778439934,117,0,False,False,,,,,,,,,,,
margin,Georgia Southern,scientific_f4_m1,-14.57396913893626,118,0,False,False,,,,,,,,,,,
margin,Bowling Green,scientific_f4_m1,-14.729048105564598,119,0,False,False,,,,,,,,,,,
margin,App State,scientific_f4_m1,-15.063633011256645,120,0,False,False,,,,,,,,,,,
margin,Buffalo,scientific_f4_m1,-15.281560130014949,121,0,False,False,,,,,,,,,,,
margin,Purdue,scientific_f4_m1,-15.305356751850837,122,0,False,False,,,,,,,,,,,
margin,Wyoming,scientific_f4_m1,-15.365501748535891,123,0,False,False,,,,,,,,,,,
margin,Syracuse,scientific_f4_m1,-15.572010796696294,124,0,False,False,,,,,,,,,,,
margin,South Alabama,scientific_f4_m1,-16.048564261130014,125,0,False,False,,,,,,,,,,,
margin,Louisiana,scientific_f4_m1,-16.085837904386757,126,0,False,False,,,,,,,,,,,
margin,Temple,scientific_f4_m1,-16.72064106448635,127,0,False,False,,,,,,,,,,,
margin,Oklahoma State,scientific_f4_m1,-16.799964112179943,128,0,False,False,,,,,,,,,,,
margin,Nevada,scientific_f4_m1,-16.903603113999218,129,0,False,False,,,,,,,,,,,
margin,Air Force,scientific_f4_m1,-17.611031477081756,130,0,False,False,,,,,,,,,,,
margin,UL Monroe,scientific_f4_m1,-19.808013749444886,131,0,False,False,,,,,,,,,,,
margin,Sam Houston,scientific_f4_m1,-22.1865432331152,132,0,False,False,,,,,,,,,,,
margin,Middle Tennessee,scientific_f4_m1,-22.787534362947106,133,0,False,False,,,,,,,,,,,
margin,New Mexico State,scientific_f4_m1,-23.506449168671107,134,0,False,False,,,,,,,,,,,
margin,Georgia State,scientific_f4_m1,-24.536608214438544,135,0,False,False,,,,,,,,,,,
margin,Rice,scientific_f4_m1,-25.980992609341204,136,0,False,False,,,,,,,,,,,
margin,Charlotte,scientific_f4_m1,-27.523128784789684,137,0,False,False,,,,,,,,,,,
margin,Massachusetts,scientific_f4_m1,-32.05461659258051,138,0,False,False,,,,,,,,,,,
margin,Oregon,scientific_f4_m2,37.174074826251314,1,25,True,True,,,,,,,,,,,
margin,Ohio State,scientific_f4_m2,32.77270723451877,2,24,True,False,,,,,,,,,,,
margin,Notre Dame,scientific_f4_m2,32.12976672653076,3,23,True,False,,,,,,,,,,,
margin,Indiana,scientific_f4_m2,31.20853864170752,4,22,True,False,,,,,,,,,,,
margin,Alabama,scientific_f4_m2,28.586453303810615,5,21,True,False,,,,,,,,,,,
margin,Ole Miss,scientific_f4_m2,27.368843603181155,6,20,True,False,,,,,,,,,,,
margin,Miami,scientific_f4_m2,26.972794282008543,7,19,True,False,,,,,,,,,,,
margin,North Carolina,scientific_f4_m2,26.24583565282242,8,18,True,False,,,,,,,,,,,
margin,Georgia,scientific_f4_m2,25.354393399321214,9,17,True,False,,,,,,,,,,,
margin,Texas A&M,scientific_f4_m2,24.550742144070338,10,16,True,False,,,,,,,,,,,
margin,Texas,scientific_f4_m2,24.529133459857615,11,15,True,False,,,,,,,,,,,
margin,Washington,scientific_f4_m2,22.883489421635286,12,14,True,False,,,,,,,,,,,
margin,Texas Tech,scientific_f4_m2,22.41739099767666,13,13,True,False,,,,,,,,,,,
margin,Oklahoma,scientific_f4_m2,21.78691631074643,14,12,True,False,,,,,,,,,,,
margin,Memphis,scientific_f4_m2,21.724674501976118,15,11,True,False,,,,,,,,,,,
margin,Michigan,scientific_f4_m2,21.48604577857158,16,10,True,False,,,,,,,,,,,
margin,Virginia,scientific_f4_m2,20.57751742143361,17,9,True,False,,,,,,,,,,,
margin,SMU,scientific_f4_m2,20.48164200326231,18,8,True,False,,,,,,,,,,,
margin,USC,scientific_f4_m2,20.083036991049564,19,7,True,False,,,,,,,,,,,
margin,Clemson,scientific_f4_m2,20.049503311430712,20,6,True,False,,,,,,,,,,,
margin,Florida State,scientific_f4_m2,17.649449429024063,21,5,True,False,,,,,,,,,,,
margin,James Madison,scientific_f4_m2,17.199091579079806,22,4,True,False,,,,,,,,,,,
margin,LSU,scientific_f4_m2,17.07871528803232,23,3,True,False,,,,,,,,,,,
margin,Penn State,scientific_f4_m2,16.974686051490995,24,2,True,False,,,,,,,,,,,
margin,Tennessee,scientific_f4_m2,16.8098100126402,25,1,True,False,,,,,,,,,,,
margin,Missouri,scientific_f4_m2,16.570861003509847,26,0,False,False,,,,,,,,,,,
margin,Boise State,scientific_f4_m2,16.443927626020677,27,0,False,False,,,,,,,,,,,
margin,Louisville,scientific_f4_m2,15.397404850006737,28,0,False,False,,,,,,,,,,,
margin,North Texas,scientific_f4_m2,15.222404592291394,29,0,False,False,,,,,,,,,,,
margin,Toledo,scientific_f4_m2,14.839537059844378,30,0,False,False,,,,,,,,,,,
margin,Nebraska,scientific_f4_m2,14.749164818372972,31,0,False,False,,,,,,,,,,,
margin,East Carolina,scientific_f4_m2,14.388185060451619,32,0,False,False,,,,,,,,,,,
margin,Auburn,scientific_f4_m2,14.296160739242012,33,0,False,False,,,,,,,,,,,
margin,Pittsburgh,scientific_f4_m2,13.974136292943118,34,0,False,False,,,,,,,,,,,
margin,Duke,scientific_f4_m2,13.952566192619617,35,0,False,False,,,,,,,,,,,
margin,Georgia Tech,scientific_f4_m2,12.98499665896993,36,0,False,False,,,,,,,,,,,
margin,Iowa,scientific_f4_m2,12.875368866962638,37,0,False,False,,,,,,,,,,,
margin,BYU,scientific_f4_m2,12.542024730723174,38,0,False,False,,,,,,,,,,,
margin,Utah,scientific_f4_m2,12.527831119106942,39,0,False,False,,,,,,,,,,,
margin,Vanderbilt,scientific_f4_m2,11.28007086597602,40,0,False,False,,,,,,,,,,,
margin,Baylor,scientific_f4_m2,10.95458334031224,41,0,False,False,,,,,,,,,,,
margin,Tulane,scientific_f4_m2,10.86133214363043,42,0,False,False,,,,,,,,,,,
margin,Florida,scientific_f4_m2,10.59406125931386,43,0,False,False,,,,,,,,,,,
margin,South Florida,scientific_f4_m2,10.30938062644661,44,0,False,False,,,,,,,,,,,
margin,Texas State,scientific_f4_m2,10.00114431279362,45,0,False,False,,,,,,,,,,,
margin,TCU,scientific_f4_m2,9.991091292352122,46,0,False,False,,,,,,,,,,,
margin,Ohio,scientific_f4_m2,9.374552627198492,47,0,False,False,,,,,,,,,,,
margin,South Carolina,scientific_f4_m2,9.240130288338023,48,0,False,False,,,,,,,,,,,
margin,UNLV,scientific_f4_m2,9.18292398744804,49,0,False,False,,,,,,,,,,,
margin,Stanford,scientific_f4_m2,9.033966770244513,50,0,False,False,,,,,,,,,,,
margin,Western Michigan,scientific_f4_m2,8.420014206436461,51,0,False,False,,,,,,,,,,,
margin,Fresno State,scientific_f4_m2,8.396425796406223,52,0,False,False,,,,,,,,,,,
margin,Arizona,scientific_f4_m2,8.128412451091076,53,0,False,False,,,,,,,,,,,
margin,Illinois,scientific_f4_m2,8.006106440142437,54,0,False,False,,,,,,,,,,,
margin,Cincinnati,scientific_f4_m2,7.938752331088818,55,0,False,False,,,,,,,,,,,
margin,California,scientific_f4_m2,7.711849721344008,56,0,False,False,,,,,,,,,,,
margin,Wake Forest,scientific_f4_m2,7.072800155922071,57,0,False,False,,,,,,,,,,,
margin,Miami (OH),scientific_f4_m2,6.7084121389612825,58,0,False,False,,,,,,,,,,,
margin,Washington State,scientific_f4_m2,6.311336016426969,59,0,False,False,,,,,,,,,,,
margin,Northwestern,scientific_f4_m2,6.2467721472378415,60,0,False,False,,,,,,,,,,,
margin,Houston,scientific_f4_m2,6.207626520237595,61,0,False,False,,,,,,,,,,,
margin,Liberty,scientific_f4_m2,5.849406876631829,62,0,False,False,,,,,,,,,,,
margin,Kansas State,scientific_f4_m2,5.590042797555723,63,0,False,False,,,,,,,,,,,
margin,Marshall,scientific_f4_m2,5.519010744392402,64,0,False,False,,,,,,,,,,,
margin,Rutgers,scientific_f4_m2,5.452110324579564,65,0,False,False,,,,,,,,,,,
margin,Eastern Michigan,scientific_f4_m2,5.356245486445621,66,0,False,False,,,,,,,,,,,
margin,NC State,scientific_f4_m2,5.328313580525748,67,0,False,False,,,,,,,,,,,
margin,Boston College,scientific_f4_m2,4.940859538823869,68,0,False,False,,,,,,,,,,,
margin,Iowa State,scientific_f4_m2,4.11429084275808,69,0,False,False,,,,,,,,,,,
margin,New Mexico,scientific_f4_m2,3.394761627059684,70,0,False,False,,,,,,,,,,,
margin,Colorado,scientific_f4_m2,3.1582406912091043,71,0,False,False,,,,,,,,,,,
margin,West Virginia,scientific_f4_m2,3.1194873747476013,72,0,False,False,,,,,,,,,,,
margin,San Diego State,scientific_f4_m2,2.7671298940443085,73,0,False,False,,,,,,,,,,,
margin,Western Kentucky,scientific_f4_m2,2.6673416488419788,74,0,False,False,,,,,,,,,,,
margin,Oregon State,scientific_f4_m2,2.3247528227630303,75,0,False,False,,,,,,,,,,,
margin,Mississippi State,scientific_f4_m2,2.209808481262063,76,0,False,False,,,,,,,,,,,
margin,UTSA,scientific_f4_m2,2.1153194337082173,77,0,False,False,,,,,,,,,,,
margin,Michigan State,scientific_f4_m2,2.029027869834942,78,0,False,False,,,,,,,,,,,
margin,Arizona State,scientific_f4_m2,1.770130993772045,79,0,False,False,,,,,,,,,,,
margin,Central Michigan,scientific_f4_m2,1.6551325855404162,80,0,False,False,,,,,,,,,,,
margin,Wisconsin,scientific_f4_m2,1.6382284034344057,81,0,False,False,,,,,,,,,,,
margin,Old Dominion,scientific_f4_m2,1.633040398500004,82,0,False,False,,,,,,,,,,,
margin,UCLA,scientific_f4_m2,1.6302168184846826,83,0,False,False,,,,,,,,,,,
margin,Minnesota,scientific_f4_m2,1.3961110591985104,84,0,False,False,,,,,,,,,,,
margin,Hawai'i,scientific_f4_m2,0.2166961036299777,85,0,False,False,,,,,,,,,,,
margin,Kentucky,scientific_f4_m2,-0.018633390738945987,86,0,False,False,,,,,,,,,,,
margin,Arkansas State,scientific_f4_m2,-0.05868616849048136,87,0,False,False,,,,,,,,,,,
margin,Arkansas,scientific_f4_m2,-0.26345774770926145,88,0,False,False,,,,,,,,,,,
margin,Florida Atlantic,scientific_f4_m2,-0.4494339879200835,89,0,False,False,,,,,,,,,,,
margin,UConn,scientific_f4_m2,-0.5279785503275081,90,0,False,False,,,,,,,,,,,
margin,Navy,scientific_f4_m2,-0.5892444676483528,91,0,False,False,,,,,,,,,,,
margin,Florida International,scientific_f4_m2,-0.8062909853566835,92,0,False,False,,,,,,,,,,,
margin,Kansas,scientific_f4_m2,-0.9368541972447648,93,0,False,False,,,,,,,,,,,
margin,Missouri State,scientific_f4_m2,-1.5683136973224645,94,0,False,False,,,,,,,,,,,
margin,Kennesaw State,scientific_f4_m2,-2.1945195912407574,95,0,False,False,,,,,,,,,,,
margin,North Dakota State,scientific_f4_m2,-2.2378932332008716,96,0,False,False,,,,,,,,,,,
margin,UCF,scientific_f4_m2,-2.4441019407525175,97,0,False,False,,,,,,,,,,,
margin,Akron,scientific_f4_m2,-3.3700178286050395,98,0,False,False,,,,,,,,,,,
margin,Army,scientific_f4_m2,-3.5527591801282568,99,0,False,False,,,,,,,,,,,
margin,Troy,scientific_f4_m2,-3.786101110499832,100,0,False,False,,,,,,,,,,,
margin,Virginia Tech,scientific_f4_m2,-4.386311359494644,101,0,False,False,,,,,,,,,,,
margin,Maryland,scientific_f4_m2,-4.3899388695216395,102,0,False,False,,,,,,,,,,,
margin,UAB,scientific_f4_m2,-4.684512602801589,103,0,False,False,,,,,,,,,,,
margin,Coastal Carolina,scientific_f4_m2,-5.70080555493676,104,0,False,False,,,,,,,,,,,
margin,Louisiana Tech,scientific_f4_m2,-5.882202924719547,105,0,False,False,,,,,,,,,,,
margin,Utah State,scientific_f4_m2,-5.9575666565220065,106,0,False,False,,,,,,,,,,,
margin,San José State,scientific_f4_m2,-6.0773719309274234,107,0,False,False,,,,,,,,,,,
margin,Northern Illinois,scientific_f4_m2,-6.2592529017124185,108,0,False,False,,,,,,,,,,,
margin,Sacramento State,scientific_f4_m2,-6.36231173298718,109,0,False,False,,,,,,,,,,,
margin,Delaware,scientific_f4_m2,-6.821146636830651,110,0,False,False,,,,,,,,,,,
margin,Tulsa,scientific_f4_m2,-7.588311158775011,111,0,False,False,,,,,,,,,,,
margin,UTEP,scientific_f4_m2,-7.79245433718299,112,0,False,False,,,,,,,,,,,
margin,Southern Miss,scientific_f4_m2,-8.094055760842199,113,0,False,False,,,,,,,,,,,
margin,Kent State,scientific_f4_m2,-8.349587968487922,114,0,False,False,,,,,,,,,,,
margin,Colorado State,scientific_f4_m2,-8.438144572433202,115,0,False,False,,,,,,,,,,,
margin,App State,scientific_f4_m2,-8.531010812950221,116,0,False,False,,,,,,,,,,,
margin,Jacksonville State,scientific_f4_m2,-8.625936370986132,117,0,False,False,,,,,,,,,,,
margin,South Alabama,scientific_f4_m2,-8.862127686549211,118,0,False,False,,,,,,,,,,,
margin,Georgia Southern,scientific_f4_m2,-9.161855739677607,119,0,False,False,,,,,,,,,,,
margin,Louisiana,scientific_f4_m2,-9.2060167866936,120,0,False,False,,,,,,,,,,,
margin,Syracuse,scientific_f4_m2,-9.282999158048543,121,0,False,False,,,,,,,,,,,
margin,Nevada,scientific_f4_m2,-9.779774482540969,122,0,False,False,,,,,,,,,,,
margin,Bowling Green,scientific_f4_m2,-10.191064219118086,123,0,False,False,,,,,,,,,,,
margin,Air Force,scientific_f4_m2,-10.42986530004967,124,0,False,False,,,,,,,,,,,
margin,Buffalo,scientific_f4_m2,-10.623839113790755,125,0,False,False,,,,,,,,,,,
margin,Purdue,scientific_f4_m2,-10.757785288266659,126,0,False,False,,,,,,,,,,,
margin,UL Monroe,scientific_f4_m2,-10.858431867523581,127,0,False,False,,,,,,,,,,,
margin,Wyoming,scientific_f4_m2,-11.487064827399896,128,0,False,False,,,,,,,,,,,
margin,Temple,scientific_f4_m2,-12.485741957828111,129,0,False,False,,,,,,,,,,,
margin,Oklahoma State,scientific_f4_m2,-12.852445656987493,130,0,False,False,,,,,,,,,,,
margin,Ball State,scientific_f4_m2,-13.633151764042333,131,0,False,False,,,,,,,,,,,
margin,New Mexico State,scientific_f4_m2,-16.538246556156935,132,0,False,False,,,,,,,,,,,
margin,Sam Houston,scientific_f4_m2,-16.782205469115254,133,0,False,False,,,,,,,,,,,
margin,Middle Tennessee,scientific_f4_m2,-17.066668458699105,134,0,False,False,,,,,,,,,,,
margin,Georgia State,scientific_f4_m2,-19.071629794299188,135,0,False,False,,,,,,,,,,,
margin,Rice,scientific_f4_m2,-19.467635951280908,136,0,False,False,,,,,,,,,,,
margin,Charlotte,scientific_f4_m2,-26.37525229117971,137,0,False,False,,,,,,,,,,,
margin,Massachusetts,scientific_f4_m2,-26.635057321656546,138,0,False,False,,,,,,,,,,,
margin,Ohio State,scientific_f4_m3,28.169254542966595,1,25,True,True,,,,,,,,,,,
margin,Oregon,scientific_f4_m3,26.35249389499389,2,24,True,False,,,,,,,,,,,
margin,Notre Dame,scientific_f4_m3,22.79120238095238,3,23,True,False,,,,,,,,,,,
margin,Indiana,scientific_f4_m3,21.27025714285716,4,22,True,False,,,,,,,,,,,
margin,USC,scientific_f4_m3,21.23065584415584,5,21,True,False,,,,,,,,,,,
margin,Ole Miss,scientific_f4_m3,20.255598088991963,6,20,True,False,,,,,,,,,,,
margin,Georgia,scientific_f4_m3,19.71339417260194,7,19,True,False,,,,,,,,,,,
margin,Texas Tech,scientific_f4_m3,18.90521111111112,8,18,True,False,,,,,,,,,,,
margin,Miami,scientific_f4_m3,18.07230010441182,9,17,True,False,,,,,,,,,,,
margin,Alabama,scientific_f4_m3,17.73588512142783,10,16,True,False,,,,,,,,,,,
margin,James Madison,scientific_f4_m3,16.17765952380953,11,15,True,False,,,,,,,,,,,
margin,Washington,scientific_f4_m3,16.027951587301587,12,14,True,False,,,,,,,,,,,
margin,Texas A&M,scientific_f4_m3,15.709685710347008,13,13,True,False,,,,,,,,,,,
margin,Utah,scientific_f4_m3,15.237285642135648,14,12,True,False,,,,,,,,,,,
margin,Clemson,scientific_f4_m3,14.894605338400577,15,11,True,False,,,,,,,,,,,
margin,Texas,scientific_f4_m3,14.693646658397036,16,10,True,False,,,,,,,,,,,
margin,Virginia,scientific_f4_m3,14.688309523809513,17,9,True,False,,,,,,,,,,,
margin,Oklahoma,scientific_f4_m3,14.514103535353538,18,8,True,False,,,,,,,,,,,
margin,Toledo,scientific_f4_m3,13.967017971399086,19,7,True,False,,,,,,,,,,,
margin,Michigan,scientific_f4_m3,13.769785779109093,20,6,True,False,,,,,,,,,,,
margin,SMU,scientific_f4_m3,13.559451487201482,21,5,True,False,,,,,,,,,,,
margin,Missouri,scientific_f4_m3,13.164833058355788,22,4,True,False,,,,,,,,,,,
margin,Tennessee,scientific_f4_m3,13.086462860836384,23,3,True,False,,,,,,,,,,,
margin,LSU,scientific_f4_m3,12.798917864662593,24,2,True,False,,,,,,,,,,,
margin,Penn State,scientific_f4_m3,12.163169087760592,25,1,True,False,,,,,,,,,,,
margin,BYU,scientific_f4_m3,11.70297288102348,26,0,False,False,,,,,,,,,,,
margin,Iowa,scientific_f4_m3,11.628689939362314,27,0,False,False,,,,,,,,,,,
margin,Florida State,scientific_f4_m3,11.597763492063502,28,0,False,False,,,,,,,,,,,
margin,Vanderbilt,scientific_f4_m3,11.36426789819376,29,0,False,False,,,,,,,,,,,
margin,Louisville,scientific_f4_m3,11.283875181244499,30,0,False,False,,,,,,,,,,,
margin,North Texas,scientific_f4_m3,10.595437899649875,31,0,False,False,,,,,,,,,,,
margin,Boise State,scientific_f4_m3,10.170272878022871,32,0,False,False,,,,,,,,,,,
margin,Memphis,scientific_f4_m3,10.018389105339107,33,0,False,False,,,,,,,,,,,
margin,North Dakota State,scientific_f4_m3,9.49100082140082,34,0,False,False,,,,,,,,,,,
margin,South Florida,scientific_f4_m3,8.410255158730159,35,0,False,False,,,,,,,,,,,
margin,Pittsburgh,scientific_f4_m3,8.202132358075257,36,0,False,False,,,,,,,,,,,
margin,East Carolina,scientific_f4_m3,8.123691750208854,37,0,False,False,,,,,,,,,,,
margin,Nebraska,scientific_f4_m3,8.040646487330157,38,0,False,False,,,,,,,,,,,
margin,Georgia Tech,scientific_f4_m3,7.709972679539914,39,0,False,False,,,,,,,,,,,
margin,Auburn,scientific_f4_m3,7.497928063155735,40,0,False,False,,,,,,,,,,,
margin,Illinois,scientific_f4_m3,7.194769129806871,41,0,False,False,,,,,,,,,,,
margin,Duke,scientific_f4_m3,6.757281813060465,42,0,False,False,,,,,,,,,,,
margin,Iowa State,scientific_f4_m3,6.723311962363804,43,0,False,False,,,,,,,,,,,
margin,Kansas State,scientific_f4_m3,6.703840553758933,44,0,False,False,,,,,,,,,,,
margin,Old Dominion,scientific_f4_m3,6.512974434824439,45,0,False,False,,,,,,,,,,,
margin,Florida,scientific_f4_m3,6.460696610560147,46,0,False,False,,,,,,,,,,,
margin,Stanford,scientific_f4_m3,6.399768253968255,47,0,False,False,,,,,,,,,,,
margin,Arizona,scientific_f4_m3,6.2889667750698495,48,0,False,False,,,,,,,,,,,
margin,Cincinnati,scientific_f4_m3,6.206174102088388,49,0,False,False,,,,,,,,,,,
margin,South Carolina,scientific_f4_m3,6.104141953936474,50,0,False,False,,,,,,,,,,,
margin,Wake Forest,scientific_f4_m3,6.057490463447939,51,0,False,False,,,,,,,,,,,
margin,North Carolina,scientific_f4_m3,5.849550158730155,52,0,False,False,,,,,,,,,,,
margin,Texas State,scientific_f4_m3,5.5429428571428545,53,0,False,False,,,,,,,,,,,
margin,San Diego State,scientific_f4_m3,4.716541695526693,54,0,False,False,,,,,,,,,,,
margin,Tulane,scientific_f4_m3,4.6709296928916455,55,0,False,False,,,,,,,,,,,
margin,Navy,scientific_f4_m3,4.376179942279942,56,0,False,False,,,,,,,,,,,
margin,Fresno State,scientific_f4_m3,4.278661787891343,57,0,False,False,,,,,,,,,,,
margin,Western Michigan,scientific_f4_m3,4.007937009509898,58,0,False,False,,,,,,,,,,,
margin,Houston,scientific_f4_m3,4.007362241034766,59,0,False,False,,,,,,,,,,,
margin,Baylor,scientific_f4_m3,3.8951067838815727,60,0,False,False,,,,,,,,,,,
margin,Arizona State,scientific_f4_m3,3.862716683334996,61,0,False,False,,,,,,,,,,,
margin,Minnesota,scientific_f4_m3,3.541956614749298,62,0,False,False,,,,,,,,,,,
margin,Ohio,scientific_f4_m3,3.1660364162302637,63,0,False,False,,,,,,,,,,,
margin,Miami (OH),scientific_f4_m3,2.973190551857284,64,0,False,False,,,,,,,,,,,
margin,UConn,scientific_f4_m3,2.899216866466867,65,0,False,False,,,,,,,,,,,
margin,UTSA,scientific_f4_m3,2.8966135708759166,66,0,False,False,,,,,,,,,,,
margin,Washington State,scientific_f4_m3,2.6920465841915053,67,0,False,False,,,,,,,,,,,
margin,Marshall,scientific_f4_m3,2.6101649742769317,68,0,False,False,,,,,,,,,,,
margin,Wisconsin,scientific_f4_m3,2.4269455988455975,69,0,False,False,,,,,,,,,,,
margin,TCU,scientific_f4_m3,2.400665079365079,70,0,False,False,,,,,,,,,,,
margin,California,scientific_f4_m3,2.023424999999999,71,0,False,False,,,,,,,,,,,
margin,Northwestern,scientific_f4_m3,1.6201789672789664,72,0,False,False,,,,,,,,,,,
margin,Western Kentucky,scientific_f4_m3,1.565464472266353,73,0,False,False,,,,,,,,,,,
margin,Arkansas,scientific_f4_m3,1.4988277777777776,74,0,False,False,,,,,,,,,,,
margin,Utah State,scientific_f4_m3,1.3810580861550388,75,0,False,False,,,,,,,,,,,
margin,Liberty,scientific_f4_m3,0.9524856042262824,76,0,False,False,,,,,,,,,,,
margin,Kansas,scientific_f4_m3,0.835783843537415,77,0,False,False,,,,,,,,,,,
margin,New Mexico,scientific_f4_m3,0.807725495281118,78,0,False,False,,,,,,,,,,,
margin,Mississippi State,scientific_f4_m3,0.7073444310520391,79,0,False,False,,,,,,,,,,,
margin,Louisiana Tech,scientific_f4_m3,0.6587226147342995,80,0,False,False,,,,,,,,,,,
margin,UNLV,scientific_f4_m3,0.5475949494949499,81,0,False,False,,,,,,,,,,,
margin,Kentucky,scientific_f4_m3,0.5398365079365081,82,0,False,False,,,,,,,,,,,
margin,West Virginia,scientific_f4_m3,0.36176608946608946,83,0,False,False,,,,,,,,,,,
margin,Army,scientific_f4_m3,-0.17355927960927967,84,0,False,False,,,,,,,,,,,
margin,Central Michigan,scientific_f4_m3,-0.3437690479591998,85,0,False,False,,,,,,,,,,,
margin,UCF,scientific_f4_m3,-0.37677802009928174,86,0,False,False,,,,,,,,,,,
margin,Eastern Michigan,scientific_f4_m3,-0.5882950937950946,87,0,False,False,,,,,,,,,,,
margin,Virginia Tech,scientific_f4_m3,-0.5955746031746025,88,0,False,False,,,,,,,,,,,
margin,Rutgers,scientific_f4_m3,-0.9092420634920636,89,0,False,False,,,,,,,,,,,
margin,Troy,scientific_f4_m3,-1.6128501035196687,90,0,False,False,,,,,,,,,,,
margin,South Alabama,scientific_f4_m3,-1.7822536019536024,91,0,False,False,,,,,,,,,,,
margin,Southern Miss,scientific_f4_m3,-1.9995009553248684,92,0,False,False,,,,,,,,,,,
margin,Florida International,scientific_f4_m3,-2.042109706323416,93,0,False,False,,,,,,,,,,,
margin,Kennesaw State,scientific_f4_m3,-2.0887045015795014,94,0,False,False,,,,,,,,,,,
margin,Louisiana,scientific_f4_m3,-2.2062778163696763,95,0,False,False,,,,,,,,,,,
margin,Buffalo,scientific_f4_m3,-2.2559343729067862,96,0,False,False,,,,,,,,,,,
margin,Air Force,scientific_f4_m3,-2.5621396825396827,97,0,False,False,,,,,,,,,,,
margin,Delaware,scientific_f4_m3,-2.81863686112126,98,0,False,False,,,,,,,,,,,
margin,Maryland,scientific_f4_m3,-3.075233609385783,99,0,False,False,,,,,,,,,,,
margin,Boston College,scientific_f4_m3,-3.12192619047619,100,0,False,False,,,,,,,,,,,
margin,UCLA,scientific_f4_m3,-3.181270634920637,101,0,False,False,,,,,,,,,,,
margin,Arkansas State,scientific_f4_m3,-3.8974958874458885,102,0,False,False,,,,,,,,,,,
margin,App State,scientific_f4_m3,-4.050483333333331,103,0,False,False,,,,,,,,,,,
margin,Georgia Southern,scientific_f4_m3,-4.12633253968254,104,0,False,False,,,,,,,,,,,
margin,Colorado,scientific_f4_m3,-4.152582539682541,105,0,False,False,,,,,,,,,,,
margin,Michigan State,scientific_f4_m3,-4.192170634920631,106,0,False,False,,,,,,,,,,,
margin,Oregon State,scientific_f4_m3,-4.226637610801897,107,0,False,False,,,,,,,,,,,
margin,Bowling Green,scientific_f4_m3,-4.35306031746032,108,0,False,False,,,,,,,,,,,
margin,NC State,scientific_f4_m3,-4.357202236652239,109,0,False,False,,,,,,,,,,,
margin,Missouri State,scientific_f4_m3,-4.7301936507936535,110,0,False,False,,,,,,,,,,,
margin,Tulsa,scientific_f4_m3,-4.962865873015868,111,0,False,False,,,,,,,,,,,
margin,Temple,scientific_f4_m3,-5.030840476190469,112,0,False,False,,,,,,,,,,,
margin,Akron,scientific_f4_m3,-5.163180086580083,113,0,False,False,,,,,,,,,,,
margin,Wyoming,scientific_f4_m3,-5.492816666666665,114,0,False,False,,,,,,,,,,,
margin,Colorado State,scientific_f4_m3,-5.631573015873013,115,0,False,False,,,,,,,,,,,
margin,Purdue,scientific_f4_m3,-5.778247041847041,116,0,False,False,,,,,,,,,,,
margin,Northern Illinois,scientific_f4_m3,-5.980730952380953,117,0,False,False,,,,,,,,,,,
margin,Syracuse,scientific_f4_m3,-6.078113852813848,118,0,False,False,,,,,,,,,,,
margin,Coastal Carolina,scientific_f4_m3,-6.559576695526701,119,0,False,False,,,,,,,,,,,
margin,UTEP,scientific_f4_m3,-6.616680952380953,120,0,False,False,,,,,,,,,,,
margin,Florida Atlantic,scientific_f4_m3,-6.669142207792209,121,0,False,False,,,,,,,,,,,
margin,UAB,scientific_f4_m3,-6.711310317460318,122,0,False,False,,,,,,,,,,,
margin,Rice,scientific_f4_m3,-6.918472222222221,123,0,False,False,,,,,,,,,,,
margin,Nevada,scientific_f4_m3,-7.777519047619048,124,0,False,False,,,,,,,,,,,
margin,UL Monroe,scientific_f4_m3,-8.167582539682543,125,0,False,False,,,,,,,,,,,
margin,Middle Tennessee,scientific_f4_m3,-8.257171031746031,126,0,False,False,,,,,,,,,,,
margin,Oklahoma State,scientific_f4_m3,-9.192794444444443,127,0,False,False,,,,,,,,,,,
margin,Kent State,scientific_f4_m3,-9.878807142857136,128,0,False,False,,,,,,,,,,,
margin,Ball State,scientific_f4_m3,-10.899657142857144,129,0,False,False,,,,,,,,,,,
margin,Sacramento State,scientific_f4_m3,-11.001643939393938,130,0,False,False,,,,,,,,,,,
margin,San José State,scientific_f4_m3,-11.480982828282832,131,0,False,False,,,,,,,,,,,
margin,Georgia State,scientific_f4_m3,-11.713519047619046,132,0,False,False,,,,,,,,,,,
margin,Hawai'i,scientific_f4_m3,-11.89671904761905,133,0,False,False,,,,,,,,,,,
margin,New Mexico State,scientific_f4_m3,-12.585544444444452,134,0,False,False,,,,,,,,,,,
margin,Jacksonville State,scientific_f4_m3,-12.873123809523808,135,0,False,False,,,,,,,,,,,
margin,Sam Houston,scientific_f4_m3,-14.503941269841265,136,0,False,False,,,,,,,,,,,
margin,Charlotte,scientific_f4_m3,-15.099675324675315,137,0,False,False,,,,,,,,,,,
margin,Massachusetts,scientific_f4_m3,-19.31558571428571,138,0,False,False,,,,,,,,,,,
margin,Ohio State,scientific_f4_m4,32.265517332784945,1,25,True,True,,,,,,,,,,,
margin,Oregon,scientific_f4_m4,29.837315024792577,2,24,True,False,,,,,,,,,,,
margin,Notre Dame,scientific_f4_m4,26.30294282569474,3,23,True,False,,,,,,,,,,,
margin,Indiana,scientific_f4_m4,24.936688900953303,4,22,True,False,,,,,,,,,,,
margin,Miami,scientific_f4_m4,22.05143569680656,5,21,True,False,,,,,,,,,,,
margin,Ole Miss,scientific_f4_m4,21.63757628648827,6,20,True,False,,,,,,,,,,,
margin,Georgia,scientific_f4_m4,21.50128321097556,7,19,True,False,,,,,,,,,,,
margin,Alabama,scientific_f4_m4,20.520799316646432,8,18,True,False,,,,,,,,,,,
margin,USC,scientific_f4_m4,19.74925071128451,9,17,True,False,,,,,,,,,,,
margin,Virginia,scientific_f4_m4,17.828664301152912,10,16,True,False,,,,,,,,,,,
margin,Texas Tech,scientific_f4_m4,17.6661365286134,11,15,True,False,,,,,,,,,,,
margin,Clemson,scientific_f4_m4,17.252399092874505,12,14,True,False,,,,,,,,,,,
margin,LSU,scientific_f4_m4,17.219690080197083,13,13,True,False,,,,,,,,,,,
margin,Washington,scientific_f4_m4,17.2166376982587,14,12,True,False,,,,,,,,,,,
margin,Texas,scientific_f4_m4,17.17691676509708,15,11,True,False,,,,,,,,,,,
margin,Texas A&M,scientific_f4_m4,16.457144682360067,16,10,True,False,,,,,,,,,,,
margin,Florida State,scientific_f4_m4,15.64103467670256,17,9,True,False,,,,,,,,,,,
margin,Michigan,scientific_f4_m4,15.459315221167412,18,8,True,False,,,,,,,,,,,
margin,SMU,scientific_f4_m4,15.08242786588458,19,7,True,False,,,,,,,,,,,
margin,James Madison,scientific_f4_m4,14.619707743708004,20,6,True,False,,,,,,,,,,,
margin,Toledo,scientific_f4_m4,14.210375651240062,21,5,True,False,,,,,,,,,,,
margin,Boise State,scientific_f4_m4,14.177793774339438,22,4,True,False,,,,,,,,,,,
margin,Louisville,scientific_f4_m4,13.037242050940202,23,3,True,False,,,,,,,,,,,
margin,Auburn,scientific_f4_m4,12.806126526072712,24,2,True,False,,,,,,,,,,,
margin,Oklahoma,scientific_f4_m4,12.278104094162025,25,1,True,False,,,,,,,,,,,
margin,Utah,scientific_f4_m4,11.929113765235877,26,0,False,False,,,,,,,,,,,
margin,Penn State,scientific_f4_m4,11.740616855895599,27,0,False,False,,,,,,,,,,,
margin,Tennessee,scientific_f4_m4,11.210490957666291,28,0,False,False,,,,,,,,,,,
margin,Memphis,scientific_f4_m4,10.896622987075371,29,0,False,False,,,,,,,,,,,
margin,North Texas,scientific_f4_m4,10.640312811262984,30,0,False,False,,,,,,,,,,,
margin,Nebraska,scientific_f4_m4,10.081688199659126,31,0,False,False,,,,,,,,,,,
margin,Texas State,scientific_f4_m4,9.765566522316544,32,0,False,False,,,,,,,,,,,
margin,Pittsburgh,scientific_f4_m4,9.522254232177032,33,0,False,False,,,,,,,,,,,
margin,BYU,scientific_f4_m4,9.521028270994671,34,0,False,False,,,,,,,,,,,
margin,Florida,scientific_f4_m4,9.366445169198446,35,0,False,False,,,,,,,,,,,
margin,Duke,scientific_f4_m4,9.328172419252034,36,0,False,False,,,,,,,,,,,
margin,Missouri,scientific_f4_m4,8.854525325016668,37,0,False,False,,,,,,,,,,,
margin,Washington State,scientific_f4_m4,8.683918004672229,38,0,False,False,,,,,,,,,,,
margin,Iowa,scientific_f4_m4,8.395583063169635,39,0,False,False,,,,,,,,,,,
margin,East Carolina,scientific_f4_m4,8.106897149235172,40,0,False,False,,,,,,,,,,,
margin,Georgia Tech,scientific_f4_m4,7.239287991951526,41,0,False,False,,,,,,,,,,,
margin,North Carolina,scientific_f4_m4,6.883446546922139,42,0,False,False,,,,,,,,,,,
margin,South Carolina,scientific_f4_m4,6.754670429719487,43,0,False,False,,,,,,,,,,,
margin,Marshall,scientific_f4_m4,6.273975286232518,44,0,False,False,,,,,,,,,,,
margin,Baylor,scientific_f4_m4,6.0877604002803904,45,0,False,False,,,,,,,,,,,
margin,Illinois,scientific_f4_m4,6.0149450093188825,46,0,False,False,,,,,,,,,,,
margin,Cincinnati,scientific_f4_m4,5.804573563120362,47,0,False,False,,,,,,,,,,,
margin,Tulane,scientific_f4_m4,5.679857811222142,48,0,False,False,,,,,,,,,,,
margin,Ohio,scientific_f4_m4,5.321679678020091,49,0,False,False,,,,,,,,,,,
margin,Western Michigan,scientific_f4_m4,5.0663480182658605,50,0,False,False,,,,,,,,,,,
margin,Stanford,scientific_f4_m4,4.905180948937028,51,0,False,False,,,,,,,,,,,
margin,South Florida,scientific_f4_m4,4.563959973467007,52,0,False,False,,,,,,,,,,,
margin,UTSA,scientific_f4_m4,4.382488075647772,53,0,False,False,,,,,,,,,,,
margin,Northwestern,scientific_f4_m4,4.273459177463308,54,0,False,False,,,,,,,,,,,
margin,Fresno State,scientific_f4_m4,3.903910826472196,55,0,False,False,,,,,,,,,,,
margin,Kansas State,scientific_f4_m4,3.892259931777196,56,0,False,False,,,,,,,,,,,
margin,Liberty,scientific_f4_m4,3.7382198680382883,57,0,False,False,,,,,,,,,,,
margin,San Diego State,scientific_f4_m4,3.7262562088002626,58,0,False,False,,,,,,,,,,,
margin,Wake Forest,scientific_f4_m4,3.5923389790297726,59,0,False,False,,,,,,,,,,,
margin,Iowa State,scientific_f4_m4,3.4075816865225086,60,0,False,False,,,,,,,,,,,
margin,North Dakota State,scientific_f4_m4,3.391246157060988,61,0,False,False,,,,,,,,,,,
margin,Vanderbilt,scientific_f4_m4,2.819257108275373,62,0,False,False,,,,,,,,,,,
margin,Arizona,scientific_f4_m4,2.711294558428596,63,0,False,False,,,,,,,,,,,
margin,Miami (OH),scientific_f4_m4,2.6659658631709937,64,0,False,False,,,,,,,,,,,
margin,Kentucky,scientific_f4_m4,2.526358101303567,65,0,False,False,,,,,,,,,,,
margin,Western Kentucky,scientific_f4_m4,2.417384375586874,66,0,False,False,,,,,,,,,,,
margin,Houston,scientific_f4_m4,2.395723201082283,67,0,False,False,,,,,,,,,,,
margin,California,scientific_f4_m4,2.235023958275969,68,0,False,False,,,,,,,,,,,
margin,Minnesota,scientific_f4_m4,1.9077127979060073,69,0,False,False,,,,,,,,,,,
margin,Navy,scientific_f4_m4,1.6074520263692627,70,0,False,False,,,,,,,,,,,
margin,Arizona State,scientific_f4_m4,1.4594613694098733,71,0,False,False,,,,,,,,,,,
margin,TCU,scientific_f4_m4,1.3426619757396414,72,0,False,False,,,,,,,,,,,
margin,Wisconsin,scientific_f4_m4,1.1766418522608084,73,0,False,False,,,,,,,,,,,
margin,West Virginia,scientific_f4_m4,1.0500518707306625,74,0,False,False,,,,,,,,,,,
margin,UConn,scientific_f4_m4,0.8979673856843675,75,0,False,False,,,,,,,,,,,
margin,Arkansas,scientific_f4_m4,0.6989252983482619,76,0,False,False,,,,,,,,,,,
margin,Central Michigan,scientific_f4_m4,0.6146909392028803,77,0,False,False,,,,,,,,,,,
margin,UCLA,scientific_f4_m4,0.12368765797171669,78,0,False,False,,,,,,,,,,,
margin,Army,scientific_f4_m4,-0.3857125792204055,79,0,False,False,,,,,,,,,,,
margin,Mississippi State,scientific_f4_m4,-0.5561840858125513,80,0,False,False,,,,,,,,,,,
margin,Old Dominion,scientific_f4_m4,-0.5766491236856331,81,0,False,False,,,,,,,,,,,
margin,Boston College,scientific_f4_m4,-0.7481611566942237,82,0,False,False,,,,,,,,,,,
margin,Eastern Michigan,scientific_f4_m4,-1.1461853178644545,83,0,False,False,,,,,,,,,,,
margin,NC State,scientific_f4_m4,-1.2296548031412307,84,0,False,False,,,,,,,,,,,
margin,Kansas,scientific_f4_m4,-1.2350670648113566,85,0,False,False,,,,,,,,,,,
margin,Colorado,scientific_f4_m4,-1.4614475470705366,86,0,False,False,,,,,,,,,,,
margin,Florida International,scientific_f4_m4,-2.372877078245267,87,0,False,False,,,,,,,,,,,
margin,Southern Miss,scientific_f4_m4,-2.5441670377674654,88,0,False,False,,,,,,,,,,,
margin,New Mexico,scientific_f4_m4,-2.55209183404343,89,0,False,False,,,,,,,,,,,
margin,Oregon State,scientific_f4_m4,-2.746386979522692,90,0,False,False,,,,,,,,,,,
margin,UCF,scientific_f4_m4,-2.912247086878773,91,0,False,False,,,,,,,,,,,
margin,Louisiana Tech,scientific_f4_m4,-3.0209053182710077,92,0,False,False,,,,,,,,,,,
margin,Kennesaw State,scientific_f4_m4,-3.3692089307332345,93,0,False,False,,,,,,,,,,,
margin,Michigan State,scientific_f4_m4,-3.452834111434769,94,0,False,False,,,,,,,,,,,
margin,Rutgers,scientific_f4_m4,-3.8009190165782467,95,0,False,False,,,,,,,,,,,
margin,UNLV,scientific_f4_m4,-3.9433252090804083,96,0,False,False,,,,,,,,,,,
margin,Utah State,scientific_f4_m4,-4.508522128140518,97,0,False,False,,,,,,,,,,,
margin,Virginia Tech,scientific_f4_m4,-4.561274290732898,98,0,False,False,,,,,,,,,,,
margin,Arkansas State,scientific_f4_m4,-4.611992531932363,99,0,False,False,,,,,,,,,,,
margin,UAB,scientific_f4_m4,-5.84084149390214,100,0,False,False,,,,,,,,,,,
margin,Florida Atlantic,scientific_f4_m4,-5.984396607627594,101,0,False,False,,,,,,,,,,,
margin,Louisiana,scientific_f4_m4,-6.395770629253444,102,0,False,False,,,,,,,,,,,
margin,Coastal Carolina,scientific_f4_m4,-6.492211376715638,103,0,False,False,,,,,,,,,,,
margin,Akron,scientific_f4_m4,-6.567667976609805,104,0,False,False,,,,,,,,,,,
margin,South Alabama,scientific_f4_m4,-6.73137148420966,105,0,False,False,,,,,,,,,,,
margin,Hawai'i,scientific_f4_m4,-7.063784147942075,106,0,False,False,,,,,,,,,,,
margin,Missouri State,scientific_f4_m4,-7.343126367888362,107,0,False,False,,,,,,,,,,,
margin,Northern Illinois,scientific_f4_m4,-7.349184081959995,108,0,False,False,,,,,,,,,,,
margin,Maryland,scientific_f4_m4,-8.310297862871462,109,0,False,False,,,,,,,,,,,
margin,Troy,scientific_f4_m4,-8.526785219500004,110,0,False,False,,,,,,,,,,,
margin,Delaware,scientific_f4_m4,-8.575579498615424,111,0,False,False,,,,,,,,,,,
margin,App State,scientific_f4_m4,-8.735473215674734,112,0,False,False,,,,,,,,,,,
margin,Colorado State,scientific_f4_m4,-9.060516211398182,113,0,False,False,,,,,,,,,,,
margin,Air Force,scientific_f4_m4,-9.487040974006517,114,0,False,False,,,,,,,,,,,
margin,Georgia Southern,scientific_f4_m4,-9.682481798251985,115,0,False,False,,,,,,,,,,,
margin,Bowling Green,scientific_f4_m4,-9.705845974644244,116,0,False,False,,,,,,,,,,,
margin,Tulsa,scientific_f4_m4,-9.734282050384095,117,0,False,False,,,,,,,,,,,
margin,Buffalo,scientific_f4_m4,-9.91407080145874,118,0,False,False,,,,,,,,,,,
margin,Wyoming,scientific_f4_m4,-10.190651076239803,119,0,False,False,,,,,,,,,,,
margin,Nevada,scientific_f4_m4,-10.353794664226328,120,0,False,False,,,,,,,,,,,
margin,UTEP,scientific_f4_m4,-10.423377011134884,121,0,False,False,,,,,,,,,,,
margin,Temple,scientific_f4_m4,-10.635943985495926,122,0,False,False,,,,,,,,,,,
margin,Sacramento State,scientific_f4_m4,-10.728584023957525,123,0,False,False,,,,,,,,,,,
margin,San José State,scientific_f4_m4,-10.856270558132515,124,0,False,False,,,,,,,,,,,
margin,Syracuse,scientific_f4_m4,-10.913705730987248,125,0,False,False,,,,,,,,,,,
margin,Ball State,scientific_f4_m4,-11.416293558878976,126,0,False,False,,,,,,,,,,,
margin,Kent State,scientific_f4_m4,-11.70250429473951,127,0,False,False,,,,,,,,,,,
margin,Purdue,scientific_f4_m4,-12.099150912898741,128,0,False,False,,,,,,,,,,,
margin,Jacksonville State,scientific_f4_m4,-12.667373174163112,129,0,False,False,,,,,,,,,,,
margin,New Mexico State,scientific_f4_m4,-13.154556413847521,130,0,False,False,,,,,,,,,,,
margin,Rice,scientific_f4_m4,-14.050378294578344,131,0,False,False,,,,,,,,,,,
margin,UL Monroe,scientific_f4_m4,-14.358045911377603,132,0,False,False,,,,,,,,,,,
margin,Middle Tennessee,scientific_f4_m4,-14.385375693234451,133,0,False,False,,,,,,,,,,,
margin,Oklahoma State,scientific_f4_m4,-15.534590025316538,134,0,False,False,,,,,,,,,,,
margin,Sam Houston,scientific_f4_m4,-21.949015421285495,135,0,False,False,,,,,,,,,,,
margin,Georgia State,scientific_f4_m4,-22.061336863366943,136,0,False,False,,,,,,,,,,,
margin,Charlotte,scientific_f4_m4,-22.181942601984634,137,0,False,False,,,,,,,,,,,
margin,Massachusetts,scientific_f4_m4,-22.94695398946177,138,0,False,False,,,,,,,,,,,
margin,Memphis,scientific_f4_m5,44.39032745361328,1,25,True,True,,,,,,,,,,,
margin,Notre Dame,scientific_f4_m5,35.158573150634766,2,24,True,False,,,,,,,,,,,
margin,TCU,scientific_f4_m5,30.548728942871094,3,23,True,False,,,,,,,,,,,
margin,Ohio State,scientific_f4_m5,27.221853256225586,4,22,True,False,,,,,,,,,,,
margin,UNLV,scientific_f4_m5,25.664709091186523,5,21,True,False,,,,,,,,,,,
margin,Oklahoma,scientific_f4_m5,25.10447120666504,6,20,True,False,,,,,,,,,,,
margin,Oregon,scientific_f4_m5,25.051748275756836,7,19,True,False,,,,,,,,,,,
margin,Alabama,scientific_f4_m5,23.479764938354492,8,18,True,False,,,,,,,,,,,
margin,Texas Tech,scientific_f4_m5,23.220109939575195,9,17,True,False,,,,,,,,,,,
margin,Texas,scientific_f4_m5,22.371450424194336,10,16,True,False,,,,,,,,,,,
margin,Vanderbilt,scientific_f4_m5,21.818601608276367,11,15,True,False,,,,,,,,,,,
margin,Arizona State,scientific_f4_m5,20.205575942993164,12,14,True,False,,,,,,,,,,,
margin,Indiana,scientific_f4_m5,19.594205856323242,13,13,True,False,,,,,,,,,,,
margin,SMU,scientific_f4_m5,18.61631202697754,14,12,True,False,,,,,,,,,,,
margin,Wake Forest,scientific_f4_m5,18.513044357299805,15,11,True,False,,,,,,,,,,,
margin,Texas A&M,scientific_f4_m5,17.06345558166504,16,10,True,False,,,,,,,,,,,
margin,Missouri,scientific_f4_m5,17.00181770324707,17,9,True,False,,,,,,,,,,,
margin,Louisville,scientific_f4_m5,16.9996395111084,18,8,True,False,,,,,,,,,,,
margin,App State,scientific_f4_m5,16.973173141479492,19,7,True,False,,,,,,,,,,,
margin,Michigan,scientific_f4_m5,16.72784996032715,20,6,True,False,,,,,,,,,,,
margin,Clemson,scientific_f4_m5,16.315048217773438,21,5,True,False,,,,,,,,,,,
margin,Texas State,scientific_f4_m5,16.014171600341797,22,4,True,False,,,,,,,,,,,
margin,NC State,scientific_f4_m5,15.723787307739258,23,3,True,False,,,,,,,,,,,
margin,Kansas State,scientific_f4_m5,15.523077964782715,24,2,True,False,,,,,,,,,,,
margin,Navy,scientific_f4_m5,15.201912879943848,25,1,True,False,,,,,,,,,,,
margin,California,scientific_f4_m5,14.7943696975708,26,0,False,False,,,,,,,,,,,
margin,Washington State,scientific_f4_m5,14.586965560913086,27,0,False,False,,,,,,,,,,,
margin,Pittsburgh,scientific_f4_m5,14.229840278625488,28,0,False,False,,,,,,,,,,,
margin,Florida State,scientific_f4_m5,14.1438627243042,29,0,False,False,,,,,,,,,,,
margin,Miami,scientific_f4_m5,13.788463592529297,30,0,False,False,,,,,,,,,,,
margin,Maryland,scientific_f4_m5,13.549497604370117,31,0,False,False,,,,,,,,,,,
margin,Washington,scientific_f4_m5,13.469216346740723,32,0,False,False,,,,,,,,,,,
margin,Sacramento State,scientific_f4_m5,13.444852828979492,33,0,False,False,,,,,,,,,,,
margin,Iowa State,scientific_f4_m5,13.177338600158691,34,0,False,False,,,,,,,,,,,
margin,Utah State,scientific_f4_m5,13.00792121887207,35,0,False,False,,,,,,,,,,,
margin,North Carolina,scientific_f4_m5,12.968786239624023,36,0,False,False,,,,,,,,,,,
margin,Ole Miss,scientific_f4_m5,12.113286018371582,37,0,False,False,,,,,,,,,,,
margin,Tennessee,scientific_f4_m5,11.832924842834473,38,0,False,False,,,,,,,,,,,
margin,New Mexico,scientific_f4_m5,11.60206127166748,39,0,False,False,,,,,,,,,,,
margin,Duke,scientific_f4_m5,11.561834335327148,40,0,False,False,,,,,,,,,,,
margin,Georgia,scientific_f4_m5,11.267644882202148,41,0,False,False,,,,,,,,,,,
margin,UConn,scientific_f4_m5,11.262497901916504,42,0,False,False,,,,,,,,,,,
margin,Arizona,scientific_f4_m5,11.073834419250488,43,0,False,False,,,,,,,,,,,
margin,LSU,scientific_f4_m5,11.03076171875,44,0,False,False,,,,,,,,,,,
margin,Utah,scientific_f4_m5,10.582442283630371,45,0,False,False,,,,,,,,,,,
margin,Arkansas,scientific_f4_m5,10.581864356994629,46,0,False,False,,,,,,,,,,,
margin,USC,scientific_f4_m5,9.385708808898926,47,0,False,False,,,,,,,,,,,
margin,Baylor,scientific_f4_m5,9.319902420043945,48,0,False,False,,,,,,,,,,,
margin,Old Dominion,scientific_f4_m5,9.166909217834473,49,0,False,False,,,,,,,,,,,
margin,James Madison,scientific_f4_m5,9.135422706604004,50,0,False,False,,,,,,,,,,,
margin,Ohio,scientific_f4_m5,8.669367790222168,51,0,False,False,,,,,,,,,,,
margin,Toledo,scientific_f4_m5,8.614570617675781,52,0,False,False,,,,,,,,,,,
margin,UTSA,scientific_f4_m5,7.6415276527404785,53,0,False,False,,,,,,,,,,,
margin,Virginia,scientific_f4_m5,7.570040225982666,54,0,False,False,,,,,,,,,,,
margin,South Carolina,scientific_f4_m5,7.566934585571289,55,0,False,False,,,,,,,,,,,
margin,North Texas,scientific_f4_m5,7.428432941436768,56,0,False,False,,,,,,,,,,,
margin,Florida,scientific_f4_m5,7.060060501098633,57,0,False,False,,,,,,,,,,,
margin,Penn State,scientific_f4_m5,7.056527614593506,58,0,False,False,,,,,,,,,,,
margin,Nebraska,scientific_f4_m5,6.605039119720459,59,0,False,False,,,,,,,,,,,
margin,UCF,scientific_f4_m5,6.476649761199951,60,0,False,False,,,,,,,,,,,
margin,Louisiana,scientific_f4_m5,6.146427631378174,61,0,False,False,,,,,,,,,,,
margin,Missouri State,scientific_f4_m5,5.898420810699463,62,0,False,False,,,,,,,,,,,
margin,UAB,scientific_f4_m5,5.813180446624756,63,0,False,False,,,,,,,,,,,
margin,Florida Atlantic,scientific_f4_m5,5.746309280395508,64,0,False,False,,,,,,,,,,,
margin,BYU,scientific_f4_m5,5.690464019775391,65,0,False,False,,,,,,,,,,,
margin,Kennesaw State,scientific_f4_m5,5.674230575561523,66,0,False,False,,,,,,,,,,,
margin,Wisconsin,scientific_f4_m5,5.412448406219482,67,0,False,False,,,,,,,,,,,
margin,Cincinnati,scientific_f4_m5,5.109688758850098,68,0,False,False,,,,,,,,,,,
margin,Fresno State,scientific_f4_m5,4.329184055328369,69,0,False,False,,,,,,,,,,,
margin,South Florida,scientific_f4_m5,3.6037216186523438,70,0,False,False,,,,,,,,,,,
margin,Minnesota,scientific_f4_m5,3.360866069793701,71,0,False,False,,,,,,,,,,,
margin,Iowa,scientific_f4_m5,3.2443299293518066,72,0,False,False,,,,,,,,,,,
margin,Eastern Michigan,scientific_f4_m5,3.0679092407226562,73,0,False,False,,,,,,,,,,,
margin,Illinois,scientific_f4_m5,2.904971122741699,74,0,False,False,,,,,,,,,,,
margin,Boise State,scientific_f4_m5,2.7690672874450684,75,0,False,False,,,,,,,,,,,
margin,Kentucky,scientific_f4_m5,2.166748046875,76,0,False,False,,,,,,,,,,,
margin,Virginia Tech,scientific_f4_m5,1.503934621810913,77,0,False,False,,,,,,,,,,,
margin,UCLA,scientific_f4_m5,1.4863572120666504,78,0,False,False,,,,,,,,,,,
margin,Troy,scientific_f4_m5,0.987464964389801,79,0,False,False,,,,,,,,,,,
margin,Auburn,scientific_f4_m5,0.860499918460846,80,0,False,False,,,,,,,,,,,
margin,Southern Miss,scientific_f4_m5,-0.6544765830039978,81,0,False,False,,,,,,,,,,,
margin,Western Kentucky,scientific_f4_m5,-0.6843928694725037,82,0,False,False,,,,,,,,,,,
margin,Northwestern,scientific_f4_m5,-0.7184409499168396,83,0,False,False,,,,,,,,,,,
margin,Arkansas State,scientific_f4_m5,-0.7258896231651306,84,0,False,False,,,,,,,,,,,
margin,Mississippi State,scientific_f4_m5,-0.7513795495033264,85,0,False,False,,,,,,,,,,,
margin,Colorado,scientific_f4_m5,-0.8704642653465271,86,0,False,False,,,,,,,,,,,
margin,Miami (OH),scientific_f4_m5,-1.1878294944763184,87,0,False,False,,,,,,,,,,,
margin,Central Michigan,scientific_f4_m5,-1.3781695365905762,88,0,False,False,,,,,,,,,,,
margin,Michigan State,scientific_f4_m5,-1.451117992401123,89,0,False,False,,,,,,,,,,,
margin,Boston College,scientific_f4_m5,-1.4577317237854004,90,0,False,False,,,,,,,,,,,
margin,Syracuse,scientific_f4_m5,-1.6554393768310547,91,0,False,False,,,,,,,,,,,
margin,Georgia Southern,scientific_f4_m5,-1.824209451675415,92,0,False,False,,,,,,,,,,,
margin,San Diego State,scientific_f4_m5,-1.9577951431274414,93,0,False,False,,,,,,,,,,,
margin,Houston,scientific_f4_m5,-2.0767602920532227,94,0,False,False,,,,,,,,,,,
margin,Jacksonville State,scientific_f4_m5,-2.1396589279174805,95,0,False,False,,,,,,,,,,,
margin,Liberty,scientific_f4_m5,-2.3654041290283203,96,0,False,False,,,,,,,,,,,
margin,Georgia Tech,scientific_f4_m5,-2.6236836910247803,97,0,False,False,,,,,,,,,,,
margin,Middle Tennessee,scientific_f4_m5,-2.901951789855957,98,0,False,False,,,,,,,,,,,
margin,Western Michigan,scientific_f4_m5,-2.948148250579834,99,0,False,False,,,,,,,,,,,
margin,Florida International,scientific_f4_m5,-3.049006223678589,100,0,False,False,,,,,,,,,,,
margin,Delaware,scientific_f4_m5,-3.137995958328247,101,0,False,False,,,,,,,,,,,
margin,Buffalo,scientific_f4_m5,-3.2254152297973633,102,0,False,False,,,,,,,,,,,
margin,East Carolina,scientific_f4_m5,-3.7504234313964844,103,0,False,False,,,,,,,,,,,
margin,Temple,scientific_f4_m5,-4.462952136993408,104,0,False,False,,,,,,,,,,,
margin,Bowling Green,scientific_f4_m5,-4.718062400817871,105,0,False,False,,,,,,,,,,,
margin,Akron,scientific_f4_m5,-4.827477931976318,106,0,False,False,,,,,,,,,,,
margin,North Dakota State,scientific_f4_m5,-4.9397664070129395,107,0,False,False,,,,,,,,,,,
margin,West Virginia,scientific_f4_m5,-4.975263595581055,108,0,False,False,,,,,,,,,,,
margin,Purdue,scientific_f4_m5,-5.0747857093811035,109,0,False,False,,,,,,,,,,,
margin,Georgia State,scientific_f4_m5,-5.095044136047363,110,0,False,False,,,,,,,,,,,
margin,Kansas,scientific_f4_m5,-5.358901500701904,111,0,False,False,,,,,,,,,,,
margin,Louisiana Tech,scientific_f4_m5,-5.4035491943359375,112,0,False,False,,,,,,,,,,,
margin,Tulane,scientific_f4_m5,-5.502404689788818,113,0,False,False,,,,,,,,,,,
margin,Colorado State,scientific_f4_m5,-6.435497283935547,114,0,False,False,,,,,,,,,,,
margin,South Alabama,scientific_f4_m5,-7.484546184539795,115,0,False,False,,,,,,,,,,,
margin,Coastal Carolina,scientific_f4_m5,-7.694551944732666,116,0,False,False,,,,,,,,,,,
margin,Wyoming,scientific_f4_m5,-7.876305103302002,117,0,False,False,,,,,,,,,,,
margin,Marshall,scientific_f4_m5,-7.920826435089111,118,0,False,False,,,,,,,,,,,
margin,Oregon State,scientific_f4_m5,-7.948814868927002,119,0,False,False,,,,,,,,,,,
margin,Tulsa,scientific_f4_m5,-8.22868537902832,120,0,False,False,,,,,,,,,,,
margin,Northern Illinois,scientific_f4_m5,-9.328300476074219,121,0,False,False,,,,,,,,,,,
margin,Kent State,scientific_f4_m5,-10.76868724822998,122,0,False,False,,,,,,,,,,,
margin,Air Force,scientific_f4_m5,-11.000162124633789,123,0,False,False,,,,,,,,,,,
margin,Nevada,scientific_f4_m5,-11.46447467803955,124,0,False,False,,,,,,,,,,,
margin,Oklahoma State,scientific_f4_m5,-12.993617057800293,125,0,False,False,,,,,,,,,,,
margin,Stanford,scientific_f4_m5,-13.40549087524414,126,0,False,False,,,,,,,,,,,
margin,Charlotte,scientific_f4_m5,-14.157768249511719,127,0,False,False,,,,,,,,,,,
margin,Army,scientific_f4_m5,-14.488365173339844,128,0,False,False,,,,,,,,,,,
margin,Ball State,scientific_f4_m5,-14.812029838562012,129,0,False,False,,,,,,,,,,,
margin,Sam Houston,scientific_f4_m5,-15.203405380249023,130,0,False,False,,,,,,,,,,,
margin,San José State,scientific_f4_m5,-16.270238876342773,131,0,False,False,,,,,,,,,,,
margin,UTEP,scientific_f4_m5,-16.75813865661621,132,0,False,False,,,,,,,,,,,
margin,UL Monroe,scientific_f4_m5,-18.243011474609375,133,0,False,False,,,,,,,,,,,
margin,Rice,scientific_f4_m5,-18.847797393798828,134,0,False,False,,,,,,,,,,,
margin,Massachusetts,scientific_f4_m5,-21.524341583251953,135,0,False,False,,,,,,,,,,,
margin,Rutgers,scientific_f4_m5,-22.362241744995117,136,0,False,False,,,,,,,,,,,
margin,Hawai'i,scientific_f4_m5,-24.3465518951416,137,0,False,False,,,,,,,,,,,
margin,New Mexico State,scientific_f4_m5,-33.364501953125,138,0,False,False,,,,,,,,,,,
margin,Michigan,scientific_f4_m10,23.75736549301164,1,25,True,True,,,,,,,,,,,
margin,USC,scientific_f4_m10,23.423177428694338,2,24,True,False,,,,,,,,,,,
margin,Georgia,scientific_f4_m10,19.672663433652176,3,23,True,False,,,,,,,,,,,
margin,North Dakota State,scientific_f4_m10,19.016911217662106,4,22,True,False,,,,,,,,,,,
margin,Ohio State,scientific_f4_m10,17.34299650575668,5,21,True,False,,,,,,,,,,,
margin,Virginia,scientific_f4_m10,17.218495405679572,6,20,True,False,,,,,,,,,,,
margin,LSU,scientific_f4_m10,16.801395985173006,7,19,True,False,,,,,,,,,,,
margin,Oregon,scientific_f4_m10,15.602733967126127,8,18,True,False,,,,,,,,,,,
margin,Indiana,scientific_f4_m10,14.747581657107718,9,17,True,False,,,,,,,,,,,
margin,Florida,scientific_f4_m10,14.680604852826379,10,16,True,False,,,,,,,,,,,
margin,Texas A&M,scientific_f4_m10,14.534426948428555,11,15,True,False,,,,,,,,,,,
margin,Eastern Michigan,scientific_f4_m10,14.20099246482725,12,14,True,False,,,,,,,,,,,
margin,Notre Dame,scientific_f4_m10,14.06305576624073,13,13,True,False,,,,,,,,,,,
margin,San Diego State,scientific_f4_m10,14.055040722158177,14,12,True,False,,,,,,,,,,,
margin,Iowa,scientific_f4_m10,13.879302851492168,15,11,True,False,,,,,,,,,,,
margin,Oklahoma,scientific_f4_m10,13.13991568372096,16,10,True,False,,,,,,,,,,,
margin,Memphis,scientific_f4_m10,12.68954273649486,17,9,True,False,,,,,,,,,,,
margin,BYU,scientific_f4_m10,11.914164803536101,18,8,True,False,,,,,,,,,,,
margin,Texas Tech,scientific_f4_m10,11.279413275237335,19,7,True,False,,,,,,,,,,,
margin,Texas,scientific_f4_m10,10.897224502819455,20,6,True,False,,,,,,,,,,,
margin,Texas State,scientific_f4_m10,10.634445525540531,21,5,True,False,,,,,,,,,,,
margin,Minnesota,scientific_f4_m10,10.015450749627735,22,4,True,False,,,,,,,,,,,
margin,Utah,scientific_f4_m10,9.705917097186408,23,3,True,False,,,,,,,,,,,
margin,South Carolina,scientific_f4_m10,9.700571118360127,24,2,True,False,,,,,,,,,,,
margin,Tennessee,scientific_f4_m10,9.602428866473527,25,1,True,False,,,,,,,,,,,
margin,North Texas,scientific_f4_m10,9.345915874466268,26,0,False,False,,,,,,,,,,,
margin,James Madison,scientific_f4_m10,9.235761087688319,27,0,False,False,,,,,,,,,,,
margin,Northwestern,scientific_f4_m10,9.22454441003544,28,0,False,False,,,,,,,,,,,
margin,Clemson,scientific_f4_m10,9.166835935047946,29,0,False,False,,,,,,,,,,,
margin,Illinois,scientific_f4_m10,9.086496260785559,30,0,False,False,,,,,,,,,,,
margin,Houston,scientific_f4_m10,9.077859744270649,31,0,False,False,,,,,,,,,,,
margin,Michigan State,scientific_f4_m10,8.998797546872305,32,0,False,False,,,,,,,,,,,
margin,Nebraska,scientific_f4_m10,8.64439642686837,33,0,False,False,,,,,,,,,,,
margin,East Carolina,scientific_f4_m10,8.169739912273519,34,0,False,False,,,,,,,,,,,
margin,Missouri,scientific_f4_m10,8.061110970618627,35,0,False,False,,,,,,,,,,,
margin,Kentucky,scientific_f4_m10,7.92489764137713,36,0,False,False,,,,,,,,,,,
margin,Ole Miss,scientific_f4_m10,7.496681040438769,37,0,False,False,,,,,,,,,,,
margin,SMU,scientific_f4_m10,7.310840795499764,38,0,False,False,,,,,,,,,,,
margin,Kansas State,scientific_f4_m10,7.291577857452808,39,0,False,False,,,,,,,,,,,
margin,Florida State,scientific_f4_m10,7.2790651427062825,40,0,False,False,,,,,,,,,,,
margin,Iowa State,scientific_f4_m10,7.264835907982939,41,0,False,False,,,,,,,,,,,
margin,South Florida,scientific_f4_m10,7.199251702266217,42,0,False,False,,,,,,,,,,,
margin,TCU,scientific_f4_m10,7.110746191799364,43,0,False,False,,,,,,,,,,,
margin,North Carolina,scientific_f4_m10,6.96898077457316,44,0,False,False,,,,,,,,,,,
margin,Virginia Tech,scientific_f4_m10,6.923965128999666,45,0,False,False,,,,,,,,,,,
margin,Boise State,scientific_f4_m10,6.904833138735956,46,0,False,False,,,,,,,,,,,
margin,Miami,scientific_f4_m10,6.505546062739679,47,0,False,False,,,,,,,,,,,
margin,Georgia Tech,scientific_f4_m10,6.494017351242148,48,0,False,False,,,,,,,,,,,
margin,Auburn,scientific_f4_m10,6.278876743906207,49,0,False,False,,,,,,,,,,,
margin,Ohio,scientific_f4_m10,6.274575195627435,50,0,False,False,,,,,,,,,,,
margin,Toledo,scientific_f4_m10,6.270929789667636,51,0,False,False,,,,,,,,,,,
margin,Louisville,scientific_f4_m10,6.072021778997855,52,0,False,False,,,,,,,,,,,
margin,Marshall,scientific_f4_m10,6.0439654693392795,53,0,False,False,,,,,,,,,,,
margin,Alabama,scientific_f4_m10,5.990846418255135,54,0,False,False,,,,,,,,,,,
margin,UNLV,scientific_f4_m10,5.900818958872238,55,0,False,False,,,,,,,,,,,
margin,Old Dominion,scientific_f4_m10,5.7118474034965745,56,0,False,False,,,,,,,,,,,
margin,Penn State,scientific_f4_m10,5.583720295324755,57,0,False,False,,,,,,,,,,,
margin,Western Kentucky,scientific_f4_m10,5.481227759009793,58,0,False,False,,,,,,,,,,,
margin,Florida International,scientific_f4_m10,5.4087297071278355,59,0,False,False,,,,,,,,,,,
margin,Fresno State,scientific_f4_m10,5.293688835996557,60,0,False,False,,,,,,,,,,,
margin,Southern Miss,scientific_f4_m10,5.166560529307551,61,0,False,False,,,,,,,,,,,
margin,Delaware,scientific_f4_m10,4.790905475974447,62,0,False,False,,,,,,,,,,,
margin,Florida Atlantic,scientific_f4_m10,4.714582355484752,63,0,False,False,,,,,,,,,,,
margin,Arkansas,scientific_f4_m10,4.552590345844895,64,0,False,False,,,,,,,,,,,
margin,App State,scientific_f4_m10,4.348232967636783,65,0,False,False,,,,,,,,,,,
margin,Washington State,scientific_f4_m10,4.320837840384746,66,0,False,False,,,,,,,,,,,
margin,Washington,scientific_f4_m10,4.112136155581743,67,0,False,False,,,,,,,,,,,
margin,Troy,scientific_f4_m10,4.099715777737804,68,0,False,False,,,,,,,,,,,
margin,Mississippi State,scientific_f4_m10,3.787715150148509,69,0,False,False,,,,,,,,,,,
margin,Stanford,scientific_f4_m10,3.681957820186511,70,0,False,False,,,,,,,,,,,
margin,Colorado State,scientific_f4_m10,3.5429556376251052,71,0,False,False,,,,,,,,,,,
margin,Georgia State,scientific_f4_m10,3.5361754413793314,72,0,False,False,,,,,,,,,,,
margin,Wake Forest,scientific_f4_m10,3.3305967060049437,73,0,False,False,,,,,,,,,,,
margin,South Alabama,scientific_f4_m10,3.245603215509581,74,0,False,False,,,,,,,,,,,
margin,Vanderbilt,scientific_f4_m10,3.194263200851504,75,0,False,False,,,,,,,,,,,
margin,California,scientific_f4_m10,3.1766551340822535,76,0,False,False,,,,,,,,,,,
margin,Hawai'i,scientific_f4_m10,3.128746774874159,77,0,False,False,,,,,,,,,,,
margin,Arizona,scientific_f4_m10,3.0266682052638108,78,0,False,False,,,,,,,,,,,
margin,Rutgers,scientific_f4_m10,3.0161186931820305,79,0,False,False,,,,,,,,,,,
margin,Navy,scientific_f4_m10,3.000088650026971,80,0,False,False,,,,,,,,,,,
margin,UTSA,scientific_f4_m10,2.905773052371765,81,0,False,False,,,,,,,,,,,
margin,Tulsa,scientific_f4_m10,2.8172281466179614,82,0,False,False,,,,,,,,,,,
margin,Louisiana Tech,scientific_f4_m10,2.669826061355609,83,0,False,False,,,,,,,,,,,
margin,Baylor,scientific_f4_m10,2.60682602897656,84,0,False,False,,,,,,,,,,,
margin,Sacramento State,scientific_f4_m10,2.41499338108387,85,0,False,False,,,,,,,,,,,
margin,Arizona State,scientific_f4_m10,2.2635016151862946,86,0,False,False,,,,,,,,,,,
margin,Purdue,scientific_f4_m10,2.174817839183321,87,0,False,False,,,,,,,,,,,
margin,UCLA,scientific_f4_m10,2.096359246303115,88,0,False,False,,,,,,,,,,,
margin,Maryland,scientific_f4_m10,1.8881580445515038,89,0,False,False,,,,,,,,,,,
margin,Kent State,scientific_f4_m10,1.658146899352181,90,0,False,False,,,,,,,,,,,
margin,Arkansas State,scientific_f4_m10,1.26678001135192,91,0,False,False,,,,,,,,,,,
margin,Central Michigan,scientific_f4_m10,1.0626302431021244,92,0,False,False,,,,,,,,,,,
margin,UCF,scientific_f4_m10,0.9935505337332111,93,0,False,False,,,,,,,,,,,
margin,Utah State,scientific_f4_m10,0.8794875327868402,94,0,False,False,,,,,,,,,,,
margin,Pittsburgh,scientific_f4_m10,0.7014512087371023,95,0,False,False,,,,,,,,,,,
margin,Georgia Southern,scientific_f4_m10,0.5462144503799327,96,0,False,False,,,,,,,,,,,
margin,Akron,scientific_f4_m10,0.43551284826095055,97,0,False,False,,,,,,,,,,,
margin,Middle Tennessee,scientific_f4_m10,0.4258614872590006,98,0,False,False,,,,,,,,,,,
margin,Air Force,scientific_f4_m10,0.37815288197564534,99,0,False,False,,,,,,,,,,,
margin,Louisiana,scientific_f4_m10,0.2708977220513487,100,0,False,False,,,,,,,,,,,
margin,Miami (OH),scientific_f4_m10,0.19549667480655136,101,0,False,False,,,,,,,,,,,
margin,Jacksonville State,scientific_f4_m10,0.18251221509170765,102,0,False,False,,,,,,,,,,,
margin,Liberty,scientific_f4_m10,0.17715922456854755,103,0,False,False,,,,,,,,,,,
margin,Army,scientific_f4_m10,-0.18530570218054737,104,0,False,False,,,,,,,,,,,
margin,Syracuse,scientific_f4_m10,-0.19476573906149566,105,0,False,False,,,,,,,,,,,
margin,Boston College,scientific_f4_m10,-0.2885738223989499,106,0,False,False,,,,,,,,,,,
margin,UAB,scientific_f4_m10,-0.3881619284334008,107,0,False,False,,,,,,,,,,,
margin,Duke,scientific_f4_m10,-0.43280667063929557,108,0,False,False,,,,,,,,,,,
margin,Temple,scientific_f4_m10,-0.77045496678526,109,0,False,False,,,,,,,,,,,
margin,Cincinnati,scientific_f4_m10,-0.9807164672952259,110,0,False,False,,,,,,,,,,,
margin,UConn,scientific_f4_m10,-1.197926590359808,111,0,False,False,,,,,,,,,,,
margin,Oregon State,scientific_f4_m10,-1.3708897445966826,112,0,False,False,,,,,,,,,,,
margin,New Mexico,scientific_f4_m10,-1.6431565491349238,113,0,False,False,,,,,,,,,,,
margin,Kennesaw State,scientific_f4_m10,-1.6671767298713867,114,0,False,False,,,,,,,,,,,
margin,West Virginia,scientific_f4_m10,-2.027896882993226,115,0,False,False,,,,,,,,,,,
margin,NC State,scientific_f4_m10,-2.078649809851966,116,0,False,False,,,,,,,,,,,
margin,UL Monroe,scientific_f4_m10,-2.697661404011877,117,0,False,False,,,,,,,,,,,
margin,Kansas,scientific_f4_m10,-2.8372520652613256,118,0,False,False,,,,,,,,,,,
margin,Coastal Carolina,scientific_f4_m10,-3.259308382986399,119,0,False,False,,,,,,,,,,,
margin,Bowling Green,scientific_f4_m10,-3.7885164311428476,120,0,False,False,,,,,,,,,,,
margin,Rice,scientific_f4_m10,-3.986838621690743,121,0,False,False,,,,,,,,,,,
margin,Western Michigan,scientific_f4_m10,-4.800499614778403,122,0,False,False,,,,,,,,,,,
margin,Colorado,scientific_f4_m10,-4.80321232623504,123,0,False,False,,,,,,,,,,,
margin,Missouri State,scientific_f4_m10,-4.921871290139759,124,0,False,False,,,,,,,,,,,
margin,Tulane,scientific_f4_m10,-5.100812166754969,125,0,False,False,,,,,,,,,,,
margin,Northern Illinois,scientific_f4_m10,-5.672515104866588,126,0,False,False,,,,,,,,,,,
margin,Ball State,scientific_f4_m10,-5.802144970064186,127,0,False,False,,,,,,,,,,,
margin,Nevada,scientific_f4_m10,-7.029137824232579,128,0,False,False,,,,,,,,,,,
margin,San José State,scientific_f4_m10,-7.735479838369321,129,0,False,False,,,,,,,,,,,
margin,Buffalo,scientific_f4_m10,-7.864160820826201,130,0,False,False,,,,,,,,,,,
margin,Sam Houston,scientific_f4_m10,-7.916611348562838,131,0,False,False,,,,,,,,,,,
margin,Oklahoma State,scientific_f4_m10,-8.20559071072993,132,0,False,False,,,,,,,,,,,
margin,Wisconsin,scientific_f4_m10,-10.162245060025855,133,0,False,False,,,,,,,,,,,
margin,Wyoming,scientific_f4_m10,-11.391702078396818,134,0,False,False,,,,,,,,,,,
margin,UTEP,scientific_f4_m10,-13.729859453647821,135,0,False,False,,,,,,,,,,,
margin,Massachusetts,scientific_f4_m10,-14.852155417397865,136,0,False,False,,,,,,,,,,,
margin,Charlotte,scientific_f4_m10,-15.162950227681192,137,0,False,False,,,,,,,,,,,
margin,New Mexico State,scientific_f4_m10,-25.266696202725416,138,0,False,False,,,,,,,,,,,
margin,Oregon,scientific_f5_m1,36.92912736532012,1,25,True,True,,,,,,,,,,,
margin,Ohio State,scientific_f5_m1,30.103763225406134,2,24,True,False,,,,,,,,,,,
margin,Notre Dame,scientific_f5_m1,28.446303054207284,3,23,True,False,,,,,,,,,,,
margin,Indiana,scientific_f5_m1,27.940279153314115,4,22,True,False,,,,,,,,,,,
margin,Ole Miss,scientific_f5_m1,27.881020509830357,5,21,True,False,,,,,,,,,,,
margin,USC,scientific_f5_m1,23.922996040614684,6,20,True,False,,,,,,,,,,,
margin,Miami,scientific_f5_m1,23.054983107953298,7,19,True,False,,,,,,,,,,,
margin,Boise State,scientific_f5_m1,22.913360482607715,8,18,True,False,,,,,,,,,,,
margin,Georgia,scientific_f5_m1,22.84753071181835,9,17,True,False,,,,,,,,,,,
margin,Louisville,scientific_f5_m1,22.474194268807956,10,16,True,False,,,,,,,,,,,
margin,Alabama,scientific_f5_m1,22.110963165722225,11,15,True,False,,,,,,,,,,,
margin,Clemson,scientific_f5_m1,21.485937344025565,12,14,True,False,,,,,,,,,,,
margin,East Carolina,scientific_f5_m1,21.196563626292615,13,13,True,False,,,,,,,,,,,
margin,LSU,scientific_f5_m1,19.948450768250336,14,12,True,False,,,,,,,,,,,
margin,Texas,scientific_f5_m1,19.89118917163398,15,11,True,False,,,,,,,,,,,
margin,Washington,scientific_f5_m1,19.565280095042546,16,10,True,False,,,,,,,,,,,
margin,Texas A&M,scientific_f5_m1,17.99518673781388,17,9,True,False,,,,,,,,,,,
margin,North Carolina,scientific_f5_m1,17.885055417237975,18,8,True,False,,,,,,,,,,,
margin,North Texas,scientific_f5_m1,17.704503069293512,19,7,True,False,,,,,,,,,,,
margin,Texas Tech,scientific_f5_m1,17.261221451448485,20,6,True,False,,,,,,,,,,,
margin,Michigan,scientific_f5_m1,17.17265307972731,21,5,True,False,,,,,,,,,,,
margin,SMU,scientific_f5_m1,17.045615271184865,22,4,True,False,,,,,,,,,,,
margin,Virginia,scientific_f5_m1,16.31919591924777,23,3,True,False,,,,,,,,,,,
margin,Texas State,scientific_f5_m1,16.163997372315507,24,2,True,False,,,,,,,,,,,
margin,Penn State,scientific_f5_m1,15.125296272572006,25,1,True,False,,,,,,,,,,,
margin,Florida State,scientific_f5_m1,14.338882399251215,26,0,False,False,,,,,,,,,,,
margin,James Madison,scientific_f5_m1,12.918756187518039,27,0,False,False,,,,,,,,,,,
margin,Duke,scientific_f5_m1,12.886228042626968,28,0,False,False,,,,,,,,,,,
margin,Oklahoma,scientific_f5_m1,12.76484402206081,29,0,False,False,,,,,,,,,,,
margin,Memphis,scientific_f5_m1,12.72643457496682,30,0,False,False,,,,,,,,,,,
margin,Tennessee,scientific_f5_m1,12.499211749115982,31,0,False,False,,,,,,,,,,,
margin,Western Michigan,scientific_f5_m1,12.447448637665122,32,0,False,False,,,,,,,,,,,
margin,Auburn,scientific_f5_m1,11.838555123306579,33,0,False,False,,,,,,,,,,,
margin,Iowa,scientific_f5_m1,11.649850541794265,34,0,False,False,,,,,,,,,,,
margin,Nebraska,scientific_f5_m1,11.171167603858292,35,0,False,False,,,,,,,,,,,
margin,Washington State,scientific_f5_m1,10.722813040728278,36,0,False,False,,,,,,,,,,,
margin,Utah,scientific_f5_m1,10.361112651538473,37,0,False,False,,,,,,,,,,,
margin,South Florida,scientific_f5_m1,10.183654817504902,38,0,False,False,,,,,,,,,,,
margin,Fresno State,scientific_f5_m1,10.051088941092393,39,0,False,False,,,,,,,,,,,
margin,Tulane,scientific_f5_m1,10.041644120190687,40,0,False,False,,,,,,,,,,,
margin,Toledo,scientific_f5_m1,9.963702244926125,41,0,False,False,,,,,,,,,,,
margin,Marshall,scientific_f5_m1,9.925260684440882,42,0,False,False,,,,,,,,,,,
margin,Wisconsin,scientific_f5_m1,9.911844425097586,43,0,False,False,,,,,,,,,,,
margin,TCU,scientific_f5_m1,9.410513485242308,44,0,False,False,,,,,,,,,,,
margin,Pittsburgh,scientific_f5_m1,9.258871911330576,45,0,False,False,,,,,,,,,,,
margin,Georgia Tech,scientific_f5_m1,8.851109456936385,46,0,False,False,,,,,,,,,,,
margin,Missouri,scientific_f5_m1,8.371985425482364,47,0,False,False,,,,,,,,,,,
margin,BYU,scientific_f5_m1,8.145621881783867,48,0,False,False,,,,,,,,,,,
margin,Stanford,scientific_f5_m1,7.612725999236145,49,0,False,False,,,,,,,,,,,
margin,Illinois,scientific_f5_m1,7.382513253691638,50,0,False,False,,,,,,,,,,,
margin,Baylor,scientific_f5_m1,7.164232331861438,51,0,False,False,,,,,,,,,,,
margin,UNLV,scientific_f5_m1,6.3918133713988645,52,0,False,False,,,,,,,,,,,
margin,Ohio,scientific_f5_m1,6.1876203198502,53,0,False,False,,,,,,,,,,,
margin,Florida,scientific_f5_m1,6.179384921657042,54,0,False,False,,,,,,,,,,,
margin,Liberty,scientific_f5_m1,5.794372910004935,55,0,False,False,,,,,,,,,,,
margin,North Dakota State,scientific_f5_m1,5.667433539581384,56,0,False,False,,,,,,,,,,,
margin,Vanderbilt,scientific_f5_m1,5.506361033803019,57,0,False,False,,,,,,,,,,,
margin,Northwestern,scientific_f5_m1,5.137045610070485,58,0,False,False,,,,,,,,,,,
margin,Cincinnati,scientific_f5_m1,4.822440419197433,59,0,False,False,,,,,,,,,,,
margin,South Carolina,scientific_f5_m1,4.756481296000526,60,0,False,False,,,,,,,,,,,
margin,California,scientific_f5_m1,4.722685753360045,61,0,False,False,,,,,,,,,,,
margin,Houston,scientific_f5_m1,4.439895728497496,62,0,False,False,,,,,,,,,,,
margin,NC State,scientific_f5_m1,3.5639349384828827,63,0,False,False,,,,,,,,,,,
margin,Arizona,scientific_f5_m1,3.490826675127461,64,0,False,False,,,,,,,,,,,
margin,Miami (OH),scientific_f5_m1,2.8726312130232685,65,0,False,False,,,,,,,,,,,
margin,Missouri State,scientific_f5_m1,2.2164427766472605,66,0,False,False,,,,,,,,,,,
margin,Iowa State,scientific_f5_m1,1.6616546387584439,67,0,False,False,,,,,,,,,,,
margin,UCLA,scientific_f5_m1,1.5151482144920894,68,0,False,False,,,,,,,,,,,
margin,New Mexico,scientific_f5_m1,1.4635885488562832,69,0,False,False,,,,,,,,,,,
margin,Boston College,scientific_f5_m1,1.2058565551090004,70,0,False,False,,,,,,,,,,,
margin,Colorado,scientific_f5_m1,0.9506032602645149,71,0,False,False,,,,,,,,,,,
margin,Wake Forest,scientific_f5_m1,0.3315368685049771,72,0,False,False,,,,,,,,,,,
margin,Central Michigan,scientific_f5_m1,0.32841671778076975,73,0,False,False,,,,,,,,,,,
margin,Western Kentucky,scientific_f5_m1,-0.09432570345801405,74,0,False,False,,,,,,,,,,,
margin,Michigan State,scientific_f5_m1,-0.38484262269826086,75,0,False,False,,,,,,,,,,,
margin,Mississippi State,scientific_f5_m1,-0.39328751270145546,76,0,False,False,,,,,,,,,,,
margin,Eastern Michigan,scientific_f5_m1,-0.9791354501471696,77,0,False,False,,,,,,,,,,,
margin,Arkansas State,scientific_f5_m1,-1.2686990963853741,78,0,False,False,,,,,,,,,,,
margin,West Virginia,scientific_f5_m1,-1.3174492131292466,79,0,False,False,,,,,,,,,,,
margin,Florida International,scientific_f5_m1,-1.6860372389340172,80,0,False,False,,,,,,,,,,,
margin,UTSA,scientific_f5_m1,-1.7448188268710583,81,0,False,False,,,,,,,,,,,
margin,San Diego State,scientific_f5_m1,-1.7903511541383592,82,0,False,False,,,,,,,,,,,
margin,UConn,scientific_f5_m1,-1.9411157512750785,83,0,False,False,,,,,,,,,,,
margin,Northern Illinois,scientific_f5_m1,-2.0868493910852486,84,0,False,False,,,,,,,,,,,
margin,Minnesota,scientific_f5_m1,-2.1065888690366616,85,0,False,False,,,,,,,,,,,
margin,Kansas State,scientific_f5_m1,-2.142565952017277,86,0,False,False,,,,,,,,,,,
margin,Ball State,scientific_f5_m1,-2.7706692436381033,87,0,False,False,,,,,,,,,,,
margin,Arkansas,scientific_f5_m1,-2.9356443747395113,88,0,False,False,,,,,,,,,,,
margin,Oregon State,scientific_f5_m1,-3.1199974556269066,89,0,False,False,,,,,,,,,,,
margin,Hawai'i,scientific_f5_m1,-3.193925416260086,90,0,False,False,,,,,,,,,,,
margin,Kentucky,scientific_f5_m1,-3.587776357401813,91,0,False,False,,,,,,,,,,,
margin,Kennesaw State,scientific_f5_m1,-4.179961058964455,92,0,False,False,,,,,,,,,,,
margin,Florida Atlantic,scientific_f5_m1,-4.278718814118061,93,0,False,False,,,,,,,,,,,
margin,UAB,scientific_f5_m1,-4.422213945217168,94,0,False,False,,,,,,,,,,,
margin,Old Dominion,scientific_f5_m1,-4.503377158411686,95,0,False,False,,,,,,,,,,,
margin,Rutgers,scientific_f5_m1,-5.263089011660467,96,0,False,False,,,,,,,,,,,
margin,Troy,scientific_f5_m1,-5.433762372481908,97,0,False,False,,,,,,,,,,,
margin,UTEP,scientific_f5_m1,-5.6337170731007955,98,0,False,False,,,,,,,,,,,
margin,Kansas,scientific_f5_m1,-6.002912909370613,99,0,False,False,,,,,,,,,,,
margin,Akron,scientific_f5_m1,-6.053743872768074,100,0,False,False,,,,,,,,,,,
margin,Arizona State,scientific_f5_m1,-6.788085512920013,101,0,False,False,,,,,,,,,,,
margin,UCF,scientific_f5_m1,-6.897731458624413,102,0,False,False,,,,,,,,,,,
margin,San José State,scientific_f5_m1,-7.133559598685816,103,0,False,False,,,,,,,,,,,
margin,Colorado State,scientific_f5_m1,-7.4113274961945965,104,0,False,False,,,,,,,,,,,
margin,Navy,scientific_f5_m1,-7.4538953129226755,105,0,False,False,,,,,,,,,,,
margin,Army,scientific_f5_m1,-7.660723443887353,106,0,False,False,,,,,,,,,,,
margin,Maryland,scientific_f5_m1,-7.664049393238017,107,0,False,False,,,,,,,,,,,
margin,Sacramento State,scientific_f5_m1,-7.703534966681179,108,0,False,False,,,,,,,,,,,
margin,Tulsa,scientific_f5_m1,-7.7202376656172795,109,0,False,False,,,,,,,,,,,
margin,Bowling Green,scientific_f5_m1,-8.276100674642283,110,0,False,False,,,,,,,,,,,
margin,Louisiana Tech,scientific_f5_m1,-8.62012191412764,111,0,False,False,,,,,,,,,,,
margin,Air Force,scientific_f5_m1,-8.64632777511283,112,0,False,False,,,,,,,,,,,
margin,Kent State,scientific_f5_m1,-8.843108970375798,113,0,False,False,,,,,,,,,,,
margin,Virginia Tech,scientific_f5_m1,-8.991516140002219,114,0,False,False,,,,,,,,,,,
margin,Southern Miss,scientific_f5_m1,-9.209265661596662,115,0,False,False,,,,,,,,,,,
margin,Delaware,scientific_f5_m1,-9.34120086551222,116,0,False,False,,,,,,,,,,,
margin,Louisiana,scientific_f5_m1,-9.42861170838746,117,0,False,False,,,,,,,,,,,
margin,Georgia Southern,scientific_f5_m1,-9.661286870278571,118,0,False,False,,,,,,,,,,,
margin,Coastal Carolina,scientific_f5_m1,-9.670216741432098,119,0,False,False,,,,,,,,,,,
margin,Utah State,scientific_f5_m1,-9.766284091387233,120,0,False,False,,,,,,,,,,,
margin,Jacksonville State,scientific_f5_m1,-10.02977227285958,121,0,False,False,,,,,,,,,,,
margin,Buffalo,scientific_f5_m1,-10.326546371815589,122,0,False,False,,,,,,,,,,,
margin,South Alabama,scientific_f5_m1,-10.949722714355566,123,0,False,False,,,,,,,,,,,
margin,Wyoming,scientific_f5_m1,-11.183916229722238,124,0,False,False,,,,,,,,,,,
margin,App State,scientific_f5_m1,-11.354763086039162,125,0,False,False,,,,,,,,,,,
margin,Nevada,scientific_f5_m1,-11.88707961369794,126,0,False,False,,,,,,,,,,,
margin,Syracuse,scientific_f5_m1,-11.976192487625548,127,0,False,False,,,,,,,,,,,
margin,Temple,scientific_f5_m1,-12.955502802658492,128,0,False,False,,,,,,,,,,,
margin,Purdue,scientific_f5_m1,-13.197993635871429,129,0,False,False,,,,,,,,,,,
margin,Oklahoma State,scientific_f5_m1,-13.864605533093451,130,0,False,False,,,,,,,,,,,
margin,UL Monroe,scientific_f5_m1,-14.461507165038638,131,0,False,False,,,,,,,,,,,
margin,New Mexico State,scientific_f5_m1,-18.994837916713607,132,0,False,False,,,,,,,,,,,
margin,Middle Tennessee,scientific_f5_m1,-19.443239602344455,133,0,False,False,,,,,,,,,,,
margin,Sam Houston,scientific_f5_m1,-19.65492311368449,134,0,False,False,,,,,,,,,,,
margin,Georgia State,scientific_f5_m1,-20.312693561154845,135,0,False,False,,,,,,,,,,,
margin,Rice,scientific_f5_m1,-21.23745721135935,136,0,False,False,,,,,,,,,,,
margin,Charlotte,scientific_f5_m1,-23.945048220389772,137,0,False,False,,,,,,,,,,,
margin,Massachusetts,scientific_f5_m1,-27.288541485472408,138,0,False,False,,,,,,,,,,,
margin,Oregon,scientific_f5_m2,34.83920022015581,1,25,True,True,,,,,,,,,,,
margin,Ohio State,scientific_f5_m2,27.701796842206306,2,24,True,False,,,,,,,,,,,
margin,Notre Dame,scientific_f5_m2,27.477768103238333,3,23,True,False,,,,,,,,,,,
margin,Indiana,scientific_f5_m2,27.10801252191756,4,22,True,False,,,,,,,,,,,
margin,Ole Miss,scientific_f5_m2,26.73473017073964,5,21,True,False,,,,,,,,,,,
margin,USC,scientific_f5_m2,23.53490075788269,6,20,True,False,,,,,,,,,,,
margin,Louisville,scientific_f5_m2,22.270331957134545,7,19,True,False,,,,,,,,,,,
margin,Clemson,scientific_f5_m2,21.981789894208937,8,18,True,False,,,,,,,,,,,
margin,Miami,scientific_f5_m2,21.84296252832405,9,17,True,False,,,,,,,,,,,
margin,Alabama,scientific_f5_m2,21.603433827483464,10,16,True,False,,,,,,,,,,,
margin,Georgia,scientific_f5_m2,21.53757491630555,11,15,True,False,,,,,,,,,,,
margin,Washington,scientific_f5_m2,20.66938886947326,12,14,True,False,,,,,,,,,,,
margin,Texas Tech,scientific_f5_m2,20.32490479695179,13,13,True,False,,,,,,,,,,,
margin,Texas A&M,scientific_f5_m2,20.29568562578732,14,12,True,False,,,,,,,,,,,
margin,Virginia,scientific_f5_m2,20.177245242152914,15,11,True,False,,,,,,,,,,,
margin,Texas,scientific_f5_m2,19.69244555786839,16,10,True,False,,,,,,,,,,,
margin,LSU,scientific_f5_m2,19.378782413295752,17,9,True,False,,,,,,,,,,,
margin,Michigan,scientific_f5_m2,19.07069340743427,18,8,True,False,,,,,,,,,,,
margin,SMU,scientific_f5_m2,18.066173039967765,19,7,True,False,,,,,,,,,,,
margin,Penn State,scientific_f5_m2,17.727013844101812,20,6,True,False,,,,,,,,,,,
margin,Boise State,scientific_f5_m2,17.395183547829966,21,5,True,False,,,,,,,,,,,
margin,Oklahoma,scientific_f5_m2,17.147456150941153,22,4,True,False,,,,,,,,,,,
margin,James Madison,scientific_f5_m2,16.76501432917201,23,3,True,False,,,,,,,,,,,
margin,Tennessee,scientific_f5_m2,15.297192722792571,24,2,True,False,,,,,,,,,,,
margin,Florida State,scientific_f5_m2,15.27082083415907,25,1,True,False,,,,,,,,,,,
margin,Iowa,scientific_f5_m2,15.062030254604364,26,0,False,False,,,,,,,,,,,
margin,North Carolina,scientific_f5_m2,15.026748931532957,27,0,False,False,,,,,,,,,,,
margin,Missouri,scientific_f5_m2,14.866304657156258,28,0,False,False,,,,,,,,,,,
margin,Utah,scientific_f5_m2,13.832077579401778,29,0,False,False,,,,,,,,,,,
margin,Duke,scientific_f5_m2,13.595002453831272,30,0,False,False,,,,,,,,,,,
margin,East Carolina,scientific_f5_m2,13.59187116861033,31,0,False,False,,,,,,,,,,,
margin,North Texas,scientific_f5_m2,13.282898114132635,32,0,False,False,,,,,,,,,,,
margin,Auburn,scientific_f5_m2,13.1030267992691,33,0,False,False,,,,,,,,,,,
margin,Texas State,scientific_f5_m2,11.82391637818871,34,0,False,False,,,,,,,,,,,
margin,BYU,scientific_f5_m2,11.71249480065519,35,0,False,False,,,,,,,,,,,
margin,Memphis,scientific_f5_m2,11.462597955088683,36,0,False,False,,,,,,,,,,,
margin,Georgia Tech,scientific_f5_m2,11.140895940972175,37,0,False,False,,,,,,,,,,,
margin,Nebraska,scientific_f5_m2,10.988357500705016,38,0,False,False,,,,,,,,,,,
margin,Illinois,scientific_f5_m2,10.584568139956442,39,0,False,False,,,,,,,,,,,
margin,Pittsburgh,scientific_f5_m2,10.484085800605646,40,0,False,False,,,,,,,,,,,
margin,Tulane,scientific_f5_m2,10.442643845562372,41,0,False,False,,,,,,,,,,,
margin,Florida,scientific_f5_m2,10.188220141302631,42,0,False,False,,,,,,,,,,,
margin,South Florida,scientific_f5_m2,10.124598753054414,43,0,False,False,,,,,,,,,,,
margin,Toledo,scientific_f5_m2,9.817715859010642,44,0,False,False,,,,,,,,,,,
margin,Vanderbilt,scientific_f5_m2,9.73950753376371,45,0,False,False,,,,,,,,,,,
margin,Fresno State,scientific_f5_m2,9.636698078266456,46,0,False,False,,,,,,,,,,,
margin,Washington State,scientific_f5_m2,9.464867830329776,47,0,False,False,,,,,,,,,,,
margin,Marshall,scientific_f5_m2,9.181613043151042,48,0,False,False,,,,,,,,,,,
margin,Baylor,scientific_f5_m2,8.961050768067874,49,0,False,False,,,,,,,,,,,
margin,Western Michigan,scientific_f5_m2,8.434223039311245,50,0,False,False,,,,,,,,,,,
margin,Stanford,scientific_f5_m2,8.080413405519838,51,0,False,False,,,,,,,,,,,
margin,South Carolina,scientific_f5_m2,7.686386737142115,52,0,False,False,,,,,,,,,,,
margin,Arizona,scientific_f5_m2,7.546314993203673,53,0,False,False,,,,,,,,,,,
margin,Cincinnati,scientific_f5_m2,7.42970891321906,54,0,False,False,,,,,,,,,,,
margin,North Dakota State,scientific_f5_m2,7.3523128330335075,55,0,False,False,,,,,,,,,,,
margin,Ohio,scientific_f5_m2,6.7918070416379175,56,0,False,False,,,,,,,,,,,
margin,Iowa State,scientific_f5_m2,6.237421497545231,57,0,False,False,,,,,,,,,,,
margin,Houston,scientific_f5_m2,5.812654955758954,58,0,False,False,,,,,,,,,,,
margin,Kansas State,scientific_f5_m2,5.757018606666493,59,0,False,False,,,,,,,,,,,
margin,Wisconsin,scientific_f5_m2,5.1399345669306955,60,0,False,False,,,,,,,,,,,
margin,California,scientific_f5_m2,4.620680328383164,61,0,False,False,,,,,,,,,,,
margin,Wake Forest,scientific_f5_m2,4.1546150138733795,62,0,False,False,,,,,,,,,,,
margin,Northwestern,scientific_f5_m2,4.140269747818234,63,0,False,False,,,,,,,,,,,
margin,Miami (OH),scientific_f5_m2,4.094135522324673,64,0,False,False,,,,,,,,,,,
margin,UTSA,scientific_f5_m2,3.3233762308245938,65,0,False,False,,,,,,,,,,,
margin,Liberty,scientific_f5_m2,3.2598301261272464,66,0,False,False,,,,,,,,,,,
margin,TCU,scientific_f5_m2,2.8327262878995927,67,0,False,False,,,,,,,,,,,
margin,Western Kentucky,scientific_f5_m2,2.5463119201501963,68,0,False,False,,,,,,,,,,,
margin,UNLV,scientific_f5_m2,2.5021220343108896,69,0,False,False,,,,,,,,,,,
margin,New Mexico,scientific_f5_m2,2.472846174815695,70,0,False,False,,,,,,,,,,,
margin,UCLA,scientific_f5_m2,2.1114084654280467,71,0,False,False,,,,,,,,,,,
margin,Old Dominion,scientific_f5_m2,2.10750897675923,72,0,False,False,,,,,,,,,,,
margin,Boston College,scientific_f5_m2,2.0862416008775644,73,0,False,False,,,,,,,,,,,
margin,Michigan State,scientific_f5_m2,1.6934168032866437,74,0,False,False,,,,,,,,,,,
margin,Arkansas,scientific_f5_m2,1.5786192814442637,75,0,False,False,,,,,,,,,,,
margin,San Diego State,scientific_f5_m2,1.3373938333681046,76,0,False,False,,,,,,,,,,,
margin,Mississippi State,scientific_f5_m2,0.9540094040392582,77,0,False,False,,,,,,,,,,,
margin,Minnesota,scientific_f5_m2,0.719230690674549,78,0,False,False,,,,,,,,,,,
margin,Arizona State,scientific_f5_m2,0.5496438359088678,79,0,False,False,,,,,,,,,,,
margin,Colorado,scientific_f5_m2,0.5357519647799539,80,0,False,False,,,,,,,,,,,
margin,UConn,scientific_f5_m2,0.5208549095072756,81,0,False,False,,,,,,,,,,,
margin,West Virginia,scientific_f5_m2,0.1485078488827133,82,0,False,False,,,,,,,,,,,
margin,Rutgers,scientific_f5_m2,-0.48705662898987767,83,0,False,False,,,,,,,,,,,
margin,Eastern Michigan,scientific_f5_m2,-0.6604764751898147,84,0,False,False,,,,,,,,,,,
margin,Missouri State,scientific_f5_m2,-0.8795541565736809,85,0,False,False,,,,,,,,,,,
margin,Navy,scientific_f5_m2,-0.9384797150324102,86,0,False,False,,,,,,,,,,,
margin,Central Michigan,scientific_f5_m2,-0.951880280740875,87,0,False,False,,,,,,,,,,,
margin,Florida International,scientific_f5_m2,-1.0676636370963992,88,0,False,False,,,,,,,,,,,
margin,Kansas,scientific_f5_m2,-1.1821248645540416,89,0,False,False,,,,,,,,,,,
margin,Kentucky,scientific_f5_m2,-1.365160308377181,90,0,False,False,,,,,,,,,,,
margin,Arkansas State,scientific_f5_m2,-1.6094591823309732,91,0,False,False,,,,,,,,,,,
margin,Oregon State,scientific_f5_m2,-2.045513364462597,92,0,False,False,,,,,,,,,,,
margin,Virginia Tech,scientific_f5_m2,-2.4435503410718526,93,0,False,False,,,,,,,,,,,
margin,UCF,scientific_f5_m2,-3.106922665412747,94,0,False,False,,,,,,,,,,,
margin,Utah State,scientific_f5_m2,-3.1503035459915214,95,0,False,False,,,,,,,,,,,
margin,Northern Illinois,scientific_f5_m2,-3.4486842381779663,96,0,False,False,,,,,,,,,,,
margin,Akron,scientific_f5_m2,-3.82483729207358,97,0,False,False,,,,,,,,,,,
margin,Troy,scientific_f5_m2,-3.8467640824148717,98,0,False,False,,,,,,,,,,,
margin,Army,scientific_f5_m2,-4.385801205623511,99,0,False,False,,,,,,,,,,,
margin,Kennesaw State,scientific_f5_m2,-4.492404175462382,100,0,False,False,,,,,,,,,,,
margin,NC State,scientific_f5_m2,-4.861445213896659,101,0,False,False,,,,,,,,,,,
margin,Tulsa,scientific_f5_m2,-5.021111131906796,102,0,False,False,,,,,,,,,,,
margin,UAB,scientific_f5_m2,-5.109373477663778,103,0,False,False,,,,,,,,,,,
margin,Georgia Southern,scientific_f5_m2,-5.264428829253852,104,0,False,False,,,,,,,,,,,
margin,Maryland,scientific_f5_m2,-5.323682225180306,105,0,False,False,,,,,,,,,,,
margin,Florida Atlantic,scientific_f5_m2,-5.482466793801813,106,0,False,False,,,,,,,,,,,
margin,Louisiana,scientific_f5_m2,-6.1878111960526745,107,0,False,False,,,,,,,,,,,
margin,South Alabama,scientific_f5_m2,-6.35578136578489,108,0,False,False,,,,,,,,,,,
margin,Louisiana Tech,scientific_f5_m2,-6.5045207973352515,109,0,False,False,,,,,,,,,,,
margin,Delaware,scientific_f5_m2,-6.827012090379151,110,0,False,False,,,,,,,,,,,
margin,Colorado State,scientific_f5_m2,-6.983446844693086,111,0,False,False,,,,,,,,,,,
margin,Southern Miss,scientific_f5_m2,-7.472716268706307,112,0,False,False,,,,,,,,,,,
margin,UTEP,scientific_f5_m2,-7.575899620260733,113,0,False,False,,,,,,,,,,,
margin,App State,scientific_f5_m2,-7.602543452341342,114,0,False,False,,,,,,,,,,,
margin,Bowling Green,scientific_f5_m2,-7.73581397163645,115,0,False,False,,,,,,,,,,,
margin,Air Force,scientific_f5_m2,-7.873279365589683,116,0,False,False,,,,,,,,,,,
margin,Hawai'i,scientific_f5_m2,-8.52683660566266,117,0,False,False,,,,,,,,,,,
margin,San José State,scientific_f5_m2,-8.672628667568203,118,0,False,False,,,,,,,,,,,
margin,Wyoming,scientific_f5_m2,-8.940553333846898,119,0,False,False,,,,,,,,,,,
margin,Coastal Carolina,scientific_f5_m2,-9.031955283618272,120,0,False,False,,,,,,,,,,,
margin,Nevada,scientific_f5_m2,-9.05789296962217,121,0,False,False,,,,,,,,,,,
margin,Kent State,scientific_f5_m2,-9.106173360067674,122,0,False,False,,,,,,,,,,,
margin,Syracuse,scientific_f5_m2,-9.69650262074855,123,0,False,False,,,,,,,,,,,
margin,Buffalo,scientific_f5_m2,-10.016782731640076,124,0,False,False,,,,,,,,,,,
margin,Purdue,scientific_f5_m2,-10.030628671130476,125,0,False,False,,,,,,,,,,,
margin,Temple,scientific_f5_m2,-10.14314628550715,126,0,False,False,,,,,,,,,,,
margin,Oklahoma State,scientific_f5_m2,-10.517324732147994,127,0,False,False,,,,,,,,,,,
margin,Ball State,scientific_f5_m2,-11.258073303308368,128,0,False,False,,,,,,,,,,,
margin,UL Monroe,scientific_f5_m2,-11.59136452062163,129,0,False,False,,,,,,,,,,,
margin,Middle Tennessee,scientific_f5_m2,-12.555907941769462,130,0,False,False,,,,,,,,,,,
margin,Sacramento State,scientific_f5_m2,-13.311080875389655,131,0,False,False,,,,,,,,,,,
margin,Jacksonville State,scientific_f5_m2,-15.523380129881998,132,0,False,False,,,,,,,,,,,
margin,Georgia State,scientific_f5_m2,-15.909898527707904,133,0,False,False,,,,,,,,,,,
margin,Sam Houston,scientific_f5_m2,-16.873700451455917,134,0,False,False,,,,,,,,,,,
margin,New Mexico State,scientific_f5_m2,-17.378560657096337,135,0,False,False,,,,,,,,,,,
margin,Rice,scientific_f5_m2,-17.629840822778483,136,0,False,False,,,,,,,,,,,
margin,Massachusetts,scientific_f5_m2,-21.465013925183563,137,0,False,False,,,,,,,,,,,
margin,Charlotte,scientific_f5_m2,-21.89298472741786,138,0,False,False,,,,,,,,,,,
margin,Ohio State,scientific_f5_m3,30.054086359641495,1,25,True,True,,,,,,,,,,,
margin,Oregon,scientific_f5_m3,29.004901202111853,2,24,True,False,,,,,,,,,,,
margin,Notre Dame,scientific_f5_m3,24.036682167951117,3,23,True,False,,,,,,,,,,,
margin,Indiana,scientific_f5_m3,23.35803038573164,4,22,True,False,,,,,,,,,,,
margin,USC,scientific_f5_m3,21.783959200894813,5,21,True,False,,,,,,,,,,,
margin,Georgia,scientific_f5_m3,21.744538104063736,6,20,True,False,,,,,,,,,,,
margin,Texas Tech,scientific_f5_m3,20.666423083010844,7,19,True,False,,,,,,,,,,,
margin,Miami,scientific_f5_m3,19.647000084707663,8,18,True,False,,,,,,,,,,,
margin,Ole Miss,scientific_f5_m3,19.52044773367693,9,17,True,False,,,,,,,,,,,
margin,Alabama,scientific_f5_m3,18.597378262052494,10,16,True,False,,,,,,,,,,,
margin,Virginia,scientific_f5_m3,17.123208077566918,11,15,True,False,,,,,,,,,,,
margin,Texas A&M,scientific_f5_m3,16.692146638750668,12,14,True,False,,,,,,,,,,,
margin,Clemson,scientific_f5_m3,16.50813909544074,13,13,True,False,,,,,,,,,,,
margin,LSU,scientific_f5_m3,16.36680732077987,14,12,True,False,,,,,,,,,,,
margin,Washington,scientific_f5_m3,16.35597003649594,15,11,True,False,,,,,,,,,,,
margin,Texas,scientific_f5_m3,16.17210323421457,16,10,True,False,,,,,,,,,,,
margin,Michigan,scientific_f5_m3,15.969797106994797,17,9,True,False,,,,,,,,,,,
margin,SMU,scientific_f5_m3,14.353754180440896,18,8,True,False,,,,,,,,,,,
margin,Utah,scientific_f5_m3,14.246470584580425,19,7,True,False,,,,,,,,,,,
margin,Tennessee,scientific_f5_m3,13.955185622082844,20,6,True,False,,,,,,,,,,,
margin,Oklahoma,scientific_f5_m3,13.66810724549466,21,5,True,False,,,,,,,,,,,
margin,James Madison,scientific_f5_m3,13.22339688701314,22,4,True,False,,,,,,,,,,,
margin,Penn State,scientific_f5_m3,13.041629920184103,23,3,True,False,,,,,,,,,,,
margin,Louisville,scientific_f5_m3,12.995837422565266,24,2,True,False,,,,,,,,,,,
margin,Florida State,scientific_f5_m3,12.333479692401259,25,1,True,False,,,,,,,,,,,
margin,BYU,scientific_f5_m3,12.195219918580799,26,0,False,False,,,,,,,,,,,
margin,Missouri,scientific_f5_m3,11.671014279898255,27,0,False,False,,,,,,,,,,,
margin,Iowa,scientific_f5_m3,11.36112144620787,28,0,False,False,,,,,,,,,,,
margin,Toledo,scientific_f5_m3,11.061041089975348,29,0,False,False,,,,,,,,,,,
margin,North Texas,scientific_f5_m3,10.937264697338,30,0,False,False,,,,,,,,,,,
margin,Vanderbilt,scientific_f5_m3,10.429394998278623,31,0,False,False,,,,,,,,,,,
margin,Boise State,scientific_f5_m3,10.281980179532564,32,0,False,False,,,,,,,,,,,
margin,Auburn,scientific_f5_m3,9.750406592756269,33,0,False,False,,,,,,,,,,,
margin,Memphis,scientific_f5_m3,9.646897002370714,34,0,False,False,,,,,,,,,,,
margin,North Dakota State,scientific_f5_m3,9.232319204043879,35,0,False,False,,,,,,,,,,,
margin,South Florida,scientific_f5_m3,8.91918573699833,36,0,False,False,,,,,,,,,,,
margin,Kansas State,scientific_f5_m3,8.686828756819482,37,0,False,False,,,,,,,,,,,
margin,Nebraska,scientific_f5_m3,8.659770770062508,38,0,False,False,,,,,,,,,,,
margin,East Carolina,scientific_f5_m3,8.49755437273003,39,0,False,False,,,,,,,,,,,
margin,Duke,scientific_f5_m3,8.37544652542545,40,0,False,False,,,,,,,,,,,
margin,Pittsburgh,scientific_f5_m3,7.775267654403226,41,0,False,False,,,,,,,,,,,
margin,Georgia Tech,scientific_f5_m3,7.466306703114673,42,0,False,False,,,,,,,,,,,
margin,South Carolina,scientific_f5_m3,7.4420322909500705,43,0,False,False,,,,,,,,,,,
margin,Iowa State,scientific_f5_m3,7.3643088953786995,44,0,False,False,,,,,,,,,,,
margin,Illinois,scientific_f5_m3,7.034985703665321,45,0,False,False,,,,,,,,,,,
margin,Florida,scientific_f5_m3,6.870431229216683,46,0,False,False,,,,,,,,,,,
margin,Wake Forest,scientific_f5_m3,6.789515750537569,47,0,False,False,,,,,,,,,,,
margin,Arizona,scientific_f5_m3,6.630215663790822,48,0,False,False,,,,,,,,,,,
margin,Stanford,scientific_f5_m3,5.955044506840432,49,0,False,False,,,,,,,,,,,
margin,Texas State,scientific_f5_m3,5.901835279641828,50,0,False,False,,,,,,,,,,,
margin,Cincinnati,scientific_f5_m3,5.830819473527253,51,0,False,False,,,,,,,,,,,
margin,North Carolina,scientific_f5_m3,5.812513842309027,52,0,False,False,,,,,,,,,,,
margin,Tulane,scientific_f5_m3,5.2664669439033505,53,0,False,False,,,,,,,,,,,
margin,San Diego State,scientific_f5_m3,5.051081974319829,54,0,False,False,,,,,,,,,,,
margin,Houston,scientific_f5_m3,5.038375757556831,55,0,False,False,,,,,,,,,,,
margin,Arizona State,scientific_f5_m3,4.975060339549957,56,0,False,False,,,,,,,,,,,
margin,Fresno State,scientific_f5_m3,4.729405998422072,57,0,False,False,,,,,,,,,,,
margin,Washington State,scientific_f5_m3,4.6050322304973115,58,0,False,False,,,,,,,,,,,
margin,Navy,scientific_f5_m3,4.190338141710873,59,0,False,False,,,,,,,,,,,
margin,TCU,scientific_f5_m3,4.002121645235647,60,0,False,False,,,,,,,,,,,
margin,UTSA,scientific_f5_m3,3.9468479419572966,61,0,False,False,,,,,,,,,,,
margin,Western Michigan,scientific_f5_m3,3.825497876521562,62,0,False,False,,,,,,,,,,,
margin,Old Dominion,scientific_f5_m3,3.6606823328224527,63,0,False,False,,,,,,,,,,,
margin,UConn,scientific_f5_m3,3.3698332967297784,64,0,False,False,,,,,,,,,,,
margin,Ohio,scientific_f5_m3,3.25230161214586,65,0,False,False,,,,,,,,,,,
margin,Baylor,scientific_f5_m3,3.2447202977901966,66,0,False,False,,,,,,,,,,,
margin,UNLV,scientific_f5_m3,2.4242375751303227,67,0,False,False,,,,,,,,,,,
margin,Western Kentucky,scientific_f5_m3,2.420653956776931,68,0,False,False,,,,,,,,,,,
margin,Northwestern,scientific_f5_m3,2.391723043069249,69,0,False,False,,,,,,,,,,,
margin,Marshall,scientific_f5_m3,2.3302042578342137,70,0,False,False,,,,,,,,,,,
margin,Arkansas,scientific_f5_m3,2.2674048430813976,71,0,False,False,,,,,,,,,,,
margin,Minnesota,scientific_f5_m3,2.1471920176223795,72,0,False,False,,,,,,,,,,,
margin,Miami (OH),scientific_f5_m3,1.9030036666275236,73,0,False,False,,,,,,,,,,,
margin,Louisiana Tech,scientific_f5_m3,1.78174711800461,74,0,False,False,,,,,,,,,,,
margin,New Mexico,scientific_f5_m3,1.6893834834152957,75,0,False,False,,,,,,,,,,,
margin,Wisconsin,scientific_f5_m3,1.5096121079782068,76,0,False,False,,,,,,,,,,,
margin,Mississippi State,scientific_f5_m3,1.1523954855564542,77,0,False,False,,,,,,,,,,,
margin,California,scientific_f5_m3,0.8009672208736658,78,0,False,False,,,,,,,,,,,
margin,Eastern Michigan,scientific_f5_m3,0.7393462759615255,79,0,False,False,,,,,,,,,,,
margin,Liberty,scientific_f5_m3,-0.07821908637035012,80,0,False,False,,,,,,,,,,,
margin,Kansas,scientific_f5_m3,-0.07843983797762046,81,0,False,False,,,,,,,,,,,
margin,Utah State,scientific_f5_m3,-0.09258741088960247,82,0,False,False,,,,,,,,,,,
margin,Kennesaw State,scientific_f5_m3,-0.11291027762709727,83,0,False,False,,,,,,,,,,,
margin,Kentucky,scientific_f5_m3,-0.17852150935518893,84,0,False,False,,,,,,,,,,,
margin,West Virginia,scientific_f5_m3,-0.5975546126445362,85,0,False,False,,,,,,,,,,,
margin,UCF,scientific_f5_m3,-0.7266476414679566,86,0,False,False,,,,,,,,,,,
margin,Florida International,scientific_f5_m3,-0.883028098156333,87,0,False,False,,,,,,,,,,,
margin,Army,scientific_f5_m3,-1.143690966974481,88,0,False,False,,,,,,,,,,,
margin,Rutgers,scientific_f5_m3,-1.3848332406109813,89,0,False,False,,,,,,,,,,,
margin,Central Michigan,scientific_f5_m3,-1.5165463310725469,90,0,False,False,,,,,,,,,,,
margin,Southern Miss,scientific_f5_m3,-1.5921462799623523,91,0,False,False,,,,,,,,,,,
margin,Air Force,scientific_f5_m3,-2.580192907254711,92,0,False,False,,,,,,,,,,,
margin,South Alabama,scientific_f5_m3,-2.7321703700262185,93,0,False,False,,,,,,,,,,,
margin,Boston College,scientific_f5_m3,-2.9017280043756073,94,0,False,False,,,,,,,,,,,
margin,Michigan State,scientific_f5_m3,-3.173955336042901,95,0,False,False,,,,,,,,,,,
margin,UCLA,scientific_f5_m3,-3.446920823985181,96,0,False,False,,,,,,,,,,,
margin,Troy,scientific_f5_m3,-3.700796354260626,97,0,False,False,,,,,,,,,,,
margin,Virginia Tech,scientific_f5_m3,-3.7239970693617224,98,0,False,False,,,,,,,,,,,
margin,Oregon State,scientific_f5_m3,-3.899423374983663,99,0,False,False,,,,,,,,,,,
margin,Delaware,scientific_f5_m3,-4.150548342496203,100,0,False,False,,,,,,,,,,,
margin,Arkansas State,scientific_f5_m3,-4.258041078931289,101,0,False,False,,,,,,,,,,,
margin,Buffalo,scientific_f5_m3,-4.518370940587579,102,0,False,False,,,,,,,,,,,
margin,Louisiana,scientific_f5_m3,-4.656637022388544,103,0,False,False,,,,,,,,,,,
margin,NC State,scientific_f5_m3,-4.785664175151945,104,0,False,False,,,,,,,,,,,
margin,Colorado,scientific_f5_m3,-5.113579690759693,105,0,False,False,,,,,,,,,,,
margin,Bowling Green,scientific_f5_m3,-5.237950327422356,106,0,False,False,,,,,,,,,,,
margin,Tulsa,scientific_f5_m3,-5.262253974707466,107,0,False,False,,,,,,,,,,,
margin,Akron,scientific_f5_m3,-5.442387007360757,108,0,False,False,,,,,,,,,,,
margin,Missouri State,scientific_f5_m3,-5.614260766224027,109,0,False,False,,,,,,,,,,,
margin,Georgia Southern,scientific_f5_m3,-6.076967588505264,110,0,False,False,,,,,,,,,,,
margin,Temple,scientific_f5_m3,-6.327674611032951,111,0,False,False,,,,,,,,,,,
margin,Northern Illinois,scientific_f5_m3,-6.669491306907538,112,0,False,False,,,,,,,,,,,
margin,Maryland,scientific_f5_m3,-6.744517148424242,113,0,False,False,,,,,,,,,,,
margin,Wyoming,scientific_f5_m3,-7.147466090205118,114,0,False,False,,,,,,,,,,,
margin,Florida Atlantic,scientific_f5_m3,-7.512937960279099,115,0,False,False,,,,,,,,,,,
margin,UAB,scientific_f5_m3,-7.670246835560068,116,0,False,False,,,,,,,,,,,
margin,Colorado State,scientific_f5_m3,-7.754733828733321,117,0,False,False,,,,,,,,,,,
margin,App State,scientific_f5_m3,-7.840951543093965,118,0,False,False,,,,,,,,,,,
margin,Hawai'i,scientific_f5_m3,-8.241231398274154,119,0,False,False,,,,,,,,,,,
margin,Middle Tennessee,scientific_f5_m3,-8.46104594886324,120,0,False,False,,,,,,,,,,,
margin,San José State,scientific_f5_m3,-8.493012971595268,121,0,False,False,,,,,,,,,,,
margin,Nevada,scientific_f5_m3,-8.704677195177918,122,0,False,False,,,,,,,,,,,
margin,Coastal Carolina,scientific_f5_m3,-9.648054625460297,123,0,False,False,,,,,,,,,,,
margin,Rice,scientific_f5_m3,-9.867444641208573,124,0,False,False,,,,,,,,,,,
margin,UL Monroe,scientific_f5_m3,-9.894446937464336,125,0,False,False,,,,,,,,,,,
margin,Purdue,scientific_f5_m3,-10.030184940481522,126,0,False,False,,,,,,,,,,,
margin,Sacramento State,scientific_f5_m3,-10.64334134674698,127,0,False,False,,,,,,,,,,,
margin,Syracuse,scientific_f5_m3,-10.67561858313299,128,0,False,False,,,,,,,,,,,
margin,Kent State,scientific_f5_m3,-10.835326719995122,129,0,False,False,,,,,,,,,,,
margin,Ball State,scientific_f5_m3,-11.162208059192183,130,0,False,False,,,,,,,,,,,
margin,UTEP,scientific_f5_m3,-11.188051993553414,131,0,False,False,,,,,,,,,,,
margin,Oklahoma State,scientific_f5_m3,-12.087320877531713,132,0,False,False,,,,,,,,,,,
margin,Jacksonville State,scientific_f5_m3,-12.3822364167774,133,0,False,False,,,,,,,,,,,
margin,New Mexico State,scientific_f5_m3,-13.724222428016136,134,0,False,False,,,,,,,,,,,
margin,Georgia State,scientific_f5_m3,-14.758799938677017,135,0,False,False,,,,,,,,,,,
margin,Sam Houston,scientific_f5_m3,-14.834567185968874,136,0,False,False,,,,,,,,,,,
margin,Charlotte,scientific_f5_m3,-17.594527373259748,137,0,False,False,,,,,,,,,,,
margin,Massachusetts,scientific_f5_m3,-20.147078112751103,138,0,False,False,,,,,,,,,,,
margin,Oregon,scientific_f5_m4,28.05890553946801,1,25,True,True,,,,,,,,,,,
margin,Notre Dame,scientific_f5_m4,26.599820803015636,2,24,True,False,,,,,,,,,,,
margin,Indiana,scientific_f5_m4,25.06830696775764,3,23,True,False,,,,,,,,,,,
margin,Ohio State,scientific_f5_m4,24.135225661743693,4,22,True,False,,,,,,,,,,,
margin,USC,scientific_f5_m4,23.13179282084656,5,21,True,False,,,,,,,,,,,
margin,Georgia,scientific_f5_m4,22.03026879929439,6,20,True,False,,,,,,,,,,,
margin,Alabama,scientific_f5_m4,20.31745448751978,7,19,True,False,,,,,,,,,,,
margin,Ole Miss,scientific_f5_m4,20.143370366033523,8,18,True,False,,,,,,,,,,,
margin,Miami,scientific_f5_m4,19.460457437847435,9,17,True,False,,,,,,,,,,,
margin,Texas Tech,scientific_f5_m4,18.107391042039765,10,16,True,False,,,,,,,,,,,
margin,Washington,scientific_f5_m4,18.03735173921069,11,15,True,False,,,,,,,,,,,
margin,Virginia,scientific_f5_m4,17.562689370461438,12,14,True,False,,,,,,,,,,,
margin,Texas A&M,scientific_f5_m4,16.824626332434857,13,13,True,False,,,,,,,,,,,
margin,Texas,scientific_f5_m4,16.233605329512297,14,12,True,False,,,,,,,,,,,
margin,Clemson,scientific_f5_m4,15.627875179549894,15,11,True,False,,,,,,,,,,,
margin,Florida State,scientific_f5_m4,14.709445390559488,16,10,True,False,,,,,,,,,,,
margin,Michigan,scientific_f5_m4,14.386837994323672,17,9,True,False,,,,,,,,,,,
margin,SMU,scientific_f5_m4,14.002902010213258,18,8,True,False,,,,,,,,,,,
margin,LSU,scientific_f5_m4,13.894524136818927,19,7,True,False,,,,,,,,,,,
margin,Toledo,scientific_f5_m4,12.280595210252708,20,6,True,False,,,,,,,,,,,
margin,Tennessee,scientific_f5_m4,12.270533468848425,21,5,True,False,,,,,,,,,,,
margin,Utah,scientific_f5_m4,12.184232582993804,22,4,True,False,,,,,,,,,,,
margin,Oklahoma,scientific_f5_m4,12.003359689982098,23,3,True,False,,,,,,,,,,,
margin,James Madison,scientific_f5_m4,11.65625802401821,24,2,True,False,,,,,,,,,,,
margin,Penn State,scientific_f5_m4,11.610107236694457,25,1,True,False,,,,,,,,,,,
margin,Auburn,scientific_f5_m4,11.051451392445896,26,0,False,False,,,,,,,,,,,
margin,Louisville,scientific_f5_m4,11.001021760050158,27,0,False,False,,,,,,,,,,,
margin,Boise State,scientific_f5_m4,10.673968703977295,28,0,False,False,,,,,,,,,,,
margin,BYU,scientific_f5_m4,9.993978571242469,29,0,False,False,,,,,,,,,,,
margin,Vanderbilt,scientific_f5_m4,9.697405525362173,30,0,False,False,,,,,,,,,,,
margin,Missouri,scientific_f5_m4,9.351964245445691,31,0,False,False,,,,,,,,,,,
margin,Iowa,scientific_f5_m4,9.321485481283712,32,0,False,False,,,,,,,,,,,
margin,North Texas,scientific_f5_m4,8.69836032830468,33,0,False,False,,,,,,,,,,,
margin,East Carolina,scientific_f5_m4,8.632132389124912,34,0,False,False,,,,,,,,,,,
margin,Memphis,scientific_f5_m4,8.572325383457375,35,0,False,False,,,,,,,,,,,
margin,Pittsburgh,scientific_f5_m4,8.450797109975298,36,0,False,False,,,,,,,,,,,
margin,Duke,scientific_f5_m4,8.276425019563819,37,0,False,False,,,,,,,,,,,
margin,South Florida,scientific_f5_m4,8.138850435773419,38,0,False,False,,,,,,,,,,,
margin,Georgia Tech,scientific_f5_m4,8.028640611644239,39,0,False,False,,,,,,,,,,,
margin,Stanford,scientific_f5_m4,7.542297043272764,40,0,False,False,,,,,,,,,,,
margin,Nebraska,scientific_f5_m4,7.325432525689649,41,0,False,False,,,,,,,,,,,
margin,Texas State,scientific_f5_m4,6.764283792622522,42,0,False,False,,,,,,,,,,,
margin,Arizona,scientific_f5_m4,6.231439303767965,43,0,False,False,,,,,,,,,,,
margin,North Carolina,scientific_f5_m4,6.118543127859386,44,0,False,False,,,,,,,,,,,
margin,UTSA,scientific_f5_m4,5.822101305245903,45,0,False,False,,,,,,,,,,,
margin,Kansas State,scientific_f5_m4,5.675405155749983,46,0,False,False,,,,,,,,,,,
margin,South Carolina,scientific_f5_m4,5.659922324749342,47,0,False,False,,,,,,,,,,,
margin,Fresno State,scientific_f5_m4,5.5596763316088165,48,0,False,False,,,,,,,,,,,
margin,Florida,scientific_f5_m4,5.513495958632943,49,0,False,False,,,,,,,,,,,
margin,Illinois,scientific_f5_m4,5.384668046186586,50,0,False,False,,,,,,,,,,,
margin,Washington State,scientific_f5_m4,5.261542586899259,51,0,False,False,,,,,,,,,,,
margin,Iowa State,scientific_f5_m4,5.257392432395375,52,0,False,False,,,,,,,,,,,
margin,Baylor,scientific_f5_m4,5.12909519367451,53,0,False,False,,,,,,,,,,,
margin,Wake Forest,scientific_f5_m4,5.050446161001441,54,0,False,False,,,,,,,,,,,
margin,Cincinnati,scientific_f5_m4,4.773397838589104,55,0,False,False,,,,,,,,,,,
margin,North Dakota State,scientific_f5_m4,4.712133640600868,56,0,False,False,,,,,,,,,,,
margin,Houston,scientific_f5_m4,4.625540919668465,57,0,False,False,,,,,,,,,,,
margin,Tulane,scientific_f5_m4,4.3350126109288,58,0,False,False,,,,,,,,,,,
margin,Ohio,scientific_f5_m4,3.7669854401700307,59,0,False,False,,,,,,,,,,,
margin,Western Michigan,scientific_f5_m4,3.585314862533764,60,0,False,False,,,,,,,,,,,
margin,San Diego State,scientific_f5_m4,3.5515404459024484,61,0,False,False,,,,,,,,,,,
margin,Western Kentucky,scientific_f5_m4,3.419180212961245,62,0,False,False,,,,,,,,,,,
margin,Arizona State,scientific_f5_m4,3.190336166163874,63,0,False,False,,,,,,,,,,,
margin,California,scientific_f5_m4,2.925977367795112,64,0,False,False,,,,,,,,,,,
margin,Marshall,scientific_f5_m4,2.875141277053123,65,0,False,False,,,,,,,,,,,
margin,Wisconsin,scientific_f5_m4,2.140376814408021,66,0,False,False,,,,,,,,,,,
margin,Miami (OH),scientific_f5_m4,2.0031404149097902,67,0,False,False,,,,,,,,,,,
margin,UConn,scientific_f5_m4,1.8286399479459778,68,0,False,False,,,,,,,,,,,
margin,UNLV,scientific_f5_m4,1.509892298531012,69,0,False,False,,,,,,,,,,,
margin,Northwestern,scientific_f5_m4,1.4341331628299694,70,0,False,False,,,,,,,,,,,
margin,Kentucky,scientific_f5_m4,1.3917887635518849,71,0,False,False,,,,,,,,,,,
margin,Old Dominion,scientific_f5_m4,1.3172861639886595,72,0,False,False,,,,,,,,,,,
margin,Arkansas,scientific_f5_m4,1.2915693202792446,73,0,False,False,,,,,,,,,,,
margin,New Mexico,scientific_f5_m4,0.7301766093853759,74,0,False,False,,,,,,,,,,,
margin,Liberty,scientific_f5_m4,0.5818431869935325,75,0,False,False,,,,,,,,,,,
margin,Navy,scientific_f5_m4,0.5561170443444857,76,0,False,False,,,,,,,,,,,
margin,Minnesota,scientific_f5_m4,0.33719456146925303,77,0,False,False,,,,,,,,,,,
margin,Kennesaw State,scientific_f5_m4,-0.2215280892804061,78,0,False,False,,,,,,,,,,,
margin,Kansas,scientific_f5_m4,-0.4879332853842753,79,0,False,False,,,,,,,,,,,
margin,TCU,scientific_f5_m4,-0.49201938254932553,80,0,False,False,,,,,,,,,,,
margin,Utah State,scientific_f5_m4,-0.5323501287222225,81,0,False,False,,,,,,,,,,,
margin,Eastern Michigan,scientific_f5_m4,-0.8249551461015855,82,0,False,False,,,,,,,,,,,
margin,Southern Miss,scientific_f5_m4,-0.8610479173699236,83,0,False,False,,,,,,,,,,,
margin,Mississippi State,scientific_f5_m4,-1.09965299785712,84,0,False,False,,,,,,,,,,,
margin,Rutgers,scientific_f5_m4,-1.4732512940148232,85,0,False,False,,,,,,,,,,,
margin,Army,scientific_f5_m4,-1.5983849792112552,86,0,False,False,,,,,,,,,,,
margin,West Virginia,scientific_f5_m4,-1.723880625136362,87,0,False,False,,,,,,,,,,,
margin,NC State,scientific_f5_m4,-1.8636072892338909,88,0,False,False,,,,,,,,,,,
margin,Louisiana Tech,scientific_f5_m4,-1.8651160867957415,89,0,False,False,,,,,,,,,,,
margin,Central Michigan,scientific_f5_m4,-1.8915120970780164,90,0,False,False,,,,,,,,,,,
margin,UCLA,scientific_f5_m4,-2.32231598057266,91,0,False,False,,,,,,,,,,,
margin,Florida International,scientific_f5_m4,-2.4052339437287955,92,0,False,False,,,,,,,,,,,
margin,Arkansas State,scientific_f5_m4,-2.405359623132337,93,0,False,False,,,,,,,,,,,
margin,Boston College,scientific_f5_m4,-2.9076549057184216,94,0,False,False,,,,,,,,,,,
margin,Oregon State,scientific_f5_m4,-3.2040318629097846,95,0,False,False,,,,,,,,,,,
margin,UCF,scientific_f5_m4,-3.225791434529796,96,0,False,False,,,,,,,,,,,
margin,Michigan State,scientific_f5_m4,-3.532282199937757,97,0,False,False,,,,,,,,,,,
margin,Colorado,scientific_f5_m4,-3.678179116981314,98,0,False,False,,,,,,,,,,,
margin,Air Force,scientific_f5_m4,-4.203246170424564,99,0,False,False,,,,,,,,,,,
margin,Louisiana,scientific_f5_m4,-4.333869034362772,100,0,False,False,,,,,,,,,,,
margin,Virginia Tech,scientific_f5_m4,-4.364666147279044,101,0,False,False,,,,,,,,,,,
margin,South Alabama,scientific_f5_m4,-5.221482105384244,102,0,False,False,,,,,,,,,,,
margin,Missouri State,scientific_f5_m4,-5.415769576319745,103,0,False,False,,,,,,,,,,,
margin,UAB,scientific_f5_m4,-5.706061345631706,104,0,False,False,,,,,,,,,,,
margin,Florida Atlantic,scientific_f5_m4,-6.207775993208856,105,0,False,False,,,,,,,,,,,
margin,Akron,scientific_f5_m4,-6.664655503980843,106,0,False,False,,,,,,,,,,,
margin,Maryland,scientific_f5_m4,-6.906426577475078,107,0,False,False,,,,,,,,,,,
margin,Bowling Green,scientific_f5_m4,-6.990862331672599,108,0,False,False,,,,,,,,,,,
margin,Troy,scientific_f5_m4,-6.992265693191214,109,0,False,False,,,,,,,,,,,
margin,Buffalo,scientific_f5_m4,-7.050433521062489,110,0,False,False,,,,,,,,,,,
margin,Tulsa,scientific_f5_m4,-7.590128199928445,111,0,False,False,,,,,,,,,,,
margin,Delaware,scientific_f5_m4,-8.495607017317145,112,0,False,False,,,,,,,,,,,
margin,Northern Illinois,scientific_f5_m4,-8.571507337437213,113,0,False,False,,,,,,,,,,,
margin,Georgia Southern,scientific_f5_m4,-8.72971443481978,114,0,False,False,,,,,,,,,,,
margin,Temple,scientific_f5_m4,-9.394385435559611,115,0,False,False,,,,,,,,,,,
margin,Wyoming,scientific_f5_m4,-9.399023758608699,116,0,False,False,,,,,,,,,,,
margin,Coastal Carolina,scientific_f5_m4,-9.48889482588876,117,0,False,False,,,,,,,,,,,
margin,Colorado State,scientific_f5_m4,-10.011259654205675,118,0,False,False,,,,,,,,,,,
margin,Nevada,scientific_f5_m4,-10.413599686976607,119,0,False,False,,,,,,,,,,,
margin,Kent State,scientific_f5_m4,-10.92112345863505,120,0,False,False,,,,,,,,,,,
margin,App State,scientific_f5_m4,-10.998905571097799,121,0,False,False,,,,,,,,,,,
margin,San José State,scientific_f5_m4,-11.198072976462235,122,0,False,False,,,,,,,,,,,
margin,Middle Tennessee,scientific_f5_m4,-11.317610624785885,123,0,False,False,,,,,,,,,,,
margin,Hawai'i,scientific_f5_m4,-11.543148573092626,124,0,False,False,,,,,,,,,,,
margin,Sacramento State,scientific_f5_m4,-11.87171678165983,125,0,False,False,,,,,,,,,,,
margin,Ball State,scientific_f5_m4,-12.048400970378903,126,0,False,False,,,,,,,,,,,
margin,UL Monroe,scientific_f5_m4,-12.111491925034313,127,0,False,False,,,,,,,,,,,
margin,Rice,scientific_f5_m4,-12.302970489658186,128,0,False,False,,,,,,,,,,,
margin,Purdue,scientific_f5_m4,-12.378593542869233,129,0,False,False,,,,,,,,,,,
margin,Oklahoma State,scientific_f5_m4,-13.486097068174944,130,0,False,False,,,,,,,,,,,
margin,Syracuse,scientific_f5_m4,-13.843688180457889,131,0,False,False,,,,,,,,,,,
margin,UTEP,scientific_f5_m4,-14.160347680708329,132,0,False,False,,,,,,,,,,,
margin,Jacksonville State,scientific_f5_m4,-14.315110329535038,133,0,False,False,,,,,,,,,,,
margin,New Mexico State,scientific_f5_m4,-17.411107385038335,134,0,False,False,,,,,,,,,,,
margin,Georgia State,scientific_f5_m4,-18.184791452191668,135,0,False,False,,,,,,,,,,,
margin,Sam Houston,scientific_f5_m4,-19.006640749035427,136,0,False,False,,,,,,,,,,,
margin,Charlotte,scientific_f5_m4,-19.876971123591428,137,0,False,False,,,,,,,,,,,
margin,Massachusetts,scientific_f5_m4,-23.684237038144484,138,0,False,False,,,,,,,,,,,
margin,Notre Dame,scientific_f5_m5,37.02793884277344,1,25,True,True,,,,,,,,,,,
margin,Ohio State,scientific_f5_m5,36.49949645996094,2,24,True,False,,,,,,,,,,,
margin,Tulane,scientific_f5_m5,36.226524353027344,3,23,True,False,,,,,,,,,,,
margin,Michigan,scientific_f5_m5,34.64678955078125,4,22,True,False,,,,,,,,,,,
margin,Boise State,scientific_f5_m5,30.5557918548584,5,21,True,False,,,,,,,,,,,
margin,Oregon,scientific_f5_m5,30.11000633239746,6,20,True,False,,,,,,,,,,,
margin,Texas State,scientific_f5_m5,28.528657913208008,7,19,True,False,,,,,,,,,,,
margin,LSU,scientific_f5_m5,28.42538833618164,8,18,True,False,,,,,,,,,,,
margin,Indiana,scientific_f5_m5,28.285320281982422,9,17,True,False,,,,,,,,,,,
margin,Memphis,scientific_f5_m5,28.264305114746094,10,16,True,False,,,,,,,,,,,
margin,Alabama,scientific_f5_m5,28.045011520385742,11,15,True,False,,,,,,,,,,,
margin,North Texas,scientific_f5_m5,27.675596237182617,12,14,True,False,,,,,,,,,,,
margin,Miami,scientific_f5_m5,26.91914939880371,13,13,True,False,,,,,,,,,,,
margin,UNLV,scientific_f5_m5,26.38613510131836,14,12,True,False,,,,,,,,,,,
margin,Washington,scientific_f5_m5,26.20150375366211,15,11,True,False,,,,,,,,,,,
margin,Texas A&M,scientific_f5_m5,26.1452693939209,16,10,True,False,,,,,,,,,,,
margin,Louisville,scientific_f5_m5,24.933696746826172,17,9,True,False,,,,,,,,,,,
margin,Fresno State,scientific_f5_m5,22.99329376220703,18,8,True,False,,,,,,,,,,,
margin,East Carolina,scientific_f5_m5,22.657947540283203,19,7,True,False,,,,,,,,,,,
margin,Tennessee,scientific_f5_m5,22.370014190673828,20,6,True,False,,,,,,,,,,,
margin,Duke,scientific_f5_m5,21.839462280273438,21,5,True,False,,,,,,,,,,,
margin,SMU,scientific_f5_m5,21.480587005615234,22,4,True,False,,,,,,,,,,,
margin,South Florida,scientific_f5_m5,20.418506622314453,23,3,True,False,,,,,,,,,,,
margin,Kennesaw State,scientific_f5_m5,20.10565185546875,24,2,True,False,,,,,,,,,,,
margin,Navy,scientific_f5_m5,20.037675857543945,25,1,True,False,,,,,,,,,,,
margin,Florida International,scientific_f5_m5,19.383808135986328,26,0,False,False,,,,,,,,,,,
margin,New Mexico,scientific_f5_m5,18.301773071289062,27,0,False,False,,,,,,,,,,,
margin,North Carolina,scientific_f5_m5,18.019432067871094,28,0,False,False,,,,,,,,,,,
margin,Ole Miss,scientific_f5_m5,17.755144119262695,29,0,False,False,,,,,,,,,,,
margin,Vanderbilt,scientific_f5_m5,17.36639404296875,30,0,False,False,,,,,,,,,,,
margin,James Madison,scientific_f5_m5,16.785694122314453,31,0,False,False,,,,,,,,,,,
margin,Marshall,scientific_f5_m5,16.782611846923828,32,0,False,False,,,,,,,,,,,
margin,BYU,scientific_f5_m5,16.640605926513672,33,0,False,False,,,,,,,,,,,
margin,Pittsburgh,scientific_f5_m5,14.493284225463867,34,0,False,False,,,,,,,,,,,
margin,Clemson,scientific_f5_m5,13.770684242248535,35,0,False,False,,,,,,,,,,,
margin,Kansas State,scientific_f5_m5,13.64462661743164,36,0,False,False,,,,,,,,,,,
margin,Utah,scientific_f5_m5,12.94925308227539,37,0,False,False,,,,,,,,,,,
margin,Northern Illinois,scientific_f5_m5,12.746517181396484,38,0,False,False,,,,,,,,,,,
margin,Toledo,scientific_f5_m5,12.549995422363281,39,0,False,False,,,,,,,,,,,
margin,Penn State,scientific_f5_m5,12.231559753417969,40,0,False,False,,,,,,,,,,,
margin,Georgia,scientific_f5_m5,11.99928092956543,41,0,False,False,,,,,,,,,,,
margin,Central Michigan,scientific_f5_m5,11.935663223266602,42,0,False,False,,,,,,,,,,,
margin,Ohio,scientific_f5_m5,11.697330474853516,43,0,False,False,,,,,,,,,,,
margin,Bowling Green,scientific_f5_m5,11.501535415649414,44,0,False,False,,,,,,,,,,,
margin,Miami (OH),scientific_f5_m5,11.066696166992188,45,0,False,False,,,,,,,,,,,
margin,Iowa State,scientific_f5_m5,10.545707702636719,46,0,False,False,,,,,,,,,,,
margin,Kansas,scientific_f5_m5,9.845582962036133,47,0,False,False,,,,,,,,,,,
margin,Arkansas,scientific_f5_m5,9.610879898071289,48,0,False,False,,,,,,,,,,,
margin,Oregon State,scientific_f5_m5,9.264815330505371,49,0,False,False,,,,,,,,,,,
margin,Florida State,scientific_f5_m5,8.833065032958984,50,0,False,False,,,,,,,,,,,
margin,Wake Forest,scientific_f5_m5,8.646904945373535,51,0,False,False,,,,,,,,,,,
margin,Nebraska,scientific_f5_m5,8.504281997680664,52,0,False,False,,,,,,,,,,,
margin,Texas,scientific_f5_m5,8.05185317993164,53,0,False,False,,,,,,,,,,,
margin,Oklahoma,scientific_f5_m5,8.046920776367188,54,0,False,False,,,,,,,,,,,
margin,West Virginia,scientific_f5_m5,7.637245178222656,55,0,False,False,,,,,,,,,,,
margin,Baylor,scientific_f5_m5,7.427358627319336,56,0,False,False,,,,,,,,,,,
margin,Utah State,scientific_f5_m5,7.204534530639648,57,0,False,False,,,,,,,,,,,
margin,Illinois,scientific_f5_m5,7.129890441894531,58,0,False,False,,,,,,,,,,,
margin,South Carolina,scientific_f5_m5,7.065339088439941,59,0,False,False,,,,,,,,,,,
margin,USC,scientific_f5_m5,6.733552932739258,60,0,False,False,,,,,,,,,,,
margin,Kent State,scientific_f5_m5,6.700324535369873,61,0,False,False,,,,,,,,,,,
margin,Minnesota,scientific_f5_m5,6.308751106262207,62,0,False,False,,,,,,,,,,,
margin,Missouri,scientific_f5_m5,6.03993034362793,63,0,False,False,,,,,,,,,,,
margin,Washington State,scientific_f5_m5,5.630618095397949,64,0,False,False,,,,,,,,,,,
margin,Cincinnati,scientific_f5_m5,5.6252031326293945,65,0,False,False,,,,,,,,,,,
margin,Missouri State,scientific_f5_m5,5.502760887145996,66,0,False,False,,,,,,,,,,,
margin,Colorado,scientific_f5_m5,5.355744361877441,67,0,False,False,,,,,,,,,,,
margin,Texas Tech,scientific_f5_m5,5.335997104644775,68,0,False,False,,,,,,,,,,,
margin,Iowa,scientific_f5_m5,4.919255256652832,69,0,False,False,,,,,,,,,,,
margin,UTSA,scientific_f5_m5,4.754448890686035,70,0,False,False,,,,,,,,,,,
margin,Delaware,scientific_f5_m5,4.705693244934082,71,0,False,False,,,,,,,,,,,
margin,Virginia,scientific_f5_m5,4.368437767028809,72,0,False,False,,,,,,,,,,,
margin,UConn,scientific_f5_m5,4.0787672996521,73,0,False,False,,,,,,,,,,,
margin,Arizona,scientific_f5_m5,4.012543678283691,74,0,False,False,,,,,,,,,,,
margin,Wisconsin,scientific_f5_m5,3.8133716583251953,75,0,False,False,,,,,,,,,,,
margin,Georgia Tech,scientific_f5_m5,3.728513717651367,76,0,False,False,,,,,,,,,,,
margin,Auburn,scientific_f5_m5,3.594099998474121,77,0,False,False,,,,,,,,,,,
margin,Arizona State,scientific_f5_m5,3.0747604370117188,78,0,False,False,,,,,,,,,,,
margin,Florida,scientific_f5_m5,2.773404836654663,79,0,False,False,,,,,,,,,,,
margin,Western Michigan,scientific_f5_m5,2.5839486122131348,80,0,False,False,,,,,,,,,,,
margin,Northwestern,scientific_f5_m5,1.7926521301269531,81,0,False,False,,,,,,,,,,,
margin,UAB,scientific_f5_m5,1.3231010437011719,82,0,False,False,,,,,,,,,,,
margin,Virginia Tech,scientific_f5_m5,1.297001838684082,83,0,False,False,,,,,,,,,,,
margin,Syracuse,scientific_f5_m5,1.1798968315124512,84,0,False,False,,,,,,,,,,,
margin,Rutgers,scientific_f5_m5,0.4944607615470886,85,0,False,False,,,,,,,,,,,
margin,UCLA,scientific_f5_m5,-0.4259268641471863,86,0,False,False,,,,,,,,,,,
margin,Air Force,scientific_f5_m5,-0.7774221301078796,87,0,False,False,,,,,,,,,,,
margin,Georgia Southern,scientific_f5_m5,-0.921907365322113,88,0,False,False,,,,,,,,,,,
margin,TCU,scientific_f5_m5,-1.02276611328125,89,0,False,False,,,,,,,,,,,
margin,Kentucky,scientific_f5_m5,-1.0466361045837402,90,0,False,False,,,,,,,,,,,
margin,Ball State,scientific_f5_m5,-1.1227192878723145,91,0,False,False,,,,,,,,,,,
margin,UL Monroe,scientific_f5_m5,-1.4028401374816895,92,0,False,False,,,,,,,,,,,
margin,Buffalo,scientific_f5_m5,-1.7682886123657227,93,0,False,False,,,,,,,,,,,
margin,Western Kentucky,scientific_f5_m5,-2.90676212310791,94,0,False,False,,,,,,,,,,,
margin,Louisiana,scientific_f5_m5,-3.0755176544189453,95,0,False,False,,,,,,,,,,,
margin,Boston College,scientific_f5_m5,-3.14536190032959,96,0,False,False,,,,,,,,,,,
margin,Wyoming,scientific_f5_m5,-3.575313091278076,97,0,False,False,,,,,,,,,,,
margin,Louisiana Tech,scientific_f5_m5,-3.5873255729675293,98,0,False,False,,,,,,,,,,,
margin,Arkansas State,scientific_f5_m5,-3.7283120155334473,99,0,False,False,,,,,,,,,,,
margin,Sacramento State,scientific_f5_m5,-4.278759956359863,100,0,False,False,,,,,,,,,,,
margin,Southern Miss,scientific_f5_m5,-4.5886640548706055,101,0,False,False,,,,,,,,,,,
margin,California,scientific_f5_m5,-4.7319746017456055,102,0,False,False,,,,,,,,,,,
margin,Michigan State,scientific_f5_m5,-5.672380447387695,103,0,False,False,,,,,,,,,,,
margin,San Diego State,scientific_f5_m5,-5.741620063781738,104,0,False,False,,,,,,,,,,,
margin,Tulsa,scientific_f5_m5,-6.077125549316406,105,0,False,False,,,,,,,,,,,
margin,Old Dominion,scientific_f5_m5,-6.398744106292725,106,0,False,False,,,,,,,,,,,
margin,Florida Atlantic,scientific_f5_m5,-6.449359893798828,107,0,False,False,,,,,,,,,,,
margin,Maryland,scientific_f5_m5,-6.699784755706787,108,0,False,False,,,,,,,,,,,
margin,Eastern Michigan,scientific_f5_m5,-7.025494575500488,109,0,False,False,,,,,,,,,,,
margin,Army,scientific_f5_m5,-7.689942359924316,110,0,False,False,,,,,,,,,,,
margin,Liberty,scientific_f5_m5,-7.783456802368164,111,0,False,False,,,,,,,,,,,
margin,NC State,scientific_f5_m5,-7.927549362182617,112,0,False,False,,,,,,,,,,,
margin,Akron,scientific_f5_m5,-8.045305252075195,113,0,False,False,,,,,,,,,,,
margin,South Alabama,scientific_f5_m5,-8.43750286102295,114,0,False,False,,,,,,,,,,,
margin,San José State,scientific_f5_m5,-8.564997673034668,115,0,False,False,,,,,,,,,,,
margin,Middle Tennessee,scientific_f5_m5,-9.415632247924805,116,0,False,False,,,,,,,,,,,
margin,Coastal Carolina,scientific_f5_m5,-9.4730806350708,117,0,False,False,,,,,,,,,,,
margin,App State,scientific_f5_m5,-9.523447036743164,118,0,False,False,,,,,,,,,,,
margin,Georgia State,scientific_f5_m5,-10.88496208190918,119,0,False,False,,,,,,,,,,,
margin,Colorado State,scientific_f5_m5,-11.36703109741211,120,0,False,False,,,,,,,,,,,
margin,Houston,scientific_f5_m5,-11.661033630371094,121,0,False,False,,,,,,,,,,,
margin,Mississippi State,scientific_f5_m5,-11.69698715209961,122,0,False,False,,,,,,,,,,,
margin,UCF,scientific_f5_m5,-11.723304748535156,123,0,False,False,,,,,,,,,,,
margin,Stanford,scientific_f5_m5,-11.860846519470215,124,0,False,False,,,,,,,,,,,
margin,Nevada,scientific_f5_m5,-11.927865982055664,125,0,False,False,,,,,,,,,,,
margin,Troy,scientific_f5_m5,-12.458415985107422,126,0,False,False,,,,,,,,,,,
margin,Jacksonville State,scientific_f5_m5,-12.764476776123047,127,0,False,False,,,,,,,,,,,
margin,Temple,scientific_f5_m5,-14.777984619140625,128,0,False,False,,,,,,,,,,,
margin,Oklahoma State,scientific_f5_m5,-14.962678909301758,129,0,False,False,,,,,,,,,,,
margin,North Dakota State,scientific_f5_m5,-18.574769973754883,130,0,False,False,,,,,,,,,,,
margin,UTEP,scientific_f5_m5,-18.85798454284668,131,0,False,False,,,,,,,,,,,
margin,Massachusetts,scientific_f5_m5,-20.443199157714844,132,0,False,False,,,,,,,,,,,
margin,Rice,scientific_f5_m5,-21.15496826171875,133,0,False,False,,,,,,,,,,,
margin,Sam Houston,scientific_f5_m5,-21.719629287719727,134,0,False,False,,,,,,,,,,,
margin,Purdue,scientific_f5_m5,-23.224971771240234,135,0,False,False,,,,,,,,,,,
margin,Charlotte,scientific_f5_m5,-29.88839340209961,136,0,False,False,,,,,,,,,,,
margin,Hawai'i,scientific_f5_m5,-31.547231674194336,137,0,False,False,,,,,,,,,,,
margin,New Mexico State,scientific_f5_m5,-37.45487594604492,138,0,False,False,,,,,,,,,,,
margin,Ohio State,scientific_f5_m10,29.95,1,25,True,True,,,,,,,,,,,
margin,Georgia,scientific_f5_m10,26.0,2,24,True,False,,,,,,,,,,,
margin,Clemson,scientific_f5_m10,23.7,3,23,True,False,,,,,,,,,,,
margin,Oregon,scientific_f5_m10,21.2,4,22,True,False,,,,,,,,,,,
margin,Ole Miss,scientific_f5_m10,20.05,5,21,True,False,,,,,,,,,,,
margin,LSU,scientific_f5_m10,19.0,6,20,True,False,,,,,,,,,,,
margin,Tennessee,scientific_f5_m10,18.85,7,19,True,False,,,,,,,,,,,
margin,USC,scientific_f5_m10,18.4,8,18,True,False,,,,,,,,,,,
margin,Virginia,scientific_f5_m10,17.35,9,17,True,False,,,,,,,,,,,
margin,Michigan,scientific_f5_m10,16.95,10,16,True,False,,,,,,,,,,,
margin,Iowa,scientific_f5_m10,16.45,11,15,True,False,,,,,,,,,,,
margin,Oklahoma,scientific_f5_m10,16.25,12,14,True,False,,,,,,,,,,,
margin,Florida,scientific_f5_m10,15.75,13,13,True,False,,,,,,,,,,,
margin,Florida State,scientific_f5_m10,15.6,14,12,True,False,,,,,,,,,,,
margin,Notre Dame,scientific_f5_m10,15.55,15,11,True,False,,,,,,,,,,,
margin,Virginia Tech,scientific_f5_m10,15.55,16,10,True,False,,,,,,,,,,,
margin,Texas A&M,scientific_f5_m10,15.5,17,9,True,False,,,,,,,,,,,
margin,Texas,scientific_f5_m10,15.35,18,8,True,False,,,,,,,,,,,
margin,Kansas State,scientific_f5_m10,15.3,19,7,True,False,,,,,,,,,,,
margin,Penn State,scientific_f5_m10,14.8,20,6,True,False,,,,,,,,,,,
margin,Alabama,scientific_f5_m10,14.75,21,5,True,False,,,,,,,,,,,
margin,Indiana,scientific_f5_m10,14.15,22,4,True,False,,,,,,,,,,,
margin,Wisconsin,scientific_f5_m10,14.0,23,3,True,False,,,,,,,,,,,
margin,Missouri,scientific_f5_m10,13.3,24,2,True,False,,,,,,,,,,,
margin,Miami,scientific_f5_m10,12.55,25,1,True,False,,,,,,,,,,,
margin,South Carolina,scientific_f5_m10,12.15,26,0,False,False,,,,,,,,,,,
margin,California,scientific_f5_m10,11.2,27,0,False,False,,,,,,,,,,,
margin,UNLV,scientific_f5_m10,11.1,28,0,False,False,,,,,,,,,,,
margin,Nebraska,scientific_f5_m10,10.9,29,0,False,False,,,,,,,,,,,
margin,Utah,scientific_f5_m10,10.75,30,0,False,False,,,,,,,,,,,
margin,Kentucky,scientific_f5_m10,10.65,31,0,False,False,,,,,,,,,,,
margin,Minnesota,scientific_f5_m10,10.25,32,0,False,False,,,,,,,,,,,
margin,UCLA,scientific_f5_m10,10.15,33,0,False,False,,,,,,,,,,,
margin,BYU,scientific_f5_m10,10.05,34,0,False,False,,,,,,,,,,,
margin,Louisville,scientific_f5_m10,9.15,35,0,False,False,,,,,,,,,,,
margin,Georgia Southern,scientific_f5_m10,9.05,36,0,False,False,,,,,,,,,,,
margin,TCU,scientific_f5_m10,9.0,37,0,False,False,,,,,,,,,,,
margin,Purdue,scientific_f5_m10,8.8,38,0,False,False,,,,,,,,,,,
margin,Stanford,scientific_f5_m10,8.35,39,0,False,False,,,,,,,,,,,
margin,Memphis,scientific_f5_m10,8.1,40,0,False,False,,,,,,,,,,,
margin,Illinois,scientific_f5_m10,7.8,41,0,False,False,,,,,,,,,,,
margin,Rutgers,scientific_f5_m10,7.65,42,0,False,False,,,,,,,,,,,
margin,Texas Tech,scientific_f5_m10,7.35,43,0,False,False,,,,,,,,,,,
margin,Pittsburgh,scientific_f5_m10,7.2,44,0,False,False,,,,,,,,,,,
margin,Maryland,scientific_f5_m10,6.85,45,0,False,False,,,,,,,,,,,
margin,Houston,scientific_f5_m10,6.8,46,0,False,False,,,,,,,,,,,
margin,UTSA,scientific_f5_m10,6.8,47,0,False,False,,,,,,,,,,,
margin,SMU,scientific_f5_m10,6.5,48,0,False,False,,,,,,,,,,,
margin,Georgia Tech,scientific_f5_m10,6.45,49,0,False,False,,,,,,,,,,,
margin,Duke,scientific_f5_m10,6.1,50,0,False,False,,,,,,,,,,,
margin,Washington,scientific_f5_m10,6.1,51,0,False,False,,,,,,,,,,,
margin,Kansas,scientific_f5_m10,6.05,52,0,False,False,,,,,,,,,,,
margin,UCF,scientific_f5_m10,6.05,53,0,False,False,,,,,,,,,,,
margin,Arizona,scientific_f5_m10,5.7,54,0,False,False,,,,,,,,,,,
margin,Cincinnati,scientific_f5_m10,5.475,55,0,False,False,,,,,,,,,,,
margin,West Virginia,scientific_f5_m10,5.4,56,0,False,False,,,,,,,,,,,
margin,Arkansas,scientific_f5_m10,5.3,57,0,False,False,,,,,,,,,,,
margin,Texas State,scientific_f5_m10,4.375,58,0,False,False,,,,,,,,,,,
margin,Iowa State,scientific_f5_m10,4.3,59,0,False,False,,,,,,,,,,,
margin,Wake Forest,scientific_f5_m10,3.85,60,0,False,False,,,,,,,,,,,
margin,Mississippi State,scientific_f5_m10,3.55,61,0,False,False,,,,,,,,,,,
margin,Colorado State,scientific_f5_m10,3.2,62,0,False,False,,,,,,,,,,,
margin,Boise State,scientific_f5_m10,2.8,63,0,False,False,,,,,,,,,,,
margin,Liberty,scientific_f5_m10,2.675,64,0,False,False,,,,,,,,,,,
margin,Baylor,scientific_f5_m10,2.35,65,0,False,False,,,,,,,,,,,
margin,Arizona State,scientific_f5_m10,2.05,66,0,False,False,,,,,,,,,,,
margin,Oklahoma State,scientific_f5_m10,2.05,67,0,False,False,,,,,,,,,,,
margin,Michigan State,scientific_f5_m10,2.0,68,0,False,False,,,,,,,,,,,
margin,UConn,scientific_f5_m10,1.775,69,0,False,False,,,,,,,,,,,
margin,Vanderbilt,scientific_f5_m10,1.15,70,0,False,False,,,,,,,,,,,
margin,Arkansas State,scientific_f5_m10,0.725,71,0,False,False,,,,,,,,,,,
margin,Fresno State,scientific_f5_m10,0.4,72,0,False,False,,,,,,,,,,,
margin,James Madison,scientific_f5_m10,0.25,73,0,False,False,,,,,,,,,,,
margin,San Diego State,scientific_f5_m10,0.25,74,0,False,False,,,,,,,,,,,
margin,Washington State,scientific_f5_m10,0.175,75,0,False,False,,,,,,,,,,,
margin,Boston College,scientific_f5_m10,0.05,76,0,False,False,,,,,,,,,,,
margin,South Florida,scientific_f5_m10,-0.45,77,0,False,False,,,,,,,,,,,
margin,Miami (OH),scientific_f5_m10,-0.5,78,0,False,False,,,,,,,,,,,
margin,North Carolina,scientific_f5_m10,-0.6,79,0,False,False,,,,,,,,,,,
margin,Syracuse,scientific_f5_m10,-0.75,80,0,False,False,,,,,,,,,,,
margin,East Carolina,scientific_f5_m10,-1.225,81,0,False,False,,,,,,,,,,,
margin,San José State,scientific_f5_m10,-1.3,82,0,False,False,,,,,,,,,,,
margin,Utah State,scientific_f5_m10,-1.325,83,0,False,False,,,,,,,,,,,
margin,Auburn,scientific_f5_m10,-1.45,84,0,False,False,,,,,,,,,,,
margin,Louisiana,scientific_f5_m10,-1.65,85,0,False,False,,,,,,,,,,,
margin,UAB,scientific_f5_m10,-1.775,86,0,False,False,,,,,,,,,,,
margin,Tulane,scientific_f5_m10,-1.8,87,0,False,False,,,,,,,,,,,
margin,Western Kentucky,scientific_f5_m10,-1.925,88,0,False,False,,,,,,,,,,,
margin,App State,scientific_f5_m10,-2.325,89,0,False,False,,,,,,,,,,,
margin,Kennesaw State,scientific_f5_m10,-2.65,90,0,False,False,,,,,,,,,,,
margin,New Mexico,scientific_f5_m10,-2.7,91,0,False,False,,,,,,,,,,,
margin,North Texas,scientific_f5_m10,-2.975,92,0,False,False,,,,,,,,,,,
margin,Tulsa,scientific_f5_m10,-3.05,93,0,False,False,,,,,,,,,,,
margin,Florida International,scientific_f5_m10,-3.075,94,0,False,False,,,,,,,,,,,
margin,Marshall,scientific_f5_m10,-3.175,95,0,False,False,,,,,,,,,,,
margin,Coastal Carolina,scientific_f5_m10,-3.2,96,0,False,False,,,,,,,,,,,
margin,Northwestern,scientific_f5_m10,-3.3,97,0,False,False,,,,,,,,,,,
margin,South Alabama,scientific_f5_m10,-3.35,98,0,False,False,,,,,,,,,,,
margin,Florida Atlantic,scientific_f5_m10,-3.375,99,0,False,False,,,,,,,,,,,
margin,Louisiana Tech,scientific_f5_m10,-3.55,100,0,False,False,,,,,,,,,,,
margin,UTEP,scientific_f5_m10,-3.75,101,0,False,False,,,,,,,,,,,
margin,Georgia State,scientific_f5_m10,-4.15,102,0,False,False,,,,,,,,,,,
margin,Air Force,scientific_f5_m10,-4.275,103,0,False,False,,,,,,,,,,,
margin,Colorado,scientific_f5_m10,-4.35,104,0,False,False,,,,,,,,,,,
margin,Toledo,scientific_f5_m10,-4.95,105,0,False,False,,,,,,,,,,,
margin,Middle Tennessee,scientific_f5_m10,-5.075,106,0,False,False,,,,,,,,,,,
margin,Rice,scientific_f5_m10,-5.15,107,0,False,False,,,,,,,,,,,
margin,Sam Houston,scientific_f5_m10,-5.3,108,0,False,False,,,,,,,,,,,
margin,North Dakota State,scientific_f5_m10,-5.35,109,0,False,False,,,,,,,,,,,
margin,Southern Miss,scientific_f5_m10,-5.35,110,0,False,False,,,,,,,,,,,
margin,Central Michigan,scientific_f5_m10,-5.5,111,0,False,False,,,,,,,,,,,
margin,New Mexico State,scientific_f5_m10,-5.525,112,0,False,False,,,,,,,,,,,
margin,Eastern Michigan,scientific_f5_m10,-5.65,113,0,False,False,,,,,,,,,,,
margin,Delaware,scientific_f5_m10,-5.75,114,0,False,False,,,,,,,,,,,
margin,Oregon State,scientific_f5_m10,-5.9,115,0,False,False,,,,,,,,,,,
margin,UL Monroe,scientific_f5_m10,-6.15,116,0,False,False,,,,,,,,,,,
margin,Wyoming,scientific_f5_m10,-6.25,117,0,False,False,,,,,,,,,,,
margin,Northern Illinois,scientific_f5_m10,-6.8,118,0,False,False,,,,,,,,,,,
margin,Akron,scientific_f5_m10,-6.875,119,0,False,False,,,,,,,,,,,
margin,Navy,scientific_f5_m10,-6.875,120,0,False,False,,,,,,,,,,,
margin,Missouri State,scientific_f5_m10,-7.3,121,0,False,False,,,,,,,,,,,
margin,Buffalo,scientific_f5_m10,-7.6,122,0,False,False,,,,,,,,,,,
margin,Temple,scientific_f5_m10,-7.65,123,0,False,False,,,,,,,,,,,
margin,Bowling Green,scientific_f5_m10,-8.45,124,0,False,False,,,,,,,,,,,
margin,Kent State,scientific_f5_m10,-8.65,125,0,False,False,,,,,,,,,,,
margin,Troy,scientific_f5_m10,-8.65,126,0,False,False,,,,,,,,,,,
margin,Massachusetts,scientific_f5_m10,-8.75,127,0,False,False,,,,,,,,,,,
margin,Nevada,scientific_f5_m10,-8.95,128,0,False,False,,,,,,,,,,,
margin,Western Michigan,scientific_f5_m10,-9.25,129,0,False,False,,,,,,,,,,,
margin,Charlotte,scientific_f5_m10,-9.75,130,0,False,False,,,,,,,,,,,
margin,Ohio,scientific_f5_m10,-10.35,131,0,False,False,,,,,,,,,,,
margin,Army,scientific_f5_m10,-10.65,132,0,False,False,,,,,,,,,,,
margin,Old Dominion,scientific_f5_m10,-11.45,133,0,False,False,,,,,,,,,,,
margin,Hawai'i,scientific_f5_m10,-11.5,134,0,False,False,,,,,,,,,,,
margin,Ball State,scientific_f5_m10,-12.05,135,0,False,False,,,,,,,,,,,
margin,Sacramento State,scientific_f5_m10,-13.275,136,0,False,False,,,,,,,,,,,
margin,Jacksonville State,scientific_f5_m10,-13.5,137,0,False,False,,,,,,,,,,,
margin,NC State,scientific_f5_m10,-13.65,138,0,False,False,,,,,,,,,,,
margin,Oregon,scientific_f6_m1,33.189394126792635,1,25,True,True,,,,,,,,,,,
margin,Ohio State,scientific_f6_m1,27.49824475177695,2,24,True,False,,,,,,,,,,,
margin,Notre Dame,scientific_f6_m1,25.28422275818736,3,23,True,False,,,,,,,,,,,
margin,Ole Miss,scientific_f6_m1,24.83371886786447,4,22,True,False,,,,,,,,,,,
margin,Indiana,scientific_f6_m1,24.80440411993954,5,21,True,False,,,,,,,,,,,
margin,USC,scientific_f6_m1,22.75808022430823,6,20,True,False,,,,,,,,,,,
margin,Georgia,scientific_f6_m1,20.96642549095504,7,19,True,False,,,,,,,,,,,
margin,Miami,scientific_f6_m1,20.958950451448995,8,18,True,False,,,,,,,,,,,
margin,North Carolina,scientific_f6_m1,20.291301912686475,9,17,True,False,,,,,,,,,,,
margin,Louisville,scientific_f6_m1,19.6195505574911,10,16,True,False,,,,,,,,,,,
margin,Alabama,scientific_f6_m1,19.613029541812,11,15,True,False,,,,,,,,,,,
margin,Boise State,scientific_f6_m1,19.403908428174358,12,14,True,False,,,,,,,,,,,
margin,Clemson,scientific_f6_m1,19.10278116377425,13,13,True,False,,,,,,,,,,,
margin,East Carolina,scientific_f6_m1,18.386774727899265,14,12,True,False,,,,,,,,,,,
margin,Texas,scientific_f6_m1,17.886842004805185,15,11,True,False,,,,,,,,,,,
margin,Memphis,scientific_f6_m1,17.75455458328061,16,10,True,False,,,,,,,,,,,
margin,LSU,scientific_f6_m1,17.556145754046494,17,9,True,False,,,,,,,,,,,
margin,Washington,scientific_f6_m1,17.38487142834618,18,8,True,False,,,,,,,,,,,
margin,Texas A&M,scientific_f6_m1,16.14074232815479,19,7,True,False,,,,,,,,,,,
margin,Texas Tech,scientific_f6_m1,15.772878079496618,20,6,True,False,,,,,,,,,,,
margin,Michigan,scientific_f6_m1,15.483729855968779,21,5,True,False,,,,,,,,,,,
margin,North Texas,scientific_f6_m1,15.37044851379991,22,4,True,False,,,,,,,,,,,
margin,SMU,scientific_f6_m1,15.254248321361384,23,3,True,False,,,,,,,,,,,
margin,Virginia,scientific_f6_m1,14.098232613787154,24,2,True,False,,,,,,,,,,,
margin,Texas State,scientific_f6_m1,14.048400500752532,25,1,True,False,,,,,,,,,,,
margin,Penn State,scientific_f6_m1,13.394747550564382,26,0,False,False,,,,,,,,,,,
margin,Florida State,scientific_f6_m1,12.776321360765692,27,0,False,False,,,,,,,,,,,
margin,Oklahoma,scientific_f6_m1,11.87057821807186,28,0,False,False,,,,,,,,,,,
margin,TCU,scientific_f6_m1,11.525619034883873,29,0,False,False,,,,,,,,,,,
margin,Tennessee,scientific_f6_m1,11.5018915926344,30,0,False,False,,,,,,,,,,,
margin,James Madison,scientific_f6_m1,11.032814324020858,31,0,False,False,,,,,,,,,,,
margin,Duke,scientific_f6_m1,10.871100635037445,32,0,False,False,,,,,,,,,,,
margin,Auburn,scientific_f6_m1,10.726315663168794,33,0,False,False,,,,,,,,,,,
margin,Western Michigan,scientific_f6_m1,10.706160919432783,34,0,False,False,,,,,,,,,,,
margin,Iowa,scientific_f6_m1,10.515834287431359,35,0,False,False,,,,,,,,,,,
margin,Nebraska,scientific_f6_m1,9.76883611761264,36,0,False,False,,,,,,,,,,,
margin,Utah,scientific_f6_m1,9.722707193901474,37,0,False,False,,,,,,,,,,,
margin,Washington State,scientific_f6_m1,9.407104897159801,38,0,False,False,,,,,,,,,,,
margin,Fresno State,scientific_f6_m1,9.173696556493804,39,0,False,False,,,,,,,,,,,
margin,South Florida,scientific_f6_m1,8.831221649206121,40,0,False,False,,,,,,,,,,,
margin,Toledo,scientific_f6_m1,8.74225387494462,41,0,False,False,,,,,,,,,,,
margin,Wisconsin,scientific_f6_m1,8.733532404268804,42,0,False,False,,,,,,,,,,,
margin,UNLV,scientific_f6_m1,8.262572255644638,43,0,False,False,,,,,,,,,,,
margin,Tulane,scientific_f6_m1,8.20978057983946,44,0,False,False,,,,,,,,,,,
margin,Marshall,scientific_f6_m1,8.199713758813754,45,0,False,False,,,,,,,,,,,
margin,Missouri,scientific_f6_m1,8.017410728243622,46,0,False,False,,,,,,,,,,,
margin,BYU,scientific_f6_m1,7.751140929207433,47,0,False,False,,,,,,,,,,,
margin,Georgia Tech,scientific_f6_m1,7.608871198671949,48,0,False,False,,,,,,,,,,,
margin,Pittsburgh,scientific_f6_m1,7.598797289428665,49,0,False,False,,,,,,,,,,,
margin,Stanford,scientific_f6_m1,7.055473620857991,50,0,False,False,,,,,,,,,,,
margin,Illinois,scientific_f6_m1,6.6488595434015725,51,0,False,False,,,,,,,,,,,
margin,Baylor,scientific_f6_m1,6.385528986210636,52,0,False,False,,,,,,,,,,,
margin,Ohio,scientific_f6_m1,6.197440908833002,53,0,False,False,,,,,,,,,,,
margin,Florida,scientific_f6_m1,6.05608770796178,54,0,False,False,,,,,,,,,,,
margin,Vanderbilt,scientific_f6_m1,5.487799991910889,55,0,False,False,,,,,,,,,,,
margin,Liberty,scientific_f6_m1,5.054160321414407,56,0,False,False,,,,,,,,,,,
margin,South Carolina,scientific_f6_m1,4.874588591941336,57,0,False,False,,,,,,,,,,,
margin,North Dakota State,scientific_f6_m1,4.7054177609340035,58,0,False,False,,,,,,,,,,,
margin,Northwestern,scientific_f6_m1,4.416494673038974,59,0,False,False,,,,,,,,,,,
margin,NC State,scientific_f6_m1,4.159433292550548,60,0,False,False,,,,,,,,,,,
margin,Cincinnati,scientific_f6_m1,4.000662999020773,61,0,False,False,,,,,,,,,,,
margin,California,scientific_f6_m1,3.638934509452578,62,0,False,False,,,,,,,,,,,
margin,Houston,scientific_f6_m1,3.6343055760351013,63,0,False,False,,,,,,,,,,,
margin,Arizona,scientific_f6_m1,3.2050493472806485,64,0,False,False,,,,,,,,,,,
margin,Miami (OH),scientific_f6_m1,2.03313592302444,65,0,False,False,,,,,,,,,,,
margin,Iowa State,scientific_f6_m1,1.7310164141655497,66,0,False,False,,,,,,,,,,,
margin,UCLA,scientific_f6_m1,1.6305473351593536,67,0,False,False,,,,,,,,,,,
margin,Missouri State,scientific_f6_m1,1.535364549556569,68,0,False,False,,,,,,,,,,,
margin,New Mexico,scientific_f6_m1,1.1648615976637329,69,0,False,False,,,,,,,,,,,
margin,Boston College,scientific_f6_m1,1.048552617590921,70,0,False,False,,,,,,,,,,,
margin,Arkansas State,scientific_f6_m1,0.6836024722433125,71,0,False,False,,,,,,,,,,,
margin,Colorado,scientific_f6_m1,0.4268862067941175,72,0,False,False,,,,,,,,,,,
margin,Wake Forest,scientific_f6_m1,0.32045221147063163,73,0,False,False,,,,,,,,,,,
margin,Western Kentucky,scientific_f6_m1,0.08599878064988875,74,0,False,False,,,,,,,,,,,
margin,Central Michigan,scientific_f6_m1,-0.12227405089176191,75,0,False,False,,,,,,,,,,,
margin,Eastern Michigan,scientific_f6_m1,-0.2838546178556438,76,0,False,False,,,,,,,,,,,
margin,Mississippi State,scientific_f6_m1,-0.41574788284274433,77,0,False,False,,,,,,,,,,,
margin,Michigan State,scientific_f6_m1,-0.9026081985422829,78,0,False,False,,,,,,,,,,,
margin,San Diego State,scientific_f6_m1,-1.2183975468475499,79,0,False,False,,,,,,,,,,,
margin,Minnesota,scientific_f6_m1,-1.4059879482472635,80,0,False,False,,,,,,,,,,,
margin,Kansas State,scientific_f6_m1,-1.4668671485029368,81,0,False,False,,,,,,,,,,,
margin,West Virginia,scientific_f6_m1,-1.579052755036101,82,0,False,False,,,,,,,,,,,
margin,UTSA,scientific_f6_m1,-1.7080045106369024,83,0,False,False,,,,,,,,,,,
margin,Florida International,scientific_f6_m1,-1.8975807734970713,84,0,False,False,,,,,,,,,,,
margin,UConn,scientific_f6_m1,-1.978000793822936,85,0,False,False,,,,,,,,,,,
margin,Arkansas,scientific_f6_m1,-2.3650361031179905,86,0,False,False,,,,,,,,,,,
margin,Northern Illinois,scientific_f6_m1,-2.439020343811504,87,0,False,False,,,,,,,,,,,
margin,Kentucky,scientific_f6_m1,-2.9438315094744265,88,0,False,False,,,,,,,,,,,
margin,Oregon State,scientific_f6_m1,-3.0439573682941186,89,0,False,False,,,,,,,,,,,
margin,Hawai'i,scientific_f6_m1,-3.3657738977542175,90,0,False,False,,,,,,,,,,,
margin,Ball State,scientific_f6_m1,-3.577643280461449,91,0,False,False,,,,,,,,,,,
margin,Kennesaw State,scientific_f6_m1,-4.003146834064094,92,0,False,False,,,,,,,,,,,
margin,Old Dominion,scientific_f6_m1,-4.1315820988492105,93,0,False,False,,,,,,,,,,,
margin,UAB,scientific_f6_m1,-4.1317574772950705,94,0,False,False,,,,,,,,,,,
margin,Florida Atlantic,scientific_f6_m1,-4.146530182032678,95,0,False,False,,,,,,,,,,,
margin,Rutgers,scientific_f6_m1,-4.3312878373138135,96,0,False,False,,,,,,,,,,,
margin,Kansas,scientific_f6_m1,-5.065877318299951,97,0,False,False,,,,,,,,,,,
margin,Troy,scientific_f6_m1,-5.303827764466134,98,0,False,False,,,,,,,,,,,
margin,Akron,scientific_f6_m1,-5.618987041780525,99,0,False,False,,,,,,,,,,,
margin,UTEP,scientific_f6_m1,-5.656386626667193,100,0,False,False,,,,,,,,,,,
margin,Arizona State,scientific_f6_m1,-5.736691407969629,101,0,False,False,,,,,,,,,,,
margin,UCF,scientific_f6_m1,-5.97363779303648,102,0,False,False,,,,,,,,,,,
margin,Colorado State,scientific_f6_m1,-6.427673843416893,103,0,False,False,,,,,,,,,,,
margin,San José State,scientific_f6_m1,-6.49733450259778,104,0,False,False,,,,,,,,,,,
margin,Maryland,scientific_f6_m1,-6.641854415503913,105,0,False,False,,,,,,,,,,,
margin,Navy,scientific_f6_m1,-7.210791964807286,106,0,False,False,,,,,,,,,,,
margin,Virginia Tech,scientific_f6_m1,-7.247811990341648,107,0,False,False,,,,,,,,,,,
margin,Tulsa,scientific_f6_m1,-7.292139632070936,108,0,False,False,,,,,,,,,,,
margin,Bowling Green,scientific_f6_m1,-7.431232154642314,109,0,False,False,,,,,,,,,,,
margin,Air Force,scientific_f6_m1,-7.440857315498843,110,0,False,False,,,,,,,,,,,
margin,Army,scientific_f6_m1,-7.45470858478902,111,0,False,False,,,,,,,,,,,
margin,Louisiana Tech,scientific_f6_m1,-7.578313898686154,112,0,False,False,,,,,,,,,,,
margin,Sacramento State,scientific_f6_m1,-7.802641337517589,113,0,False,False,,,,,,,,,,,
margin,Southern Miss,scientific_f6_m1,-7.904481838900842,114,0,False,False,,,,,,,,,,,
margin,Kent State,scientific_f6_m1,-8.251760913027592,115,0,False,False,,,,,,,,,,,
margin,Delaware,scientific_f6_m1,-8.33315946142131,116,0,False,False,,,,,,,,,,,
margin,Georgia Southern,scientific_f6_m1,-8.383776309910882,117,0,False,False,,,,,,,,,,,
margin,Utah State,scientific_f6_m1,-8.513089393401653,118,0,False,False,,,,,,,,,,,
margin,Louisiana,scientific_f6_m1,-8.730652208561107,119,0,False,False,,,,,,,,,,,
margin,Buffalo,scientific_f6_m1,-9.17525651587006,120,0,False,False,,,,,,,,,,,
margin,South Alabama,scientific_f6_m1,-9.557019448593401,121,0,False,False,,,,,,,,,,,
margin,Coastal Carolina,scientific_f6_m1,-9.587333068184535,122,0,False,False,,,,,,,,,,,
margin,Jacksonville State,scientific_f6_m1,-10.008094238368837,123,0,False,False,,,,,,,,,,,
margin,App State,scientific_f6_m1,-10.266370918841897,124,0,False,False,,,,,,,,,,,
margin,Wyoming,scientific_f6_m1,-10.397431774187364,125,0,False,False,,,,,,,,,,,
margin,Syracuse,scientific_f6_m1,-10.628639109188153,126,0,False,False,,,,,,,,,,,
margin,Nevada,scientific_f6_m1,-11.130205849030503,127,0,False,False,,,,,,,,,,,
margin,Purdue,scientific_f6_m1,-11.361592029226372,128,0,False,False,,,,,,,,,,,
margin,Temple,scientific_f6_m1,-11.790062377499268,129,0,False,False,,,,,,,,,,,
margin,Oklahoma State,scientific_f6_m1,-12.162753875358185,130,0,False,False,,,,,,,,,,,
margin,UL Monroe,scientific_f6_m1,-13.217591748426514,131,0,False,False,,,,,,,,,,,
margin,Middle Tennessee,scientific_f6_m1,-17.10957914353904,132,0,False,False,,,,,,,,,,,
margin,Sam Houston,scientific_f6_m1,-18.02531561398812,133,0,False,False,,,,,,,,,,,
margin,Georgia State,scientific_f6_m1,-18.303902906190725,134,0,False,False,,,,,,,,,,,
margin,New Mexico State,scientific_f6_m1,-18.794073250920906,135,0,False,False,,,,,,,,,,,
margin,Rice,scientific_f6_m1,-19.240403151907376,136,0,False,False,,,,,,,,,,,
margin,Charlotte,scientific_f6_m1,-21.56240676340748,137,0,False,False,,,,,,,,,,,
margin,Massachusetts,scientific_f6_m1,-25.079465559856324,138,0,False,False,,,,,,,,,,,
margin,Oregon,scientific_f6_m2,31.319009311402862,1,25,True,True,,,,,,,,,,,
margin,Ohio State,scientific_f6_m2,26.038315171877233,2,24,True,False,,,,,,,,,,,
margin,Notre Dame,scientific_f6_m2,24.970894553973633,3,23,True,False,,,,,,,,,,,
margin,Indiana,scientific_f6_m2,24.386470176062538,4,22,True,False,,,,,,,,,,,
margin,Ole Miss,scientific_f6_m2,24.215234360491266,5,21,True,False,,,,,,,,,,,
margin,USC,scientific_f6_m2,22.895381175537597,6,20,True,False,,,,,,,,,,,
margin,Georgia,scientific_f6_m2,21.08398047091477,7,19,True,False,,,,,,,,,,,
margin,Miami,scientific_f6_m2,20.594831212190098,8,18,True,False,,,,,,,,,,,
margin,Louisville,scientific_f6_m2,20.429665616046716,9,17,True,False,,,,,,,,,,,
margin,Alabama,scientific_f6_m2,20.34333760665876,10,16,True,False,,,,,,,,,,,
margin,Clemson,scientific_f6_m2,20.259499184210217,11,15,True,False,,,,,,,,,,,
margin,Texas Tech,scientific_f6_m2,19.496691898459403,12,14,True,False,,,,,,,,,,,
margin,Texas A&M,scientific_f6_m2,19.303984198211435,13,13,True,False,,,,,,,,,,,
margin,Washington,scientific_f6_m2,19.12911650610339,14,12,True,False,,,,,,,,,,,
margin,Texas,scientific_f6_m2,18.740778227115218,15,11,True,False,,,,,,,,,,,
margin,Michigan,scientific_f6_m2,18.397176469318964,16,10,True,False,,,,,,,,,,,
margin,LSU,scientific_f6_m2,17.842947045770224,17,9,True,False,,,,,,,,,,,
margin,SMU,scientific_f6_m2,17.105364161313894,18,8,True,False,,,,,,,,,,,
margin,Oklahoma,scientific_f6_m2,17.03921837864747,19,7,True,False,,,,,,,,,,,
margin,Virginia,scientific_f6_m2,16.977619023899734,20,6,True,False,,,,,,,,,,,
margin,Penn State,scientific_f6_m2,16.636435493022187,21,5,True,False,,,,,,,,,,,
margin,North Carolina,scientific_f6_m2,15.653793090733384,22,4,True,False,,,,,,,,,,,
margin,Tennessee,scientific_f6_m2,15.603176356497155,23,3,True,False,,,,,,,,,,,
margin,James Madison,scientific_f6_m2,15.549890880308332,24,2,True,False,,,,,,,,,,,
margin,Missouri,scientific_f6_m2,15.242126092786648,25,1,True,False,,,,,,,,,,,
margin,Boise State,scientific_f6_m2,15.239717924378189,26,0,False,False,,,,,,,,,,,
margin,Iowa,scientific_f6_m2,14.569434196391253,27,0,False,False,,,,,,,,,,,
margin,Utah,scientific_f6_m2,14.355906239449567,28,0,False,False,,,,,,,,,,,
margin,Memphis,scientific_f6_m2,13.406745774392988,29,0,False,False,,,,,,,,,,,
margin,Florida State,scientific_f6_m2,13.370630473885797,30,0,False,False,,,,,,,,,,,
margin,Auburn,scientific_f6_m2,13.194960488991992,31,0,False,False,,,,,,,,,,,
margin,East Carolina,scientific_f6_m2,12.794757249578318,32,0,False,False,,,,,,,,,,,
margin,Duke,scientific_f6_m2,12.7349859477971,33,0,False,False,,,,,,,,,,,
margin,North Texas,scientific_f6_m2,12.548800519569633,34,0,False,False,,,,,,,,,,,
margin,BYU,scientific_f6_m2,12.421689401967818,35,0,False,False,,,,,,,,,,,
margin,Florida,scientific_f6_m2,11.440070563432233,36,0,False,False,,,,,,,,,,,
margin,Texas State,scientific_f6_m2,11.190069503758615,37,0,False,False,,,,,,,,,,,
margin,Nebraska,scientific_f6_m2,11.049601036195753,38,0,False,False,,,,,,,,,,,
margin,Georgia Tech,scientific_f6_m2,11.02018227121549,39,0,False,False,,,,,,,,,,,
margin,Illinois,scientific_f6_m2,10.94480095178423,40,0,False,False,,,,,,,,,,,
margin,Vanderbilt,scientific_f6_m2,10.886553344237015,41,0,False,False,,,,,,,,,,,
margin,Fresno State,scientific_f6_m2,10.365236418298142,42,0,False,False,,,,,,,,,,,
margin,Pittsburgh,scientific_f6_m2,10.326626607371587,43,0,False,False,,,,,,,,,,,
margin,South Florida,scientific_f6_m2,10.164809147710649,44,0,False,False,,,,,,,,,,,
margin,Baylor,scientific_f6_m2,9.827675903537365,45,0,False,False,,,,,,,,,,,
margin,Toledo,scientific_f6_m2,9.740465799712013,46,0,False,False,,,,,,,,,,,
margin,Tulane,scientific_f6_m2,9.421294255447442,47,0,False,False,,,,,,,,,,,
margin,Washington State,scientific_f6_m2,9.049813631873121,48,0,False,False,,,,,,,,,,,
margin,South Carolina,scientific_f6_m2,8.884479180613347,49,0,False,False,,,,,,,,,,,
margin,Ohio,scientific_f6_m2,8.810062236439403,50,0,False,False,,,,,,,,,,,
margin,Marshall,scientific_f6_m2,8.62255859875292,51,0,False,False,,,,,,,,,,,
margin,Arizona,scientific_f6_m2,8.185245761115716,52,0,False,False,,,,,,,,,,,
margin,Cincinnati,scientific_f6_m2,8.14741669630165,53,0,False,False,,,,,,,,,,,
margin,Stanford,scientific_f6_m2,8.002742044977905,54,0,False,False,,,,,,,,,,,
margin,Western Michigan,scientific_f6_m2,7.9335534776797765,55,0,False,False,,,,,,,,,,,
margin,Iowa State,scientific_f6_m2,7.646205522745734,56,0,False,False,,,,,,,,,,,
margin,Kansas State,scientific_f6_m2,7.465491231428372,57,0,False,False,,,,,,,,,,,
margin,Houston,scientific_f6_m2,6.1192838308108115,58,0,False,False,,,,,,,,,,,
margin,Wisconsin,scientific_f6_m2,5.971961514563572,59,0,False,False,,,,,,,,,,,
margin,Wake Forest,scientific_f6_m2,5.597179064637059,60,0,False,False,,,,,,,,,,,
margin,North Dakota State,scientific_f6_m2,5.488479929633391,61,0,False,False,,,,,,,,,,,
margin,California,scientific_f6_m2,5.27979888377075,62,0,False,False,,,,,,,,,,,
margin,Northwestern,scientific_f6_m2,5.246340942481627,63,0,False,False,,,,,,,,,,,
margin,UTSA,scientific_f6_m2,4.6972941558348005,64,0,False,False,,,,,,,,,,,
margin,Miami (OH),scientific_f6_m2,4.646636039684281,65,0,False,False,,,,,,,,,,,
margin,Liberty,scientific_f6_m2,4.5083419348838465,66,0,False,False,,,,,,,,,,,
margin,UCLA,scientific_f6_m2,4.442282026701632,67,0,False,False,,,,,,,,,,,
margin,Western Kentucky,scientific_f6_m2,4.3372106441323535,68,0,False,False,,,,,,,,,,,
margin,UNLV,scientific_f6_m2,4.268019619598613,69,0,False,False,,,,,,,,,,,
margin,Arkansas,scientific_f6_m2,4.223625269894169,70,0,False,False,,,,,,,,,,,
margin,Boston College,scientific_f6_m2,3.994725696688125,71,0,False,False,,,,,,,,,,,
margin,TCU,scientific_f6_m2,3.9582132539713957,72,0,False,False,,,,,,,,,,,
margin,New Mexico,scientific_f6_m2,3.7884049287904658,73,0,False,False,,,,,,,,,,,
margin,Old Dominion,scientific_f6_m2,3.4959341025866952,74,0,False,False,,,,,,,,,,,
margin,Minnesota,scientific_f6_m2,3.308098252687333,75,0,False,False,,,,,,,,,,,
margin,San Diego State,scientific_f6_m2,3.072347034630281,76,0,False,False,,,,,,,,,,,
margin,Mississippi State,scientific_f6_m2,2.944507334063015,77,0,False,False,,,,,,,,,,,
margin,Michigan State,scientific_f6_m2,2.938717860292261,78,0,False,False,,,,,,,,,,,
margin,Arizona State,scientific_f6_m2,2.870150977005657,79,0,False,False,,,,,,,,,,,
margin,UConn,scientific_f6_m2,2.406315227009503,80,0,False,False,,,,,,,,,,,
margin,Colorado,scientific_f6_m2,2.0589971238467157,81,0,False,False,,,,,,,,,,,
margin,Rutgers,scientific_f6_m2,1.9946098908601337,82,0,False,False,,,,,,,,,,,
margin,West Virginia,scientific_f6_m2,1.82195065555065,83,0,False,False,,,,,,,,,,,
margin,Kansas,scientific_f6_m2,1.5769909908460993,84,0,False,False,,,,,,,,,,,
margin,Kentucky,scientific_f6_m2,1.536583932292709,85,0,False,False,,,,,,,,,,,
margin,Virginia Tech,scientific_f6_m2,1.3629601764132824,86,0,False,False,,,,,,,,,,,
margin,Arkansas State,scientific_f6_m2,1.2477123975959357,87,0,False,False,,,,,,,,,,,
margin,Navy,scientific_f6_m2,1.0283302117923707,88,0,False,False,,,,,,,,,,,
margin,Missouri State,scientific_f6_m2,0.5681859401192904,89,0,False,False,,,,,,,,,,,
margin,Florida International,scientific_f6_m2,0.2684517387470481,90,0,False,False,,,,,,,,,,,
margin,Oregon State,scientific_f6_m2,0.061311517752994815,91,0,False,False,,,,,,,,,,,
margin,Central Michigan,scientific_f6_m2,0.018954349379473046,92,0,False,False,,,,,,,,,,,
margin,Eastern Michigan,scientific_f6_m2,-0.15113032456338404,93,0,False,False,,,,,,,,,,,
margin,Utah State,scientific_f6_m2,-0.2467411544450826,94,0,False,False,,,,,,,,,,,
margin,UCF,scientific_f6_m2,-0.2538297662859028,95,0,False,False,,,,,,,,,,,
margin,NC State,scientific_f6_m2,-1.4403237661008408,96,0,False,False,,,,,,,,,,,
margin,Akron,scientific_f6_m2,-1.6253814680585266,97,0,False,False,,,,,,,,,,,
margin,Troy,scientific_f6_m2,-1.7381881824525571,98,0,False,False,,,,,,,,,,,
margin,Northern Illinois,scientific_f6_m2,-1.7702064385680956,99,0,False,False,,,,,,,,,,,
margin,Georgia Southern,scientific_f6_m2,-1.7957194872788964,100,0,False,False,,,,,,,,,,,
margin,Maryland,scientific_f6_m2,-1.813977827215722,101,0,False,False,,,,,,,,,,,
margin,Kennesaw State,scientific_f6_m2,-2.1969827859573234,102,0,False,False,,,,,,,,,,,
margin,Army,scientific_f6_m2,-2.3213693149880386,103,0,False,False,,,,,,,,,,,
margin,UAB,scientific_f6_m2,-2.5249898166223286,104,0,False,False,,,,,,,,,,,
margin,Tulsa,scientific_f6_m2,-2.633155078642185,105,0,False,False,,,,,,,,,,,
margin,Florida Atlantic,scientific_f6_m2,-2.88766887640873,106,0,False,False,,,,,,,,,,,
margin,South Alabama,scientific_f6_m2,-3.1331931903102976,107,0,False,False,,,,,,,,,,,
margin,Colorado State,scientific_f6_m2,-3.259764659231421,108,0,False,False,,,,,,,,,,,
margin,Louisiana Tech,scientific_f6_m2,-3.417322541325749,109,0,False,False,,,,,,,,,,,
margin,Delaware,scientific_f6_m2,-3.4557777372856053,110,0,False,False,,,,,,,,,,,
margin,Louisiana,scientific_f6_m2,-3.673461418186014,111,0,False,False,,,,,,,,,,,
margin,Southern Miss,scientific_f6_m2,-3.940669261412838,112,0,False,False,,,,,,,,,,,
margin,App State,scientific_f6_m2,-4.34940029534879,113,0,False,False,,,,,,,,,,,
margin,Air Force,scientific_f6_m2,-4.586813385330348,114,0,False,False,,,,,,,,,,,
margin,UTEP,scientific_f6_m2,-4.7616680510278755,115,0,False,False,,,,,,,,,,,
margin,Bowling Green,scientific_f6_m2,-4.819786946182687,116,0,False,False,,,,,,,,,,,
margin,Syracuse,scientific_f6_m2,-5.406496444493077,117,0,False,False,,,,,,,,,,,
margin,Purdue,scientific_f6_m2,-5.51818212724469,118,0,False,False,,,,,,,,,,,
margin,Wyoming,scientific_f6_m2,-5.6329957004897695,119,0,False,False,,,,,,,,,,,
margin,San José State,scientific_f6_m2,-5.981090899830768,120,0,False,False,,,,,,,,,,,
margin,Buffalo,scientific_f6_m2,-6.045882611445085,121,0,False,False,,,,,,,,,,,
margin,Nevada,scientific_f6_m2,-6.187168768569754,122,0,False,False,,,,,,,,,,,
margin,Oklahoma State,scientific_f6_m2,-6.203361023874057,123,0,False,False,,,,,,,,,,,
margin,Kent State,scientific_f6_m2,-6.3324311769863435,124,0,False,False,,,,,,,,,,,
margin,Coastal Carolina,scientific_f6_m2,-6.463629573085601,125,0,False,False,,,,,,,,,,,
margin,Temple,scientific_f6_m2,-6.512326320996619,126,0,False,False,,,,,,,,,,,
margin,Hawai'i,scientific_f6_m2,-6.661001775678426,127,0,False,False,,,,,,,,,,,
margin,Middle Tennessee,scientific_f6_m2,-7.671233125783625,128,0,False,False,,,,,,,,,,,
margin,UL Monroe,scientific_f6_m2,-7.974665994357207,129,0,False,False,,,,,,,,,,,
margin,Ball State,scientific_f6_m2,-8.57871385739627,130,0,False,False,,,,,,,,,,,
margin,Georgia State,scientific_f6_m2,-11.015718311062177,131,0,False,False,,,,,,,,,,,
margin,Sacramento State,scientific_f6_m2,-12.070396200530958,132,0,False,False,,,,,,,,,,,
margin,Sam Houston,scientific_f6_m2,-12.440664411406516,133,0,False,False,,,,,,,,,,,
margin,Rice,scientific_f6_m2,-13.145924161790358,134,0,False,False,,,,,,,,,,,
margin,Jacksonville State,scientific_f6_m2,-13.391309086888151,135,0,False,False,,,,,,,,,,,
margin,New Mexico State,scientific_f6_m2,-15.194775132064997,136,0,False,False,,,,,,,,,,,
margin,Massachusetts,scientific_f6_m2,-16.09262023452408,137,0,False,False,,,,,,,,,,,
margin,Charlotte,scientific_f6_m2,-16.27552801523975,138,0,False,False,,,,,,,,,,,
margin,Ohio State,scientific_f6_m3,24.7539148594864,1,25,True,True,,,,,,,,,,,
margin,Oregon,scientific_f6_m3,22.940684258793432,2,24,True,False,,,,,,,,,,,
margin,USC,scientific_f6_m3,21.662034802731526,3,23,True,False,,,,,,,,,,,
margin,Notre Dame,scientific_f6_m3,20.702494293292524,4,22,True,False,,,,,,,,,,,
margin,Georgia,scientific_f6_m3,20.17478843660333,5,21,True,False,,,,,,,,,,,
margin,Indiana,scientific_f6_m3,19.363393232961272,6,20,True,False,,,,,,,,,,,
margin,Miami,scientific_f6_m3,18.289811059068043,7,19,True,False,,,,,,,,,,,
margin,Ole Miss,scientific_f6_m3,18.1078289284421,8,18,True,False,,,,,,,,,,,
margin,Texas Tech,scientific_f6_m3,17.195999542006906,9,17,True,False,,,,,,,,,,,
margin,Alabama,scientific_f6_m3,16.624337287170366,10,16,True,False,,,,,,,,,,,
margin,Texas A&M,scientific_f6_m3,16.58863200132115,11,15,True,False,,,,,,,,,,,
margin,Texas,scientific_f6_m3,14.652220456455098,12,14,True,False,,,,,,,,,,,
margin,Clemson,scientific_f6_m3,14.313000454989853,13,13,True,False,,,,,,,,,,,
margin,Utah,scientific_f6_m3,14.175839908064422,14,12,True,False,,,,,,,,,,,
margin,Tennessee,scientific_f6_m3,14.148986248378781,15,11,True,False,,,,,,,,,,,
margin,Virginia,scientific_f6_m3,13.627245140398019,16,10,True,False,,,,,,,,,,,
margin,Washington,scientific_f6_m3,13.586819051255675,17,9,True,False,,,,,,,,,,,
margin,Michigan,scientific_f6_m3,13.583190924648784,18,8,True,False,,,,,,,,,,,
margin,James Madison,scientific_f6_m3,13.075178358889172,19,7,True,False,,,,,,,,,,,
margin,SMU,scientific_f6_m3,12.768569998668697,20,6,True,False,,,,,,,,,,,
margin,Oklahoma,scientific_f6_m3,12.405961567320444,21,5,True,False,,,,,,,,,,,
margin,Penn State,scientific_f6_m3,12.385240945564265,22,4,True,False,,,,,,,,,,,
margin,Missouri,scientific_f6_m3,12.24605401826965,23,3,True,False,,,,,,,,,,,
margin,Memphis,scientific_f6_m3,12.104238206394454,24,2,True,False,,,,,,,,,,,
margin,Florida State,scientific_f6_m3,11.579863353446852,25,1,True,False,,,,,,,,,,,
margin,LSU,scientific_f6_m3,11.446377667505187,26,0,False,False,,,,,,,,,,,
margin,Iowa,scientific_f6_m3,11.293917393888162,27,0,False,False,,,,,,,,,,,
margin,BYU,scientific_f6_m3,11.184026068028379,28,0,False,False,,,,,,,,,,,
margin,Vanderbilt,scientific_f6_m3,11.102824639287409,29,0,False,False,,,,,,,,,,,
margin,Toledo,scientific_f6_m3,10.876936980729907,30,0,False,False,,,,,,,,,,,
margin,Louisville,scientific_f6_m3,10.489866599365417,31,0,False,False,,,,,,,,,,,
margin,North Texas,scientific_f6_m3,10.42129410922466,32,0,False,False,,,,,,,,,,,
margin,South Florida,scientific_f6_m3,9.710187580909933,33,0,False,False,,,,,,,,,,,
margin,Auburn,scientific_f6_m3,8.983193650613163,34,0,False,False,,,,,,,,,,,
margin,East Carolina,scientific_f6_m3,8.271001093332686,35,0,False,False,,,,,,,,,,,
margin,Boise State,scientific_f6_m3,8.162030113972328,36,0,False,False,,,,,,,,,,,
margin,North Dakota State,scientific_f6_m3,7.72355636044301,37,0,False,False,,,,,,,,,,,
margin,Iowa State,scientific_f6_m3,7.532599361826055,38,0,False,False,,,,,,,,,,,
margin,Stanford,scientific_f6_m3,7.477467915478992,39,0,False,False,,,,,,,,,,,
margin,Georgia Tech,scientific_f6_m3,7.434197145971631,40,0,False,False,,,,,,,,,,,
margin,Kansas State,scientific_f6_m3,7.2965128606119,41,0,False,False,,,,,,,,,,,
margin,Wake Forest,scientific_f6_m3,7.275876697843214,42,0,False,False,,,,,,,,,,,
margin,Florida,scientific_f6_m3,7.207274317120493,43,0,False,False,,,,,,,,,,,
margin,North Carolina,scientific_f6_m3,7.061870699318723,44,0,False,False,,,,,,,,,,,
margin,Illinois,scientific_f6_m3,7.0323892648836335,45,0,False,False,,,,,,,,,,,
margin,Duke,scientific_f6_m3,6.8894373169905245,46,0,False,False,,,,,,,,,,,
margin,Arizona,scientific_f6_m3,6.788023721993356,47,0,False,False,,,,,,,,,,,
margin,South Carolina,scientific_f6_m3,6.44795959462087,48,0,False,False,,,,,,,,,,,
margin,Texas State,scientific_f6_m3,6.160102107345221,49,0,False,False,,,,,,,,,,,
margin,Pittsburgh,scientific_f6_m3,6.12868963285903,50,0,False,False,,,,,,,,,,,
margin,Navy,scientific_f6_m3,5.9295822858056,51,0,False,False,,,,,,,,,,,
margin,Old Dominion,scientific_f6_m3,5.8965433945529995,52,0,False,False,,,,,,,,,,,
margin,Ohio,scientific_f6_m3,5.886063909203341,53,0,False,False,,,,,,,,,,,
margin,Cincinnati,scientific_f6_m3,5.842105273347539,54,0,False,False,,,,,,,,,,,
margin,Nebraska,scientific_f6_m3,5.593677681214312,55,0,False,False,,,,,,,,,,,
margin,Arizona State,scientific_f6_m3,5.30700925800931,56,0,False,False,,,,,,,,,,,
margin,UTSA,scientific_f6_m3,5.104329405077281,57,0,False,False,,,,,,,,,,,
margin,Tulane,scientific_f6_m3,5.033600070152349,58,0,False,False,,,,,,,,,,,
margin,San Diego State,scientific_f6_m3,4.744931909946651,59,0,False,False,,,,,,,,,,,
margin,UConn,scientific_f6_m3,4.744113396833764,60,0,False,False,,,,,,,,,,,
margin,Houston,scientific_f6_m3,4.530582009986029,61,0,False,False,,,,,,,,,,,
margin,Western Kentucky,scientific_f6_m3,4.156493204100057,62,0,False,False,,,,,,,,,,,
margin,Baylor,scientific_f6_m3,3.952324596203293,63,0,False,False,,,,,,,,,,,
margin,Arkansas,scientific_f6_m3,3.7649199962286937,64,0,False,False,,,,,,,,,,,
margin,TCU,scientific_f6_m3,3.7512655995716337,65,0,False,False,,,,,,,,,,,
margin,Washington State,scientific_f6_m3,3.587791500897675,66,0,False,False,,,,,,,,,,,
margin,Fresno State,scientific_f6_m3,3.58622200768663,67,0,False,False,,,,,,,,,,,
margin,Miami (OH),scientific_f6_m3,3.457955895635708,68,0,False,False,,,,,,,,,,,
margin,Marshall,scientific_f6_m3,3.3638086049077955,69,0,False,False,,,,,,,,,,,
margin,Western Michigan,scientific_f6_m3,3.2871669839328743,70,0,False,False,,,,,,,,,,,
margin,Minnesota,scientific_f6_m3,2.834822760429537,71,0,False,False,,,,,,,,,,,
margin,Liberty,scientific_f6_m3,2.224180963011393,72,0,False,False,,,,,,,,,,,
margin,Kentucky,scientific_f6_m3,2.171040838234155,73,0,False,False,,,,,,,,,,,
margin,UNLV,scientific_f6_m3,1.8477906654456488,74,0,False,False,,,,,,,,,,,
margin,Northwestern,scientific_f6_m3,1.813979000087933,75,0,False,False,,,,,,,,,,,
margin,Kansas,scientific_f6_m3,1.7307728485721865,76,0,False,False,,,,,,,,,,,
margin,New Mexico,scientific_f6_m3,1.5984668489219447,77,0,False,False,,,,,,,,,,,
margin,Utah State,scientific_f6_m3,1.557087460435391,78,0,False,False,,,,,,,,,,,
margin,Louisiana Tech,scientific_f6_m3,1.3940321517553387,79,0,False,False,,,,,,,,,,,
margin,Mississippi State,scientific_f6_m3,0.8809075094754051,80,0,False,False,,,,,,,,,,,
margin,UCF,scientific_f6_m3,0.8562439420063302,81,0,False,False,,,,,,,,,,,
margin,Wisconsin,scientific_f6_m3,0.7746316639303586,82,0,False,False,,,,,,,,,,,
margin,California,scientific_f6_m3,0.6468230406607149,83,0,False,False,,,,,,,,,,,
margin,Kennesaw State,scientific_f6_m3,0.3581019151590445,84,0,False,False,,,,,,,,,,,
margin,Virginia Tech,scientific_f6_m3,-0.06921571439997473,85,0,False,False,,,,,,,,,,,
margin,Florida International,scientific_f6_m3,-0.2177458262030331,86,0,False,False,,,,,,,,,,,
margin,West Virginia,scientific_f6_m3,-0.2593185191661975,87,0,False,False,,,,,,,,,,,
margin,Central Michigan,scientific_f6_m3,-0.29020889621092094,88,0,False,False,,,,,,,,,,,
margin,Eastern Michigan,scientific_f6_m3,-0.32784131928998156,89,0,False,False,,,,,,,,,,,
margin,Southern Miss,scientific_f6_m3,-0.3317691018419839,90,0,False,False,,,,,,,,,,,
margin,Rutgers,scientific_f6_m3,-0.5056986248204334,91,0,False,False,,,,,,,,,,,
margin,Army,scientific_f6_m3,-0.5561311578409264,92,0,False,False,,,,,,,,,,,
margin,Air Force,scientific_f6_m3,-0.8719699611598661,93,0,False,False,,,,,,,,,,,
margin,Boston College,scientific_f6_m3,-1.0196653370988955,94,0,False,False,,,,,,,,,,,
margin,Delaware,scientific_f6_m3,-1.2736379437616163,95,0,False,False,,,,,,,,,,,
margin,South Alabama,scientific_f6_m3,-1.3181023543409105,96,0,False,False,,,,,,,,,,,
margin,UCLA,scientific_f6_m3,-1.6656982290030613,97,0,False,False,,,,,,,,,,,
margin,Georgia Southern,scientific_f6_m3,-1.8461471232039526,98,0,False,False,,,,,,,,,,,
margin,Troy,scientific_f6_m3,-1.8820163138810002,99,0,False,False,,,,,,,,,,,
margin,Michigan State,scientific_f6_m3,-1.9718597042065642,100,0,False,False,,,,,,,,,,,
margin,Louisiana,scientific_f6_m3,-2.3127612485189175,101,0,False,False,,,,,,,,,,,
margin,Buffalo,scientific_f6_m3,-2.4156305389125645,102,0,False,False,,,,,,,,,,,
margin,Oregon State,scientific_f6_m3,-2.5434981636408907,103,0,False,False,,,,,,,,,,,
margin,Missouri State,scientific_f6_m3,-2.7272709917266127,104,0,False,False,,,,,,,,,,,
margin,Maryland,scientific_f6_m3,-3.0687447368074006,105,0,False,False,,,,,,,,,,,
margin,Arkansas State,scientific_f6_m3,-3.1290706265861834,106,0,False,False,,,,,,,,,,,
margin,Colorado,scientific_f6_m3,-3.341631369262712,107,0,False,False,,,,,,,,,,,
margin,Tulsa,scientific_f6_m3,-3.3620668168427588,108,0,False,False,,,,,,,,,,,
margin,NC State,scientific_f6_m3,-3.515453947318147,109,0,False,False,,,,,,,,,,,
margin,Akron,scientific_f6_m3,-3.5209094778369607,110,0,False,False,,,,,,,,,,,
margin,Bowling Green,scientific_f6_m3,-3.8806665831770633,111,0,False,False,,,,,,,,,,,
margin,Temple,scientific_f6_m3,-4.012784478058433,112,0,False,False,,,,,,,,,,,
margin,Colorado State,scientific_f6_m3,-4.386248517919951,113,0,False,False,,,,,,,,,,,
margin,App State,scientific_f6_m3,-4.575219944961564,114,0,False,False,,,,,,,,,,,
margin,Middle Tennessee,scientific_f6_m3,-4.666875992692052,115,0,False,False,,,,,,,,,,,
margin,Wyoming,scientific_f6_m3,-4.8540021897883046,116,0,False,False,,,,,,,,,,,
margin,Purdue,scientific_f6_m3,-5.1801284701975545,117,0,False,False,,,,,,,,,,,
margin,Florida Atlantic,scientific_f6_m3,-5.28323289031082,118,0,False,False,,,,,,,,,,,
margin,Syracuse,scientific_f6_m3,-5.957140065770023,119,0,False,False,,,,,,,,,,,
margin,Northern Illinois,scientific_f6_m3,-5.986415968421908,120,0,False,False,,,,,,,,,,,
margin,UAB,scientific_f6_m3,-6.044154326449284,121,0,False,False,,,,,,,,,,,
margin,Oklahoma State,scientific_f6_m3,-6.478421269100135,122,0,False,False,,,,,,,,,,,
margin,Nevada,scientific_f6_m3,-6.677417523679942,123,0,False,False,,,,,,,,,,,
margin,UTEP,scientific_f6_m3,-6.724623911270984,124,0,False,False,,,,,,,,,,,
margin,UL Monroe,scientific_f6_m3,-7.223791416060746,125,0,False,False,,,,,,,,,,,
margin,Rice,scientific_f6_m3,-7.308666130774389,126,0,False,False,,,,,,,,,,,
margin,Coastal Carolina,scientific_f6_m3,-7.870579472430068,127,0,False,False,,,,,,,,,,,
margin,Kent State,scientific_f6_m3,-8.236275579864499,128,0,False,False,,,,,,,,,,,
margin,Ball State,scientific_f6_m3,-8.553631734827034,129,0,False,False,,,,,,,,,,,
margin,Hawai'i,scientific_f6_m3,-8.654386134298194,130,0,False,False,,,,,,,,,,,
margin,San José State,scientific_f6_m3,-8.873578204202259,131,0,False,False,,,,,,,,,,,
margin,Georgia State,scientific_f6_m3,-8.995810883206758,132,0,False,False,,,,,,,,,,,
margin,Sacramento State,scientific_f6_m3,-9.716318708202627,133,0,False,False,,,,,,,,,,,
margin,Charlotte,scientific_f6_m3,-10.64437306617835,134,0,False,False,,,,,,,,,,,
margin,Sam Houston,scientific_f6_m3,-11.363627940716428,135,0,False,False,,,,,,,,,,,
margin,New Mexico State,scientific_f6_m3,-12.017559574557673,136,0,False,False,,,,,,,,,,,
margin,Jacksonville State,scientific_f6_m3,-12.131760662107999,137,0,False,False,,,,,,,,,,,
margin,Massachusetts,scientific_f6_m3,-13.91435343918386,138,0,False,False,,,,,,,,,,,
margin,Oregon,scientific_f6_m4,24.363655523446045,1,25,True,True,,,,,,,,,,,
margin,Ohio State,scientific_f6_m4,23.156897396169914,2,24,True,False,,,,,,,,,,,
margin,USC,scientific_f6_m4,22.995377617433995,3,23,True,False,,,,,,,,,,,
margin,Notre Dame,scientific_f6_m4,21.290448690679153,4,22,True,False,,,,,,,,,,,
margin,Indiana,scientific_f6_m4,20.36646623836311,5,21,True,False,,,,,,,,,,,
margin,Georgia,scientific_f6_m4,20.364498523116897,6,20,True,False,,,,,,,,,,,
margin,Miami,scientific_f6_m4,19.153486638812144,7,19,True,False,,,,,,,,,,,
margin,Ole Miss,scientific_f6_m4,17.408805414798113,8,18,True,False,,,,,,,,,,,
margin,Alabama,scientific_f6_m4,17.18101770899611,9,17,True,False,,,,,,,,,,,
margin,Texas Tech,scientific_f6_m4,16.651679336125586,10,16,True,False,,,,,,,,,,,
margin,Texas A&M,scientific_f6_m4,16.130462097491296,11,15,True,False,,,,,,,,,,,
margin,Virginia,scientific_f6_m4,16.07407609969394,12,14,True,False,,,,,,,,,,,
margin,Texas,scientific_f6_m4,15.752538478839893,13,13,True,False,,,,,,,,,,,
margin,Washington,scientific_f6_m4,14.372199953605978,14,12,True,False,,,,,,,,,,,
margin,Florida State,scientific_f6_m4,13.801825367549888,15,11,True,False,,,,,,,,,,,
margin,LSU,scientific_f6_m4,13.477754514359427,16,10,True,False,,,,,,,,,,,
margin,Tennessee,scientific_f6_m4,13.448133725573399,17,9,True,False,,,,,,,,,,,
margin,Clemson,scientific_f6_m4,13.40104741475029,18,8,True,False,,,,,,,,,,,
margin,Michigan,scientific_f6_m4,12.773790534138572,19,7,True,False,,,,,,,,,,,
margin,Memphis,scientific_f6_m4,12.738074291176746,20,6,True,False,,,,,,,,,,,
margin,Utah,scientific_f6_m4,12.631358212158739,21,5,True,False,,,,,,,,,,,
margin,SMU,scientific_f6_m4,11.148775698077285,22,4,True,False,,,,,,,,,,,
margin,Oklahoma,scientific_f6_m4,10.988277682062547,23,3,True,False,,,,,,,,,,,
margin,Auburn,scientific_f6_m4,10.290159321796901,24,2,True,False,,,,,,,,,,,
margin,Penn State,scientific_f6_m4,10.12982899677744,25,1,True,False,,,,,,,,,,,
margin,Louisville,scientific_f6_m4,8.901803423227696,26,0,False,False,,,,,,,,,,,
margin,Missouri,scientific_f6_m4,8.7177471652544,27,0,False,False,,,,,,,,,,,
margin,Vanderbilt,scientific_f6_m4,8.593059838252085,28,0,False,False,,,,,,,,,,,
margin,Iowa,scientific_f6_m4,8.585264554941375,29,0,False,False,,,,,,,,,,,
margin,BYU,scientific_f6_m4,8.304170987663277,30,0,False,False,,,,,,,,,,,
margin,James Madison,scientific_f6_m4,8.286400004512775,31,0,False,False,,,,,,,,,,,
margin,North Carolina,scientific_f6_m4,8.17774326676349,32,0,False,False,,,,,,,,,,,
margin,Toledo,scientific_f6_m4,7.614338319769305,33,0,False,False,,,,,,,,,,,
margin,Boise State,scientific_f6_m4,7.322634163578309,34,0,False,False,,,,,,,,,,,
margin,Nebraska,scientific_f6_m4,7.209239005182025,35,0,False,False,,,,,,,,,,,
margin,Stanford,scientific_f6_m4,7.122425911624928,36,0,False,False,,,,,,,,,,,
margin,Texas State,scientific_f6_m4,6.851203360057247,37,0,False,False,,,,,,,,,,,
margin,Duke,scientific_f6_m4,6.610268548964644,38,0,False,False,,,,,,,,,,,
margin,South Florida,scientific_f6_m4,6.4234662194312175,39,0,False,False,,,,,,,,,,,
margin,Florida,scientific_f6_m4,6.341173636898432,40,0,False,False,,,,,,,,,,,
margin,North Texas,scientific_f6_m4,6.273641218792522,41,0,False,False,,,,,,,,,,,
margin,East Carolina,scientific_f6_m4,6.00797885799607,42,0,False,False,,,,,,,,,,,
margin,Georgia Tech,scientific_f6_m4,5.875218466731016,43,0,False,False,,,,,,,,,,,
margin,UTSA,scientific_f6_m4,5.781741502851907,44,0,False,False,,,,,,,,,,,
margin,Fresno State,scientific_f6_m4,5.50180602067607,45,0,False,False,,,,,,,,,,,
margin,Pittsburgh,scientific_f6_m4,5.461900209500842,46,0,False,False,,,,,,,,,,,
margin,Ohio,scientific_f6_m4,5.4056094656252585,47,0,False,False,,,,,,,,,,,
margin,Cincinnati,scientific_f6_m4,5.208717106659518,48,0,False,False,,,,,,,,,,,
margin,Arizona,scientific_f6_m4,4.949858011821072,49,0,False,False,,,,,,,,,,,
margin,North Dakota State,scientific_f6_m4,4.889911833896397,50,0,False,False,,,,,,,,,,,
margin,South Carolina,scientific_f6_m4,4.783978503694572,51,0,False,False,,,,,,,,,,,
margin,Kansas State,scientific_f6_m4,4.717445448487007,52,0,False,False,,,,,,,,,,,
margin,Wake Forest,scientific_f6_m4,4.631416872070032,53,0,False,False,,,,,,,,,,,
margin,Iowa State,scientific_f6_m4,4.518176983954413,54,0,False,False,,,,,,,,,,,
margin,Houston,scientific_f6_m4,4.516009490463681,55,0,False,False,,,,,,,,,,,
margin,Washington State,scientific_f6_m4,3.9696125312859896,56,0,False,False,,,,,,,,,,,
margin,Illinois,scientific_f6_m4,3.8340151740352977,57,0,False,False,,,,,,,,,,,
margin,Baylor,scientific_f6_m4,3.7449606852479853,58,0,False,False,,,,,,,,,,,
margin,Western Kentucky,scientific_f6_m4,3.0617463021023745,59,0,False,False,,,,,,,,,,,
margin,Arizona State,scientific_f6_m4,2.9049133772658084,60,0,False,False,,,,,,,,,,,
margin,UNLV,scientific_f6_m4,2.750860244702108,61,0,False,False,,,,,,,,,,,
margin,Kentucky,scientific_f6_m4,2.380440887114936,62,0,False,False,,,,,,,,,,,
margin,Tulane,scientific_f6_m4,2.1906636832382302,63,0,False,False,,,,,,,,,,,
margin,Marshall,scientific_f6_m4,1.8282663068520655,64,0,False,False,,,,,,,,,,,
margin,UConn,scientific_f6_m4,1.7373383625220882,65,0,False,False,,,,,,,,,,,
margin,San Diego State,scientific_f6_m4,1.6007523602541416,66,0,False,False,,,,,,,,,,,
margin,California,scientific_f6_m4,1.5725135022127668,67,0,False,False,,,,,,,,,,,
margin,Western Michigan,scientific_f6_m4,1.5312646083189743,68,0,False,False,,,,,,,,,,,
margin,TCU,scientific_f6_m4,1.4898269639597481,69,0,False,False,,,,,,,,,,,
margin,Miami (OH),scientific_f6_m4,1.4333588393737016,70,0,False,False,,,,,,,,,,,
margin,Liberty,scientific_f6_m4,0.9486034080627436,71,0,False,False,,,,,,,,,,,
margin,Arkansas,scientific_f6_m4,0.9001731684337417,72,0,False,False,,,,,,,,,,,
margin,Northwestern,scientific_f6_m4,0.7612007401219514,73,0,False,False,,,,,,,,,,,
margin,Minnesota,scientific_f6_m4,0.7150889311248046,74,0,False,False,,,,,,,,,,,
margin,Wisconsin,scientific_f6_m4,0.5823834918910749,75,0,False,False,,,,,,,,,,,
margin,Navy,scientific_f6_m4,0.3024822636681991,76,0,False,False,,,,,,,,,,,
margin,Kansas,scientific_f6_m4,0.22330559716276288,77,0,False,False,,,,,,,,,,,
margin,New Mexico,scientific_f6_m4,-0.3445311780994816,78,0,False,False,,,,,,,,,,,
margin,Utah State,scientific_f6_m4,-0.4513033150846085,79,0,False,False,,,,,,,,,,,
margin,Boston College,scientific_f6_m4,-0.5984476935679328,80,0,False,False,,,,,,,,,,,
margin,Old Dominion,scientific_f6_m4,-0.8385823583125706,81,0,False,False,,,,,,,,,,,
margin,Kennesaw State,scientific_f6_m4,-0.8799574899394017,82,0,False,False,,,,,,,,,,,
margin,West Virginia,scientific_f6_m4,-1.0343333509322787,83,0,False,False,,,,,,,,,,,
margin,UCLA,scientific_f6_m4,-1.3026891978973363,84,0,False,False,,,,,,,,,,,
margin,Rutgers,scientific_f6_m4,-1.3472730420246373,85,0,False,False,,,,,,,,,,,
margin,Southern Miss,scientific_f6_m4,-1.359197631934169,86,0,False,False,,,,,,,,,,,
margin,Mississippi State,scientific_f6_m4,-1.3640197471444582,87,0,False,False,,,,,,,,,,,
margin,Eastern Michigan,scientific_f6_m4,-1.4520477472403002,88,0,False,False,,,,,,,,,,,
margin,UCF,scientific_f6_m4,-1.6791689199521034,89,0,False,False,,,,,,,,,,,
margin,Florida International,scientific_f6_m4,-1.9952315046301754,90,0,False,False,,,,,,,,,,,
margin,Central Michigan,scientific_f6_m4,-2.1691372255503425,91,0,False,False,,,,,,,,,,,
margin,NC State,scientific_f6_m4,-2.454388285819498,92,0,False,False,,,,,,,,,,,
margin,Arkansas State,scientific_f6_m4,-2.7342521357757037,93,0,False,False,,,,,,,,,,,
margin,Michigan State,scientific_f6_m4,-2.8637209727394803,94,0,False,False,,,,,,,,,,,
margin,Army,scientific_f6_m4,-3.0045653707872138,95,0,False,False,,,,,,,,,,,
margin,Oregon State,scientific_f6_m4,-3.412995946969384,96,0,False,False,,,,,,,,,,,
margin,Colorado,scientific_f6_m4,-3.8192579169663206,97,0,False,False,,,,,,,,,,,
margin,Air Force,scientific_f6_m4,-3.869692557507113,98,0,False,False,,,,,,,,,,,
margin,Florida Atlantic,scientific_f6_m4,-3.9369184786811933,99,0,False,False,,,,,,,,,,,
margin,Louisiana Tech,scientific_f6_m4,-3.9922246952364726,100,0,False,False,,,,,,,,,,,
margin,Missouri State,scientific_f6_m4,-4.0866790387548,101,0,False,False,,,,,,,,,,,
margin,Maryland,scientific_f6_m4,-4.4232552141860415,102,0,False,False,,,,,,,,,,,
margin,Virginia Tech,scientific_f6_m4,-4.4341586974751435,103,0,False,False,,,,,,,,,,,
margin,UAB,scientific_f6_m4,-4.530566443109918,104,0,False,False,,,,,,,,,,,
margin,South Alabama,scientific_f6_m4,-4.993162440050539,105,0,False,False,,,,,,,,,,,
margin,Bowling Green,scientific_f6_m4,-5.192993092633746,106,0,False,False,,,,,,,,,,,
margin,Tulsa,scientific_f6_m4,-5.360781504731872,107,0,False,False,,,,,,,,,,,
margin,Troy,scientific_f6_m4,-6.085068965248873,108,0,False,False,,,,,,,,,,,
margin,Colorado State,scientific_f6_m4,-6.130177457220478,109,0,False,False,,,,,,,,,,,
margin,Buffalo,scientific_f6_m4,-6.237015408686478,110,0,False,False,,,,,,,,,,,
margin,Georgia Southern,scientific_f6_m4,-6.66403740701761,111,0,False,False,,,,,,,,,,,
margin,Louisiana,scientific_f6_m4,-6.958998724497084,112,0,False,False,,,,,,,,,,,
margin,Akron,scientific_f6_m4,-7.381291898866682,113,0,False,False,,,,,,,,,,,
margin,Delaware,scientific_f6_m4,-7.602637890229463,114,0,False,False,,,,,,,,,,,
margin,Temple,scientific_f6_m4,-7.637730599060119,115,0,False,False,,,,,,,,,,,
margin,Northern Illinois,scientific_f6_m4,-7.646756546026267,116,0,False,False,,,,,,,,,,,
margin,Wyoming,scientific_f6_m4,-8.24002965903968,117,0,False,False,,,,,,,,,,,
margin,Hawai'i,scientific_f6_m4,-8.420428507538128,118,0,False,False,,,,,,,,,,,
margin,Oklahoma State,scientific_f6_m4,-8.471507303065234,119,0,False,False,,,,,,,,,,,
margin,Coastal Carolina,scientific_f6_m4,-9.112865198628201,120,0,False,False,,,,,,,,,,,
margin,Purdue,scientific_f6_m4,-9.212284665418718,121,0,False,False,,,,,,,,,,,
margin,UTEP,scientific_f6_m4,-9.3744570084384,122,0,False,False,,,,,,,,,,,
margin,Syracuse,scientific_f6_m4,-9.569539835010232,123,0,False,False,,,,,,,,,,,
margin,Ball State,scientific_f6_m4,-9.798741829432206,124,0,False,False,,,,,,,,,,,
margin,Nevada,scientific_f6_m4,-9.880687677679779,125,0,False,False,,,,,,,,,,,
margin,UL Monroe,scientific_f6_m4,-9.881153979408804,126,0,False,False,,,,,,,,,,,
margin,San José State,scientific_f6_m4,-9.989080032127907,127,0,False,False,,,,,,,,,,,
margin,Middle Tennessee,scientific_f6_m4,-10.386376182369723,128,0,False,False,,,,,,,,,,,
margin,Kent State,scientific_f6_m4,-10.467451798911275,129,0,False,False,,,,,,,,,,,
margin,App State,scientific_f6_m4,-10.580788479389755,130,0,False,False,,,,,,,,,,,
margin,Rice,scientific_f6_m4,-11.647047764478428,131,0,False,False,,,,,,,,,,,
margin,Sacramento State,scientific_f6_m4,-11.79019773246524,132,0,False,False,,,,,,,,,,,
margin,Jacksonville State,scientific_f6_m4,-13.437703575958663,133,0,False,False,,,,,,,,,,,
margin,New Mexico State,scientific_f6_m4,-14.515773278669062,134,0,False,False,,,,,,,,,,,
margin,Georgia State,scientific_f6_m4,-15.216004668491237,135,0,False,False,,,,,,,,,,,
margin,Charlotte,scientific_f6_m4,-16.376345062391167,136,0,False,False,,,,,,,,,,,
margin,Sam Houston,scientific_f6_m4,-16.825605041586083,137,0,False,False,,,,,,,,,,,
margin,Massachusetts,scientific_f6_m4,-20.72126233540292,138,0,False,False,,,,,,,,,,,
margin,LSU,scientific_f6_m5,32.552825927734375,1,25,True,True,,,,,,,,,,,
margin,Oregon,scientific_f6_m5,30.238367080688477,2,24,True,False,,,,,,,,,,,
margin,Alabama,scientific_f6_m5,28.33993148803711,3,23,True,False,,,,,,,,,,,
margin,Virginia,scientific_f6_m5,27.75774383544922,4,22,True,False,,,,,,,,,,,
margin,Clemson,scientific_f6_m5,25.979778289794922,5,21,True,False,,,,,,,,,,,
margin,Ohio State,scientific_f6_m5,25.406648635864258,6,20,True,False,,,,,,,,,,,
margin,Indiana,scientific_f6_m5,25.228944778442383,7,19,True,False,,,,,,,,,,,
margin,USC,scientific_f6_m5,24.766515731811523,8,18,True,False,,,,,,,,,,,
margin,Vanderbilt,scientific_f6_m5,22.738290786743164,9,17,True,False,,,,,,,,,,,
margin,Texas Tech,scientific_f6_m5,22.21263885498047,10,16,True,False,,,,,,,,,,,
margin,Louisville,scientific_f6_m5,21.931238174438477,11,15,True,False,,,,,,,,,,,
margin,Boise State,scientific_f6_m5,21.800329208374023,12,14,True,False,,,,,,,,,,,
margin,Michigan,scientific_f6_m5,21.665790557861328,13,13,True,False,,,,,,,,,,,
margin,SMU,scientific_f6_m5,21.46837043762207,14,12,True,False,,,,,,,,,,,
margin,Pittsburgh,scientific_f6_m5,21.102603912353516,15,11,True,False,,,,,,,,,,,
margin,Texas State,scientific_f6_m5,21.096500396728516,16,10,True,False,,,,,,,,,,,
margin,Texas A&M,scientific_f6_m5,20.799131393432617,17,9,True,False,,,,,,,,,,,
margin,Miami (OH),scientific_f6_m5,20.759830474853516,18,8,True,False,,,,,,,,,,,
margin,Texas,scientific_f6_m5,20.647377014160156,19,7,True,False,,,,,,,,,,,
margin,Iowa,scientific_f6_m5,20.31991195678711,20,6,True,False,,,,,,,,,,,
margin,Miami,scientific_f6_m5,20.262096405029297,21,5,True,False,,,,,,,,,,,
margin,Illinois,scientific_f6_m5,19.71228790283203,22,4,True,False,,,,,,,,,,,
margin,TCU,scientific_f6_m5,19.395273208618164,23,3,True,False,,,,,,,,,,,
margin,Washington,scientific_f6_m5,18.548377990722656,24,2,True,False,,,,,,,,,,,
margin,Arizona,scientific_f6_m5,18.405471801757812,25,1,True,False,,,,,,,,,,,
margin,Missouri,scientific_f6_m5,18.324905395507812,26,0,False,False,,,,,,,,,,,
margin,Tulane,scientific_f6_m5,16.872400283813477,27,0,False,False,,,,,,,,,,,
margin,North Carolina,scientific_f6_m5,16.651159286499023,28,0,False,False,,,,,,,,,,,
margin,Georgia,scientific_f6_m5,16.461345672607422,29,0,False,False,,,,,,,,,,,
margin,East Carolina,scientific_f6_m5,16.276668548583984,30,0,False,False,,,,,,,,,,,
margin,Oklahoma,scientific_f6_m5,15.81103801727295,31,0,False,False,,,,,,,,,,,
margin,Marshall,scientific_f6_m5,15.688177108764648,32,0,False,False,,,,,,,,,,,
margin,Duke,scientific_f6_m5,15.558669090270996,33,0,False,False,,,,,,,,,,,
margin,Notre Dame,scientific_f6_m5,15.408546447753906,34,0,False,False,,,,,,,,,,,
margin,Fresno State,scientific_f6_m5,15.336193084716797,35,0,False,False,,,,,,,,,,,
margin,James Madison,scientific_f6_m5,15.1914701461792,36,0,False,False,,,,,,,,,,,
margin,Florida State,scientific_f6_m5,14.909472465515137,37,0,False,False,,,,,,,,,,,
margin,Memphis,scientific_f6_m5,14.867238998413086,38,0,False,False,,,,,,,,,,,
margin,Northwestern,scientific_f6_m5,14.727821350097656,39,0,False,False,,,,,,,,,,,
margin,West Virginia,scientific_f6_m5,12.996480941772461,40,0,False,False,,,,,,,,,,,
margin,Arizona State,scientific_f6_m5,12.603540420532227,41,0,False,False,,,,,,,,,,,
margin,Ohio,scientific_f6_m5,12.572770118713379,42,0,False,False,,,,,,,,,,,
margin,Iowa State,scientific_f6_m5,12.567607879638672,43,0,False,False,,,,,,,,,,,
margin,Ole Miss,scientific_f6_m5,12.080975532531738,44,0,False,False,,,,,,,,,,,
margin,Penn State,scientific_f6_m5,11.860298156738281,45,0,False,False,,,,,,,,,,,
margin,California,scientific_f6_m5,11.790346145629883,46,0,False,False,,,,,,,,,,,
margin,Wake Forest,scientific_f6_m5,11.783056259155273,47,0,False,False,,,,,,,,,,,
margin,Wisconsin,scientific_f6_m5,11.403095245361328,48,0,False,False,,,,,,,,,,,
margin,Utah,scientific_f6_m5,11.306794166564941,49,0,False,False,,,,,,,,,,,
margin,Houston,scientific_f6_m5,11.043143272399902,50,0,False,False,,,,,,,,,,,
margin,South Carolina,scientific_f6_m5,10.939828872680664,51,0,False,False,,,,,,,,,,,
margin,Nebraska,scientific_f6_m5,10.879511833190918,52,0,False,False,,,,,,,,,,,
margin,Colorado,scientific_f6_m5,10.857524871826172,53,0,False,False,,,,,,,,,,,
margin,Oregon State,scientific_f6_m5,10.817583084106445,54,0,False,False,,,,,,,,,,,
margin,Auburn,scientific_f6_m5,10.168960571289062,55,0,False,False,,,,,,,,,,,
margin,Georgia Tech,scientific_f6_m5,9.073387145996094,56,0,False,False,,,,,,,,,,,
margin,BYU,scientific_f6_m5,8.240426063537598,57,0,False,False,,,,,,,,,,,
margin,North Texas,scientific_f6_m5,8.224443435668945,58,0,False,False,,,,,,,,,,,
margin,Baylor,scientific_f6_m5,7.880605697631836,59,0,False,False,,,,,,,,,,,
margin,Michigan State,scientific_f6_m5,7.863144874572754,60,0,False,False,,,,,,,,,,,
margin,Navy,scientific_f6_m5,7.646938323974609,61,0,False,False,,,,,,,,,,,
margin,Kennesaw State,scientific_f6_m5,7.519858360290527,62,0,False,False,,,,,,,,,,,
margin,Tennessee,scientific_f6_m5,7.444586753845215,63,0,False,False,,,,,,,,,,,
margin,Toledo,scientific_f6_m5,7.430333137512207,64,0,False,False,,,,,,,,,,,
margin,Washington State,scientific_f6_m5,7.074726104736328,65,0,False,False,,,,,,,,,,,
margin,Arkansas,scientific_f6_m5,6.988509178161621,66,0,False,False,,,,,,,,,,,
margin,Stanford,scientific_f6_m5,6.931347846984863,67,0,False,False,,,,,,,,,,,
margin,Georgia Southern,scientific_f6_m5,5.678952217102051,68,0,False,False,,,,,,,,,,,
margin,Western Michigan,scientific_f6_m5,5.643421173095703,69,0,False,False,,,,,,,,,,,
margin,Kansas State,scientific_f6_m5,5.463028907775879,70,0,False,False,,,,,,,,,,,
margin,Northern Illinois,scientific_f6_m5,4.865535736083984,71,0,False,False,,,,,,,,,,,
margin,Arkansas State,scientific_f6_m5,4.835432052612305,72,0,False,False,,,,,,,,,,,
margin,Rutgers,scientific_f6_m5,4.819735527038574,73,0,False,False,,,,,,,,,,,
margin,Kansas,scientific_f6_m5,4.798007488250732,74,0,False,False,,,,,,,,,,,
margin,NC State,scientific_f6_m5,4.720918655395508,75,0,False,False,,,,,,,,,,,
margin,UCLA,scientific_f6_m5,4.71754264831543,76,0,False,False,,,,,,,,,,,
margin,Cincinnati,scientific_f6_m5,4.705384254455566,77,0,False,False,,,,,,,,,,,
margin,Western Kentucky,scientific_f6_m5,4.50703239440918,78,0,False,False,,,,,,,,,,,
margin,Syracuse,scientific_f6_m5,4.354922294616699,79,0,False,False,,,,,,,,,,,
margin,UNLV,scientific_f6_m5,2.9766361713409424,80,0,False,False,,,,,,,,,,,
margin,Kent State,scientific_f6_m5,2.661419630050659,81,0,False,False,,,,,,,,,,,
margin,Sam Houston,scientific_f6_m5,1.6962215900421143,82,0,False,False,,,,,,,,,,,
margin,New Mexico,scientific_f6_m5,1.5943043231964111,83,0,False,False,,,,,,,,,,,
margin,UConn,scientific_f6_m5,1.4191086292266846,84,0,False,False,,,,,,,,,,,
margin,Ball State,scientific_f6_m5,1.2529844045639038,85,0,False,False,,,,,,,,,,,
margin,San José State,scientific_f6_m5,1.2461813688278198,86,0,False,False,,,,,,,,,,,
margin,Florida,scientific_f6_m5,1.0231751203536987,87,0,False,False,,,,,,,,,,,
margin,Old Dominion,scientific_f6_m5,0.7277007102966309,88,0,False,False,,,,,,,,,,,
margin,South Florida,scientific_f6_m5,0.03445720672607422,89,0,False,False,,,,,,,,,,,
margin,Kentucky,scientific_f6_m5,-0.015259504318237305,90,0,False,False,,,,,,,,,,,
margin,Minnesota,scientific_f6_m5,-0.14139056205749512,91,0,False,False,,,,,,,,,,,
margin,Air Force,scientific_f6_m5,-0.2887246608734131,92,0,False,False,,,,,,,,,,,
margin,Nevada,scientific_f6_m5,-0.3564260005950928,93,0,False,False,,,,,,,,,,,
margin,Central Michigan,scientific_f6_m5,-0.3679773807525635,94,0,False,False,,,,,,,,,,,
margin,Florida International,scientific_f6_m5,-0.4978518486022949,95,0,False,False,,,,,,,,,,,
margin,Utah State,scientific_f6_m5,-0.5192830562591553,96,0,False,False,,,,,,,,,,,
margin,UTSA,scientific_f6_m5,-1.0699715614318848,97,0,False,False,,,,,,,,,,,
margin,Army,scientific_f6_m5,-2.3552186489105225,98,0,False,False,,,,,,,,,,,
margin,Colorado State,scientific_f6_m5,-2.577802896499634,99,0,False,False,,,,,,,,,,,
margin,Massachusetts,scientific_f6_m5,-2.7408058643341064,100,0,False,False,,,,,,,,,,,
margin,Bowling Green,scientific_f6_m5,-2.987149477005005,101,0,False,False,,,,,,,,,,,
margin,Louisiana,scientific_f6_m5,-3.0712130069732666,102,0,False,False,,,,,,,,,,,
margin,Delaware,scientific_f6_m5,-3.2741386890411377,103,0,False,False,,,,,,,,,,,
margin,Coastal Carolina,scientific_f6_m5,-3.8466970920562744,104,0,False,False,,,,,,,,,,,
margin,Virginia Tech,scientific_f6_m5,-4.175159454345703,105,0,False,False,,,,,,,,,,,
margin,Florida Atlantic,scientific_f6_m5,-4.18537712097168,106,0,False,False,,,,,,,,,,,
margin,Oklahoma State,scientific_f6_m5,-4.431012153625488,107,0,False,False,,,,,,,,,,,
margin,Wyoming,scientific_f6_m5,-4.473727226257324,108,0,False,False,,,,,,,,,,,
margin,San Diego State,scientific_f6_m5,-4.597742080688477,109,0,False,False,,,,,,,,,,,
margin,Troy,scientific_f6_m5,-4.725576400756836,110,0,False,False,,,,,,,,,,,
margin,UL Monroe,scientific_f6_m5,-5.757411956787109,111,0,False,False,,,,,,,,,,,
margin,Boston College,scientific_f6_m5,-6.35344123840332,112,0,False,False,,,,,,,,,,,
margin,Liberty,scientific_f6_m5,-6.605215072631836,113,0,False,False,,,,,,,,,,,
margin,UCF,scientific_f6_m5,-6.852163314819336,114,0,False,False,,,,,,,,,,,
margin,UAB,scientific_f6_m5,-6.8864898681640625,115,0,False,False,,,,,,,,,,,
margin,Middle Tennessee,scientific_f6_m5,-6.90836238861084,116,0,False,False,,,,,,,,,,,
margin,Temple,scientific_f6_m5,-7.1060791015625,117,0,False,False,,,,,,,,,,,
margin,Maryland,scientific_f6_m5,-7.113347053527832,118,0,False,False,,,,,,,,,,,
margin,UTEP,scientific_f6_m5,-7.144411087036133,119,0,False,False,,,,,,,,,,,
margin,Georgia State,scientific_f6_m5,-7.509357452392578,120,0,False,False,,,,,,,,,,,
margin,Mississippi State,scientific_f6_m5,-7.705392837524414,121,0,False,False,,,,,,,,,,,
margin,Missouri State,scientific_f6_m5,-7.953798294067383,122,0,False,False,,,,,,,,,,,
margin,Southern Miss,scientific_f6_m5,-9.15841293334961,123,0,False,False,,,,,,,,,,,
margin,Eastern Michigan,scientific_f6_m5,-9.359627723693848,124,0,False,False,,,,,,,,,,,
margin,Louisiana Tech,scientific_f6_m5,-9.830084800720215,125,0,False,False,,,,,,,,,,,
margin,South Alabama,scientific_f6_m5,-10.045726776123047,126,0,False,False,,,,,,,,,,,
margin,Tulsa,scientific_f6_m5,-10.279808044433594,127,0,False,False,,,,,,,,,,,
margin,Jacksonville State,scientific_f6_m5,-10.347521781921387,128,0,False,False,,,,,,,,,,,
margin,Akron,scientific_f6_m5,-10.830667495727539,129,0,False,False,,,,,,,,,,,
margin,North Dakota State,scientific_f6_m5,-10.846342086791992,130,0,False,False,,,,,,,,,,,
margin,Purdue,scientific_f6_m5,-11.326422691345215,131,0,False,False,,,,,,,,,,,
margin,Hawai'i,scientific_f6_m5,-12.021568298339844,132,0,False,False,,,,,,,,,,,
margin,Sacramento State,scientific_f6_m5,-12.95278549194336,133,0,False,False,,,,,,,,,,,
margin,Buffalo,scientific_f6_m5,-13.680091857910156,134,0,False,False,,,,,,,,,,,
margin,Rice,scientific_f6_m5,-15.249250411987305,135,0,False,False,,,,,,,,,,,
margin,Charlotte,scientific_f6_m5,-17.387996673583984,136,0,False,False,,,,,,,,,,,
margin,App State,scientific_f6_m5,-18.228477478027344,137,0,False,False,,,,,,,,,,,
margin,New Mexico State,scientific_f6_m5,-36.61518478393555,138,0,False,False,,,,,,,,,,,
margin,Ohio State,scientific_f6_m10,28.45,1,25,True,True,,,,,,,,,,,
margin,Georgia,scientific_f6_m10,24.45,2,24,True,False,,,,,,,,,,,
margin,Clemson,scientific_f6_m10,23.1,3,23,True,False,,,,,,,,,,,
margin,Michigan,scientific_f6_m10,20.2,4,22,True,False,,,,,,,,,,,
margin,Virginia,scientific_f6_m10,19.7,5,21,True,False,,,,,,,,,,,
margin,LSU,scientific_f6_m10,19.2,6,20,True,False,,,,,,,,,,,
margin,Oregon,scientific_f6_m10,19.2,7,19,True,False,,,,,,,,,,,
margin,Ole Miss,scientific_f6_m10,17.95,8,18,True,False,,,,,,,,,,,
margin,Kentucky,scientific_f6_m10,17.85,9,17,True,False,,,,,,,,,,,
margin,USC,scientific_f6_m10,17.6,10,16,True,False,,,,,,,,,,,
margin,Florida State,scientific_f6_m10,17.55,11,15,True,False,,,,,,,,,,,
margin,Nebraska,scientific_f6_m10,17.55,12,14,True,False,,,,,,,,,,,
margin,Tennessee,scientific_f6_m10,16.9,13,13,True,False,,,,,,,,,,,
margin,Virginia Tech,scientific_f6_m10,16.85,14,12,True,False,,,,,,,,,,,
margin,Texas,scientific_f6_m10,16.7,15,11,True,False,,,,,,,,,,,
margin,Iowa,scientific_f6_m10,16.45,16,10,True,False,,,,,,,,,,,
margin,Texas A&M,scientific_f6_m10,15.85,17,9,True,False,,,,,,,,,,,
margin,Alabama,scientific_f6_m10,15.8,18,8,True,False,,,,,,,,,,,
margin,Miami,scientific_f6_m10,15.5,19,7,True,False,,,,,,,,,,,
margin,Indiana,scientific_f6_m10,15.45,20,6,True,False,,,,,,,,,,,
margin,Utah,scientific_f6_m10,15.2,21,5,True,False,,,,,,,,,,,
margin,Penn State,scientific_f6_m10,14.85,22,4,True,False,,,,,,,,,,,
margin,Oklahoma,scientific_f6_m10,14.75,23,3,True,False,,,,,,,,,,,
margin,Missouri,scientific_f6_m10,14.45,24,2,True,False,,,,,,,,,,,
margin,BYU,scientific_f6_m10,14.35,25,1,True,False,,,,,,,,,,,
margin,Kansas State,scientific_f6_m10,14.35,26,0,False,False,,,,,,,,,,,
margin,Florida,scientific_f6_m10,14.0,27,0,False,False,,,,,,,,,,,
margin,Notre Dame,scientific_f6_m10,13.85,28,0,False,False,,,,,,,,,,,
margin,Wisconsin,scientific_f6_m10,12.7,29,0,False,False,,,,,,,,,,,
margin,Liberty,scientific_f6_m10,12.625,30,0,False,False,,,,,,,,,,,
margin,Louisville,scientific_f6_m10,12.6,31,0,False,False,,,,,,,,,,,
margin,Duke,scientific_f6_m10,11.95,32,0,False,False,,,,,,,,,,,
margin,Colorado State,scientific_f6_m10,11.825,33,0,False,False,,,,,,,,,,,
margin,Pittsburgh,scientific_f6_m10,11.3,34,0,False,False,,,,,,,,,,,
margin,UConn,scientific_f6_m10,10.9,35,0,False,False,,,,,,,,,,,
margin,South Carolina,scientific_f6_m10,10.8,36,0,False,False,,,,,,,,,,,
margin,Minnesota,scientific_f6_m10,10.75,37,0,False,False,,,,,,,,,,,
margin,UNLV,scientific_f6_m10,10.75,38,0,False,False,,,,,,,,,,,
margin,TCU,scientific_f6_m10,10.6,39,0,False,False,,,,,,,,,,,
margin,UCF,scientific_f6_m10,10.5,40,0,False,False,,,,,,,,,,,
margin,Wake Forest,scientific_f6_m10,10.45,41,0,False,False,,,,,,,,,,,
margin,Purdue,scientific_f6_m10,10.1,42,0,False,False,,,,,,,,,,,
margin,Arkansas,scientific_f6_m10,9.95,43,0,False,False,,,,,,,,,,,
margin,California,scientific_f6_m10,9.9,44,0,False,False,,,,,,,,,,,
margin,UCLA,scientific_f6_m10,9.9,45,0,False,False,,,,,,,,,,,
margin,UTSA,scientific_f6_m10,9.3,46,0,False,False,,,,,,,,,,,
margin,Illinois,scientific_f6_m10,9.25,47,0,False,False,,,,,,,,,,,
margin,Washington,scientific_f6_m10,8.35,48,0,False,False,,,,,,,,,,,
margin,Baylor,scientific_f6_m10,8.3,49,0,False,False,,,,,,,,,,,
margin,Cincinnati,scientific_f6_m10,8.225,50,0,False,False,,,,,,,,,,,
margin,Texas Tech,scientific_f6_m10,8.15,51,0,False,False,,,,,,,,,,,
margin,West Virginia,scientific_f6_m10,7.6,52,0,False,False,,,,,,,,,,,
margin,Stanford,scientific_f6_m10,7.55,53,0,False,False,,,,,,,,,,,
margin,Boston College,scientific_f6_m10,7.25,54,0,False,False,,,,,,,,,,,
margin,Michigan State,scientific_f6_m10,7.2,55,0,False,False,,,,,,,,,,,
margin,Georgia Southern,scientific_f6_m10,7.15,56,0,False,False,,,,,,,,,,,
margin,Washington State,scientific_f6_m10,6.875,57,0,False,False,,,,,,,,,,,
margin,Arizona,scientific_f6_m10,6.85,58,0,False,False,,,,,,,,,,,
margin,Maryland,scientific_f6_m10,6.55,59,0,False,False,,,,,,,,,,,
margin,Georgia Tech,scientific_f6_m10,6.5,60,0,False,False,,,,,,,,,,,
margin,Kansas,scientific_f6_m10,6.3,61,0,False,False,,,,,,,,,,,
margin,Iowa State,scientific_f6_m10,5.95,62,0,False,False,,,,,,,,,,,
margin,Rutgers,scientific_f6_m10,5.95,63,0,False,False,,,,,,,,,,,
margin,Western Kentucky,scientific_f6_m10,5.575,64,0,False,False,,,,,,,,,,,
margin,Memphis,scientific_f6_m10,5.55,65,0,False,False,,,,,,,,,,,
margin,Arkansas State,scientific_f6_m10,5.5,66,0,False,False,,,,,,,,,,,
margin,SMU,scientific_f6_m10,5.45,67,0,False,False,,,,,,,,,,,
margin,Houston,scientific_f6_m10,5.35,68,0,False,False,,,,,,,,,,,
margin,Auburn,scientific_f6_m10,5.0,69,0,False,False,,,,,,,,,,,
margin,James Madison,scientific_f6_m10,5.0,70,0,False,False,,,,,,,,,,,
margin,Boise State,scientific_f6_m10,4.875,71,0,False,False,,,,,,,,,,,
margin,Mississippi State,scientific_f6_m10,4.45,72,0,False,False,,,,,,,,,,,
margin,Colorado,scientific_f6_m10,4.1,73,0,False,False,,,,,,,,,,,
margin,Vanderbilt,scientific_f6_m10,3.55,74,0,False,False,,,,,,,,,,,
margin,Fresno State,scientific_f6_m10,3.3,75,0,False,False,,,,,,,,,,,
margin,Miami (OH),scientific_f6_m10,3.3,76,0,False,False,,,,,,,,,,,
margin,Texas State,scientific_f6_m10,2.175,77,0,False,False,,,,,,,,,,,
margin,Syracuse,scientific_f6_m10,2.05,78,0,False,False,,,,,,,,,,,
margin,Louisiana,scientific_f6_m10,1.8,79,0,False,False,,,,,,,,,,,
margin,Oklahoma State,scientific_f6_m10,1.7,80,0,False,False,,,,,,,,,,,
margin,North Texas,scientific_f6_m10,1.35,81,0,False,False,,,,,,,,,,,
margin,Arizona State,scientific_f6_m10,1.3,82,0,False,False,,,,,,,,,,,
margin,Southern Miss,scientific_f6_m10,1.275,83,0,False,False,,,,,,,,,,,
margin,South Florida,scientific_f6_m10,0.6,84,0,False,False,,,,,,,,,,,
margin,North Carolina,scientific_f6_m10,0.45,85,0,False,False,,,,,,,,,,,
margin,South Alabama,scientific_f6_m10,0.4,86,0,False,False,,,,,,,,,,,
margin,Northwestern,scientific_f6_m10,-0.45,87,0,False,False,,,,,,,,,,,
margin,San Diego State,scientific_f6_m10,-0.45,88,0,False,False,,,,,,,,,,,
margin,Florida Atlantic,scientific_f6_m10,-0.875,89,0,False,False,,,,,,,,,,,
margin,UAB,scientific_f6_m10,-1.125,90,0,False,False,,,,,,,,,,,
margin,Eastern Michigan,scientific_f6_m10,-1.65,91,0,False,False,,,,,,,,,,,
margin,East Carolina,scientific_f6_m10,-1.725,92,0,False,False,,,,,,,,,,,
margin,Toledo,scientific_f6_m10,-1.8,93,0,False,False,,,,,,,,,,,
margin,San José State,scientific_f6_m10,-1.9,94,0,False,False,,,,,,,,,,,
margin,Marshall,scientific_f6_m10,-2.25,95,0,False,False,,,,,,,,,,,
margin,Buffalo,scientific_f6_m10,-2.425,96,0,False,False,,,,,,,,,,,
margin,Tulsa,scientific_f6_m10,-2.6,97,0,False,False,,,,,,,,,,,
margin,Florida International,scientific_f6_m10,-2.725,98,0,False,False,,,,,,,,,,,
margin,Coastal Carolina,scientific_f6_m10,-2.75,99,0,False,False,,,,,,,,,,,
margin,Oregon State,scientific_f6_m10,-2.75,100,0,False,False,,,,,,,,,,,
margin,App State,scientific_f6_m10,-2.8,101,0,False,False,,,,,,,,,,,
margin,Delaware,scientific_f6_m10,-3.0,102,0,False,False,,,,,,,,,,,
margin,Middle Tennessee,scientific_f6_m10,-3.1,103,0,False,False,,,,,,,,,,,
margin,Tulane,scientific_f6_m10,-3.1,104,0,False,False,,,,,,,,,,,
margin,Utah State,scientific_f6_m10,-3.275,105,0,False,False,,,,,,,,,,,
margin,Kennesaw State,scientific_f6_m10,-3.85,106,0,False,False,,,,,,,,,,,
margin,UL Monroe,scientific_f6_m10,-4.05,107,0,False,False,,,,,,,,,,,
margin,Georgia State,scientific_f6_m10,-4.55,108,0,False,False,,,,,,,,,,,
margin,New Mexico,scientific_f6_m10,-4.65,109,0,False,False,,,,,,,,,,,
margin,UTEP,scientific_f6_m10,-4.75,110,0,False,False,,,,,,,,,,,
margin,Sam Houston,scientific_f6_m10,-4.85,111,0,False,False,,,,,,,,,,,
margin,Wyoming,scientific_f6_m10,-4.9,112,0,False,False,,,,,,,,,,,
margin,Nevada,scientific_f6_m10,-5.1,113,0,False,False,,,,,,,,,,,
margin,Rice,scientific_f6_m10,-5.1,114,0,False,False,,,,,,,,,,,
margin,Akron,scientific_f6_m10,-5.325,115,0,False,False,,,,,,,,,,,
margin,Northern Illinois,scientific_f6_m10,-5.325,116,0,False,False,,,,,,,,,,,
margin,Temple,scientific_f6_m10,-5.4,117,0,False,False,,,,,,,,,,,
margin,Central Michigan,scientific_f6_m10,-5.45,118,0,False,False,,,,,,,,,,,
margin,Louisiana Tech,scientific_f6_m10,-5.575,119,0,False,False,,,,,,,,,,,
margin,Navy,scientific_f6_m10,-5.95,120,0,False,False,,,,,,,,,,,
margin,Hawai'i,scientific_f6_m10,-6.0,121,0,False,False,,,,,,,,,,,
margin,Missouri State,scientific_f6_m10,-6.2,122,0,False,False,,,,,,,,,,,
margin,Bowling Green,scientific_f6_m10,-6.4,123,0,False,False,,,,,,,,,,,
margin,Troy,scientific_f6_m10,-6.45,124,0,False,False,,,,,,,,,,,
margin,Charlotte,scientific_f6_m10,-6.65,125,0,False,False,,,,,,,,,,,
margin,Kent State,scientific_f6_m10,-6.95,126,0,False,False,,,,,,,,,,,
margin,North Dakota State,scientific_f6_m10,-6.975,127,0,False,False,,,,,,,,,,,
margin,New Mexico State,scientific_f6_m10,-7.3,128,0,False,False,,,,,,,,,,,
margin,Western Michigan,scientific_f6_m10,-7.3,129,0,False,False,,,,,,,,,,,
margin,Ohio,scientific_f6_m10,-7.6,130,0,False,False,,,,,,,,,,,
margin,Massachusetts,scientific_f6_m10,-7.8,131,0,False,False,,,,,,,,,,,
margin,Old Dominion,scientific_f6_m10,-8.025,132,0,False,False,,,,,,,,,,,
margin,Sacramento State,scientific_f6_m10,-8.05,133,0,False,False,,,,,,,,,,,
margin,Air Force,scientific_f6_m10,-8.85,134,0,False,False,,,,,,,,,,,
margin,Army,scientific_f6_m10,-11.55,135,0,False,False,,,,,,,,,,,
margin,Ball State,scientific_f6_m10,-11.95,136,0,False,False,,,,,,,,,,,
margin,NC State,scientific_f6_m10,-11.95,137,0,False,False,,,,,,,,,,,
margin,Jacksonville State,scientific_f6_m10,-13.2,138,0,False,False,,,,,,,,,,,
