consensus_phase,consensus_roster,consensus_reader_week,consensus_provider_week,game_id,consensus_kickoff_eastern,away_team,home_team,model_name,model_family,fingerprint,pred_home_margin,pred_home_win_probability,pred_winner,model_predicted_winner_margin,model_against_spread_pick,model_edge_vs_spread_points,consensus_straight_up_pick,consensus_predicted_winner_margin,consensus_against_spread_pick,consensus_model_edge_vs_spread_points,season,week,game_start_time_utc,neutral_site,conference_game,season_type,market_spread_close,keys_season,next_week,next_game_id,objective,checkpoint_path,checkpoint_sha256,roster_rank,preseason_performance_rank,confidence,created_at_utc,consensus_predicted_home_win_probability,consensus_home_team_market_spread,consensus_against_spread_team,consensus_against_spread_line,consensus_model_agreement,consensus_scientific_model_count,model_against_spread_team,model_against_spread_line,home_points,away_points,actual_home_margin,actual_winner,model_winner_correct,model_absolute_margin_error,actual_against_spread_winner,model_ats_result,consensus_ats_result
pre_game,Scientific roster (market-free F0–F6),0,1,401856766,Sat 12:00 PM,North Carolina,TCU,scientific_F0_M1,linear,F0,1.5452832483452217,0.5275663622735923,TCU,1.545,North Carolina +8.75,7.205,TCU,7.3,North Carolina +8.75,1.45,2026,1,2026-08-29T16:00:00.000Z,True,False,regular,-8.75,2026,1,401856766,margin,/groups/bsavoie2/tburton2/TDNet/publication_artifacts/scientific_roster_refits/f0_f8_margin_through_2025_v1/cells/F0/M1/checkpoint.pkl,3004e951de040158ab253160a1e5faebc99073441fb5f3eb0322a6bdf211b863,1,1,0.0551327245471846,2026-08-28T19:34:02.122997+00:00,0.6278,-8.75,North Carolina,8.75,0.9524,42,North Carolina,8.75,10,15,-5,North Carolina,False,6.545283248345221,North Carolina,Win,Win
pre_game,Scientific roster (market-free F0–F6),0,1,401856766,Sat 12:00 PM,North Carolina,TCU,scientific_F0_M10,knn,F0,6.999999597108709,0.6224593244389296,TCU,7.0,North Carolina +8.75,1.75,TCU,7.3,North Carolina +8.75,1.45,2026,1,2026-08-29T16:00:00.000Z,True,False,regular,-8.75,2026,1,401856766,margin,/groups/bsavoie2/tburton2/TDNet/publication_artifacts/scientific_roster_refits/f0_f8_margin_through_2025_v1/cells/F0/M10/checkpoint.pkl,b72148b78493a060d1e5be6746b97d7061aabc8de152a7dbd2609c57c966e170,6,6,0.2449186488778592,2026-08-28T19:34:02.122997+00:00,0.6278,-8.75,North Carolina,8.75,0.9524,42,North Carolina,8.75,10,15,-5,North Carolina,False,11.999999597108708,North Carolina,Win,Win
pre_game,Scientific roster (market-free F0–F6),0,1,401856766,Sat 12:00 PM,North Carolina,TCU,scientific_F0_M2,spline,F0,1.2758190344789,0.5227667291019786,TCU,1.276,North Carolina +8.75,7.474,TCU,7.3,North Carolina +8.75,1.45,2026,1,2026-08-29T16:00:00.000Z,True,False,regular,-8.75,2026,1,401856766,margin,/groups/bsavoie2/tburton2/TDNet/publication_artifacts/scientific_roster_refits/f0_f8_margin_through_2025_v1/cells/F0/M2/checkpoint.pkl,faa0aa500ef3a49204415f776e055580b8b2192d373428f5c322465c4b6b53a5,2,2,0.0455334582039572,2026-08-28T19:34:02.122997+00:00,0.6278,-8.75,North Carolina,8.75,0.9524,42,North Carolina,8.75,10,15,-5,North Carolina,False,6.2758190344789,North Carolina,Win,Win
pre_game,Scientific roster (market-free F0–F6),0,1,401856766,Sat 12:00 PM,North Carolina,TCU,scientific_F0_M3,tree,F0,-4.461448568425773,0.4209987193263138,North Carolina,4.461,North Carolina +8.75,13.211,TCU,7.3,North Carolina +8.75,1.45,2026,1,2026-08-29T16:00:00.000Z,True,False,regular,-8.75,2026,1,401856766,margin,/groups/bsavoie2/tburton2/TDNet/publication_artifacts/scientific_roster_refits/f0_f8_margin_through_2025_v1/cells/F0/M3/checkpoint.pkl,358ba183dfb2490fa300be4658b19950aed0049b8ea4fce0bdd7cd13ceb41d21,3,3,0.1580025613473723,2026-08-28T19:34:02.122997+00:00,0.6278,-8.75,North Carolina,8.75,0.9524,42,North Carolina,8.75,10,15,-5,North Carolina,True,0.538551431574227,North Carolina,Win,Win
pre_game,Scientific roster (market-free F0–F6),0,1,401856766,Sat 12:00 PM,North Carolina,TCU,scientific_F0_M4,boosted,F0,1.8308705473600344,0.53264760058437,TCU,1.831,North Carolina +8.75,6.919,TCU,7.3,North Carolina +8.75,1.45,2026,1,2026-08-29T16:00:00.000Z,True,False,regular,-8.75,2026,1,401856766,margin,/groups/bsavoie2/tburton2/TDNet/publication_artifacts/scientific_roster_refits/f0_f8_margin_through_2025_v1/cells/F0/M4/checkpoint.pkl,536856580617cdb0017463eadedb4239f7f52f3b6e217f92307fc64664dda481,4,4,0.0652952011687399,2026-08-28T19:34:02.122997+00:00,0.6278,-8.75,North Carolina,8.75,0.9524,42,North Carolina,8.75,10,15,-5,North Carolina,False,6.830870547360035,North Carolina,Win,Win
pre_game,Scientific roster (market-free F0–F6),0,1,401856766,Sat 12:00 PM,North Carolina,TCU,scientific_F0_M5,neural,F0,0.231401652097702,0.5041320782865021,TCU,0.231,North Carolina +8.75,8.519,TCU,7.3,North Carolina +8.75,1.45,2026,1,2026-08-29T16:00:00.000Z,True,False,regular,-8.75,2026,1,401856766,margin,/groups/bsavoie2/tburton2/TDNet/publication_artifacts/scientific_roster_refits/f0_f8_margin_through_2025_v1/cells/F0/M5/checkpoint.pkl,b5c22a3c584ee4be901802a4cd0a8d35a35b0464f5fefaac5132089a925dc1af,5,5,0.0082641565730041,2026-08-28T19:34:02.122997+00:00,0.6278,-8.75,North Carolina,8.75,0.9524,42,North Carolina,8.75,10,15,-5,North Carolina,False,5.231401652097702,North Carolina,Win,Win
pre_game,Scientific roster (market-free F0–F6),0,1,401856766,Sat 12:00 PM,North Carolina,TCU,scientific_F1_M1,linear,F1,7.701811228829557,0.634165606127895,TCU,7.702,North Carolina +8.75,1.048,TCU,7.3,North Carolina +8.75,1.45,2026,1,2026-08-29T16:00:00.000Z,True,False,regular,-8.75,2026,1,401856766,margin,/groups/bsavoie2/tburton2/TDNet/publication_artifacts/scientific_roster_refits/f0_f8_margin_through_2025_v1/cells/F1/M1/checkpoint.pkl,de123537a22f9ab809539f81b9b90e376311fd3703d871f3eebb0d5a5a6b0167,7,7,0.2683312122557899,2026-08-28T19:34:02.122997+00:00,0.6278,-8.75,North Carolina,8.75,0.9524,42,North Carolina,8.75,10,15,-5,North Carolina,False,12.701811228829557,North Carolina,Win,Win
pre_game,Scientific roster (market-free F0–F6),0,1,401856766,Sat 12:00 PM,North Carolina,TCU,scientific_F1_M10,knn,F1,19.4949464120904,0.8009904438492722,TCU,19.495,TCU -8.75,10.745,TCU,7.3,North Carolina +8.75,1.45,2026,1,2026-08-29T16:00:00.000Z,True,False,regular,-8.75,2026,1,401856766,margin,/groups/bsavoie2/tburton2/TDNet/publication_artifacts/scientific_roster_refits/f0_f8_margin_through_2025_v1/cells/F1/M10/checkpoint.pkl,3d72b6bd97123eaa76a67c2debf38d1b23388a3605a981b3b121263f2c1deed8,12,12,0.6019808876985444,2026-08-28T19:34:02.122997+00:00,0.6278,-8.75,North Carolina,8.75,0.9524,42,TCU,-8.75,10,15,-5,North Carolina,False,24.4949464120904,North Carolina,Loss,Win
pre_game,Scientific roster (market-free F0–F6),0,1,401856766,Sat 12:00 PM,North Carolina,TCU,scientific_F1_M2,spline,F1,7.240367881532172,0.6264855773500981,TCU,7.24,North Carolina +8.75,1.51,TCU,7.3,North Carolina +8.75,1.45,2026,1,2026-08-29T16:00:00.000Z,True,False,regular,-8.75,2026,1,401856766,margin,/groups/bsavoie2/tburton2/TDNet/publication_artifacts/scientific_roster_refits/f0_f8_margin_through_2025_v1/cells/F1/M2/checkpoint.pkl,dd67d778cca7ecca58d04c1c2f81380cf31f9dc37912ed12f772336ea65440b5,8,8,0.2529711547001962,2026-08-28T19:34:02.122997+00:00,0.6278,-8.75,North Carolina,8.75,0.9524,42,North Carolina,8.75,10,15,-5,North Carolina,False,12.240367881532173,North Carolina,Win,Win
pre_game,Scientific roster (market-free F0–F6),0,1,401856766,Sat 12:00 PM,North Carolina,TCU,scientific_F1_M3,tree,F1,6.309665286404414,0.6108033648661129,TCU,6.31,North Carolina +8.75,2.44,TCU,7.3,North Carolina +8.75,1.45,2026,1,2026-08-29T16:00:00.000Z,True,False,regular,-8.75,2026,1,401856766,margin,/groups/bsavoie2/tburton2/TDNet/publication_artifacts/scientific_roster_refits/f0_f8_margin_through_2025_v1/cells/F1/M3/checkpoint.pkl,074942f55a18152490c8f5fbb362670a65f282e328e391b3fbde67b83fe800f6,9,9,0.2216067297322257,2026-08-28T19:34:02.122997+00:00,0.6278,-8.75,North Carolina,8.75,0.9524,42,North Carolina,8.75,10,15,-5,North Carolina,False,11.309665286404414,North Carolina,Win,Win
pre_game,Scientific roster (market-free F0–F6),0,1,401856766,Sat 12:00 PM,North Carolina,TCU,scientific_F1_M4,boosted,F1,5.959445370211417,0.604840347813021,TCU,5.959,North Carolina +8.75,2.791,TCU,7.3,North Carolina +8.75,1.45,2026,1,2026-08-29T16:00:00.000Z,True,False,regular,-8.75,2026,1,401856766,margin,/groups/bsavoie2/tburton2/TDNet/publication_artifacts/scientific_roster_refits/f0_f8_margin_through_2025_v1/cells/F1/M4/checkpoint.pkl,ee9fb6307319157df56a4e2240b2ffb96777bd551b5342aa88c214a3808a6416,10,10,0.2096806956260419,2026-08-28T19:34:02.122997+00:00,0.6278,-8.75,North Carolina,8.75,0.9524,42,North Carolina,8.75,10,15,-5,North Carolina,False,10.959445370211416,North Carolina,Win,Win
pre_game,Scientific roster (market-free F0–F6),0,1,401856766,Sat 12:00 PM,North Carolina,TCU,scientific_F1_M5,neural,F1,11.04090404510498,0.6875383790157913,TCU,11.041,TCU -8.75,2.291,TCU,7.3,North Carolina +8.75,1.45,2026,1,2026-08-29T16:00:00.000Z,True,False,regular,-8.75,2026,1,401856766,margin,/groups/bsavoie2/tburton2/TDNet/publication_artifacts/scientific_roster_refits/f0_f8_margin_through_2025_v1/cells/F1/M5/checkpoint.pkl,6c253ec4aadc5ed51e9904b1a244a90f8792cd0b73e3d94d9e038a331e786a79,11,11,0.3750767580315826,2026-08-28T19:34:02.122997+00:00,0.6278,-8.75,North Carolina,8.75,0.9524,42,TCU,-8.75,10,15,-5,North Carolina,False,16.04090404510498,North Carolina,Loss,Win
pre_game,Scientific roster (market-free F0–F6),0,1,401856766,Sat 12:00 PM,North Carolina,TCU,scientific_F2_M1,linear,F2,6.547235946877443,0.6148296918887138,TCU,6.547,North Carolina +8.75,2.203,TCU,7.3,North Carolina +8.75,1.45,2026,1,2026-08-29T16:00:00.000Z,True,False,regular,-8.75,2026,1,401856766,margin,/groups/bsavoie2/tburton2/TDNet/publication_artifacts/scientific_roster_refits/f0_f8_margin_through_2025_v1/cells/F2/M1/checkpoint.pkl,0dc099ef612b0b493bded42b1f5f2ec58fb5b35d4589a2d88c26019fc903a737,13,13,0.2296593837774276,2026-08-28T19:34:02.122997+00:00,0.6278,-8.75,North Carolina,8.75,0.9524,42,North Carolina,8.75,10,15,-5,North Carolina,False,11.547235946877443,North Carolina,Win,Win
pre_game,Scientific roster (market-free F0–F6),0,1,401856766,Sat 12:00 PM,North Carolina,TCU,scientific_F2_M10,knn,F2,3.18893199830361,0.5567002723478923,TCU,3.189,North Carolina +8.75,5.561,TCU,7.3,North Carolina +8.75,1.45,2026,1,2026-08-29T16:00:00.000Z,True,False,regular,-8.75,2026,1,401856766,margin,/groups/bsavoie2/tburton2/TDNet/publication_artifacts/scientific_roster_refits/f0_f8_margin_through_2025_v1/cells/F2/M10/checkpoint.pkl,58ed41000abb0223c020a00119461f748ef991ffa3dbc1efd1df26ba4b05d96e,18,18,0.1134005446957846,2026-08-28T19:34:02.122997+00:00,0.6278,-8.75,North Carolina,8.75,0.9524,42,North Carolina,8.75,10,15,-5,North Carolina,False,8.18893199830361,North Carolina,Win,Win
pre_game,Scientific roster (market-free F0–F6),0,1,401856766,Sat 12:00 PM,North Carolina,TCU,scientific_F2_M2,spline,F2,6.233983643080701,0.6095175093538913,TCU,6.234,North Carolina +8.75,2.516,TCU,7.3,North Carolina +8.75,1.45,2026,1,2026-08-29T16:00:00.000Z,True,False,regular,-8.75,2026,1,401856766,margin,/groups/bsavoie2/tburton2/TDNet/publication_artifacts/scientific_roster_refits/f0_f8_margin_through_2025_v1/cells/F2/M2/checkpoint.pkl,7b3c33a92fae9994535095f83a468d5514e3d9fdf72e2e90993442e8a4c99329,14,14,0.2190350187077825,2026-08-28T19:34:02.122997+00:00,0.6278,-8.75,North Carolina,8.75,0.9524,42,North Carolina,8.75,10,15,-5,North Carolina,False,11.233983643080702,North Carolina,Win,Win
pre_game,Scientific roster (market-free F0–F6),0,1,401856766,Sat 12:00 PM,North Carolina,TCU,scientific_F2_M3,tree,F2,8.93498237051945,0.6543494011658985,TCU,8.935,TCU -8.75,0.185,TCU,7.3,North Carolina +8.75,1.45,2026,1,2026-08-29T16:00:00.000Z,True,False,regular,-8.75,2026,1,401856766,margin,/groups/bsavoie2/tburton2/TDNet/publication_artifacts/scientific_roster_refits/f0_f8_margin_through_2025_v1/cells/F2/M3/checkpoint.pkl,4d047265757142db6ad68cd76fb4cafba2cd34453f11f972f83ef29fe83f97a8,15,15,0.3086988023317969,2026-08-28T19:34:02.122997+00:00,0.6278,-8.75,North Carolina,8.75,0.9524,42,TCU,-8.75,10,15,-5,North Carolina,False,13.93498237051945,North Carolina,Loss,Win
pre_game,Scientific roster (market-free F0–F6),0,1,401856766,Sat 12:00 PM,North Carolina,TCU,scientific_F2_M4,boosted,F2,7.416786065729581,0.6294295675800766,TCU,7.417,North Carolina +8.75,1.333,TCU,7.3,North Carolina +8.75,1.45,2026,1,2026-08-29T16:00:00.000Z,True,False,regular,-8.75,2026,1,401856766,margin,/groups/bsavoie2/tburton2/TDNet/publication_artifacts/scientific_roster_refits/f0_f8_margin_through_2025_v1/cells/F2/M4/checkpoint.pkl,a0eadb4cea94836b3ade844d07239c990f356552dc0c69793093274ad8afa8c1,16,16,0.2588591351601532,2026-08-28T19:34:02.122997+00:00,0.6278,-8.75,North Carolina,8.75,0.9524,42,North Carolina,8.75,10,15,-5,North Carolina,False,12.416786065729582,North Carolina,Win,Win
pre_game,Scientific roster (market-free F0–F6),0,1,401856766,Sat 12:00 PM,North Carolina,TCU,scientific_F2_M5,neural,F2,6.692671775817871,0.6172868287900021,TCU,6.693,North Carolina +8.75,2.057,TCU,7.3,North Carolina +8.75,1.45,2026,1,2026-08-29T16:00:00.000Z,True,False,regular,-8.75,2026,1,401856766,margin,/groups/bsavoie2/tburton2/TDNet/publication_artifacts/scientific_roster_refits/f0_f8_margin_through_2025_v1/cells/F2/M5/checkpoint.pkl,391e1dd75e342bb0cd1e66b6178918b76670583a8f2ed306044cac4d48738f24,17,17,0.2345736575800041,2026-08-28T19:34:02.122997+00:00,0.6278,-8.75,North Carolina,8.75,0.9524,42,North Carolina,8.75,10,15,-5,North Carolina,False,11.692671775817871,North Carolina,Win,Win
pre_game,Scientific roster (market-free F0–F6),0,1,401856766,Sat 12:00 PM,North Carolina,TCU,scientific_F3_M1,linear,F3,9.65470834188145,0.6658828389280974,TCU,9.655,TCU -8.75,0.905,TCU,7.3,North Carolina +8.75,1.45,2026,1,2026-08-29T16:00:00.000Z,True,False,regular,-8.75,2026,1,401856766,margin,/groups/bsavoie2/tburton2/TDNet/publication_artifacts/scientific_roster_refits/f0_f8_margin_through_2025_v1/cells/F3/M1/checkpoint.pkl,fcec1890921aaae1e705ec31c93bd07e779a520e874f9ebceb562185ac567097,19,19,0.3317656778561948,2026-08-28T19:34:02.122997+00:00,0.6278,-8.75,North Carolina,8.75,0.9524,42,TCU,-8.75,10,15,-5,North Carolina,False,14.65470834188145,North Carolina,Loss,Win
pre_game,Scientific roster (market-free F0–F6),0,1,401856766,Sat 12:00 PM,North Carolina,TCU,scientific_F3_M10,knn,F3,1.9389474410486092,0.5345688231155942,TCU,1.939,North Carolina +8.75,6.811,TCU,7.3,North Carolina +8.75,1.45,2026,1,2026-08-29T16:00:00.000Z,True,False,regular,-8.75,2026,1,401856766,margin,/groups/bsavoie2/tburton2/TDNet/publication_artifacts/scientific_roster_refits/f0_f8_margin_through_2025_v1/cells/F3/M10/checkpoint.pkl,ceb577b58fc9ac4669e026a9a0a50a60f06535cdf9624540a567dbecb6ad817d,24,24,0.0691376462311883,2026-08-28T19:34:02.122997+00:00,0.6278,-8.75,North Carolina,8.75,0.9524,42,North Carolina,8.75,10,15,-5,North Carolina,False,6.938947441048609,North Carolina,Win,Win
pre_game,Scientific roster (market-free F0–F6),0,1,401856766,Sat 12:00 PM,North Carolina,TCU,scientific_F3_M2,spline,F3,8.002538949330177,0.6391345738796498,TCU,8.003,North Carolina +8.75,0.747,TCU,7.3,North Carolina +8.75,1.45,2026,1,2026-08-29T16:00:00.000Z,True,False,regular,-8.75,2026,1,401856766,margin,/groups/bsavoie2/tburton2/TDNet/publication_artifacts/scientific_roster_refits/f0_f8_margin_through_2025_v1/cells/F3/M2/checkpoint.pkl,f36e6608055d3601c0cb151657e2123369fbb5a3e217257ffefe5a8c54731dd8,20,20,0.2782691477592995,2026-08-28T19:34:02.122997+00:00,0.6278,-8.75,North Carolina,8.75,0.9524,42,North Carolina,8.75,10,15,-5,North Carolina,False,13.002538949330177,North Carolina,Win,Win
pre_game,Scientific roster (market-free F0–F6),0,1,401856766,Sat 12:00 PM,North Carolina,TCU,scientific_F3_M3,tree,F3,7.227056070334892,0.6262630518584735,TCU,7.227,North Carolina +8.75,1.523,TCU,7.3,North Carolina +8.75,1.45,2026,1,2026-08-29T16:00:00.000Z,True,False,regular,-8.75,2026,1,401856766,margin,/groups/bsavoie2/tburton2/TDNet/publication_artifacts/scientific_roster_refits/f0_f8_margin_through_2025_v1/cells/F3/M3/checkpoint.pkl,e0f6118c8005d407eb61d00ecac92260c8bf03bb6fa032475509cc7134626f4e,21,21,0.252526103716947,2026-08-28T19:34:02.122997+00:00,0.6278,-8.75,North Carolina,8.75,0.9524,42,North Carolina,8.75,10,15,-5,North Carolina,False,12.227056070334893,North Carolina,Win,Win
pre_game,Scientific roster (market-free F0–F6),0,1,401856766,Sat 12:00 PM,North Carolina,TCU,scientific_F3_M4,boosted,F3,6.14140061059897,0.6079424236729871,TCU,6.141,North Carolina +8.75,2.609,TCU,7.3,North Carolina +8.75,1.45,2026,1,2026-08-29T16:00:00.000Z,True,False,regular,-8.75,2026,1,401856766,margin,/groups/bsavoie2/tburton2/TDNet/publication_artifacts/scientific_roster_refits/f0_f8_margin_through_2025_v1/cells/F3/M4/checkpoint.pkl,a15efa59a4e377aec28d2a2563ec10d04c5dda2e1fbe264dce56178a75ab1b06,22,22,0.2158848473459742,2026-08-28T19:34:02.122997+00:00,0.6278,-8.75,North Carolina,8.75,0.9524,42,North Carolina,8.75,10,15,-5,North Carolina,False,11.14140061059897,North Carolina,Win,Win
pre_game,Scientific roster (market-free F0–F6),0,1,401856766,Sat 12:00 PM,North Carolina,TCU,scientific_F3_M5,neural,F3,9.993890762329102,0.6712511646769976,TCU,9.994,TCU -8.75,1.244,TCU,7.3,North Carolina +8.75,1.45,2026,1,2026-08-29T16:00:00.000Z,True,False,regular,-8.75,2026,1,401856766,margin,/groups/bsavoie2/tburton2/TDNet/publication_artifacts/scientific_roster_refits/f0_f8_margin_through_2025_v1/cells/F3/M5/checkpoint.pkl,7e365cdb1488185cb7075ddeb20eaab5ded63fc4829150b96f1952483bf72e3c,23,23,0.3425023293539952,2026-08-28T19:34:02.122997+00:00,0.6278,-8.75,North Carolina,8.75,0.9524,42,TCU,-8.75,10,15,-5,North Carolina,False,14.993890762329102,North Carolina,Loss,Win
pre_game,Scientific roster (market-free F0–F6),0,1,401856766,Sat 12:00 PM,North Carolina,TCU,scientific_F4_M1,linear,F4,9.755206833911958,0.6674780178731515,TCU,9.755,TCU -8.75,1.005,TCU,7.3,North Carolina +8.75,1.45,2026,1,2026-08-29T16:00:00.000Z,True,False,regular,-8.75,2026,1,401856766,margin,/groups/bsavoie2/tburton2/TDNet/publication_artifacts/scientific_roster_refits/f0_f8_margin_through_2025_v1/cells/F4/M1/checkpoint.pkl,5e1f22b2fba89c54267ce85ddc65d6941a63a040527f86d4c1e518e5a004467a,25,25,0.334956035746303,2026-08-28T19:34:02.122997+00:00,0.6278,-8.75,North Carolina,8.75,0.9524,42,TCU,-8.75,10,15,-5,North Carolina,False,14.755206833911958,North Carolina,Loss,Win
pre_game,Scientific roster (market-free F0–F6),0,1,401856766,Sat 12:00 PM,North Carolina,TCU,scientific_F4_M10,knn,F4,-1.1450959443353796,0.4795632503956195,North Carolina,1.145,North Carolina +8.75,9.895,TCU,7.3,North Carolina +8.75,1.45,2026,1,2026-08-29T16:00:00.000Z,True,False,regular,-8.75,2026,1,401856766,margin,/groups/bsavoie2/tburton2/TDNet/publication_artifacts/scientific_roster_refits/f0_f8_margin_through_2025_v1/cells/F4/M10/checkpoint.pkl,3506cc48b80ce8af9588d310557a7085180676d9c57cc1efb7977735ead804d7,30,30,0.0408734992087609,2026-08-28T19:34:02.122997+00:00,0.6278,-8.75,North Carolina,8.75,0.9524,42,North Carolina,8.75,10,15,-5,North Carolina,True,3.8549040556646204,North Carolina,Win,Win
pre_game,Scientific roster (market-free F0–F6),0,1,401856766,Sat 12:00 PM,North Carolina,TCU,scientific_F4_M2,spline,F4,8.80912302930666,0.6523132756081386,TCU,8.809,TCU -8.75,0.059,TCU,7.3,North Carolina +8.75,1.45,2026,1,2026-08-29T16:00:00.000Z,True,False,regular,-8.75,2026,1,401856766,margin,/groups/bsavoie2/tburton2/TDNet/publication_artifacts/scientific_roster_refits/f0_f8_margin_through_2025_v1/cells/F4/M2/checkpoint.pkl,29ce994bf944f848dfdce0a43acd8b21d8301dcb0895f03fe928313bd3e18c17,26,26,0.3046265512162771,2026-08-28T19:34:02.122997+00:00,0.6278,-8.75,North Carolina,8.75,0.9524,42,TCU,-8.75,10,15,-5,North Carolina,False,13.80912302930666,North Carolina,Loss,Win
pre_game,Scientific roster (market-free F0–F6),0,1,401856766,Sat 12:00 PM,North Carolina,TCU,scientific_F4_M3,tree,F4,7.642836472987081,0.6331877606973116,TCU,7.643,North Carolina +8.75,1.107,TCU,7.3,North Carolina +8.75,1.45,2026,1,2026-08-29T16:00:00.000Z,True,False,regular,-8.75,2026,1,401856766,margin,/groups/bsavoie2/tburton2/TDNet/publication_artifacts/scientific_roster_refits/f0_f8_margin_through_2025_v1/cells/F4/M3/checkpoint.pkl,941e0b9cf5dca9bf3bfa4f6a0079cd6bcfdf580593d4979393c794e4774101d8,27,27,0.2663755213946233,2026-08-28T19:34:02.122997+00:00,0.6278,-8.75,North Carolina,8.75,0.9524,42,North Carolina,8.75,10,15,-5,North Carolina,False,12.642836472987081,North Carolina,Win,Win
pre_game,Scientific roster (market-free F0–F6),0,1,401856766,Sat 12:00 PM,North Carolina,TCU,scientific_F4_M4,boosted,F4,7.865689586752937,0.6368770106433501,TCU,7.866,North Carolina +8.75,0.884,TCU,7.3,North Carolina +8.75,1.45,2026,1,2026-08-29T16:00:00.000Z,True,False,regular,-8.75,2026,1,401856766,margin,/groups/bsavoie2/tburton2/TDNet/publication_artifacts/scientific_roster_refits/f0_f8_margin_through_2025_v1/cells/F4/M4/checkpoint.pkl,5c735ec5a2cef35758da96c6fe465c25721aa40884a5144f9a0a05d16a324a07,28,28,0.2737540212867002,2026-08-28T19:34:02.122997+00:00,0.6278,-8.75,North Carolina,8.75,0.9524,42,North Carolina,8.75,10,15,-5,North Carolina,False,12.865689586752936,North Carolina,Win,Win
pre_game,Scientific roster (market-free F0–F6),0,1,401856766,Sat 12:00 PM,North Carolina,TCU,scientific_F4_M5,neural,F4,5.9112396240234375,0.6040170812070088,TCU,5.911,North Carolina +8.75,2.839,TCU,7.3,North Carolina +8.75,1.45,2026,1,2026-08-29T16:00:00.000Z,True,False,regular,-8.75,2026,1,401856766,margin,/groups/bsavoie2/tburton2/TDNet/publication_artifacts/scientific_roster_refits/f0_f8_margin_through_2025_v1/cells/F4/M5/checkpoint.pkl,af90514c860951f28aea6b1acd588894aab8d4822e29ffbc548337c5d213ed91,29,29,0.2080341624140176,2026-08-28T19:34:02.122997+00:00,0.6278,-8.75,North Carolina,8.75,0.9524,42,North Carolina,8.75,10,15,-5,North Carolina,False,10.911239624023438,North Carolina,Win,Win
pre_game,Scientific roster (market-free F0–F6),0,1,401856766,Sat 12:00 PM,North Carolina,TCU,scientific_F5_M1,linear,F5,10.49489884222393,0.8496976385966853,TCU,10.495,TCU -8.75,1.745,TCU,7.3,North Carolina +8.75,1.45,2026,1,2026-08-29T16:00:00.000Z,True,False,regular,-8.75,2026,1,401856766,margin,/groups/bsavoie2/tburton2/TDNet/publication_artifacts/scientific_roster_refits/f0_f8_margin_through_2025_v1/cells/F5/M1/checkpoint.pkl,9ac8b1110596206294dcb94ca99f78d5515f26e8c83db988ea842f703dc2a889,31,31,0.6993952771933707,2026-08-28T19:34:02.122997+00:00,0.6278,-8.75,North Carolina,8.75,0.9524,42,TCU,-8.75,10,15,-5,North Carolina,False,15.49489884222393,North Carolina,Loss,Win
pre_game,Scientific roster (market-free F0–F6),0,1,401856766,Sat 12:00 PM,North Carolina,TCU,scientific_F5_M10,knn,F5,5.7250000000000005,0.556564689526174,TCU,5.725,North Carolina +8.75,3.025,TCU,7.3,North Carolina +8.75,1.45,2026,1,2026-08-29T16:00:00.000Z,True,False,regular,-8.75,2026,1,401856766,margin,/groups/bsavoie2/tburton2/TDNet/publication_artifacts/scientific_roster_refits/f0_f8_margin_through_2025_v1/cells/F5/M10/checkpoint.pkl,99fc835a1cc88df16ccb35c5272ca4691bcc4f25eae45bdc2c6c28ce3a121da9,36,36,0.1131293790523479,2026-08-28T19:34:02.122997+00:00,0.6278,-8.75,North Carolina,8.75,0.9524,42,North Carolina,8.75,10,15,-5,North Carolina,False,10.725000000000001,North Carolina,Win,Win
pre_game,Scientific roster (market-free F0–F6),0,1,401856766,Sat 12:00 PM,North Carolina,TCU,scientific_F5_M2,spline,F5,7.352772316885168,0.5814897287350178,TCU,7.353,North Carolina +8.75,1.397,TCU,7.3,North Carolina +8.75,1.45,2026,1,2026-08-29T16:00:00.000Z,True,False,regular,-8.75,2026,1,401856766,margin,/groups/bsavoie2/tburton2/TDNet/publication_artifacts/scientific_roster_refits/f0_f8_margin_through_2025_v1/cells/F5/M2/checkpoint.pkl,c688a874265ec3654c4b75991b59977e9fcec094af505e34a2e5dccca015955d,32,32,0.1629794574700356,2026-08-28T19:34:02.122997+00:00,0.6278,-8.75,North Carolina,8.75,0.9524,42,North Carolina,8.75,10,15,-5,North Carolina,False,12.352772316885169,North Carolina,Win,Win
pre_game,Scientific roster (market-free F0–F6),0,1,401856766,Sat 12:00 PM,North Carolina,TCU,scientific_F5_M3,tree,F5,8.046509472454613,0.6398586447678177,TCU,8.047,North Carolina +8.75,0.703,TCU,7.3,North Carolina +8.75,1.45,2026,1,2026-08-29T16:00:00.000Z,True,False,regular,-8.75,2026,1,401856766,margin,/groups/bsavoie2/tburton2/TDNet/publication_artifacts/scientific_roster_refits/f0_f8_margin_through_2025_v1/cells/F5/M3/checkpoint.pkl,5fd2b7b8a81f05acb3b0f169b641580185fa0b954897f332c458a9971eee26d9,33,33,0.2797172895356354,2026-08-28T19:34:02.122997+00:00,0.6278,-8.75,North Carolina,8.75,0.9524,42,North Carolina,8.75,10,15,-5,North Carolina,False,13.046509472454613,North Carolina,Win,Win
pre_game,Scientific roster (market-free F0–F6),0,1,401856766,Sat 12:00 PM,North Carolina,TCU,scientific_F5_M4,boosted,F5,8.295199581020169,0.6439418245499271,TCU,8.295,North Carolina +8.75,0.455,TCU,7.3,North Carolina +8.75,1.45,2026,1,2026-08-29T16:00:00.000Z,True,False,regular,-8.75,2026,1,401856766,margin,/groups/bsavoie2/tburton2/TDNet/publication_artifacts/scientific_roster_refits/f0_f8_margin_through_2025_v1/cells/F5/M4/checkpoint.pkl,797dfb35969984928095b6a6570cab555c85a25ae60f4cd1f063f07276c1a190,34,34,0.2878836490998542,2026-08-28T19:34:02.122997+00:00,0.6278,-8.75,North Carolina,8.75,0.9524,42,North Carolina,8.75,10,15,-5,North Carolina,False,13.295199581020169,North Carolina,Win,Win
pre_game,Scientific roster (market-free F0–F6),0,1,401856766,Sat 12:00 PM,North Carolina,TCU,scientific_F5_M5,neural,F5,19.316312789916992,0.7989486981974708,TCU,19.316,TCU -8.75,10.566,TCU,7.3,North Carolina +8.75,1.45,2026,1,2026-08-29T16:00:00.000Z,True,False,regular,-8.75,2026,1,401856766,margin,/groups/bsavoie2/tburton2/TDNet/publication_artifacts/scientific_roster_refits/f0_f8_margin_through_2025_v1/cells/F5/M5/checkpoint.pkl,f5dae4b232221142b63cb90f233fc1f90bdca7af9c7fd07935daa1dd0bba698a,35,35,0.5978973963949417,2026-08-28T19:34:02.122997+00:00,0.6278,-8.75,North Carolina,8.75,0.9524,42,TCU,-8.75,10,15,-5,North Carolina,False,24.316312789916992,North Carolina,Loss,Win
pre_game,Scientific roster (market-free F0–F6),0,1,401856766,Sat 12:00 PM,North Carolina,TCU,scientific_F6_M1,linear,F6,12.555154436068918,0.8881802261682723,TCU,12.555,TCU -8.75,3.805,TCU,7.3,North Carolina +8.75,1.45,2026,1,2026-08-29T16:00:00.000Z,True,False,regular,-8.75,2026,1,401856766,margin,/groups/bsavoie2/tburton2/TDNet/publication_artifacts/scientific_roster_refits/f0_f8_margin_through_2025_v1/cells/F6/M1/checkpoint.pkl,3401ea2a804ae7e8cd2a86f9aae755290a10f6de78218adc9109ba366e081f49,37,37,0.7763604523365446,2026-08-28T19:34:02.122997+00:00,0.6278,-8.75,North Carolina,8.75,0.9524,42,TCU,-8.75,10,15,-5,North Carolina,False,17.555154436068918,North Carolina,Loss,Win
pre_game,Scientific roster (market-free F0–F6),0,1,401856766,Sat 12:00 PM,North Carolina,TCU,scientific_F6_M10,knn,F6,9.675000000000002,0.6095677037596705,TCU,9.675,TCU -8.75,0.925,TCU,7.3,North Carolina +8.75,1.45,2026,1,2026-08-29T16:00:00.000Z,True,False,regular,-8.75,2026,1,401856766,margin,/groups/bsavoie2/tburton2/TDNet/publication_artifacts/scientific_roster_refits/f0_f8_margin_through_2025_v1/cells/F6/M10/checkpoint.pkl,a0062711632f89118ee18330188f9e8a7131b72349016765ad9fe5e5bf4cc65e,42,42,0.219135407519341,2026-08-28T19:34:02.122997+00:00,0.6278,-8.75,North Carolina,8.75,0.9524,42,TCU,-8.75,10,15,-5,North Carolina,False,14.675000000000002,North Carolina,Loss,Win
pre_game,Scientific roster (market-free F0–F6),0,1,401856766,Sat 12:00 PM,North Carolina,TCU,scientific_F6_M2,spline,F6,10.6259757306325,0.6166382104239146,TCU,10.626,TCU -8.75,1.876,TCU,7.3,North Carolina +8.75,1.45,2026,1,2026-08-29T16:00:00.000Z,True,False,regular,-8.75,2026,1,401856766,margin,/groups/bsavoie2/tburton2/TDNet/publication_artifacts/scientific_roster_refits/f0_f8_margin_through_2025_v1/cells/F6/M2/checkpoint.pkl,f448804ac7906a628c9b1b0b6b1495b72b75da4819fff2b5bcc84f5a31c24737,38,38,0.2332764208478293,2026-08-28T19:34:02.122997+00:00,0.6278,-8.75,North Carolina,8.75,0.9524,42,TCU,-8.75,10,15,-5,North Carolina,False,15.6259757306325,North Carolina,Loss,Win
pre_game,Scientific roster (market-free F0–F6),0,1,401856766,Sat 12:00 PM,North Carolina,TCU,scientific_F6_M3,tree,F6,10.745686749240582,0.6829904664726532,TCU,10.746,TCU -8.75,1.996,TCU,7.3,North Carolina +8.75,1.45,2026,1,2026-08-29T16:00:00.000Z,True,False,regular,-8.75,2026,1,401856766,margin,/groups/bsavoie2/tburton2/TDNet/publication_artifacts/scientific_roster_refits/f0_f8_margin_through_2025_v1/cells/F6/M3/checkpoint.pkl,e9613c967a6a92a1c8389cc0be9e00d0bd5a64b170cfdd514f3fcfde96290059,39,39,0.3659809329453063,2026-08-28T19:34:02.122997+00:00,0.6278,-8.75,North Carolina,8.75,0.9524,42,TCU,-8.75,10,15,-5,North Carolina,False,15.745686749240582,North Carolina,Loss,Win
pre_game,Scientific roster (market-free F0–F6),0,1,401856766,Sat 12:00 PM,North Carolina,TCU,scientific_F6_M4,boosted,F6,10.1236648514037,0.6732934539679173,TCU,10.124,TCU -8.75,1.374,TCU,7.3,North Carolina +8.75,1.45,2026,1,2026-08-29T16:00:00.000Z,True,False,regular,-8.75,2026,1,401856766,margin,/groups/bsavoie2/tburton2/TDNet/publication_artifacts/scientific_roster_refits/f0_f8_margin_through_2025_v1/cells/F6/M4/checkpoint.pkl,f02fc6dedb9083e88f65c74d032ea06df3285dbf84b6fad10c55d268c87332d7,40,40,0.3465869079358346,2026-08-28T19:34:02.122997+00:00,0.6278,-8.75,North Carolina,8.75,0.9524,42,TCU,-8.75,10,15,-5,North Carolina,False,15.1236648514037,North Carolina,Loss,Win
pre_game,Scientific roster (market-free F0–F6),0,1,401856766,Sat 12:00 PM,North Carolina,TCU,scientific_F6_M5,neural,F6,7.537699699401855,0.6314417958356519,TCU,7.538,North Carolina +8.75,1.212,TCU,7.3,North Carolina +8.75,1.45,2026,1,2026-08-29T16:00:00.000Z,True,False,regular,-8.75,2026,1,401856766,margin,/groups/bsavoie2/tburton2/TDNet/publication_artifacts/scientific_roster_refits/f0_f8_margin_through_2025_v1/cells/F6/M5/checkpoint.pkl,0bdacc7417d2444620f844f32f12743c7b4c12d6539e962892539fe191acf35d,41,41,0.2628835916713037,2026-08-28T19:34:02.122997+00:00,0.6278,-8.75,North Carolina,8.75,0.9524,42,North Carolina,8.75,10,15,-5,North Carolina,False,12.537699699401855,North Carolina,Win,Win
pre_game,Scientific roster (market-free F0–F6),0,1,401864494,Sat 3:00 PM,San José State,USC,scientific_F0_M1,linear,F0,18.449543289244232,0.7888195357497927,USC,18.45,San José State +38.75,20.3,USC,23.94,San José State +38.75,14.81,2026,1,2026-08-29T19:00:00.000Z,False,False,regular,-38.75,2026,1,401864494,margin,/groups/bsavoie2/tburton2/TDNet/publication_artifacts/scientific_roster_refits/f0_f8_margin_through_2025_v1/cells/F0/M1/checkpoint.pkl,3004e951de040158ab253160a1e5faebc99073441fb5f3eb0322a6bdf211b863,1,1,0.5776390714995854,2026-08-28T19:34:02.122997+00:00,0.8403,-38.75,San José State,38.75,1.0,42,San José State,38.75,42,26,16,USC,True,2.4495432892442324,San José State,Win,Win
pre_game,Scientific roster (market-free F0–F6),0,1,401864494,Sat 3:00 PM,San José State,USC,scientific_F0_M10,knn,F0,25.71582898599492,0.86257513509583,USC,25.716,San José State +38.75,13.034,USC,23.94,San José State +38.75,14.81,2026,1,2026-08-29T19:00:00.000Z,False,False,regular,-38.75,2026,1,401864494,margin,/groups/bsavoie2/tburton2/TDNet/publication_artifacts/scientific_roster_refits/f0_f8_margin_through_2025_v1/cells/F0/M10/checkpoint.pkl,b72148b78493a060d1e5be6746b97d7061aabc8de152a7dbd2609c57c966e170,6,6,0.7251502701916599,2026-08-28T19:34:02.122997+00:00,0.8403,-38.75,San José State,38.75,1.0,42,San José State,38.75,42,26,16,USC,True,9.715828985994921,San José State,Win,Win
pre_game,Scientific roster (market-free F0–F6),0,1,401864494,Sat 3:00 PM,San José State,USC,scientific_F0_M2,spline,F0,20.303963512834414,0.810042000766092,USC,20.304,San José State +38.75,18.446,USC,23.94,San José State +38.75,14.81,2026,1,2026-08-29T19:00:00.000Z,False,False,regular,-38.75,2026,1,401864494,margin,/groups/bsavoie2/tburton2/TDNet/publication_artifacts/scientific_roster_refits/f0_f8_margin_through_2025_v1/cells/F0/M2/checkpoint.pkl,faa0aa500ef3a49204415f776e055580b8b2192d373428f5c322465c4b6b53a5,2,2,0.620084001532184,2026-08-28T19:34:02.122997+00:00,0.8403,-38.75,San José State,38.75,1.0,42,San José State,38.75,42,26,16,USC,True,4.3039635128344145,San José State,Win,Win
pre_game,Scientific roster (market-free F0–F6),0,1,401864494,Sat 3:00 PM,San José State,USC,scientific_F0_M3,tree,F0,13.690358207347955,0.7266879015631919,USC,13.69,San José State +38.75,25.06,USC,23.94,San José State +38.75,14.81,2026,1,2026-08-29T19:00:00.000Z,False,False,regular,-38.75,2026,1,401864494,margin,/groups/bsavoie2/tburton2/TDNet/publication_artifacts/scientific_roster_refits/f0_f8_margin_through_2025_v1/cells/F0/M3/checkpoint.pkl,358ba183dfb2490fa300be4658b19950aed0049b8ea4fce0bdd7cd13ceb41d21,3,3,0.4533758031263837,2026-08-28T19:34:02.122997+00:00,0.8403,-38.75,San José State,38.75,1.0,42,San José State,38.75,42,26,16,USC,True,2.3096417926520445,San José State,Win,Win
pre_game,Scientific roster (market-free F0–F6),0,1,401864494,Sat 3:00 PM,San José State,USC,scientific_F0_M4,boosted,F0,19.52082356859973,0.8012849186322824,USC,19.521,San José State +38.75,19.229,USC,23.94,San José State +38.75,14.81,2026,1,2026-08-29T19:00:00.000Z,False,False,regular,-38.75,2026,1,401864494,margin,/groups/bsavoie2/tburton2/TDNet/publication_artifacts/scientific_roster_refits/f0_f8_margin_through_2025_v1/cells/F0/M4/checkpoint.pkl,536856580617cdb0017463eadedb4239f7f52f3b6e217f92307fc64664dda481,4,4,0.6025698372645647,2026-08-28T19:34:02.122997+00:00,0.8403,-38.75,San José State,38.75,1.0,42,San José State,38.75,42,26,16,USC,True,3.520823568599731,San José State,Win,Win
pre_game,Scientific roster (market-free F0–F6),0,1,401864494,Sat 3:00 PM,San José State,USC,scientific_F0_M5,neural,F0,16.31033706665039,0.7622444167310664,USC,16.31,San José State +38.75,22.44,USC,23.94,San José State +38.75,14.81,2026,1,2026-08-29T19:00:00.000Z,False,False,regular,-38.75,2026,1,401864494,margin,/groups/bsavoie2/tburton2/TDNet/publication_artifacts/scientific_roster_refits/f0_f8_margin_through_2025_v1/cells/F0/M5/checkpoint.pkl,b5c22a3c584ee4be901802a4cd0a8d35a35b0464f5fefaac5132089a925dc1af,5,5,0.5244888334621327,2026-08-28T19:34:02.122997+00:00,0.8403,-38.75,San José State,38.75,1.0,42,San José State,38.75,42,26,16,USC,True,0.3103370666503906,San José State,Win,Win
pre_game,Scientific roster (market-free F0–F6),0,1,401864494,Sat 3:00 PM,San José State,USC,scientific_F1_M1,linear,F1,26.73834285706437,0.8710058493141614,USC,26.738,San José State +38.75,12.012,USC,23.94,San José State +38.75,14.81,2026,1,2026-08-29T19:00:00.000Z,False,False,regular,-38.75,2026,1,401864494,margin,/groups/bsavoie2/tburton2/TDNet/publication_artifacts/scientific_roster_refits/f0_f8_margin_through_2025_v1/cells/F1/M1/checkpoint.pkl,de123537a22f9ab809539f81b9b90e376311fd3703d871f3eebb0d5a5a6b0167,7,7,0.7420116986283227,2026-08-28T19:34:02.122997+00:00,0.8403,-38.75,San José State,38.75,1.0,42,San José State,38.75,42,26,16,USC,True,10.73834285706437,San José State,Win,Win
pre_game,Scientific roster (market-free F0–F6),0,1,401864494,Sat 3:00 PM,San José State,USC,scientific_F1_M10,knn,F1,26.77800766364415,0.8713238381274949,USC,26.778,San José State +38.75,11.972,USC,23.94,San José State +38.75,14.81,2026,1,2026-08-29T19:00:00.000Z,False,False,regular,-38.75,2026,1,401864494,margin,/groups/bsavoie2/tburton2/TDNet/publication_artifacts/scientific_roster_refits/f0_f8_margin_through_2025_v1/cells/F1/M10/checkpoint.pkl,3d72b6bd97123eaa76a67c2debf38d1b23388a3605a981b3b121263f2c1deed8,12,12,0.7426476762549898,2026-08-28T19:34:02.122997+00:00,0.8403,-38.75,San José State,38.75,1.0,42,San José State,38.75,42,26,16,USC,True,10.77800766364415,San José State,Win,Win
pre_game,Scientific roster (market-free F0–F6),0,1,401864494,Sat 3:00 PM,San José State,USC,scientific_F1_M2,spline,F1,29.350107888134232,0.8905563210395886,USC,29.35,San José State +38.75,9.4,USC,23.94,San José State +38.75,14.81,2026,1,2026-08-29T19:00:00.000Z,False,False,regular,-38.75,2026,1,401864494,margin,/groups/bsavoie2/tburton2/TDNet/publication_artifacts/scientific_roster_refits/f0_f8_margin_through_2025_v1/cells/F1/M2/checkpoint.pkl,dd67d778cca7ecca58d04c1c2f81380cf31f9dc37912ed12f772336ea65440b5,8,8,0.7811126420791772,2026-08-28T19:34:02.122997+00:00,0.8403,-38.75,San José State,38.75,1.0,42,San José State,38.75,42,26,16,USC,True,13.350107888134232,San José State,Win,Win
pre_game,Scientific roster (market-free F0–F6),0,1,401864494,Sat 3:00 PM,San José State,USC,scientific_F1_M3,tree,F1,29.20771457986457,0.8895610566716597,USC,29.208,San José State +38.75,9.542,USC,23.94,San José State +38.75,14.81,2026,1,2026-08-29T19:00:00.000Z,False,False,regular,-38.75,2026,1,401864494,margin,/groups/bsavoie2/tburton2/TDNet/publication_artifacts/scientific_roster_refits/f0_f8_margin_through_2025_v1/cells/F1/M3/checkpoint.pkl,074942f55a18152490c8f5fbb362670a65f282e328e391b3fbde67b83fe800f6,9,9,0.7791221133433195,2026-08-28T19:34:02.122997+00:00,0.8403,-38.75,San José State,38.75,1.0,42,San José State,38.75,42,26,16,USC,True,13.207714579864572,San José State,Win,Win
pre_game,Scientific roster (market-free F0–F6),0,1,401864494,Sat 3:00 PM,San José State,USC,scientific_F1_M4,boosted,F1,27.412972024864143,0.8763238685964128,USC,27.413,San José State +38.75,11.337,USC,23.94,San José State +38.75,14.81,2026,1,2026-08-29T19:00:00.000Z,False,False,regular,-38.75,2026,1,401864494,margin,/groups/bsavoie2/tburton2/TDNet/publication_artifacts/scientific_roster_refits/f0_f8_margin_through_2025_v1/cells/F1/M4/checkpoint.pkl,ee9fb6307319157df56a4e2240b2ffb96777bd551b5342aa88c214a3808a6416,10,10,0.7526477371928255,2026-08-28T19:34:02.122997+00:00,0.8403,-38.75,San José State,38.75,1.0,42,San José State,38.75,42,26,16,USC,True,11.412972024864143,San José State,Win,Win
pre_game,Scientific roster (market-free F0–F6),0,1,401864494,Sat 3:00 PM,San José State,USC,scientific_F1_M5,neural,F1,26.61935043334961,0.8700478804652583,USC,26.619,San José State +38.75,12.131,USC,23.94,San José State +38.75,14.81,2026,1,2026-08-29T19:00:00.000Z,False,False,regular,-38.75,2026,1,401864494,margin,/groups/bsavoie2/tburton2/TDNet/publication_artifacts/scientific_roster_refits/f0_f8_margin_through_2025_v1/cells/F1/M5/checkpoint.pkl,6c253ec4aadc5ed51e9904b1a244a90f8792cd0b73e3d94d9e038a331e786a79,11,11,0.7400957609305165,2026-08-28T19:34:02.122997+00:00,0.8403,-38.75,San José State,38.75,1.0,42,San José State,38.75,42,26,16,USC,True,10.61935043334961,San José State,Win,Win
pre_game,Scientific roster (market-free F0–F6),0,1,401864494,Sat 3:00 PM,San José State,USC,scientific_F2_M1,linear,F2,26.957866945526742,0.8727573778210905,USC,26.958,San José State +38.75,11.792,USC,23.94,San José State +38.75,14.81,2026,1,2026-08-29T19:00:00.000Z,False,False,regular,-38.75,2026,1,401864494,margin,/groups/bsavoie2/tburton2/TDNet/publication_artifacts/scientific_roster_refits/f0_f8_margin_through_2025_v1/cells/F2/M1/checkpoint.pkl,0dc099ef612b0b493bded42b1f5f2ec58fb5b35d4589a2d88c26019fc903a737,13,13,0.7455147556421811,2026-08-28T19:34:02.122997+00:00,0.8403,-38.75,San José State,38.75,1.0,42,San José State,38.75,42,26,16,USC,True,10.957866945526742,San José State,Win,Win
pre_game,Scientific roster (market-free F0–F6),0,1,401864494,Sat 3:00 PM,San José State,USC,scientific_F2_M10,knn,F2,12.142300420585164,0.7041850679297723,USC,12.142,San José State +38.75,26.608,USC,23.94,San José State +38.75,14.81,2026,1,2026-08-29T19:00:00.000Z,False,False,regular,-38.75,2026,1,401864494,margin,/groups/bsavoie2/tburton2/TDNet/publication_artifacts/scientific_roster_refits/f0_f8_margin_through_2025_v1/cells/F2/M10/checkpoint.pkl,58ed41000abb0223c020a00119461f748ef991ffa3dbc1efd1df26ba4b05d96e,18,18,0.4083701358595446,2026-08-28T19:34:02.122997+00:00,0.8403,-38.75,San José State,38.75,1.0,42,San José State,38.75,42,26,16,USC,True,3.8576995794148363,San José State,Win,Win
pre_game,Scientific roster (market-free F0–F6),0,1,401864494,Sat 3:00 PM,San José State,USC,scientific_F2_M2,spline,F2,28.945163225125995,0.8877051510724084,USC,28.945,San José State +38.75,9.805,USC,23.94,San José State +38.75,14.81,2026,1,2026-08-29T19:00:00.000Z,False,False,regular,-38.75,2026,1,401864494,margin,/groups/bsavoie2/tburton2/TDNet/publication_artifacts/scientific_roster_refits/f0_f8_margin_through_2025_v1/cells/F2/M2/checkpoint.pkl,7b3c33a92fae9994535095f83a468d5514e3d9fdf72e2e90993442e8a4c99329,14,14,0.7754103021448169,2026-08-28T19:34:02.122997+00:00,0.8403,-38.75,San José State,38.75,1.0,42,San José State,38.75,42,26,16,USC,True,12.945163225125995,San José State,Win,Win
pre_game,Scientific roster (market-free F0–F6),0,1,401864494,Sat 3:00 PM,San José State,USC,scientific_F2_M3,tree,F2,23.52563677248677,0.842957838153095,USC,23.526,San José State +38.75,15.224,USC,23.94,San José State +38.75,14.81,2026,1,2026-08-29T19:00:00.000Z,False,False,regular,-38.75,2026,1,401864494,margin,/groups/bsavoie2/tburton2/TDNet/publication_artifacts/scientific_roster_refits/f0_f8_margin_through_2025_v1/cells/F2/M3/checkpoint.pkl,4d047265757142db6ad68cd76fb4cafba2cd34453f11f972f83ef29fe83f97a8,15,15,0.68591567630619,2026-08-28T19:34:02.122997+00:00,0.8403,-38.75,San José State,38.75,1.0,42,San José State,38.75,42,26,16,USC,True,7.52563677248677,San José State,Win,Win
pre_game,Scientific roster (market-free F0–F6),0,1,401864494,Sat 3:00 PM,San José State,USC,scientific_F2_M4,boosted,F2,25.918494674462508,0.86428213457924,USC,25.918,San José State +38.75,12.832,USC,23.94,San José State +38.75,14.81,2026,1,2026-08-29T19:00:00.000Z,False,False,regular,-38.75,2026,1,401864494,margin,/groups/bsavoie2/tburton2/TDNet/publication_artifacts/scientific_roster_refits/f0_f8_margin_through_2025_v1/cells/F2/M4/checkpoint.pkl,a0eadb4cea94836b3ade844d07239c990f356552dc0c69793093274ad8afa8c1,16,16,0.7285642691584799,2026-08-28T19:34:02.122997+00:00,0.8403,-38.75,San José State,38.75,1.0,42,San José State,38.75,42,26,16,USC,True,9.918494674462508,San José State,Win,Win
pre_game,Scientific roster (market-free F0–F6),0,1,401864494,Sat 3:00 PM,San José State,USC,scientific_F2_M5,neural,F2,27.08727264404297,0.8737803283609321,USC,27.087,San José State +38.75,11.663,USC,23.94,San José State +38.75,14.81,2026,1,2026-08-29T19:00:00.000Z,False,False,regular,-38.75,2026,1,401864494,margin,/groups/bsavoie2/tburton2/TDNet/publication_artifacts/scientific_roster_refits/f0_f8_margin_through_2025_v1/cells/F2/M5/checkpoint.pkl,391e1dd75e342bb0cd1e66b6178918b76670583a8f2ed306044cac4d48738f24,17,17,0.7475606567218642,2026-08-28T19:34:02.122997+00:00,0.8403,-38.75,San José State,38.75,1.0,42,San José State,38.75,42,26,16,USC,True,11.087272644042969,San José State,Win,Win
pre_game,Scientific roster (market-free F0–F6),0,1,401864494,Sat 3:00 PM,San José State,USC,scientific_F3_M1,linear,F3,23.07190880748237,0.8386196799213841,USC,23.072,San José State +38.75,15.678,USC,23.94,San José State +38.75,14.81,2026,1,2026-08-29T19:00:00.000Z,False,False,regular,-38.75,2026,1,401864494,margin,/groups/bsavoie2/tburton2/TDNet/publication_artifacts/scientific_roster_refits/f0_f8_margin_through_2025_v1/cells/F3/M1/checkpoint.pkl,fcec1890921aaae1e705ec31c93bd07e779a520e874f9ebceb562185ac567097,19,19,0.6772393598427682,2026-08-28T19:34:02.122997+00:00,0.8403,-38.75,San José State,38.75,1.0,42,San José State,38.75,42,26,16,USC,True,7.0719088074823695,San José State,Win,Win
pre_game,Scientific roster (market-free F0–F6),0,1,401864494,Sat 3:00 PM,San José State,USC,scientific_F3_M10,knn,F3,20.3049063040215,0.8100523627648336,USC,20.305,San José State +38.75,18.445,USC,23.94,San José State +38.75,14.81,2026,1,2026-08-29T19:00:00.000Z,False,False,regular,-38.75,2026,1,401864494,margin,/groups/bsavoie2/tburton2/TDNet/publication_artifacts/scientific_roster_refits/f0_f8_margin_through_2025_v1/cells/F3/M10/checkpoint.pkl,ceb577b58fc9ac4669e026a9a0a50a60f06535cdf9624540a567dbecb6ad817d,24,24,0.6201047255296672,2026-08-28T19:34:02.122997+00:00,0.8403,-38.75,San José State,38.75,1.0,42,San José State,38.75,42,26,16,USC,True,4.3049063040215,San José State,Win,Win
pre_game,Scientific roster (market-free F0–F6),0,1,401864494,Sat 3:00 PM,San José State,USC,scientific_F3_M2,spline,F3,23.2496256120554,0.8403302760306987,USC,23.25,San José State +38.75,15.5,USC,23.94,San José State +38.75,14.81,2026,1,2026-08-29T19:00:00.000Z,False,False,regular,-38.75,2026,1,401864494,margin,/groups/bsavoie2/tburton2/TDNet/publication_artifacts/scientific_roster_refits/f0_f8_margin_through_2025_v1/cells/F3/M2/checkpoint.pkl,f36e6608055d3601c0cb151657e2123369fbb5a3e217257ffefe5a8c54731dd8,20,20,0.6806605520613973,2026-08-28T19:34:02.122997+00:00,0.8403,-38.75,San José State,38.75,1.0,42,San José State,38.75,42,26,16,USC,True,7.2496256120554,San José State,Win,Win
pre_game,Scientific roster (market-free F0–F6),0,1,401864494,Sat 3:00 PM,San José State,USC,scientific_F3_M3,tree,F3,20.64990109430577,0.8138151016580862,USC,20.65,San José State +38.75,18.1,USC,23.94,San José State +38.75,14.81,2026,1,2026-08-29T19:00:00.000Z,False,False,regular,-38.75,2026,1,401864494,margin,/groups/bsavoie2/tburton2/TDNet/publication_artifacts/scientific_roster_refits/f0_f8_margin_through_2025_v1/cells/F3/M3/checkpoint.pkl,e0f6118c8005d407eb61d00ecac92260c8bf03bb6fa032475509cc7134626f4e,21,21,0.6276302033161725,2026-08-28T19:34:02.122997+00:00,0.8403,-38.75,San José State,38.75,1.0,42,San José State,38.75,42,26,16,USC,True,4.649901094305768,San José State,Win,Win
pre_game,Scientific roster (market-free F0–F6),0,1,401864494,Sat 3:00 PM,San José State,USC,scientific_F3_M4,boosted,F3,24.13215182167095,0.8486080346300435,USC,24.132,San José State +38.75,14.618,USC,23.94,San José State +38.75,14.81,2026,1,2026-08-29T19:00:00.000Z,False,False,regular,-38.75,2026,1,401864494,margin,/groups/bsavoie2/tburton2/TDNet/publication_artifacts/scientific_roster_refits/f0_f8_margin_through_2025_v1/cells/F3/M4/checkpoint.pkl,a15efa59a4e377aec28d2a2563ec10d04c5dda2e1fbe264dce56178a75ab1b06,22,22,0.6972160692600871,2026-08-28T19:34:02.122997+00:00,0.8403,-38.75,San José State,38.75,1.0,42,San José State,38.75,42,26,16,USC,True,8.132151821670949,San José State,Win,Win
pre_game,Scientific roster (market-free F0–F6),0,1,401864494,Sat 3:00 PM,San José State,USC,scientific_F3_M5,neural,F3,29.680156707763672,0.8928330005288145,USC,29.68,San José State +38.75,9.07,USC,23.94,San José State +38.75,14.81,2026,1,2026-08-29T19:00:00.000Z,False,False,regular,-38.75,2026,1,401864494,margin,/groups/bsavoie2/tburton2/TDNet/publication_artifacts/scientific_roster_refits/f0_f8_margin_through_2025_v1/cells/F3/M5/checkpoint.pkl,7e365cdb1488185cb7075ddeb20eaab5ded63fc4829150b96f1952483bf72e3c,23,23,0.7856660010576291,2026-08-28T19:34:02.122997+00:00,0.8403,-38.75,San José State,38.75,1.0,42,San José State,38.75,42,26,16,USC,True,13.680156707763672,San José State,Win,Win
pre_game,Scientific roster (market-free F0–F6),0,1,401864494,Sat 3:00 PM,San José State,USC,scientific_F4_M1,linear,F4,28.42983976910149,0.8839831785578122,USC,28.43,San José State +38.75,10.32,USC,23.94,San José State +38.75,14.81,2026,1,2026-08-29T19:00:00.000Z,False,False,regular,-38.75,2026,1,401864494,margin,/groups/bsavoie2/tburton2/TDNet/publication_artifacts/scientific_roster_refits/f0_f8_margin_through_2025_v1/cells/F4/M1/checkpoint.pkl,5e1f22b2fba89c54267ce85ddc65d6941a63a040527f86d4c1e518e5a004467a,25,25,0.7679663571156243,2026-08-28T19:34:02.122997+00:00,0.8403,-38.75,San José State,38.75,1.0,42,San José State,38.75,42,26,16,USC,True,12.429839769101491,San José State,Win,Win
pre_game,Scientific roster (market-free F0–F6),0,1,401864494,Sat 3:00 PM,San José State,USC,scientific_F4_M10,knn,F4,16.17096770069773,0.760435594303316,USC,16.171,San José State +38.75,22.579,USC,23.94,San José State +38.75,14.81,2026,1,2026-08-29T19:00:00.000Z,False,False,regular,-38.75,2026,1,401864494,margin,/groups/bsavoie2/tburton2/TDNet/publication_artifacts/scientific_roster_refits/f0_f8_margin_through_2025_v1/cells/F4/M10/checkpoint.pkl,3506cc48b80ce8af9588d310557a7085180676d9c57cc1efb7977735ead804d7,30,30,0.520871188606632,2026-08-28T19:34:02.122997+00:00,0.8403,-38.75,San José State,38.75,1.0,42,San José State,38.75,42,26,16,USC,True,0.17096770069773015,San José State,Win,Win
pre_game,Scientific roster (market-free F0–F6),0,1,401864494,Sat 3:00 PM,San José State,USC,scientific_F4_M2,spline,F4,30.0,0.8949994149797352,USC,30.0,San José State +38.75,8.75,USC,23.94,San José State +38.75,14.81,2026,1,2026-08-29T19:00:00.000Z,False,False,regular,-38.75,2026,1,401864494,margin,/groups/bsavoie2/tburton2/TDNet/publication_artifacts/scientific_roster_refits/f0_f8_margin_through_2025_v1/cells/F4/M2/checkpoint.pkl,29ce994bf944f848dfdce0a43acd8b21d8301dcb0895f03fe928313bd3e18c17,26,26,0.7899988299594705,2026-08-28T19:34:02.122997+00:00,0.8403,-38.75,San José State,38.75,1.0,42,San José State,38.75,42,26,16,USC,True,14.0,San José State,Win,Win
pre_game,Scientific roster (market-free F0–F6),0,1,401864494,Sat 3:00 PM,San José State,USC,scientific_F4_M3,tree,F4,21.39283738516369,0.82172226436357,USC,21.393,San José State +38.75,17.357,USC,23.94,San José State +38.75,14.81,2026,1,2026-08-29T19:00:00.000Z,False,False,regular,-38.75,2026,1,401864494,margin,/groups/bsavoie2/tburton2/TDNet/publication_artifacts/scientific_roster_refits/f0_f8_margin_through_2025_v1/cells/F4/M3/checkpoint.pkl,941e0b9cf5dca9bf3bfa4f6a0079cd6bcfdf580593d4979393c794e4774101d8,27,27,0.64344452872714,2026-08-28T19:34:02.122997+00:00,0.8403,-38.75,San José State,38.75,1.0,42,San José State,38.75,42,26,16,USC,True,5.392837385163691,San José State,Win,Win
pre_game,Scientific roster (market-free F0–F6),0,1,401864494,Sat 3:00 PM,San José State,USC,scientific_F4_M4,boosted,F4,24.52151720706223,0.8521465506007813,USC,24.522,San José State +38.75,14.228,USC,23.94,San José State +38.75,14.81,2026,1,2026-08-29T19:00:00.000Z,False,False,regular,-38.75,2026,1,401864494,margin,/groups/bsavoie2/tburton2/TDNet/publication_artifacts/scientific_roster_refits/f0_f8_margin_through_2025_v1/cells/F4/M4/checkpoint.pkl,5c735ec5a2cef35758da96c6fe465c25721aa40884a5144f9a0a05d16a324a07,28,28,0.7042931012015625,2026-08-28T19:34:02.122997+00:00,0.8403,-38.75,San José State,38.75,1.0,42,San José State,38.75,42,26,16,USC,True,8.521517207062232,San José State,Win,Win
pre_game,Scientific roster (market-free F0–F6),0,1,401864494,Sat 3:00 PM,San José State,USC,scientific_F4_M5,neural,F4,30.0,0.9582599831844932,USC,30.0,San José State +38.75,8.75,USC,23.94,San José State +38.75,14.81,2026,1,2026-08-29T19:00:00.000Z,False,False,regular,-38.75,2026,1,401864494,margin,/groups/bsavoie2/tburton2/TDNet/publication_artifacts/scientific_roster_refits/f0_f8_margin_through_2025_v1/cells/F4/M5/checkpoint.pkl,af90514c860951f28aea6b1acd588894aab8d4822e29ffbc548337c5d213ed91,29,29,0.9165199663689862,2026-08-28T19:34:02.122997+00:00,0.8403,-38.75,San José State,38.75,1.0,42,San José State,38.75,42,26,16,USC,True,14.0,San José State,Win,Win
pre_game,Scientific roster (market-free F0–F6),0,1,401864494,Sat 3:00 PM,San José State,USC,scientific_F5_M1,linear,F5,27.35193052946103,0.9891701757063444,USC,27.352,San José State +38.75,11.398,USC,23.94,San José State +38.75,14.81,2026,1,2026-08-29T19:00:00.000Z,False,False,regular,-38.75,2026,1,401864494,margin,/groups/bsavoie2/tburton2/TDNet/publication_artifacts/scientific_roster_refits/f0_f8_margin_through_2025_v1/cells/F5/M1/checkpoint.pkl,9ac8b1110596206294dcb94ca99f78d5515f26e8c83db988ea842f703dc2a889,31,31,0.9783403514126888,2026-08-28T19:34:02.122997+00:00,0.8403,-38.75,San José State,38.75,1.0,42,San José State,38.75,42,26,16,USC,True,11.351930529461029,San José State,Win,Win
pre_game,Scientific roster (market-free F0–F6),0,1,401864494,Sat 3:00 PM,San José State,USC,scientific_F5_M10,knn,F5,17.05,0.6630091578176784,USC,17.05,San José State +38.75,21.7,USC,23.94,San José State +38.75,14.81,2026,1,2026-08-29T19:00:00.000Z,False,False,regular,-38.75,2026,1,401864494,margin,/groups/bsavoie2/tburton2/TDNet/publication_artifacts/scientific_roster_refits/f0_f8_margin_through_2025_v1/cells/F5/M10/checkpoint.pkl,99fc835a1cc88df16ccb35c5272ca4691bcc4f25eae45bdc2c6c28ce3a121da9,36,36,0.3260183156353569,2026-08-28T19:34:02.122997+00:00,0.8403,-38.75,San José State,38.75,1.0,42,San José State,38.75,42,26,16,USC,True,1.0500000000000007,San José State,Win,Win
pre_game,Scientific roster (market-free F0–F6),0,1,401864494,Sat 3:00 PM,San José State,USC,scientific_F5_M2,spline,F5,23.22385875043775,0.7386204622724962,USC,23.224,San José State +38.75,15.526,USC,23.94,San José State +38.75,14.81,2026,1,2026-08-29T19:00:00.000Z,False,False,regular,-38.75,2026,1,401864494,margin,/groups/bsavoie2/tburton2/TDNet/publication_artifacts/scientific_roster_refits/f0_f8_margin_through_2025_v1/cells/F5/M2/checkpoint.pkl,c688a874265ec3654c4b75991b59977e9fcec094af505e34a2e5dccca015955d,32,32,0.4772409245449924,2026-08-28T19:34:02.122997+00:00,0.8403,-38.75,San José State,38.75,1.0,42,San José State,38.75,42,26,16,USC,True,7.223858750437749,San José State,Win,Win
pre_game,Scientific roster (market-free F0–F6),0,1,401864494,Sat 3:00 PM,San José State,USC,scientific_F5_M3,tree,F5,24.29615884121587,0.8501069234856226,USC,24.296,San José State +38.75,14.454,USC,23.94,San José State +38.75,14.81,2026,1,2026-08-29T19:00:00.000Z,False,False,regular,-38.75,2026,1,401864494,margin,/groups/bsavoie2/tburton2/TDNet/publication_artifacts/scientific_roster_refits/f0_f8_margin_through_2025_v1/cells/F5/M3/checkpoint.pkl,5fd2b7b8a81f05acb3b0f169b641580185fa0b954897f332c458a9971eee26d9,33,33,0.7002138469712451,2026-08-28T19:34:02.122997+00:00,0.8403,-38.75,San José State,38.75,1.0,42,San José State,38.75,42,26,16,USC,True,8.29615884121587,San José State,Win,Win
pre_game,Scientific roster (market-free F0–F6),0,1,401864494,Sat 3:00 PM,San José State,USC,scientific_F5_M4,boosted,F5,26.199225532413237,0.8666170942521882,USC,26.199,San José State +38.75,12.551,USC,23.94,San José State +38.75,14.81,2026,1,2026-08-29T19:00:00.000Z,False,False,regular,-38.75,2026,1,401864494,margin,/groups/bsavoie2/tburton2/TDNet/publication_artifacts/scientific_roster_refits/f0_f8_margin_through_2025_v1/cells/F5/M4/checkpoint.pkl,797dfb35969984928095b6a6570cab555c85a25ae60f4cd1f063f07276c1a190,34,34,0.7332341885043765,2026-08-28T19:34:02.122997+00:00,0.8403,-38.75,San José State,38.75,1.0,42,San José State,38.75,42,26,16,USC,True,10.199225532413237,San José State,Win,Win
pre_game,Scientific roster (market-free F0–F6),0,1,401864494,Sat 3:00 PM,San José State,USC,scientific_F5_M5,neural,F5,30.0,0.9521344706961375,USC,30.0,San José State +38.75,8.75,USC,23.94,San José State +38.75,14.81,2026,1,2026-08-29T19:00:00.000Z,False,False,regular,-38.75,2026,1,401864494,margin,/groups/bsavoie2/tburton2/TDNet/publication_artifacts/scientific_roster_refits/f0_f8_margin_through_2025_v1/cells/F5/M5/checkpoint.pkl,f5dae4b232221142b63cb90f233fc1f90bdca7af9c7fd07935daa1dd0bba698a,35,35,0.9042689413922752,2026-08-28T19:34:02.122997+00:00,0.8403,-38.75,San José State,38.75,1.0,42,San José State,38.75,42,26,16,USC,True,14.0,San José State,Win,Win
pre_game,Scientific roster (market-free F0–F6),0,1,401864494,Sat 3:00 PM,San José State,USC,scientific_F6_M1,linear,F6,28.69784774703741,0.99130877703923,USC,28.698,San José State +38.75,10.052,USC,23.94,San José State +38.75,14.81,2026,1,2026-08-29T19:00:00.000Z,False,False,regular,-38.75,2026,1,401864494,margin,/groups/bsavoie2/tburton2/TDNet/publication_artifacts/scientific_roster_refits/f0_f8_margin_through_2025_v1/cells/F6/M1/checkpoint.pkl,3401ea2a804ae7e8cd2a86f9aae755290a10f6de78218adc9109ba366e081f49,37,37,0.98261755407846,2026-08-28T19:34:02.122997+00:00,0.8403,-38.75,San José State,38.75,1.0,42,San José State,38.75,42,26,16,USC,True,12.697847747037411,San José State,Win,Win
pre_game,Scientific roster (market-free F0–F6),0,1,401864494,Sat 3:00 PM,San José State,USC,scientific_F6_M10,knn,F6,13.2,0.6474405560928775,USC,13.2,San José State +38.75,25.55,USC,23.94,San José State +38.75,14.81,2026,1,2026-08-29T19:00:00.000Z,False,False,regular,-38.75,2026,1,401864494,margin,/groups/bsavoie2/tburton2/TDNet/publication_artifacts/scientific_roster_refits/f0_f8_margin_through_2025_v1/cells/F6/M10/checkpoint.pkl,a0062711632f89118ee18330188f9e8a7131b72349016765ad9fe5e5bf4cc65e,42,42,0.2948811121857551,2026-08-28T19:34:02.122997+00:00,0.8403,-38.75,San José State,38.75,1.0,42,San José State,38.75,42,26,16,USC,True,2.8000000000000007,San José State,Win,Win
pre_game,Scientific roster (market-free F0–F6),0,1,401864494,Sat 3:00 PM,San José State,USC,scientific_F6_M2,spline,F6,26.973562643897274,0.7696854871859963,USC,26.974,San José State +38.75,11.776,USC,23.94,San José State +38.75,14.81,2026,1,2026-08-29T19:00:00.000Z,False,False,regular,-38.75,2026,1,401864494,margin,/groups/bsavoie2/tburton2/TDNet/publication_artifacts/scientific_roster_refits/f0_f8_margin_through_2025_v1/cells/F6/M2/checkpoint.pkl,f448804ac7906a628c9b1b0b6b1495b72b75da4819fff2b5bcc84f5a31c24737,38,38,0.5393709743719926,2026-08-28T19:34:02.122997+00:00,0.8403,-38.75,San José State,38.75,1.0,42,San José State,38.75,42,26,16,USC,True,10.973562643897274,San José State,Win,Win
pre_game,Scientific roster (market-free F0–F6),0,1,401864494,Sat 3:00 PM,San José State,USC,scientific_F6_M3,tree,F6,22.44452758194208,0.8324624403878549,USC,22.445,San José State +38.75,16.305,USC,23.94,San José State +38.75,14.81,2026,1,2026-08-29T19:00:00.000Z,False,False,regular,-38.75,2026,1,401864494,margin,/groups/bsavoie2/tburton2/TDNet/publication_artifacts/scientific_roster_refits/f0_f8_margin_through_2025_v1/cells/F6/M3/checkpoint.pkl,e9613c967a6a92a1c8389cc0be9e00d0bd5a64b170cfdd514f3fcfde96290059,39,39,0.6649248807757098,2026-08-28T19:34:02.122997+00:00,0.8403,-38.75,San José State,38.75,1.0,42,San José State,38.75,42,26,16,USC,True,6.444527581942079,San José State,Win,Win
pre_game,Scientific roster (market-free F0–F6),0,1,401864494,Sat 3:00 PM,San José State,USC,scientific_F6_M4,boosted,F6,25.3143396115486,0.8591402076087242,USC,25.314,San José State +38.75,13.436,USC,23.94,San José State +38.75,14.81,2026,1,2026-08-29T19:00:00.000Z,False,False,regular,-38.75,2026,1,401864494,margin,/groups/bsavoie2/tburton2/TDNet/publication_artifacts/scientific_roster_refits/f0_f8_margin_through_2025_v1/cells/F6/M4/checkpoint.pkl,f02fc6dedb9083e88f65c74d032ea06df3285dbf84b6fad10c55d268c87332d7,40,40,0.7182804152174485,2026-08-28T19:34:02.122997+00:00,0.8403,-38.75,San José State,38.75,1.0,42,San José State,38.75,42,26,16,USC,True,9.3143396115486,San José State,Win,Win
pre_game,Scientific roster (market-free F0–F6),0,1,401864494,Sat 3:00 PM,San José State,USC,scientific_F6_M5,neural,F6,24.51224899291992,0.8520631219890776,USC,24.512,San José State +38.75,14.238,USC,23.94,San José State +38.75,14.81,2026,1,2026-08-29T19:00:00.000Z,False,False,regular,-38.75,2026,1,401864494,margin,/groups/bsavoie2/tburton2/TDNet/publication_artifacts/scientific_roster_refits/f0_f8_margin_through_2025_v1/cells/F6/M5/checkpoint.pkl,0bdacc7417d2444620f844f32f12743c7b4c12d6539e962892539fe191acf35d,41,41,0.7041262439781553,2026-08-28T19:34:02.122997+00:00,0.8403,-38.75,San José State,38.75,1.0,42,San José State,38.75,42,26,16,USC,True,8.512248992919918,San José State,Win,Win
pre_game,Scientific roster (market-free F0–F6),0,1,401858202,Sat 3:30 PM,NC State,Virginia,scientific_F0_M1,linear,F0,0.6301446238058879,0.5112506832075332,Virginia,0.63,NC State +4,3.37,Virginia,3.5,NC State +4,0.5,2026,1,2026-08-29T19:30:00.000Z,False,True,regular,-4.0,2026,1,401858202,margin,/groups/bsavoie2/tburton2/TDNet/publication_artifacts/scientific_roster_refits/f0_f8_margin_through_2025_v1/cells/F0/M1/checkpoint.pkl,3004e951de040158ab253160a1e5faebc99073441fb5f3eb0322a6bdf211b863,1,1,0.0225013664150663,2026-08-28T19:34:02.122997+00:00,0.5619,-4.0,NC State,4.0,0.8333,42,NC State,4.0,34,8,26,Virginia,True,25.369855376194113,Virginia,Loss,Loss
pre_game,Scientific roster (market-free F0–F6),0,1,401858202,Sat 3:30 PM,NC State,Virginia,scientific_F0_M10,knn,F0,0.4040495591045525,0.507214669923578,Virginia,0.404,NC State +4,3.596,Virginia,3.5,NC State +4,0.5,2026,1,2026-08-29T19:30:00.000Z,False,True,regular,-4.0,2026,1,401858202,margin,/groups/bsavoie2/tburton2/TDNet/publication_artifacts/scientific_roster_refits/f0_f8_margin_through_2025_v1/cells/F0/M10/checkpoint.pkl,b72148b78493a060d1e5be6746b97d7061aabc8de152a7dbd2609c57c966e170,6,6,0.0144293398471559,2026-08-28T19:34:02.122997+00:00,0.5619,-4.0,NC State,4.0,0.8333,42,NC State,4.0,34,8,26,Virginia,True,25.595950440895447,Virginia,Loss,Loss
pre_game,Scientific roster (market-free F0–F6),0,1,401858202,Sat 3:30 PM,NC State,Virginia,scientific_F0_M2,spline,F0,0.3495880629248482,0.5062423196282176,Virginia,0.35,NC State +4,3.65,Virginia,3.5,NC State +4,0.5,2026,1,2026-08-29T19:30:00.000Z,False,True,regular,-4.0,2026,1,401858202,margin,/groups/bsavoie2/tburton2/TDNet/publication_artifacts/scientific_roster_refits/f0_f8_margin_through_2025_v1/cells/F0/M2/checkpoint.pkl,faa0aa500ef3a49204415f776e055580b8b2192d373428f5c322465c4b6b53a5,2,2,0.0124846392564352,2026-08-28T19:34:02.122997+00:00,0.5619,-4.0,NC State,4.0,0.8333,42,NC State,4.0,34,8,26,Virginia,True,25.65041193707515,Virginia,Loss,Loss
pre_game,Scientific roster (market-free F0–F6),0,1,401858202,Sat 3:30 PM,NC State,Virginia,scientific_F0_M3,tree,F0,-8.667211291486293,0.3499892365021527,NC State,8.667,NC State +4,12.667,Virginia,3.5,NC State +4,0.5,2026,1,2026-08-29T19:30:00.000Z,False,True,regular,-4.0,2026,1,401858202,margin,/groups/bsavoie2/tburton2/TDNet/publication_artifacts/scientific_roster_refits/f0_f8_margin_through_2025_v1/cells/F0/M3/checkpoint.pkl,358ba183dfb2490fa300be4658b19950aed0049b8ea4fce0bdd7cd13ceb41d21,3,3,0.3000215269956946,2026-08-28T19:34:02.122997+00:00,0.5619,-4.0,NC State,4.0,0.8333,42,NC State,4.0,34,8,26,Virginia,False,34.667211291486296,Virginia,Loss,Loss
pre_game,Scientific roster (market-free F0–F6),0,1,401858202,Sat 3:30 PM,NC State,Virginia,scientific_F0_M4,boosted,F0,-0.3719874613019289,0.49335775753938,NC State,0.372,NC State +4,4.372,Virginia,3.5,NC State +4,0.5,2026,1,2026-08-29T19:30:00.000Z,False,True,regular,-4.0,2026,1,401858202,margin,/groups/bsavoie2/tburton2/TDNet/publication_artifacts/scientific_roster_refits/f0_f8_margin_through_2025_v1/cells/F0/M4/checkpoint.pkl,536856580617cdb0017463eadedb4239f7f52f3b6e217f92307fc64664dda481,4,4,0.0132844849212399,2026-08-28T19:34:02.122997+00:00,0.5619,-4.0,NC State,4.0,0.8333,42,NC State,4.0,34,8,26,Virginia,False,26.371987461301927,Virginia,Loss,Loss
pre_game,Scientific roster (market-free F0–F6),0,1,401858202,Sat 3:30 PM,NC State,Virginia,scientific_F0_M5,neural,F0,-0.9817048907279968,0.4824767351851854,NC State,0.982,NC State +4,4.982,Virginia,3.5,NC State +4,0.5,2026,1,2026-08-29T19:30:00.000Z,False,True,regular,-4.0,2026,1,401858202,margin,/groups/bsavoie2/tburton2/TDNet/publication_artifacts/scientific_roster_refits/f0_f8_margin_through_2025_v1/cells/F0/M5/checkpoint.pkl,b5c22a3c584ee4be901802a4cd0a8d35a35b0464f5fefaac5132089a925dc1af,5,5,0.035046529629629,2026-08-28T19:34:02.122997+00:00,0.5619,-4.0,NC State,4.0,0.8333,42,NC State,4.0,34,8,26,Virginia,False,26.981704890727997,Virginia,Loss,Loss
pre_game,Scientific roster (market-free F0–F6),0,1,401858202,Sat 3:30 PM,NC State,Virginia,scientific_F1_M1,linear,F1,6.595799736048288,0.6156508348439633,Virginia,6.596,Virginia -4,2.596,Virginia,3.5,NC State +4,0.5,2026,1,2026-08-29T19:30:00.000Z,False,True,regular,-4.0,2026,1,401858202,margin,/groups/bsavoie2/tburton2/TDNet/publication_artifacts/scientific_roster_refits/f0_f8_margin_through_2025_v1/cells/F1/M1/checkpoint.pkl,de123537a22f9ab809539f81b9b90e376311fd3703d871f3eebb0d5a5a6b0167,7,7,0.2313016696879266,2026-08-28T19:34:02.122997+00:00,0.5619,-4.0,NC State,4.0,0.8333,42,Virginia,-4.0,34,8,26,Virginia,True,19.40420026395171,Virginia,Win,Loss
pre_game,Scientific roster (market-free F0–F6),0,1,401858202,Sat 3:30 PM,NC State,Virginia,scientific_F1_M10,knn,F1,19.102419644233965,0.7964833727840267,Virginia,19.102,Virginia -4,15.102,Virginia,3.5,NC State +4,0.5,2026,1,2026-08-29T19:30:00.000Z,False,True,regular,-4.0,2026,1,401858202,margin,/groups/bsavoie2/tburton2/TDNet/publication_artifacts/scientific_roster_refits/f0_f8_margin_through_2025_v1/cells/F1/M10/checkpoint.pkl,3d72b6bd97123eaa76a67c2debf38d1b23388a3605a981b3b121263f2c1deed8,12,12,0.5929667455680534,2026-08-28T19:34:02.122997+00:00,0.5619,-4.0,NC State,4.0,0.8333,42,Virginia,-4.0,34,8,26,Virginia,True,6.897580355766035,Virginia,Win,Loss
pre_game,Scientific roster (market-free F0–F6),0,1,401858202,Sat 3:30 PM,NC State,Virginia,scientific_F1_M2,spline,F1,7.895994598753463,0.6373774678119731,Virginia,7.896,Virginia -4,3.896,Virginia,3.5,NC State +4,0.5,2026,1,2026-08-29T19:30:00.000Z,False,True,regular,-4.0,2026,1,401858202,margin,/groups/bsavoie2/tburton2/TDNet/publication_artifacts/scientific_roster_refits/f0_f8_margin_through_2025_v1/cells/F1/M2/checkpoint.pkl,dd67d778cca7ecca58d04c1c2f81380cf31f9dc37912ed12f772336ea65440b5,8,8,0.2747549356239462,2026-08-28T19:34:02.122997+00:00,0.5619,-4.0,NC State,4.0,0.8333,42,Virginia,-4.0,34,8,26,Virginia,True,18.10400540124654,Virginia,Win,Loss
pre_game,Scientific roster (market-free F0–F6),0,1,401858202,Sat 3:30 PM,NC State,Virginia,scientific_F1_M3,tree,F1,7.019248412698411,0.6227823802198124,Virginia,7.019,Virginia -4,3.019,Virginia,3.5,NC State +4,0.5,2026,1,2026-08-29T19:30:00.000Z,False,True,regular,-4.0,2026,1,401858202,margin,/groups/bsavoie2/tburton2/TDNet/publication_artifacts/scientific_roster_refits/f0_f8_margin_through_2025_v1/cells/F1/M3/checkpoint.pkl,074942f55a18152490c8f5fbb362670a65f282e328e391b3fbde67b83fe800f6,9,9,0.2455647604396247,2026-08-28T19:34:02.122997+00:00,0.5619,-4.0,NC State,4.0,0.8333,42,Virginia,-4.0,34,8,26,Virginia,True,18.98075158730159,Virginia,Win,Loss
pre_game,Scientific roster (market-free F0–F6),0,1,401858202,Sat 3:30 PM,NC State,Virginia,scientific_F1_M4,boosted,F1,6.56420946375818,0.6151167639473168,Virginia,6.564,Virginia -4,2.564,Virginia,3.5,NC State +4,0.5,2026,1,2026-08-29T19:30:00.000Z,False,True,regular,-4.0,2026,1,401858202,margin,/groups/bsavoie2/tburton2/TDNet/publication_artifacts/scientific_roster_refits/f0_f8_margin_through_2025_v1/cells/F1/M4/checkpoint.pkl,ee9fb6307319157df56a4e2240b2ffb96777bd551b5342aa88c214a3808a6416,10,10,0.2302335278946337,2026-08-28T19:34:02.122997+00:00,0.5619,-4.0,NC State,4.0,0.8333,42,Virginia,-4.0,34,8,26,Virginia,True,19.435790536241818,Virginia,Win,Loss
pre_game,Scientific roster (market-free F0–F6),0,1,401858202,Sat 3:30 PM,NC State,Virginia,scientific_F1_M5,neural,F1,11.788978576660156,0.698900981346185,Virginia,11.789,Virginia -4,7.789,Virginia,3.5,NC State +4,0.5,2026,1,2026-08-29T19:30:00.000Z,False,True,regular,-4.0,2026,1,401858202,margin,/groups/bsavoie2/tburton2/TDNet/publication_artifacts/scientific_roster_refits/f0_f8_margin_through_2025_v1/cells/F1/M5/checkpoint.pkl,6c253ec4aadc5ed51e9904b1a244a90f8792cd0b73e3d94d9e038a331e786a79,11,11,0.3978019626923699,2026-08-28T19:34:02.122997+00:00,0.5619,-4.0,NC State,4.0,0.8333,42,Virginia,-4.0,34,8,26,Virginia,True,14.211021423339844,Virginia,Win,Loss
pre_game,Scientific roster (market-free F0–F6),0,1,401858202,Sat 3:30 PM,NC State,Virginia,scientific_F2_M1,linear,F2,4.672820150437142,0.5826770895444735,Virginia,4.673,Virginia -4,0.673,Virginia,3.5,NC State +4,0.5,2026,1,2026-08-29T19:30:00.000Z,False,True,regular,-4.0,2026,1,401858202,margin,/groups/bsavoie2/tburton2/TDNet/publication_artifacts/scientific_roster_refits/f0_f8_margin_through_2025_v1/cells/F2/M1/checkpoint.pkl,0dc099ef612b0b493bded42b1f5f2ec58fb5b35d4589a2d88c26019fc903a737,13,13,0.165354179088947,2026-08-28T19:34:02.122997+00:00,0.5619,-4.0,NC State,4.0,0.8333,42,Virginia,-4.0,34,8,26,Virginia,True,21.32717984956286,Virginia,Win,Loss
pre_game,Scientific roster (market-free F0–F6),0,1,401858202,Sat 3:30 PM,NC State,Virginia,scientific_F2_M10,knn,F2,19.08189523926589,0.7962456297061695,Virginia,19.082,Virginia -4,15.082,Virginia,3.5,NC State +4,0.5,2026,1,2026-08-29T19:30:00.000Z,False,True,regular,-4.0,2026,1,401858202,margin,/groups/bsavoie2/tburton2/TDNet/publication_artifacts/scientific_roster_refits/f0_f8_margin_through_2025_v1/cells/F2/M10/checkpoint.pkl,58ed41000abb0223c020a00119461f748ef991ffa3dbc1efd1df26ba4b05d96e,18,18,0.592491259412339,2026-08-28T19:34:02.122997+00:00,0.5619,-4.0,NC State,4.0,0.8333,42,Virginia,-4.0,34,8,26,Virginia,True,6.91810476073411,Virginia,Win,Loss
pre_game,Scientific roster (market-free F0–F6),0,1,401858202,Sat 3:30 PM,NC State,Virginia,scientific_F2_M2,spline,F2,5.526631186272049,0.5974278938985598,Virginia,5.527,Virginia -4,1.527,Virginia,3.5,NC State +4,0.5,2026,1,2026-08-29T19:30:00.000Z,False,True,regular,-4.0,2026,1,401858202,margin,/groups/bsavoie2/tburton2/TDNet/publication_artifacts/scientific_roster_refits/f0_f8_margin_through_2025_v1/cells/F2/M2/checkpoint.pkl,7b3c33a92fae9994535095f83a468d5514e3d9fdf72e2e90993442e8a4c99329,14,14,0.1948557877971195,2026-08-28T19:34:02.122997+00:00,0.5619,-4.0,NC State,4.0,0.8333,42,Virginia,-4.0,34,8,26,Virginia,True,20.47336881372795,Virginia,Win,Loss
pre_game,Scientific roster (market-free F0–F6),0,1,401858202,Sat 3:30 PM,NC State,Virginia,scientific_F2_M3,tree,F2,7.4387412698412705,0.6297952795006826,Virginia,7.439,Virginia -4,3.439,Virginia,3.5,NC State +4,0.5,2026,1,2026-08-29T19:30:00.000Z,False,True,regular,-4.0,2026,1,401858202,margin,/groups/bsavoie2/tburton2/TDNet/publication_artifacts/scientific_roster_refits/f0_f8_margin_through_2025_v1/cells/F2/M3/checkpoint.pkl,4d047265757142db6ad68cd76fb4cafba2cd34453f11f972f83ef29fe83f97a8,15,15,0.2595905590013652,2026-08-28T19:34:02.122997+00:00,0.5619,-4.0,NC State,4.0,0.8333,42,Virginia,-4.0,34,8,26,Virginia,True,18.56125873015873,Virginia,Win,Loss
pre_game,Scientific roster (market-free F0–F6),0,1,401858202,Sat 3:30 PM,NC State,Virginia,scientific_F2_M4,boosted,F2,7.908212031434754,0.637579142466491,Virginia,7.908,Virginia -4,3.908,Virginia,3.5,NC State +4,0.5,2026,1,2026-08-29T19:30:00.000Z,False,True,regular,-4.0,2026,1,401858202,margin,/groups/bsavoie2/tburton2/TDNet/publication_artifacts/scientific_roster_refits/f0_f8_margin_through_2025_v1/cells/F2/M4/checkpoint.pkl,a0eadb4cea94836b3ade844d07239c990f356552dc0c69793093274ad8afa8c1,16,16,0.2751582849329819,2026-08-28T19:34:02.122997+00:00,0.5619,-4.0,NC State,4.0,0.8333,42,Virginia,-4.0,34,8,26,Virginia,True,18.091787968565246,Virginia,Win,Loss
pre_game,Scientific roster (market-free F0–F6),0,1,401858202,Sat 3:30 PM,NC State,Virginia,scientific_F2_M5,neural,F2,1.782038688659668,0.5317792228311257,Virginia,1.782,NC State +4,2.218,Virginia,3.5,NC State +4,0.5,2026,1,2026-08-29T19:30:00.000Z,False,True,regular,-4.0,2026,1,401858202,margin,/groups/bsavoie2/tburton2/TDNet/publication_artifacts/scientific_roster_refits/f0_f8_margin_through_2025_v1/cells/F2/M5/checkpoint.pkl,391e1dd75e342bb0cd1e66b6178918b76670583a8f2ed306044cac4d48738f24,17,17,0.0635584456622513,2026-08-28T19:34:02.122997+00:00,0.5619,-4.0,NC State,4.0,0.8333,42,NC State,4.0,34,8,26,Virginia,True,24.217961311340332,Virginia,Loss,Loss
pre_game,Scientific roster (market-free F0–F6),0,1,401858202,Sat 3:30 PM,NC State,Virginia,scientific_F3_M1,linear,F3,4.417497690213253,0.5782358476632803,Virginia,4.417,Virginia -4,0.417,Virginia,3.5,NC State +4,0.5,2026,1,2026-08-29T19:30:00.000Z,False,True,regular,-4.0,2026,1,401858202,margin,/groups/bsavoie2/tburton2/TDNet/publication_artifacts/scientific_roster_refits/f0_f8_margin_through_2025_v1/cells/F3/M1/checkpoint.pkl,fcec1890921aaae1e705ec31c93bd07e779a520e874f9ebceb562185ac567097,19,19,0.1564716953265605,2026-08-28T19:34:02.122997+00:00,0.5619,-4.0,NC State,4.0,0.8333,42,Virginia,-4.0,34,8,26,Virginia,True,21.582502309786747,Virginia,Win,Loss
pre_game,Scientific roster (market-free F0–F6),0,1,401858202,Sat 3:30 PM,NC State,Virginia,scientific_F3_M10,knn,F3,3.868327476020495,0.5686411206611334,Virginia,3.868,NC State +4,0.132,Virginia,3.5,NC State +4,0.5,2026,1,2026-08-29T19:30:00.000Z,False,True,regular,-4.0,2026,1,401858202,margin,/groups/bsavoie2/tburton2/TDNet/publication_artifacts/scientific_roster_refits/f0_f8_margin_through_2025_v1/cells/F3/M10/checkpoint.pkl,ceb577b58fc9ac4669e026a9a0a50a60f06535cdf9624540a567dbecb6ad817d,24,24,0.1372822413222667,2026-08-28T19:34:02.122997+00:00,0.5619,-4.0,NC State,4.0,0.8333,42,NC State,4.0,34,8,26,Virginia,True,22.131672523979503,Virginia,Loss,Loss
pre_game,Scientific roster (market-free F0–F6),0,1,401858202,Sat 3:30 PM,NC State,Virginia,scientific_F3_M2,spline,F3,6.047044198161014,0.6063348528818364,Virginia,6.047,Virginia -4,2.047,Virginia,3.5,NC State +4,0.5,2026,1,2026-08-29T19:30:00.000Z,False,True,regular,-4.0,2026,1,401858202,margin,/groups/bsavoie2/tburton2/TDNet/publication_artifacts/scientific_roster_refits/f0_f8_margin_through_2025_v1/cells/F3/M2/checkpoint.pkl,f36e6608055d3601c0cb151657e2123369fbb5a3e217257ffefe5a8c54731dd8,20,20,0.2126697057636728,2026-08-28T19:34:02.122997+00:00,0.5619,-4.0,NC State,4.0,0.8333,42,Virginia,-4.0,34,8,26,Virginia,True,19.952955801838986,Virginia,Win,Loss
pre_game,Scientific roster (market-free F0–F6),0,1,401858202,Sat 3:30 PM,NC State,Virginia,scientific_F3_M3,tree,F3,5.021155843277556,0.5887145636983433,Virginia,5.021,Virginia -4,1.021,Virginia,3.5,NC State +4,0.5,2026,1,2026-08-29T19:30:00.000Z,False,True,regular,-4.0,2026,1,401858202,margin,/groups/bsavoie2/tburton2/TDNet/publication_artifacts/scientific_roster_refits/f0_f8_margin_through_2025_v1/cells/F3/M3/checkpoint.pkl,e0f6118c8005d407eb61d00ecac92260c8bf03bb6fa032475509cc7134626f4e,21,21,0.1774291273966866,2026-08-28T19:34:02.122997+00:00,0.5619,-4.0,NC State,4.0,0.8333,42,Virginia,-4.0,34,8,26,Virginia,True,20.978844156722445,Virginia,Win,Loss
pre_game,Scientific roster (market-free F0–F6),0,1,401858202,Sat 3:30 PM,NC State,Virginia,scientific_F3_M4,boosted,F3,3.4192491431200853,0.5607563142110026,Virginia,3.419,NC State +4,0.581,Virginia,3.5,NC State +4,0.5,2026,1,2026-08-29T19:30:00.000Z,False,True,regular,-4.0,2026,1,401858202,margin,/groups/bsavoie2/tburton2/TDNet/publication_artifacts/scientific_roster_refits/f0_f8_margin_through_2025_v1/cells/F3/M4/checkpoint.pkl,a15efa59a4e377aec28d2a2563ec10d04c5dda2e1fbe264dce56178a75ab1b06,22,22,0.1215126284220051,2026-08-28T19:34:02.122997+00:00,0.5619,-4.0,NC State,4.0,0.8333,42,NC State,4.0,34,8,26,Virginia,True,22.580750856879916,Virginia,Loss,Loss
pre_game,Scientific roster (market-free F0–F6),0,1,401858202,Sat 3:30 PM,NC State,Virginia,scientific_F3_M5,neural,F3,3.5775039196014404,0.5635386254203828,Virginia,3.578,NC State +4,0.422,Virginia,3.5,NC State +4,0.5,2026,1,2026-08-29T19:30:00.000Z,False,True,regular,-4.0,2026,1,401858202,margin,/groups/bsavoie2/tburton2/TDNet/publication_artifacts/scientific_roster_refits/f0_f8_margin_through_2025_v1/cells/F3/M5/checkpoint.pkl,7e365cdb1488185cb7075ddeb20eaab5ded63fc4829150b96f1952483bf72e3c,23,23,0.1270772508407656,2026-08-28T19:34:02.122997+00:00,0.5619,-4.0,NC State,4.0,0.8333,42,NC State,4.0,34,8,26,Virginia,True,22.42249608039856,Virginia,Loss,Loss
pre_game,Scientific roster (market-free F0–F6),0,1,401858202,Sat 3:30 PM,NC State,Virginia,scientific_F4_M1,linear,F4,2.0009901222475754,0.5356712616420436,Virginia,2.001,NC State +4,1.999,Virginia,3.5,NC State +4,0.5,2026,1,2026-08-29T19:30:00.000Z,False,True,regular,-4.0,2026,1,401858202,margin,/groups/bsavoie2/tburton2/TDNet/publication_artifacts/scientific_roster_refits/f0_f8_margin_through_2025_v1/cells/F4/M1/checkpoint.pkl,5e1f22b2fba89c54267ce85ddc65d6941a63a040527f86d4c1e518e5a004467a,25,25,0.0713425232840871,2026-08-28T19:34:02.122997+00:00,0.5619,-4.0,NC State,4.0,0.8333,42,NC State,4.0,34,8,26,Virginia,True,23.999009877752425,Virginia,Loss,Loss
pre_game,Scientific roster (market-free F0–F6),0,1,401858202,Sat 3:30 PM,NC State,Virginia,scientific_F4_M10,knn,F4,-10.623735726327435,0.3188985443227897,NC State,10.624,NC State +4,14.624,Virginia,3.5,NC State +4,0.5,2026,1,2026-08-29T19:30:00.000Z,False,True,regular,-4.0,2026,1,401858202,margin,/groups/bsavoie2/tburton2/TDNet/publication_artifacts/scientific_roster_refits/f0_f8_margin_through_2025_v1/cells/F4/M10/checkpoint.pkl,3506cc48b80ce8af9588d310557a7085180676d9c57cc1efb7977735ead804d7,30,30,0.3622029113544205,2026-08-28T19:34:02.122997+00:00,0.5619,-4.0,NC State,4.0,0.8333,42,NC State,4.0,34,8,26,Virginia,False,36.62373572632744,Virginia,Loss,Loss
pre_game,Scientific roster (market-free F0–F6),0,1,401858202,Sat 3:30 PM,NC State,Virginia,scientific_F4_M2,spline,F4,6.8211872033142935,0.6194531221508935,Virginia,6.821,Virginia -4,2.821,Virginia,3.5,NC State +4,0.5,2026,1,2026-08-29T19:30:00.000Z,False,True,regular,-4.0,2026,1,401858202,margin,/groups/bsavoie2/tburton2/TDNet/publication_artifacts/scientific_roster_refits/f0_f8_margin_through_2025_v1/cells/F4/M2/checkpoint.pkl,29ce994bf944f848dfdce0a43acd8b21d8301dcb0895f03fe928313bd3e18c17,26,26,0.238906244301787,2026-08-28T19:34:02.122997+00:00,0.5619,-4.0,NC State,4.0,0.8333,42,Virginia,-4.0,34,8,26,Virginia,True,19.178812796685705,Virginia,Win,Loss
pre_game,Scientific roster (market-free F0–F6),0,1,401858202,Sat 3:30 PM,NC State,Virginia,scientific_F4_M3,tree,F4,2.0785830741068363,0.5370495217477216,Virginia,2.079,NC State +4,1.921,Virginia,3.5,NC State +4,0.5,2026,1,2026-08-29T19:30:00.000Z,False,True,regular,-4.0,2026,1,401858202,margin,/groups/bsavoie2/tburton2/TDNet/publication_artifacts/scientific_roster_refits/f0_f8_margin_through_2025_v1/cells/F4/M3/checkpoint.pkl,941e0b9cf5dca9bf3bfa4f6a0079cd6bcfdf580593d4979393c794e4774101d8,27,27,0.0740990434954431,2026-08-28T19:34:02.122997+00:00,0.5619,-4.0,NC State,4.0,0.8333,42,NC State,4.0,34,8,26,Virginia,True,23.921416925893162,Virginia,Loss,Loss
pre_game,Scientific roster (market-free F0–F6),0,1,401858202,Sat 3:30 PM,NC State,Virginia,scientific_F4_M4,boosted,F4,0.9886033581292302,0.5176462993623866,Virginia,0.989,NC State +4,3.011,Virginia,3.5,NC State +4,0.5,2026,1,2026-08-29T19:30:00.000Z,False,True,regular,-4.0,2026,1,401858202,margin,/groups/bsavoie2/tburton2/TDNet/publication_artifacts/scientific_roster_refits/f0_f8_margin_through_2025_v1/cells/F4/M4/checkpoint.pkl,5c735ec5a2cef35758da96c6fe465c25721aa40884a5144f9a0a05d16a324a07,28,28,0.0352925987247731,2026-08-28T19:34:02.122997+00:00,0.5619,-4.0,NC State,4.0,0.8333,42,NC State,4.0,34,8,26,Virginia,True,25.01139664187077,Virginia,Loss,Loss
pre_game,Scientific roster (market-free F0–F6),0,1,401858202,Sat 3:30 PM,NC State,Virginia,scientific_F4_M5,neural,F4,-1.5459656715393066,0.4724214886554362,NC State,1.546,NC State +4,5.546,Virginia,3.5,NC State +4,0.5,2026,1,2026-08-29T19:30:00.000Z,False,True,regular,-4.0,2026,1,401858202,margin,/groups/bsavoie2/tburton2/TDNet/publication_artifacts/scientific_roster_refits/f0_f8_margin_through_2025_v1/cells/F4/M5/checkpoint.pkl,af90514c860951f28aea6b1acd588894aab8d4822e29ffbc548337c5d213ed91,29,29,0.0551570226891275,2026-08-28T19:34:02.122997+00:00,0.5619,-4.0,NC State,4.0,0.8333,42,NC State,4.0,34,8,26,Virginia,False,27.545965671539307,Virginia,Loss,Loss
pre_game,Scientific roster (market-free F0–F6),0,1,401858202,Sat 3:30 PM,NC State,Virginia,scientific_F5_M1,linear,F5,1.4822199066174986,0.5608585702282346,Virginia,1.482,NC State +4,2.518,Virginia,3.5,NC State +4,0.5,2026,1,2026-08-29T19:30:00.000Z,False,True,regular,-4.0,2026,1,401858202,margin,/groups/bsavoie2/tburton2/TDNet/publication_artifacts/scientific_roster_refits/f0_f8_margin_through_2025_v1/cells/F5/M1/checkpoint.pkl,9ac8b1110596206294dcb94ca99f78d5515f26e8c83db988ea842f703dc2a889,31,31,0.1217171404564692,2026-08-28T19:34:02.122997+00:00,0.5619,-4.0,NC State,4.0,0.8333,42,NC State,4.0,34,8,26,Virginia,True,24.517780093382502,Virginia,Loss,Loss
pre_game,Scientific roster (market-free F0–F6),0,1,401858202,Sat 3:30 PM,NC State,Virginia,scientific_F5_M10,knn,F5,-5.349999999999999,0.4471117545307064,NC State,5.35,NC State +4,9.35,Virginia,3.5,NC State +4,0.5,2026,1,2026-08-29T19:30:00.000Z,False,True,regular,-4.0,2026,1,401858202,margin,/groups/bsavoie2/tburton2/TDNet/publication_artifacts/scientific_roster_refits/f0_f8_margin_through_2025_v1/cells/F5/M10/checkpoint.pkl,99fc835a1cc88df16ccb35c5272ca4691bcc4f25eae45bdc2c6c28ce3a121da9,36,36,0.1057764909385872,2026-08-28T19:34:02.122997+00:00,0.5619,-4.0,NC State,4.0,0.8333,42,NC State,4.0,34,8,26,Virginia,False,31.349999999999998,Virginia,Loss,Loss
pre_game,Scientific roster (market-free F0–F6),0,1,401858202,Sat 3:30 PM,NC State,Virginia,scientific_F5_M2,spline,F5,3.3112508285457305,0.5369607848057358,Virginia,3.311,NC State +4,0.689,Virginia,3.5,NC State +4,0.5,2026,1,2026-08-29T19:30:00.000Z,False,True,regular,-4.0,2026,1,401858202,margin,/groups/bsavoie2/tburton2/TDNet/publication_artifacts/scientific_roster_refits/f0_f8_margin_through_2025_v1/cells/F5/M2/checkpoint.pkl,c688a874265ec3654c4b75991b59977e9fcec094af505e34a2e5dccca015955d,32,32,0.0739215696114716,2026-08-28T19:34:02.122997+00:00,0.5619,-4.0,NC State,4.0,0.8333,42,NC State,4.0,34,8,26,Virginia,True,22.68874917145427,Virginia,Loss,Loss
pre_game,Scientific roster (market-free F0–F6),0,1,401858202,Sat 3:30 PM,NC State,Virginia,scientific_F5_M3,tree,F5,1.145108283473248,0.5204369695780118,Virginia,1.145,NC State +4,2.855,Virginia,3.5,NC State +4,0.5,2026,1,2026-08-29T19:30:00.000Z,False,True,regular,-4.0,2026,1,401858202,margin,/groups/bsavoie2/tburton2/TDNet/publication_artifacts/scientific_roster_refits/f0_f8_margin_through_2025_v1/cells/F5/M3/checkpoint.pkl,5fd2b7b8a81f05acb3b0f169b641580185fa0b954897f332c458a9971eee26d9,33,33,0.0408739391560235,2026-08-28T19:34:02.122997+00:00,0.5619,-4.0,NC State,4.0,0.8333,42,NC State,4.0,34,8,26,Virginia,True,24.85489171652675,Virginia,Loss,Loss
pre_game,Scientific roster (market-free F0–F6),0,1,401858202,Sat 3:30 PM,NC State,Virginia,scientific_F5_M4,boosted,F5,3.27813649251106,0.558272151867023,Virginia,3.278,NC State +4,0.722,Virginia,3.5,NC State +4,0.5,2026,1,2026-08-29T19:30:00.000Z,False,True,regular,-4.0,2026,1,401858202,margin,/groups/bsavoie2/tburton2/TDNet/publication_artifacts/scientific_roster_refits/f0_f8_margin_through_2025_v1/cells/F5/M4/checkpoint.pkl,797dfb35969984928095b6a6570cab555c85a25ae60f4cd1f063f07276c1a190,34,34,0.1165443037340459,2026-08-28T19:34:02.122997+00:00,0.5619,-4.0,NC State,4.0,0.8333,42,NC State,4.0,34,8,26,Virginia,True,22.72186350748894,Virginia,Loss,Loss
pre_game,Scientific roster (market-free F0–F6),0,1,401858202,Sat 3:30 PM,NC State,Virginia,scientific_F5_M5,neural,F5,5.5343403816223145,0.5975603240515518,Virginia,5.534,Virginia -4,1.534,Virginia,3.5,NC State +4,0.5,2026,1,2026-08-29T19:30:00.000Z,False,True,regular,-4.0,2026,1,401858202,margin,/groups/bsavoie2/tburton2/TDNet/publication_artifacts/scientific_roster_refits/f0_f8_margin_through_2025_v1/cells/F5/M5/checkpoint.pkl,f5dae4b232221142b63cb90f233fc1f90bdca7af9c7fd07935daa1dd0bba698a,35,35,0.1951206481031036,2026-08-28T19:34:02.122997+00:00,0.5619,-4.0,NC State,4.0,0.8333,42,Virginia,-4.0,34,8,26,Virginia,True,20.465659618377686,Virginia,Win,Loss
pre_game,Scientific roster (market-free F0–F6),0,1,401858202,Sat 3:30 PM,NC State,Virginia,scientific_F6_M1,linear,F6,1.505491995887045,0.5618044126528249,Virginia,1.505,NC State +4,2.495,Virginia,3.5,NC State +4,0.5,2026,1,2026-08-29T19:30:00.000Z,False,True,regular,-4.0,2026,1,401858202,margin,/groups/bsavoie2/tburton2/TDNet/publication_artifacts/scientific_roster_refits/f0_f8_margin_through_2025_v1/cells/F6/M1/checkpoint.pkl,3401ea2a804ae7e8cd2a86f9aae755290a10f6de78218adc9109ba366e081f49,37,37,0.1236088253056497,2026-08-28T19:34:02.122997+00:00,0.5619,-4.0,NC State,4.0,0.8333,42,NC State,4.0,34,8,26,Virginia,True,24.494508004112955,Virginia,Loss,Loss
pre_game,Scientific roster (market-free F0–F6),0,1,401858202,Sat 3:30 PM,NC State,Virginia,scientific_F6_M10,knn,F6,-4.249999999999999,0.4512316216035971,NC State,4.25,NC State +4,8.25,Virginia,3.5,NC State +4,0.5,2026,1,2026-08-29T19:30:00.000Z,False,True,regular,-4.0,2026,1,401858202,margin,/groups/bsavoie2/tburton2/TDNet/publication_artifacts/scientific_roster_refits/f0_f8_margin_through_2025_v1/cells/F6/M10/checkpoint.pkl,a0062711632f89118ee18330188f9e8a7131b72349016765ad9fe5e5bf4cc65e,42,42,0.0975367567928058,2026-08-28T19:34:02.122997+00:00,0.5619,-4.0,NC State,4.0,0.8333,42,NC State,4.0,34,8,26,Virginia,False,30.25,Virginia,Loss,Loss
pre_game,Scientific roster (market-free F0–F6),0,1,401858202,Sat 3:30 PM,NC State,Virginia,scientific_F6_M2,spline,F6,3.237637540025487,0.5361419975855264,Virginia,3.238,NC State +4,0.762,Virginia,3.5,NC State +4,0.5,2026,1,2026-08-29T19:30:00.000Z,False,True,regular,-4.0,2026,1,401858202,margin,/groups/bsavoie2/tburton2/TDNet/publication_artifacts/scientific_roster_refits/f0_f8_margin_through_2025_v1/cells/F6/M2/checkpoint.pkl,f448804ac7906a628c9b1b0b6b1495b72b75da4819fff2b5bcc84f5a31c24737,38,38,0.0722839951710527,2026-08-28T19:34:02.122997+00:00,0.5619,-4.0,NC State,4.0,0.8333,42,NC State,4.0,34,8,26,Virginia,True,22.76236245997451,Virginia,Loss,Loss
pre_game,Scientific roster (market-free F0–F6),0,1,401858202,Sat 3:30 PM,NC State,Virginia,scientific_F6_M3,tree,F6,2.5507877519086337,0.5454241903292192,Virginia,2.551,NC State +4,1.449,Virginia,3.5,NC State +4,0.5,2026,1,2026-08-29T19:30:00.000Z,False,True,regular,-4.0,2026,1,401858202,margin,/groups/bsavoie2/tburton2/TDNet/publication_artifacts/scientific_roster_refits/f0_f8_margin_through_2025_v1/cells/F6/M3/checkpoint.pkl,e9613c967a6a92a1c8389cc0be9e00d0bd5a64b170cfdd514f3fcfde96290059,39,39,0.0908483806584383,2026-08-28T19:34:02.122997+00:00,0.5619,-4.0,NC State,4.0,0.8333,42,NC State,4.0,34,8,26,Virginia,True,23.449212248091367,Virginia,Loss,Loss
pre_game,Scientific roster (market-free F0–F6),0,1,401858202,Sat 3:30 PM,NC State,Virginia,scientific_F6_M4,boosted,F6,3.159895640486178,0.5561883737717218,Virginia,3.16,NC State +4,0.84,Virginia,3.5,NC State +4,0.5,2026,1,2026-08-29T19:30:00.000Z,False,True,regular,-4.0,2026,1,401858202,margin,/groups/bsavoie2/tburton2/TDNet/publication_artifacts/scientific_roster_refits/f0_f8_margin_through_2025_v1/cells/F6/M4/checkpoint.pkl,f02fc6dedb9083e88f65c74d032ea06df3285dbf84b6fad10c55d268c87332d7,40,40,0.1123767475434436,2026-08-28T19:34:02.122997+00:00,0.5619,-4.0,NC State,4.0,0.8333,42,NC State,4.0,34,8,26,Virginia,True,22.840104359513823,Virginia,Loss,Loss
pre_game,Scientific roster (market-free F0–F6),0,1,401858202,Sat 3:30 PM,NC State,Virginia,scientific_F6_M5,neural,F6,8.467418670654297,0.6467572696658321,Virginia,8.467,Virginia -4,4.467,Virginia,3.5,NC State +4,0.5,2026,1,2026-08-29T19:30:00.000Z,False,True,regular,-4.0,2026,1,401858202,margin,/groups/bsavoie2/tburton2/TDNet/publication_artifacts/scientific_roster_refits/f0_f8_margin_through_2025_v1/cells/F6/M5/checkpoint.pkl,0bdacc7417d2444620f844f32f12743c7b4c12d6539e962892539fe191acf35d,41,41,0.2935145393316642,2026-08-28T19:34:02.122997+00:00,0.5619,-4.0,NC State,4.0,0.8333,42,Virginia,-4.0,34,8,26,Virginia,True,17.532581329345703,Virginia,Win,Loss
pre_game,Scientific roster (market-free F0–F6),0,1,401864577,Sat 5:30 PM,Jacksonville State,North Dakota State,scientific_F0_M1,linear,F0,-0.7651422619469308,0.4863401452645076,Jacksonville State,0.765,Jacksonville State +7,7.765,Jacksonville State,1.0,Jacksonville State +7,8.0,2026,1,2026-08-29T21:30:00.000Z,False,False,regular,-7.0,2026,1,401864577,margin,/groups/bsavoie2/tburton2/TDNet/publication_artifacts/scientific_roster_refits/f0_f8_margin_through_2025_v1/cells/F0/M1/checkpoint.pkl,3004e951de040158ab253160a1e5faebc99073441fb5f3eb0322a6bdf211b863,1,1,0.0273197094709848,2026-08-28T19:34:02.122997+00:00,0.4819,-7.0,Jacksonville State,7.0,0.8095,42,Jacksonville State,7.0,33,7,26,North Dakota State,False,26.76514226194693,North Dakota State,Loss,Loss
pre_game,Scientific roster (market-free F0–F6),0,1,401864577,Sat 5:30 PM,Jacksonville State,North Dakota State,scientific_F0_M10,knn,F0,7.17842824398616,0.6254497163794324,North Dakota State,7.178,North Dakota State -7,0.178,Jacksonville State,1.0,Jacksonville State +7,8.0,2026,1,2026-08-29T21:30:00.000Z,False,False,regular,-7.0,2026,1,401864577,margin,/groups/bsavoie2/tburton2/TDNet/publication_artifacts/scientific_roster_refits/f0_f8_margin_through_2025_v1/cells/F0/M10/checkpoint.pkl,b72148b78493a060d1e5be6746b97d7061aabc8de152a7dbd2609c57c966e170,6,6,0.2508994327588647,2026-08-28T19:34:02.122997+00:00,0.4819,-7.0,Jacksonville State,7.0,0.8095,42,North Dakota State,-7.0,33,7,26,North Dakota State,True,18.82157175601384,North Dakota State,Win,Loss
pre_game,Scientific roster (market-free F0–F6),0,1,401864577,Sat 5:30 PM,Jacksonville State,North Dakota State,scientific_F0_M2,spline,F0,-1.0413038728667168,0.4814138557370466,Jacksonville State,1.041,Jacksonville State +7,8.041,Jacksonville State,1.0,Jacksonville State +7,8.0,2026,1,2026-08-29T21:30:00.000Z,False,False,regular,-7.0,2026,1,401864577,margin,/groups/bsavoie2/tburton2/TDNet/publication_artifacts/scientific_roster_refits/f0_f8_margin_through_2025_v1/cells/F0/M2/checkpoint.pkl,faa0aa500ef3a49204415f776e055580b8b2192d373428f5c322465c4b6b53a5,2,2,0.0371722885259068,2026-08-28T19:34:02.122997+00:00,0.4819,-7.0,Jacksonville State,7.0,0.8095,42,Jacksonville State,7.0,33,7,26,North Dakota State,False,27.041303872866717,North Dakota State,Loss,Loss
pre_game,Scientific roster (market-free F0–F6),0,1,401864577,Sat 5:30 PM,Jacksonville State,North Dakota State,scientific_F0_M3,tree,F0,6.806820037689371,0.6192111792544303,North Dakota State,6.807,Jacksonville State +7,0.193,Jacksonville State,1.0,Jacksonville State +7,8.0,2026,1,2026-08-29T21:30:00.000Z,False,False,regular,-7.0,2026,1,401864577,margin,/groups/bsavoie2/tburton2/TDNet/publication_artifacts/scientific_roster_refits/f0_f8_margin_through_2025_v1/cells/F0/M3/checkpoint.pkl,358ba183dfb2490fa300be4658b19950aed0049b8ea4fce0bdd7cd13ceb41d21,3,3,0.2384223585088605,2026-08-28T19:34:02.122997+00:00,0.4819,-7.0,Jacksonville State,7.0,0.8095,42,Jacksonville State,7.0,33,7,26,North Dakota State,True,19.19317996231063,North Dakota State,Loss,Loss
pre_game,Scientific roster (market-free F0–F6),0,1,401864577,Sat 5:30 PM,Jacksonville State,North Dakota State,scientific_F0_M4,boosted,F0,-0.6179323142106102,0.4889672854599921,Jacksonville State,0.618,Jacksonville State +7,7.618,Jacksonville State,1.0,Jacksonville State +7,8.0,2026,1,2026-08-29T21:30:00.000Z,False,False,regular,-7.0,2026,1,401864577,margin,/groups/bsavoie2/tburton2/TDNet/publication_artifacts/scientific_roster_refits/f0_f8_margin_through_2025_v1/cells/F0/M4/checkpoint.pkl,536856580617cdb0017463eadedb4239f7f52f3b6e217f92307fc64664dda481,4,4,0.0220654290800158,2026-08-28T19:34:02.122997+00:00,0.4819,-7.0,Jacksonville State,7.0,0.8095,42,Jacksonville State,7.0,33,7,26,North Dakota State,False,26.61793231421061,North Dakota State,Loss,Loss
pre_game,Scientific roster (market-free F0–F6),0,1,401864577,Sat 5:30 PM,Jacksonville State,North Dakota State,scientific_F0_M5,neural,F0,-2.5337321758270264,0.454877876511917,Jacksonville State,2.534,Jacksonville State +7,9.534,Jacksonville State,1.0,Jacksonville State +7,8.0,2026,1,2026-08-29T21:30:00.000Z,False,False,regular,-7.0,2026,1,401864577,margin,/groups/bsavoie2/tburton2/TDNet/publication_artifacts/scientific_roster_refits/f0_f8_margin_through_2025_v1/cells/F0/M5/checkpoint.pkl,b5c22a3c584ee4be901802a4cd0a8d35a35b0464f5fefaac5132089a925dc1af,5,5,0.0902442469761659,2026-08-28T19:34:02.122997+00:00,0.4819,-7.0,Jacksonville State,7.0,0.8095,42,Jacksonville State,7.0,33,7,26,North Dakota State,False,28.533732175827026,North Dakota State,Loss,Loss
pre_game,Scientific roster (market-free F0–F6),0,1,401864577,Sat 5:30 PM,Jacksonville State,North Dakota State,scientific_F1_M1,linear,F1,-2.559075034719175,0.4544290478299521,Jacksonville State,2.559,Jacksonville State +7,9.559,Jacksonville State,1.0,Jacksonville State +7,8.0,2026,1,2026-08-29T21:30:00.000Z,False,False,regular,-7.0,2026,1,401864577,margin,/groups/bsavoie2/tburton2/TDNet/publication_artifacts/scientific_roster_refits/f0_f8_margin_through_2025_v1/cells/F1/M1/checkpoint.pkl,de123537a22f9ab809539f81b9b90e376311fd3703d871f3eebb0d5a5a6b0167,7,7,0.0911419043400957,2026-08-28T19:34:02.122997+00:00,0.4819,-7.0,Jacksonville State,7.0,0.8095,42,Jacksonville State,7.0,33,7,26,North Dakota State,False,28.559075034719175,North Dakota State,Loss,Loss
pre_game,Scientific roster (market-free F0–F6),0,1,401864577,Sat 5:30 PM,Jacksonville State,North Dakota State,scientific_F1_M10,knn,F1,3.373209736416956,0.5599461598556135,North Dakota State,3.373,Jacksonville State +7,3.627,Jacksonville State,1.0,Jacksonville State +7,8.0,2026,1,2026-08-29T21:30:00.000Z,False,False,regular,-7.0,2026,1,401864577,margin,/groups/bsavoie2/tburton2/TDNet/publication_artifacts/scientific_roster_refits/f0_f8_margin_through_2025_v1/cells/F1/M10/checkpoint.pkl,3d72b6bd97123eaa76a67c2debf38d1b23388a3605a981b3b121263f2c1deed8,12,12,0.1198923197112269,2026-08-28T19:34:02.122997+00:00,0.4819,-7.0,Jacksonville State,7.0,0.8095,42,Jacksonville State,7.0,33,7,26,North Dakota State,True,22.626790263583043,North Dakota State,Loss,Loss
pre_game,Scientific roster (market-free F0–F6),0,1,401864577,Sat 5:30 PM,Jacksonville State,North Dakota State,scientific_F1_M2,spline,F1,-3.7556977991351577,0.4333332984853231,Jacksonville State,3.756,Jacksonville State +7,10.756,Jacksonville State,1.0,Jacksonville State +7,8.0,2026,1,2026-08-29T21:30:00.000Z,False,False,regular,-7.0,2026,1,401864577,margin,/groups/bsavoie2/tburton2/TDNet/publication_artifacts/scientific_roster_refits/f0_f8_margin_through_2025_v1/cells/F1/M2/checkpoint.pkl,dd67d778cca7ecca58d04c1c2f81380cf31f9dc37912ed12f772336ea65440b5,8,8,0.1333334030293537,2026-08-28T19:34:02.122997+00:00,0.4819,-7.0,Jacksonville State,7.0,0.8095,42,Jacksonville State,7.0,33,7,26,North Dakota State,False,29.755697799135156,North Dakota State,Loss,Loss
pre_game,Scientific roster (market-free F0–F6),0,1,401864577,Sat 5:30 PM,Jacksonville State,North Dakota State,scientific_F1_M3,tree,F1,-3.67215714285714,0.4347991538343748,Jacksonville State,3.672,Jacksonville State +7,10.672,Jacksonville State,1.0,Jacksonville State +7,8.0,2026,1,2026-08-29T21:30:00.000Z,False,False,regular,-7.0,2026,1,401864577,margin,/groups/bsavoie2/tburton2/TDNet/publication_artifacts/scientific_roster_refits/f0_f8_margin_through_2025_v1/cells/F1/M3/checkpoint.pkl,074942f55a18152490c8f5fbb362670a65f282e328e391b3fbde67b83fe800f6,9,9,0.1304016923312504,2026-08-28T19:34:02.122997+00:00,0.4819,-7.0,Jacksonville State,7.0,0.8095,42,Jacksonville State,7.0,33,7,26,North Dakota State,False,29.672157142857138,North Dakota State,Loss,Loss
pre_game,Scientific roster (market-free F0–F6),0,1,401864577,Sat 5:30 PM,Jacksonville State,North Dakota State,scientific_F1_M4,boosted,F1,-3.787125170530378,0.4327821550908063,Jacksonville State,3.787,Jacksonville State +7,10.787,Jacksonville State,1.0,Jacksonville State +7,8.0,2026,1,2026-08-29T21:30:00.000Z,False,False,regular,-7.0,2026,1,401864577,margin,/groups/bsavoie2/tburton2/TDNet/publication_artifacts/scientific_roster_refits/f0_f8_margin_through_2025_v1/cells/F1/M4/checkpoint.pkl,ee9fb6307319157df56a4e2240b2ffb96777bd551b5342aa88c214a3808a6416,10,10,0.1344356898183873,2026-08-28T19:34:02.122997+00:00,0.4819,-7.0,Jacksonville State,7.0,0.8095,42,Jacksonville State,7.0,33,7,26,North Dakota State,False,29.787125170530377,North Dakota State,Loss,Loss
pre_game,Scientific roster (market-free F0–F6),0,1,401864577,Sat 5:30 PM,Jacksonville State,North Dakota State,scientific_F1_M5,neural,F1,-4.868095397949219,0.4139351572986511,Jacksonville State,4.868,Jacksonville State +7,11.868,Jacksonville State,1.0,Jacksonville State +7,8.0,2026,1,2026-08-29T21:30:00.000Z,False,False,regular,-7.0,2026,1,401864577,margin,/groups/bsavoie2/tburton2/TDNet/publication_artifacts/scientific_roster_refits/f0_f8_margin_through_2025_v1/cells/F1/M5/checkpoint.pkl,6c253ec4aadc5ed51e9904b1a244a90f8792cd0b73e3d94d9e038a331e786a79,11,11,0.1721296854026976,2026-08-28T19:34:02.122997+00:00,0.4819,-7.0,Jacksonville State,7.0,0.8095,42,Jacksonville State,7.0,33,7,26,North Dakota State,False,30.86809539794922,North Dakota State,Loss,Loss
pre_game,Scientific roster (market-free F0–F6),0,1,401864577,Sat 5:30 PM,Jacksonville State,North Dakota State,scientific_F2_M1,linear,F2,-3.0424875837606216,0.4458826858047228,Jacksonville State,3.042,Jacksonville State +7,10.042,Jacksonville State,1.0,Jacksonville State +7,8.0,2026,1,2026-08-29T21:30:00.000Z,False,False,regular,-7.0,2026,1,401864577,margin,/groups/bsavoie2/tburton2/TDNet/publication_artifacts/scientific_roster_refits/f0_f8_margin_through_2025_v1/cells/F2/M1/checkpoint.pkl,0dc099ef612b0b493bded42b1f5f2ec58fb5b35d4589a2d88c26019fc903a737,13,13,0.1082346283905544,2026-08-28T19:34:02.122997+00:00,0.4819,-7.0,Jacksonville State,7.0,0.8095,42,Jacksonville State,7.0,33,7,26,North Dakota State,False,29.04248758376062,North Dakota State,Loss,Loss
pre_game,Scientific roster (market-free F0–F6),0,1,401864577,Sat 5:30 PM,Jacksonville State,North Dakota State,scientific_F2_M10,knn,F2,-2.1923573977239954,0.4609305685017259,Jacksonville State,2.192,Jacksonville State +7,9.192,Jacksonville State,1.0,Jacksonville State +7,8.0,2026,1,2026-08-29T21:30:00.000Z,False,False,regular,-7.0,2026,1,401864577,margin,/groups/bsavoie2/tburton2/TDNet/publication_artifacts/scientific_roster_refits/f0_f8_margin_through_2025_v1/cells/F2/M10/checkpoint.pkl,58ed41000abb0223c020a00119461f748ef991ffa3dbc1efd1df26ba4b05d96e,18,18,0.0781388629965481,2026-08-28T19:34:02.122997+00:00,0.4819,-7.0,Jacksonville State,7.0,0.8095,42,Jacksonville State,7.0,33,7,26,North Dakota State,False,28.192357397723995,North Dakota State,Loss,Loss
pre_game,Scientific roster (market-free F0–F6),0,1,401864577,Sat 5:30 PM,Jacksonville State,North Dakota State,scientific_F2_M2,spline,F2,-3.929306034673325,0.430290819429875,Jacksonville State,3.929,Jacksonville State +7,10.929,Jacksonville State,1.0,Jacksonville State +7,8.0,2026,1,2026-08-29T21:30:00.000Z,False,False,regular,-7.0,2026,1,401864577,margin,/groups/bsavoie2/tburton2/TDNet/publication_artifacts/scientific_roster_refits/f0_f8_margin_through_2025_v1/cells/F2/M2/checkpoint.pkl,7b3c33a92fae9994535095f83a468d5514e3d9fdf72e2e90993442e8a4c99329,14,14,0.1394183611402498,2026-08-28T19:34:02.122997+00:00,0.4819,-7.0,Jacksonville State,7.0,0.8095,42,Jacksonville State,7.0,33,7,26,North Dakota State,False,29.929306034673324,North Dakota State,Loss,Loss
pre_game,Scientific roster (market-free F0–F6),0,1,401864577,Sat 5:30 PM,Jacksonville State,North Dakota State,scientific_F2_M3,tree,F2,-3.974627272727273,0.4294974222462753,Jacksonville State,3.975,Jacksonville State +7,10.975,Jacksonville State,1.0,Jacksonville State +7,8.0,2026,1,2026-08-29T21:30:00.000Z,False,False,regular,-7.0,2026,1,401864577,margin,/groups/bsavoie2/tburton2/TDNet/publication_artifacts/scientific_roster_refits/f0_f8_margin_through_2025_v1/cells/F2/M3/checkpoint.pkl,4d047265757142db6ad68cd76fb4cafba2cd34453f11f972f83ef29fe83f97a8,15,15,0.1410051555074493,2026-08-28T19:34:02.122997+00:00,0.4819,-7.0,Jacksonville State,7.0,0.8095,42,Jacksonville State,7.0,33,7,26,North Dakota State,False,29.974627272727272,North Dakota State,Loss,Loss
pre_game,Scientific roster (market-free F0–F6),0,1,401864577,Sat 5:30 PM,Jacksonville State,North Dakota State,scientific_F2_M4,boosted,F2,-5.618936964215577,0.4009873969459044,Jacksonville State,5.619,Jacksonville State +7,12.619,Jacksonville State,1.0,Jacksonville State +7,8.0,2026,1,2026-08-29T21:30:00.000Z,False,False,regular,-7.0,2026,1,401864577,margin,/groups/bsavoie2/tburton2/TDNet/publication_artifacts/scientific_roster_refits/f0_f8_margin_through_2025_v1/cells/F2/M4/checkpoint.pkl,a0eadb4cea94836b3ade844d07239c990f356552dc0c69793093274ad8afa8c1,16,16,0.1980252061081912,2026-08-28T19:34:02.122997+00:00,0.4819,-7.0,Jacksonville State,7.0,0.8095,42,Jacksonville State,7.0,33,7,26,North Dakota State,False,31.618936964215578,North Dakota State,Loss,Loss
pre_game,Scientific roster (market-free F0–F6),0,1,401864577,Sat 5:30 PM,Jacksonville State,North Dakota State,scientific_F2_M5,neural,F2,-2.9264321327209477,0.4479317342368326,Jacksonville State,2.926,Jacksonville State +7,9.926,Jacksonville State,1.0,Jacksonville State +7,8.0,2026,1,2026-08-29T21:30:00.000Z,False,False,regular,-7.0,2026,1,401864577,margin,/groups/bsavoie2/tburton2/TDNet/publication_artifacts/scientific_roster_refits/f0_f8_margin_through_2025_v1/cells/F2/M5/checkpoint.pkl,391e1dd75e342bb0cd1e66b6178918b76670583a8f2ed306044cac4d48738f24,17,17,0.1041365315263348,2026-08-28T19:34:02.122997+00:00,0.4819,-7.0,Jacksonville State,7.0,0.8095,42,Jacksonville State,7.0,33,7,26,North Dakota State,False,28.926432132720947,North Dakota State,Loss,Loss
pre_game,Scientific roster (market-free F0–F6),0,1,401864577,Sat 5:30 PM,Jacksonville State,North Dakota State,scientific_F3_M1,linear,F3,-1.9484280283026865,0.4652626938722107,Jacksonville State,1.948,Jacksonville State +7,8.948,Jacksonville State,1.0,Jacksonville State +7,8.0,2026,1,2026-08-29T21:30:00.000Z,False,False,regular,-7.0,2026,1,401864577,margin,/groups/bsavoie2/tburton2/TDNet/publication_artifacts/scientific_roster_refits/f0_f8_margin_through_2025_v1/cells/F3/M1/checkpoint.pkl,fcec1890921aaae1e705ec31c93bd07e779a520e874f9ebceb562185ac567097,19,19,0.0694746122555785,2026-08-28T19:34:02.122997+00:00,0.4819,-7.0,Jacksonville State,7.0,0.8095,42,Jacksonville State,7.0,33,7,26,North Dakota State,False,27.948428028302686,North Dakota State,Loss,Loss
pre_game,Scientific roster (market-free F0–F6),0,1,401864577,Sat 5:30 PM,Jacksonville State,North Dakota State,scientific_F3_M10,knn,F3,1.1893244949894155,0.521225174126306,North Dakota State,1.189,Jacksonville State +7,5.811,Jacksonville State,1.0,Jacksonville State +7,8.0,2026,1,2026-08-29T21:30:00.000Z,False,False,regular,-7.0,2026,1,401864577,margin,/groups/bsavoie2/tburton2/TDNet/publication_artifacts/scientific_roster_refits/f0_f8_margin_through_2025_v1/cells/F3/M10/checkpoint.pkl,ceb577b58fc9ac4669e026a9a0a50a60f06535cdf9624540a567dbecb6ad817d,24,24,0.0424503482526119,2026-08-28T19:34:02.122997+00:00,0.4819,-7.0,Jacksonville State,7.0,0.8095,42,Jacksonville State,7.0,33,7,26,North Dakota State,True,24.810675505010586,North Dakota State,Loss,Loss
pre_game,Scientific roster (market-free F0–F6),0,1,401864577,Sat 5:30 PM,Jacksonville State,North Dakota State,scientific_F3_M2,spline,F3,-2.225203914474569,0.46034765851579,Jacksonville State,2.225,Jacksonville State +7,9.225,Jacksonville State,1.0,Jacksonville State +7,8.0,2026,1,2026-08-29T21:30:00.000Z,False,False,regular,-7.0,2026,1,401864577,margin,/groups/bsavoie2/tburton2/TDNet/publication_artifacts/scientific_roster_refits/f0_f8_margin_through_2025_v1/cells/F3/M2/checkpoint.pkl,f36e6608055d3601c0cb151657e2123369fbb5a3e217257ffefe5a8c54731dd8,20,20,0.0793046829684199,2026-08-28T19:34:02.122997+00:00,0.4819,-7.0,Jacksonville State,7.0,0.8095,42,Jacksonville State,7.0,33,7,26,North Dakota State,False,28.22520391447457,North Dakota State,Loss,Loss
pre_game,Scientific roster (market-free F0–F6),0,1,401864577,Sat 5:30 PM,Jacksonville State,North Dakota State,scientific_F3_M3,tree,F3,-2.671281583388363,0.4524427399047718,Jacksonville State,2.671,Jacksonville State +7,9.671,Jacksonville State,1.0,Jacksonville State +7,8.0,2026,1,2026-08-29T21:30:00.000Z,False,False,regular,-7.0,2026,1,401864577,margin,/groups/bsavoie2/tburton2/TDNet/publication_artifacts/scientific_roster_refits/f0_f8_margin_through_2025_v1/cells/F3/M3/checkpoint.pkl,e0f6118c8005d407eb61d00ecac92260c8bf03bb6fa032475509cc7134626f4e,21,21,0.0951145201904563,2026-08-28T19:34:02.122997+00:00,0.4819,-7.0,Jacksonville State,7.0,0.8095,42,Jacksonville State,7.0,33,7,26,North Dakota State,False,28.671281583388364,North Dakota State,Loss,Loss
pre_game,Scientific roster (market-free F0–F6),0,1,401864577,Sat 5:30 PM,Jacksonville State,North Dakota State,scientific_F3_M4,boosted,F3,-2.8924805035247663,0.4485315140274052,Jacksonville State,2.892,Jacksonville State +7,9.892,Jacksonville State,1.0,Jacksonville State +7,8.0,2026,1,2026-08-29T21:30:00.000Z,False,False,regular,-7.0,2026,1,401864577,margin,/groups/bsavoie2/tburton2/TDNet/publication_artifacts/scientific_roster_refits/f0_f8_margin_through_2025_v1/cells/F3/M4/checkpoint.pkl,a15efa59a4e377aec28d2a2563ec10d04c5dda2e1fbe264dce56178a75ab1b06,22,22,0.1029369719451894,2026-08-28T19:34:02.122997+00:00,0.4819,-7.0,Jacksonville State,7.0,0.8095,42,Jacksonville State,7.0,33,7,26,North Dakota State,False,28.892480503524766,North Dakota State,Loss,Loss
pre_game,Scientific roster (market-free F0–F6),0,1,401864577,Sat 5:30 PM,Jacksonville State,North Dakota State,scientific_F3_M5,neural,F3,5.622724533081055,0.5990775842274672,North Dakota State,5.623,Jacksonville State +7,1.377,Jacksonville State,1.0,Jacksonville State +7,8.0,2026,1,2026-08-29T21:30:00.000Z,False,False,regular,-7.0,2026,1,401864577,margin,/groups/bsavoie2/tburton2/TDNet/publication_artifacts/scientific_roster_refits/f0_f8_margin_through_2025_v1/cells/F3/M5/checkpoint.pkl,7e365cdb1488185cb7075ddeb20eaab5ded63fc4829150b96f1952483bf72e3c,23,23,0.1981551684549343,2026-08-28T19:34:02.122997+00:00,0.4819,-7.0,Jacksonville State,7.0,0.8095,42,Jacksonville State,7.0,33,7,26,North Dakota State,True,20.377275466918945,North Dakota State,Loss,Loss
pre_game,Scientific roster (market-free F0–F6),0,1,401864577,Sat 5:30 PM,Jacksonville State,North Dakota State,scientific_F4_M1,linear,F4,-0.8740633228589427,0.4843967943482354,Jacksonville State,0.874,Jacksonville State +7,7.874,Jacksonville State,1.0,Jacksonville State +7,8.0,2026,1,2026-08-29T21:30:00.000Z,False,False,regular,-7.0,2026,1,401864577,margin,/groups/bsavoie2/tburton2/TDNet/publication_artifacts/scientific_roster_refits/f0_f8_margin_through_2025_v1/cells/F4/M1/checkpoint.pkl,5e1f22b2fba89c54267ce85ddc65d6941a63a040527f86d4c1e518e5a004467a,25,25,0.031206411303529,2026-08-28T19:34:02.122997+00:00,0.4819,-7.0,Jacksonville State,7.0,0.8095,42,Jacksonville State,7.0,33,7,26,North Dakota State,False,26.874063322858945,North Dakota State,Loss,Loss
pre_game,Scientific roster (market-free F0–F6),0,1,401864577,Sat 5:30 PM,Jacksonville State,North Dakota State,scientific_F4_M10,knn,F4,-3.864705267800885,0.4314223437260467,Jacksonville State,3.865,Jacksonville State +7,10.865,Jacksonville State,1.0,Jacksonville State +7,8.0,2026,1,2026-08-29T21:30:00.000Z,False,False,regular,-7.0,2026,1,401864577,margin,/groups/bsavoie2/tburton2/TDNet/publication_artifacts/scientific_roster_refits/f0_f8_margin_through_2025_v1/cells/F4/M10/checkpoint.pkl,3506cc48b80ce8af9588d310557a7085180676d9c57cc1efb7977735ead804d7,30,30,0.1371553125479064,2026-08-28T19:34:02.122997+00:00,0.4819,-7.0,Jacksonville State,7.0,0.8095,42,Jacksonville State,7.0,33,7,26,North Dakota State,False,29.864705267800886,North Dakota State,Loss,Loss
pre_game,Scientific roster (market-free F0–F6),0,1,401864577,Sat 5:30 PM,Jacksonville State,North Dakota State,scientific_F4_M2,spline,F4,-1.0196104944015048,0.4818007132833513,Jacksonville State,1.02,Jacksonville State +7,8.02,Jacksonville State,1.0,Jacksonville State +7,8.0,2026,1,2026-08-29T21:30:00.000Z,False,False,regular,-7.0,2026,1,401864577,margin,/groups/bsavoie2/tburton2/TDNet/publication_artifacts/scientific_roster_refits/f0_f8_margin_through_2025_v1/cells/F4/M2/checkpoint.pkl,29ce994bf944f848dfdce0a43acd8b21d8301dcb0895f03fe928313bd3e18c17,26,26,0.0363985734332973,2026-08-28T19:34:02.122997+00:00,0.4819,-7.0,Jacksonville State,7.0,0.8095,42,Jacksonville State,7.0,33,7,26,North Dakota State,False,27.019610494401505,North Dakota State,Loss,Loss
pre_game,Scientific roster (market-free F0–F6),0,1,401864577,Sat 5:30 PM,Jacksonville State,North Dakota State,scientific_F4_M3,tree,F4,-1.4833568722943729,0.473536237223108,Jacksonville State,1.483,Jacksonville State +7,8.483,Jacksonville State,1.0,Jacksonville State +7,8.0,2026,1,2026-08-29T21:30:00.000Z,False,False,regular,-7.0,2026,1,401864577,margin,/groups/bsavoie2/tburton2/TDNet/publication_artifacts/scientific_roster_refits/f0_f8_margin_through_2025_v1/cells/F4/M3/checkpoint.pkl,941e0b9cf5dca9bf3bfa4f6a0079cd6bcfdf580593d4979393c794e4774101d8,27,27,0.0529275255537839,2026-08-28T19:34:02.122997+00:00,0.4819,-7.0,Jacksonville State,7.0,0.8095,42,Jacksonville State,7.0,33,7,26,North Dakota State,False,27.483356872294372,North Dakota State,Loss,Loss
pre_game,Scientific roster (market-free F0–F6),0,1,401864577,Sat 5:30 PM,Jacksonville State,North Dakota State,scientific_F4_M4,boosted,F4,-2.1948281939486693,0.4608867168340468,Jacksonville State,2.195,Jacksonville State +7,9.195,Jacksonville State,1.0,Jacksonville State +7,8.0,2026,1,2026-08-29T21:30:00.000Z,False,False,regular,-7.0,2026,1,401864577,margin,/groups/bsavoie2/tburton2/TDNet/publication_artifacts/scientific_roster_refits/f0_f8_margin_through_2025_v1/cells/F4/M4/checkpoint.pkl,5c735ec5a2cef35758da96c6fe465c25721aa40884a5144f9a0a05d16a324a07,28,28,0.0782265663319062,2026-08-28T19:34:02.122997+00:00,0.4819,-7.0,Jacksonville State,7.0,0.8095,42,Jacksonville State,7.0,33,7,26,North Dakota State,False,28.19482819394867,North Dakota State,Loss,Loss
pre_game,Scientific roster (market-free F0–F6),0,1,401864577,Sat 5:30 PM,Jacksonville State,North Dakota State,scientific_F4_M5,neural,F4,3.528569221496582,0.5626787126423511,North Dakota State,3.529,Jacksonville State +7,3.471,Jacksonville State,1.0,Jacksonville State +7,8.0,2026,1,2026-08-29T21:30:00.000Z,False,False,regular,-7.0,2026,1,401864577,margin,/groups/bsavoie2/tburton2/TDNet/publication_artifacts/scientific_roster_refits/f0_f8_margin_through_2025_v1/cells/F4/M5/checkpoint.pkl,af90514c860951f28aea6b1acd588894aab8d4822e29ffbc548337c5d213ed91,29,29,0.1253574252847022,2026-08-28T19:34:02.122997+00:00,0.4819,-7.0,Jacksonville State,7.0,0.8095,42,Jacksonville State,7.0,33,7,26,North Dakota State,True,22.471430778503418,North Dakota State,Loss,Loss
pre_game,Scientific roster (market-free F0–F6),0,1,401864577,Sat 5:30 PM,Jacksonville State,North Dakota State,scientific_F5_M1,linear,F5,-1.2940379702172784,0.4468053351295544,Jacksonville State,1.294,Jacksonville State +7,8.294,Jacksonville State,1.0,Jacksonville State +7,8.0,2026,1,2026-08-29T21:30:00.000Z,False,False,regular,-7.0,2026,1,401864577,margin,/groups/bsavoie2/tburton2/TDNet/publication_artifacts/scientific_roster_refits/f0_f8_margin_through_2025_v1/cells/F5/M1/checkpoint.pkl,9ac8b1110596206294dcb94ca99f78d5515f26e8c83db988ea842f703dc2a889,31,31,0.1063893297408912,2026-08-28T19:34:02.122997+00:00,0.4819,-7.0,Jacksonville State,7.0,0.8095,42,Jacksonville State,7.0,33,7,26,North Dakota State,False,27.29403797021728,North Dakota State,Loss,Loss
pre_game,Scientific roster (market-free F0–F6),0,1,401864577,Sat 5:30 PM,Jacksonville State,North Dakota State,scientific_F5_M10,knn,F5,-5.7,0.4436802186442843,Jacksonville State,5.7,Jacksonville State +7,12.7,Jacksonville State,1.0,Jacksonville State +7,8.0,2026,1,2026-08-29T21:30:00.000Z,False,False,regular,-7.0,2026,1,401864577,margin,/groups/bsavoie2/tburton2/TDNet/publication_artifacts/scientific_roster_refits/f0_f8_margin_through_2025_v1/cells/F5/M10/checkpoint.pkl,99fc835a1cc88df16ccb35c5272ca4691bcc4f25eae45bdc2c6c28ce3a121da9,36,36,0.1126395627114312,2026-08-28T19:34:02.122997+00:00,0.4819,-7.0,Jacksonville State,7.0,0.8095,42,Jacksonville State,7.0,33,7,26,North Dakota State,False,31.7,North Dakota State,Loss,Loss
pre_game,Scientific roster (market-free F0–F6),0,1,401864577,Sat 5:30 PM,Jacksonville State,North Dakota State,scientific_F5_M2,spline,F5,-1.87889099766206,0.4790015084345346,Jacksonville State,1.879,Jacksonville State +7,8.879,Jacksonville State,1.0,Jacksonville State +7,8.0,2026,1,2026-08-29T21:30:00.000Z,False,False,regular,-7.0,2026,1,401864577,margin,/groups/bsavoie2/tburton2/TDNet/publication_artifacts/scientific_roster_refits/f0_f8_margin_through_2025_v1/cells/F5/M2/checkpoint.pkl,c688a874265ec3654c4b75991b59977e9fcec094af505e34a2e5dccca015955d,32,32,0.0419969831309307,2026-08-28T19:34:02.122997+00:00,0.4819,-7.0,Jacksonville State,7.0,0.8095,42,Jacksonville State,7.0,33,7,26,North Dakota State,False,27.87889099766206,North Dakota State,Loss,Loss
pre_game,Scientific roster (market-free F0–F6),0,1,401864577,Sat 5:30 PM,Jacksonville State,North Dakota State,scientific_F5_M3,tree,F5,-1.4209009555123766,0.4746485266505203,Jacksonville State,1.421,Jacksonville State +7,8.421,Jacksonville State,1.0,Jacksonville State +7,8.0,2026,1,2026-08-29T21:30:00.000Z,False,False,regular,-7.0,2026,1,401864577,margin,/groups/bsavoie2/tburton2/TDNet/publication_artifacts/scientific_roster_refits/f0_f8_margin_through_2025_v1/cells/F5/M3/checkpoint.pkl,5fd2b7b8a81f05acb3b0f169b641580185fa0b954897f332c458a9971eee26d9,33,33,0.0507029466989593,2026-08-28T19:34:02.122997+00:00,0.4819,-7.0,Jacksonville State,7.0,0.8095,42,Jacksonville State,7.0,33,7,26,North Dakota State,False,27.420900955512376,North Dakota State,Loss,Loss
pre_game,Scientific roster (market-free F0–F6),0,1,401864577,Sat 5:30 PM,Jacksonville State,North Dakota State,scientific_F5_M4,boosted,F5,-1.6610548178449236,0.4703730536896454,Jacksonville State,1.661,Jacksonville State +7,8.661,Jacksonville State,1.0,Jacksonville State +7,8.0,2026,1,2026-08-29T21:30:00.000Z,False,False,regular,-7.0,2026,1,401864577,margin,/groups/bsavoie2/tburton2/TDNet/publication_artifacts/scientific_roster_refits/f0_f8_margin_through_2025_v1/cells/F5/M4/checkpoint.pkl,797dfb35969984928095b6a6570cab555c85a25ae60f4cd1f063f07276c1a190,34,34,0.0592538926207092,2026-08-28T19:34:02.122997+00:00,0.4819,-7.0,Jacksonville State,7.0,0.8095,42,Jacksonville State,7.0,33,7,26,North Dakota State,False,27.661054817844924,North Dakota State,Loss,Loss
pre_game,Scientific roster (market-free F0–F6),0,1,401864577,Sat 5:30 PM,Jacksonville State,North Dakota State,scientific_F5_M5,neural,F5,-5.198685646057129,0.4082185530603937,Jacksonville State,5.199,Jacksonville State +7,12.199,Jacksonville State,1.0,Jacksonville State +7,8.0,2026,1,2026-08-29T21:30:00.000Z,False,False,regular,-7.0,2026,1,401864577,margin,/groups/bsavoie2/tburton2/TDNet/publication_artifacts/scientific_roster_refits/f0_f8_margin_through_2025_v1/cells/F5/M5/checkpoint.pkl,f5dae4b232221142b63cb90f233fc1f90bdca7af9c7fd07935daa1dd0bba698a,35,35,0.1835628938792125,2026-08-28T19:34:02.122997+00:00,0.4819,-7.0,Jacksonville State,7.0,0.8095,42,Jacksonville State,7.0,33,7,26,North Dakota State,False,31.19868564605713,North Dakota State,Loss,Loss
pre_game,Scientific roster (market-free F0–F6),0,1,401864577,Sat 5:30 PM,Jacksonville State,North Dakota State,scientific_F6_M1,linear,F6,-0.1245992595254694,0.4948587602911644,Jacksonville State,0.125,Jacksonville State +7,7.125,Jacksonville State,1.0,Jacksonville State +7,8.0,2026,1,2026-08-29T21:30:00.000Z,False,False,regular,-7.0,2026,1,401864577,margin,/groups/bsavoie2/tburton2/TDNet/publication_artifacts/scientific_roster_refits/f0_f8_margin_through_2025_v1/cells/F6/M1/checkpoint.pkl,3401ea2a804ae7e8cd2a86f9aae755290a10f6de78218adc9109ba366e081f49,37,37,0.0102824794176712,2026-08-28T19:34:02.122997+00:00,0.4819,-7.0,Jacksonville State,7.0,0.8095,42,Jacksonville State,7.0,33,7,26,North Dakota State,False,26.124599259525468,North Dakota State,Loss,Loss
pre_game,Scientific roster (market-free F0–F6),0,1,401864577,Sat 5:30 PM,Jacksonville State,North Dakota State,scientific_F6_M10,knn,F6,6.550000000000002,0.5748339867581981,North Dakota State,6.55,Jacksonville State +7,0.45,Jacksonville State,1.0,Jacksonville State +7,8.0,2026,1,2026-08-29T21:30:00.000Z,False,False,regular,-7.0,2026,1,401864577,margin,/groups/bsavoie2/tburton2/TDNet/publication_artifacts/scientific_roster_refits/f0_f8_margin_through_2025_v1/cells/F6/M10/checkpoint.pkl,a0062711632f89118ee18330188f9e8a7131b72349016765ad9fe5e5bf4cc65e,42,42,0.1496679735163961,2026-08-28T19:34:02.122997+00:00,0.4819,-7.0,Jacksonville State,7.0,0.8095,42,Jacksonville State,7.0,33,7,26,North Dakota State,True,19.45,North Dakota State,Loss,Loss
pre_game,Scientific roster (market-free F0–F6),0,1,401864577,Sat 5:30 PM,Jacksonville State,North Dakota State,scientific_F6_M2,spline,F6,-2.3816510405129288,0.4733921550900077,Jacksonville State,2.382,Jacksonville State +7,9.382,Jacksonville State,1.0,Jacksonville State +7,8.0,2026,1,2026-08-29T21:30:00.000Z,False,False,regular,-7.0,2026,1,401864577,margin,/groups/bsavoie2/tburton2/TDNet/publication_artifacts/scientific_roster_refits/f0_f8_margin_through_2025_v1/cells/F6/M2/checkpoint.pkl,f448804ac7906a628c9b1b0b6b1495b72b75da4819fff2b5bcc84f5a31c24737,38,38,0.0532156898199844,2026-08-28T19:34:02.122997+00:00,0.4819,-7.0,Jacksonville State,7.0,0.8095,42,Jacksonville State,7.0,33,7,26,North Dakota State,False,28.381651040512928,North Dakota State,Loss,Loss
pre_game,Scientific roster (market-free F0–F6),0,1,401864577,Sat 5:30 PM,Jacksonville State,North Dakota State,scientific_F6_M3,tree,F6,-1.836830328948581,0.4672464299564537,Jacksonville State,1.837,Jacksonville State +7,8.837,Jacksonville State,1.0,Jacksonville State +7,8.0,2026,1,2026-08-29T21:30:00.000Z,False,False,regular,-7.0,2026,1,401864577,margin,/groups/bsavoie2/tburton2/TDNet/publication_artifacts/scientific_roster_refits/f0_f8_margin_through_2025_v1/cells/F6/M3/checkpoint.pkl,e9613c967a6a92a1c8389cc0be9e00d0bd5a64b170cfdd514f3fcfde96290059,39,39,0.0655071400870925,2026-08-28T19:34:02.122997+00:00,0.4819,-7.0,Jacksonville State,7.0,0.8095,42,Jacksonville State,7.0,33,7,26,North Dakota State,False,27.83683032894858,North Dakota State,Loss,Loss
pre_game,Scientific roster (market-free F0–F6),0,1,401864577,Sat 5:30 PM,Jacksonville State,North Dakota State,scientific_F6_M4,boosted,F6,-1.9545192287057624,0.4651544490835838,Jacksonville State,1.955,Jacksonville State +7,8.955,Jacksonville State,1.0,Jacksonville State +7,8.0,2026,1,2026-08-29T21:30:00.000Z,False,False,regular,-7.0,2026,1,401864577,margin,/groups/bsavoie2/tburton2/TDNet/publication_artifacts/scientific_roster_refits/f0_f8_margin_through_2025_v1/cells/F6/M4/checkpoint.pkl,f02fc6dedb9083e88f65c74d032ea06df3285dbf84b6fad10c55d268c87332d7,40,40,0.0696911018328324,2026-08-28T19:34:02.122997+00:00,0.4819,-7.0,Jacksonville State,7.0,0.8095,42,Jacksonville State,7.0,33,7,26,North Dakota State,False,27.954519228705763,North Dakota State,Loss,Loss
pre_game,Scientific roster (market-free F0–F6),0,1,401864577,Sat 5:30 PM,Jacksonville State,North Dakota State,scientific_F6_M5,neural,F6,11.847002983093262,0.6997724447824258,North Dakota State,11.847,North Dakota State -7,4.847,Jacksonville State,1.0,Jacksonville State +7,8.0,2026,1,2026-08-29T21:30:00.000Z,False,False,regular,-7.0,2026,1,401864577,margin,/groups/bsavoie2/tburton2/TDNet/publication_artifacts/scientific_roster_refits/f0_f8_margin_through_2025_v1/cells/F6/M5/checkpoint.pkl,0bdacc7417d2444620f844f32f12743c7b4c12d6539e962892539fe191acf35d,41,41,0.3995448895648517,2026-08-28T19:34:02.122997+00:00,0.4819,-7.0,Jacksonville State,7.0,0.8095,42,North Dakota State,-7.0,33,7,26,North Dakota State,True,14.152997016906738,North Dakota State,Win,Loss
pre_game,Scientific roster (market-free F0–F6),0,1,401866408,Sat 6:30 PM,Sacramento State,Eastern Michigan,scientific_F0_M1,linear,F0,4.140479992255357,0.5734028921637125,Eastern Michigan,4.14,Sacramento State +9.5,5.36,Eastern Michigan,2.79,Sacramento State +9.5,6.71,2026,1,2026-08-29T22:30:00.000Z,False,True,regular,-9.5,2026,1,401866408,margin,/groups/bsavoie2/tburton2/TDNet/publication_artifacts/scientific_roster_refits/f0_f8_margin_through_2025_v1/cells/F0/M1/checkpoint.pkl,3004e951de040158ab253160a1e5faebc99073441fb5f3eb0322a6bdf211b863,1,1,0.146805784327425,2026-08-28T19:34:02.122997+00:00,0.5468,-9.5,Sacramento State,9.5,0.9048,42,Sacramento State,9.5,28,17,11,Eastern Michigan,True,6.859520007744643,Eastern Michigan,Loss,Loss
pre_game,Scientific roster (market-free F0–F6),0,1,401866408,Sat 6:30 PM,Sacramento State,Eastern Michigan,scientific_F0_M10,knn,F0,9.911658559982866,0.669953689730733,Eastern Michigan,9.912,Eastern Michigan -9.5,0.412,Eastern Michigan,2.79,Sacramento State +9.5,6.71,2026,1,2026-08-29T22:30:00.000Z,False,True,regular,-9.5,2026,1,401866408,margin,/groups/bsavoie2/tburton2/TDNet/publication_artifacts/scientific_roster_refits/f0_f8_margin_through_2025_v1/cells/F0/M10/checkpoint.pkl,b72148b78493a060d1e5be6746b97d7061aabc8de152a7dbd2609c57c966e170,6,6,0.339907379461466,2026-08-28T19:34:02.122997+00:00,0.5468,-9.5,Sacramento State,9.5,0.9048,42,Eastern Michigan,-9.5,28,17,11,Eastern Michigan,True,1.0883414400171336,Eastern Michigan,Win,Loss
pre_game,Scientific roster (market-free F0–F6),0,1,401866408,Sat 6:30 PM,Sacramento State,Eastern Michigan,scientific_F0_M2,spline,F0,3.962684811346076,0.5702935470532304,Eastern Michigan,3.963,Sacramento State +9.5,5.537,Eastern Michigan,2.79,Sacramento State +9.5,6.71,2026,1,2026-08-29T22:30:00.000Z,False,True,regular,-9.5,2026,1,401866408,margin,/groups/bsavoie2/tburton2/TDNet/publication_artifacts/scientific_roster_refits/f0_f8_margin_through_2025_v1/cells/F0/M2/checkpoint.pkl,faa0aa500ef3a49204415f776e055580b8b2192d373428f5c322465c4b6b53a5,2,2,0.1405870941064608,2026-08-28T19:34:02.122997+00:00,0.5468,-9.5,Sacramento State,9.5,0.9048,42,Sacramento State,9.5,28,17,11,Eastern Michigan,True,7.037315188653924,Eastern Michigan,Loss,Loss
pre_game,Scientific roster (market-free F0–F6),0,1,401866408,Sat 6:30 PM,Sacramento State,Eastern Michigan,scientific_F0_M3,tree,F0,11.596484523809522,0.6959996538910048,Eastern Michigan,11.596,Eastern Michigan -9.5,2.096,Eastern Michigan,2.79,Sacramento State +9.5,6.71,2026,1,2026-08-29T22:30:00.000Z,False,True,regular,-9.5,2026,1,401866408,margin,/groups/bsavoie2/tburton2/TDNet/publication_artifacts/scientific_roster_refits/f0_f8_margin_through_2025_v1/cells/F0/M3/checkpoint.pkl,358ba183dfb2490fa300be4658b19950aed0049b8ea4fce0bdd7cd13ceb41d21,3,3,0.3919993077820096,2026-08-28T19:34:02.122997+00:00,0.5468,-9.5,Sacramento State,9.5,0.9048,42,Eastern Michigan,-9.5,28,17,11,Eastern Michigan,True,0.5964845238095222,Eastern Michigan,Win,Loss
pre_game,Scientific roster (market-free F0–F6),0,1,401866408,Sat 6:30 PM,Sacramento State,Eastern Michigan,scientific_F0_M4,boosted,F0,2.366675040121724,0.542161696457692,Eastern Michigan,2.367,Sacramento State +9.5,7.133,Eastern Michigan,2.79,Sacramento State +9.5,6.71,2026,1,2026-08-29T22:30:00.000Z,False,True,regular,-9.5,2026,1,401866408,margin,/groups/bsavoie2/tburton2/TDNet/publication_artifacts/scientific_roster_refits/f0_f8_margin_through_2025_v1/cells/F0/M4/checkpoint.pkl,536856580617cdb0017463eadedb4239f7f52f3b6e217f92307fc64664dda481,4,4,0.0843233929153839,2026-08-28T19:34:02.122997+00:00,0.5468,-9.5,Sacramento State,9.5,0.9048,42,Sacramento State,9.5,28,17,11,Eastern Michigan,True,8.633324959878276,Eastern Michigan,Loss,Loss
pre_game,Scientific roster (market-free F0–F6),0,1,401866408,Sat 6:30 PM,Sacramento State,Eastern Michigan,scientific_F0_M5,neural,F0,4.047072410583496,0.5717700544941064,Eastern Michigan,4.047,Sacramento State +9.5,5.453,Eastern Michigan,2.79,Sacramento State +9.5,6.71,2026,1,2026-08-29T22:30:00.000Z,False,True,regular,-9.5,2026,1,401866408,margin,/groups/bsavoie2/tburton2/TDNet/publication_artifacts/scientific_roster_refits/f0_f8_margin_through_2025_v1/cells/F0/M5/checkpoint.pkl,b5c22a3c584ee4be901802a4cd0a8d35a35b0464f5fefaac5132089a925dc1af,5,5,0.1435401089882129,2026-08-28T19:34:02.122997+00:00,0.5468,-9.5,Sacramento State,9.5,0.9048,42,Sacramento State,9.5,28,17,11,Eastern Michigan,True,6.952927589416504,Eastern Michigan,Loss,Loss
pre_game,Scientific roster (market-free F0–F6),0,1,401866408,Sat 6:30 PM,Sacramento State,Eastern Michigan,scientific_F1_M1,linear,F1,3.0858973446669844,0.5548832783922654,Eastern Michigan,3.086,Sacramento State +9.5,6.414,Eastern Michigan,2.79,Sacramento State +9.5,6.71,2026,1,2026-08-29T22:30:00.000Z,False,True,regular,-9.5,2026,1,401866408,margin,/groups/bsavoie2/tburton2/TDNet/publication_artifacts/scientific_roster_refits/f0_f8_margin_through_2025_v1/cells/F1/M1/checkpoint.pkl,de123537a22f9ab809539f81b9b90e376311fd3703d871f3eebb0d5a5a6b0167,7,7,0.1097665567845307,2026-08-28T19:34:02.122997+00:00,0.5468,-9.5,Sacramento State,9.5,0.9048,42,Sacramento State,9.5,28,17,11,Eastern Michigan,True,7.914102655333016,Eastern Michigan,Loss,Loss
pre_game,Scientific roster (market-free F0–F6),0,1,401866408,Sat 6:30 PM,Sacramento State,Eastern Michigan,scientific_F1_M10,knn,F1,6.366607179161405,0.6117698119591742,Eastern Michigan,6.367,Sacramento State +9.5,3.133,Eastern Michigan,2.79,Sacramento State +9.5,6.71,2026,1,2026-08-29T22:30:00.000Z,False,True,regular,-9.5,2026,1,401866408,margin,/groups/bsavoie2/tburton2/TDNet/publication_artifacts/scientific_roster_refits/f0_f8_margin_through_2025_v1/cells/F1/M10/checkpoint.pkl,3d72b6bd97123eaa76a67c2debf38d1b23388a3605a981b3b121263f2c1deed8,12,12,0.2235396239183484,2026-08-28T19:34:02.122997+00:00,0.5468,-9.5,Sacramento State,9.5,0.9048,42,Sacramento State,9.5,28,17,11,Eastern Michigan,True,4.633392820838595,Eastern Michigan,Loss,Loss
pre_game,Scientific roster (market-free F0–F6),0,1,401866408,Sat 6:30 PM,Sacramento State,Eastern Michigan,scientific_F1_M2,spline,F1,1.5596148612862906,0.5278214988072868,Eastern Michigan,1.56,Sacramento State +9.5,7.94,Eastern Michigan,2.79,Sacramento State +9.5,6.71,2026,1,2026-08-29T22:30:00.000Z,False,True,regular,-9.5,2026,1,401866408,margin,/groups/bsavoie2/tburton2/TDNet/publication_artifacts/scientific_roster_refits/f0_f8_margin_through_2025_v1/cells/F1/M2/checkpoint.pkl,dd67d778cca7ecca58d04c1c2f81380cf31f9dc37912ed12f772336ea65440b5,8,8,0.0556429976145735,2026-08-28T19:34:02.122997+00:00,0.5468,-9.5,Sacramento State,9.5,0.9048,42,Sacramento State,9.5,28,17,11,Eastern Michigan,True,9.44038513871371,Eastern Michigan,Loss,Loss
pre_game,Scientific roster (market-free F0–F6),0,1,401866408,Sat 6:30 PM,Sacramento State,Eastern Michigan,scientific_F1_M3,tree,F1,-0.692064357864358,0.4876442238799598,Sacramento State,0.692,Sacramento State +9.5,10.192,Eastern Michigan,2.79,Sacramento State +9.5,6.71,2026,1,2026-08-29T22:30:00.000Z,False,True,regular,-9.5,2026,1,401866408,margin,/groups/bsavoie2/tburton2/TDNet/publication_artifacts/scientific_roster_refits/f0_f8_margin_through_2025_v1/cells/F1/M3/checkpoint.pkl,074942f55a18152490c8f5fbb362670a65f282e328e391b3fbde67b83fe800f6,9,9,0.0247115522400802,2026-08-28T19:34:02.122997+00:00,0.5468,-9.5,Sacramento State,9.5,0.9048,42,Sacramento State,9.5,28,17,11,Eastern Michigan,False,11.692064357864359,Eastern Michigan,Loss,Loss
pre_game,Scientific roster (market-free F0–F6),0,1,401866408,Sat 6:30 PM,Sacramento State,Eastern Michigan,scientific_F1_M4,boosted,F1,1.8758747773352868,0.5334477365667233,Eastern Michigan,1.876,Sacramento State +9.5,7.624,Eastern Michigan,2.79,Sacramento State +9.5,6.71,2026,1,2026-08-29T22:30:00.000Z,False,True,regular,-9.5,2026,1,401866408,margin,/groups/bsavoie2/tburton2/TDNet/publication_artifacts/scientific_roster_refits/f0_f8_margin_through_2025_v1/cells/F1/M4/checkpoint.pkl,ee9fb6307319157df56a4e2240b2ffb96777bd551b5342aa88c214a3808a6416,10,10,0.0668954731334465,2026-08-28T19:34:02.122997+00:00,0.5468,-9.5,Sacramento State,9.5,0.9048,42,Sacramento State,9.5,28,17,11,Eastern Michigan,True,9.124125222664713,Eastern Michigan,Loss,Loss
pre_game,Scientific roster (market-free F0–F6),0,1,401866408,Sat 6:30 PM,Sacramento State,Eastern Michigan,scientific_F1_M5,neural,F1,0.502202033996582,0.5089669319534007,Eastern Michigan,0.502,Sacramento State +9.5,8.998,Eastern Michigan,2.79,Sacramento State +9.5,6.71,2026,1,2026-08-29T22:30:00.000Z,False,True,regular,-9.5,2026,1,401866408,margin,/groups/bsavoie2/tburton2/TDNet/publication_artifacts/scientific_roster_refits/f0_f8_margin_through_2025_v1/cells/F1/M5/checkpoint.pkl,6c253ec4aadc5ed51e9904b1a244a90f8792cd0b73e3d94d9e038a331e786a79,11,11,0.0179338639068014,2026-08-28T19:34:02.122997+00:00,0.5468,-9.5,Sacramento State,9.5,0.9048,42,Sacramento State,9.5,28,17,11,Eastern Michigan,True,10.497797966003418,Eastern Michigan,Loss,Loss
pre_game,Scientific roster (market-free F0–F6),0,1,401866408,Sat 6:30 PM,Sacramento State,Eastern Michigan,scientific_F2_M1,linear,F2,2.728708202707804,0.5485732585779681,Eastern Michigan,2.729,Sacramento State +9.5,6.771,Eastern Michigan,2.79,Sacramento State +9.5,6.71,2026,1,2026-08-29T22:30:00.000Z,False,True,regular,-9.5,2026,1,401866408,margin,/groups/bsavoie2/tburton2/TDNet/publication_artifacts/scientific_roster_refits/f0_f8_margin_through_2025_v1/cells/F2/M1/checkpoint.pkl,0dc099ef612b0b493bded42b1f5f2ec58fb5b35d4589a2d88c26019fc903a737,13,13,0.0971465171559362,2026-08-28T19:34:02.122997+00:00,0.5468,-9.5,Sacramento State,9.5,0.9048,42,Sacramento State,9.5,28,17,11,Eastern Michigan,True,8.271291797292196,Eastern Michigan,Loss,Loss
pre_game,Scientific roster (market-free F0–F6),0,1,401866408,Sat 6:30 PM,Sacramento State,Eastern Michigan,scientific_F2_M10,knn,F2,-4.608877883053561,0.4184339344456146,Sacramento State,4.609,Sacramento State +9.5,14.109,Eastern Michigan,2.79,Sacramento State +9.5,6.71,2026,1,2026-08-29T22:30:00.000Z,False,True,regular,-9.5,2026,1,401866408,margin,/groups/bsavoie2/tburton2/TDNet/publication_artifacts/scientific_roster_refits/f0_f8_margin_through_2025_v1/cells/F2/M10/checkpoint.pkl,58ed41000abb0223c020a00119461f748ef991ffa3dbc1efd1df26ba4b05d96e,18,18,0.1631321311087707,2026-08-28T19:34:02.122997+00:00,0.5468,-9.5,Sacramento State,9.5,0.9048,42,Sacramento State,9.5,28,17,11,Eastern Michigan,False,15.60887788305356,Eastern Michigan,Loss,Loss
pre_game,Scientific roster (market-free F0–F6),0,1,401866408,Sat 6:30 PM,Sacramento State,Eastern Michigan,scientific_F2_M2,spline,F2,1.675201993588808,0.529878679907312,Eastern Michigan,1.675,Sacramento State +9.5,7.825,Eastern Michigan,2.79,Sacramento State +9.5,6.71,2026,1,2026-08-29T22:30:00.000Z,False,True,regular,-9.5,2026,1,401866408,margin,/groups/bsavoie2/tburton2/TDNet/publication_artifacts/scientific_roster_refits/f0_f8_margin_through_2025_v1/cells/F2/M2/checkpoint.pkl,7b3c33a92fae9994535095f83a468d5514e3d9fdf72e2e90993442e8a4c99329,14,14,0.0597573598146239,2026-08-28T19:34:02.122997+00:00,0.5468,-9.5,Sacramento State,9.5,0.9048,42,Sacramento State,9.5,28,17,11,Eastern Michigan,True,9.324798006411193,Eastern Michigan,Loss,Loss
pre_game,Scientific roster (market-free F0–F6),0,1,401866408,Sat 6:30 PM,Sacramento State,Eastern Michigan,scientific_F2_M3,tree,F2,2.8883388888888883,0.5513953111089115,Eastern Michigan,2.888,Sacramento State +9.5,6.612,Eastern Michigan,2.79,Sacramento State +9.5,6.71,2026,1,2026-08-29T22:30:00.000Z,False,True,regular,-9.5,2026,1,401866408,margin,/groups/bsavoie2/tburton2/TDNet/publication_artifacts/scientific_roster_refits/f0_f8_margin_through_2025_v1/cells/F2/M3/checkpoint.pkl,4d047265757142db6ad68cd76fb4cafba2cd34453f11f972f83ef29fe83f97a8,15,15,0.1027906222178229,2026-08-28T19:34:02.122997+00:00,0.5468,-9.5,Sacramento State,9.5,0.9048,42,Sacramento State,9.5,28,17,11,Eastern Michigan,True,8.111661111111111,Eastern Michigan,Loss,Loss
pre_game,Scientific roster (market-free F0–F6),0,1,401866408,Sat 6:30 PM,Sacramento State,Eastern Michigan,scientific_F2_M4,boosted,F2,2.1992346719613693,0.5391914877923673,Eastern Michigan,2.199,Sacramento State +9.5,7.301,Eastern Michigan,2.79,Sacramento State +9.5,6.71,2026,1,2026-08-29T22:30:00.000Z,False,True,regular,-9.5,2026,1,401866408,margin,/groups/bsavoie2/tburton2/TDNet/publication_artifacts/scientific_roster_refits/f0_f8_margin_through_2025_v1/cells/F2/M4/checkpoint.pkl,a0eadb4cea94836b3ade844d07239c990f356552dc0c69793093274ad8afa8c1,16,16,0.0783829755847345,2026-08-28T19:34:02.122997+00:00,0.5468,-9.5,Sacramento State,9.5,0.9048,42,Sacramento State,9.5,28,17,11,Eastern Michigan,True,8.800765328038631,Eastern Michigan,Loss,Loss
pre_game,Scientific roster (market-free F0–F6),0,1,401866408,Sat 6:30 PM,Sacramento State,Eastern Michigan,scientific_F2_M5,neural,F2,1.730703592300415,0.5308661224668666,Eastern Michigan,1.731,Sacramento State +9.5,7.769,Eastern Michigan,2.79,Sacramento State +9.5,6.71,2026,1,2026-08-29T22:30:00.000Z,False,True,regular,-9.5,2026,1,401866408,margin,/groups/bsavoie2/tburton2/TDNet/publication_artifacts/scientific_roster_refits/f0_f8_margin_through_2025_v1/cells/F2/M5/checkpoint.pkl,391e1dd75e342bb0cd1e66b6178918b76670583a8f2ed306044cac4d48738f24,17,17,0.0617322449337331,2026-08-28T19:34:02.122997+00:00,0.5468,-9.5,Sacramento State,9.5,0.9048,42,Sacramento State,9.5,28,17,11,Eastern Michigan,True,9.269296407699585,Eastern Michigan,Loss,Loss
pre_game,Scientific roster (market-free F0–F6),0,1,401866408,Sat 6:30 PM,Sacramento State,Eastern Michigan,scientific_F3_M1,linear,F3,2.9057518563346454,0.5517029518242133,Eastern Michigan,2.906,Sacramento State +9.5,6.594,Eastern Michigan,2.79,Sacramento State +9.5,6.71,2026,1,2026-08-29T22:30:00.000Z,False,True,regular,-9.5,2026,1,401866408,margin,/groups/bsavoie2/tburton2/TDNet/publication_artifacts/scientific_roster_refits/f0_f8_margin_through_2025_v1/cells/F3/M1/checkpoint.pkl,fcec1890921aaae1e705ec31c93bd07e779a520e874f9ebceb562185ac567097,19,19,0.1034059036484265,2026-08-28T19:34:02.122997+00:00,0.5468,-9.5,Sacramento State,9.5,0.9048,42,Sacramento State,9.5,28,17,11,Eastern Michigan,True,8.094248143665354,Eastern Michigan,Loss,Loss
pre_game,Scientific roster (market-free F0–F6),0,1,401866408,Sat 6:30 PM,Sacramento State,Eastern Michigan,scientific_F3_M10,knn,F3,1.0895832360167996,0.5194470284412062,Eastern Michigan,1.09,Sacramento State +9.5,8.41,Eastern Michigan,2.79,Sacramento State +9.5,6.71,2026,1,2026-08-29T22:30:00.000Z,False,True,regular,-9.5,2026,1,401866408,margin,/groups/bsavoie2/tburton2/TDNet/publication_artifacts/scientific_roster_refits/f0_f8_margin_through_2025_v1/cells/F3/M10/checkpoint.pkl,ceb577b58fc9ac4669e026a9a0a50a60f06535cdf9624540a567dbecb6ad817d,24,24,0.0388940568824123,2026-08-28T19:34:02.122997+00:00,0.5468,-9.5,Sacramento State,9.5,0.9048,42,Sacramento State,9.5,28,17,11,Eastern Michigan,True,9.9104167639832,Eastern Michigan,Loss,Loss
pre_game,Scientific roster (market-free F0–F6),0,1,401866408,Sat 6:30 PM,Sacramento State,Eastern Michigan,scientific_F3_M2,spline,F3,2.7512737277741337,0.5489723801749189,Eastern Michigan,2.751,Sacramento State +9.5,6.749,Eastern Michigan,2.79,Sacramento State +9.5,6.71,2026,1,2026-08-29T22:30:00.000Z,False,True,regular,-9.5,2026,1,401866408,margin,/groups/bsavoie2/tburton2/TDNet/publication_artifacts/scientific_roster_refits/f0_f8_margin_through_2025_v1/cells/F3/M2/checkpoint.pkl,f36e6608055d3601c0cb151657e2123369fbb5a3e217257ffefe5a8c54731dd8,20,20,0.0979447603498377,2026-08-28T19:34:02.122997+00:00,0.5468,-9.5,Sacramento State,9.5,0.9048,42,Sacramento State,9.5,28,17,11,Eastern Michigan,True,8.248726272225866,Eastern Michigan,Loss,Loss
pre_game,Scientific roster (market-free F0–F6),0,1,401866408,Sat 6:30 PM,Sacramento State,Eastern Michigan,scientific_F3_M3,tree,F3,2.894442422202206,0.5515031487608762,Eastern Michigan,2.894,Sacramento State +9.5,6.606,Eastern Michigan,2.79,Sacramento State +9.5,6.71,2026,1,2026-08-29T22:30:00.000Z,False,True,regular,-9.5,2026,1,401866408,margin,/groups/bsavoie2/tburton2/TDNet/publication_artifacts/scientific_roster_refits/f0_f8_margin_through_2025_v1/cells/F3/M3/checkpoint.pkl,e0f6118c8005d407eb61d00ecac92260c8bf03bb6fa032475509cc7134626f4e,21,21,0.1030062975217525,2026-08-28T19:34:02.122997+00:00,0.5468,-9.5,Sacramento State,9.5,0.9048,42,Sacramento State,9.5,28,17,11,Eastern Michigan,True,8.105557577797795,Eastern Michigan,Loss,Loss
pre_game,Scientific roster (market-free F0–F6),0,1,401866408,Sat 6:30 PM,Sacramento State,Eastern Michigan,scientific_F3_M4,boosted,F3,3.4177484691985898,0.5607299119677874,Eastern Michigan,3.418,Sacramento State +9.5,6.082,Eastern Michigan,2.79,Sacramento State +9.5,6.71,2026,1,2026-08-29T22:30:00.000Z,False,True,regular,-9.5,2026,1,401866408,margin,/groups/bsavoie2/tburton2/TDNet/publication_artifacts/scientific_roster_refits/f0_f8_margin_through_2025_v1/cells/F3/M4/checkpoint.pkl,a15efa59a4e377aec28d2a2563ec10d04c5dda2e1fbe264dce56178a75ab1b06,22,22,0.1214598239355748,2026-08-28T19:34:02.122997+00:00,0.5468,-9.5,Sacramento State,9.5,0.9048,42,Sacramento State,9.5,28,17,11,Eastern Michigan,True,7.58225153080141,Eastern Michigan,Loss,Loss
pre_game,Scientific roster (market-free F0–F6),0,1,401866408,Sat 6:30 PM,Sacramento State,Eastern Michigan,scientific_F3_M5,neural,F3,6.240504264831543,0.6096283570224829,Eastern Michigan,6.241,Sacramento State +9.5,3.259,Eastern Michigan,2.79,Sacramento State +9.5,6.71,2026,1,2026-08-29T22:30:00.000Z,False,True,regular,-9.5,2026,1,401866408,margin,/groups/bsavoie2/tburton2/TDNet/publication_artifacts/scientific_roster_refits/f0_f8_margin_through_2025_v1/cells/F3/M5/checkpoint.pkl,7e365cdb1488185cb7075ddeb20eaab5ded63fc4829150b96f1952483bf72e3c,23,23,0.2192567140449657,2026-08-28T19:34:02.122997+00:00,0.5468,-9.5,Sacramento State,9.5,0.9048,42,Sacramento State,9.5,28,17,11,Eastern Michigan,True,4.759495735168457,Eastern Michigan,Loss,Loss
pre_game,Scientific roster (market-free F0–F6),0,1,401866408,Sat 6:30 PM,Sacramento State,Eastern Michigan,scientific_F4_M1,linear,F4,1.693423157716392,0.5302028832792176,Eastern Michigan,1.693,Sacramento State +9.5,7.807,Eastern Michigan,2.79,Sacramento State +9.5,6.71,2026,1,2026-08-29T22:30:00.000Z,False,True,regular,-9.5,2026,1,401866408,margin,/groups/bsavoie2/tburton2/TDNet/publication_artifacts/scientific_roster_refits/f0_f8_margin_through_2025_v1/cells/F4/M1/checkpoint.pkl,5e1f22b2fba89c54267ce85ddc65d6941a63a040527f86d4c1e518e5a004467a,25,25,0.0604057665584352,2026-08-28T19:34:02.122997+00:00,0.5468,-9.5,Sacramento State,9.5,0.9048,42,Sacramento State,9.5,28,17,11,Eastern Michigan,True,9.306576842283608,Eastern Michigan,Loss,Loss
pre_game,Scientific roster (market-free F0–F6),0,1,401866408,Sat 6:30 PM,Sacramento State,Eastern Michigan,scientific_F4_M10,knn,F4,3.4800252836503964,0.5618252941831894,Eastern Michigan,3.48,Sacramento State +9.5,6.02,Eastern Michigan,2.79,Sacramento State +9.5,6.71,2026,1,2026-08-29T22:30:00.000Z,False,True,regular,-9.5,2026,1,401866408,margin,/groups/bsavoie2/tburton2/TDNet/publication_artifacts/scientific_roster_refits/f0_f8_margin_through_2025_v1/cells/F4/M10/checkpoint.pkl,3506cc48b80ce8af9588d310557a7085180676d9c57cc1efb7977735ead804d7,30,30,0.1236505883663787,2026-08-28T19:34:02.122997+00:00,0.5468,-9.5,Sacramento State,9.5,0.9048,42,Sacramento State,9.5,28,17,11,Eastern Michigan,True,7.519974716349603,Eastern Michigan,Loss,Loss
pre_game,Scientific roster (market-free F0–F6),0,1,401866408,Sat 6:30 PM,Sacramento State,Eastern Michigan,scientific_F4_M2,spline,F4,3.047518500901597,0.5542060978477522,Eastern Michigan,3.048,Sacramento State +9.5,6.452,Eastern Michigan,2.79,Sacramento State +9.5,6.71,2026,1,2026-08-29T22:30:00.000Z,False,True,regular,-9.5,2026,1,401866408,margin,/groups/bsavoie2/tburton2/TDNet/publication_artifacts/scientific_roster_refits/f0_f8_margin_through_2025_v1/cells/F4/M2/checkpoint.pkl,29ce994bf944f848dfdce0a43acd8b21d8301dcb0895f03fe928313bd3e18c17,26,26,0.1084121956955044,2026-08-28T19:34:02.122997+00:00,0.5468,-9.5,Sacramento State,9.5,0.9048,42,Sacramento State,9.5,28,17,11,Eastern Michigan,True,7.952481499098403,Eastern Michigan,Loss,Loss
pre_game,Scientific roster (market-free F0–F6),0,1,401866408,Sat 6:30 PM,Sacramento State,Eastern Michigan,scientific_F4_M3,tree,F4,2.725159389478824,0.5485104842072324,Eastern Michigan,2.725,Sacramento State +9.5,6.775,Eastern Michigan,2.79,Sacramento State +9.5,6.71,2026,1,2026-08-29T22:30:00.000Z,False,True,regular,-9.5,2026,1,401866408,margin,/groups/bsavoie2/tburton2/TDNet/publication_artifacts/scientific_roster_refits/f0_f8_margin_through_2025_v1/cells/F4/M3/checkpoint.pkl,941e0b9cf5dca9bf3bfa4f6a0079cd6bcfdf580593d4979393c794e4774101d8,27,27,0.0970209684144647,2026-08-28T19:34:02.122997+00:00,0.5468,-9.5,Sacramento State,9.5,0.9048,42,Sacramento State,9.5,28,17,11,Eastern Michigan,True,8.274840610521176,Eastern Michigan,Loss,Loss
pre_game,Scientific roster (market-free F0–F6),0,1,401866408,Sat 6:30 PM,Sacramento State,Eastern Michigan,scientific_F4_M4,boosted,F4,3.2485758318581173,0.5577513888647966,Eastern Michigan,3.249,Sacramento State +9.5,6.251,Eastern Michigan,2.79,Sacramento State +9.5,6.71,2026,1,2026-08-29T22:30:00.000Z,False,True,regular,-9.5,2026,1,401866408,margin,/groups/bsavoie2/tburton2/TDNet/publication_artifacts/scientific_roster_refits/f0_f8_margin_through_2025_v1/cells/F4/M4/checkpoint.pkl,5c735ec5a2cef35758da96c6fe465c25721aa40884a5144f9a0a05d16a324a07,28,28,0.1155027777295931,2026-08-28T19:34:02.122997+00:00,0.5468,-9.5,Sacramento State,9.5,0.9048,42,Sacramento State,9.5,28,17,11,Eastern Michigan,True,7.751424168141883,Eastern Michigan,Loss,Loss
pre_game,Scientific roster (market-free F0–F6),0,1,401866408,Sat 6:30 PM,Sacramento State,Eastern Michigan,scientific_F4_M5,neural,F4,0.6065865159034729,0.5108302078435187,Eastern Michigan,0.607,Sacramento State +9.5,8.893,Eastern Michigan,2.79,Sacramento State +9.5,6.71,2026,1,2026-08-29T22:30:00.000Z,False,True,regular,-9.5,2026,1,401866408,margin,/groups/bsavoie2/tburton2/TDNet/publication_artifacts/scientific_roster_refits/f0_f8_margin_through_2025_v1/cells/F4/M5/checkpoint.pkl,af90514c860951f28aea6b1acd588894aab8d4822e29ffbc548337c5d213ed91,29,29,0.0216604156870374,2026-08-28T19:34:02.122997+00:00,0.5468,-9.5,Sacramento State,9.5,0.9048,42,Sacramento State,9.5,28,17,11,Eastern Michigan,True,10.393413484096527,Eastern Michigan,Loss,Loss
pre_game,Scientific roster (market-free F0–F6),0,1,401866408,Sat 6:30 PM,Sacramento State,Eastern Michigan,scientific_F5_M1,linear,F5,0.2012452156895454,0.5083033498076257,Eastern Michigan,0.201,Sacramento State +9.5,9.299,Eastern Michigan,2.79,Sacramento State +9.5,6.71,2026,1,2026-08-29T22:30:00.000Z,False,True,regular,-9.5,2026,1,401866408,margin,/groups/bsavoie2/tburton2/TDNet/publication_artifacts/scientific_roster_refits/f0_f8_margin_through_2025_v1/cells/F5/M1/checkpoint.pkl,9ac8b1110596206294dcb94ca99f78d5515f26e8c83db988ea842f703dc2a889,31,31,0.0166066996152514,2026-08-28T19:34:02.122997+00:00,0.5468,-9.5,Sacramento State,9.5,0.9048,42,Sacramento State,9.5,28,17,11,Eastern Michigan,True,10.798754784310455,Eastern Michigan,Loss,Loss
pre_game,Scientific roster (market-free F0–F6),0,1,401866408,Sat 6:30 PM,Sacramento State,Eastern Michigan,scientific_F5_M10,knn,F5,7.300000000000002,0.5719336891406824,Eastern Michigan,7.3,Sacramento State +9.5,2.2,Eastern Michigan,2.79,Sacramento State +9.5,6.71,2026,1,2026-08-29T22:30:00.000Z,False,True,regular,-9.5,2026,1,401866408,margin,/groups/bsavoie2/tburton2/TDNet/publication_artifacts/scientific_roster_refits/f0_f8_margin_through_2025_v1/cells/F5/M10/checkpoint.pkl,99fc835a1cc88df16ccb35c5272ca4691bcc4f25eae45bdc2c6c28ce3a121da9,36,36,0.1438673782813648,2026-08-28T19:34:02.122997+00:00,0.5468,-9.5,Sacramento State,9.5,0.9048,42,Sacramento State,9.5,28,17,11,Eastern Michigan,True,3.6999999999999984,Eastern Michigan,Loss,Loss
pre_game,Scientific roster (market-free F0–F6),0,1,401866408,Sat 6:30 PM,Sacramento State,Eastern Michigan,scientific_F5_M2,spline,F5,2.626200141799033,0.5293339699057876,Eastern Michigan,2.626,Sacramento State +9.5,6.874,Eastern Michigan,2.79,Sacramento State +9.5,6.71,2026,1,2026-08-29T22:30:00.000Z,False,True,regular,-9.5,2026,1,401866408,margin,/groups/bsavoie2/tburton2/TDNet/publication_artifacts/scientific_roster_refits/f0_f8_margin_through_2025_v1/cells/F5/M2/checkpoint.pkl,c688a874265ec3654c4b75991b59977e9fcec094af505e34a2e5dccca015955d,32,32,0.0586679398115752,2026-08-28T19:34:02.122997+00:00,0.5468,-9.5,Sacramento State,9.5,0.9048,42,Sacramento State,9.5,28,17,11,Eastern Michigan,True,8.373799858200968,Eastern Michigan,Loss,Loss
pre_game,Scientific roster (market-free F0–F6),0,1,401866408,Sat 6:30 PM,Sacramento State,Eastern Michigan,scientific_F5_M3,tree,F5,2.9999869392144425,0.5533671422283362,Eastern Michigan,3.0,Sacramento State +9.5,6.5,Eastern Michigan,2.79,Sacramento State +9.5,6.71,2026,1,2026-08-29T22:30:00.000Z,False,True,regular,-9.5,2026,1,401866408,margin,/groups/bsavoie2/tburton2/TDNet/publication_artifacts/scientific_roster_refits/f0_f8_margin_through_2025_v1/cells/F5/M3/checkpoint.pkl,5fd2b7b8a81f05acb3b0f169b641580185fa0b954897f332c458a9971eee26d9,33,33,0.1067342844566723,2026-08-28T19:34:02.122997+00:00,0.5468,-9.5,Sacramento State,9.5,0.9048,42,Sacramento State,9.5,28,17,11,Eastern Michigan,True,8.000013060785557,Eastern Michigan,Loss,Loss
pre_game,Scientific roster (market-free F0–F6),0,1,401866408,Sat 6:30 PM,Sacramento State,Eastern Michigan,scientific_F5_M4,boosted,F5,3.0545047346485323,0.5543293824231502,Eastern Michigan,3.055,Sacramento State +9.5,6.445,Eastern Michigan,2.79,Sacramento State +9.5,6.71,2026,1,2026-08-29T22:30:00.000Z,False,True,regular,-9.5,2026,1,401866408,margin,/groups/bsavoie2/tburton2/TDNet/publication_artifacts/scientific_roster_refits/f0_f8_margin_through_2025_v1/cells/F5/M4/checkpoint.pkl,797dfb35969984928095b6a6570cab555c85a25ae60f4cd1f063f07276c1a190,34,34,0.1086587648463004,2026-08-28T19:34:02.122997+00:00,0.5468,-9.5,Sacramento State,9.5,0.9048,42,Sacramento State,9.5,28,17,11,Eastern Michigan,True,7.945495265351468,Eastern Michigan,Loss,Loss
pre_game,Scientific roster (market-free F0–F6),0,1,401866408,Sat 6:30 PM,Sacramento State,Eastern Michigan,scientific_F5_M5,neural,F5,-1.1658411026000977,0.479193431296266,Sacramento State,1.166,Sacramento State +9.5,10.666,Eastern Michigan,2.79,Sacramento State +9.5,6.71,2026,1,2026-08-29T22:30:00.000Z,False,True,regular,-9.5,2026,1,401866408,margin,/groups/bsavoie2/tburton2/TDNet/publication_artifacts/scientific_roster_refits/f0_f8_margin_through_2025_v1/cells/F5/M5/checkpoint.pkl,f5dae4b232221142b63cb90f233fc1f90bdca7af9c7fd07935daa1dd0bba698a,35,35,0.0416131374074678,2026-08-28T19:34:02.122997+00:00,0.5468,-9.5,Sacramento State,9.5,0.9048,42,Sacramento State,9.5,28,17,11,Eastern Michigan,False,12.165841102600098,Eastern Michigan,Loss,Loss
pre_game,Scientific roster (market-free F0–F6),0,1,401866408,Sat 6:30 PM,Sacramento State,Eastern Michigan,scientific_F6_M1,linear,F6,0.9874577663757096,0.5406561578903908,Eastern Michigan,0.987,Sacramento State +9.5,8.513,Eastern Michigan,2.79,Sacramento State +9.5,6.71,2026,1,2026-08-29T22:30:00.000Z,False,True,regular,-9.5,2026,1,401866408,margin,/groups/bsavoie2/tburton2/TDNet/publication_artifacts/scientific_roster_refits/f0_f8_margin_through_2025_v1/cells/F6/M1/checkpoint.pkl,3401ea2a804ae7e8cd2a86f9aae755290a10f6de78218adc9109ba366e081f49,37,37,0.0813123157807815,2026-08-28T19:34:02.122997+00:00,0.5468,-9.5,Sacramento State,9.5,0.9048,42,Sacramento State,9.5,28,17,11,Eastern Michigan,True,10.012542233624291,Eastern Michigan,Loss,Loss
pre_game,Scientific roster (market-free F0–F6),0,1,401866408,Sat 6:30 PM,Sacramento State,Eastern Michigan,scientific_F6_M10,knn,F6,6.15,0.5703264426781595,Eastern Michigan,6.15,Sacramento State +9.5,3.35,Eastern Michigan,2.79,Sacramento State +9.5,6.71,2026,1,2026-08-29T22:30:00.000Z,False,True,regular,-9.5,2026,1,401866408,margin,/groups/bsavoie2/tburton2/TDNet/publication_artifacts/scientific_roster_refits/f0_f8_margin_through_2025_v1/cells/F6/M10/checkpoint.pkl,a0062711632f89118ee18330188f9e8a7131b72349016765ad9fe5e5bf4cc65e,42,42,0.1406528853563189,2026-08-28T19:34:02.122997+00:00,0.5468,-9.5,Sacramento State,9.5,0.9048,42,Sacramento State,9.5,28,17,11,Eastern Michigan,True,4.85,Eastern Michigan,Loss,Loss
pre_game,Scientific roster (market-free F0–F6),0,1,401866408,Sat 6:30 PM,Sacramento State,Eastern Michigan,scientific_F6_M2,spline,F6,1.573427965168046,0.5175877257831318,Eastern Michigan,1.573,Sacramento State +9.5,7.927,Eastern Michigan,2.79,Sacramento State +9.5,6.71,2026,1,2026-08-29T22:30:00.000Z,False,True,regular,-9.5,2026,1,401866408,margin,/groups/bsavoie2/tburton2/TDNet/publication_artifacts/scientific_roster_refits/f0_f8_margin_through_2025_v1/cells/F6/M2/checkpoint.pkl,f448804ac7906a628c9b1b0b6b1495b72b75da4819fff2b5bcc84f5a31c24737,38,38,0.0351754515662636,2026-08-28T19:34:02.122997+00:00,0.5468,-9.5,Sacramento State,9.5,0.9048,42,Sacramento State,9.5,28,17,11,Eastern Michigan,True,9.426572034831954,Eastern Michigan,Loss,Loss
pre_game,Scientific roster (market-free F0–F6),0,1,401866408,Sat 6:30 PM,Sacramento State,Eastern Michigan,scientific_F6_M3,tree,F6,1.6152584819542704,0.528811947625582,Eastern Michigan,1.615,Sacramento State +9.5,7.885,Eastern Michigan,2.79,Sacramento State +9.5,6.71,2026,1,2026-08-29T22:30:00.000Z,False,True,regular,-9.5,2026,1,401866408,margin,/groups/bsavoie2/tburton2/TDNet/publication_artifacts/scientific_roster_refits/f0_f8_margin_through_2025_v1/cells/F6/M3/checkpoint.pkl,e9613c967a6a92a1c8389cc0be9e00d0bd5a64b170cfdd514f3fcfde96290059,39,39,0.057623895251164,2026-08-28T19:34:02.122997+00:00,0.5468,-9.5,Sacramento State,9.5,0.9048,42,Sacramento State,9.5,28,17,11,Eastern Michigan,True,9.384741518045729,Eastern Michigan,Loss,Loss
pre_game,Scientific roster (market-free F0–F6),0,1,401866408,Sat 6:30 PM,Sacramento State,Eastern Michigan,scientific_F6_M4,boosted,F6,-0.2191007344661594,0.4960875667383202,Sacramento State,0.219,Sacramento State +9.5,9.719,Eastern Michigan,2.79,Sacramento State +9.5,6.71,2026,1,2026-08-29T22:30:00.000Z,False,True,regular,-9.5,2026,1,401866408,margin,/groups/bsavoie2/tburton2/TDNet/publication_artifacts/scientific_roster_refits/f0_f8_margin_through_2025_v1/cells/F6/M4/checkpoint.pkl,f02fc6dedb9083e88f65c74d032ea06df3285dbf84b6fad10c55d268c87332d7,40,40,0.0078248665233595,2026-08-28T19:34:02.122997+00:00,0.5468,-9.5,Sacramento State,9.5,0.9048,42,Sacramento State,9.5,28,17,11,Eastern Michigan,False,11.21910073446616,Eastern Michigan,Loss,Loss
pre_game,Scientific roster (market-free F0–F6),0,1,401866408,Sat 6:30 PM,Sacramento State,Eastern Michigan,scientific_F6_M5,neural,F6,2.5567142963409424,0.545529145990208,Eastern Michigan,2.557,Sacramento State +9.5,6.943,Eastern Michigan,2.79,Sacramento State +9.5,6.71,2026,1,2026-08-29T22:30:00.000Z,False,True,regular,-9.5,2026,1,401866408,margin,/groups/bsavoie2/tburton2/TDNet/publication_artifacts/scientific_roster_refits/f0_f8_margin_through_2025_v1/cells/F6/M5/checkpoint.pkl,0bdacc7417d2444620f844f32f12743c7b4c12d6539e962892539fe191acf35d,41,41,0.0910582919804159,2026-08-28T19:34:02.122997+00:00,0.5468,-9.5,Sacramento State,9.5,0.9048,42,Sacramento State,9.5,28,17,11,Eastern Michigan,True,8.443285703659058,Eastern Michigan,Loss,Loss
pre_game,Scientific roster (market-free F0–F6),0,1,401858201,Sat 7:00 PM,Hawai'i,Stanford,scientific_F0_M1,linear,F0,10.120215103356522,0.6732392488724904,Stanford,10.12,Stanford -4,6.12,Stanford,0.55,Hawai'i +4,3.45,2026,1,2026-08-29T23:00:00.000Z,False,False,regular,-4.0,2026,1,401858201,margin,/groups/bsavoie2/tburton2/TDNet/publication_artifacts/scientific_roster_refits/f0_f8_margin_through_2025_v1/cells/F0/M1/checkpoint.pkl,3004e951de040158ab253160a1e5faebc99073441fb5f3eb0322a6bdf211b863,1,1,0.3464784977449808,2026-08-28T19:34:02.122997+00:00,0.5038,-4.0,Hawai'i,4.0,0.619,42,Stanford,-4.0,37,27,10,Stanford,True,0.12021510335652152,Stanford,Win,Loss
pre_game,Scientific roster (market-free F0–F6),0,1,401858201,Sat 7:00 PM,Hawai'i,Stanford,scientific_F0_M10,knn,F0,1.6820128737451878,0.5299998666951347,Stanford,1.682,Hawai'i +4,2.318,Stanford,0.55,Hawai'i +4,3.45,2026,1,2026-08-29T23:00:00.000Z,False,False,regular,-4.0,2026,1,401858201,margin,/groups/bsavoie2/tburton2/TDNet/publication_artifacts/scientific_roster_refits/f0_f8_margin_through_2025_v1/cells/F0/M10/checkpoint.pkl,b72148b78493a060d1e5be6746b97d7061aabc8de152a7dbd2609c57c966e170,6,6,0.0599997333902693,2026-08-28T19:34:02.122997+00:00,0.5038,-4.0,Hawai'i,4.0,0.619,42,Hawai'i,4.0,37,27,10,Stanford,True,8.317987126254812,Stanford,Loss,Loss
pre_game,Scientific roster (market-free F0–F6),0,1,401858201,Sat 7:00 PM,Hawai'i,Stanford,scientific_F0_M2,spline,F0,10.492548080106811,0.6790627069699624,Stanford,10.493,Stanford -4,6.493,Stanford,0.55,Hawai'i +4,3.45,2026,1,2026-08-29T23:00:00.000Z,False,False,regular,-4.0,2026,1,401858201,margin,/groups/bsavoie2/tburton2/TDNet/publication_artifacts/scientific_roster_refits/f0_f8_margin_through_2025_v1/cells/F0/M2/checkpoint.pkl,faa0aa500ef3a49204415f776e055580b8b2192d373428f5c322465c4b6b53a5,2,2,0.3581254139399248,2026-08-28T19:34:02.122997+00:00,0.5038,-4.0,Hawai'i,4.0,0.619,42,Stanford,-4.0,37,27,10,Stanford,True,0.49254808010681117,Stanford,Win,Loss
pre_game,Scientific roster (market-free F0–F6),0,1,401858201,Sat 7:00 PM,Hawai'i,Stanford,scientific_F0_M3,tree,F0,2.660197694696605,0.5473611167332894,Stanford,2.66,Hawai'i +4,1.34,Stanford,0.55,Hawai'i +4,3.45,2026,1,2026-08-29T23:00:00.000Z,False,False,regular,-4.0,2026,1,401858201,margin,/groups/bsavoie2/tburton2/TDNet/publication_artifacts/scientific_roster_refits/f0_f8_margin_through_2025_v1/cells/F0/M3/checkpoint.pkl,358ba183dfb2490fa300be4658b19950aed0049b8ea4fce0bdd7cd13ceb41d21,3,3,0.0947222334665787,2026-08-28T19:34:02.122997+00:00,0.5038,-4.0,Hawai'i,4.0,0.619,42,Hawai'i,4.0,37,27,10,Stanford,True,7.339802305303396,Stanford,Loss,Loss
pre_game,Scientific roster (market-free F0–F6),0,1,401858201,Sat 7:00 PM,Hawai'i,Stanford,scientific_F0_M4,boosted,F0,12.20606889291561,0.705133006964859,Stanford,12.206,Stanford -4,8.206,Stanford,0.55,Hawai'i +4,3.45,2026,1,2026-08-29T23:00:00.000Z,False,False,regular,-4.0,2026,1,401858201,margin,/groups/bsavoie2/tburton2/TDNet/publication_artifacts/scientific_roster_refits/f0_f8_margin_through_2025_v1/cells/F0/M4/checkpoint.pkl,536856580617cdb0017463eadedb4239f7f52f3b6e217f92307fc64664dda481,4,4,0.410266013929718,2026-08-28T19:34:02.122997+00:00,0.5038,-4.0,Hawai'i,4.0,0.619,42,Stanford,-4.0,37,27,10,Stanford,True,2.20606889291561,Stanford,Win,Loss
pre_game,Scientific roster (market-free F0–F6),0,1,401858201,Sat 7:00 PM,Hawai'i,Stanford,scientific_F0_M5,neural,F0,13.096508026123049,0.7181826704789617,Stanford,13.097,Stanford -4,9.097,Stanford,0.55,Hawai'i +4,3.45,2026,1,2026-08-29T23:00:00.000Z,False,False,regular,-4.0,2026,1,401858201,margin,/groups/bsavoie2/tburton2/TDNet/publication_artifacts/scientific_roster_refits/f0_f8_margin_through_2025_v1/cells/F0/M5/checkpoint.pkl,b5c22a3c584ee4be901802a4cd0a8d35a35b0464f5fefaac5132089a925dc1af,5,5,0.4363653409579233,2026-08-28T19:34:02.122997+00:00,0.5038,-4.0,Hawai'i,4.0,0.619,42,Stanford,-4.0,37,27,10,Stanford,True,3.0965080261230487,Stanford,Win,Loss
pre_game,Scientific roster (market-free F0–F6),0,1,401858201,Sat 7:00 PM,Hawai'i,Stanford,scientific_F1_M1,linear,F1,-1.0573261004231815,0.4811281459816115,Hawai'i,1.057,Hawai'i +4,5.057,Stanford,0.55,Hawai'i +4,3.45,2026,1,2026-08-29T23:00:00.000Z,False,False,regular,-4.0,2026,1,401858201,margin,/groups/bsavoie2/tburton2/TDNet/publication_artifacts/scientific_roster_refits/f0_f8_margin_through_2025_v1/cells/F1/M1/checkpoint.pkl,de123537a22f9ab809539f81b9b90e376311fd3703d871f3eebb0d5a5a6b0167,7,7,0.0377437080367769,2026-08-28T19:34:02.122997+00:00,0.5038,-4.0,Hawai'i,4.0,0.619,42,Hawai'i,4.0,37,27,10,Stanford,False,11.057326100423182,Stanford,Loss,Loss
pre_game,Scientific roster (market-free F0–F6),0,1,401858201,Sat 7:00 PM,Hawai'i,Stanford,scientific_F1_M10,knn,F1,-0.3490695555923534,0.4937669379902559,Hawai'i,0.349,Hawai'i +4,4.349,Stanford,0.55,Hawai'i +4,3.45,2026,1,2026-08-29T23:00:00.000Z,False,False,regular,-4.0,2026,1,401858201,margin,/groups/bsavoie2/tburton2/TDNet/publication_artifacts/scientific_roster_refits/f0_f8_margin_through_2025_v1/cells/F1/M10/checkpoint.pkl,3d72b6bd97123eaa76a67c2debf38d1b23388a3605a981b3b121263f2c1deed8,12,12,0.0124661240194882,2026-08-28T19:34:02.122997+00:00,0.5038,-4.0,Hawai'i,4.0,0.619,42,Hawai'i,4.0,37,27,10,Stanford,False,10.349069555592353,Stanford,Loss,Loss
pre_game,Scientific roster (market-free F0–F6),0,1,401858201,Sat 7:00 PM,Hawai'i,Stanford,scientific_F1_M2,spline,F1,-3.785306844155757,0.4328140386520503,Hawai'i,3.785,Hawai'i +4,7.785,Stanford,0.55,Hawai'i +4,3.45,2026,1,2026-08-29T23:00:00.000Z,False,False,regular,-4.0,2026,1,401858201,margin,/groups/bsavoie2/tburton2/TDNet/publication_artifacts/scientific_roster_refits/f0_f8_margin_through_2025_v1/cells/F1/M2/checkpoint.pkl,dd67d778cca7ecca58d04c1c2f81380cf31f9dc37912ed12f772336ea65440b5,8,8,0.1343719226958993,2026-08-28T19:34:02.122997+00:00,0.5038,-4.0,Hawai'i,4.0,0.619,42,Hawai'i,4.0,37,27,10,Stanford,False,13.785306844155757,Stanford,Loss,Loss
pre_game,Scientific roster (market-free F0–F6),0,1,401858201,Sat 7:00 PM,Hawai'i,Stanford,scientific_F1_M3,tree,F1,0.7742007936507931,0.5138214920640704,Stanford,0.774,Hawai'i +4,3.226,Stanford,0.55,Hawai'i +4,3.45,2026,1,2026-08-29T23:00:00.000Z,False,False,regular,-4.0,2026,1,401858201,margin,/groups/bsavoie2/tburton2/TDNet/publication_artifacts/scientific_roster_refits/f0_f8_margin_through_2025_v1/cells/F1/M3/checkpoint.pkl,074942f55a18152490c8f5fbb362670a65f282e328e391b3fbde67b83fe800f6,9,9,0.0276429841281407,2026-08-28T19:34:02.122997+00:00,0.5038,-4.0,Hawai'i,4.0,0.619,42,Hawai'i,4.0,37,27,10,Stanford,True,9.225799206349206,Stanford,Loss,Loss
pre_game,Scientific roster (market-free F0–F6),0,1,401858201,Sat 7:00 PM,Hawai'i,Stanford,scientific_F1_M4,boosted,F1,-0.8199970895713953,0.4853613795126731,Hawai'i,0.82,Hawai'i +4,4.82,Stanford,0.55,Hawai'i +4,3.45,2026,1,2026-08-29T23:00:00.000Z,False,False,regular,-4.0,2026,1,401858201,margin,/groups/bsavoie2/tburton2/TDNet/publication_artifacts/scientific_roster_refits/f0_f8_margin_through_2025_v1/cells/F1/M4/checkpoint.pkl,ee9fb6307319157df56a4e2240b2ffb96777bd551b5342aa88c214a3808a6416,10,10,0.0292772409746537,2026-08-28T19:34:02.122997+00:00,0.5038,-4.0,Hawai'i,4.0,0.619,42,Hawai'i,4.0,37,27,10,Stanford,False,10.819997089571395,Stanford,Loss,Loss
pre_game,Scientific roster (market-free F0–F6),0,1,401858201,Sat 7:00 PM,Hawai'i,Stanford,scientific_F1_M5,neural,F1,-4.582502365112305,0.4188924620963272,Hawai'i,4.583,Hawai'i +4,8.583,Stanford,0.55,Hawai'i +4,3.45,2026,1,2026-08-29T23:00:00.000Z,False,False,regular,-4.0,2026,1,401858201,margin,/groups/bsavoie2/tburton2/TDNet/publication_artifacts/scientific_roster_refits/f0_f8_margin_through_2025_v1/cells/F1/M5/checkpoint.pkl,6c253ec4aadc5ed51e9904b1a244a90f8792cd0b73e3d94d9e038a331e786a79,11,11,0.1622150758073456,2026-08-28T19:34:02.122997+00:00,0.5038,-4.0,Hawai'i,4.0,0.619,42,Hawai'i,4.0,37,27,10,Stanford,False,14.582502365112305,Stanford,Loss,Loss
pre_game,Scientific roster (market-free F0–F6),0,1,401858201,Sat 7:00 PM,Hawai'i,Stanford,scientific_F2_M1,linear,F2,2.168541099014904,0.5386467091480889,Stanford,2.169,Hawai'i +4,1.831,Stanford,0.55,Hawai'i +4,3.45,2026,1,2026-08-29T23:00:00.000Z,False,False,regular,-4.0,2026,1,401858201,margin,/groups/bsavoie2/tburton2/TDNet/publication_artifacts/scientific_roster_refits/f0_f8_margin_through_2025_v1/cells/F2/M1/checkpoint.pkl,0dc099ef612b0b493bded42b1f5f2ec58fb5b35d4589a2d88c26019fc903a737,13,13,0.0772934182961777,2026-08-28T19:34:02.122997+00:00,0.5038,-4.0,Hawai'i,4.0,0.619,42,Hawai'i,4.0,37,27,10,Stanford,True,7.831458900985096,Stanford,Loss,Loss
pre_game,Scientific roster (market-free F0–F6),0,1,401858201,Sat 7:00 PM,Hawai'i,Stanford,scientific_F2_M10,knn,F2,-7.255032760050754,0.3732693407091668,Hawai'i,7.255,Hawai'i +4,11.255,Stanford,0.55,Hawai'i +4,3.45,2026,1,2026-08-29T23:00:00.000Z,False,False,regular,-4.0,2026,1,401858201,margin,/groups/bsavoie2/tburton2/TDNet/publication_artifacts/scientific_roster_refits/f0_f8_margin_through_2025_v1/cells/F2/M10/checkpoint.pkl,58ed41000abb0223c020a00119461f748ef991ffa3dbc1efd1df26ba4b05d96e,18,18,0.2534613185816663,2026-08-28T19:34:02.122997+00:00,0.5038,-4.0,Hawai'i,4.0,0.619,42,Hawai'i,4.0,37,27,10,Stanford,False,17.255032760050753,Stanford,Loss,Loss
pre_game,Scientific roster (market-free F0–F6),0,1,401858201,Sat 7:00 PM,Hawai'i,Stanford,scientific_F2_M2,spline,F2,-0.8790575652682682,0.4843076987948185,Hawai'i,0.879,Hawai'i +4,4.879,Stanford,0.55,Hawai'i +4,3.45,2026,1,2026-08-29T23:00:00.000Z,False,False,regular,-4.0,2026,1,401858201,margin,/groups/bsavoie2/tburton2/TDNet/publication_artifacts/scientific_roster_refits/f0_f8_margin_through_2025_v1/cells/F2/M2/checkpoint.pkl,7b3c33a92fae9994535095f83a468d5514e3d9fdf72e2e90993442e8a4c99329,14,14,0.031384602410363,2026-08-28T19:34:02.122997+00:00,0.5038,-4.0,Hawai'i,4.0,0.619,42,Hawai'i,4.0,37,27,10,Stanford,False,10.879057565268269,Stanford,Loss,Loss
pre_game,Scientific roster (market-free F0–F6),0,1,401858201,Sat 7:00 PM,Hawai'i,Stanford,scientific_F2_M3,tree,F2,-1.9496546485260764,0.4652408957301952,Hawai'i,1.95,Hawai'i +4,5.95,Stanford,0.55,Hawai'i +4,3.45,2026,1,2026-08-29T23:00:00.000Z,False,False,regular,-4.0,2026,1,401858201,margin,/groups/bsavoie2/tburton2/TDNet/publication_artifacts/scientific_roster_refits/f0_f8_margin_through_2025_v1/cells/F2/M3/checkpoint.pkl,4d047265757142db6ad68cd76fb4cafba2cd34453f11f972f83ef29fe83f97a8,15,15,0.0695182085396095,2026-08-28T19:34:02.122997+00:00,0.5038,-4.0,Hawai'i,4.0,0.619,42,Hawai'i,4.0,37,27,10,Stanford,False,11.949654648526076,Stanford,Loss,Loss
pre_game,Scientific roster (market-free F0–F6),0,1,401858201,Sat 7:00 PM,Hawai'i,Stanford,scientific_F2_M4,boosted,F2,0.4302727174723286,0.5076828366484913,Stanford,0.43,Hawai'i +4,3.57,Stanford,0.55,Hawai'i +4,3.45,2026,1,2026-08-29T23:00:00.000Z,False,False,regular,-4.0,2026,1,401858201,margin,/groups/bsavoie2/tburton2/TDNet/publication_artifacts/scientific_roster_refits/f0_f8_margin_through_2025_v1/cells/F2/M4/checkpoint.pkl,a0eadb4cea94836b3ade844d07239c990f356552dc0c69793093274ad8afa8c1,16,16,0.0153656732969826,2026-08-28T19:34:02.122997+00:00,0.5038,-4.0,Hawai'i,4.0,0.619,42,Hawai'i,4.0,37,27,10,Stanford,True,9.569727282527671,Stanford,Loss,Loss
pre_game,Scientific roster (market-free F0–F6),0,1,401858201,Sat 7:00 PM,Hawai'i,Stanford,scientific_F2_M5,neural,F2,4.042220115661621,0.571685189537732,Stanford,4.042,Stanford -4,0.042,Stanford,0.55,Hawai'i +4,3.45,2026,1,2026-08-29T23:00:00.000Z,False,False,regular,-4.0,2026,1,401858201,margin,/groups/bsavoie2/tburton2/TDNet/publication_artifacts/scientific_roster_refits/f0_f8_margin_through_2025_v1/cells/F2/M5/checkpoint.pkl,391e1dd75e342bb0cd1e66b6178918b76670583a8f2ed306044cac4d48738f24,17,17,0.1433703790754639,2026-08-28T19:34:02.122997+00:00,0.5038,-4.0,Hawai'i,4.0,0.619,42,Stanford,-4.0,37,27,10,Stanford,True,5.957779884338379,Stanford,Win,Loss
pre_game,Scientific roster (market-free F0–F6),0,1,401858201,Sat 7:00 PM,Hawai'i,Stanford,scientific_F3_M1,linear,F3,-0.3226519922029141,0.4942386122905821,Hawai'i,0.323,Hawai'i +4,4.323,Stanford,0.55,Hawai'i +4,3.45,2026,1,2026-08-29T23:00:00.000Z,False,False,regular,-4.0,2026,1,401858201,margin,/groups/bsavoie2/tburton2/TDNet/publication_artifacts/scientific_roster_refits/f0_f8_margin_through_2025_v1/cells/F3/M1/checkpoint.pkl,fcec1890921aaae1e705ec31c93bd07e779a520e874f9ebceb562185ac567097,19,19,0.0115227754188357,2026-08-28T19:34:02.122997+00:00,0.5038,-4.0,Hawai'i,4.0,0.619,42,Hawai'i,4.0,37,27,10,Stanford,False,10.322651992202914,Stanford,Loss,Loss
pre_game,Scientific roster (market-free F0–F6),0,1,401858201,Sat 7:00 PM,Hawai'i,Stanford,scientific_F3_M10,knn,F3,-3.7593238746448745,0.4332696993717449,Hawai'i,3.759,Hawai'i +4,7.759,Stanford,0.55,Hawai'i +4,3.45,2026,1,2026-08-29T23:00:00.000Z,False,False,regular,-4.0,2026,1,401858201,margin,/groups/bsavoie2/tburton2/TDNet/publication_artifacts/scientific_roster_refits/f0_f8_margin_through_2025_v1/cells/F3/M10/checkpoint.pkl,ceb577b58fc9ac4669e026a9a0a50a60f06535cdf9624540a567dbecb6ad817d,24,24,0.1334606012565101,2026-08-28T19:34:02.122997+00:00,0.5038,-4.0,Hawai'i,4.0,0.619,42,Hawai'i,4.0,37,27,10,Stanford,False,13.759323874644874,Stanford,Loss,Loss
pre_game,Scientific roster (market-free F0–F6),0,1,401858201,Sat 7:00 PM,Hawai'i,Stanford,scientific_F3_M2,spline,F3,-2.155608982497867,0.4615828500400278,Hawai'i,2.156,Hawai'i +4,6.156,Stanford,0.55,Hawai'i +4,3.45,2026,1,2026-08-29T23:00:00.000Z,False,False,regular,-4.0,2026,1,401858201,margin,/groups/bsavoie2/tburton2/TDNet/publication_artifacts/scientific_roster_refits/f0_f8_margin_through_2025_v1/cells/F3/M2/checkpoint.pkl,f36e6608055d3601c0cb151657e2123369fbb5a3e217257ffefe5a8c54731dd8,20,20,0.0768342999199442,2026-08-28T19:34:02.122997+00:00,0.5038,-4.0,Hawai'i,4.0,0.619,42,Hawai'i,4.0,37,27,10,Stanford,False,12.155608982497867,Stanford,Loss,Loss
pre_game,Scientific roster (market-free F0–F6),0,1,401858201,Sat 7:00 PM,Hawai'i,Stanford,scientific_F3_M3,tree,F3,-2.32936507936508,0.4584998894642345,Hawai'i,2.329,Hawai'i +4,6.329,Stanford,0.55,Hawai'i +4,3.45,2026,1,2026-08-29T23:00:00.000Z,False,False,regular,-4.0,2026,1,401858201,margin,/groups/bsavoie2/tburton2/TDNet/publication_artifacts/scientific_roster_refits/f0_f8_margin_through_2025_v1/cells/F3/M3/checkpoint.pkl,e0f6118c8005d407eb61d00ecac92260c8bf03bb6fa032475509cc7134626f4e,21,21,0.0830002210715309,2026-08-28T19:34:02.122997+00:00,0.5038,-4.0,Hawai'i,4.0,0.619,42,Hawai'i,4.0,37,27,10,Stanford,False,12.329365079365079,Stanford,Loss,Loss
pre_game,Scientific roster (market-free F0–F6),0,1,401858201,Sat 7:00 PM,Hawai'i,Stanford,scientific_F3_M4,boosted,F3,-0.1118301991745574,0.4980030427757551,Hawai'i,0.112,Hawai'i +4,4.112,Stanford,0.55,Hawai'i +4,3.45,2026,1,2026-08-29T23:00:00.000Z,False,False,regular,-4.0,2026,1,401858201,margin,/groups/bsavoie2/tburton2/TDNet/publication_artifacts/scientific_roster_refits/f0_f8_margin_through_2025_v1/cells/F3/M4/checkpoint.pkl,a15efa59a4e377aec28d2a2563ec10d04c5dda2e1fbe264dce56178a75ab1b06,22,22,0.0039939144484897,2026-08-28T19:34:02.122997+00:00,0.5038,-4.0,Hawai'i,4.0,0.619,42,Hawai'i,4.0,37,27,10,Stanford,False,10.111830199174557,Stanford,Loss,Loss
pre_game,Scientific roster (market-free F0–F6),0,1,401858201,Sat 7:00 PM,Hawai'i,Stanford,scientific_F3_M5,neural,F3,5.972616195678711,0.6050651784253194,Stanford,5.973,Stanford -4,1.973,Stanford,0.55,Hawai'i +4,3.45,2026,1,2026-08-29T23:00:00.000Z,False,False,regular,-4.0,2026,1,401858201,margin,/groups/bsavoie2/tburton2/TDNet/publication_artifacts/scientific_roster_refits/f0_f8_margin_through_2025_v1/cells/F3/M5/checkpoint.pkl,7e365cdb1488185cb7075ddeb20eaab5ded63fc4829150b96f1952483bf72e3c,23,23,0.2101303568506387,2026-08-28T19:34:02.122997+00:00,0.5038,-4.0,Hawai'i,4.0,0.619,42,Stanford,-4.0,37,27,10,Stanford,True,4.027383804321289,Stanford,Win,Loss
pre_game,Scientific roster (market-free F0–F6),0,1,401858201,Sat 7:00 PM,Hawai'i,Stanford,scientific_F4_M1,linear,F4,-1.0309876622857868,0.4815978217457039,Hawai'i,1.031,Hawai'i +4,5.031,Stanford,0.55,Hawai'i +4,3.45,2026,1,2026-08-29T23:00:00.000Z,False,False,regular,-4.0,2026,1,401858201,margin,/groups/bsavoie2/tburton2/TDNet/publication_artifacts/scientific_roster_refits/f0_f8_margin_through_2025_v1/cells/F4/M1/checkpoint.pkl,5e1f22b2fba89c54267ce85ddc65d6941a63a040527f86d4c1e518e5a004467a,25,25,0.0368043565085921,2026-08-28T19:34:02.122997+00:00,0.5038,-4.0,Hawai'i,4.0,0.619,42,Hawai'i,4.0,37,27,10,Stanford,False,11.030987662285787,Stanford,Loss,Loss
pre_game,Scientific roster (market-free F0–F6),0,1,401858201,Sat 7:00 PM,Hawai'i,Stanford,scientific_F4_M10,knn,F4,-10.125448874282773,0.3266785159079265,Hawai'i,10.125,Hawai'i +4,14.125,Stanford,0.55,Hawai'i +4,3.45,2026,1,2026-08-29T23:00:00.000Z,False,False,regular,-4.0,2026,1,401858201,margin,/groups/bsavoie2/tburton2/TDNet/publication_artifacts/scientific_roster_refits/f0_f8_margin_through_2025_v1/cells/F4/M10/checkpoint.pkl,3506cc48b80ce8af9588d310557a7085180676d9c57cc1efb7977735ead804d7,30,30,0.3466429681841469,2026-08-28T19:34:02.122997+00:00,0.5038,-4.0,Hawai'i,4.0,0.619,42,Hawai'i,4.0,37,27,10,Stanford,False,20.125448874282775,Stanford,Loss,Loss
pre_game,Scientific roster (market-free F0–F6),0,1,401858201,Sat 7:00 PM,Hawai'i,Stanford,scientific_F4_M2,spline,F4,-2.595862054449056,0.4537776719961881,Hawai'i,2.596,Hawai'i +4,6.596,Stanford,0.55,Hawai'i +4,3.45,2026,1,2026-08-29T23:00:00.000Z,False,False,regular,-4.0,2026,1,401858201,margin,/groups/bsavoie2/tburton2/TDNet/publication_artifacts/scientific_roster_refits/f0_f8_margin_through_2025_v1/cells/F4/M2/checkpoint.pkl,29ce994bf944f848dfdce0a43acd8b21d8301dcb0895f03fe928313bd3e18c17,26,26,0.0924446560076237,2026-08-28T19:34:02.122997+00:00,0.5038,-4.0,Hawai'i,4.0,0.619,42,Hawai'i,4.0,37,27,10,Stanford,False,12.595862054449055,Stanford,Loss,Loss
pre_game,Scientific roster (market-free F0–F6),0,1,401858201,Sat 7:00 PM,Hawai'i,Stanford,scientific_F4_M3,tree,F4,-3.0504277777777773,0.4457425619530478,Hawai'i,3.05,Hawai'i +4,7.05,Stanford,0.55,Hawai'i +4,3.45,2026,1,2026-08-29T23:00:00.000Z,False,False,regular,-4.0,2026,1,401858201,margin,/groups/bsavoie2/tburton2/TDNet/publication_artifacts/scientific_roster_refits/f0_f8_margin_through_2025_v1/cells/F4/M3/checkpoint.pkl,941e0b9cf5dca9bf3bfa4f6a0079cd6bcfdf580593d4979393c794e4774101d8,27,27,0.1085148760939043,2026-08-28T19:34:02.122997+00:00,0.5038,-4.0,Hawai'i,4.0,0.619,42,Hawai'i,4.0,37,27,10,Stanford,False,13.050427777777777,Stanford,Loss,Loss
pre_game,Scientific roster (market-free F0–F6),0,1,401858201,Sat 7:00 PM,Hawai'i,Stanford,scientific_F4_M4,boosted,F4,-5.056465348186163,0.4106748960354441,Hawai'i,5.056,Hawai'i +4,9.056,Stanford,0.55,Hawai'i +4,3.45,2026,1,2026-08-29T23:00:00.000Z,False,False,regular,-4.0,2026,1,401858201,margin,/groups/bsavoie2/tburton2/TDNet/publication_artifacts/scientific_roster_refits/f0_f8_margin_through_2025_v1/cells/F4/M4/checkpoint.pkl,5c735ec5a2cef35758da96c6fe465c25721aa40884a5144f9a0a05d16a324a07,28,28,0.1786502079291118,2026-08-28T19:34:02.122997+00:00,0.5038,-4.0,Hawai'i,4.0,0.619,42,Hawai'i,4.0,37,27,10,Stanford,False,15.056465348186162,Stanford,Loss,Loss
pre_game,Scientific roster (market-free F0–F6),0,1,401858201,Sat 7:00 PM,Hawai'i,Stanford,scientific_F4_M5,neural,F4,-1.7493653297424316,0.4688019158836216,Hawai'i,1.749,Hawai'i +4,5.749,Stanford,0.55,Hawai'i +4,3.45,2026,1,2026-08-29T23:00:00.000Z,False,False,regular,-4.0,2026,1,401858201,margin,/groups/bsavoie2/tburton2/TDNet/publication_artifacts/scientific_roster_refits/f0_f8_margin_through_2025_v1/cells/F4/M5/checkpoint.pkl,af90514c860951f28aea6b1acd588894aab8d4822e29ffbc548337c5d213ed91,29,29,0.0623961682327567,2026-08-28T19:34:02.122997+00:00,0.5038,-4.0,Hawai'i,4.0,0.619,42,Hawai'i,4.0,37,27,10,Stanford,False,11.749365329742432,Stanford,Loss,Loss
pre_game,Scientific roster (market-free F0–F6),0,1,401858201,Sat 7:00 PM,Hawai'i,Stanford,scientific_F5_M1,linear,F5,-3.814517680850464,0.3476003864863149,Hawai'i,3.815,Hawai'i +4,7.815,Stanford,0.55,Hawai'i +4,3.45,2026,1,2026-08-29T23:00:00.000Z,False,False,regular,-4.0,2026,1,401858201,margin,/groups/bsavoie2/tburton2/TDNet/publication_artifacts/scientific_roster_refits/f0_f8_margin_through_2025_v1/cells/F5/M1/checkpoint.pkl,9ac8b1110596206294dcb94ca99f78d5515f26e8c83db988ea842f703dc2a889,31,31,0.30479922702737,2026-08-28T19:34:02.122997+00:00,0.5038,-4.0,Hawai'i,4.0,0.619,42,Hawai'i,4.0,37,27,10,Stanford,False,13.814517680850464,Stanford,Loss,Loss
pre_game,Scientific roster (market-free F0–F6),0,1,401858201,Sat 7:00 PM,Hawai'i,Stanford,scientific_F5_M10,knn,F5,7.35,0.5724194892393127,Stanford,7.35,Stanford -4,3.35,Stanford,0.55,Hawai'i +4,3.45,2026,1,2026-08-29T23:00:00.000Z,False,False,regular,-4.0,2026,1,401858201,margin,/groups/bsavoie2/tburton2/TDNet/publication_artifacts/scientific_roster_refits/f0_f8_margin_through_2025_v1/cells/F5/M10/checkpoint.pkl,99fc835a1cc88df16ccb35c5272ca4691bcc4f25eae45bdc2c6c28ce3a121da9,36,36,0.1448389784786254,2026-08-28T19:34:02.122997+00:00,0.5038,-4.0,Hawai'i,4.0,0.619,42,Stanford,-4.0,37,27,10,Stanford,True,2.6500000000000004,Stanford,Win,Loss
pre_game,Scientific roster (market-free F0–F6),0,1,401858201,Sat 7:00 PM,Hawai'i,Stanford,scientific_F5_M2,spline,F5,-1.439156653894074,0.4839120700685933,Hawai'i,1.439,Hawai'i +4,5.439,Stanford,0.55,Hawai'i +4,3.45,2026,1,2026-08-29T23:00:00.000Z,False,False,regular,-4.0,2026,1,401858201,margin,/groups/bsavoie2/tburton2/TDNet/publication_artifacts/scientific_roster_refits/f0_f8_margin_through_2025_v1/cells/F5/M2/checkpoint.pkl,c688a874265ec3654c4b75991b59977e9fcec094af505e34a2e5dccca015955d,32,32,0.0321758598628133,2026-08-28T19:34:02.122997+00:00,0.5038,-4.0,Hawai'i,4.0,0.619,42,Hawai'i,4.0,37,27,10,Stanford,False,11.439156653894074,Stanford,Loss,Loss
pre_game,Scientific roster (market-free F0–F6),0,1,401858201,Sat 7:00 PM,Hawai'i,Stanford,scientific_F5_M3,tree,F5,-5.519440758704528,0.402695637562621,Hawai'i,5.519,Hawai'i +4,9.519,Stanford,0.55,Hawai'i +4,3.45,2026,1,2026-08-29T23:00:00.000Z,False,False,regular,-4.0,2026,1,401858201,margin,/groups/bsavoie2/tburton2/TDNet/publication_artifacts/scientific_roster_refits/f0_f8_margin_through_2025_v1/cells/F5/M3/checkpoint.pkl,5fd2b7b8a81f05acb3b0f169b641580185fa0b954897f332c458a9971eee26d9,33,33,0.194608724874758,2026-08-28T19:34:02.122997+00:00,0.5038,-4.0,Hawai'i,4.0,0.619,42,Hawai'i,4.0,37,27,10,Stanford,False,15.519440758704528,Stanford,Loss,Loss
pre_game,Scientific roster (market-free F0–F6),0,1,401858201,Sat 7:00 PM,Hawai'i,Stanford,scientific_F5_M4,boosted,F5,-5.736319605248919,0.3989751577992833,Hawai'i,5.736,Hawai'i +4,9.736,Stanford,0.55,Hawai'i +4,3.45,2026,1,2026-08-29T23:00:00.000Z,False,False,regular,-4.0,2026,1,401858201,margin,/groups/bsavoie2/tburton2/TDNet/publication_artifacts/scientific_roster_refits/f0_f8_margin_through_2025_v1/cells/F5/M4/checkpoint.pkl,797dfb35969984928095b6a6570cab555c85a25ae60f4cd1f063f07276c1a190,34,34,0.2020496844014333,2026-08-28T19:34:02.122997+00:00,0.5038,-4.0,Hawai'i,4.0,0.619,42,Hawai'i,4.0,37,27,10,Stanford,False,15.73631960524892,Stanford,Loss,Loss
pre_game,Scientific roster (market-free F0–F6),0,1,401858201,Sat 7:00 PM,Hawai'i,Stanford,scientific_F5_M5,neural,F5,12.05751609802246,0.7029219891093208,Stanford,12.058,Stanford -4,8.058,Stanford,0.55,Hawai'i +4,3.45,2026,1,2026-08-29T23:00:00.000Z,False,False,regular,-4.0,2026,1,401858201,margin,/groups/bsavoie2/tburton2/TDNet/publication_artifacts/scientific_roster_refits/f0_f8_margin_through_2025_v1/cells/F5/M5/checkpoint.pkl,f5dae4b232221142b63cb90f233fc1f90bdca7af9c7fd07935daa1dd0bba698a,35,35,0.4058439782186416,2026-08-28T19:34:02.122997+00:00,0.5038,-4.0,Hawai'i,4.0,0.619,42,Stanford,-4.0,37,27,10,Stanford,True,2.057516098022459,Stanford,Win,Loss
pre_game,Scientific roster (market-free F0–F6),0,1,401858201,Sat 7:00 PM,Hawai'i,Stanford,scientific_F6_M1,linear,F6,-1.479915970286295,0.4392350923224966,Hawai'i,1.48,Hawai'i +4,5.48,Stanford,0.55,Hawai'i +4,3.45,2026,1,2026-08-29T23:00:00.000Z,False,False,regular,-4.0,2026,1,401858201,margin,/groups/bsavoie2/tburton2/TDNet/publication_artifacts/scientific_roster_refits/f0_f8_margin_through_2025_v1/cells/F6/M1/checkpoint.pkl,3401ea2a804ae7e8cd2a86f9aae755290a10f6de78218adc9109ba366e081f49,37,37,0.1215298153550068,2026-08-28T19:34:02.122997+00:00,0.5038,-4.0,Hawai'i,4.0,0.619,42,Hawai'i,4.0,37,27,10,Stanford,False,11.479915970286296,Stanford,Loss,Loss
pre_game,Scientific roster (market-free F0–F6),0,1,401858201,Sat 7:00 PM,Hawai'i,Stanford,scientific_F6_M10,knn,F6,4.75,0.5544627314886121,Stanford,4.75,Stanford -4,0.75,Stanford,0.55,Hawai'i +4,3.45,2026,1,2026-08-29T23:00:00.000Z,False,False,regular,-4.0,2026,1,401858201,margin,/groups/bsavoie2/tburton2/TDNet/publication_artifacts/scientific_roster_refits/f0_f8_margin_through_2025_v1/cells/F6/M10/checkpoint.pkl,a0062711632f89118ee18330188f9e8a7131b72349016765ad9fe5e5bf4cc65e,42,42,0.1089254629772242,2026-08-28T19:34:02.122997+00:00,0.5038,-4.0,Hawai'i,4.0,0.619,42,Stanford,-4.0,37,27,10,Stanford,True,5.25,Stanford,Win,Loss
pre_game,Scientific roster (market-free F0–F6),0,1,401858201,Sat 7:00 PM,Hawai'i,Stanford,scientific_F6_M2,spline,F6,1.7040720048686575,0.5190467015455971,Stanford,1.704,Hawai'i +4,2.296,Stanford,0.55,Hawai'i +4,3.45,2026,1,2026-08-29T23:00:00.000Z,False,False,regular,-4.0,2026,1,401858201,margin,/groups/bsavoie2/tburton2/TDNet/publication_artifacts/scientific_roster_refits/f0_f8_margin_through_2025_v1/cells/F6/M2/checkpoint.pkl,f448804ac7906a628c9b1b0b6b1495b72b75da4819fff2b5bcc84f5a31c24737,38,38,0.0380934030911941,2026-08-28T19:34:02.122997+00:00,0.5038,-4.0,Hawai'i,4.0,0.619,42,Hawai'i,4.0,37,27,10,Stanford,True,8.295927995131343,Stanford,Loss,Loss
pre_game,Scientific roster (market-free F0–F6),0,1,401858201,Sat 7:00 PM,Hawai'i,Stanford,scientific_F6_M3,tree,F6,-0.292136336855692,0.4947834689823859,Hawai'i,0.292,Hawai'i +4,4.292,Stanford,0.55,Hawai'i +4,3.45,2026,1,2026-08-29T23:00:00.000Z,False,False,regular,-4.0,2026,1,401858201,margin,/groups/bsavoie2/tburton2/TDNet/publication_artifacts/scientific_roster_refits/f0_f8_margin_through_2025_v1/cells/F6/M3/checkpoint.pkl,e9613c967a6a92a1c8389cc0be9e00d0bd5a64b170cfdd514f3fcfde96290059,39,39,0.0104330620352282,2026-08-28T19:34:02.122997+00:00,0.5038,-4.0,Hawai'i,4.0,0.619,42,Hawai'i,4.0,37,27,10,Stanford,False,10.292136336855693,Stanford,Loss,Loss
pre_game,Scientific roster (market-free F0–F6),0,1,401858201,Sat 7:00 PM,Hawai'i,Stanford,scientific_F6_M4,boosted,F6,-0.6923547552738862,0.4876390413799451,Hawai'i,0.692,Hawai'i +4,4.692,Stanford,0.55,Hawai'i +4,3.45,2026,1,2026-08-29T23:00:00.000Z,False,False,regular,-4.0,2026,1,401858201,margin,/groups/bsavoie2/tburton2/TDNet/publication_artifacts/scientific_roster_refits/f0_f8_margin_through_2025_v1/cells/F6/M4/checkpoint.pkl,f02fc6dedb9083e88f65c74d032ea06df3285dbf84b6fad10c55d268c87332d7,40,40,0.0247219172401097,2026-08-28T19:34:02.122997+00:00,0.5038,-4.0,Hawai'i,4.0,0.619,42,Hawai'i,4.0,37,27,10,Stanford,False,10.692354755273886,Stanford,Loss,Loss
pre_game,Scientific roster (market-free F0–F6),0,1,401858201,Sat 7:00 PM,Hawai'i,Stanford,scientific_F6_M5,neural,F6,5.558717727661133,0.5979789894331995,Stanford,5.559,Stanford -4,1.559,Stanford,0.55,Hawai'i +4,3.45,2026,1,2026-08-29T23:00:00.000Z,False,False,regular,-4.0,2026,1,401858201,margin,/groups/bsavoie2/tburton2/TDNet/publication_artifacts/scientific_roster_refits/f0_f8_margin_through_2025_v1/cells/F6/M5/checkpoint.pkl,0bdacc7417d2444620f844f32f12743c7b4c12d6539e962892539fe191acf35d,41,41,0.1959579788663989,2026-08-28T19:34:02.122997+00:00,0.5038,-4.0,Hawai'i,4.0,0.619,42,Stanford,-4.0,37,27,10,Stanford,True,4.441282272338867,Stanford,Win,Loss
pre_game,Scientific roster (market-free F0–F6),0,1,401864570,Sat 7:00 PM,New Mexico State,Florida State,scientific_F0_M1,linear,F0,18.913563729783565,0.7942879761935012,Florida State,18.914,New Mexico State +31.75,12.836,Florida State,22.96,New Mexico State +31.75,8.79,2026,1,2026-08-29T23:00:00.000Z,False,False,regular,-31.75,2026,1,401864570,margin,/groups/bsavoie2/tburton2/TDNet/publication_artifacts/scientific_roster_refits/f0_f8_margin_through_2025_v1/cells/F0/M1/checkpoint.pkl,3004e951de040158ab253160a1e5faebc99073441fb5f3eb0322a6bdf211b863,1,1,0.5885759523870024,2026-08-28T19:34:02.122997+00:00,0.8296,-31.75,New Mexico State,31.75,1.0,42,New Mexico State,31.75,34,17,17,Florida State,True,1.913563729783565,New Mexico State,Win,Win
pre_game,Scientific roster (market-free F0–F6),0,1,401864570,Sat 7:00 PM,New Mexico State,Florida State,scientific_F0_M10,knn,F0,29.806998388845724,0.8936968127402072,Florida State,29.807,New Mexico State +31.75,1.943,Florida State,22.96,New Mexico State +31.75,8.79,2026,1,2026-08-29T23:00:00.000Z,False,False,regular,-31.75,2026,1,401864570,margin,/groups/bsavoie2/tburton2/TDNet/publication_artifacts/scientific_roster_refits/f0_f8_margin_through_2025_v1/cells/F0/M10/checkpoint.pkl,b72148b78493a060d1e5be6746b97d7061aabc8de152a7dbd2609c57c966e170,6,6,0.7873936254804144,2026-08-28T19:34:02.122997+00:00,0.8296,-31.75,New Mexico State,31.75,1.0,42,New Mexico State,31.75,34,17,17,Florida State,True,12.806998388845724,New Mexico State,Win,Win
pre_game,Scientific roster (market-free F0–F6),0,1,401864570,Sat 7:00 PM,New Mexico State,Florida State,scientific_F0_M2,spline,F0,20.82023689842495,0.8156515881140803,Florida State,20.82,New Mexico State +31.75,10.93,Florida State,22.96,New Mexico State +31.75,8.79,2026,1,2026-08-29T23:00:00.000Z,False,False,regular,-31.75,2026,1,401864570,margin,/groups/bsavoie2/tburton2/TDNet/publication_artifacts/scientific_roster_refits/f0_f8_margin_through_2025_v1/cells/F0/M2/checkpoint.pkl,faa0aa500ef3a49204415f776e055580b8b2192d373428f5c322465c4b6b53a5,2,2,0.6313031762281607,2026-08-28T19:34:02.122997+00:00,0.8296,-31.75,New Mexico State,31.75,1.0,42,New Mexico State,31.75,34,17,17,Florida State,True,3.8202368984249517,New Mexico State,Win,Win
pre_game,Scientific roster (market-free F0–F6),0,1,401864570,Sat 7:00 PM,New Mexico State,Florida State,scientific_F0_M3,tree,F0,29.14751887175961,0.8891379373316132,Florida State,29.148,New Mexico State +31.75,2.602,Florida State,22.96,New Mexico State +31.75,8.79,2026,1,2026-08-29T23:00:00.000Z,False,False,regular,-31.75,2026,1,401864570,margin,/groups/bsavoie2/tburton2/TDNet/publication_artifacts/scientific_roster_refits/f0_f8_margin_through_2025_v1/cells/F0/M3/checkpoint.pkl,358ba183dfb2490fa300be4658b19950aed0049b8ea4fce0bdd7cd13ceb41d21,3,3,0.7782758746632263,2026-08-28T19:34:02.122997+00:00,0.8296,-31.75,New Mexico State,31.75,1.0,42,New Mexico State,31.75,34,17,17,Florida State,True,12.147518871759608,New Mexico State,Win,Win
pre_game,Scientific roster (market-free F0–F6),0,1,401864570,Sat 7:00 PM,New Mexico State,Florida State,scientific_F0_M4,boosted,F0,19.79391757766755,0.8043726771797407,Florida State,19.794,New Mexico State +31.75,11.956,Florida State,22.96,New Mexico State +31.75,8.79,2026,1,2026-08-29T23:00:00.000Z,False,False,regular,-31.75,2026,1,401864570,margin,/groups/bsavoie2/tburton2/TDNet/publication_artifacts/scientific_roster_refits/f0_f8_margin_through_2025_v1/cells/F0/M4/checkpoint.pkl,536856580617cdb0017463eadedb4239f7f52f3b6e217f92307fc64664dda481,4,4,0.6087453543594814,2026-08-28T19:34:02.122997+00:00,0.8296,-31.75,New Mexico State,31.75,1.0,42,New Mexico State,31.75,34,17,17,Florida State,True,2.79391757766755,New Mexico State,Win,Win
pre_game,Scientific roster (market-free F0–F6),0,1,401864570,Sat 7:00 PM,New Mexico State,Florida State,scientific_F0_M5,neural,F0,16.378087997436523,0.7631203288789019,Florida State,16.378,New Mexico State +31.75,15.372,Florida State,22.96,New Mexico State +31.75,8.79,2026,1,2026-08-29T23:00:00.000Z,False,False,regular,-31.75,2026,1,401864570,margin,/groups/bsavoie2/tburton2/TDNet/publication_artifacts/scientific_roster_refits/f0_f8_margin_through_2025_v1/cells/F0/M5/checkpoint.pkl,b5c22a3c584ee4be901802a4cd0a8d35a35b0464f5fefaac5132089a925dc1af,5,5,0.5262406577578038,2026-08-28T19:34:02.122997+00:00,0.8296,-31.75,New Mexico State,31.75,1.0,42,New Mexico State,31.75,34,17,17,Florida State,True,0.6219120025634766,New Mexico State,Win,Win
pre_game,Scientific roster (market-free F0–F6),0,1,401864570,Sat 7:00 PM,New Mexico State,Florida State,scientific_F1_M1,linear,F1,23.63928696046652,0.8440294917574857,Florida State,23.639,New Mexico State +31.75,8.111,Florida State,22.96,New Mexico State +31.75,8.79,2026,1,2026-08-29T23:00:00.000Z,False,False,regular,-31.75,2026,1,401864570,margin,/groups/bsavoie2/tburton2/TDNet/publication_artifacts/scientific_roster_refits/f0_f8_margin_through_2025_v1/cells/F1/M1/checkpoint.pkl,de123537a22f9ab809539f81b9b90e376311fd3703d871f3eebb0d5a5a6b0167,7,7,0.6880589835149713,2026-08-28T19:34:02.122997+00:00,0.8296,-31.75,New Mexico State,31.75,1.0,42,New Mexico State,31.75,34,17,17,Florida State,True,6.639286960466521,New Mexico State,Win,Win
pre_game,Scientific roster (market-free F0–F6),0,1,401864570,Sat 7:00 PM,New Mexico State,Florida State,scientific_F1_M10,knn,F1,20.345727133571312,0.8105006001010382,Florida State,20.346,New Mexico State +31.75,11.404,Florida State,22.96,New Mexico State +31.75,8.79,2026,1,2026-08-29T23:00:00.000Z,False,False,regular,-31.75,2026,1,401864570,margin,/groups/bsavoie2/tburton2/TDNet/publication_artifacts/scientific_roster_refits/f0_f8_margin_through_2025_v1/cells/F1/M10/checkpoint.pkl,3d72b6bd97123eaa76a67c2debf38d1b23388a3605a981b3b121263f2c1deed8,12,12,0.6210012002020764,2026-08-28T19:34:02.122997+00:00,0.8296,-31.75,New Mexico State,31.75,1.0,42,New Mexico State,31.75,34,17,17,Florida State,True,3.3457271335713124,New Mexico State,Win,Win
pre_game,Scientific roster (market-free F0–F6),0,1,401864570,Sat 7:00 PM,New Mexico State,Florida State,scientific_F1_M2,spline,F1,25.21006791300311,0.8582364525840486,Florida State,25.21,New Mexico State +31.75,6.54,Florida State,22.96,New Mexico State +31.75,8.79,2026,1,2026-08-29T23:00:00.000Z,False,False,regular,-31.75,2026,1,401864570,margin,/groups/bsavoie2/tburton2/TDNet/publication_artifacts/scientific_roster_refits/f0_f8_margin_through_2025_v1/cells/F1/M2/checkpoint.pkl,dd67d778cca7ecca58d04c1c2f81380cf31f9dc37912ed12f772336ea65440b5,8,8,0.7164729051680971,2026-08-28T19:34:02.122997+00:00,0.8296,-31.75,New Mexico State,31.75,1.0,42,New Mexico State,31.75,34,17,17,Florida State,True,8.210067913003108,New Mexico State,Win,Win
pre_game,Scientific roster (market-free F0–F6),0,1,401864570,Sat 7:00 PM,New Mexico State,Florida State,scientific_F1_M3,tree,F1,22.275911030058406,0.8307759408782995,Florida State,22.276,New Mexico State +31.75,9.474,Florida State,22.96,New Mexico State +31.75,8.79,2026,1,2026-08-29T23:00:00.000Z,False,False,regular,-31.75,2026,1,401864570,margin,/groups/bsavoie2/tburton2/TDNet/publication_artifacts/scientific_roster_refits/f0_f8_margin_through_2025_v1/cells/F1/M3/checkpoint.pkl,074942f55a18152490c8f5fbb362670a65f282e328e391b3fbde67b83fe800f6,9,9,0.6615518817565991,2026-08-28T19:34:02.122997+00:00,0.8296,-31.75,New Mexico State,31.75,1.0,42,New Mexico State,31.75,34,17,17,Florida State,True,5.275911030058406,New Mexico State,Win,Win
pre_game,Scientific roster (market-free F0–F6),0,1,401864570,Sat 7:00 PM,New Mexico State,Florida State,scientific_F1_M4,boosted,F1,24.02572982264158,0.8476288521354016,Florida State,24.026,New Mexico State +31.75,7.724,Florida State,22.96,New Mexico State +31.75,8.79,2026,1,2026-08-29T23:00:00.000Z,False,False,regular,-31.75,2026,1,401864570,margin,/groups/bsavoie2/tburton2/TDNet/publication_artifacts/scientific_roster_refits/f0_f8_margin_through_2025_v1/cells/F1/M4/checkpoint.pkl,ee9fb6307319157df56a4e2240b2ffb96777bd551b5342aa88c214a3808a6416,10,10,0.6952577042708032,2026-08-28T19:34:02.122997+00:00,0.8296,-31.75,New Mexico State,31.75,1.0,42,New Mexico State,31.75,34,17,17,Florida State,True,7.02572982264158,New Mexico State,Win,Win
pre_game,Scientific roster (market-free F0–F6),0,1,401864570,Sat 7:00 PM,New Mexico State,Florida State,scientific_F1_M5,neural,F1,25.32759094238281,0.8592547153664264,Florida State,25.328,New Mexico State +31.75,6.422,Florida State,22.96,New Mexico State +31.75,8.79,2026,1,2026-08-29T23:00:00.000Z,False,False,regular,-31.75,2026,1,401864570,margin,/groups/bsavoie2/tburton2/TDNet/publication_artifacts/scientific_roster_refits/f0_f8_margin_through_2025_v1/cells/F1/M5/checkpoint.pkl,6c253ec4aadc5ed51e9904b1a244a90f8792cd0b73e3d94d9e038a331e786a79,11,11,0.7185094307328528,2026-08-28T19:34:02.122997+00:00,0.8296,-31.75,New Mexico State,31.75,1.0,42,New Mexico State,31.75,34,17,17,Florida State,True,8.327590942382809,New Mexico State,Win,Win
pre_game,Scientific roster (market-free F0–F6),0,1,401864570,Sat 7:00 PM,New Mexico State,Florida State,scientific_F2_M1,linear,F2,25.992888354630203,0.8649042338289618,Florida State,25.993,New Mexico State +31.75,5.757,Florida State,22.96,New Mexico State +31.75,8.79,2026,1,2026-08-29T23:00:00.000Z,False,False,regular,-31.75,2026,1,401864570,margin,/groups/bsavoie2/tburton2/TDNet/publication_artifacts/scientific_roster_refits/f0_f8_margin_through_2025_v1/cells/F2/M1/checkpoint.pkl,0dc099ef612b0b493bded42b1f5f2ec58fb5b35d4589a2d88c26019fc903a737,13,13,0.7298084676579235,2026-08-28T19:34:02.122997+00:00,0.8296,-31.75,New Mexico State,31.75,1.0,42,New Mexico State,31.75,34,17,17,Florida State,True,8.992888354630203,New Mexico State,Win,Win
pre_game,Scientific roster (market-free F0–F6),0,1,401864570,Sat 7:00 PM,New Mexico State,Florida State,scientific_F2_M10,knn,F2,25.73150998089609,0.8627078535915553,Florida State,25.732,New Mexico State +31.75,6.018,Florida State,22.96,New Mexico State +31.75,8.79,2026,1,2026-08-29T23:00:00.000Z,False,False,regular,-31.75,2026,1,401864570,margin,/groups/bsavoie2/tburton2/TDNet/publication_artifacts/scientific_roster_refits/f0_f8_margin_through_2025_v1/cells/F2/M10/checkpoint.pkl,58ed41000abb0223c020a00119461f748ef991ffa3dbc1efd1df26ba4b05d96e,18,18,0.7254157071831107,2026-08-28T19:34:02.122997+00:00,0.8296,-31.75,New Mexico State,31.75,1.0,42,New Mexico State,31.75,34,17,17,Florida State,True,8.731509980896089,New Mexico State,Win,Win
pre_game,Scientific roster (market-free F0–F6),0,1,401864570,Sat 7:00 PM,New Mexico State,Florida State,scientific_F2_M2,spline,F2,29.38908084638304,0.8908273496956399,Florida State,29.389,New Mexico State +31.75,2.361,Florida State,22.96,New Mexico State +31.75,8.79,2026,1,2026-08-29T23:00:00.000Z,False,False,regular,-31.75,2026,1,401864570,margin,/groups/bsavoie2/tburton2/TDNet/publication_artifacts/scientific_roster_refits/f0_f8_margin_through_2025_v1/cells/F2/M2/checkpoint.pkl,7b3c33a92fae9994535095f83a468d5514e3d9fdf72e2e90993442e8a4c99329,14,14,0.7816546993912799,2026-08-28T19:34:02.122997+00:00,0.8296,-31.75,New Mexico State,31.75,1.0,42,New Mexico State,31.75,34,17,17,Florida State,True,12.389080846383042,New Mexico State,Win,Win
pre_game,Scientific roster (market-free F0–F6),0,1,401864570,Sat 7:00 PM,New Mexico State,Florida State,scientific_F2_M3,tree,F2,23.580454040404064,0.8434754784892983,Florida State,23.58,New Mexico State +31.75,8.17,Florida State,22.96,New Mexico State +31.75,8.79,2026,1,2026-08-29T23:00:00.000Z,False,False,regular,-31.75,2026,1,401864570,margin,/groups/bsavoie2/tburton2/TDNet/publication_artifacts/scientific_roster_refits/f0_f8_margin_through_2025_v1/cells/F2/M3/checkpoint.pkl,4d047265757142db6ad68cd76fb4cafba2cd34453f11f972f83ef29fe83f97a8,15,15,0.6869509569785965,2026-08-28T19:34:02.122997+00:00,0.8296,-31.75,New Mexico State,31.75,1.0,42,New Mexico State,31.75,34,17,17,Florida State,True,6.580454040404064,New Mexico State,Win,Win
pre_game,Scientific roster (market-free F0–F6),0,1,401864570,Sat 7:00 PM,New Mexico State,Florida State,scientific_F2_M4,boosted,F2,27.13953516350301,0.8741914644002651,Florida State,27.14,New Mexico State +31.75,4.61,Florida State,22.96,New Mexico State +31.75,8.79,2026,1,2026-08-29T23:00:00.000Z,False,False,regular,-31.75,2026,1,401864570,margin,/groups/bsavoie2/tburton2/TDNet/publication_artifacts/scientific_roster_refits/f0_f8_margin_through_2025_v1/cells/F2/M4/checkpoint.pkl,a0eadb4cea94836b3ade844d07239c990f356552dc0c69793093274ad8afa8c1,16,16,0.7483829288005301,2026-08-28T19:34:02.122997+00:00,0.8296,-31.75,New Mexico State,31.75,1.0,42,New Mexico State,31.75,34,17,17,Florida State,True,10.139535163503009,New Mexico State,Win,Win
pre_game,Scientific roster (market-free F0–F6),0,1,401864570,Sat 7:00 PM,New Mexico State,Florida State,scientific_F2_M5,neural,F2,25.167144775390625,0.8578630202882717,Florida State,25.167,New Mexico State +31.75,6.583,Florida State,22.96,New Mexico State +31.75,8.79,2026,1,2026-08-29T23:00:00.000Z,False,False,regular,-31.75,2026,1,401864570,margin,/groups/bsavoie2/tburton2/TDNet/publication_artifacts/scientific_roster_refits/f0_f8_margin_through_2025_v1/cells/F2/M5/checkpoint.pkl,391e1dd75e342bb0cd1e66b6178918b76670583a8f2ed306044cac4d48738f24,17,17,0.7157260405765433,2026-08-28T19:34:02.122997+00:00,0.8296,-31.75,New Mexico State,31.75,1.0,42,New Mexico State,31.75,34,17,17,Florida State,True,8.167144775390625,New Mexico State,Win,Win
pre_game,Scientific roster (market-free F0–F6),0,1,401864570,Sat 7:00 PM,New Mexico State,Florida State,scientific_F3_M1,linear,F3,22.557194954661988,0.8335818375532029,Florida State,22.557,New Mexico State +31.75,9.193,Florida State,22.96,New Mexico State +31.75,8.79,2026,1,2026-08-29T23:00:00.000Z,False,False,regular,-31.75,2026,1,401864570,margin,/groups/bsavoie2/tburton2/TDNet/publication_artifacts/scientific_roster_refits/f0_f8_margin_through_2025_v1/cells/F3/M1/checkpoint.pkl,fcec1890921aaae1e705ec31c93bd07e779a520e874f9ebceb562185ac567097,19,19,0.6671636751064058,2026-08-28T19:34:02.122997+00:00,0.8296,-31.75,New Mexico State,31.75,1.0,42,New Mexico State,31.75,34,17,17,Florida State,True,5.557194954661988,New Mexico State,Win,Win
pre_game,Scientific roster (market-free F0–F6),0,1,401864570,Sat 7:00 PM,New Mexico State,Florida State,scientific_F3_M10,knn,F3,8.246274803708296,0.6431401714235636,Florida State,8.246,New Mexico State +31.75,23.504,Florida State,22.96,New Mexico State +31.75,8.79,2026,1,2026-08-29T23:00:00.000Z,False,False,regular,-31.75,2026,1,401864570,margin,/groups/bsavoie2/tburton2/TDNet/publication_artifacts/scientific_roster_refits/f0_f8_margin_through_2025_v1/cells/F3/M10/checkpoint.pkl,ceb577b58fc9ac4669e026a9a0a50a60f06535cdf9624540a567dbecb6ad817d,24,24,0.2862803428471272,2026-08-28T19:34:02.122997+00:00,0.8296,-31.75,New Mexico State,31.75,1.0,42,New Mexico State,31.75,34,17,17,Florida State,True,8.753725196291704,New Mexico State,Win,Win
pre_game,Scientific roster (market-free F0–F6),0,1,401864570,Sat 7:00 PM,New Mexico State,Florida State,scientific_F3_M2,spline,F3,25.85482607876762,0.8637478051190759,Florida State,25.855,New Mexico State +31.75,5.895,Florida State,22.96,New Mexico State +31.75,8.79,2026,1,2026-08-29T23:00:00.000Z,False,False,regular,-31.75,2026,1,401864570,margin,/groups/bsavoie2/tburton2/TDNet/publication_artifacts/scientific_roster_refits/f0_f8_margin_through_2025_v1/cells/F3/M2/checkpoint.pkl,f36e6608055d3601c0cb151657e2123369fbb5a3e217257ffefe5a8c54731dd8,20,20,0.7274956102381518,2026-08-28T19:34:02.122997+00:00,0.8296,-31.75,New Mexico State,31.75,1.0,42,New Mexico State,31.75,34,17,17,Florida State,True,8.85482607876762,New Mexico State,Win,Win
pre_game,Scientific roster (market-free F0–F6),0,1,401864570,Sat 7:00 PM,New Mexico State,Florida State,scientific_F3_M3,tree,F3,21.922139695270378,0.8271936353117614,Florida State,21.922,New Mexico State +31.75,9.828,Florida State,22.96,New Mexico State +31.75,8.79,2026,1,2026-08-29T23:00:00.000Z,False,False,regular,-31.75,2026,1,401864570,margin,/groups/bsavoie2/tburton2/TDNet/publication_artifacts/scientific_roster_refits/f0_f8_margin_through_2025_v1/cells/F3/M3/checkpoint.pkl,e0f6118c8005d407eb61d00ecac92260c8bf03bb6fa032475509cc7134626f4e,21,21,0.6543872706235228,2026-08-28T19:34:02.122997+00:00,0.8296,-31.75,New Mexico State,31.75,1.0,42,New Mexico State,31.75,34,17,17,Florida State,True,4.922139695270378,New Mexico State,Win,Win
pre_game,Scientific roster (market-free F0–F6),0,1,401864570,Sat 7:00 PM,New Mexico State,Florida State,scientific_F3_M4,boosted,F3,25.269012530895964,0.8587479370627715,Florida State,25.269,New Mexico State +31.75,6.481,Florida State,22.96,New Mexico State +31.75,8.79,2026,1,2026-08-29T23:00:00.000Z,False,False,regular,-31.75,2026,1,401864570,margin,/groups/bsavoie2/tburton2/TDNet/publication_artifacts/scientific_roster_refits/f0_f8_margin_through_2025_v1/cells/F3/M4/checkpoint.pkl,a15efa59a4e377aec28d2a2563ec10d04c5dda2e1fbe264dce56178a75ab1b06,22,22,0.717495874125543,2026-08-28T19:34:02.122997+00:00,0.8296,-31.75,New Mexico State,31.75,1.0,42,New Mexico State,31.75,34,17,17,Florida State,True,8.269012530895964,New Mexico State,Win,Win
pre_game,Scientific roster (market-free F0–F6),0,1,401864570,Sat 7:00 PM,New Mexico State,Florida State,scientific_F3_M5,neural,F3,23.021629333496094,0.8381330415852939,Florida State,23.022,New Mexico State +31.75,8.728,Florida State,22.96,New Mexico State +31.75,8.79,2026,1,2026-08-29T23:00:00.000Z,False,False,regular,-31.75,2026,1,401864570,margin,/groups/bsavoie2/tburton2/TDNet/publication_artifacts/scientific_roster_refits/f0_f8_margin_through_2025_v1/cells/F3/M5/checkpoint.pkl,7e365cdb1488185cb7075ddeb20eaab5ded63fc4829150b96f1952483bf72e3c,23,23,0.6762660831705878,2026-08-28T19:34:02.122997+00:00,0.8296,-31.75,New Mexico State,31.75,1.0,42,New Mexico State,31.75,34,17,17,Florida State,True,6.021629333496094,New Mexico State,Win,Win
pre_game,Scientific roster (market-free F0–F6),0,1,401864570,Sat 7:00 PM,New Mexico State,Florida State,scientific_F4_M1,linear,F4,26.61500956018432,0.8700128193754738,Florida State,26.615,New Mexico State +31.75,5.135,Florida State,22.96,New Mexico State +31.75,8.79,2026,1,2026-08-29T23:00:00.000Z,False,False,regular,-31.75,2026,1,401864570,margin,/groups/bsavoie2/tburton2/TDNet/publication_artifacts/scientific_roster_refits/f0_f8_margin_through_2025_v1/cells/F4/M1/checkpoint.pkl,5e1f22b2fba89c54267ce85ddc65d6941a63a040527f86d4c1e518e5a004467a,25,25,0.7400256387509476,2026-08-28T19:34:02.122997+00:00,0.8296,-31.75,New Mexico State,31.75,1.0,42,New Mexico State,31.75,34,17,17,Florida State,True,9.615009560184319,New Mexico State,Win,Win
pre_game,Scientific roster (market-free F0–F6),0,1,401864570,Sat 7:00 PM,New Mexico State,Florida State,scientific_F4_M10,knn,F4,17.070973033721394,0.7719500596371204,Florida State,17.071,New Mexico State +31.75,14.679,Florida State,22.96,New Mexico State +31.75,8.79,2026,1,2026-08-29T23:00:00.000Z,False,False,regular,-31.75,2026,1,401864570,margin,/groups/bsavoie2/tburton2/TDNet/publication_artifacts/scientific_roster_refits/f0_f8_margin_through_2025_v1/cells/F4/M10/checkpoint.pkl,3506cc48b80ce8af9588d310557a7085180676d9c57cc1efb7977735ead804d7,30,30,0.5439001192742408,2026-08-28T19:34:02.122997+00:00,0.8296,-31.75,New Mexico State,31.75,1.0,42,New Mexico State,31.75,34,17,17,Florida State,True,0.07097303372139407,New Mexico State,Win,Win
pre_game,Scientific roster (market-free F0–F6),0,1,401864570,Sat 7:00 PM,New Mexico State,Florida State,scientific_F4_M2,spline,F4,29.4427816473366,0.8911998348921822,Florida State,29.443,New Mexico State +31.75,2.307,Florida State,22.96,New Mexico State +31.75,8.79,2026,1,2026-08-29T23:00:00.000Z,False,False,regular,-31.75,2026,1,401864570,margin,/groups/bsavoie2/tburton2/TDNet/publication_artifacts/scientific_roster_refits/f0_f8_margin_through_2025_v1/cells/F4/M2/checkpoint.pkl,29ce994bf944f848dfdce0a43acd8b21d8301dcb0895f03fe928313bd3e18c17,26,26,0.7823996697843645,2026-08-28T19:34:02.122997+00:00,0.8296,-31.75,New Mexico State,31.75,1.0,42,New Mexico State,31.75,34,17,17,Florida State,True,12.442781647336599,New Mexico State,Win,Win
pre_game,Scientific roster (market-free F0–F6),0,1,401864570,Sat 7:00 PM,New Mexico State,Florida State,scientific_F4_M3,tree,F4,22.142738961781607,0.8294344229606604,Florida State,22.143,New Mexico State +31.75,9.607,Florida State,22.96,New Mexico State +31.75,8.79,2026,1,2026-08-29T23:00:00.000Z,False,False,regular,-31.75,2026,1,401864570,margin,/groups/bsavoie2/tburton2/TDNet/publication_artifacts/scientific_roster_refits/f0_f8_margin_through_2025_v1/cells/F4/M3/checkpoint.pkl,941e0b9cf5dca9bf3bfa4f6a0079cd6bcfdf580593d4979393c794e4774101d8,27,27,0.6588688459213208,2026-08-28T19:34:02.122997+00:00,0.8296,-31.75,New Mexico State,31.75,1.0,42,New Mexico State,31.75,34,17,17,Florida State,True,5.142738961781607,New Mexico State,Win,Win
pre_game,Scientific roster (market-free F0–F6),0,1,401864570,Sat 7:00 PM,New Mexico State,Florida State,scientific_F4_M4,boosted,F4,26.00852702169419,0.865034701955384,Florida State,26.009,New Mexico State +31.75,5.741,Florida State,22.96,New Mexico State +31.75,8.79,2026,1,2026-08-29T23:00:00.000Z,False,False,regular,-31.75,2026,1,401864570,margin,/groups/bsavoie2/tburton2/TDNet/publication_artifacts/scientific_roster_refits/f0_f8_margin_through_2025_v1/cells/F4/M4/checkpoint.pkl,5c735ec5a2cef35758da96c6fe465c25721aa40884a5144f9a0a05d16a324a07,28,28,0.730069403910768,2026-08-28T19:34:02.122997+00:00,0.8296,-31.75,New Mexico State,31.75,1.0,42,New Mexico State,31.75,34,17,17,Florida State,True,9.008527021694189,New Mexico State,Win,Win
pre_game,Scientific roster (market-free F0–F6),0,1,401864570,Sat 7:00 PM,New Mexico State,Florida State,scientific_F4_M5,neural,F4,28.40174865722656,0.8837772386806946,Florida State,28.402,New Mexico State +31.75,3.348,Florida State,22.96,New Mexico State +31.75,8.79,2026,1,2026-08-29T23:00:00.000Z,False,False,regular,-31.75,2026,1,401864570,margin,/groups/bsavoie2/tburton2/TDNet/publication_artifacts/scientific_roster_refits/f0_f8_margin_through_2025_v1/cells/F4/M5/checkpoint.pkl,af90514c860951f28aea6b1acd588894aab8d4822e29ffbc548337c5d213ed91,29,29,0.7675544773613892,2026-08-28T19:34:02.122997+00:00,0.8296,-31.75,New Mexico State,31.75,1.0,42,New Mexico State,31.75,34,17,17,Florida State,True,11.401748657226559,New Mexico State,Win,Win
pre_game,Scientific roster (market-free F0–F6),0,1,401864570,Sat 7:00 PM,New Mexico State,Florida State,scientific_F5_M1,linear,F5,23.2110399972547,0.9787743221227932,Florida State,23.211,New Mexico State +31.75,8.539,Florida State,22.96,New Mexico State +31.75,8.79,2026,1,2026-08-29T23:00:00.000Z,False,False,regular,-31.75,2026,1,401864570,margin,/groups/bsavoie2/tburton2/TDNet/publication_artifacts/scientific_roster_refits/f0_f8_margin_through_2025_v1/cells/F5/M1/checkpoint.pkl,9ac8b1110596206294dcb94ca99f78d5515f26e8c83db988ea842f703dc2a889,31,31,0.9575486442455864,2026-08-28T19:34:02.122997+00:00,0.8296,-31.75,New Mexico State,31.75,1.0,42,New Mexico State,31.75,34,17,17,Florida State,True,6.2110399972547015,New Mexico State,Win,Win
pre_game,Scientific roster (market-free F0–F6),0,1,401864570,Sat 7:00 PM,New Mexico State,Florida State,scientific_F5_M10,knn,F5,21.85,0.7041732142024621,Florida State,21.85,New Mexico State +31.75,9.9,Florida State,22.96,New Mexico State +31.75,8.79,2026,1,2026-08-29T23:00:00.000Z,False,False,regular,-31.75,2026,1,401864570,margin,/groups/bsavoie2/tburton2/TDNet/publication_artifacts/scientific_roster_refits/f0_f8_margin_through_2025_v1/cells/F5/M10/checkpoint.pkl,99fc835a1cc88df16ccb35c5272ca4691bcc4f25eae45bdc2c6c28ce3a121da9,36,36,0.4083464284049243,2026-08-28T19:34:02.122997+00:00,0.8296,-31.75,New Mexico State,31.75,1.0,42,New Mexico State,31.75,34,17,17,Florida State,True,4.850000000000001,New Mexico State,Win,Win
pre_game,Scientific roster (market-free F0–F6),0,1,401864570,Sat 7:00 PM,New Mexico State,Florida State,scientific_F5_M2,spline,F5,21.54938142687672,0.7239041242352684,Florida State,21.549,New Mexico State +31.75,10.201,Florida State,22.96,New Mexico State +31.75,8.79,2026,1,2026-08-29T23:00:00.000Z,False,False,regular,-31.75,2026,1,401864570,margin,/groups/bsavoie2/tburton2/TDNet/publication_artifacts/scientific_roster_refits/f0_f8_margin_through_2025_v1/cells/F5/M2/checkpoint.pkl,c688a874265ec3654c4b75991b59977e9fcec094af505e34a2e5dccca015955d,32,32,0.4478082484705368,2026-08-28T19:34:02.122997+00:00,0.8296,-31.75,New Mexico State,31.75,1.0,42,New Mexico State,31.75,34,17,17,Florida State,True,4.549381426876721,New Mexico State,Win,Win
pre_game,Scientific roster (market-free F0–F6),0,1,401864570,Sat 7:00 PM,New Mexico State,Florida State,scientific_F5_M3,tree,F5,22.87609484394288,0.8367177876545647,Florida State,22.876,New Mexico State +31.75,8.874,Florida State,22.96,New Mexico State +31.75,8.79,2026,1,2026-08-29T23:00:00.000Z,False,False,regular,-31.75,2026,1,401864570,margin,/groups/bsavoie2/tburton2/TDNet/publication_artifacts/scientific_roster_refits/f0_f8_margin_through_2025_v1/cells/F5/M3/checkpoint.pkl,5fd2b7b8a81f05acb3b0f169b641580185fa0b954897f332c458a9971eee26d9,33,33,0.6734355753091295,2026-08-28T19:34:02.122997+00:00,0.8296,-31.75,New Mexico State,31.75,1.0,42,New Mexico State,31.75,34,17,17,Florida State,True,5.87609484394288,New Mexico State,Win,Win
pre_game,Scientific roster (market-free F0–F6),0,1,401864570,Sat 7:00 PM,New Mexico State,Florida State,scientific_F5_M4,boosted,F5,25.28435129296077,0.8588807841602751,Florida State,25.284,New Mexico State +31.75,6.466,Florida State,22.96,New Mexico State +31.75,8.79,2026,1,2026-08-29T23:00:00.000Z,False,False,regular,-31.75,2026,1,401864570,margin,/groups/bsavoie2/tburton2/TDNet/publication_artifacts/scientific_roster_refits/f0_f8_margin_through_2025_v1/cells/F5/M4/checkpoint.pkl,797dfb35969984928095b6a6570cab555c85a25ae60f4cd1f063f07276c1a190,34,34,0.7177615683205503,2026-08-28T19:34:02.122997+00:00,0.8296,-31.75,New Mexico State,31.75,1.0,42,New Mexico State,31.75,34,17,17,Florida State,True,8.284351292960771,New Mexico State,Win,Win
pre_game,Scientific roster (market-free F0–F6),0,1,401864570,Sat 7:00 PM,New Mexico State,Florida State,scientific_F5_M5,neural,F5,16.075225830078125,0.7591875468682108,Florida State,16.075,New Mexico State +31.75,15.675,Florida State,22.96,New Mexico State +31.75,8.79,2026,1,2026-08-29T23:00:00.000Z,False,False,regular,-31.75,2026,1,401864570,margin,/groups/bsavoie2/tburton2/TDNet/publication_artifacts/scientific_roster_refits/f0_f8_margin_through_2025_v1/cells/F5/M5/checkpoint.pkl,f5dae4b232221142b63cb90f233fc1f90bdca7af9c7fd07935daa1dd0bba698a,35,35,0.5183750937364215,2026-08-28T19:34:02.122997+00:00,0.8296,-31.75,New Mexico State,31.75,1.0,42,New Mexico State,31.75,34,17,17,Florida State,True,0.924774169921875,New Mexico State,Win,Win
pre_game,Scientific roster (market-free F0–F6),0,1,401864570,Sat 7:00 PM,New Mexico State,Florida State,scientific_F6_M1,linear,F6,25.145619850449723,0.9844863656129148,Florida State,25.146,New Mexico State +31.75,6.604,Florida State,22.96,New Mexico State +31.75,8.79,2026,1,2026-08-29T23:00:00.000Z,False,False,regular,-31.75,2026,1,401864570,margin,/groups/bsavoie2/tburton2/TDNet/publication_artifacts/scientific_roster_refits/f0_f8_margin_through_2025_v1/cells/F6/M1/checkpoint.pkl,3401ea2a804ae7e8cd2a86f9aae755290a10f6de78218adc9109ba366e081f49,37,37,0.9689727312258298,2026-08-28T19:34:02.122997+00:00,0.8296,-31.75,New Mexico State,31.75,1.0,42,New Mexico State,31.75,34,17,17,Florida State,True,8.145619850449723,New Mexico State,Win,Win
pre_game,Scientific roster (market-free F0–F6),0,1,401864570,Sat 7:00 PM,New Mexico State,Florida State,scientific_F6_M10,knn,F6,18.95,0.7052806947618689,Florida State,18.95,New Mexico State +31.75,12.8,Florida State,22.96,New Mexico State +31.75,8.79,2026,1,2026-08-29T23:00:00.000Z,False,False,regular,-31.75,2026,1,401864570,margin,/groups/bsavoie2/tburton2/TDNet/publication_artifacts/scientific_roster_refits/f0_f8_margin_through_2025_v1/cells/F6/M10/checkpoint.pkl,a0062711632f89118ee18330188f9e8a7131b72349016765ad9fe5e5bf4cc65e,42,42,0.4105613895237379,2026-08-28T19:34:02.122997+00:00,0.8296,-31.75,New Mexico State,31.75,1.0,42,New Mexico State,31.75,34,17,17,Florida State,True,1.9499999999999993,New Mexico State,Win,Win
pre_game,Scientific roster (market-free F0–F6),0,1,401864570,Sat 7:00 PM,New Mexico State,Florida State,scientific_F6_M2,spline,F6,23.915412593725467,0.744548250321352,Florida State,23.915,New Mexico State +31.75,7.835,Florida State,22.96,New Mexico State +31.75,8.79,2026,1,2026-08-29T23:00:00.000Z,False,False,regular,-31.75,2026,1,401864570,margin,/groups/bsavoie2/tburton2/TDNet/publication_artifacts/scientific_roster_refits/f0_f8_margin_through_2025_v1/cells/F6/M2/checkpoint.pkl,f448804ac7906a628c9b1b0b6b1495b72b75da4819fff2b5bcc84f5a31c24737,38,38,0.4890965006427039,2026-08-28T19:34:02.122997+00:00,0.8296,-31.75,New Mexico State,31.75,1.0,42,New Mexico State,31.75,34,17,17,Florida State,True,6.915412593725467,New Mexico State,Win,Win
pre_game,Scientific roster (market-free F0–F6),0,1,401864570,Sat 7:00 PM,New Mexico State,Florida State,scientific_F6_M3,tree,F6,20.291128148757146,0.8099008872165823,Florida State,20.291,New Mexico State +31.75,11.459,Florida State,22.96,New Mexico State +31.75,8.79,2026,1,2026-08-29T23:00:00.000Z,False,False,regular,-31.75,2026,1,401864570,margin,/groups/bsavoie2/tburton2/TDNet/publication_artifacts/scientific_roster_refits/f0_f8_margin_through_2025_v1/cells/F6/M3/checkpoint.pkl,e9613c967a6a92a1c8389cc0be9e00d0bd5a64b170cfdd514f3fcfde96290059,39,39,0.6198017744331645,2026-08-28T19:34:02.122997+00:00,0.8296,-31.75,New Mexico State,31.75,1.0,42,New Mexico State,31.75,34,17,17,Florida State,True,3.2911281487571458,New Mexico State,Win,Win
pre_game,Scientific roster (market-free F0–F6),0,1,401864570,Sat 7:00 PM,New Mexico State,Florida State,scientific_F6_M4,boosted,F6,22.084223179609968,0.8288422941440322,Florida State,22.084,New Mexico State +31.75,9.666,Florida State,22.96,New Mexico State +31.75,8.79,2026,1,2026-08-29T23:00:00.000Z,False,False,regular,-31.75,2026,1,401864570,margin,/groups/bsavoie2/tburton2/TDNet/publication_artifacts/scientific_roster_refits/f0_f8_margin_through_2025_v1/cells/F6/M4/checkpoint.pkl,f02fc6dedb9083e88f65c74d032ea06df3285dbf84b6fad10c55d268c87332d7,40,40,0.6576845882880644,2026-08-28T19:34:02.122997+00:00,0.8296,-31.75,New Mexico State,31.75,1.0,42,New Mexico State,31.75,34,17,17,Florida State,True,5.0842231796099675,New Mexico State,Win,Win
pre_game,Scientific roster (market-free F0–F6),0,1,401864570,Sat 7:00 PM,New Mexico State,Florida State,scientific_F6_M5,neural,F6,13.87030792236328,0.7292333269362519,Florida State,13.87,New Mexico State +31.75,17.88,Florida State,22.96,New Mexico State +31.75,8.79,2026,1,2026-08-29T23:00:00.000Z,False,False,regular,-31.75,2026,1,401864570,margin,/groups/bsavoie2/tburton2/TDNet/publication_artifacts/scientific_roster_refits/f0_f8_margin_through_2025_v1/cells/F6/M5/checkpoint.pkl,0bdacc7417d2444620f844f32f12743c7b4c12d6539e962892539fe191acf35d,41,41,0.4584666538725037,2026-08-28T19:34:02.122997+00:00,0.8296,-31.75,New Mexico State,31.75,1.0,42,New Mexico State,31.75,34,17,17,Florida State,True,3.1296920776367205,New Mexico State,Win,Win
pre_game,Scientific roster (market-free F0–F6),0,1,401862693,Sat 10:00 PM,Memphis,UNLV,scientific_F0_M1,linear,F0,4.43999666191828,0.578627729032055,UNLV,4.44,UNLV -4.25,0.19,UNLV,1.83,Memphis +4.25,2.42,2026,1,2026-08-30T02:00:00.000Z,False,False,regular,-4.25,2026,1,401862693,margin,/groups/bsavoie2/tburton2/TDNet/publication_artifacts/scientific_roster_refits/f0_f8_margin_through_2025_v1/cells/F0/M1/checkpoint.pkl,3004e951de040158ab253160a1e5faebc99073441fb5f3eb0322a6bdf211b863,1,1,0.1572554580641099,2026-08-28T19:34:02.122997+00:00,0.53,-4.25,Memphis,4.25,0.7381,42,UNLV,-4.25,21,27,-6,Memphis,False,10.43999666191828,Memphis,Loss,Win
pre_game,Scientific roster (market-free F0–F6),0,1,401862693,Sat 10:00 PM,Memphis,UNLV,scientific_F0_M10,knn,F0,-2.7408730526122085,0.4512115711457831,Memphis,2.741,Memphis +4.25,6.991,UNLV,1.83,Memphis +4.25,2.42,2026,1,2026-08-30T02:00:00.000Z,False,False,regular,-4.25,2026,1,401862693,margin,/groups/bsavoie2/tburton2/TDNet/publication_artifacts/scientific_roster_refits/f0_f8_margin_through_2025_v1/cells/F0/M10/checkpoint.pkl,b72148b78493a060d1e5be6746b97d7061aabc8de152a7dbd2609c57c966e170,6,6,0.0975768577084337,2026-08-28T19:34:02.122997+00:00,0.53,-4.25,Memphis,4.25,0.7381,42,Memphis,4.25,21,27,-6,Memphis,True,3.2591269473877915,Memphis,Win,Win
pre_game,Scientific roster (market-free F0–F6),0,1,401862693,Sat 10:00 PM,Memphis,UNLV,scientific_F0_M2,spline,F0,4.27851173276767,0.5758128586863662,UNLV,4.279,UNLV -4.25,0.029,UNLV,1.83,Memphis +4.25,2.42,2026,1,2026-08-30T02:00:00.000Z,False,False,regular,-4.25,2026,1,401862693,margin,/groups/bsavoie2/tburton2/TDNet/publication_artifacts/scientific_roster_refits/f0_f8_margin_through_2025_v1/cells/F0/M2/checkpoint.pkl,faa0aa500ef3a49204415f776e055580b8b2192d373428f5c322465c4b6b53a5,2,2,0.1516257173727324,2026-08-28T19:34:02.122997+00:00,0.53,-4.25,Memphis,4.25,0.7381,42,UNLV,-4.25,21,27,-6,Memphis,False,10.278511732767669,Memphis,Loss,Win
pre_game,Scientific roster (market-free F0–F6),0,1,401862693,Sat 10:00 PM,Memphis,UNLV,scientific_F0_M3,tree,F0,0.3381904761904764,0.5060388219939405,UNLV,0.338,Memphis +4.25,3.912,UNLV,1.83,Memphis +4.25,2.42,2026,1,2026-08-30T02:00:00.000Z,False,False,regular,-4.25,2026,1,401862693,margin,/groups/bsavoie2/tburton2/TDNet/publication_artifacts/scientific_roster_refits/f0_f8_margin_through_2025_v1/cells/F0/M3/checkpoint.pkl,358ba183dfb2490fa300be4658b19950aed0049b8ea4fce0bdd7cd13ceb41d21,3,3,0.0120776439878809,2026-08-28T19:34:02.122997+00:00,0.53,-4.25,Memphis,4.25,0.7381,42,Memphis,4.25,21,27,-6,Memphis,False,6.338190476190476,Memphis,Win,Win
pre_game,Scientific roster (market-free F0–F6),0,1,401862693,Sat 10:00 PM,Memphis,UNLV,scientific_F0_M4,boosted,F0,4.75867974165398,0.5841676151437578,UNLV,4.759,UNLV -4.25,0.509,UNLV,1.83,Memphis +4.25,2.42,2026,1,2026-08-30T02:00:00.000Z,False,False,regular,-4.25,2026,1,401862693,margin,/groups/bsavoie2/tburton2/TDNet/publication_artifacts/scientific_roster_refits/f0_f8_margin_through_2025_v1/cells/F0/M4/checkpoint.pkl,536856580617cdb0017463eadedb4239f7f52f3b6e217f92307fc64664dda481,4,4,0.1683352302875156,2026-08-28T19:34:02.122997+00:00,0.53,-4.25,Memphis,4.25,0.7381,42,UNLV,-4.25,21,27,-6,Memphis,False,10.75867974165398,Memphis,Loss,Win
pre_game,Scientific roster (market-free F0–F6),0,1,401862693,Sat 10:00 PM,Memphis,UNLV,scientific_F0_M5,neural,F0,4.496197700500488,0.5796061907944882,UNLV,4.496,UNLV -4.25,0.246,UNLV,1.83,Memphis +4.25,2.42,2026,1,2026-08-30T02:00:00.000Z,False,False,regular,-4.25,2026,1,401862693,margin,/groups/bsavoie2/tburton2/TDNet/publication_artifacts/scientific_roster_refits/f0_f8_margin_through_2025_v1/cells/F0/M5/checkpoint.pkl,b5c22a3c584ee4be901802a4cd0a8d35a35b0464f5fefaac5132089a925dc1af,5,5,0.1592123815889763,2026-08-28T19:34:02.122997+00:00,0.53,-4.25,Memphis,4.25,0.7381,42,UNLV,-4.25,21,27,-6,Memphis,False,10.496197700500488,Memphis,Loss,Win
pre_game,Scientific roster (market-free F0–F6),0,1,401862693,Sat 10:00 PM,Memphis,UNLV,scientific_F1_M1,linear,F1,0.3133206195732945,0.505594777546093,UNLV,0.313,Memphis +4.25,3.937,UNLV,1.83,Memphis +4.25,2.42,2026,1,2026-08-30T02:00:00.000Z,False,False,regular,-4.25,2026,1,401862693,margin,/groups/bsavoie2/tburton2/TDNet/publication_artifacts/scientific_roster_refits/f0_f8_margin_through_2025_v1/cells/F1/M1/checkpoint.pkl,de123537a22f9ab809539f81b9b90e376311fd3703d871f3eebb0d5a5a6b0167,7,7,0.0111895550921861,2026-08-28T19:34:02.122997+00:00,0.53,-4.25,Memphis,4.25,0.7381,42,Memphis,4.25,21,27,-6,Memphis,False,6.313320619573295,Memphis,Win,Win
pre_game,Scientific roster (market-free F0–F6),0,1,401862693,Sat 10:00 PM,Memphis,UNLV,scientific_F1_M10,knn,F1,7.180938178626881,0.6254917142371933,UNLV,7.181,UNLV -4.25,2.931,UNLV,1.83,Memphis +4.25,2.42,2026,1,2026-08-30T02:00:00.000Z,False,False,regular,-4.25,2026,1,401862693,margin,/groups/bsavoie2/tburton2/TDNet/publication_artifacts/scientific_roster_refits/f0_f8_margin_through_2025_v1/cells/F1/M10/checkpoint.pkl,3d72b6bd97123eaa76a67c2debf38d1b23388a3605a981b3b121263f2c1deed8,12,12,0.2509834284743866,2026-08-28T19:34:02.122997+00:00,0.53,-4.25,Memphis,4.25,0.7381,42,UNLV,-4.25,21,27,-6,Memphis,False,13.180938178626882,Memphis,Loss,Win
pre_game,Scientific roster (market-free F0–F6),0,1,401862693,Sat 10:00 PM,Memphis,UNLV,scientific_F1_M2,spline,F1,-0.6679052160300687,0.4880753827659169,Memphis,0.668,Memphis +4.25,4.918,UNLV,1.83,Memphis +4.25,2.42,2026,1,2026-08-30T02:00:00.000Z,False,False,regular,-4.25,2026,1,401862693,margin,/groups/bsavoie2/tburton2/TDNet/publication_artifacts/scientific_roster_refits/f0_f8_margin_through_2025_v1/cells/F1/M2/checkpoint.pkl,dd67d778cca7ecca58d04c1c2f81380cf31f9dc37912ed12f772336ea65440b5,8,8,0.0238492344681662,2026-08-28T19:34:02.122997+00:00,0.53,-4.25,Memphis,4.25,0.7381,42,Memphis,4.25,21,27,-6,Memphis,True,5.332094783969931,Memphis,Win,Win
pre_game,Scientific roster (market-free F0–F6),0,1,401862693,Sat 10:00 PM,Memphis,UNLV,scientific_F1_M3,tree,F1,0.8491380952380948,0.5151585335158215,UNLV,0.849,Memphis +4.25,3.401,UNLV,1.83,Memphis +4.25,2.42,2026,1,2026-08-30T02:00:00.000Z,False,False,regular,-4.25,2026,1,401862693,margin,/groups/bsavoie2/tburton2/TDNet/publication_artifacts/scientific_roster_refits/f0_f8_margin_through_2025_v1/cells/F1/M3/checkpoint.pkl,074942f55a18152490c8f5fbb362670a65f282e328e391b3fbde67b83fe800f6,9,9,0.030317067031643,2026-08-28T19:34:02.122997+00:00,0.53,-4.25,Memphis,4.25,0.7381,42,Memphis,4.25,21,27,-6,Memphis,False,6.849138095238095,Memphis,Win,Win
pre_game,Scientific roster (market-free F0–F6),0,1,401862693,Sat 10:00 PM,Memphis,UNLV,scientific_F1_M4,boosted,F1,-0.4207241759381995,0.4924876336504148,Memphis,0.421,Memphis +4.25,4.671,UNLV,1.83,Memphis +4.25,2.42,2026,1,2026-08-30T02:00:00.000Z,False,False,regular,-4.25,2026,1,401862693,margin,/groups/bsavoie2/tburton2/TDNet/publication_artifacts/scientific_roster_refits/f0_f8_margin_through_2025_v1/cells/F1/M4/checkpoint.pkl,ee9fb6307319157df56a4e2240b2ffb96777bd551b5342aa88c214a3808a6416,10,10,0.0150247326991702,2026-08-28T19:34:02.122997+00:00,0.53,-4.25,Memphis,4.25,0.7381,42,Memphis,4.25,21,27,-6,Memphis,True,5.5792758240618,Memphis,Win,Win
pre_game,Scientific roster (market-free F0–F6),0,1,401862693,Sat 10:00 PM,Memphis,UNLV,scientific_F1_M5,neural,F1,-4.333388805389404,0.4232300085946083,Memphis,4.333,Memphis +4.25,8.583,UNLV,1.83,Memphis +4.25,2.42,2026,1,2026-08-30T02:00:00.000Z,False,False,regular,-4.25,2026,1,401862693,margin,/groups/bsavoie2/tburton2/TDNet/publication_artifacts/scientific_roster_refits/f0_f8_margin_through_2025_v1/cells/F1/M5/checkpoint.pkl,6c253ec4aadc5ed51e9904b1a244a90f8792cd0b73e3d94d9e038a331e786a79,11,11,0.1535399828107833,2026-08-28T19:34:02.122997+00:00,0.53,-4.25,Memphis,4.25,0.7381,42,Memphis,4.25,21,27,-6,Memphis,True,1.6666111946105957,Memphis,Win,Win
pre_game,Scientific roster (market-free F0–F6),0,1,401862693,Sat 10:00 PM,Memphis,UNLV,scientific_F2_M1,linear,F2,0.3404070176268829,0.5060783972794246,UNLV,0.34,Memphis +4.25,3.91,UNLV,1.83,Memphis +4.25,2.42,2026,1,2026-08-30T02:00:00.000Z,False,False,regular,-4.25,2026,1,401862693,margin,/groups/bsavoie2/tburton2/TDNet/publication_artifacts/scientific_roster_refits/f0_f8_margin_through_2025_v1/cells/F2/M1/checkpoint.pkl,0dc099ef612b0b493bded42b1f5f2ec58fb5b35d4589a2d88c26019fc903a737,13,13,0.0121567945588492,2026-08-28T19:34:02.122997+00:00,0.53,-4.25,Memphis,4.25,0.7381,42,Memphis,4.25,21,27,-6,Memphis,False,6.340407017626883,Memphis,Win,Win
pre_game,Scientific roster (market-free F0–F6),0,1,401862693,Sat 10:00 PM,Memphis,UNLV,scientific_F2_M10,knn,F2,1.267002372927487,0.5226096128901448,UNLV,1.267,Memphis +4.25,2.983,UNLV,1.83,Memphis +4.25,2.42,2026,1,2026-08-30T02:00:00.000Z,False,False,regular,-4.25,2026,1,401862693,margin,/groups/bsavoie2/tburton2/TDNet/publication_artifacts/scientific_roster_refits/f0_f8_margin_through_2025_v1/cells/F2/M10/checkpoint.pkl,58ed41000abb0223c020a00119461f748ef991ffa3dbc1efd1df26ba4b05d96e,18,18,0.0452192257802896,2026-08-28T19:34:02.122997+00:00,0.53,-4.25,Memphis,4.25,0.7381,42,Memphis,4.25,21,27,-6,Memphis,False,7.267002372927487,Memphis,Win,Win
pre_game,Scientific roster (market-free F0–F6),0,1,401862693,Sat 10:00 PM,Memphis,UNLV,scientific_F2_M2,spline,F2,-0.5145145840157452,0.4908132735438432,Memphis,0.515,Memphis +4.25,4.765,UNLV,1.83,Memphis +4.25,2.42,2026,1,2026-08-30T02:00:00.000Z,False,False,regular,-4.25,2026,1,401862693,margin,/groups/bsavoie2/tburton2/TDNet/publication_artifacts/scientific_roster_refits/f0_f8_margin_through_2025_v1/cells/F2/M2/checkpoint.pkl,7b3c33a92fae9994535095f83a468d5514e3d9fdf72e2e90993442e8a4c99329,14,14,0.0183734529123136,2026-08-28T19:34:02.122997+00:00,0.53,-4.25,Memphis,4.25,0.7381,42,Memphis,4.25,21,27,-6,Memphis,True,5.485485415984255,Memphis,Win,Win
pre_game,Scientific roster (market-free F0–F6),0,1,401862693,Sat 10:00 PM,Memphis,UNLV,scientific_F2_M3,tree,F2,2.012907142857143,0.5358829760201854,UNLV,2.013,Memphis +4.25,2.237,UNLV,1.83,Memphis +4.25,2.42,2026,1,2026-08-30T02:00:00.000Z,False,False,regular,-4.25,2026,1,401862693,margin,/groups/bsavoie2/tburton2/TDNet/publication_artifacts/scientific_roster_refits/f0_f8_margin_through_2025_v1/cells/F2/M3/checkpoint.pkl,4d047265757142db6ad68cd76fb4cafba2cd34453f11f972f83ef29fe83f97a8,15,15,0.0717659520403708,2026-08-28T19:34:02.122997+00:00,0.53,-4.25,Memphis,4.25,0.7381,42,Memphis,4.25,21,27,-6,Memphis,False,8.012907142857143,Memphis,Win,Win
pre_game,Scientific roster (market-free F0–F6),0,1,401862693,Sat 10:00 PM,Memphis,UNLV,scientific_F2_M4,boosted,F2,-0.5826326971227145,0.4895973460513478,Memphis,0.583,Memphis +4.25,4.833,UNLV,1.83,Memphis +4.25,2.42,2026,1,2026-08-30T02:00:00.000Z,False,False,regular,-4.25,2026,1,401862693,margin,/groups/bsavoie2/tburton2/TDNet/publication_artifacts/scientific_roster_refits/f0_f8_margin_through_2025_v1/cells/F2/M4/checkpoint.pkl,a0eadb4cea94836b3ade844d07239c990f356552dc0c69793093274ad8afa8c1,16,16,0.0208053078973042,2026-08-28T19:34:02.122997+00:00,0.53,-4.25,Memphis,4.25,0.7381,42,Memphis,4.25,21,27,-6,Memphis,True,5.4173673028772855,Memphis,Win,Win
pre_game,Scientific roster (market-free F0–F6),0,1,401862693,Sat 10:00 PM,Memphis,UNLV,scientific_F2_M5,neural,F2,3.6314969062805176,0.5644869824619336,UNLV,3.631,Memphis +4.25,0.619,UNLV,1.83,Memphis +4.25,2.42,2026,1,2026-08-30T02:00:00.000Z,False,False,regular,-4.25,2026,1,401862693,margin,/groups/bsavoie2/tburton2/TDNet/publication_artifacts/scientific_roster_refits/f0_f8_margin_through_2025_v1/cells/F2/M5/checkpoint.pkl,391e1dd75e342bb0cd1e66b6178918b76670583a8f2ed306044cac4d48738f24,17,17,0.1289739649238672,2026-08-28T19:34:02.122997+00:00,0.53,-4.25,Memphis,4.25,0.7381,42,Memphis,4.25,21,27,-6,Memphis,False,9.631496906280518,Memphis,Win,Win
pre_game,Scientific roster (market-free F0–F6),0,1,401862693,Sat 10:00 PM,Memphis,UNLV,scientific_F3_M1,linear,F3,-0.7714632758098343,0.4862273549608052,Memphis,0.771,Memphis +4.25,5.021,UNLV,1.83,Memphis +4.25,2.42,2026,1,2026-08-30T02:00:00.000Z,False,False,regular,-4.25,2026,1,401862693,margin,/groups/bsavoie2/tburton2/TDNet/publication_artifacts/scientific_roster_refits/f0_f8_margin_through_2025_v1/cells/F3/M1/checkpoint.pkl,fcec1890921aaae1e705ec31c93bd07e779a520e874f9ebceb562185ac567097,19,19,0.0275452900783894,2026-08-28T19:34:02.122997+00:00,0.53,-4.25,Memphis,4.25,0.7381,42,Memphis,4.25,21,27,-6,Memphis,True,5.228536724190166,Memphis,Win,Win
pre_game,Scientific roster (market-free F0–F6),0,1,401862693,Sat 10:00 PM,Memphis,UNLV,scientific_F3_M10,knn,F3,2.7820190136733136,0.5495160775714569,UNLV,2.782,Memphis +4.25,1.468,UNLV,1.83,Memphis +4.25,2.42,2026,1,2026-08-30T02:00:00.000Z,False,False,regular,-4.25,2026,1,401862693,margin,/groups/bsavoie2/tburton2/TDNet/publication_artifacts/scientific_roster_refits/f0_f8_margin_through_2025_v1/cells/F3/M10/checkpoint.pkl,ceb577b58fc9ac4669e026a9a0a50a60f06535cdf9624540a567dbecb6ad817d,24,24,0.0990321551429138,2026-08-28T19:34:02.122997+00:00,0.53,-4.25,Memphis,4.25,0.7381,42,Memphis,4.25,21,27,-6,Memphis,False,8.782019013673313,Memphis,Win,Win
pre_game,Scientific roster (market-free F0–F6),0,1,401862693,Sat 10:00 PM,Memphis,UNLV,scientific_F3_M2,spline,F3,0.2498939749728634,0.5044622739348321,UNLV,0.25,Memphis +4.25,4.0,UNLV,1.83,Memphis +4.25,2.42,2026,1,2026-08-30T02:00:00.000Z,False,False,regular,-4.25,2026,1,401862693,margin,/groups/bsavoie2/tburton2/TDNet/publication_artifacts/scientific_roster_refits/f0_f8_margin_through_2025_v1/cells/F3/M2/checkpoint.pkl,f36e6608055d3601c0cb151657e2123369fbb5a3e217257ffefe5a8c54731dd8,20,20,0.0089245478696642,2026-08-28T19:34:02.122997+00:00,0.53,-4.25,Memphis,4.25,0.7381,42,Memphis,4.25,21,27,-6,Memphis,False,6.2498939749728635,Memphis,Win,Win
pre_game,Scientific roster (market-free F0–F6),0,1,401862693,Sat 10:00 PM,Memphis,UNLV,scientific_F3_M3,tree,F3,-0.0376359307359309,0.4993279302130327,Memphis,0.038,Memphis +4.25,4.288,UNLV,1.83,Memphis +4.25,2.42,2026,1,2026-08-30T02:00:00.000Z,False,False,regular,-4.25,2026,1,401862693,margin,/groups/bsavoie2/tburton2/TDNet/publication_artifacts/scientific_roster_refits/f0_f8_margin_through_2025_v1/cells/F3/M3/checkpoint.pkl,e0f6118c8005d407eb61d00ecac92260c8bf03bb6fa032475509cc7134626f4e,21,21,0.0013441395739346,2026-08-28T19:34:02.122997+00:00,0.53,-4.25,Memphis,4.25,0.7381,42,Memphis,4.25,21,27,-6,Memphis,True,5.962364069264069,Memphis,Win,Win
pre_game,Scientific roster (market-free F0–F6),0,1,401862693,Sat 10:00 PM,Memphis,UNLV,scientific_F3_M4,boosted,F3,1.310363807317556,0.5233822861973983,UNLV,1.31,Memphis +4.25,2.94,UNLV,1.83,Memphis +4.25,2.42,2026,1,2026-08-30T02:00:00.000Z,False,False,regular,-4.25,2026,1,401862693,margin,/groups/bsavoie2/tburton2/TDNet/publication_artifacts/scientific_roster_refits/f0_f8_margin_through_2025_v1/cells/F3/M4/checkpoint.pkl,a15efa59a4e377aec28d2a2563ec10d04c5dda2e1fbe264dce56178a75ab1b06,22,22,0.0467645723947967,2026-08-28T19:34:02.122997+00:00,0.53,-4.25,Memphis,4.25,0.7381,42,Memphis,4.25,21,27,-6,Memphis,False,7.310363807317556,Memphis,Win,Win
pre_game,Scientific roster (market-free F0–F6),0,1,401862693,Sat 10:00 PM,Memphis,UNLV,scientific_F3_M5,neural,F3,-1.4887897968292236,0.473439493482875,Memphis,1.489,Memphis +4.25,5.739,UNLV,1.83,Memphis +4.25,2.42,2026,1,2026-08-30T02:00:00.000Z,False,False,regular,-4.25,2026,1,401862693,margin,/groups/bsavoie2/tburton2/TDNet/publication_artifacts/scientific_roster_refits/f0_f8_margin_through_2025_v1/cells/F3/M5/checkpoint.pkl,7e365cdb1488185cb7075ddeb20eaab5ded63fc4829150b96f1952483bf72e3c,23,23,0.0531210130342499,2026-08-28T19:34:02.122997+00:00,0.53,-4.25,Memphis,4.25,0.7381,42,Memphis,4.25,21,27,-6,Memphis,True,4.511210203170776,Memphis,Win,Win
pre_game,Scientific roster (market-free F0–F6),0,1,401862693,Sat 10:00 PM,Memphis,UNLV,scientific_F4_M1,linear,F4,2.2366138694910704,0.5398548027007635,UNLV,2.237,Memphis +4.25,2.013,UNLV,1.83,Memphis +4.25,2.42,2026,1,2026-08-30T02:00:00.000Z,False,False,regular,-4.25,2026,1,401862693,margin,/groups/bsavoie2/tburton2/TDNet/publication_artifacts/scientific_roster_refits/f0_f8_margin_through_2025_v1/cells/F4/M1/checkpoint.pkl,5e1f22b2fba89c54267ce85ddc65d6941a63a040527f86d4c1e518e5a004467a,25,25,0.0797096054015269,2026-08-28T19:34:02.122997+00:00,0.53,-4.25,Memphis,4.25,0.7381,42,Memphis,4.25,21,27,-6,Memphis,False,8.23661386949107,Memphis,Win,Win
pre_game,Scientific roster (market-free F0–F6),0,1,401862693,Sat 10:00 PM,Memphis,UNLV,scientific_F4_M10,knn,F4,3.4598501603144207,0.5614705009121861,UNLV,3.46,Memphis +4.25,0.79,UNLV,1.83,Memphis +4.25,2.42,2026,1,2026-08-30T02:00:00.000Z,False,False,regular,-4.25,2026,1,401862693,margin,/groups/bsavoie2/tburton2/TDNet/publication_artifacts/scientific_roster_refits/f0_f8_margin_through_2025_v1/cells/F4/M10/checkpoint.pkl,3506cc48b80ce8af9588d310557a7085180676d9c57cc1efb7977735ead804d7,30,30,0.1229410018243721,2026-08-28T19:34:02.122997+00:00,0.53,-4.25,Memphis,4.25,0.7381,42,Memphis,4.25,21,27,-6,Memphis,False,9.45985016031442,Memphis,Win,Win
pre_game,Scientific roster (market-free F0–F6),0,1,401862693,Sat 10:00 PM,Memphis,UNLV,scientific_F4_M2,spline,F4,1.8348374361855564,0.5327181352196305,UNLV,1.835,Memphis +4.25,2.415,UNLV,1.83,Memphis +4.25,2.42,2026,1,2026-08-30T02:00:00.000Z,False,False,regular,-4.25,2026,1,401862693,margin,/groups/bsavoie2/tburton2/TDNet/publication_artifacts/scientific_roster_refits/f0_f8_margin_through_2025_v1/cells/F4/M2/checkpoint.pkl,29ce994bf944f848dfdce0a43acd8b21d8301dcb0895f03fe928313bd3e18c17,26,26,0.065436270439261,2026-08-28T19:34:02.122997+00:00,0.53,-4.25,Memphis,4.25,0.7381,42,Memphis,4.25,21,27,-6,Memphis,False,7.834837436185556,Memphis,Win,Win
pre_game,Scientific roster (market-free F0–F6),0,1,401862693,Sat 10:00 PM,Memphis,UNLV,scientific_F4_M3,tree,F4,3.594359668109669,0.5638347375768874,UNLV,3.594,Memphis +4.25,0.656,UNLV,1.83,Memphis +4.25,2.42,2026,1,2026-08-30T02:00:00.000Z,False,False,regular,-4.25,2026,1,401862693,margin,/groups/bsavoie2/tburton2/TDNet/publication_artifacts/scientific_roster_refits/f0_f8_margin_through_2025_v1/cells/F4/M3/checkpoint.pkl,941e0b9cf5dca9bf3bfa4f6a0079cd6bcfdf580593d4979393c794e4774101d8,27,27,0.1276694751537748,2026-08-28T19:34:02.122997+00:00,0.53,-4.25,Memphis,4.25,0.7381,42,Memphis,4.25,21,27,-6,Memphis,False,9.594359668109668,Memphis,Win,Win
pre_game,Scientific roster (market-free F0–F6),0,1,401862693,Sat 10:00 PM,Memphis,UNLV,scientific_F4_M4,boosted,F4,3.7799873856682153,0.5670926837654365,UNLV,3.78,Memphis +4.25,0.47,UNLV,1.83,Memphis +4.25,2.42,2026,1,2026-08-30T02:00:00.000Z,False,False,regular,-4.25,2026,1,401862693,margin,/groups/bsavoie2/tburton2/TDNet/publication_artifacts/scientific_roster_refits/f0_f8_margin_through_2025_v1/cells/F4/M4/checkpoint.pkl,5c735ec5a2cef35758da96c6fe465c25721aa40884a5144f9a0a05d16a324a07,28,28,0.134185367530873,2026-08-28T19:34:02.122997+00:00,0.53,-4.25,Memphis,4.25,0.7381,42,Memphis,4.25,21,27,-6,Memphis,False,9.779987385668216,Memphis,Win,Win
pre_game,Scientific roster (market-free F0–F6),0,1,401862693,Sat 10:00 PM,Memphis,UNLV,scientific_F4_M5,neural,F4,0.6472981572151184,0.5115568369556783,UNLV,0.647,Memphis +4.25,3.603,UNLV,1.83,Memphis +4.25,2.42,2026,1,2026-08-30T02:00:00.000Z,False,False,regular,-4.25,2026,1,401862693,margin,/groups/bsavoie2/tburton2/TDNet/publication_artifacts/scientific_roster_refits/f0_f8_margin_through_2025_v1/cells/F4/M5/checkpoint.pkl,af90514c860951f28aea6b1acd588894aab8d4822e29ffbc548337c5d213ed91,29,29,0.0231136739113566,2026-08-28T19:34:02.122997+00:00,0.53,-4.25,Memphis,4.25,0.7381,42,Memphis,4.25,21,27,-6,Memphis,False,6.647298157215118,Memphis,Win,Win
pre_game,Scientific roster (market-free F0–F6),0,1,401862693,Sat 10:00 PM,Memphis,UNLV,scientific_F5_M1,linear,F5,1.2645291025620695,0.5519904936478959,UNLV,1.265,Memphis +4.25,2.985,UNLV,1.83,Memphis +4.25,2.42,2026,1,2026-08-30T02:00:00.000Z,False,False,regular,-4.25,2026,1,401862693,margin,/groups/bsavoie2/tburton2/TDNet/publication_artifacts/scientific_roster_refits/f0_f8_margin_through_2025_v1/cells/F5/M1/checkpoint.pkl,9ac8b1110596206294dcb94ca99f78d5515f26e8c83db988ea842f703dc2a889,31,31,0.1039809872957917,2026-08-28T19:34:02.122997+00:00,0.53,-4.25,Memphis,4.25,0.7381,42,Memphis,4.25,21,27,-6,Memphis,False,7.2645291025620695,Memphis,Win,Win
pre_game,Scientific roster (market-free F0–F6),0,1,401862693,Sat 10:00 PM,Memphis,UNLV,scientific_F5_M10,knn,F5,7.650000000000001,0.5753313265242612,UNLV,7.65,UNLV -4.25,3.4,UNLV,1.83,Memphis +4.25,2.42,2026,1,2026-08-30T02:00:00.000Z,False,False,regular,-4.25,2026,1,401862693,margin,/groups/bsavoie2/tburton2/TDNet/publication_artifacts/scientific_roster_refits/f0_f8_margin_through_2025_v1/cells/F5/M10/checkpoint.pkl,99fc835a1cc88df16ccb35c5272ca4691bcc4f25eae45bdc2c6c28ce3a121da9,36,36,0.1506626530485224,2026-08-28T19:34:02.122997+00:00,0.53,-4.25,Memphis,4.25,0.7381,42,UNLV,-4.25,21,27,-6,Memphis,False,13.650000000000002,Memphis,Loss,Win
pre_game,Scientific roster (market-free F0–F6),0,1,401862693,Sat 10:00 PM,Memphis,UNLV,scientific_F5_M2,spline,F5,5.382626472809069,0.5599025613418541,UNLV,5.383,UNLV -4.25,1.133,UNLV,1.83,Memphis +4.25,2.42,2026,1,2026-08-30T02:00:00.000Z,False,False,regular,-4.25,2026,1,401862693,margin,/groups/bsavoie2/tburton2/TDNet/publication_artifacts/scientific_roster_refits/f0_f8_margin_through_2025_v1/cells/F5/M2/checkpoint.pkl,c688a874265ec3654c4b75991b59977e9fcec094af505e34a2e5dccca015955d,32,32,0.1198051226837082,2026-08-28T19:34:02.122997+00:00,0.53,-4.25,Memphis,4.25,0.7381,42,UNLV,-4.25,21,27,-6,Memphis,False,11.382626472809068,Memphis,Loss,Win
pre_game,Scientific roster (market-free F0–F6),0,1,401862693,Sat 10:00 PM,Memphis,UNLV,scientific_F5_M3,tree,F5,3.789791060081735,0.5672645891152112,UNLV,3.79,Memphis +4.25,0.46,UNLV,1.83,Memphis +4.25,2.42,2026,1,2026-08-30T02:00:00.000Z,False,False,regular,-4.25,2026,1,401862693,margin,/groups/bsavoie2/tburton2/TDNet/publication_artifacts/scientific_roster_refits/f0_f8_margin_through_2025_v1/cells/F5/M3/checkpoint.pkl,5fd2b7b8a81f05acb3b0f169b641580185fa0b954897f332c458a9971eee26d9,33,33,0.1345291782304223,2026-08-28T19:34:02.122997+00:00,0.53,-4.25,Memphis,4.25,0.7381,42,Memphis,4.25,21,27,-6,Memphis,False,9.789791060081734,Memphis,Win,Win
pre_game,Scientific roster (market-free F0–F6),0,1,401862693,Sat 10:00 PM,Memphis,UNLV,scientific_F5_M4,boosted,F5,3.7477854630303846,0.5665279164284538,UNLV,3.748,Memphis +4.25,0.502,UNLV,1.83,Memphis +4.25,2.42,2026,1,2026-08-30T02:00:00.000Z,False,False,regular,-4.25,2026,1,401862693,margin,/groups/bsavoie2/tburton2/TDNet/publication_artifacts/scientific_roster_refits/f0_f8_margin_through_2025_v1/cells/F5/M4/checkpoint.pkl,797dfb35969984928095b6a6570cab555c85a25ae60f4cd1f063f07276c1a190,34,34,0.1330558328569075,2026-08-28T19:34:02.122997+00:00,0.53,-4.25,Memphis,4.25,0.7381,42,Memphis,4.25,21,27,-6,Memphis,False,9.747785463030384,Memphis,Win,Win
pre_game,Scientific roster (market-free F0–F6),0,1,401862693,Sat 10:00 PM,Memphis,UNLV,scientific_F5_M5,neural,F5,-2.595453977584839,0.4537848968172332,Memphis,2.595,Memphis +4.25,6.845,UNLV,1.83,Memphis +4.25,2.42,2026,1,2026-08-30T02:00:00.000Z,False,False,regular,-4.25,2026,1,401862693,margin,/groups/bsavoie2/tburton2/TDNet/publication_artifacts/scientific_roster_refits/f0_f8_margin_through_2025_v1/cells/F5/M5/checkpoint.pkl,f5dae4b232221142b63cb90f233fc1f90bdca7af9c7fd07935daa1dd0bba698a,35,35,0.0924302063655335,2026-08-28T19:34:02.122997+00:00,0.53,-4.25,Memphis,4.25,0.7381,42,Memphis,4.25,21,27,-6,Memphis,True,3.404546022415161,Memphis,Win,Win
pre_game,Scientific roster (market-free F0–F6),0,1,401862693,Sat 10:00 PM,Memphis,UNLV,scientific_F6_M1,linear,F6,2.041225378926408,0.5834406253508613,UNLV,2.041,Memphis +4.25,2.209,UNLV,1.83,Memphis +4.25,2.42,2026,1,2026-08-30T02:00:00.000Z,False,False,regular,-4.25,2026,1,401862693,margin,/groups/bsavoie2/tburton2/TDNet/publication_artifacts/scientific_roster_refits/f0_f8_margin_through_2025_v1/cells/F6/M1/checkpoint.pkl,3401ea2a804ae7e8cd2a86f9aae755290a10f6de78218adc9109ba366e081f49,37,37,0.1668812507017225,2026-08-28T19:34:02.122997+00:00,0.53,-4.25,Memphis,4.25,0.7381,42,Memphis,4.25,21,27,-6,Memphis,False,8.041225378926407,Memphis,Win,Win
pre_game,Scientific roster (market-free F0–F6),0,1,401862693,Sat 10:00 PM,Memphis,UNLV,scientific_F6_M10,knn,F6,7.7,0.5877215996169253,UNLV,7.7,UNLV -4.25,3.45,UNLV,1.83,Memphis +4.25,2.42,2026,1,2026-08-30T02:00:00.000Z,False,False,regular,-4.25,2026,1,401862693,margin,/groups/bsavoie2/tburton2/TDNet/publication_artifacts/scientific_roster_refits/f0_f8_margin_through_2025_v1/cells/F6/M10/checkpoint.pkl,a0062711632f89118ee18330188f9e8a7131b72349016765ad9fe5e5bf4cc65e,42,42,0.1754431992338505,2026-08-28T19:34:02.122997+00:00,0.53,-4.25,Memphis,4.25,0.7381,42,UNLV,-4.25,21,27,-6,Memphis,False,13.7,Memphis,Loss,Win
pre_game,Scientific roster (market-free F0–F6),0,1,401862693,Sat 10:00 PM,Memphis,UNLV,scientific_F6_M2,spline,F6,5.473237887271215,0.5609010432703639,UNLV,5.473,UNLV -4.25,1.223,UNLV,1.83,Memphis +4.25,2.42,2026,1,2026-08-30T02:00:00.000Z,False,False,regular,-4.25,2026,1,401862693,margin,/groups/bsavoie2/tburton2/TDNet/publication_artifacts/scientific_roster_refits/f0_f8_margin_through_2025_v1/cells/F6/M2/checkpoint.pkl,f448804ac7906a628c9b1b0b6b1495b72b75da4819fff2b5bcc84f5a31c24737,38,38,0.1218020865407278,2026-08-28T19:34:02.122997+00:00,0.53,-4.25,Memphis,4.25,0.7381,42,UNLV,-4.25,21,27,-6,Memphis,False,11.473237887271214,Memphis,Loss,Win
pre_game,Scientific roster (market-free F0–F6),0,1,401862693,Sat 10:00 PM,Memphis,UNLV,scientific_F6_M3,tree,F6,3.4558381465151293,0.5613999394150838,UNLV,3.456,Memphis +4.25,0.794,UNLV,1.83,Memphis +4.25,2.42,2026,1,2026-08-30T02:00:00.000Z,False,False,regular,-4.25,2026,1,401862693,margin,/groups/bsavoie2/tburton2/TDNet/publication_artifacts/scientific_roster_refits/f0_f8_margin_through_2025_v1/cells/F6/M3/checkpoint.pkl,e9613c967a6a92a1c8389cc0be9e00d0bd5a64b170cfdd514f3fcfde96290059,39,39,0.1227998788301676,2026-08-28T19:34:02.122997+00:00,0.53,-4.25,Memphis,4.25,0.7381,42,Memphis,4.25,21,27,-6,Memphis,False,9.455838146515129,Memphis,Win,Win
pre_game,Scientific roster (market-free F0–F6),0,1,401862693,Sat 10:00 PM,Memphis,UNLV,scientific_F6_M4,boosted,F6,2.701612614336489,0.5480939301804201,UNLV,2.702,Memphis +4.25,1.548,UNLV,1.83,Memphis +4.25,2.42,2026,1,2026-08-30T02:00:00.000Z,False,False,regular,-4.25,2026,1,401862693,margin,/groups/bsavoie2/tburton2/TDNet/publication_artifacts/scientific_roster_refits/f0_f8_margin_through_2025_v1/cells/F6/M4/checkpoint.pkl,f02fc6dedb9083e88f65c74d032ea06df3285dbf84b6fad10c55d268c87332d7,40,40,0.0961878603608401,2026-08-28T19:34:02.122997+00:00,0.53,-4.25,Memphis,4.25,0.7381,42,Memphis,4.25,21,27,-6,Memphis,False,8.70161261433649,Memphis,Win,Win
pre_game,Scientific roster (market-free F0–F6),0,1,401862693,Sat 10:00 PM,Memphis,UNLV,scientific_F6_M5,neural,F6,-5.8092546463012695,0.3977265760515251,Memphis,5.809,Memphis +4.25,10.059,UNLV,1.83,Memphis +4.25,2.42,2026,1,2026-08-30T02:00:00.000Z,False,False,regular,-4.25,2026,1,401862693,margin,/groups/bsavoie2/tburton2/TDNet/publication_artifacts/scientific_roster_refits/f0_f8_margin_through_2025_v1/cells/F6/M5/checkpoint.pkl,0bdacc7417d2444620f844f32f12743c7b4c12d6539e962892539fe191acf35d,41,41,0.2045468478969497,2026-08-28T19:34:02.122997+00:00,0.53,-4.25,Memphis,4.25,0.7381,42,Memphis,4.25,21,27,-6,Memphis,True,0.19074535369873047,Memphis,Win,Win
