stage,model,model_label,season,week,n_games,margin_mae,winner_accuracy,upset_recall,brier_score,ats_games,ats_accuracy,replicates,cohort
F09,M1,Linear,2024,1,27,19.52606,0.59259259,0,0.21238591,27,0.40740741,3,common 2024–2025 development cohort; replicate-median weekly performance
F09,M1,Linear,2024,2,40,16.576172,0.6,0.2,0.2276923,39,0.41025641,3,common 2024–2025 development cohort; replicate-median weekly performance
F09,M1,Linear,2024,3,45,14.930505,0.82222222,0.44444444,0.14819421,44,0.52272727,3,common 2024–2025 development cohort; replicate-median weekly performance
F09,M1,Linear,2024,4,46,13.853152,0.7826087,0.33333333,0.16764486,46,0.5,3,common 2024–2025 development cohort; replicate-median weekly performance
F09,M1,Linear,2024,5,44,12.398461,0.72727273,0.42857143,0.19385741,42,0.38095238,3,common 2024–2025 development cohort; replicate-median weekly performance
F09,M1,Linear,2024,6,39,11.638548,0.74358974,0.36363636,0.19435926,38,0.55263158,3,common 2024–2025 development cohort; replicate-median weekly performance
F09,M1,Linear,2024,7,47,11.971106,0.72340426,0.41666667,0.18629363,45,0.46666667,3,common 2024–2025 development cohort; replicate-median weekly performance
F09,M1,Linear,2024,8,51,12.410542,0.62745098,0.26666667,0.2133687,50,0.4,3,common 2024–2025 development cohort; replicate-median weekly performance
F09,M1,Linear,2024,9,45,10.869045,0.82222222,0.3,0.14472438,43,0.60465116,3,common 2024–2025 development cohort; replicate-median weekly performance
F09,M1,Linear,2024,10,39,13.24477,0.61538462,0.1875,0.24539279,38,0.52631579,3,common 2024–2025 development cohort; replicate-median weekly performance
F09,M1,Linear,2024,11,42,12.052404,0.73809524,0.27272727,0.18602838,41,0.41463415,3,common 2024–2025 development cohort; replicate-median weekly performance
F09,M1,Linear,2024,12,44,11.277296,0.77272727,0.27272727,0.15774333,44,0.5,3,common 2024–2025 development cohort; replicate-median weekly performance
F09,M1,Linear,2024,13,52,12.279835,0.75,0.3125,0.17880393,52,0.61538462,3,common 2024–2025 development cohort; replicate-median weekly performance
F09,M1,Linear,2024,14,57,12.348781,0.61403509,0.125,0.21543777,55,0.49090909,3,common 2024–2025 development cohort; replicate-median weekly performance
F09,M1,Linear,2024,15,7,20.047296,0.42857143,0.2,0.2662697,7,0.57142857,3,common 2024–2025 development cohort; replicate-median weekly performance
F09,M1,Linear,2024,16,1,28.194943,0,0,0.54423794,1,0,3,common 2024–2025 development cohort; replicate-median weekly performance
F09,M1,Linear,2025,1,30,11.85827,0.73333333,0.4,0.19110664,30,0.76666667,3,common 2024–2025 development cohort; replicate-median weekly performance
F09,M1,Linear,2025,2,38,12.537532,0.89473684,0.55555556,0.13605104,36,0.63888889,3,common 2024–2025 development cohort; replicate-median weekly performance
F09,M1,Linear,2025,3,34,12.800548,0.73529412,0.2,0.17468382,34,0.5,3,common 2024–2025 development cohort; replicate-median weekly performance
F09,M1,Linear,2025,4,36,12.266173,0.66666667,0.2,0.19109215,35,0.57142857,3,common 2024–2025 development cohort; replicate-median weekly performance
F09,M1,Linear,2025,5,38,10.845153,0.71052632,0.22222222,0.21118926,37,0.45945946,3,common 2024–2025 development cohort; replicate-median weekly performance
F09,M1,Linear,2025,6,37,11.946868,0.72972973,0.14285714,0.19427005,37,0.48648649,3,common 2024–2025 development cohort; replicate-median weekly performance
F09,M1,Linear,2025,7,41,12.092557,0.63414634,0.071428571,0.20652524,40,0.5,3,common 2024–2025 development cohort; replicate-median weekly performance
F09,M1,Linear,2025,8,45,12.172209,0.68888889,0.21428571,0.20150356,45,0.6,3,common 2024–2025 development cohort; replicate-median weekly performance
F09,M1,Linear,2025,9,36,12.089266,0.77777778,0.3,0.16002742,34,0.47058824,3,common 2024–2025 development cohort; replicate-median weekly performance
F09,M1,Linear,2025,10,42,12.883266,0.71428571,0.23076923,0.20881512,42,0.42857143,3,common 2024–2025 development cohort; replicate-median weekly performance
F09,M1,Linear,2025,11,35,12.153202,0.68571429,0.15384615,0.21422067,35,0.57142857,3,common 2024–2025 development cohort; replicate-median weekly performance
F09,M1,Linear,2025,12,42,12.678778,0.80952381,0.125,0.15220777,42,0.52380952,3,common 2024–2025 development cohort; replicate-median weekly performance
F09,M1,Linear,2025,13,42,13.399189,0.71428571,0,0.160969,42,0.54761905,3,common 2024–2025 development cohort; replicate-median weekly performance
F09,M1,Linear,2025,14,48,12.31808,0.8125,0.5,0.17564485,44,0.61363636,3,common 2024–2025 development cohort; replicate-median weekly performance
F09,M1,Linear,2025,15,8,12.817664,0.625,0,0.23186115,8,0.375,3,common 2024–2025 development cohort; replicate-median weekly performance
F09,M1,Linear,2025,16,1,12.467484,1,,0.042990202,1,0,3,common 2024–2025 development cohort; replicate-median weekly performance
F09,M10,KNN,2024,1,27,21.214815,0.51851852,0,0.21592189,27,0.37037037,3,common 2024–2025 development cohort; replicate-median weekly performance
F09,M10,KNN,2024,2,40,16.66625,0.65,0.33333333,0.22743664,39,0.46153846,3,common 2024–2025 development cohort; replicate-median weekly performance
F09,M10,KNN,2024,3,45,18.11,0.66666667,0.33333333,0.20634836,44,0.43181818,3,common 2024–2025 development cohort; replicate-median weekly performance
F09,M10,KNN,2024,4,46,14.007609,0.7826087,0.41666667,0.165844,46,0.52173913,3,common 2024–2025 development cohort; replicate-median weekly performance
F09,M10,KNN,2024,5,44,12.945455,0.65909091,0.28571429,0.21962268,41,0.46341463,3,common 2024–2025 development cohort; replicate-median weekly performance
F09,M10,KNN,2024,6,39,12,0.76923077,0.27272727,0.17945916,38,0.65789474,3,common 2024–2025 development cohort; replicate-median weekly performance
F09,M10,KNN,2024,7,47,14.953191,0.61702128,0.33333333,0.22781868,45,0.51111111,3,common 2024–2025 development cohort; replicate-median weekly performance
F09,M10,KNN,2024,8,51,14.037255,0.56862745,0.26666667,0.24250389,50,0.46,3,common 2024–2025 development cohort; replicate-median weekly performance
F09,M10,KNN,2024,9,45,11.964444,0.68888889,0.1,0.18710708,43,0.48837209,3,common 2024–2025 development cohort; replicate-median weekly performance
F09,M10,KNN,2024,10,39,16.044872,0.48717949,0.1875,0.29604118,38,0.44736842,3,common 2024–2025 development cohort; replicate-median weekly performance
F09,M10,KNN,2024,11,42,13.721429,0.5952381,0.45454545,0.20703928,41,0.48780488,3,common 2024–2025 development cohort; replicate-median weekly performance
F09,M10,KNN,2024,12,44,10.919318,0.75,0.27272727,0.16995651,44,0.70454545,3,common 2024–2025 development cohort; replicate-median weekly performance
F09,M10,KNN,2024,13,52,13.892308,0.73076923,0.4375,0.18820222,52,0.61538462,3,common 2024–2025 development cohort; replicate-median weekly performance
F09,M10,KNN,2024,14,57,14.275439,0.64912281,0.1875,0.23181989,55,0.45454545,3,common 2024–2025 development cohort; replicate-median weekly performance
F09,M10,KNN,2024,15,7,19.207143,0.42857143,0.2,0.24555471,7,0.42857143,3,common 2024–2025 development cohort; replicate-median weekly performance
F09,M10,KNN,2024,16,1,29.9,0,0,0.48159686,1,0,3,common 2024–2025 development cohort; replicate-median weekly performance
F09,M10,KNN,2025,1,30,11.451667,0.7,0.4,0.17627285,30,0.76666667,3,common 2024–2025 development cohort; replicate-median weekly performance
F09,M10,KNN,2025,2,38,15.357895,0.73684211,0.44444444,0.20917758,36,0.58333333,3,common 2024–2025 development cohort; replicate-median weekly performance
F09,M10,KNN,2025,3,34,12.883824,0.76470588,0.5,0.17112418,34,0.55882353,3,common 2024–2025 development cohort; replicate-median weekly performance
F09,M10,KNN,2025,4,36,14.043056,0.63888889,0.3,0.21799021,35,0.51428571,3,common 2024–2025 development cohort; replicate-median weekly performance
F09,M10,KNN,2025,5,38,12.206579,0.57894737,0,0.23379708,37,0.35135135,3,common 2024–2025 development cohort; replicate-median weekly performance
F09,M10,KNN,2025,6,37,13.675676,0.7027027,0.28571429,0.22708923,36,0.38888889,3,common 2024–2025 development cohort; replicate-median weekly performance
F09,M10,KNN,2025,7,41,13.976829,0.68292683,0.42857143,0.21843179,40,0.4,3,common 2024–2025 development cohort; replicate-median weekly performance
F09,M10,KNN,2025,8,45,14.382222,0.68888889,0.21428571,0.23058657,45,0.44444444,3,common 2024–2025 development cohort; replicate-median weekly performance
F09,M10,KNN,2025,9,36,11.509722,0.75,0.3,0.16146906,34,0.58823529,3,common 2024–2025 development cohort; replicate-median weekly performance
F09,M10,KNN,2025,10,42,14.133333,0.64285714,0.30769231,0.22225087,42,0.42857143,3,common 2024–2025 development cohort; replicate-median weekly performance
F09,M10,KNN,2025,11,35,14.565714,0.62857143,0.30769231,0.23232253,35,0.51428571,3,common 2024–2025 development cohort; replicate-median weekly performance
F09,M10,KNN,2025,12,42,13.764286,0.73809524,0.125,0.18460828,42,0.5,3,common 2024–2025 development cohort; replicate-median weekly performance
F09,M10,KNN,2025,13,42,13.871429,0.78571429,0.3,0.17737369,42,0.47619048,3,common 2024–2025 development cohort; replicate-median weekly performance
F09,M10,KNN,2025,14,48,15.316667,0.64583333,0.35714286,0.22368665,44,0.45454545,3,common 2024–2025 development cohort; replicate-median weekly performance
F09,M10,KNN,2025,15,8,13.44375,0.5,0,0.27548237,8,0.5,3,common 2024–2025 development cohort; replicate-median weekly performance
F09,M10,KNN,2025,16,1,19.6,1,,0.026128514,1,0,3,common 2024–2025 development cohort; replicate-median weekly performance
F09,M2,Spline,2024,1,27,19.482931,0.55555556,0,0.21280958,27,0.37037037,10,common 2024–2025 development cohort; replicate-median weekly performance
F09,M2,Spline,2024,2,40,17.512611,0.6,0.2,0.23451459,39,0.3974359,10,common 2024–2025 development cohort; replicate-median weekly performance
F09,M2,Spline,2024,3,45,16.140945,0.75555556,0.33333333,0.15571707,44,0.43181818,10,common 2024–2025 development cohort; replicate-median weekly performance
F09,M2,Spline,2024,4,46,13.826009,0.76086957,0.41666667,0.16558732,46,0.5,10,common 2024–2025 development cohort; replicate-median weekly performance
F09,M2,Spline,2024,5,44,12.011902,0.70454545,0.35714286,0.20310645,42,0.5,10,common 2024–2025 development cohort; replicate-median weekly performance
F09,M2,Spline,2024,6,39,11.999788,0.67948718,0.27272727,0.19436422,38,0.55263158,10,common 2024–2025 development cohort; replicate-median weekly performance
F09,M2,Spline,2024,7,47,12.881546,0.65957447,0.33333333,0.20645567,45,0.42222222,10,common 2024–2025 development cohort; replicate-median weekly performance
F09,M2,Spline,2024,8,51,12.989724,0.58823529,0.13333333,0.22913597,50,0.46,10,common 2024–2025 development cohort; replicate-median weekly performance
F09,M2,Spline,2024,9,45,11.366451,0.8,0.35,0.15009995,43,0.61627907,10,common 2024–2025 development cohort; replicate-median weekly performance
F09,M2,Spline,2024,10,39,14.378834,0.58974359,0.21875,0.25896252,38,0.46052632,10,common 2024–2025 development cohort; replicate-median weekly performance
F09,M2,Spline,2024,11,42,11.922617,0.71428571,0.18181818,0.19546105,41,0.52439024,10,common 2024–2025 development cohort; replicate-median weekly performance
F09,M2,Spline,2024,12,44,11.329497,0.77272727,0.18181818,0.16284742,44,0.54545455,10,common 2024–2025 development cohort; replicate-median weekly performance
F09,M2,Spline,2024,13,52,12.857249,0.72115385,0.375,0.18786011,52,0.52884615,10,common 2024–2025 development cohort; replicate-median weekly performance
F09,M2,Spline,2024,14,57,13.970749,0.61403509,0.125,0.23639165,55,0.43636364,10,common 2024–2025 development cohort; replicate-median weekly performance
F09,M2,Spline,2024,15,7,19.313288,0.42857143,0.4,0.25727178,7,0.57142857,10,common 2024–2025 development cohort; replicate-median weekly performance
F09,M2,Spline,2024,16,1,37.028013,0,0,0.74814724,1,0,10,common 2024–2025 development cohort; replicate-median weekly performance
F09,M2,Spline,2025,1,30,12.366781,0.7,0.4,0.19703324,30,0.7,10,common 2024–2025 development cohort; replicate-median weekly performance
F09,M2,Spline,2025,2,38,13.887939,0.73684211,0.33333333,0.17093008,36,0.625,10,common 2024–2025 development cohort; replicate-median weekly performance
F09,M2,Spline,2025,3,34,13.645299,0.76470588,0.4,0.16887656,34,0.5,10,common 2024–2025 development cohort; replicate-median weekly performance
F09,M2,Spline,2025,4,36,12.125026,0.66666667,0.2,0.19641929,35,0.58571429,10,common 2024–2025 development cohort; replicate-median weekly performance
F09,M2,Spline,2025,5,38,11.520505,0.65789474,0.16666667,0.21770176,37,0.48648649,10,common 2024–2025 development cohort; replicate-median weekly performance
F09,M2,Spline,2025,6,37,12.641183,0.77027027,0.14285714,0.19628915,37,0.41891892,10,common 2024–2025 development cohort; replicate-median weekly performance
F09,M2,Spline,2025,7,41,12.811477,0.6097561,0.21428571,0.21755661,40,0.5375,10,common 2024–2025 development cohort; replicate-median weekly performance
F09,M2,Spline,2025,8,45,12.432821,0.66666667,0.28571429,0.21630741,45,0.55555556,10,common 2024–2025 development cohort; replicate-median weekly performance
F09,M2,Spline,2025,9,36,12.142459,0.80555556,0.4,0.15400364,34,0.42647059,10,common 2024–2025 development cohort; replicate-median weekly performance
F09,M2,Spline,2025,10,42,12.769805,0.70238095,0.23076923,0.2091997,42,0.4047619,10,common 2024–2025 development cohort; replicate-median weekly performance
F09,M2,Spline,2025,11,35,13.075935,0.65714286,0.15384615,0.23434618,35,0.52857143,10,common 2024–2025 development cohort; replicate-median weekly performance
F09,M2,Spline,2025,12,42,13.303823,0.73809524,0.0625,0.17462503,42,0.42857143,10,common 2024–2025 development cohort; replicate-median weekly performance
F09,M2,Spline,2025,13,42,13.587749,0.71428571,0.1,0.1760505,42,0.51190476,10,common 2024–2025 development cohort; replicate-median weekly performance
F09,M2,Spline,2025,14,48,12.31612,0.75,0.39285714,0.18274423,44,0.59090909,10,common 2024–2025 development cohort; replicate-median weekly performance
F09,M2,Spline,2025,15,8,13.830452,0.5,0,0.2568112,8,0.375,10,common 2024–2025 development cohort; replicate-median weekly performance
F09,M2,Spline,2025,16,1,16.102071,1,,0.025217672,1,0,10,common 2024–2025 development cohort; replicate-median weekly performance
F09,M3,Random forest,2024,1,27,17.706702,0.66666667,0,0.18506708,27,0.37037037,3,common 2024–2025 development cohort; replicate-median weekly performance
F09,M3,Random forest,2024,2,40,16.2921,0.575,0.26666667,0.22220049,39,0.46153846,3,common 2024–2025 development cohort; replicate-median weekly performance
F09,M3,Random forest,2024,3,45,15.796236,0.77777778,0.44444444,0.15037216,44,0.45454545,3,common 2024–2025 development cohort; replicate-median weekly performance
F09,M3,Random forest,2024,4,46,13.981522,0.69565217,0.33333333,0.1769133,46,0.45652174,3,common 2024–2025 development cohort; replicate-median weekly performance
F09,M3,Random forest,2024,5,44,11.38018,0.77272727,0.5,0.18646685,42,0.45238095,3,common 2024–2025 development cohort; replicate-median weekly performance
F09,M3,Random forest,2024,6,39,10.984401,0.71794872,0.18181818,0.19295785,38,0.65789474,3,common 2024–2025 development cohort; replicate-median weekly performance
F09,M3,Random forest,2024,7,47,12.360983,0.68085106,0.25,0.18685268,45,0.48888889,3,common 2024–2025 development cohort; replicate-median weekly performance
F09,M3,Random forest,2024,8,51,12.37304,0.62745098,0.066666667,0.21077577,50,0.42,3,common 2024–2025 development cohort; replicate-median weekly performance
F09,M3,Random forest,2024,9,45,11.357841,0.82222222,0.2,0.15666011,43,0.55813953,3,common 2024–2025 development cohort; replicate-median weekly performance
F09,M3,Random forest,2024,10,39,13.864169,0.64102564,0.125,0.26482609,38,0.52631579,3,common 2024–2025 development cohort; replicate-median weekly performance
F09,M3,Random forest,2024,11,42,12.126505,0.78571429,0.36363636,0.18442967,41,0.43902439,3,common 2024–2025 development cohort; replicate-median weekly performance
F09,M3,Random forest,2024,12,44,11.5906,0.72727273,0.090909091,0.17109013,44,0.61363636,3,common 2024–2025 development cohort; replicate-median weekly performance
F09,M3,Random forest,2024,13,52,12.497153,0.73076923,0.25,0.17535969,52,0.51923077,3,common 2024–2025 development cohort; replicate-median weekly performance
F09,M3,Random forest,2024,14,57,12.537202,0.68421053,0.1875,0.20432392,55,0.4,3,common 2024–2025 development cohort; replicate-median weekly performance
F09,M3,Random forest,2024,15,7,19.892574,0.57142857,0.4,0.25399058,7,0.42857143,3,common 2024–2025 development cohort; replicate-median weekly performance
F09,M3,Random forest,2024,16,1,27.465656,0,0,0.51732249,1,0,3,common 2024–2025 development cohort; replicate-median weekly performance
F09,M3,Random forest,2025,1,30,11.524692,0.73333333,0.4,0.17640318,30,0.73333333,3,common 2024–2025 development cohort; replicate-median weekly performance
F09,M3,Random forest,2025,2,38,13.021662,0.84210526,0.44444444,0.16482702,36,0.58333333,3,common 2024–2025 development cohort; replicate-median weekly performance
F09,M3,Random forest,2025,3,34,12.297041,0.73529412,0.3,0.16060898,34,0.58823529,3,common 2024–2025 development cohort; replicate-median weekly performance
F09,M3,Random forest,2025,4,36,12.584665,0.69444444,0.3,0.19311475,35,0.57142857,3,common 2024–2025 development cohort; replicate-median weekly performance
F09,M3,Random forest,2025,5,38,10.495108,0.65789474,0,0.21614114,37,0.54054054,3,common 2024–2025 development cohort; replicate-median weekly performance
F09,M3,Random forest,2025,6,37,12.628794,0.7027027,0.14285714,0.19414575,37,0.37837838,3,common 2024–2025 development cohort; replicate-median weekly performance
F09,M3,Random forest,2025,7,41,12.674435,0.63414634,0.14285714,0.21356217,40,0.45,3,common 2024–2025 development cohort; replicate-median weekly performance
F09,M3,Random forest,2025,8,45,11.561917,0.71111111,0.21428571,0.20174827,45,0.62222222,3,common 2024–2025 development cohort; replicate-median weekly performance
F09,M3,Random forest,2025,9,36,11.796486,0.80555556,0.3,0.15321656,34,0.47058824,3,common 2024–2025 development cohort; replicate-median weekly performance
F09,M3,Random forest,2025,10,42,12.849475,0.5952381,0,0.20641918,42,0.45238095,3,common 2024–2025 development cohort; replicate-median weekly performance
F09,M3,Random forest,2025,11,35,12.08532,0.71428571,0.23076923,0.21315606,35,0.62857143,3,common 2024–2025 development cohort; replicate-median weekly performance
F09,M3,Random forest,2025,12,42,13.070111,0.73809524,0,0.15779175,42,0.4047619,3,common 2024–2025 development cohort; replicate-median weekly performance
F09,M3,Random forest,2025,13,42,13.763434,0.73809524,0,0.16754024,42,0.5952381,3,common 2024–2025 development cohort; replicate-median weekly performance
F09,M3,Random forest,2025,14,48,12.095211,0.72916667,0.28571429,0.17566163,44,0.52272727,3,common 2024–2025 development cohort; replicate-median weekly performance
F09,M3,Random forest,2025,15,8,13.043858,0.5,0,0.24565394,8,0.375,3,common 2024–2025 development cohort; replicate-median weekly performance
F09,M3,Random forest,2025,16,1,12.192698,1,,0.046485624,1,0,3,common 2024–2025 development cohort; replicate-median weekly performance
F09,M4,Boosted trees,2024,1,27,17.251969,0.66666667,0,0.16557602,27,0.48148148,10,common 2024–2025 development cohort; replicate-median weekly performance
F09,M4,Boosted trees,2024,2,40,15.797738,0.6,0.23333333,0.22257407,39,0.48717949,10,common 2024–2025 development cohort; replicate-median weekly performance
F09,M4,Boosted trees,2024,3,45,15.917017,0.75555556,0.33333333,0.16388004,44,0.43181818,10,common 2024–2025 development cohort; replicate-median weekly performance
F09,M4,Boosted trees,2024,4,46,14.535982,0.66304348,0.33333333,0.18728247,46,0.45652174,10,common 2024–2025 development cohort; replicate-median weekly performance
F09,M4,Boosted trees,2024,5,44,11.738,0.77272727,0.5,0.18906238,42,0.48809524,10,common 2024–2025 development cohort; replicate-median weekly performance
F09,M4,Boosted trees,2024,6,39,11.241545,0.71794872,0.18181818,0.20136501,38,0.64473684,10,common 2024–2025 development cohort; replicate-median weekly performance
F09,M4,Boosted trees,2024,7,47,12.28665,0.68085106,0.25,0.18922633,45,0.47777778,10,common 2024–2025 development cohort; replicate-median weekly performance
F09,M4,Boosted trees,2024,8,51,12.484055,0.59803922,0.13333333,0.21521092,50,0.42,10,common 2024–2025 development cohort; replicate-median weekly performance
F09,M4,Boosted trees,2024,9,45,11.500758,0.78888889,0.25,0.15655096,43,0.53488372,10,common 2024–2025 development cohort; replicate-median weekly performance
F09,M4,Boosted trees,2024,10,39,13.836853,0.57692308,0.125,0.25995531,38,0.47368421,10,common 2024–2025 development cohort; replicate-median weekly performance
F09,M4,Boosted trees,2024,11,42,12.728282,0.72619048,0.27272727,0.19644795,41,0.40243902,10,common 2024–2025 development cohort; replicate-median weekly performance
F09,M4,Boosted trees,2024,12,44,11.564929,0.75,0.090909091,0.16852534,44,0.56818182,10,common 2024–2025 development cohort; replicate-median weekly performance
F09,M4,Boosted trees,2024,13,52,12.496786,0.75,0.3125,0.17604749,52,0.63461538,10,common 2024–2025 development cohort; replicate-median weekly performance
F09,M4,Boosted trees,2024,14,57,12.587105,0.66666667,0.125,0.21099021,55,0.43636364,10,common 2024–2025 development cohort; replicate-median weekly performance
F09,M4,Boosted trees,2024,15,7,19.945233,0.42857143,0.2,0.25567506,7,0.57142857,10,common 2024–2025 development cohort; replicate-median weekly performance
F09,M4,Boosted trees,2024,16,1,29.440434,0,0,0.56050642,1,0,10,common 2024–2025 development cohort; replicate-median weekly performance
F09,M4,Boosted trees,2025,1,30,11.430357,0.78333333,0.4,0.17354034,30,0.7,10,common 2024–2025 development cohort; replicate-median weekly performance
F09,M4,Boosted trees,2025,2,38,12.880525,0.81578947,0.44444444,0.15972021,36,0.58333333,10,common 2024–2025 development cohort; replicate-median weekly performance
F09,M4,Boosted trees,2025,3,34,13.128073,0.73529412,0.2,0.16364185,34,0.55882353,10,common 2024–2025 development cohort; replicate-median weekly performance
F09,M4,Boosted trees,2025,4,36,12.894374,0.68055556,0.3,0.19409661,35,0.57142857,10,common 2024–2025 development cohort; replicate-median weekly performance
F09,M4,Boosted trees,2025,5,38,10.992138,0.65789474,0,0.21938391,37,0.52702703,10,common 2024–2025 development cohort; replicate-median weekly performance
F09,M4,Boosted trees,2025,6,37,12.191354,0.72972973,0.14285714,0.1941212,37,0.39189189,10,common 2024–2025 development cohort; replicate-median weekly performance
F09,M4,Boosted trees,2025,7,41,12.827432,0.6097561,0.14285714,0.21703911,40,0.4875,10,common 2024–2025 development cohort; replicate-median weekly performance
F09,M4,Boosted trees,2025,8,45,11.914208,0.72222222,0.21428571,0.20289869,45,0.61111111,10,common 2024–2025 development cohort; replicate-median weekly performance
F09,M4,Boosted trees,2025,9,36,11.944297,0.77777778,0.3,0.15706749,34,0.5,10,common 2024–2025 development cohort; replicate-median weekly performance
F09,M4,Boosted trees,2025,10,42,12.762852,0.64285714,0.11538462,0.20319649,42,0.45238095,10,common 2024–2025 development cohort; replicate-median weekly performance
F09,M4,Boosted trees,2025,11,35,11.97926,0.65714286,0.15384615,0.20986185,35,0.62857143,10,common 2024–2025 development cohort; replicate-median weekly performance
F09,M4,Boosted trees,2025,12,42,12.91387,0.77380952,0,0.16085134,42,0.44047619,10,common 2024–2025 development cohort; replicate-median weekly performance
F09,M4,Boosted trees,2025,13,42,14.00058,0.71428571,0,0.17191792,42,0.5,10,common 2024–2025 development cohort; replicate-median weekly performance
F09,M4,Boosted trees,2025,14,48,12.857236,0.72916667,0.32142857,0.18808633,44,0.53409091,10,common 2024–2025 development cohort; replicate-median weekly performance
F09,M4,Boosted trees,2025,15,8,13.321604,0.625,0,0.25554588,8,0.375,10,common 2024–2025 development cohort; replicate-median weekly performance
F09,M4,Boosted trees,2025,16,1,13.539336,1,,0.04040964,1,0,10,common 2024–2025 development cohort; replicate-median weekly performance
F09,M5,Neural net,2024,1,27,17.983649,0.66666667,0,0.20594161,27,0.44444444,3,common 2024–2025 development cohort; replicate-median weekly performance
F09,M5,Neural net,2024,2,40,19.417359,0.625,0.46666667,0.2519369,39,0.41025641,3,common 2024–2025 development cohort; replicate-median weekly performance
F09,M5,Neural net,2024,3,45,17.056136,0.68888889,0.33333333,0.18654792,44,0.47727273,3,common 2024–2025 development cohort; replicate-median weekly performance
F09,M5,Neural net,2024,4,46,15.54703,0.65217391,0.5,0.19304688,46,0.5,3,common 2024–2025 development cohort; replicate-median weekly performance
F09,M5,Neural net,2024,5,44,14.250409,0.61363636,0.35714286,0.24450612,42,0.5,3,common 2024–2025 development cohort; replicate-median weekly performance
F09,M5,Neural net,2024,6,39,12.573233,0.69230769,0.27272727,0.20276299,38,0.52631579,3,common 2024–2025 development cohort; replicate-median weekly performance
F09,M5,Neural net,2024,7,47,14.55827,0.68085106,0.41666667,0.21557935,45,0.4,3,common 2024–2025 development cohort; replicate-median weekly performance
F09,M5,Neural net,2024,8,51,13.873332,0.58823529,0.33333333,0.25276454,50,0.44,3,common 2024–2025 development cohort; replicate-median weekly performance
F09,M5,Neural net,2024,9,45,12.596993,0.68888889,0.2,0.17334103,43,0.65116279,3,common 2024–2025 development cohort; replicate-median weekly performance
F09,M5,Neural net,2024,10,39,14.824526,0.58974359,0.3125,0.28110994,38,0.52631579,3,common 2024–2025 development cohort; replicate-median weekly performance
F09,M5,Neural net,2024,11,42,14.494309,0.61904762,0.18181818,0.23902403,41,0.43902439,3,common 2024–2025 development cohort; replicate-median weekly performance
F09,M5,Neural net,2024,12,44,11.840009,0.75,0.36363636,0.16930771,43,0.53488372,3,common 2024–2025 development cohort; replicate-median weekly performance
F09,M5,Neural net,2024,13,52,13.985148,0.63461538,0.3125,0.19901508,52,0.46153846,3,common 2024–2025 development cohort; replicate-median weekly performance
F09,M5,Neural net,2024,14,57,15.462123,0.59649123,0.3125,0.25343597,55,0.38181818,3,common 2024–2025 development cohort; replicate-median weekly performance
F09,M5,Neural net,2024,15,7,18.58936,0.71428571,0.6,0.21158243,7,0.57142857,3,common 2024–2025 development cohort; replicate-median weekly performance
F09,M5,Neural net,2024,16,1,36.264471,0,0,0.74167515,1,0,3,common 2024–2025 development cohort; replicate-median weekly performance
F09,M5,Neural net,2025,1,30,12.633403,0.63333333,0.4,0.20803381,30,0.6,3,common 2024–2025 development cohort; replicate-median weekly performance
F09,M5,Neural net,2025,2,38,15.729436,0.71052632,0.33333333,0.17873014,36,0.55555556,3,common 2024–2025 development cohort; replicate-median weekly performance
F09,M5,Neural net,2025,3,34,15.128432,0.70588235,0.3,0.18646544,34,0.52941176,3,common 2024–2025 development cohort; replicate-median weekly performance
F09,M5,Neural net,2025,4,36,12.671941,0.63888889,0.4,0.21497663,35,0.57142857,3,common 2024–2025 development cohort; replicate-median weekly performance
F09,M5,Neural net,2025,5,38,12.716252,0.71052632,0.33333333,0.2023638,37,0.54054054,3,common 2024–2025 development cohort; replicate-median weekly performance
F09,M5,Neural net,2025,6,37,14.522157,0.64864865,0,0.22569055,37,0.35135135,3,common 2024–2025 development cohort; replicate-median weekly performance
F09,M5,Neural net,2025,7,41,14.936103,0.6097561,0.21428571,0.23419611,40,0.575,3,common 2024–2025 development cohort; replicate-median weekly performance
F09,M5,Neural net,2025,8,45,13.526042,0.57777778,0.28571429,0.2274084,45,0.55555556,3,common 2024–2025 development cohort; replicate-median weekly performance
F09,M5,Neural net,2025,9,36,13.263605,0.72222222,0.5,0.17631935,34,0.41176471,3,common 2024–2025 development cohort; replicate-median weekly performance
F09,M5,Neural net,2025,10,42,13.815783,0.66666667,0.46153846,0.24006503,42,0.5,3,common 2024–2025 development cohort; replicate-median weekly performance
F09,M5,Neural net,2025,11,35,14.037428,0.65714286,0.30769231,0.24658076,35,0.51428571,3,common 2024–2025 development cohort; replicate-median weekly performance
F09,M5,Neural net,2025,12,42,16.387855,0.61904762,0.25,0.21912792,42,0.4047619,3,common 2024–2025 development cohort; replicate-median weekly performance
F09,M5,Neural net,2025,13,42,14.544071,0.71428571,0.2,0.19066386,42,0.4047619,3,common 2024–2025 development cohort; replicate-median weekly performance
F09,M5,Neural net,2025,14,48,13.033093,0.75,0.57142857,0.17820775,44,0.54545455,3,common 2024–2025 development cohort; replicate-median weekly performance
F09,M5,Neural net,2025,15,8,12.354665,0.5,0.33333333,0.2319018,8,0.375,3,common 2024–2025 development cohort; replicate-median weekly performance
F09,M5,Neural net,2025,16,1,15.220024,1,,0.028048515,1,0,3,common 2024–2025 development cohort; replicate-median weekly performance
F10,M1,Linear,2024,1,27,19.221298,0.66666667,0,0.20913703,27,0.37037037,3,common 2024–2025 development cohort; replicate-median weekly performance
F10,M1,Linear,2024,2,40,16.721527,0.65,0.26666667,0.22807594,39,0.41025641,3,common 2024–2025 development cohort; replicate-median weekly performance
F10,M1,Linear,2024,3,45,15.188833,0.75555556,0.44444444,0.15587486,44,0.43181818,3,common 2024–2025 development cohort; replicate-median weekly performance
F10,M1,Linear,2024,4,46,13.953166,0.76086957,0.25,0.16297286,46,0.56521739,3,common 2024–2025 development cohort; replicate-median weekly performance
F10,M1,Linear,2024,5,44,12.393593,0.70454545,0.42857143,0.18928882,42,0.45238095,3,common 2024–2025 development cohort; replicate-median weekly performance
F10,M1,Linear,2024,6,39,12.091467,0.69230769,0.36363636,0.20293371,38,0.52631579,3,common 2024–2025 development cohort; replicate-median weekly performance
F10,M1,Linear,2024,7,47,12.074796,0.68085106,0.33333333,0.18923769,45,0.51111111,3,common 2024–2025 development cohort; replicate-median weekly performance
F10,M1,Linear,2024,8,51,12.442472,0.62745098,0.26666667,0.21291745,50,0.5,3,common 2024–2025 development cohort; replicate-median weekly performance
F10,M1,Linear,2024,9,45,10.702232,0.84444444,0.4,0.14026465,43,0.60465116,3,common 2024–2025 development cohort; replicate-median weekly performance
F10,M1,Linear,2024,10,39,13.182874,0.58974359,0.1875,0.24530029,38,0.57894737,3,common 2024–2025 development cohort; replicate-median weekly performance
F10,M1,Linear,2024,11,42,11.772158,0.73809524,0.18181818,0.18141771,41,0.3902439,3,common 2024–2025 development cohort; replicate-median weekly performance
F10,M1,Linear,2024,12,44,11.105308,0.77272727,0.27272727,0.15691647,44,0.54545455,3,common 2024–2025 development cohort; replicate-median weekly performance
F10,M1,Linear,2024,13,52,12.404009,0.73076923,0.25,0.1804681,52,0.5,3,common 2024–2025 development cohort; replicate-median weekly performance
F10,M1,Linear,2024,14,57,12.663715,0.61403509,0.1875,0.21402587,55,0.50909091,3,common 2024–2025 development cohort; replicate-median weekly performance
F10,M1,Linear,2024,15,7,21.089529,0.42857143,0.2,0.29407689,7,0.42857143,3,common 2024–2025 development cohort; replicate-median weekly performance
F10,M1,Linear,2024,16,1,26.942569,0,0,0.51104774,1,0,3,common 2024–2025 development cohort; replicate-median weekly performance
F10,M1,Linear,2025,1,30,11.547161,0.73333333,0.4,0.18311965,30,0.73333333,3,common 2024–2025 development cohort; replicate-median weekly performance
F10,M1,Linear,2025,2,38,12.356107,0.84210526,0.44444444,0.14104092,36,0.66666667,3,common 2024–2025 development cohort; replicate-median weekly performance
F10,M1,Linear,2025,3,34,12.528085,0.73529412,0.2,0.16927653,34,0.55882353,3,common 2024–2025 development cohort; replicate-median weekly performance
F10,M1,Linear,2025,4,36,12.493585,0.66666667,0.1,0.19856682,35,0.6,3,common 2024–2025 development cohort; replicate-median weekly performance
F10,M1,Linear,2025,5,38,10.637964,0.63157895,0.22222222,0.21127157,37,0.43243243,3,common 2024–2025 development cohort; replicate-median weekly performance
F10,M1,Linear,2025,6,37,11.425245,0.72972973,0.14285714,0.18943409,37,0.51351351,3,common 2024–2025 development cohort; replicate-median weekly performance
F10,M1,Linear,2025,7,41,12.07912,0.65853659,0.071428571,0.21106222,40,0.55,3,common 2024–2025 development cohort; replicate-median weekly performance
F10,M1,Linear,2025,8,45,11.79906,0.66666667,0.21428571,0.19844643,45,0.57777778,3,common 2024–2025 development cohort; replicate-median weekly performance
F10,M1,Linear,2025,9,36,12.379939,0.77777778,0.3,0.16061581,34,0.38235294,3,common 2024–2025 development cohort; replicate-median weekly performance
F10,M1,Linear,2025,10,42,12.485602,0.71428571,0.23076923,0.20474589,42,0.42857143,3,common 2024–2025 development cohort; replicate-median weekly performance
F10,M1,Linear,2025,11,35,11.801883,0.65714286,0.076923077,0.2109217,35,0.57142857,3,common 2024–2025 development cohort; replicate-median weekly performance
F10,M1,Linear,2025,12,42,12.814905,0.78571429,0.125,0.15230521,42,0.42857143,3,common 2024–2025 development cohort; replicate-median weekly performance
F10,M1,Linear,2025,13,42,13.587673,0.73809524,0.1,0.16261635,42,0.52380952,3,common 2024–2025 development cohort; replicate-median weekly performance
F10,M1,Linear,2025,14,48,12.080135,0.8125,0.5,0.17153611,44,0.63636364,3,common 2024–2025 development cohort; replicate-median weekly performance
F10,M1,Linear,2025,15,8,12.47882,0.625,0,0.23245518,8,0.25,3,common 2024–2025 development cohort; replicate-median weekly performance
F10,M1,Linear,2025,16,1,12.680504,1,,0.041194988,1,0,3,common 2024–2025 development cohort; replicate-median weekly performance
F10,M10,KNN,2024,1,27,17.772222,0.7037037,0.125,0.18470734,27,0.40740741,3,common 2024–2025 development cohort; replicate-median weekly performance
F10,M10,KNN,2024,2,40,16.41375,0.675,0.46666667,0.20975393,38,0.55263158,3,common 2024–2025 development cohort; replicate-median weekly performance
F10,M10,KNN,2024,3,45,16.897778,0.75555556,0.33333333,0.17872226,44,0.43181818,3,common 2024–2025 development cohort; replicate-median weekly performance
F10,M10,KNN,2024,4,46,13.528261,0.82608696,0.5,0.16522597,46,0.52173913,3,common 2024–2025 development cohort; replicate-median weekly performance
F10,M10,KNN,2024,5,44,13.778409,0.68181818,0.28571429,0.22038925,42,0.42857143,3,common 2024–2025 development cohort; replicate-median weekly performance
F10,M10,KNN,2024,6,39,11.594872,0.71794872,0.18181818,0.19712486,38,0.68421053,3,common 2024–2025 development cohort; replicate-median weekly performance
F10,M10,KNN,2024,7,47,14.637234,0.57446809,0.33333333,0.23276642,44,0.47727273,3,common 2024–2025 development cohort; replicate-median weekly performance
F10,M10,KNN,2024,8,51,12.988235,0.56862745,0.26666667,0.22917464,50,0.44,3,common 2024–2025 development cohort; replicate-median weekly performance
F10,M10,KNN,2024,9,45,11.786667,0.77777778,0.5,0.18459841,43,0.60465116,3,common 2024–2025 development cohort; replicate-median weekly performance
F10,M10,KNN,2024,10,39,14.503846,0.51282051,0.1875,0.27608725,38,0.44736842,3,common 2024–2025 development cohort; replicate-median weekly performance
F10,M10,KNN,2024,11,42,13.910714,0.57142857,0.27272727,0.21881402,41,0.48780488,3,common 2024–2025 development cohort; replicate-median weekly performance
F10,M10,KNN,2024,12,44,11.331818,0.79545455,0.36363636,0.15974264,44,0.61363636,3,common 2024–2025 development cohort; replicate-median weekly performance
F10,M10,KNN,2024,13,52,13.043269,0.71153846,0.375,0.18417099,52,0.61538462,3,common 2024–2025 development cohort; replicate-median weekly performance
F10,M10,KNN,2024,14,57,14.237719,0.63157895,0.1875,0.22914351,55,0.45454545,3,common 2024–2025 development cohort; replicate-median weekly performance
F10,M10,KNN,2024,15,7,17.192857,0.42857143,0.2,0.19544245,7,0.85714286,3,common 2024–2025 development cohort; replicate-median weekly performance
F10,M10,KNN,2024,16,1,22.3,0,0,0.30633561,1,1,3,common 2024–2025 development cohort; replicate-median weekly performance
F10,M10,KNN,2025,1,30,11.255,0.66666667,0.4,0.17179475,30,0.63333333,3,common 2024–2025 development cohort; replicate-median weekly performance
F10,M10,KNN,2025,2,38,15.540789,0.76315789,0.44444444,0.20029591,36,0.52777778,3,common 2024–2025 development cohort; replicate-median weekly performance
F10,M10,KNN,2025,3,34,12.101471,0.76470588,0.4,0.17874089,34,0.58823529,3,common 2024–2025 development cohort; replicate-median weekly performance
F10,M10,KNN,2025,4,36,12.843056,0.66666667,0.2,0.21128293,34,0.58823529,3,common 2024–2025 development cohort; replicate-median weekly performance
F10,M10,KNN,2025,5,38,11.694737,0.65789474,0,0.23640434,36,0.41666667,3,common 2024–2025 development cohort; replicate-median weekly performance
F10,M10,KNN,2025,6,37,11.698649,0.72972973,0.14285714,0.19934453,37,0.64864865,3,common 2024–2025 development cohort; replicate-median weekly performance
F10,M10,KNN,2025,7,41,13.090244,0.70731707,0.42857143,0.20924029,39,0.46153846,3,common 2024–2025 development cohort; replicate-median weekly performance
F10,M10,KNN,2025,8,45,14.85,0.62222222,0.21428571,0.24003228,45,0.46666667,3,common 2024–2025 development cohort; replicate-median weekly performance
F10,M10,KNN,2025,9,36,12.204167,0.69444444,0.3,0.18381543,34,0.44117647,3,common 2024–2025 development cohort; replicate-median weekly performance
F10,M10,KNN,2025,10,42,13.490476,0.61904762,0.30769231,0.22110163,42,0.54761905,3,common 2024–2025 development cohort; replicate-median weekly performance
F10,M10,KNN,2025,11,35,13.661429,0.68571429,0.23076923,0.22774278,35,0.42857143,3,common 2024–2025 development cohort; replicate-median weekly performance
F10,M10,KNN,2025,12,42,14.096429,0.71428571,0.125,0.18771812,42,0.45238095,3,common 2024–2025 development cohort; replicate-median weekly performance
F10,M10,KNN,2025,13,42,14.007143,0.71428571,0.2,0.16931337,42,0.52380952,3,common 2024–2025 development cohort; replicate-median weekly performance
F10,M10,KNN,2025,14,48,14.517708,0.64583333,0.35714286,0.21961295,43,0.41860465,3,common 2024–2025 development cohort; replicate-median weekly performance
F10,M10,KNN,2025,15,8,13.53125,0.5,0,0.27627646,8,0.375,3,common 2024–2025 development cohort; replicate-median weekly performance
F10,M10,KNN,2025,16,1,14.25,1,,0.048820159,1,0,3,common 2024–2025 development cohort; replicate-median weekly performance
F10,M2,Spline,2024,1,27,17.847378,0.66666667,0.125,0.19008435,27,0.44444444,10,common 2024–2025 development cohort; replicate-median weekly performance
F10,M2,Spline,2024,2,40,17.317822,0.6375,0.33333333,0.21913231,39,0.43589744,10,common 2024–2025 development cohort; replicate-median weekly performance
F10,M2,Spline,2024,3,45,15.943977,0.75555556,0.22222222,0.15795219,44,0.48863636,10,common 2024–2025 development cohort; replicate-median weekly performance
F10,M2,Spline,2024,4,46,14.280344,0.76086957,0.375,0.16881242,46,0.5,10,common 2024–2025 development cohort; replicate-median weekly performance
F10,M2,Spline,2024,5,44,11.935361,0.73863636,0.5,0.19447621,42,0.54761905,10,common 2024–2025 development cohort; replicate-median weekly performance
F10,M2,Spline,2024,6,39,11.968278,0.69230769,0.31818182,0.19679418,38,0.5,10,common 2024–2025 development cohort; replicate-median weekly performance
F10,M2,Spline,2024,7,47,13.310519,0.67021277,0.20833333,0.2083007,45,0.41111111,10,common 2024–2025 development cohort; replicate-median weekly performance
F10,M2,Spline,2024,8,51,13.329954,0.58823529,0.13333333,0.23518401,50,0.46,10,common 2024–2025 development cohort; replicate-median weekly performance
F10,M2,Spline,2024,9,45,11.594799,0.77777778,0.3,0.15338902,43,0.60465116,10,common 2024–2025 development cohort; replicate-median weekly performance
F10,M2,Spline,2024,10,39,14.053607,0.61538462,0.3125,0.25832548,38,0.46052632,10,common 2024–2025 development cohort; replicate-median weekly performance
F10,M2,Spline,2024,11,42,12.608002,0.66666667,0.090909091,0.20551644,41,0.5,10,common 2024–2025 development cohort; replicate-median weekly performance
F10,M2,Spline,2024,12,44,11.415065,0.76136364,0.27272727,0.1617853,44,0.625,10,common 2024–2025 development cohort; replicate-median weekly performance
F10,M2,Spline,2024,13,52,13.112674,0.68269231,0.3125,0.1953221,52,0.51923077,10,common 2024–2025 development cohort; replicate-median weekly performance
F10,M2,Spline,2024,14,57,14.385746,0.59649123,0.15625,0.23822807,55,0.40909091,10,common 2024–2025 development cohort; replicate-median weekly performance
F10,M2,Spline,2024,15,7,20.259578,0.57142857,0.6,0.25544534,7,0.71428571,10,common 2024–2025 development cohort; replicate-median weekly performance
F10,M2,Spline,2024,16,1,35.399819,0,0,0.73678463,1,0,10,common 2024–2025 development cohort; replicate-median weekly performance
F10,M2,Spline,2025,1,30,12.103266,0.7,0.4,0.17997952,30,0.6,10,common 2024–2025 development cohort; replicate-median weekly performance
F10,M2,Spline,2025,2,38,14.682021,0.71052632,0.33333333,0.1873143,36,0.61111111,10,common 2024–2025 development cohort; replicate-median weekly performance
F10,M2,Spline,2025,3,34,12.618828,0.73529412,0.4,0.16047809,34,0.54411765,10,common 2024–2025 development cohort; replicate-median weekly performance
F10,M2,Spline,2025,4,36,12.398003,0.72222222,0.2,0.20393046,35,0.57142857,10,common 2024–2025 development cohort; replicate-median weekly performance
F10,M2,Spline,2025,5,38,11.245684,0.65789474,0.22222222,0.22219174,37,0.44594595,10,common 2024–2025 development cohort; replicate-median weekly performance
F10,M2,Spline,2025,6,37,12.346118,0.77027027,0.14285714,0.1853578,37,0.47297297,10,common 2024–2025 development cohort; replicate-median weekly performance
F10,M2,Spline,2025,7,41,13.009795,0.63414634,0.28571429,0.22030092,40,0.5875,10,common 2024–2025 development cohort; replicate-median weekly performance
F10,M2,Spline,2025,8,45,12.407902,0.61111111,0.17857143,0.22856598,45,0.63333333,10,common 2024–2025 development cohort; replicate-median weekly performance
F10,M2,Spline,2025,9,36,12.599222,0.80555556,0.4,0.15456228,34,0.47058824,10,common 2024–2025 development cohort; replicate-median weekly performance
F10,M2,Spline,2025,10,42,12.487397,0.70238095,0.38461538,0.21467925,42,0.48809524,10,common 2024–2025 development cohort; replicate-median weekly performance
F10,M2,Spline,2025,11,35,12.545782,0.64285714,0.23076923,0.22588335,35,0.51428571,10,common 2024–2025 development cohort; replicate-median weekly performance
F10,M2,Spline,2025,12,42,14.212507,0.69047619,0.1875,0.17953299,42,0.44047619,10,common 2024–2025 development cohort; replicate-median weekly performance
F10,M2,Spline,2025,13,42,14.354212,0.69047619,0.2,0.18796242,42,0.42857143,10,common 2024–2025 development cohort; replicate-median weekly performance
F10,M2,Spline,2025,14,48,12.274062,0.76041667,0.42857143,0.1856325,44,0.56818182,10,common 2024–2025 development cohort; replicate-median weekly performance
F10,M2,Spline,2025,15,8,11.7061,0.5625,0.33333333,0.22453081,8,0.5,10,common 2024–2025 development cohort; replicate-median weekly performance
F10,M2,Spline,2025,16,1,20.901138,1,,0.010874862,1,0,10,common 2024–2025 development cohort; replicate-median weekly performance
F10,M3,Random forest,2024,1,27,16.888697,0.66666667,0,0.17396535,27,0.48148148,3,common 2024–2025 development cohort; replicate-median weekly performance
F10,M3,Random forest,2024,2,40,16.161997,0.65,0.26666667,0.21654223,39,0.51282051,3,common 2024–2025 development cohort; replicate-median weekly performance
F10,M3,Random forest,2024,3,45,15.347588,0.77777778,0.44444444,0.15136528,44,0.47727273,3,common 2024–2025 development cohort; replicate-median weekly performance
F10,M3,Random forest,2024,4,46,13.818816,0.69565217,0.33333333,0.1776987,46,0.47826087,3,common 2024–2025 development cohort; replicate-median weekly performance
F10,M3,Random forest,2024,5,44,11.151276,0.75,0.42857143,0.18579733,42,0.52380952,3,common 2024–2025 development cohort; replicate-median weekly performance
F10,M3,Random forest,2024,6,39,11.293974,0.69230769,0.18181818,0.20259078,38,0.60526316,3,common 2024–2025 development cohort; replicate-median weekly performance
F10,M3,Random forest,2024,7,47,12.340633,0.72340426,0.33333333,0.18526815,45,0.46666667,3,common 2024–2025 development cohort; replicate-median weekly performance
F10,M3,Random forest,2024,8,51,12.403182,0.62745098,0.13333333,0.20966987,50,0.42,3,common 2024–2025 development cohort; replicate-median weekly performance
F10,M3,Random forest,2024,9,45,11.764161,0.8,0.3,0.15797369,43,0.51162791,3,common 2024–2025 development cohort; replicate-median weekly performance
F10,M3,Random forest,2024,10,39,13.421,0.61538462,0.125,0.25996366,38,0.55263158,3,common 2024–2025 development cohort; replicate-median weekly performance
F10,M3,Random forest,2024,11,42,12.323739,0.76190476,0.36363636,0.19152678,41,0.41463415,3,common 2024–2025 development cohort; replicate-median weekly performance
F10,M3,Random forest,2024,12,44,11.560487,0.75,0.18181818,0.16692241,44,0.52272727,3,common 2024–2025 development cohort; replicate-median weekly performance
F10,M3,Random forest,2024,13,52,12.113032,0.75,0.3125,0.17030256,52,0.55769231,3,common 2024–2025 development cohort; replicate-median weekly performance
F10,M3,Random forest,2024,14,57,12.306886,0.70175439,0.1875,0.20112372,55,0.4,3,common 2024–2025 development cohort; replicate-median weekly performance
F10,M3,Random forest,2024,15,7,20.075613,0.57142857,0.4,0.26112221,7,0.57142857,3,common 2024–2025 development cohort; replicate-median weekly performance
F10,M3,Random forest,2024,16,1,25.626859,0,0,0.47286516,1,0,3,common 2024–2025 development cohort; replicate-median weekly performance
F10,M3,Random forest,2025,1,30,11.314948,0.73333333,0.4,0.17433076,30,0.63333333,3,common 2024–2025 development cohort; replicate-median weekly performance
F10,M3,Random forest,2025,2,38,13.12364,0.78947368,0.44444444,0.16080801,36,0.61111111,3,common 2024–2025 development cohort; replicate-median weekly performance
F10,M3,Random forest,2025,3,34,12.130901,0.76470588,0.4,0.15629974,34,0.64705882,3,common 2024–2025 development cohort; replicate-median weekly performance
F10,M3,Random forest,2025,4,36,12.599759,0.72222222,0.3,0.19823311,35,0.6,3,common 2024–2025 development cohort; replicate-median weekly performance
F10,M3,Random forest,2025,5,38,10.318003,0.65789474,0,0.20866389,37,0.54054054,3,common 2024–2025 development cohort; replicate-median weekly performance
F10,M3,Random forest,2025,6,37,12.270323,0.7027027,0.14285714,0.19169827,37,0.37837838,3,common 2024–2025 development cohort; replicate-median weekly performance
F10,M3,Random forest,2025,7,41,12.773279,0.6097561,0.071428571,0.21313185,40,0.5,3,common 2024–2025 development cohort; replicate-median weekly performance
F10,M3,Random forest,2025,8,45,11.574593,0.71111111,0.21428571,0.20239196,45,0.66666667,3,common 2024–2025 development cohort; replicate-median weekly performance
F10,M3,Random forest,2025,9,36,11.883087,0.77777778,0.3,0.15597896,34,0.41176471,3,common 2024–2025 development cohort; replicate-median weekly performance
F10,M3,Random forest,2025,10,42,12.473269,0.66666667,0.15384615,0.2063577,42,0.45238095,3,common 2024–2025 development cohort; replicate-median weekly performance
F10,M3,Random forest,2025,11,35,11.596522,0.71428571,0.23076923,0.20981623,35,0.6,3,common 2024–2025 development cohort; replicate-median weekly performance
F10,M3,Random forest,2025,12,42,13.073685,0.76190476,0,0.15422673,42,0.4047619,3,common 2024–2025 development cohort; replicate-median weekly performance
F10,M3,Random forest,2025,13,42,13.794115,0.73809524,0,0.16337433,42,0.57142857,3,common 2024–2025 development cohort; replicate-median weekly performance
F10,M3,Random forest,2025,14,48,12.109917,0.72916667,0.28571429,0.18005797,44,0.54545455,3,common 2024–2025 development cohort; replicate-median weekly performance
F10,M3,Random forest,2025,15,8,12.988692,0.5,0,0.24918387,8,0.375,3,common 2024–2025 development cohort; replicate-median weekly performance
F10,M3,Random forest,2025,16,1,13.343808,1,,0.036967867,1,0,3,common 2024–2025 development cohort; replicate-median weekly performance
F10,M4,Boosted trees,2024,1,27,17.001553,0.68518519,0,0.17794842,27,0.44444444,10,common 2024–2025 development cohort; replicate-median weekly performance
F10,M4,Boosted trees,2024,2,40,15.839076,0.65,0.33333333,0.20711383,39,0.53846154,10,common 2024–2025 development cohort; replicate-median weekly performance
F10,M4,Boosted trees,2024,3,45,15.815902,0.73333333,0.38888889,0.16690481,44,0.38636364,10,common 2024–2025 development cohort; replicate-median weekly performance
F10,M4,Boosted trees,2024,4,46,14.320611,0.65217391,0.20833333,0.18484246,46,0.45652174,10,common 2024–2025 development cohort; replicate-median weekly performance
F10,M4,Boosted trees,2024,5,44,12.004539,0.72727273,0.5,0.19312427,42,0.47619048,10,common 2024–2025 development cohort; replicate-median weekly performance
F10,M4,Boosted trees,2024,6,39,11.479775,0.69230769,0.18181818,0.20770427,38,0.55263158,10,common 2024–2025 development cohort; replicate-median weekly performance
F10,M4,Boosted trees,2024,7,47,12.269892,0.71276596,0.29166667,0.18367927,45,0.48888889,10,common 2024–2025 development cohort; replicate-median weekly performance
F10,M4,Boosted trees,2024,8,51,12.511704,0.57843137,0.066666667,0.21978681,50,0.43,10,common 2024–2025 development cohort; replicate-median weekly performance
F10,M4,Boosted trees,2024,9,45,12.210383,0.75555556,0.2,0.16322059,43,0.45348837,10,common 2024–2025 development cohort; replicate-median weekly performance
F10,M4,Boosted trees,2024,10,39,13.375483,0.62820513,0.21875,0.26100635,38,0.57894737,10,common 2024–2025 development cohort; replicate-median weekly performance
F10,M4,Boosted trees,2024,11,42,12.870717,0.71428571,0.27272727,0.20225054,41,0.3902439,10,common 2024–2025 development cohort; replicate-median weekly performance
F10,M4,Boosted trees,2024,12,44,11.759873,0.72727273,0.090909091,0.16204188,44,0.54545455,10,common 2024–2025 development cohort; replicate-median weekly performance
F10,M4,Boosted trees,2024,13,52,12.33364,0.73076923,0.3125,0.17269601,52,0.64423077,10,common 2024–2025 development cohort; replicate-median weekly performance
F10,M4,Boosted trees,2024,14,57,12.482357,0.6754386,0.1875,0.20568986,55,0.41818182,10,common 2024–2025 development cohort; replicate-median weekly performance
F10,M4,Boosted trees,2024,15,7,19.730578,0.5,0.3,0.25063284,7,0.71428571,10,common 2024–2025 development cohort; replicate-median weekly performance
F10,M4,Boosted trees,2024,16,1,25.761106,0,0,0.4789168,1,0,10,common 2024–2025 development cohort; replicate-median weekly performance
F10,M4,Boosted trees,2025,1,30,11.392213,0.73333333,0.4,0.17220849,30,0.66666667,10,common 2024–2025 development cohort; replicate-median weekly performance
F10,M4,Boosted trees,2025,2,38,13.036468,0.81578947,0.44444444,0.15613085,36,0.58333333,10,common 2024–2025 development cohort; replicate-median weekly performance
F10,M4,Boosted trees,2025,3,34,12.800599,0.76470588,0.3,0.16106862,34,0.61764706,10,common 2024–2025 development cohort; replicate-median weekly performance
F10,M4,Boosted trees,2025,4,36,13.189065,0.69444444,0.2,0.20775419,35,0.54285714,10,common 2024–2025 development cohort; replicate-median weekly performance
F10,M4,Boosted trees,2025,5,38,10.516945,0.68421053,0,0.20553994,37,0.54054054,10,common 2024–2025 development cohort; replicate-median weekly performance
F10,M4,Boosted trees,2025,6,37,12.073436,0.72972973,0.14285714,0.1892621,37,0.43243243,10,common 2024–2025 development cohort; replicate-median weekly performance
F10,M4,Boosted trees,2025,7,41,13.123701,0.63414634,0.071428571,0.21715342,40,0.4625,10,common 2024–2025 development cohort; replicate-median weekly performance
F10,M4,Boosted trees,2025,8,45,11.82425,0.72222222,0.21428571,0.20148335,45,0.62222222,10,common 2024–2025 development cohort; replicate-median weekly performance
F10,M4,Boosted trees,2025,9,36,11.868537,0.79166667,0.35,0.15720615,34,0.44117647,10,common 2024–2025 development cohort; replicate-median weekly performance
F10,M4,Boosted trees,2025,10,42,12.197355,0.6547619,0.15384615,0.20346482,42,0.45238095,10,common 2024–2025 development cohort; replicate-median weekly performance
F10,M4,Boosted trees,2025,11,35,11.480045,0.68571429,0.19230769,0.20393459,35,0.57142857,10,common 2024–2025 development cohort; replicate-median weekly performance
F10,M4,Boosted trees,2025,12,42,13.126558,0.77380952,0.125,0.16139298,42,0.35714286,10,common 2024–2025 development cohort; replicate-median weekly performance
F10,M4,Boosted trees,2025,13,42,14.001041,0.73809524,0.15,0.16974241,42,0.45238095,10,common 2024–2025 development cohort; replicate-median weekly performance
F10,M4,Boosted trees,2025,14,48,12.814289,0.72916667,0.35714286,0.19152429,44,0.51136364,10,common 2024–2025 development cohort; replicate-median weekly performance
F10,M4,Boosted trees,2025,15,8,12.725162,0.5,0,0.24726845,8,0.375,10,common 2024–2025 development cohort; replicate-median weekly performance
F10,M4,Boosted trees,2025,16,1,14.554012,1,,0.030636403,1,0,10,common 2024–2025 development cohort; replicate-median weekly performance
F10,M5,Neural net,2024,1,27,17.255176,0.7037037,0,0.1809999,27,0.48148148,3,common 2024–2025 development cohort; replicate-median weekly performance
F10,M5,Neural net,2024,2,40,18.683515,0.65,0.53333333,0.22544232,39,0.41025641,3,common 2024–2025 development cohort; replicate-median weekly performance
F10,M5,Neural net,2024,3,45,17.019485,0.66666667,0.33333333,0.19294704,44,0.40909091,3,common 2024–2025 development cohort; replicate-median weekly performance
F10,M5,Neural net,2024,4,46,15.312615,0.67391304,0.41666667,0.1948463,46,0.43478261,3,common 2024–2025 development cohort; replicate-median weekly performance
F10,M5,Neural net,2024,5,44,15.321539,0.56818182,0.35714286,0.25107196,42,0.47619048,3,common 2024–2025 development cohort; replicate-median weekly performance
F10,M5,Neural net,2024,6,39,13.115843,0.64102564,0.18181818,0.22067667,38,0.52631579,3,common 2024–2025 development cohort; replicate-median weekly performance
F10,M5,Neural net,2024,7,47,13.523899,0.74468085,0.5,0.20371972,45,0.48888889,3,common 2024–2025 development cohort; replicate-median weekly performance
F10,M5,Neural net,2024,8,51,13.331599,0.64705882,0.4,0.23071133,50,0.54,3,common 2024–2025 development cohort; replicate-median weekly performance
F10,M5,Neural net,2024,9,45,12.494741,0.75555556,0.4,0.16936499,43,0.58139535,3,common 2024–2025 development cohort; replicate-median weekly performance
F10,M5,Neural net,2024,10,39,15.180191,0.48717949,0.1875,0.27810238,38,0.44736842,3,common 2024–2025 development cohort; replicate-median weekly performance
F10,M5,Neural net,2024,11,42,14.869788,0.64285714,0.18181818,0.21794688,41,0.3902439,3,common 2024–2025 development cohort; replicate-median weekly performance
F10,M5,Neural net,2024,12,44,13.366165,0.72727273,0.36363636,0.18577591,43,0.53488372,3,common 2024–2025 development cohort; replicate-median weekly performance
F10,M5,Neural net,2024,13,52,13.632967,0.71153846,0.4375,0.18437909,52,0.53846154,3,common 2024–2025 development cohort; replicate-median weekly performance
F10,M5,Neural net,2024,14,57,15.465816,0.57894737,0.25,0.24768863,55,0.41818182,3,common 2024–2025 development cohort; replicate-median weekly performance
F10,M5,Neural net,2024,15,7,21.597805,0.57142857,0.4,0.23398879,7,0.71428571,3,common 2024–2025 development cohort; replicate-median weekly performance
F10,M5,Neural net,2024,16,1,19.545783,0,0,0.31282731,1,1,3,common 2024–2025 development cohort; replicate-median weekly performance
F10,M5,Neural net,2025,1,30,11.652474,0.63333333,0,0.19108818,30,0.63333333,3,common 2024–2025 development cohort; replicate-median weekly performance
F10,M5,Neural net,2025,2,38,15.669855,0.73684211,0.33333333,0.17427254,36,0.63888889,3,common 2024–2025 development cohort; replicate-median weekly performance
F10,M5,Neural net,2025,3,34,12.801232,0.70588235,0.4,0.16993944,34,0.55882353,3,common 2024–2025 development cohort; replicate-median weekly performance
F10,M5,Neural net,2025,4,36,14.037552,0.66666667,0.3,0.21261434,35,0.57142857,3,common 2024–2025 development cohort; replicate-median weekly performance
F10,M5,Neural net,2025,5,38,13.80211,0.65789474,0.33333333,0.23200766,37,0.35135135,3,common 2024–2025 development cohort; replicate-median weekly performance
F10,M5,Neural net,2025,6,37,14.169312,0.64864865,0,0.24025984,37,0.45945946,3,common 2024–2025 development cohort; replicate-median weekly performance
F10,M5,Neural net,2025,7,41,14.243593,0.58536585,0.21428571,0.24054578,40,0.55,3,common 2024–2025 development cohort; replicate-median weekly performance
F10,M5,Neural net,2025,8,45,14.457167,0.57777778,0.21428571,0.2587137,45,0.48888889,3,common 2024–2025 development cohort; replicate-median weekly performance
F10,M5,Neural net,2025,9,36,13.115475,0.66666667,0.4,0.1728827,34,0.47058824,3,common 2024–2025 development cohort; replicate-median weekly performance
F10,M5,Neural net,2025,10,42,15.691848,0.5952381,0.38461538,0.2519905,42,0.47619048,3,common 2024–2025 development cohort; replicate-median weekly performance
F10,M5,Neural net,2025,11,35,13.472424,0.62857143,0.23076923,0.25089794,35,0.57142857,3,common 2024–2025 development cohort; replicate-median weekly performance
F10,M5,Neural net,2025,12,42,15.552809,0.5952381,0.25,0.21967785,42,0.4047619,3,common 2024–2025 development cohort; replicate-median weekly performance
F10,M5,Neural net,2025,13,42,16.537543,0.61904762,0.3,0.21667189,42,0.4047619,3,common 2024–2025 development cohort; replicate-median weekly performance
F10,M5,Neural net,2025,14,48,13.34663,0.72916667,0.5,0.18866508,44,0.56818182,3,common 2024–2025 development cohort; replicate-median weekly performance
F10,M5,Neural net,2025,15,8,16.686941,0.5,0.33333333,0.31143151,8,0.375,3,common 2024–2025 development cohort; replicate-median weekly performance
F10,M5,Neural net,2025,16,1,11.853665,1,,0.054112214,1,0,3,common 2024–2025 development cohort; replicate-median weekly performance
F11,M1,Linear,2024,1,27,19.031802,0.66666667,0,0.20774205,27,0.40740741,3,common 2024–2025 development cohort; replicate-median weekly performance
F11,M1,Linear,2024,2,40,16.781458,0.625,0.26666667,0.22897882,39,0.41025641,3,common 2024–2025 development cohort; replicate-median weekly performance
F11,M1,Linear,2024,3,45,15.146032,0.73333333,0.33333333,0.14864208,44,0.45454545,3,common 2024–2025 development cohort; replicate-median weekly performance
F11,M1,Linear,2024,4,46,13.943179,0.76086957,0.25,0.16002149,46,0.52173913,3,common 2024–2025 development cohort; replicate-median weekly performance
F11,M1,Linear,2024,5,44,12.155374,0.72727273,0.42857143,0.18623977,42,0.47619048,3,common 2024–2025 development cohort; replicate-median weekly performance
F11,M1,Linear,2024,6,39,12.011991,0.66666667,0.27272727,0.201755,38,0.55263158,3,common 2024–2025 development cohort; replicate-median weekly performance
F11,M1,Linear,2024,7,47,12.04759,0.70212766,0.33333333,0.18962363,45,0.48888889,3,common 2024–2025 development cohort; replicate-median weekly performance
F11,M1,Linear,2024,8,51,12.221423,0.62745098,0.2,0.20984909,50,0.48,3,common 2024–2025 development cohort; replicate-median weekly performance
F11,M1,Linear,2024,9,45,10.574091,0.84444444,0.4,0.13937677,43,0.58139535,3,common 2024–2025 development cohort; replicate-median weekly performance
F11,M1,Linear,2024,10,39,13.39736,0.58974359,0.25,0.24557544,38,0.57894737,3,common 2024–2025 development cohort; replicate-median weekly performance
F11,M1,Linear,2024,11,42,12.049682,0.69047619,0.090909091,0.18361581,41,0.43902439,3,common 2024–2025 development cohort; replicate-median weekly performance
F11,M1,Linear,2024,12,44,11.16799,0.75,0.27272727,0.15566682,44,0.52272727,3,common 2024–2025 development cohort; replicate-median weekly performance
F11,M1,Linear,2024,13,52,12.343681,0.69230769,0.25,0.17887857,52,0.5,3,common 2024–2025 development cohort; replicate-median weekly performance
F11,M1,Linear,2024,14,57,12.583104,0.63157895,0.1875,0.21176387,55,0.50909091,3,common 2024–2025 development cohort; replicate-median weekly performance
F11,M1,Linear,2024,15,7,20.812852,0.42857143,0.2,0.28496252,7,0.57142857,3,common 2024–2025 development cohort; replicate-median weekly performance
F11,M1,Linear,2024,16,1,26.547812,0,0,0.49792679,1,0,3,common 2024–2025 development cohort; replicate-median weekly performance
F11,M1,Linear,2025,1,30,11.243432,0.73333333,0.4,0.18215656,30,0.76666667,3,common 2024–2025 development cohort; replicate-median weekly performance
F11,M1,Linear,2025,2,38,12.590336,0.84210526,0.44444444,0.14392163,36,0.66666667,3,common 2024–2025 development cohort; replicate-median weekly performance
F11,M1,Linear,2025,3,34,12.690625,0.73529412,0.2,0.17137877,34,0.52941176,3,common 2024–2025 development cohort; replicate-median weekly performance
F11,M1,Linear,2025,4,36,12.685732,0.63888889,0.1,0.19864986,35,0.6,3,common 2024–2025 development cohort; replicate-median weekly performance
F11,M1,Linear,2025,5,38,10.370467,0.65789474,0.22222222,0.20613465,37,0.48648649,3,common 2024–2025 development cohort; replicate-median weekly performance
F11,M1,Linear,2025,6,37,11.413391,0.7027027,0,0.18941831,37,0.54054054,3,common 2024–2025 development cohort; replicate-median weekly performance
F11,M1,Linear,2025,7,41,12.042853,0.65853659,0.071428571,0.2099098,40,0.5,3,common 2024–2025 development cohort; replicate-median weekly performance
F11,M1,Linear,2025,8,45,12.016342,0.66666667,0.21428571,0.2036797,45,0.55555556,3,common 2024–2025 development cohort; replicate-median weekly performance
F11,M1,Linear,2025,9,36,12.114656,0.77777778,0.3,0.16139937,34,0.35294118,3,common 2024–2025 development cohort; replicate-median weekly performance
F11,M1,Linear,2025,10,42,12.461818,0.71428571,0.23076923,0.20441381,42,0.42857143,3,common 2024–2025 development cohort; replicate-median weekly performance
F11,M1,Linear,2025,11,35,11.561588,0.65714286,0.076923077,0.19969098,35,0.65714286,3,common 2024–2025 development cohort; replicate-median weekly performance
F11,M1,Linear,2025,12,42,12.627479,0.76190476,0.125,0.15225086,42,0.5,3,common 2024–2025 development cohort; replicate-median weekly performance
F11,M1,Linear,2025,13,42,13.302528,0.71428571,0,0.15767428,42,0.5952381,3,common 2024–2025 development cohort; replicate-median weekly performance
F11,M1,Linear,2025,14,48,12.132116,0.8125,0.5,0.17633728,44,0.59090909,3,common 2024–2025 development cohort; replicate-median weekly performance
F11,M1,Linear,2025,15,8,12.087801,0.625,0,0.21871727,8,0.375,3,common 2024–2025 development cohort; replicate-median weekly performance
F11,M1,Linear,2025,16,1,10.880862,1,,0.051874104,1,0,3,common 2024–2025 development cohort; replicate-median weekly performance
F11,M10,KNN,2024,1,27,18.27963,0.66666667,0,0.19351954,27,0.37037037,3,common 2024–2025 development cohort; replicate-median weekly performance
F11,M10,KNN,2024,2,40,16.33625,0.675,0.4,0.20216193,39,0.51282051,3,common 2024–2025 development cohort; replicate-median weekly performance
F11,M10,KNN,2024,3,45,17.276667,0.71111111,0.22222222,0.18974504,44,0.43181818,3,common 2024–2025 development cohort; replicate-median weekly performance
F11,M10,KNN,2024,4,46,13.472826,0.76086957,0.33333333,0.16462017,46,0.52173913,3,common 2024–2025 development cohort; replicate-median weekly performance
F11,M10,KNN,2024,5,44,13.972727,0.65909091,0.28571429,0.22423175,42,0.45238095,3,common 2024–2025 development cohort; replicate-median weekly performance
F11,M10,KNN,2024,6,39,11.870513,0.69230769,0.18181818,0.19635325,38,0.71052632,3,common 2024–2025 development cohort; replicate-median weekly performance
F11,M10,KNN,2024,7,47,14.538298,0.55319149,0.25,0.23282473,45,0.51111111,3,common 2024–2025 development cohort; replicate-median weekly performance
F11,M10,KNN,2024,8,51,12.727451,0.54901961,0.13333333,0.22004778,50,0.52,3,common 2024–2025 development cohort; replicate-median weekly performance
F11,M10,KNN,2024,9,45,11.775556,0.77777778,0.4,0.18568182,43,0.55813953,3,common 2024–2025 development cohort; replicate-median weekly performance
F11,M10,KNN,2024,10,39,14.465385,0.46153846,0.1875,0.27236157,38,0.55263158,3,common 2024–2025 development cohort; replicate-median weekly performance
F11,M10,KNN,2024,11,42,14.022619,0.61904762,0.36363636,0.22037745,41,0.43902439,3,common 2024–2025 development cohort; replicate-median weekly performance
F11,M10,KNN,2024,12,44,10.839773,0.81818182,0.36363636,0.1518737,44,0.68181818,3,common 2024–2025 development cohort; replicate-median weekly performance
F11,M10,KNN,2024,13,52,13.059615,0.73076923,0.4375,0.18442303,52,0.61538462,3,common 2024–2025 development cohort; replicate-median weekly performance
F11,M10,KNN,2024,14,57,14.613158,0.61403509,0.1875,0.24868922,55,0.41818182,3,common 2024–2025 development cohort; replicate-median weekly performance
F11,M10,KNN,2024,15,7,17.335714,0.57142857,0.4,0.20830768,7,0.71428571,3,common 2024–2025 development cohort; replicate-median weekly performance
F11,M10,KNN,2024,16,1,22.05,0,0,0.30526028,1,1,3,common 2024–2025 development cohort; replicate-median weekly performance
F11,M10,KNN,2025,1,30,11.311667,0.66666667,0.4,0.16811896,30,0.63333333,3,common 2024–2025 development cohort; replicate-median weekly performance
F11,M10,KNN,2025,2,38,14.896053,0.73684211,0.44444444,0.18688191,36,0.58333333,3,common 2024–2025 development cohort; replicate-median weekly performance
F11,M10,KNN,2025,3,34,12.202941,0.73529412,0.4,0.17378448,34,0.58823529,3,common 2024–2025 development cohort; replicate-median weekly performance
F11,M10,KNN,2025,4,36,12.969444,0.66666667,0.2,0.20892755,35,0.54285714,3,common 2024–2025 development cohort; replicate-median weekly performance
F11,M10,KNN,2025,5,38,12.075,0.65789474,0.11111111,0.23129479,37,0.35135135,3,common 2024–2025 development cohort; replicate-median weekly performance
F11,M10,KNN,2025,6,37,11.756757,0.72972973,0.14285714,0.19907139,37,0.59459459,3,common 2024–2025 development cohort; replicate-median weekly performance
F11,M10,KNN,2025,7,41,13.480488,0.73170732,0.42857143,0.21636424,40,0.475,3,common 2024–2025 development cohort; replicate-median weekly performance
F11,M10,KNN,2025,8,45,14.463333,0.66666667,0.28571429,0.23318921,45,0.46666667,3,common 2024–2025 development cohort; replicate-median weekly performance
F11,M10,KNN,2025,9,36,12.0875,0.75,0.4,0.19201512,34,0.5,3,common 2024–2025 development cohort; replicate-median weekly performance
F11,M10,KNN,2025,10,42,13.910714,0.5952381,0.23076923,0.22303084,42,0.57142857,3,common 2024–2025 development cohort; replicate-median weekly performance
F11,M10,KNN,2025,11,35,13.77,0.71428571,0.30769231,0.2337152,35,0.48571429,3,common 2024–2025 development cohort; replicate-median weekly performance
F11,M10,KNN,2025,12,42,13.769048,0.76190476,0.125,0.18353193,42,0.38095238,3,common 2024–2025 development cohort; replicate-median weekly performance
F11,M10,KNN,2025,13,42,14.338095,0.71428571,0.2,0.1821211,42,0.47619048,3,common 2024–2025 development cohort; replicate-median weekly performance
F11,M10,KNN,2025,14,48,14.339583,0.625,0.35714286,0.21782636,44,0.56818182,3,common 2024–2025 development cohort; replicate-median weekly performance
F11,M10,KNN,2025,15,8,13.73125,0.5,0,0.28481708,8,0.625,3,common 2024–2025 development cohort; replicate-median weekly performance
F11,M10,KNN,2025,16,1,11.1,1,,0.077460875,1,0,3,common 2024–2025 development cohort; replicate-median weekly performance
F11,M2,Spline,2024,1,27,17.852608,0.7037037,0.25,0.19357951,27,0.44444444,10,common 2024–2025 development cohort; replicate-median weekly performance
F11,M2,Spline,2024,2,40,17.549777,0.625,0.3,0.21910275,39,0.43589744,10,common 2024–2025 development cohort; replicate-median weekly performance
F11,M2,Spline,2024,3,45,15.886435,0.75555556,0.27777778,0.15247508,44,0.47727273,10,common 2024–2025 development cohort; replicate-median weekly performance
F11,M2,Spline,2024,4,46,14.176446,0.73913043,0.375,0.16824138,46,0.5,10,common 2024–2025 development cohort; replicate-median weekly performance
F11,M2,Spline,2024,5,44,11.709028,0.72727273,0.42857143,0.18915338,42,0.54761905,10,common 2024–2025 development cohort; replicate-median weekly performance
F11,M2,Spline,2024,6,39,11.922123,0.69230769,0.31818182,0.19773464,38,0.51315789,10,common 2024–2025 development cohort; replicate-median weekly performance
F11,M2,Spline,2024,7,47,13.284837,0.67021277,0.20833333,0.20873901,45,0.4,10,common 2024–2025 development cohort; replicate-median weekly performance
F11,M2,Spline,2024,8,51,13.160027,0.58823529,0.2,0.2330125,50,0.48,10,common 2024–2025 development cohort; replicate-median weekly performance
F11,M2,Spline,2024,9,45,11.555528,0.76666667,0.3,0.15453533,43,0.60465116,10,common 2024–2025 development cohort; replicate-median weekly performance
F11,M2,Spline,2024,10,39,14.513296,0.61538462,0.3125,0.2607045,38,0.48684211,10,common 2024–2025 development cohort; replicate-median weekly performance
F11,M2,Spline,2024,11,42,12.395875,0.6547619,0.090909091,0.20636754,41,0.47560976,10,common 2024–2025 development cohort; replicate-median weekly performance
F11,M2,Spline,2024,12,44,11.691862,0.75,0.27272727,0.16361342,44,0.61363636,10,common 2024–2025 development cohort; replicate-median weekly performance
F11,M2,Spline,2024,13,52,13.018023,0.69230769,0.34375,0.1936031,52,0.52884615,10,common 2024–2025 development cohort; replicate-median weekly performance
F11,M2,Spline,2024,14,57,14.412316,0.60526316,0.1875,0.23869751,55,0.40909091,10,common 2024–2025 development cohort; replicate-median weekly performance
F11,M2,Spline,2024,15,7,20.658259,0.57142857,0.4,0.26777746,7,0.71428571,10,common 2024–2025 development cohort; replicate-median weekly performance
F11,M2,Spline,2024,16,1,35.679049,0,0,0.74234351,1,0,10,common 2024–2025 development cohort; replicate-median weekly performance
F11,M2,Spline,2025,1,30,11.983134,0.73333333,0.4,0.17883145,30,0.65,10,common 2024–2025 development cohort; replicate-median weekly performance
F11,M2,Spline,2025,2,38,14.587111,0.71052632,0.33333333,0.18618893,36,0.65277778,10,common 2024–2025 development cohort; replicate-median weekly performance
F11,M2,Spline,2025,3,34,12.466986,0.73529412,0.4,0.1630895,34,0.52941176,10,common 2024–2025 development cohort; replicate-median weekly performance
F11,M2,Spline,2025,4,36,12.709336,0.69444444,0.1,0.20648655,35,0.52857143,10,common 2024–2025 development cohort; replicate-median weekly performance
F11,M2,Spline,2025,5,38,11.364774,0.64473684,0.22222222,0.22038713,37,0.44594595,10,common 2024–2025 development cohort; replicate-median weekly performance
F11,M2,Spline,2025,6,37,12.295065,0.77027027,0.14285714,0.18363328,37,0.44594595,10,common 2024–2025 development cohort; replicate-median weekly performance
F11,M2,Spline,2025,7,41,13.092643,0.63414634,0.25,0.22041432,40,0.5875,10,common 2024–2025 development cohort; replicate-median weekly performance
F11,M2,Spline,2025,8,45,12.619413,0.61111111,0.14285714,0.23521272,45,0.6,10,common 2024–2025 development cohort; replicate-median weekly performance
F11,M2,Spline,2025,9,36,12.44445,0.80555556,0.4,0.15674676,34,0.5,10,common 2024–2025 development cohort; replicate-median weekly performance
F11,M2,Spline,2025,10,42,12.464098,0.69047619,0.34615385,0.21431499,42,0.46428571,10,common 2024–2025 development cohort; replicate-median weekly performance
F11,M2,Spline,2025,11,35,12.529828,0.64285714,0.23076923,0.22458039,35,0.52857143,10,common 2024–2025 development cohort; replicate-median weekly performance
F11,M2,Spline,2025,12,42,13.825232,0.72619048,0.25,0.17070535,42,0.47619048,10,common 2024–2025 development cohort; replicate-median weekly performance
F11,M2,Spline,2025,13,42,14.064265,0.69047619,0.1,0.1848941,42,0.47619048,10,common 2024–2025 development cohort; replicate-median weekly performance
F11,M2,Spline,2025,14,48,12.158814,0.73958333,0.42857143,0.18641544,44,0.55681818,10,common 2024–2025 development cohort; replicate-median weekly performance
F11,M2,Spline,2025,15,8,11.995148,0.5,0.33333333,0.2222698,8,0.5,10,common 2024–2025 development cohort; replicate-median weekly performance
F11,M2,Spline,2025,16,1,17.683037,1,,0.017541924,1,0,10,common 2024–2025 development cohort; replicate-median weekly performance
F11,M3,Random forest,2024,1,27,16.845595,0.7037037,0.125,0.17353287,27,0.44444444,3,common 2024–2025 development cohort; replicate-median weekly performance
F11,M3,Random forest,2024,2,40,16.165832,0.65,0.26666667,0.21516941,39,0.51282051,3,common 2024–2025 development cohort; replicate-median weekly performance
F11,M3,Random forest,2024,3,45,15.372401,0.8,0.44444444,0.15111276,44,0.45454545,3,common 2024–2025 development cohort; replicate-median weekly performance
F11,M3,Random forest,2024,4,46,13.888957,0.69565217,0.33333333,0.17555118,46,0.5,3,common 2024–2025 development cohort; replicate-median weekly performance
F11,M3,Random forest,2024,5,44,11.210658,0.75,0.42857143,0.18511887,42,0.52380952,3,common 2024–2025 development cohort; replicate-median weekly performance
F11,M3,Random forest,2024,6,39,11.330494,0.66666667,0.090909091,0.20256895,38,0.57894737,3,common 2024–2025 development cohort; replicate-median weekly performance
F11,M3,Random forest,2024,7,47,12.382475,0.70212766,0.33333333,0.18631575,45,0.48888889,3,common 2024–2025 development cohort; replicate-median weekly performance
F11,M3,Random forest,2024,8,51,12.330104,0.60784314,0.066666667,0.20999858,50,0.42,3,common 2024–2025 development cohort; replicate-median weekly performance
F11,M3,Random forest,2024,9,45,11.601547,0.84444444,0.3,0.15576139,43,0.53488372,3,common 2024–2025 development cohort; replicate-median weekly performance
F11,M3,Random forest,2024,10,39,13.429931,0.64102564,0.125,0.25989388,38,0.55263158,3,common 2024–2025 development cohort; replicate-median weekly performance
F11,M3,Random forest,2024,11,42,12.386664,0.73809524,0.27272727,0.19168898,41,0.3902439,3,common 2024–2025 development cohort; replicate-median weekly performance
F11,M3,Random forest,2024,12,44,11.715426,0.75,0.18181818,0.16903814,44,0.52272727,3,common 2024–2025 development cohort; replicate-median weekly performance
F11,M3,Random forest,2024,13,52,11.991776,0.75,0.3125,0.17008668,52,0.57692308,3,common 2024–2025 development cohort; replicate-median weekly performance
F11,M3,Random forest,2024,14,57,12.403117,0.70175439,0.1875,0.20261258,55,0.41818182,3,common 2024–2025 development cohort; replicate-median weekly performance
F11,M3,Random forest,2024,15,7,20.054712,0.57142857,0.4,0.25961715,7,0.42857143,3,common 2024–2025 development cohort; replicate-median weekly performance
F11,M3,Random forest,2024,16,1,26.221088,0,0,0.49655557,1,0,3,common 2024–2025 development cohort; replicate-median weekly performance
F11,M3,Random forest,2025,1,30,11.115165,0.7,0.2,0.172078,30,0.66666667,3,common 2024–2025 development cohort; replicate-median weekly performance
F11,M3,Random forest,2025,2,38,13.171769,0.78947368,0.44444444,0.15978831,36,0.61111111,3,common 2024–2025 development cohort; replicate-median weekly performance
F11,M3,Random forest,2025,3,34,11.990146,0.79411765,0.4,0.1556794,34,0.67647059,3,common 2024–2025 development cohort; replicate-median weekly performance
F11,M3,Random forest,2025,4,36,12.672785,0.72222222,0.3,0.19729078,35,0.57142857,3,common 2024–2025 development cohort; replicate-median weekly performance
F11,M3,Random forest,2025,5,38,10.234303,0.65789474,0,0.20759357,37,0.51351351,3,common 2024–2025 development cohort; replicate-median weekly performance
F11,M3,Random forest,2025,6,37,12.186638,0.7027027,0.14285714,0.18863243,37,0.40540541,3,common 2024–2025 development cohort; replicate-median weekly performance
F11,M3,Random forest,2025,7,41,12.635897,0.63414634,0.071428571,0.21031394,40,0.525,3,common 2024–2025 development cohort; replicate-median weekly performance
F11,M3,Random forest,2025,8,45,11.720996,0.71111111,0.21428571,0.20522397,45,0.64444444,3,common 2024–2025 development cohort; replicate-median weekly performance
F11,M3,Random forest,2025,9,36,11.844329,0.80555556,0.3,0.15517608,34,0.44117647,3,common 2024–2025 development cohort; replicate-median weekly performance
F11,M3,Random forest,2025,10,42,12.563338,0.64285714,0.076923077,0.20665781,42,0.47619048,3,common 2024–2025 development cohort; replicate-median weekly performance
F11,M3,Random forest,2025,11,35,11.61528,0.71428571,0.23076923,0.2073535,35,0.6,3,common 2024–2025 development cohort; replicate-median weekly performance
F11,M3,Random forest,2025,12,42,13.030704,0.76190476,0,0.15540365,42,0.33333333,3,common 2024–2025 development cohort; replicate-median weekly performance
F11,M3,Random forest,2025,13,42,13.763802,0.73809524,0,0.16303438,42,0.5952381,3,common 2024–2025 development cohort; replicate-median weekly performance
F11,M3,Random forest,2025,14,48,11.978898,0.70833333,0.28571429,0.17917104,44,0.54545455,3,common 2024–2025 development cohort; replicate-median weekly performance
F11,M3,Random forest,2025,15,8,13.17307,0.625,0.33333333,0.2521226,8,0.375,3,common 2024–2025 development cohort; replicate-median weekly performance
F11,M3,Random forest,2025,16,1,12.746508,1,,0.039631383,1,0,3,common 2024–2025 development cohort; replicate-median weekly performance
F11,M4,Boosted trees,2024,1,27,17.012013,0.66666667,0,0.1770909,27,0.44444444,10,common 2024–2025 development cohort; replicate-median weekly performance
F11,M4,Boosted trees,2024,2,40,15.80971,0.65,0.26666667,0.20561366,39,0.56410256,10,common 2024–2025 development cohort; replicate-median weekly performance
F11,M4,Boosted trees,2024,3,45,15.690487,0.74444444,0.38888889,0.16189813,44,0.40909091,10,common 2024–2025 development cohort; replicate-median weekly performance
F11,M4,Boosted trees,2024,4,46,14.414445,0.65217391,0.16666667,0.1878561,46,0.44565217,10,common 2024–2025 development cohort; replicate-median weekly performance
F11,M4,Boosted trees,2024,5,44,12.072894,0.75,0.42857143,0.19110403,42,0.45238095,10,common 2024–2025 development cohort; replicate-median weekly performance
F11,M4,Boosted trees,2024,6,39,11.434339,0.70512821,0.18181818,0.21045488,38,0.53947368,10,common 2024–2025 development cohort; replicate-median weekly performance
F11,M4,Boosted trees,2024,7,47,12.272227,0.70212766,0.33333333,0.1864244,45,0.48888889,10,common 2024–2025 development cohort; replicate-median weekly performance
F11,M4,Boosted trees,2024,8,51,12.604511,0.58823529,0.066666667,0.21792114,50,0.44,10,common 2024–2025 development cohort; replicate-median weekly performance
F11,M4,Boosted trees,2024,9,45,11.901852,0.78888889,0.25,0.15723261,43,0.48837209,10,common 2024–2025 development cohort; replicate-median weekly performance
F11,M4,Boosted trees,2024,10,39,13.561073,0.57692308,0.125,0.25885581,38,0.56578947,10,common 2024–2025 development cohort; replicate-median weekly performance
F11,M4,Boosted trees,2024,11,42,12.742322,0.73809524,0.27272727,0.20148926,41,0.3902439,10,common 2024–2025 development cohort; replicate-median weekly performance
F11,M4,Boosted trees,2024,12,44,11.540547,0.72727273,0.090909091,0.16207702,44,0.52272727,10,common 2024–2025 development cohort; replicate-median weekly performance
F11,M4,Boosted trees,2024,13,52,12.162961,0.75,0.3125,0.17232614,52,0.625,10,common 2024–2025 development cohort; replicate-median weekly performance
F11,M4,Boosted trees,2024,14,57,12.651101,0.6754386,0.1875,0.20662024,55,0.46363636,10,common 2024–2025 development cohort; replicate-median weekly performance
F11,M4,Boosted trees,2024,15,7,19.72227,0.57142857,0.4,0.25389878,7,0.71428571,10,common 2024–2025 development cohort; replicate-median weekly performance
F11,M4,Boosted trees,2024,16,1,24.30601,0,0,0.44621771,1,1,10,common 2024–2025 development cohort; replicate-median weekly performance
F11,M4,Boosted trees,2025,1,30,11.294444,0.73333333,0.4,0.17082781,30,0.68333333,10,common 2024–2025 development cohort; replicate-median weekly performance
F11,M4,Boosted trees,2025,2,38,12.993931,0.81578947,0.44444444,0.1536042,36,0.59722222,10,common 2024–2025 development cohort; replicate-median weekly performance
F11,M4,Boosted trees,2025,3,34,12.687477,0.76470588,0.3,0.16032392,34,0.61764706,10,common 2024–2025 development cohort; replicate-median weekly performance
F11,M4,Boosted trees,2025,4,36,13.265793,0.69444444,0.3,0.20580289,35,0.5,10,common 2024–2025 development cohort; replicate-median weekly performance
F11,M4,Boosted trees,2025,5,38,10.547282,0.68421053,0,0.20087905,37,0.48648649,10,common 2024–2025 development cohort; replicate-median weekly performance
F11,M4,Boosted trees,2025,6,37,12.066051,0.7027027,0.14285714,0.18814967,37,0.40540541,10,common 2024–2025 development cohort; replicate-median weekly performance
F11,M4,Boosted trees,2025,7,41,13.172467,0.63414634,0.071428571,0.21826376,40,0.5,10,common 2024–2025 development cohort; replicate-median weekly performance
F11,M4,Boosted trees,2025,8,45,12.052267,0.72222222,0.21428571,0.20563016,45,0.6,10,common 2024–2025 development cohort; replicate-median weekly performance
F11,M4,Boosted trees,2025,9,36,12.0502,0.77777778,0.3,0.15970426,34,0.42647059,10,common 2024–2025 development cohort; replicate-median weekly performance
F11,M4,Boosted trees,2025,10,42,12.258878,0.66666667,0.19230769,0.20542822,42,0.46428571,10,common 2024–2025 development cohort; replicate-median weekly performance
F11,M4,Boosted trees,2025,11,35,11.859791,0.68571429,0.15384615,0.20717125,35,0.57142857,10,common 2024–2025 development cohort; replicate-median weekly performance
F11,M4,Boosted trees,2025,12,42,13.134697,0.78571429,0.125,0.16096752,42,0.38095238,10,common 2024–2025 development cohort; replicate-median weekly performance
F11,M4,Boosted trees,2025,13,42,13.876492,0.73809524,0.1,0.16894372,42,0.47619048,10,common 2024–2025 development cohort; replicate-median weekly performance
F11,M4,Boosted trees,2025,14,48,12.746158,0.72916667,0.35714286,0.19447205,44,0.5,10,common 2024–2025 development cohort; replicate-median weekly performance
F11,M4,Boosted trees,2025,15,8,12.678604,0.5625,0,0.24408936,8,0.4375,10,common 2024–2025 development cohort; replicate-median weekly performance
F11,M4,Boosted trees,2025,16,1,13.327167,1,,0.035682431,1,0,10,common 2024–2025 development cohort; replicate-median weekly performance
F11,M5,Neural net,2024,1,27,16.964611,0.74074074,0.125,0.1875618,27,0.55555556,3,common 2024–2025 development cohort; replicate-median weekly performance
F11,M5,Neural net,2024,2,40,19.117927,0.625,0.46666667,0.24399696,39,0.46153846,3,common 2024–2025 development cohort; replicate-median weekly performance
F11,M5,Neural net,2024,3,45,16.247666,0.75555556,0.33333333,0.17139559,44,0.45454545,3,common 2024–2025 development cohort; replicate-median weekly performance
F11,M5,Neural net,2024,4,46,16.173433,0.67391304,0.33333333,0.19318715,46,0.47826087,3,common 2024–2025 development cohort; replicate-median weekly performance
F11,M5,Neural net,2024,5,44,14.89046,0.61363636,0.35714286,0.24089307,42,0.47619048,3,common 2024–2025 development cohort; replicate-median weekly performance
F11,M5,Neural net,2024,6,39,13.375082,0.64102564,0.27272727,0.21914486,38,0.44736842,3,common 2024–2025 development cohort; replicate-median weekly performance
F11,M5,Neural net,2024,7,47,14.19616,0.63829787,0.41666667,0.22148149,45,0.48888889,3,common 2024–2025 development cohort; replicate-median weekly performance
F11,M5,Neural net,2024,8,51,13.612067,0.60784314,0.33333333,0.24789086,50,0.48,3,common 2024–2025 development cohort; replicate-median weekly performance
F11,M5,Neural net,2024,9,45,13.981334,0.71111111,0.2,0.18271636,43,0.44186047,3,common 2024–2025 development cohort; replicate-median weekly performance
F11,M5,Neural net,2024,10,39,15.272395,0.48717949,0.0625,0.28239559,38,0.52631579,3,common 2024–2025 development cohort; replicate-median weekly performance
F11,M5,Neural net,2024,11,42,14.187421,0.66666667,0.27272727,0.21679251,41,0.41463415,3,common 2024–2025 development cohort; replicate-median weekly performance
F11,M5,Neural net,2024,12,44,13.240479,0.70454545,0.27272727,0.19228031,43,0.46511628,3,common 2024–2025 development cohort; replicate-median weekly performance
F11,M5,Neural net,2024,13,52,13.452619,0.67307692,0.375,0.17853052,52,0.51923077,3,common 2024–2025 development cohort; replicate-median weekly performance
F11,M5,Neural net,2024,14,57,15.89841,0.59649123,0.25,0.25217643,55,0.32727273,3,common 2024–2025 development cohort; replicate-median weekly performance
F11,M5,Neural net,2024,15,7,23.867262,0.28571429,0.4,0.28439565,7,0.42857143,3,common 2024–2025 development cohort; replicate-median weekly performance
F11,M5,Neural net,2024,16,1,27.227555,0,0,0.51104774,1,0,3,common 2024–2025 development cohort; replicate-median weekly performance
F11,M5,Neural net,2025,1,30,11.319785,0.76666667,0.4,0.17864276,30,0.63333333,3,common 2024–2025 development cohort; replicate-median weekly performance
F11,M5,Neural net,2025,2,38,14.461838,0.73684211,0.22222222,0.17026898,36,0.63888889,3,common 2024–2025 development cohort; replicate-median weekly performance
F11,M5,Neural net,2025,3,34,11.889779,0.67647059,0.3,0.16962245,34,0.52941176,3,common 2024–2025 development cohort; replicate-median weekly performance
F11,M5,Neural net,2025,4,36,13.402707,0.58333333,0.1,0.21462957,35,0.6,3,common 2024–2025 development cohort; replicate-median weekly performance
F11,M5,Neural net,2025,5,38,13.412731,0.65789474,0.22222222,0.23630761,37,0.37837838,3,common 2024–2025 development cohort; replicate-median weekly performance
F11,M5,Neural net,2025,6,37,14.434759,0.62162162,0.14285714,0.23498389,37,0.35135135,3,common 2024–2025 development cohort; replicate-median weekly performance
F11,M5,Neural net,2025,7,41,14.467248,0.58536585,0.14285714,0.21967586,40,0.55,3,common 2024–2025 development cohort; replicate-median weekly performance
F11,M5,Neural net,2025,8,45,14.270648,0.6,0.21428571,0.25349356,45,0.53333333,3,common 2024–2025 development cohort; replicate-median weekly performance
F11,M5,Neural net,2025,9,36,13.43791,0.72222222,0.4,0.18245032,34,0.44117647,3,common 2024–2025 development cohort; replicate-median weekly performance
F11,M5,Neural net,2025,10,42,15.482509,0.64285714,0.46153846,0.24208592,42,0.47619048,3,common 2024–2025 development cohort; replicate-median weekly performance
F11,M5,Neural net,2025,11,35,13.867573,0.57142857,0.23076923,0.25001787,35,0.54285714,3,common 2024–2025 development cohort; replicate-median weekly performance
F11,M5,Neural net,2025,12,42,14.130657,0.64285714,0,0.20369746,42,0.52380952,3,common 2024–2025 development cohort; replicate-median weekly performance
F11,M5,Neural net,2025,13,42,16.701322,0.66666667,0.2,0.20951149,42,0.42857143,3,common 2024–2025 development cohort; replicate-median weekly performance
F11,M5,Neural net,2025,14,48,13.802984,0.6875,0.5,0.20761821,44,0.56818182,3,common 2024–2025 development cohort; replicate-median weekly performance
F11,M5,Neural net,2025,15,8,15.870199,0.5,0.33333333,0.29769898,8,0.375,3,common 2024–2025 development cohort; replicate-median weekly performance
F11,M5,Neural net,2025,16,1,16.247278,1,,0.026602133,1,0,3,common 2024–2025 development cohort; replicate-median weekly performance
F12_corrected,M1,Linear,2024,1,27,18.984057,0.66666667,0,0.20539734,27,0.37037037,3,common 2024–2025 development cohort; replicate-median weekly performance
F12_corrected,M1,Linear,2024,2,40,16.882622,0.625,0.26666667,0.23068645,39,0.43589744,3,common 2024–2025 development cohort; replicate-median weekly performance
F12_corrected,M1,Linear,2024,3,45,15.226087,0.71111111,0.33333333,0.15099744,44,0.45454545,3,common 2024–2025 development cohort; replicate-median weekly performance
F12_corrected,M1,Linear,2024,4,46,13.998831,0.73913043,0.25,0.16140707,46,0.47826087,3,common 2024–2025 development cohort; replicate-median weekly performance
F12_corrected,M1,Linear,2024,5,44,12.205496,0.72727273,0.42857143,0.18643625,42,0.45238095,3,common 2024–2025 development cohort; replicate-median weekly performance
F12_corrected,M1,Linear,2024,6,39,12.195316,0.64102564,0.27272727,0.2026699,38,0.5,3,common 2024–2025 development cohort; replicate-median weekly performance
F12_corrected,M1,Linear,2024,7,47,12.181549,0.70212766,0.33333333,0.19008892,45,0.48888889,3,common 2024–2025 development cohort; replicate-median weekly performance
F12_corrected,M1,Linear,2024,8,51,12.160499,0.62745098,0.2,0.20802956,50,0.52,3,common 2024–2025 development cohort; replicate-median weekly performance
F12_corrected,M1,Linear,2024,9,45,10.597189,0.84444444,0.4,0.13834943,43,0.55813953,3,common 2024–2025 development cohort; replicate-median weekly performance
F12_corrected,M1,Linear,2024,10,39,13.533121,0.61538462,0.25,0.24651358,38,0.60526316,3,common 2024–2025 development cohort; replicate-median weekly performance
F12_corrected,M1,Linear,2024,11,42,12.179494,0.69047619,0.090909091,0.1853506,41,0.43902439,3,common 2024–2025 development cohort; replicate-median weekly performance
F12_corrected,M1,Linear,2024,12,44,11.095959,0.77272727,0.27272727,0.15239526,44,0.52272727,3,common 2024–2025 development cohort; replicate-median weekly performance
F12_corrected,M1,Linear,2024,13,52,12.291338,0.69230769,0.25,0.1780018,52,0.51923077,3,common 2024–2025 development cohort; replicate-median weekly performance
F12_corrected,M1,Linear,2024,14,57,12.619738,0.61403509,0.1875,0.21294418,55,0.49090909,3,common 2024–2025 development cohort; replicate-median weekly performance
F12_corrected,M1,Linear,2024,15,7,20.813515,0.42857143,0.2,0.28396964,7,0.57142857,3,common 2024–2025 development cohort; replicate-median weekly performance
F12_corrected,M1,Linear,2024,16,1,26.378109,0,0,0.49313577,1,0,3,common 2024–2025 development cohort; replicate-median weekly performance
F12_corrected,M1,Linear,2025,1,30,11.451875,0.73333333,0.4,0.18271139,30,0.76666667,3,common 2024–2025 development cohort; replicate-median weekly performance
F12_corrected,M1,Linear,2025,2,38,12.570393,0.84210526,0.44444444,0.14343868,36,0.66666667,3,common 2024–2025 development cohort; replicate-median weekly performance
F12_corrected,M1,Linear,2025,3,34,12.696598,0.73529412,0.2,0.171972,34,0.47058824,3,common 2024–2025 development cohort; replicate-median weekly performance
F12_corrected,M1,Linear,2025,4,36,12.711592,0.63888889,0.1,0.198765,35,0.62857143,3,common 2024–2025 development cohort; replicate-median weekly performance
F12_corrected,M1,Linear,2025,5,38,10.371715,0.65789474,0.22222222,0.20825559,37,0.48648649,3,common 2024–2025 development cohort; replicate-median weekly performance
F12_corrected,M1,Linear,2025,6,37,11.454367,0.72972973,0.14285714,0.19118005,37,0.54054054,3,common 2024–2025 development cohort; replicate-median weekly performance
F12_corrected,M1,Linear,2025,7,41,11.96955,0.65853659,0.071428571,0.20924565,40,0.575,3,common 2024–2025 development cohort; replicate-median weekly performance
F12_corrected,M1,Linear,2025,8,45,12.071175,0.66666667,0.21428571,0.20396792,45,0.53333333,3,common 2024–2025 development cohort; replicate-median weekly performance
F12_corrected,M1,Linear,2025,9,36,12.071722,0.77777778,0.3,0.16117884,34,0.41176471,3,common 2024–2025 development cohort; replicate-median weekly performance
F12_corrected,M1,Linear,2025,10,42,12.472089,0.71428571,0.23076923,0.20552685,42,0.42857143,3,common 2024–2025 development cohort; replicate-median weekly performance
F12_corrected,M1,Linear,2025,11,35,11.539052,0.65714286,0.076923077,0.20090941,35,0.62857143,3,common 2024–2025 development cohort; replicate-median weekly performance
F12_corrected,M1,Linear,2025,12,42,12.663911,0.76190476,0.125,0.15359156,42,0.47619048,3,common 2024–2025 development cohort; replicate-median weekly performance
F12_corrected,M1,Linear,2025,13,42,13.413265,0.71428571,0,0.15901321,42,0.5952381,3,common 2024–2025 development cohort; replicate-median weekly performance
F12_corrected,M1,Linear,2025,14,48,12.073385,0.83333333,0.5,0.17446378,44,0.52272727,3,common 2024–2025 development cohort; replicate-median weekly performance
F12_corrected,M1,Linear,2025,15,8,12.22323,0.625,0,0.2197454,8,0.375,3,common 2024–2025 development cohort; replicate-median weekly performance
F12_corrected,M1,Linear,2025,16,1,10.683414,1,,0.05366081,1,0,3,common 2024–2025 development cohort; replicate-median weekly performance
F12_corrected,M10,KNN,2024,1,27,17.711111,0.62962963,0,0.18880038,27,0.33333333,3,common 2024–2025 development cohort; replicate-median weekly performance
F12_corrected,M10,KNN,2024,2,40,16.03,0.65,0.4,0.19652324,39,0.53846154,3,common 2024–2025 development cohort; replicate-median weekly performance
F12_corrected,M10,KNN,2024,3,45,17.791111,0.66666667,0.11111111,0.19624657,44,0.40909091,3,common 2024–2025 development cohort; replicate-median weekly performance
F12_corrected,M10,KNN,2024,4,46,13.11413,0.7826087,0.41666667,0.16019235,46,0.54347826,3,common 2024–2025 development cohort; replicate-median weekly performance
F12_corrected,M10,KNN,2024,5,44,13.688636,0.65909091,0.28571429,0.22271636,42,0.45238095,3,common 2024–2025 development cohort; replicate-median weekly performance
F12_corrected,M10,KNN,2024,6,39,11.410256,0.71794872,0.27272727,0.19356423,38,0.63157895,3,common 2024–2025 development cohort; replicate-median weekly performance
F12_corrected,M10,KNN,2024,7,47,14.180851,0.57446809,0.33333333,0.22059771,45,0.46666667,3,common 2024–2025 development cohort; replicate-median weekly performance
F12_corrected,M10,KNN,2024,8,51,12.515686,0.58823529,0.26666667,0.22396094,50,0.54,3,common 2024–2025 development cohort; replicate-median weekly performance
F12_corrected,M10,KNN,2024,9,45,11.794444,0.77777778,0.4,0.17553323,43,0.62790698,3,common 2024–2025 development cohort; replicate-median weekly performance
F12_corrected,M10,KNN,2024,10,39,15.060256,0.48717949,0.1875,0.29705182,37,0.48648649,3,common 2024–2025 development cohort; replicate-median weekly performance
F12_corrected,M10,KNN,2024,11,42,13.579762,0.54761905,0.27272727,0.21321363,41,0.51219512,3,common 2024–2025 development cohort; replicate-median weekly performance
F12_corrected,M10,KNN,2024,12,44,10.975,0.81818182,0.36363636,0.15284322,44,0.75,3,common 2024–2025 development cohort; replicate-median weekly performance
F12_corrected,M10,KNN,2024,13,52,12.516346,0.78846154,0.5,0.17834481,52,0.59615385,3,common 2024–2025 development cohort; replicate-median weekly performance
F12_corrected,M10,KNN,2024,14,57,14.450877,0.64912281,0.1875,0.24245265,55,0.38181818,3,common 2024–2025 development cohort; replicate-median weekly performance
F12_corrected,M10,KNN,2024,15,7,16.635714,0.57142857,0.4,0.20123075,7,0.85714286,3,common 2024–2025 development cohort; replicate-median weekly performance
F12_corrected,M10,KNN,2024,16,1,24.2,0,0,0.36898094,1,1,3,common 2024–2025 development cohort; replicate-median weekly performance
F12_corrected,M10,KNN,2025,1,30,11.625,0.66666667,0.4,0.17402466,30,0.6,3,common 2024–2025 development cohort; replicate-median weekly performance
F12_corrected,M10,KNN,2025,2,38,15.446053,0.71052632,0.44444444,0.19608646,36,0.52777778,3,common 2024–2025 development cohort; replicate-median weekly performance
F12_corrected,M10,KNN,2025,3,34,12.054412,0.76470588,0.5,0.16485605,34,0.55882353,3,common 2024–2025 development cohort; replicate-median weekly performance
F12_corrected,M10,KNN,2025,4,36,13.076389,0.66666667,0.3,0.20852992,35,0.54285714,3,common 2024–2025 development cohort; replicate-median weekly performance
F12_corrected,M10,KNN,2025,5,38,11.768421,0.68421053,0.22222222,0.22664909,37,0.35135135,3,common 2024–2025 development cohort; replicate-median weekly performance
F12_corrected,M10,KNN,2025,6,37,11.528378,0.72972973,0.28571429,0.18998144,37,0.56756757,3,common 2024–2025 development cohort; replicate-median weekly performance
F12_corrected,M10,KNN,2025,7,41,12.42561,0.7804878,0.42857143,0.19157003,40,0.5,3,common 2024–2025 development cohort; replicate-median weekly performance
F12_corrected,M10,KNN,2025,8,45,14.558889,0.64444444,0.21428571,0.23118709,45,0.44444444,3,common 2024–2025 development cohort; replicate-median weekly performance
F12_corrected,M10,KNN,2025,9,36,11.683333,0.72222222,0.3,0.17600945,34,0.44117647,3,common 2024–2025 development cohort; replicate-median weekly performance
F12_corrected,M10,KNN,2025,10,42,14.089286,0.54761905,0.23076923,0.23669945,42,0.47619048,3,common 2024–2025 development cohort; replicate-median weekly performance
F12_corrected,M10,KNN,2025,11,35,13.317143,0.65714286,0.23076923,0.22496227,35,0.54285714,3,common 2024–2025 development cohort; replicate-median weekly performance
F12_corrected,M10,KNN,2025,12,42,14.728571,0.76190476,0.125,0.19098352,41,0.3902439,3,common 2024–2025 development cohort; replicate-median weekly performance
F12_corrected,M10,KNN,2025,13,42,13.728571,0.71428571,0.2,0.17186138,42,0.5,3,common 2024–2025 development cohort; replicate-median weekly performance
F12_corrected,M10,KNN,2025,14,48,14.230208,0.60416667,0.35714286,0.22250342,44,0.52272727,3,common 2024–2025 development cohort; replicate-median weekly performance
F12_corrected,M10,KNN,2025,15,8,14.0625,0.5,0.33333333,0.28330447,8,0.375,3,common 2024–2025 development cohort; replicate-median weekly performance
F12_corrected,M10,KNN,2025,16,1,12.8,1,,0.057324977,1,0,3,common 2024–2025 development cohort; replicate-median weekly performance
F12_corrected,M2,Spline,2024,1,27,17.938227,0.66666667,0.125,0.19537464,27,0.38888889,10,common 2024–2025 development cohort; replicate-median weekly performance
F12_corrected,M2,Spline,2024,2,40,17.194072,0.65,0.3,0.21793527,39,0.43589744,10,common 2024–2025 development cohort; replicate-median weekly performance
F12_corrected,M2,Spline,2024,3,45,15.904371,0.74444444,0.22222222,0.16044925,44,0.47727273,10,common 2024–2025 development cohort; replicate-median weekly performance
F12_corrected,M2,Spline,2024,4,46,14.082829,0.73913043,0.33333333,0.16985122,46,0.5,10,common 2024–2025 development cohort; replicate-median weekly performance
F12_corrected,M2,Spline,2024,5,44,12.089354,0.71590909,0.39285714,0.19468127,42,0.52380952,10,common 2024–2025 development cohort; replicate-median weekly performance
F12_corrected,M2,Spline,2024,6,39,12.139314,0.66666667,0.27272727,0.19986605,38,0.48684211,10,common 2024–2025 development cohort; replicate-median weekly performance
F12_corrected,M2,Spline,2024,7,47,13.45833,0.67021277,0.16666667,0.21171064,45,0.4,10,common 2024–2025 development cohort; replicate-median weekly performance
F12_corrected,M2,Spline,2024,8,51,12.872954,0.58823529,0.16666667,0.22717543,50,0.51,10,common 2024–2025 development cohort; replicate-median weekly performance
F12_corrected,M2,Spline,2024,9,45,11.54988,0.78888889,0.3,0.1515788,43,0.56976744,10,common 2024–2025 development cohort; replicate-median weekly performance
F12_corrected,M2,Spline,2024,10,39,14.584473,0.61538462,0.3125,0.25958957,38,0.47368421,10,common 2024–2025 development cohort; replicate-median weekly performance
F12_corrected,M2,Spline,2024,11,42,12.583129,0.6547619,0.090909091,0.20884009,41,0.47560976,10,common 2024–2025 development cohort; replicate-median weekly performance
F12_corrected,M2,Spline,2024,12,44,11.422079,0.76136364,0.27272727,0.15727721,44,0.59090909,10,common 2024–2025 development cohort; replicate-median weekly performance
F12_corrected,M2,Spline,2024,13,52,13.047789,0.67307692,0.34375,0.19582833,52,0.52884615,10,common 2024–2025 development cohort; replicate-median weekly performance
F12_corrected,M2,Spline,2024,14,57,14.584309,0.62280702,0.1875,0.24126581,55,0.41818182,10,common 2024–2025 development cohort; replicate-median weekly performance
F12_corrected,M2,Spline,2024,15,7,21.331889,0.57142857,0.5,0.25678037,7,0.64285714,10,common 2024–2025 development cohort; replicate-median weekly performance
F12_corrected,M2,Spline,2024,16,1,35.672482,0,0,0.73209406,1,0,10,common 2024–2025 development cohort; replicate-median weekly performance
F12_corrected,M2,Spline,2025,1,30,12.690926,0.71666667,0.5,0.1813037,30,0.65,10,common 2024–2025 development cohort; replicate-median weekly performance
F12_corrected,M2,Spline,2025,2,38,14.832558,0.72368421,0.33333333,0.18383181,36,0.63888889,10,common 2024–2025 development cohort; replicate-median weekly performance
F12_corrected,M2,Spline,2025,3,34,12.550478,0.73529412,0.4,0.16175187,34,0.52941176,10,common 2024–2025 development cohort; replicate-median weekly performance
F12_corrected,M2,Spline,2025,4,36,12.336409,0.68055556,0.1,0.20364789,35,0.6,10,common 2024–2025 development cohort; replicate-median weekly performance
F12_corrected,M2,Spline,2025,5,38,11.38286,0.65789474,0.22222222,0.22258999,37,0.43243243,10,common 2024–2025 development cohort; replicate-median weekly performance
F12_corrected,M2,Spline,2025,6,37,12.235843,0.75675676,0.14285714,0.18489897,37,0.45945946,10,common 2024–2025 development cohort; replicate-median weekly performance
F12_corrected,M2,Spline,2025,7,41,12.961554,0.64634146,0.21428571,0.22029114,40,0.6375,10,common 2024–2025 development cohort; replicate-median weekly performance
F12_corrected,M2,Spline,2025,8,45,12.62366,0.6,0.14285714,0.23743102,45,0.6,10,common 2024–2025 development cohort; replicate-median weekly performance
F12_corrected,M2,Spline,2025,9,36,12.288984,0.77777778,0.4,0.15839698,34,0.48529412,10,common 2024–2025 development cohort; replicate-median weekly performance
F12_corrected,M2,Spline,2025,10,42,12.425402,0.70238095,0.30769231,0.21048212,42,0.51190476,10,common 2024–2025 development cohort; replicate-median weekly performance
F12_corrected,M2,Spline,2025,11,35,12.486325,0.61428571,0.15384615,0.22301818,35,0.54285714,10,common 2024–2025 development cohort; replicate-median weekly performance
F12_corrected,M2,Spline,2025,12,42,13.937445,0.72619048,0.25,0.16810462,42,0.45238095,10,common 2024–2025 development cohort; replicate-median weekly performance
F12_corrected,M2,Spline,2025,13,42,14.068274,0.69047619,0.2,0.18374512,42,0.46428571,10,common 2024–2025 development cohort; replicate-median weekly performance
F12_corrected,M2,Spline,2025,14,48,12.138398,0.75,0.42857143,0.18260205,44,0.54545455,10,common 2024–2025 development cohort; replicate-median weekly performance
F12_corrected,M2,Spline,2025,15,8,12.503452,0.5,0,0.23474186,8,0.5,10,common 2024–2025 development cohort; replicate-median weekly performance
F12_corrected,M2,Spline,2025,16,1,19.40443,1,,0.015578438,1,0,10,common 2024–2025 development cohort; replicate-median weekly performance
F12_corrected,M3,Random forest,2024,1,27,16.873076,0.7037037,0.125,0.17319799,27,0.44444444,3,common 2024–2025 development cohort; replicate-median weekly performance
F12_corrected,M3,Random forest,2024,2,40,16.211457,0.65,0.26666667,0.21592263,39,0.53846154,3,common 2024–2025 development cohort; replicate-median weekly performance
F12_corrected,M3,Random forest,2024,3,45,15.443199,0.77777778,0.44444444,0.15161726,44,0.43181818,3,common 2024–2025 development cohort; replicate-median weekly performance
F12_corrected,M3,Random forest,2024,4,46,13.882636,0.67391304,0.33333333,0.17619189,46,0.47826087,3,common 2024–2025 development cohort; replicate-median weekly performance
F12_corrected,M3,Random forest,2024,5,44,11.163323,0.75,0.42857143,0.18400133,42,0.5,3,common 2024–2025 development cohort; replicate-median weekly performance
F12_corrected,M3,Random forest,2024,6,39,11.310708,0.66666667,0.090909091,0.20207314,38,0.55263158,3,common 2024–2025 development cohort; replicate-median weekly performance
F12_corrected,M3,Random forest,2024,7,47,12.378415,0.70212766,0.33333333,0.1867726,45,0.48888889,3,common 2024–2025 development cohort; replicate-median weekly performance
F12_corrected,M3,Random forest,2024,8,51,12.340943,0.62745098,0.066666667,0.2092611,50,0.42,3,common 2024–2025 development cohort; replicate-median weekly performance
F12_corrected,M3,Random forest,2024,9,45,11.733626,0.84444444,0.3,0.15634732,43,0.51162791,3,common 2024–2025 development cohort; replicate-median weekly performance
F12_corrected,M3,Random forest,2024,10,39,13.474656,0.66666667,0.1875,0.25948415,38,0.57894737,3,common 2024–2025 development cohort; replicate-median weekly performance
F12_corrected,M3,Random forest,2024,11,42,12.394654,0.73809524,0.27272727,0.19046576,41,0.3902439,3,common 2024–2025 development cohort; replicate-median weekly performance
F12_corrected,M3,Random forest,2024,12,44,11.598957,0.75,0.18181818,0.16732263,44,0.5,3,common 2024–2025 development cohort; replicate-median weekly performance
F12_corrected,M3,Random forest,2024,13,52,12.092368,0.75,0.3125,0.17114086,52,0.55769231,3,common 2024–2025 development cohort; replicate-median weekly performance
F12_corrected,M3,Random forest,2024,14,57,12.557131,0.70175439,0.1875,0.20351049,55,0.38181818,3,common 2024–2025 development cohort; replicate-median weekly performance
F12_corrected,M3,Random forest,2024,15,7,19.979992,0.57142857,0.4,0.25746656,7,0.57142857,3,common 2024–2025 development cohort; replicate-median weekly performance
F12_corrected,M3,Random forest,2024,16,1,26.022273,0,0,0.49040845,1,0,3,common 2024–2025 development cohort; replicate-median weekly performance
F12_corrected,M3,Random forest,2025,1,30,11.226123,0.7,0.2,0.17513325,30,0.63333333,3,common 2024–2025 development cohort; replicate-median weekly performance
F12_corrected,M3,Random forest,2025,2,38,13.118358,0.81578947,0.44444444,0.15971772,36,0.61111111,3,common 2024–2025 development cohort; replicate-median weekly performance
F12_corrected,M3,Random forest,2025,3,34,11.953277,0.79411765,0.4,0.15434183,34,0.64705882,3,common 2024–2025 development cohort; replicate-median weekly performance
F12_corrected,M3,Random forest,2025,4,36,12.560721,0.69444444,0.3,0.19830867,35,0.57142857,3,common 2024–2025 development cohort; replicate-median weekly performance
F12_corrected,M3,Random forest,2025,5,38,10.204309,0.65789474,0,0.20576659,37,0.54054054,3,common 2024–2025 development cohort; replicate-median weekly performance
F12_corrected,M3,Random forest,2025,6,37,12.203115,0.72972973,0.14285714,0.18963315,37,0.40540541,3,common 2024–2025 development cohort; replicate-median weekly performance
F12_corrected,M3,Random forest,2025,7,41,12.659271,0.63414634,0.071428571,0.21001951,40,0.5,3,common 2024–2025 development cohort; replicate-median weekly performance
F12_corrected,M3,Random forest,2025,8,45,11.716554,0.71111111,0.21428571,0.20483509,45,0.62222222,3,common 2024–2025 development cohort; replicate-median weekly performance
F12_corrected,M3,Random forest,2025,9,36,11.771192,0.80555556,0.3,0.15405023,34,0.41176471,3,common 2024–2025 development cohort; replicate-median weekly performance
F12_corrected,M3,Random forest,2025,10,42,12.537591,0.64285714,0.076923077,0.20577158,42,0.45238095,3,common 2024–2025 development cohort; replicate-median weekly performance
F12_corrected,M3,Random forest,2025,11,35,11.489601,0.74285714,0.30769231,0.20685655,35,0.62857143,3,common 2024–2025 development cohort; replicate-median weekly performance
F12_corrected,M3,Random forest,2025,12,42,13.02286,0.76190476,0,0.15551213,42,0.35714286,3,common 2024–2025 development cohort; replicate-median weekly performance
F12_corrected,M3,Random forest,2025,13,42,13.78436,0.76190476,0.1,0.16172686,42,0.54761905,3,common 2024–2025 development cohort; replicate-median weekly performance
F12_corrected,M3,Random forest,2025,14,48,11.937769,0.72916667,0.28571429,0.17795405,44,0.56818182,3,common 2024–2025 development cohort; replicate-median weekly performance
F12_corrected,M3,Random forest,2025,15,8,13.118421,0.5,0,0.24969418,8,0.375,3,common 2024–2025 development cohort; replicate-median weekly performance
F12_corrected,M3,Random forest,2025,16,1,12.425812,1,,0.041590615,1,0,3,common 2024–2025 development cohort; replicate-median weekly performance
F12_corrected,M4,Boosted trees,2024,1,27,16.783357,0.68518519,0.125,0.17425056,27,0.44444444,10,common 2024–2025 development cohort; replicate-median weekly performance
F12_corrected,M4,Boosted trees,2024,2,40,15.919486,0.65,0.26666667,0.20977435,39,0.53846154,10,common 2024–2025 development cohort; replicate-median weekly performance
F12_corrected,M4,Boosted trees,2024,3,45,15.707104,0.75555556,0.33333333,0.16460855,44,0.40909091,10,common 2024–2025 development cohort; replicate-median weekly performance
F12_corrected,M4,Boosted trees,2024,4,46,14.249711,0.65217391,0.25,0.18647804,46,0.45652174,10,common 2024–2025 development cohort; replicate-median weekly performance
F12_corrected,M4,Boosted trees,2024,5,44,12.106684,0.75,0.5,0.1910233,42,0.45238095,10,common 2024–2025 development cohort; replicate-median weekly performance
F12_corrected,M4,Boosted trees,2024,6,39,11.697937,0.66666667,0.18181818,0.21426797,38,0.55263158,10,common 2024–2025 development cohort; replicate-median weekly performance
F12_corrected,M4,Boosted trees,2024,7,47,12.366993,0.68085106,0.29166667,0.18573224,45,0.48888889,10,common 2024–2025 development cohort; replicate-median weekly performance
F12_corrected,M4,Boosted trees,2024,8,51,12.506974,0.58823529,0.1,0.21586877,50,0.43,10,common 2024–2025 development cohort; replicate-median weekly performance
F12_corrected,M4,Boosted trees,2024,9,45,12.019837,0.77777778,0.25,0.16154415,43,0.47674419,10,common 2024–2025 development cohort; replicate-median weekly performance
F12_corrected,M4,Boosted trees,2024,10,39,13.35625,0.58974359,0.1875,0.25829127,38,0.55263158,10,common 2024–2025 development cohort; replicate-median weekly performance
F12_corrected,M4,Boosted trees,2024,11,42,12.715578,0.73809524,0.27272727,0.20090586,41,0.36585366,10,common 2024–2025 development cohort; replicate-median weekly performance
F12_corrected,M4,Boosted trees,2024,12,44,11.562692,0.72727273,0.13636364,0.16451122,44,0.53409091,10,common 2024–2025 development cohort; replicate-median weekly performance
F12_corrected,M4,Boosted trees,2024,13,52,12.096849,0.75,0.3125,0.16994679,52,0.625,10,common 2024–2025 development cohort; replicate-median weekly performance
F12_corrected,M4,Boosted trees,2024,14,57,12.677828,0.66666667,0.1875,0.2085314,55,0.41818182,10,common 2024–2025 development cohort; replicate-median weekly performance
F12_corrected,M4,Boosted trees,2024,15,7,19.596906,0.5,0.3,0.24789339,7,0.71428571,10,common 2024–2025 development cohort; replicate-median weekly performance
F12_corrected,M4,Boosted trees,2024,16,1,25.07761,0,0,0.46421429,1,0,10,common 2024–2025 development cohort; replicate-median weekly performance
F12_corrected,M4,Boosted trees,2025,1,30,11.110355,0.73333333,0.4,0.17311544,30,0.7,10,common 2024–2025 development cohort; replicate-median weekly performance
F12_corrected,M4,Boosted trees,2025,2,38,12.873795,0.81578947,0.44444444,0.15282041,36,0.625,10,common 2024–2025 development cohort; replicate-median weekly performance
F12_corrected,M4,Boosted trees,2025,3,34,12.900589,0.76470588,0.3,0.16309109,34,0.58823529,10,common 2024–2025 development cohort; replicate-median weekly performance
F12_corrected,M4,Boosted trees,2025,4,36,13.329629,0.69444444,0.3,0.20731778,35,0.51428571,10,common 2024–2025 development cohort; replicate-median weekly performance
F12_corrected,M4,Boosted trees,2025,5,38,10.479769,0.68421053,0,0.19964565,37,0.5,10,common 2024–2025 development cohort; replicate-median weekly performance
F12_corrected,M4,Boosted trees,2025,6,37,11.779874,0.7027027,0.14285714,0.19063917,37,0.43243243,10,common 2024–2025 development cohort; replicate-median weekly performance
F12_corrected,M4,Boosted trees,2025,7,41,13.011645,0.63414634,0.071428571,0.21723831,40,0.475,10,common 2024–2025 development cohort; replicate-median weekly performance
F12_corrected,M4,Boosted trees,2025,8,45,12.004365,0.71111111,0.21428571,0.20550606,45,0.62222222,10,common 2024–2025 development cohort; replicate-median weekly performance
F12_corrected,M4,Boosted trees,2025,9,36,12.162569,0.77777778,0.3,0.1584526,34,0.41176471,10,common 2024–2025 development cohort; replicate-median weekly performance
F12_corrected,M4,Boosted trees,2025,10,42,12.001607,0.69047619,0.19230769,0.2008605,42,0.48809524,10,common 2024–2025 development cohort; replicate-median weekly performance
F12_corrected,M4,Boosted trees,2025,11,35,11.549198,0.68571429,0.15384615,0.20434193,35,0.57142857,10,common 2024–2025 development cohort; replicate-median weekly performance
F12_corrected,M4,Boosted trees,2025,12,42,13.198129,0.76190476,0.125,0.16248447,42,0.38095238,10,common 2024–2025 development cohort; replicate-median weekly performance
F12_corrected,M4,Boosted trees,2025,13,42,13.991479,0.73809524,0.1,0.16925069,42,0.44047619,10,common 2024–2025 development cohort; replicate-median weekly performance
F12_corrected,M4,Boosted trees,2025,14,48,12.575426,0.72916667,0.35714286,0.19265474,44,0.47727273,10,common 2024–2025 development cohort; replicate-median weekly performance
F12_corrected,M4,Boosted trees,2025,15,8,12.403843,0.625,0.16666667,0.2380532,8,0.5,10,common 2024–2025 development cohort; replicate-median weekly performance
F12_corrected,M4,Boosted trees,2025,16,1,14.485918,1,,0.029202075,1,0,10,common 2024–2025 development cohort; replicate-median weekly performance
F12_corrected,M5,Neural net,2024,1,27,17.375846,0.66666667,0.125,0.18469903,27,0.51851852,3,common 2024–2025 development cohort; replicate-median weekly performance
F12_corrected,M5,Neural net,2024,2,40,18.257044,0.6,0.4,0.23095978,39,0.46153846,3,common 2024–2025 development cohort; replicate-median weekly performance
F12_corrected,M5,Neural net,2024,3,45,16.909021,0.77777778,0.44444444,0.17070732,44,0.47727273,3,common 2024–2025 development cohort; replicate-median weekly performance
F12_corrected,M5,Neural net,2024,4,46,15.84126,0.69565217,0.33333333,0.19803635,46,0.47826087,3,common 2024–2025 development cohort; replicate-median weekly performance
F12_corrected,M5,Neural net,2024,5,44,14.647559,0.59090909,0.28571429,0.25630249,42,0.47619048,3,common 2024–2025 development cohort; replicate-median weekly performance
F12_corrected,M5,Neural net,2024,6,39,12.920466,0.66666667,0.27272727,0.2045376,38,0.5,3,common 2024–2025 development cohort; replicate-median weekly performance
F12_corrected,M5,Neural net,2024,7,47,14.075247,0.65957447,0.33333333,0.22750496,45,0.42222222,3,common 2024–2025 development cohort; replicate-median weekly performance
F12_corrected,M5,Neural net,2024,8,51,13.762911,0.58823529,0.33333333,0.24674234,50,0.46,3,common 2024–2025 development cohort; replicate-median weekly performance
F12_corrected,M5,Neural net,2024,9,45,13.64778,0.68888889,0.1,0.18373804,43,0.48837209,3,common 2024–2025 development cohort; replicate-median weekly performance
F12_corrected,M5,Neural net,2024,10,39,15.705864,0.51282051,0.1875,0.27745607,38,0.5,3,common 2024–2025 development cohort; replicate-median weekly performance
F12_corrected,M5,Neural net,2024,11,42,15.661542,0.61904762,0.18181818,0.23711306,41,0.43902439,3,common 2024–2025 development cohort; replicate-median weekly performance
F12_corrected,M5,Neural net,2024,12,44,12.755467,0.75,0.36363636,0.1818027,43,0.53488372,3,common 2024–2025 development cohort; replicate-median weekly performance
F12_corrected,M5,Neural net,2024,13,52,14.438103,0.67307692,0.3125,0.19719728,52,0.46153846,3,common 2024–2025 development cohort; replicate-median weekly performance
F12_corrected,M5,Neural net,2024,14,57,15.987427,0.57894737,0.1875,0.25425546,55,0.36363636,3,common 2024–2025 development cohort; replicate-median weekly performance
F12_corrected,M5,Neural net,2024,15,7,23.827671,0.57142857,0.6,0.24474562,7,0.42857143,3,common 2024–2025 development cohort; replicate-median weekly performance
F12_corrected,M5,Neural net,2024,16,1,26.391199,0,0,0.473534,1,0,3,common 2024–2025 development cohort; replicate-median weekly performance
F12_corrected,M5,Neural net,2025,1,30,13.657131,0.66666667,0.4,0.20439263,30,0.5,3,common 2024–2025 development cohort; replicate-median weekly performance
F12_corrected,M5,Neural net,2025,2,38,15.018426,0.71052632,0.22222222,0.16554868,36,0.55555556,3,common 2024–2025 development cohort; replicate-median weekly performance
F12_corrected,M5,Neural net,2025,3,34,12.182327,0.76470588,0.5,0.16065714,34,0.52941176,3,common 2024–2025 development cohort; replicate-median weekly performance
F12_corrected,M5,Neural net,2025,4,36,12.522576,0.61111111,0.3,0.2048684,35,0.51428571,3,common 2024–2025 development cohort; replicate-median weekly performance
F12_corrected,M5,Neural net,2025,5,38,12.836373,0.68421053,0.33333333,0.22078113,37,0.45945946,3,common 2024–2025 development cohort; replicate-median weekly performance
F12_corrected,M5,Neural net,2025,6,37,15.35653,0.59459459,0.14285714,0.24945213,37,0.37837838,3,common 2024–2025 development cohort; replicate-median weekly performance
F12_corrected,M5,Neural net,2025,7,41,14.888839,0.6097561,0.21428571,0.2414715,40,0.55,3,common 2024–2025 development cohort; replicate-median weekly performance
F12_corrected,M5,Neural net,2025,8,45,14.153427,0.62222222,0.14285714,0.25345064,45,0.48888889,3,common 2024–2025 development cohort; replicate-median weekly performance
F12_corrected,M5,Neural net,2025,9,36,12.951176,0.75,0.5,0.18472759,34,0.52941176,3,common 2024–2025 development cohort; replicate-median weekly performance
F12_corrected,M5,Neural net,2025,10,42,14.711771,0.61904762,0.30769231,0.23839542,42,0.45238095,3,common 2024–2025 development cohort; replicate-median weekly performance
F12_corrected,M5,Neural net,2025,11,35,14.235795,0.6,0.076923077,0.26399885,35,0.48571429,3,common 2024–2025 development cohort; replicate-median weekly performance
F12_corrected,M5,Neural net,2025,12,42,14.978792,0.69047619,0.25,0.18674451,42,0.4047619,3,common 2024–2025 development cohort; replicate-median weekly performance
F12_corrected,M5,Neural net,2025,13,42,16.126332,0.69047619,0.3,0.20941252,42,0.42857143,3,common 2024–2025 development cohort; replicate-median weekly performance
F12_corrected,M5,Neural net,2025,14,48,12.978424,0.6875,0.64285714,0.19392573,44,0.5,3,common 2024–2025 development cohort; replicate-median weekly performance
F12_corrected,M5,Neural net,2025,15,8,15.837455,0.625,0.66666667,0.2977427,8,0.5,3,common 2024–2025 development cohort; replicate-median weekly performance
F12_corrected,M5,Neural net,2025,16,1,8.7916412,1,,0.083247819,1,0,3,common 2024–2025 development cohort; replicate-median weekly performance
F13,M1,Linear,2024,1,27,19.084871,0.66666667,0,0.20908278,27,0.2962963,3,common 2024–2025 development cohort; replicate-median weekly performance
F13,M1,Linear,2024,2,40,16.611863,0.65,0.26666667,0.22491058,39,0.46153846,3,common 2024–2025 development cohort; replicate-median weekly performance
F13,M1,Linear,2024,3,45,15.456075,0.71111111,0.33333333,0.15401089,44,0.45454545,3,common 2024–2025 development cohort; replicate-median weekly performance
F13,M1,Linear,2024,4,46,13.976257,0.76086957,0.25,0.16056452,46,0.45652174,3,common 2024–2025 development cohort; replicate-median weekly performance
F13,M1,Linear,2024,5,44,12.201967,0.70454545,0.42857143,0.18857296,42,0.47619048,3,common 2024–2025 development cohort; replicate-median weekly performance
F13,M1,Linear,2024,6,39,12.196001,0.64102564,0.27272727,0.20233762,38,0.52631579,3,common 2024–2025 development cohort; replicate-median weekly performance
F13,M1,Linear,2024,7,47,12.240893,0.70212766,0.33333333,0.19013503,45,0.46666667,3,common 2024–2025 development cohort; replicate-median weekly performance
F13,M1,Linear,2024,8,51,12.195398,0.62745098,0.2,0.20720931,50,0.48,3,common 2024–2025 development cohort; replicate-median weekly performance
F13,M1,Linear,2024,9,45,10.714183,0.84444444,0.4,0.13893695,43,0.53488372,3,common 2024–2025 development cohort; replicate-median weekly performance
F13,M1,Linear,2024,10,39,13.416586,0.61538462,0.25,0.24353215,38,0.55263158,3,common 2024–2025 development cohort; replicate-median weekly performance
F13,M1,Linear,2024,11,42,12.167357,0.71428571,0.090909091,0.18554126,41,0.48780488,3,common 2024–2025 development cohort; replicate-median weekly performance
F13,M1,Linear,2024,12,44,11.090311,0.77272727,0.27272727,0.1527644,44,0.52272727,3,common 2024–2025 development cohort; replicate-median weekly performance
F13,M1,Linear,2024,13,52,12.482595,0.67307692,0.25,0.18037253,52,0.55769231,3,common 2024–2025 development cohort; replicate-median weekly performance
F13,M1,Linear,2024,14,57,12.554087,0.64912281,0.1875,0.2118027,55,0.50909091,3,common 2024–2025 development cohort; replicate-median weekly performance
F13,M1,Linear,2024,15,7,21.080403,0.42857143,0.2,0.28980642,7,0.57142857,3,common 2024–2025 development cohort; replicate-median weekly performance
F13,M1,Linear,2024,16,1,26.022434,0,0,0.48565382,1,0,3,common 2024–2025 development cohort; replicate-median weekly performance
F13,M1,Linear,2025,1,30,11.451441,0.7,0.4,0.18201928,30,0.76666667,3,common 2024–2025 development cohort; replicate-median weekly performance
F13,M1,Linear,2025,2,38,12.774753,0.84210526,0.44444444,0.14536113,36,0.63888889,3,common 2024–2025 development cohort; replicate-median weekly performance
F13,M1,Linear,2025,3,34,12.86206,0.73529412,0.2,0.17395132,34,0.5,3,common 2024–2025 development cohort; replicate-median weekly performance
F13,M1,Linear,2025,4,36,12.67078,0.63888889,0.1,0.20083833,35,0.62857143,3,common 2024–2025 development cohort; replicate-median weekly performance
F13,M1,Linear,2025,5,38,10.306151,0.68421053,0.22222222,0.20814625,37,0.51351351,3,common 2024–2025 development cohort; replicate-median weekly performance
F13,M1,Linear,2025,6,37,11.499967,0.7027027,0,0.19278263,37,0.51351351,3,common 2024–2025 development cohort; replicate-median weekly performance
F13,M1,Linear,2025,7,41,11.917358,0.65853659,0.071428571,0.20797191,40,0.6,3,common 2024–2025 development cohort; replicate-median weekly performance
F13,M1,Linear,2025,8,45,12.158854,0.64444444,0.21428571,0.20681296,45,0.55555556,3,common 2024–2025 development cohort; replicate-median weekly performance
F13,M1,Linear,2025,9,36,12.032448,0.77777778,0.3,0.1588861,34,0.41176471,3,common 2024–2025 development cohort; replicate-median weekly performance
F13,M1,Linear,2025,10,42,12.498299,0.71428571,0.23076923,0.20535147,42,0.42857143,3,common 2024–2025 development cohort; replicate-median weekly performance
F13,M1,Linear,2025,11,35,11.633634,0.65714286,0.076923077,0.20352019,35,0.65714286,3,common 2024–2025 development cohort; replicate-median weekly performance
F13,M1,Linear,2025,12,42,12.663422,0.76190476,0.125,0.15202272,42,0.42857143,3,common 2024–2025 development cohort; replicate-median weekly performance
F13,M1,Linear,2025,13,42,13.350188,0.71428571,0,0.16005753,42,0.57142857,3,common 2024–2025 development cohort; replicate-median weekly performance
F13,M1,Linear,2025,14,48,12.007314,0.8125,0.5,0.17417229,44,0.5,3,common 2024–2025 development cohort; replicate-median weekly performance
F13,M1,Linear,2025,15,8,12.408908,0.625,0,0.2245262,8,0.5,3,common 2024–2025 development cohort; replicate-median weekly performance
F13,M1,Linear,2025,16,1,11.754131,1,,0.047539686,1,0,3,common 2024–2025 development cohort; replicate-median weekly performance
F13,M10,KNN,2024,1,27,17.996296,0.66666667,0,0.18613326,27,0.33333333,3,common 2024–2025 development cohort; replicate-median weekly performance
F13,M10,KNN,2024,2,40,15.9475,0.625,0.4,0.19195355,39,0.51282051,3,common 2024–2025 development cohort; replicate-median weekly performance
F13,M10,KNN,2024,3,45,17.577778,0.64444444,0,0.19213514,44,0.36363636,3,common 2024–2025 development cohort; replicate-median weekly performance
F13,M10,KNN,2024,4,46,13.468478,0.80434783,0.5,0.16017778,46,0.54347826,3,common 2024–2025 development cohort; replicate-median weekly performance
F13,M10,KNN,2024,5,44,13.930682,0.63636364,0.21428571,0.23618852,42,0.5,3,common 2024–2025 development cohort; replicate-median weekly performance
F13,M10,KNN,2024,6,39,11.288462,0.74358974,0.27272727,0.18620725,37,0.64864865,3,common 2024–2025 development cohort; replicate-median weekly performance
F13,M10,KNN,2024,7,47,13.991489,0.57446809,0.33333333,0.21923523,45,0.53333333,3,common 2024–2025 development cohort; replicate-median weekly performance
F13,M10,KNN,2024,8,51,12.757843,0.54901961,0.2,0.23052132,50,0.52,3,common 2024–2025 development cohort; replicate-median weekly performance
F13,M10,KNN,2024,9,45,11.581111,0.77777778,0.4,0.16796768,42,0.61904762,3,common 2024–2025 development cohort; replicate-median weekly performance
F13,M10,KNN,2024,10,39,14.974359,0.46153846,0.125,0.29856709,38,0.47368421,3,common 2024–2025 development cohort; replicate-median weekly performance
F13,M10,KNN,2024,11,42,13.479762,0.57142857,0.27272727,0.2088779,41,0.46341463,3,common 2024–2025 development cohort; replicate-median weekly performance
F13,M10,KNN,2024,12,44,11.146591,0.77272727,0.27272727,0.15663073,44,0.68181818,3,common 2024–2025 development cohort; replicate-median weekly performance
F13,M10,KNN,2024,13,52,13.231731,0.75,0.375,0.18256147,51,0.58823529,3,common 2024–2025 development cohort; replicate-median weekly performance
F13,M10,KNN,2024,14,57,14.861404,0.63157895,0.25,0.24601206,55,0.4,3,common 2024–2025 development cohort; replicate-median weekly performance
F13,M10,KNN,2024,15,7,17.035714,0.42857143,0.2,0.21768283,7,0.85714286,3,common 2024–2025 development cohort; replicate-median weekly performance
F13,M10,KNN,2024,16,1,26.85,0,0,0.44779975,1,0,3,common 2024–2025 development cohort; replicate-median weekly performance
F13,M10,KNN,2025,1,30,11.425,0.66666667,0.4,0.1685371,30,0.6,3,common 2024–2025 development cohort; replicate-median weekly performance
F13,M10,KNN,2025,2,38,14.530263,0.73684211,0.44444444,0.18406822,36,0.55555556,3,common 2024–2025 development cohort; replicate-median weekly performance
F13,M10,KNN,2025,3,34,11.713235,0.79411765,0.5,0.16680872,34,0.61764706,3,common 2024–2025 development cohort; replicate-median weekly performance
F13,M10,KNN,2025,4,36,13.263889,0.63888889,0.2,0.21702724,34,0.55882353,3,common 2024–2025 development cohort; replicate-median weekly performance
F13,M10,KNN,2025,5,38,11.302632,0.68421053,0.11111111,0.2201847,37,0.40540541,3,common 2024–2025 development cohort; replicate-median weekly performance
F13,M10,KNN,2025,6,37,11.837838,0.75675676,0.28571429,0.19182433,36,0.5,3,common 2024–2025 development cohort; replicate-median weekly performance
F13,M10,KNN,2025,7,41,12.652439,0.75609756,0.42857143,0.1976783,40,0.475,3,common 2024–2025 development cohort; replicate-median weekly performance
F13,M10,KNN,2025,8,45,14.471111,0.66666667,0.28571429,0.22784372,44,0.45454545,3,common 2024–2025 development cohort; replicate-median weekly performance
F13,M10,KNN,2025,9,36,12.056944,0.77777778,0.4,0.17759452,34,0.44117647,3,common 2024–2025 development cohort; replicate-median weekly performance
F13,M10,KNN,2025,10,42,14.452381,0.54761905,0.23076923,0.23972068,41,0.43902439,3,common 2024–2025 development cohort; replicate-median weekly performance
F13,M10,KNN,2025,11,35,12.887143,0.65714286,0.23076923,0.21022929,35,0.54285714,3,common 2024–2025 development cohort; replicate-median weekly performance
F13,M10,KNN,2025,12,42,14.165476,0.73809524,0.125,0.18206654,42,0.38095238,3,common 2024–2025 development cohort; replicate-median weekly performance
F13,M10,KNN,2025,13,42,13.616667,0.76190476,0.3,0.16469234,42,0.57142857,3,common 2024–2025 development cohort; replicate-median weekly performance
F13,M10,KNN,2025,14,48,14.484375,0.625,0.42857143,0.22389621,44,0.47727273,3,common 2024–2025 development cohort; replicate-median weekly performance
F13,M10,KNN,2025,15,8,13.8625,0.5,0.33333333,0.28460219,8,0.375,3,common 2024–2025 development cohort; replicate-median weekly performance
F13,M10,KNN,2025,16,1,16.05,1,,0.03403729,1,0,3,common 2024–2025 development cohort; replicate-median weekly performance
F13,M2,Spline,2024,1,27,18.138188,0.62962963,0.125,0.20261551,27,0.40740741,10,common 2024–2025 development cohort; replicate-median weekly performance
F13,M2,Spline,2024,2,40,16.796514,0.65,0.33333333,0.21301742,39,0.44871795,10,common 2024–2025 development cohort; replicate-median weekly performance
F13,M2,Spline,2024,3,45,16.054001,0.73333333,0.22222222,0.16498535,44,0.45454545,10,common 2024–2025 development cohort; replicate-median weekly performance
F13,M2,Spline,2024,4,46,14.121105,0.73913043,0.33333333,0.16809366,46,0.5,10,common 2024–2025 development cohort; replicate-median weekly performance
F13,M2,Spline,2024,5,44,12.147324,0.72727273,0.39285714,0.19554753,42,0.51190476,10,common 2024–2025 development cohort; replicate-median weekly performance
F13,M2,Spline,2024,6,39,12.13146,0.69230769,0.27272727,0.20220896,38,0.47368421,10,common 2024–2025 development cohort; replicate-median weekly performance
F13,M2,Spline,2024,7,47,13.41661,0.68085106,0.16666667,0.21139375,45,0.43333333,10,common 2024–2025 development cohort; replicate-median weekly performance
F13,M2,Spline,2024,8,51,12.808689,0.58823529,0.2,0.22617018,50,0.52,10,common 2024–2025 development cohort; replicate-median weekly performance
F13,M2,Spline,2024,9,45,11.717716,0.8,0.3,0.15301365,43,0.55813953,10,common 2024–2025 development cohort; replicate-median weekly performance
F13,M2,Spline,2024,10,39,14.508771,0.61538462,0.3125,0.25763165,38,0.47368421,10,common 2024–2025 development cohort; replicate-median weekly performance
F13,M2,Spline,2024,11,42,12.71974,0.6547619,0.090909091,0.20986576,41,0.48780488,10,common 2024–2025 development cohort; replicate-median weekly performance
F13,M2,Spline,2024,12,44,11.365792,0.75,0.27272727,0.15770884,44,0.60227273,10,common 2024–2025 development cohort; replicate-median weekly performance
F13,M2,Spline,2024,13,52,13.266464,0.67307692,0.3125,0.19822117,52,0.51923077,10,common 2024–2025 development cohort; replicate-median weekly performance
F13,M2,Spline,2024,14,57,14.703076,0.63157895,0.1875,0.24212713,55,0.41818182,10,common 2024–2025 development cohort; replicate-median weekly performance
F13,M2,Spline,2024,15,7,21.384469,0.57142857,0.4,0.25658289,7,0.64285714,10,common 2024–2025 development cohort; replicate-median weekly performance
F13,M2,Spline,2024,16,1,32.644926,0,0,0.65282054,1,0,10,common 2024–2025 development cohort; replicate-median weekly performance
F13,M2,Spline,2025,1,30,12.71885,0.71666667,0.5,0.18064599,30,0.66666667,10,common 2024–2025 development cohort; replicate-median weekly performance
F13,M2,Spline,2025,2,38,14.871695,0.73684211,0.33333333,0.18619283,36,0.625,10,common 2024–2025 development cohort; replicate-median weekly performance
F13,M2,Spline,2025,3,34,12.670495,0.73529412,0.45,0.16257928,34,0.52941176,10,common 2024–2025 development cohort; replicate-median weekly performance
F13,M2,Spline,2025,4,36,12.488767,0.68055556,0.05,0.20232806,35,0.6,10,common 2024–2025 development cohort; replicate-median weekly performance
F13,M2,Spline,2025,5,38,11.163462,0.64473684,0.22222222,0.21772767,37,0.43243243,10,common 2024–2025 development cohort; replicate-median weekly performance
F13,M2,Spline,2025,6,37,12.159919,0.75675676,0.14285714,0.18533037,37,0.45945946,10,common 2024–2025 development cohort; replicate-median weekly performance
F13,M2,Spline,2025,7,41,12.83241,0.63414634,0.21428571,0.21881335,40,0.65,10,common 2024–2025 development cohort; replicate-median weekly performance
F13,M2,Spline,2025,8,45,12.765768,0.6,0.14285714,0.24310864,45,0.58888889,10,common 2024–2025 development cohort; replicate-median weekly performance
F13,M2,Spline,2025,9,36,12.216063,0.80555556,0.4,0.15862617,34,0.48529412,10,common 2024–2025 development cohort; replicate-median weekly performance
F13,M2,Spline,2025,10,42,12.307527,0.70238095,0.34615385,0.20987477,42,0.48809524,10,common 2024–2025 development cohort; replicate-median weekly performance
F13,M2,Spline,2025,11,35,12.865469,0.62857143,0.15384615,0.22221817,35,0.51428571,10,common 2024–2025 development cohort; replicate-median weekly performance
F13,M2,Spline,2025,12,42,14.171166,0.69047619,0.1875,0.17129354,42,0.47619048,10,common 2024–2025 development cohort; replicate-median weekly performance
F13,M2,Spline,2025,13,42,13.934083,0.69047619,0.2,0.18415126,42,0.46428571,10,common 2024–2025 development cohort; replicate-median weekly performance
F13,M2,Spline,2025,14,48,12.179866,0.75,0.35714286,0.18192874,44,0.52272727,10,common 2024–2025 development cohort; replicate-median weekly performance
F13,M2,Spline,2025,15,8,12.751937,0.5,0,0.24747941,8,0.4375,10,common 2024–2025 development cohort; replicate-median weekly performance
F13,M2,Spline,2025,16,1,17.654185,1,,0.018528867,1,0,10,common 2024–2025 development cohort; replicate-median weekly performance
F13,M3,Random forest,2024,1,27,16.936869,0.7037037,0.125,0.17389926,27,0.48148148,3,common 2024–2025 development cohort; replicate-median weekly performance
F13,M3,Random forest,2024,2,40,16.111149,0.625,0.26666667,0.21353123,39,0.53846154,3,common 2024–2025 development cohort; replicate-median weekly performance
F13,M3,Random forest,2024,3,45,15.603314,0.77777778,0.44444444,0.15415337,44,0.40909091,3,common 2024–2025 development cohort; replicate-median weekly performance
F13,M3,Random forest,2024,4,46,13.799747,0.7173913,0.33333333,0.17528724,46,0.5,3,common 2024–2025 development cohort; replicate-median weekly performance
F13,M3,Random forest,2024,5,44,11.008726,0.75,0.42857143,0.18524091,42,0.5,3,common 2024–2025 development cohort; replicate-median weekly performance
F13,M3,Random forest,2024,6,39,11.337499,0.69230769,0.090909091,0.20481449,38,0.57894737,3,common 2024–2025 development cohort; replicate-median weekly performance
F13,M3,Random forest,2024,7,47,12.395081,0.72340426,0.33333333,0.18575434,45,0.46666667,3,common 2024–2025 development cohort; replicate-median weekly performance
F13,M3,Random forest,2024,8,51,12.319154,0.58823529,0.066666667,0.21086813,50,0.42,3,common 2024–2025 development cohort; replicate-median weekly performance
F13,M3,Random forest,2024,9,45,11.737938,0.84444444,0.4,0.15549664,43,0.48837209,3,common 2024–2025 development cohort; replicate-median weekly performance
F13,M3,Random forest,2024,10,39,13.485554,0.64102564,0.125,0.25898276,38,0.57894737,3,common 2024–2025 development cohort; replicate-median weekly performance
F13,M3,Random forest,2024,11,42,12.342722,0.76190476,0.27272727,0.18960106,41,0.3902439,3,common 2024–2025 development cohort; replicate-median weekly performance
F13,M3,Random forest,2024,12,44,11.591158,0.75,0.18181818,0.16803407,44,0.5,3,common 2024–2025 development cohort; replicate-median weekly performance
F13,M3,Random forest,2024,13,52,12.12201,0.75,0.3125,0.17174884,52,0.57692308,3,common 2024–2025 development cohort; replicate-median weekly performance
F13,M3,Random forest,2024,14,57,12.4076,0.71929825,0.1875,0.20063506,55,0.43636364,3,common 2024–2025 development cohort; replicate-median weekly performance
F13,M3,Random forest,2024,15,7,19.98904,0.57142857,0.4,0.26073705,7,0.42857143,3,common 2024–2025 development cohort; replicate-median weekly performance
F13,M3,Random forest,2024,16,1,25.845893,0,0,0.48227184,1,0,3,common 2024–2025 development cohort; replicate-median weekly performance
F13,M3,Random forest,2025,1,30,11.195612,0.7,0.2,0.17741379,30,0.63333333,3,common 2024–2025 development cohort; replicate-median weekly performance
F13,M3,Random forest,2025,2,38,13.153877,0.81578947,0.44444444,0.15876882,36,0.58333333,3,common 2024–2025 development cohort; replicate-median weekly performance
F13,M3,Random forest,2025,3,34,12.125362,0.76470588,0.3,0.15574288,34,0.67647059,3,common 2024–2025 development cohort; replicate-median weekly performance
F13,M3,Random forest,2025,4,36,12.544968,0.72222222,0.3,0.19849551,35,0.57142857,3,common 2024–2025 development cohort; replicate-median weekly performance
F13,M3,Random forest,2025,5,38,10.133191,0.68421053,0,0.20654909,37,0.45945946,3,common 2024–2025 development cohort; replicate-median weekly performance
F13,M3,Random forest,2025,6,37,12.269106,0.67567568,0.14285714,0.19287019,37,0.37837838,3,common 2024–2025 development cohort; replicate-median weekly performance
F13,M3,Random forest,2025,7,41,12.539835,0.63414634,0.071428571,0.20778992,40,0.5,3,common 2024–2025 development cohort; replicate-median weekly performance
F13,M3,Random forest,2025,8,45,11.753938,0.73333333,0.21428571,0.20627854,45,0.62222222,3,common 2024–2025 development cohort; replicate-median weekly performance
F13,M3,Random forest,2025,9,36,11.878451,0.77777778,0.2,0.15554282,34,0.41176471,3,common 2024–2025 development cohort; replicate-median weekly performance
F13,M3,Random forest,2025,10,42,12.529417,0.64285714,0.076923077,0.20574177,42,0.45238095,3,common 2024–2025 development cohort; replicate-median weekly performance
F13,M3,Random forest,2025,11,35,11.462597,0.74285714,0.30769231,0.20491674,35,0.62857143,3,common 2024–2025 development cohort; replicate-median weekly performance
F13,M3,Random forest,2025,12,42,13.047743,0.76190476,0,0.15446315,42,0.33333333,3,common 2024–2025 development cohort; replicate-median weekly performance
F13,M3,Random forest,2025,13,42,13.730246,0.73809524,0,0.16156906,42,0.54761905,3,common 2024–2025 development cohort; replicate-median weekly performance
F13,M3,Random forest,2025,14,48,11.909625,0.72916667,0.28571429,0.17822717,44,0.56818182,3,common 2024–2025 development cohort; replicate-median weekly performance
F13,M3,Random forest,2025,15,8,13.308904,0.5,0,0.25248756,8,0.25,3,common 2024–2025 development cohort; replicate-median weekly performance
F13,M3,Random forest,2025,16,1,13.427686,1,,0.037530821,1,0,3,common 2024–2025 development cohort; replicate-median weekly performance
F13,M4,Boosted trees,2024,1,27,16.981552,0.66666667,0,0.17372758,27,0.48148148,10,common 2024–2025 development cohort; replicate-median weekly performance
F13,M4,Boosted trees,2024,2,40,15.833008,0.6625,0.33333333,0.20970692,39,0.55128205,10,common 2024–2025 development cohort; replicate-median weekly performance
F13,M4,Boosted trees,2024,3,45,16.126825,0.73333333,0.44444444,0.16635887,44,0.38636364,10,common 2024–2025 development cohort; replicate-median weekly performance
F13,M4,Boosted trees,2024,4,46,14.288652,0.66304348,0.20833333,0.18468684,46,0.43478261,10,common 2024–2025 development cohort; replicate-median weekly performance
F13,M4,Boosted trees,2024,5,44,11.99218,0.77272727,0.5,0.19424906,42,0.45238095,10,common 2024–2025 development cohort; replicate-median weekly performance
F13,M4,Boosted trees,2024,6,39,11.51442,0.67948718,0.18181818,0.21380118,38,0.53947368,10,common 2024–2025 development cohort; replicate-median weekly performance
F13,M4,Boosted trees,2024,7,47,12.493319,0.68085106,0.29166667,0.18958743,45,0.5,10,common 2024–2025 development cohort; replicate-median weekly performance
F13,M4,Boosted trees,2024,8,51,12.457032,0.58823529,0.066666667,0.21505643,50,0.42,10,common 2024–2025 development cohort; replicate-median weekly performance
F13,M4,Boosted trees,2024,9,45,11.878919,0.76666667,0.3,0.15904292,43,0.51162791,10,common 2024–2025 development cohort; replicate-median weekly performance
F13,M4,Boosted trees,2024,10,39,13.373755,0.61538462,0.1875,0.25765523,38,0.57894737,10,common 2024–2025 development cohort; replicate-median weekly performance
F13,M4,Boosted trees,2024,11,42,12.940761,0.76190476,0.36363636,0.20211415,41,0.37804878,10,common 2024–2025 development cohort; replicate-median weekly performance
F13,M4,Boosted trees,2024,12,44,11.587723,0.72727273,0.090909091,0.16808644,44,0.48863636,10,common 2024–2025 development cohort; replicate-median weekly performance
F13,M4,Boosted trees,2024,13,52,12.153381,0.73076923,0.3125,0.17073486,52,0.61538462,10,common 2024–2025 development cohort; replicate-median weekly performance
F13,M4,Boosted trees,2024,14,57,12.718512,0.68421053,0.1875,0.21046764,55,0.44545455,10,common 2024–2025 development cohort; replicate-median weekly performance
F13,M4,Boosted trees,2024,15,7,20.066323,0.42857143,0.2,0.26090019,7,0.5,10,common 2024–2025 development cohort; replicate-median weekly performance
F13,M4,Boosted trees,2024,16,1,24.268769,0,0,0.43655035,1,1,10,common 2024–2025 development cohort; replicate-median weekly performance
F13,M4,Boosted trees,2025,1,30,11.319082,0.75,0.4,0.17353454,30,0.66666667,10,common 2024–2025 development cohort; replicate-median weekly performance
F13,M4,Boosted trees,2025,2,38,13.139522,0.81578947,0.44444444,0.1572196,36,0.56944444,10,common 2024–2025 development cohort; replicate-median weekly performance
F13,M4,Boosted trees,2025,3,34,12.909608,0.76470588,0.3,0.16383803,34,0.58823529,10,common 2024–2025 development cohort; replicate-median weekly performance
F13,M4,Boosted trees,2025,4,36,13.263996,0.66666667,0.2,0.21046532,35,0.52857143,10,common 2024–2025 development cohort; replicate-median weekly performance
F13,M4,Boosted trees,2025,5,38,10.459646,0.68421053,0,0.20414127,37,0.51351351,10,common 2024–2025 development cohort; replicate-median weekly performance
F13,M4,Boosted trees,2025,6,37,11.982299,0.71621622,0.14285714,0.18956983,37,0.41891892,10,common 2024–2025 development cohort; replicate-median weekly performance
F13,M4,Boosted trees,2025,7,41,13.09267,0.64634146,0.071428571,0.21619501,40,0.4375,10,common 2024–2025 development cohort; replicate-median weekly performance
F13,M4,Boosted trees,2025,8,45,12.235322,0.71111111,0.21428571,0.20674443,45,0.57777778,10,common 2024–2025 development cohort; replicate-median weekly performance
F13,M4,Boosted trees,2025,9,36,12.128546,0.76388889,0.3,0.15998437,34,0.41176471,10,common 2024–2025 development cohort; replicate-median weekly performance
F13,M4,Boosted trees,2025,10,42,12.37893,0.66666667,0.15384615,0.20517424,42,0.45238095,10,common 2024–2025 development cohort; replicate-median weekly performance
F13,M4,Boosted trees,2025,11,35,11.703332,0.68571429,0.15384615,0.20521678,35,0.6,10,common 2024–2025 development cohort; replicate-median weekly performance
F13,M4,Boosted trees,2025,12,42,13.031056,0.78571429,0.125,0.15739177,42,0.36904762,10,common 2024–2025 development cohort; replicate-median weekly performance
F13,M4,Boosted trees,2025,13,42,14.18912,0.73809524,0.1,0.17216692,42,0.42857143,10,common 2024–2025 development cohort; replicate-median weekly performance
F13,M4,Boosted trees,2025,14,48,12.66045,0.71875,0.32142857,0.19293773,44,0.52272727,10,common 2024–2025 development cohort; replicate-median weekly performance
F13,M4,Boosted trees,2025,15,8,12.956688,0.5625,0,0.25268369,8,0.375,10,common 2024–2025 development cohort; replicate-median weekly performance
F13,M4,Boosted trees,2025,16,1,14.892566,1,,0.026684379,1,0,10,common 2024–2025 development cohort; replicate-median weekly performance
F13,M5,Neural net,2024,1,27,17.84013,0.66666667,0.125,0.18503925,27,0.48148148,3,common 2024–2025 development cohort; replicate-median weekly performance
F13,M5,Neural net,2024,2,40,19.110294,0.575,0.4,0.24570471,39,0.46153846,3,common 2024–2025 development cohort; replicate-median weekly performance
F13,M5,Neural net,2024,3,45,17.372459,0.73333333,0.22222222,0.1900731,44,0.36363636,3,common 2024–2025 development cohort; replicate-median weekly performance
F13,M5,Neural net,2024,4,46,16.345688,0.69565217,0.25,0.20026281,46,0.52173913,3,common 2024–2025 development cohort; replicate-median weekly performance
F13,M5,Neural net,2024,5,44,14.871512,0.56818182,0.21428571,0.24896905,42,0.47619048,3,common 2024–2025 development cohort; replicate-median weekly performance
F13,M5,Neural net,2024,6,39,13.244331,0.64102564,0.18181818,0.20327886,38,0.47368421,3,common 2024–2025 development cohort; replicate-median weekly performance
F13,M5,Neural net,2024,7,47,14.732911,0.65957447,0.33333333,0.21748712,45,0.48888889,3,common 2024–2025 development cohort; replicate-median weekly performance
F13,M5,Neural net,2024,8,51,13.399384,0.60784314,0.33333333,0.24123362,50,0.46,3,common 2024–2025 development cohort; replicate-median weekly performance
F13,M5,Neural net,2024,9,45,12.839679,0.71111111,0.1,0.17394322,43,0.55813953,3,common 2024–2025 development cohort; replicate-median weekly performance
F13,M5,Neural net,2024,10,39,15.613938,0.51282051,0.1875,0.28185089,38,0.44736842,3,common 2024–2025 development cohort; replicate-median weekly performance
F13,M5,Neural net,2024,11,42,15.663749,0.66666667,0.27272727,0.23627145,41,0.3902439,3,common 2024–2025 development cohort; replicate-median weekly performance
F13,M5,Neural net,2024,12,44,12.325785,0.79545455,0.45454545,0.17647558,44,0.54545455,3,common 2024–2025 development cohort; replicate-median weekly performance
F13,M5,Neural net,2024,13,52,13.86678,0.69230769,0.4375,0.19470192,52,0.5,3,common 2024–2025 development cohort; replicate-median weekly performance
F13,M5,Neural net,2024,14,57,15.422933,0.59649123,0.25,0.24794092,55,0.41818182,3,common 2024–2025 development cohort; replicate-median weekly performance
F13,M5,Neural net,2024,15,7,23.27933,0.57142857,0.4,0.23972198,7,0.57142857,3,common 2024–2025 development cohort; replicate-median weekly performance
F13,M5,Neural net,2024,16,1,25.216304,0,0,0.45040607,1,0,3,common 2024–2025 development cohort; replicate-median weekly performance
F13,M5,Neural net,2025,1,30,13.134615,0.66666667,0.4,0.20417922,30,0.63333333,3,common 2024–2025 development cohort; replicate-median weekly performance
F13,M5,Neural net,2025,2,38,14.499846,0.76315789,0.44444444,0.16833301,36,0.55555556,3,common 2024–2025 development cohort; replicate-median weekly performance
F13,M5,Neural net,2025,3,34,13.264111,0.70588235,0.4,0.17089856,34,0.55882353,3,common 2024–2025 development cohort; replicate-median weekly performance
F13,M5,Neural net,2025,4,36,12.43876,0.66666667,0.1,0.20689842,35,0.62857143,3,common 2024–2025 development cohort; replicate-median weekly performance
F13,M5,Neural net,2025,5,38,13.151916,0.65789474,0.44444444,0.2286273,37,0.51351351,3,common 2024–2025 development cohort; replicate-median weekly performance
F13,M5,Neural net,2025,6,37,14.384818,0.62162162,0.14285714,0.22804436,37,0.40540541,3,common 2024–2025 development cohort; replicate-median weekly performance
F13,M5,Neural net,2025,7,41,13.776081,0.6097561,0.14285714,0.22137209,40,0.575,3,common 2024–2025 development cohort; replicate-median weekly performance
F13,M5,Neural net,2025,8,45,14.434772,0.48888889,0.14285714,0.25924493,45,0.51111111,3,common 2024–2025 development cohort; replicate-median weekly performance
F13,M5,Neural net,2025,9,36,13.299677,0.75,0.5,0.17566248,34,0.52941176,3,common 2024–2025 development cohort; replicate-median weekly performance
F13,M5,Neural net,2025,10,42,14.276137,0.61904762,0.38461538,0.23160842,42,0.5,3,common 2024–2025 development cohort; replicate-median weekly performance
F13,M5,Neural net,2025,11,35,14.216166,0.57142857,0.076923077,0.2501601,35,0.51428571,3,common 2024–2025 development cohort; replicate-median weekly performance
F13,M5,Neural net,2025,12,42,14.626548,0.64285714,0.125,0.19420374,42,0.45238095,3,common 2024–2025 development cohort; replicate-median weekly performance
F13,M5,Neural net,2025,13,42,17.118315,0.66666667,0.1,0.22403646,42,0.4047619,3,common 2024–2025 development cohort; replicate-median weekly performance
F13,M5,Neural net,2025,14,48,13.91996,0.6875,0.57142857,0.21044486,44,0.47727273,3,common 2024–2025 development cohort; replicate-median weekly performance
F13,M5,Neural net,2025,15,8,15.738052,0.625,0.66666667,0.29323392,8,0.5,3,common 2024–2025 development cohort; replicate-median weekly performance
F13,M5,Neural net,2025,16,1,9.6874065,1,,0.070326811,1,0,3,common 2024–2025 development cohort; replicate-median weekly performance
F14,M1,Linear,2024,1,27,19.090061,0.66666667,0,0.20930954,27,0.2962963,3,common 2024–2025 development cohort; replicate-median weekly performance
F14,M1,Linear,2024,2,40,16.614804,0.65,0.26666667,0.22482754,39,0.46153846,3,common 2024–2025 development cohort; replicate-median weekly performance
F14,M1,Linear,2024,3,45,15.460032,0.71111111,0.33333333,0.15408426,44,0.45454545,3,common 2024–2025 development cohort; replicate-median weekly performance
F14,M1,Linear,2024,4,46,13.981377,0.76086957,0.25,0.16047351,46,0.45652174,3,common 2024–2025 development cohort; replicate-median weekly performance
F14,M1,Linear,2024,5,44,12.204329,0.70454545,0.42857143,0.18851879,42,0.47619048,3,common 2024–2025 development cohort; replicate-median weekly performance
F14,M1,Linear,2024,6,39,12.191669,0.64102564,0.27272727,0.20223786,38,0.52631579,3,common 2024–2025 development cohort; replicate-median weekly performance
F14,M1,Linear,2024,7,47,12.237798,0.70212766,0.33333333,0.19011776,45,0.46666667,3,common 2024–2025 development cohort; replicate-median weekly performance
F14,M1,Linear,2024,8,51,12.190797,0.62745098,0.2,0.20716207,50,0.48,3,common 2024–2025 development cohort; replicate-median weekly performance
F14,M1,Linear,2024,9,45,10.712364,0.84444444,0.4,0.1387938,43,0.53488372,3,common 2024–2025 development cohort; replicate-median weekly performance
F14,M1,Linear,2024,10,39,13.418234,0.61538462,0.25,0.24358095,38,0.55263158,3,common 2024–2025 development cohort; replicate-median weekly performance
F14,M1,Linear,2024,11,42,12.160754,0.71428571,0.090909091,0.18553059,41,0.48780488,3,common 2024–2025 development cohort; replicate-median weekly performance
F14,M1,Linear,2024,12,44,11.088511,0.77272727,0.27272727,0.15280823,44,0.52272727,3,common 2024–2025 development cohort; replicate-median weekly performance
F14,M1,Linear,2024,13,52,12.471113,0.67307692,0.25,0.1802097,52,0.55769231,3,common 2024–2025 development cohort; replicate-median weekly performance
F14,M1,Linear,2024,14,57,12.552271,0.64912281,0.1875,0.21179584,55,0.50909091,3,common 2024–2025 development cohort; replicate-median weekly performance
F14,M1,Linear,2024,15,7,21.069685,0.42857143,0.2,0.2890706,7,0.57142857,3,common 2024–2025 development cohort; replicate-median weekly performance
F14,M1,Linear,2024,16,1,25.980016,0,0,0.48565382,1,0,3,common 2024–2025 development cohort; replicate-median weekly performance
F14,M1,Linear,2025,1,30,11.453165,0.7,0.4,0.18212215,30,0.76666667,3,common 2024–2025 development cohort; replicate-median weekly performance
F14,M1,Linear,2025,2,38,12.771567,0.84210526,0.44444444,0.14527635,36,0.63888889,3,common 2024–2025 development cohort; replicate-median weekly performance
F14,M1,Linear,2025,3,34,12.860608,0.73529412,0.2,0.17407963,34,0.5,3,common 2024–2025 development cohort; replicate-median weekly performance
F14,M1,Linear,2025,4,36,12.670624,0.63888889,0.1,0.20086765,35,0.62857143,3,common 2024–2025 development cohort; replicate-median weekly performance
F14,M1,Linear,2025,5,38,10.303261,0.68421053,0.22222222,0.2082155,37,0.51351351,3,common 2024–2025 development cohort; replicate-median weekly performance
F14,M1,Linear,2025,6,37,11.501352,0.7027027,0,0.19287613,37,0.51351351,3,common 2024–2025 development cohort; replicate-median weekly performance
F14,M1,Linear,2025,7,41,11.91701,0.65853659,0.071428571,0.20802843,40,0.6,3,common 2024–2025 development cohort; replicate-median weekly performance
F14,M1,Linear,2025,8,45,12.163585,0.64444444,0.21428571,0.20673108,45,0.55555556,3,common 2024–2025 development cohort; replicate-median weekly performance
F14,M1,Linear,2025,9,36,12.037359,0.77777778,0.3,0.15875896,34,0.41176471,3,common 2024–2025 development cohort; replicate-median weekly performance
F14,M1,Linear,2025,10,42,12.495119,0.71428571,0.23076923,0.20521167,42,0.42857143,3,common 2024–2025 development cohort; replicate-median weekly performance
F14,M1,Linear,2025,11,35,11.640253,0.65714286,0.076923077,0.20347881,35,0.65714286,3,common 2024–2025 development cohort; replicate-median weekly performance
F14,M1,Linear,2025,12,42,12.660042,0.76190476,0.125,0.15195311,42,0.42857143,3,common 2024–2025 development cohort; replicate-median weekly performance
F14,M1,Linear,2025,13,42,13.351151,0.71428571,0,0.16014664,42,0.57142857,3,common 2024–2025 development cohort; replicate-median weekly performance
F14,M1,Linear,2025,14,48,12.004145,0.8125,0.5,0.17412951,44,0.5,3,common 2024–2025 development cohort; replicate-median weekly performance
F14,M1,Linear,2025,15,8,12.40475,0.625,0,0.22464573,8,0.5,3,common 2024–2025 development cohort; replicate-median weekly performance
F14,M1,Linear,2025,16,1,11.734405,1,,0.047751917,1,0,3,common 2024–2025 development cohort; replicate-median weekly performance
F14,M10,KNN,2024,1,27,18.198148,0.66666667,0,0.18893858,27,0.33333333,3,common 2024–2025 development cohort; replicate-median weekly performance
F14,M10,KNN,2024,2,40,15.63875,0.675,0.4,0.18363105,39,0.61538462,3,common 2024–2025 development cohort; replicate-median weekly performance
F14,M10,KNN,2024,3,45,17.207778,0.66666667,0.11111111,0.18624527,43,0.41860465,3,common 2024–2025 development cohort; replicate-median weekly performance
F14,M10,KNN,2024,4,46,13.504348,0.7826087,0.41666667,0.15890919,46,0.54347826,3,common 2024–2025 development cohort; replicate-median weekly performance
F14,M10,KNN,2024,5,44,13.728409,0.65909091,0.28571429,0.22575121,42,0.45238095,3,common 2024–2025 development cohort; replicate-median weekly performance
F14,M10,KNN,2024,6,39,11.807692,0.71794872,0.27272727,0.19865362,37,0.67567568,3,common 2024–2025 development cohort; replicate-median weekly performance
F14,M10,KNN,2024,7,47,13.995745,0.59574468,0.41666667,0.21586379,45,0.48888889,3,common 2024–2025 development cohort; replicate-median weekly performance
F14,M10,KNN,2024,8,51,12.532353,0.58823529,0.2,0.21900022,50,0.5,3,common 2024–2025 development cohort; replicate-median weekly performance
F14,M10,KNN,2024,9,45,11.446667,0.8,0.4,0.16621372,42,0.64285714,3,common 2024–2025 development cohort; replicate-median weekly performance
F14,M10,KNN,2024,10,39,14.748718,0.48717949,0.125,0.29033324,38,0.52631579,3,common 2024–2025 development cohort; replicate-median weekly performance
F14,M10,KNN,2024,11,42,13.42619,0.5952381,0.27272727,0.21257718,41,0.48780488,3,common 2024–2025 development cohort; replicate-median weekly performance
F14,M10,KNN,2024,12,44,10.772727,0.79545455,0.27272727,0.15407482,44,0.68181818,3,common 2024–2025 development cohort; replicate-median weekly performance
F14,M10,KNN,2024,13,52,13.146154,0.69230769,0.375,0.18480527,52,0.51923077,3,common 2024–2025 development cohort; replicate-median weekly performance
F14,M10,KNN,2024,14,57,14.62807,0.64912281,0.1875,0.24121787,54,0.38888889,3,common 2024–2025 development cohort; replicate-median weekly performance
F14,M10,KNN,2024,15,7,18.1,0.42857143,0.2,0.23365717,7,0.71428571,3,common 2024–2025 development cohort; replicate-median weekly performance
F14,M10,KNN,2024,16,1,25.3,0,0,0.40341333,1,0,3,common 2024–2025 development cohort; replicate-median weekly performance
F14,M10,KNN,2025,1,30,11.535,0.66666667,0.4,0.17393162,30,0.66666667,3,common 2024–2025 development cohort; replicate-median weekly performance
F14,M10,KNN,2025,2,38,14.676316,0.73684211,0.44444444,0.18545977,36,0.58333333,3,common 2024–2025 development cohort; replicate-median weekly performance
F14,M10,KNN,2025,3,34,12.094118,0.79411765,0.5,0.17133305,34,0.58823529,3,common 2024–2025 development cohort; replicate-median weekly performance
F14,M10,KNN,2025,4,36,13.348611,0.61111111,0.2,0.21892319,35,0.48571429,3,common 2024–2025 development cohort; replicate-median weekly performance
F14,M10,KNN,2025,5,38,11.45,0.68421053,0.11111111,0.21821322,37,0.40540541,3,common 2024–2025 development cohort; replicate-median weekly performance
F14,M10,KNN,2025,6,37,12.037838,0.7027027,0.28571429,0.19885304,37,0.48648649,3,common 2024–2025 development cohort; replicate-median weekly performance
F14,M10,KNN,2025,7,41,12.389024,0.73170732,0.42857143,0.19010641,40,0.475,3,common 2024–2025 development cohort; replicate-median weekly performance
F14,M10,KNN,2025,8,45,14.535556,0.68888889,0.28571429,0.23130846,44,0.45454545,3,common 2024–2025 development cohort; replicate-median weekly performance
F14,M10,KNN,2025,9,36,11.5875,0.77777778,0.3,0.17128949,34,0.5,3,common 2024–2025 development cohort; replicate-median weekly performance
F14,M10,KNN,2025,10,42,14.365476,0.57142857,0.30769231,0.23717964,42,0.42857143,3,common 2024–2025 development cohort; replicate-median weekly performance
F14,M10,KNN,2025,11,35,12.925714,0.65714286,0.23076923,0.22070997,35,0.42857143,3,common 2024–2025 development cohort; replicate-median weekly performance
F14,M10,KNN,2025,12,42,14.441667,0.71428571,0.125,0.18825085,42,0.45238095,3,common 2024–2025 development cohort; replicate-median weekly performance
F14,M10,KNN,2025,13,42,13.7,0.73809524,0.3,0.16736202,42,0.52380952,3,common 2024–2025 development cohort; replicate-median weekly performance
F14,M10,KNN,2025,14,48,14.796875,0.625,0.42857143,0.22981901,44,0.43181818,3,common 2024–2025 development cohort; replicate-median weekly performance
F14,M10,KNN,2025,15,8,13.975,0.625,0.33333333,0.28393726,8,0.5,3,common 2024–2025 development cohort; replicate-median weekly performance
F14,M10,KNN,2025,16,1,13.5,1,,0.050772774,1,0,3,common 2024–2025 development cohort; replicate-median weekly performance
F14,M2,Spline,2024,1,27,18.436518,0.62962963,0.125,0.20629442,27,0.37037037,10,common 2024–2025 development cohort; replicate-median weekly performance
F14,M2,Spline,2024,2,40,16.85261,0.65,0.33333333,0.21340992,39,0.46153846,10,common 2024–2025 development cohort; replicate-median weekly performance
F14,M2,Spline,2024,3,45,16.073419,0.74444444,0.22222222,0.16664861,44,0.45454545,10,common 2024–2025 development cohort; replicate-median weekly performance
F14,M2,Spline,2024,4,46,14.213169,0.73913043,0.29166667,0.17051696,46,0.47826087,10,common 2024–2025 development cohort; replicate-median weekly performance
F14,M2,Spline,2024,5,44,12.141303,0.70454545,0.35714286,0.1952337,42,0.5,10,common 2024–2025 development cohort; replicate-median weekly performance
F14,M2,Spline,2024,6,39,12.331755,0.66666667,0.27272727,0.20606629,38,0.5,10,common 2024–2025 development cohort; replicate-median weekly performance
F14,M2,Spline,2024,7,47,13.409161,0.68085106,0.25,0.21368888,45,0.45555556,10,common 2024–2025 development cohort; replicate-median weekly performance
F14,M2,Spline,2024,8,51,13.144254,0.58823529,0.13333333,0.22821195,50,0.51,10,common 2024–2025 development cohort; replicate-median weekly performance
F14,M2,Spline,2024,9,45,11.730029,0.78888889,0.3,0.15355433,43,0.55813953,10,common 2024–2025 development cohort; replicate-median weekly performance
F14,M2,Spline,2024,10,39,14.274964,0.6025641,0.3125,0.25368893,38,0.47368421,10,common 2024–2025 development cohort; replicate-median weekly performance
F14,M2,Spline,2024,11,42,12.953105,0.64285714,0.090909091,0.215944,41,0.43902439,10,common 2024–2025 development cohort; replicate-median weekly performance
F14,M2,Spline,2024,12,44,11.415771,0.75,0.27272727,0.15791481,44,0.61363636,10,common 2024–2025 development cohort; replicate-median weekly performance
F14,M2,Spline,2024,13,52,13.287594,0.65384615,0.34375,0.19771618,52,0.5,10,common 2024–2025 development cohort; replicate-median weekly performance
F14,M2,Spline,2024,14,57,14.764022,0.61403509,0.125,0.24196458,55,0.42727273,10,common 2024–2025 development cohort; replicate-median weekly performance
F14,M2,Spline,2024,15,7,21.443471,0.57142857,0.4,0.2638881,7,0.57142857,10,common 2024–2025 development cohort; replicate-median weekly performance
F14,M2,Spline,2024,16,1,32.809948,0,0,0.66155437,1,0,10,common 2024–2025 development cohort; replicate-median weekly performance
F14,M2,Spline,2025,1,30,12.991856,0.73333333,0.4,0.18100157,30,0.66666667,10,common 2024–2025 development cohort; replicate-median weekly performance
F14,M2,Spline,2025,2,38,14.955329,0.73684211,0.33333333,0.18787257,36,0.63888889,10,common 2024–2025 development cohort; replicate-median weekly performance
F14,M2,Spline,2025,3,34,12.569708,0.76470588,0.5,0.16237904,34,0.52941176,10,common 2024–2025 development cohort; replicate-median weekly performance
F14,M2,Spline,2025,4,36,12.186519,0.69444444,0.1,0.201961,35,0.6,10,common 2024–2025 development cohort; replicate-median weekly performance
F14,M2,Spline,2025,5,38,11.243173,0.63157895,0.22222222,0.22287811,37,0.47297297,10,common 2024–2025 development cohort; replicate-median weekly performance
F14,M2,Spline,2025,6,37,12.406582,0.75675676,0.14285714,0.18732155,37,0.48648649,10,common 2024–2025 development cohort; replicate-median weekly performance
F14,M2,Spline,2025,7,41,12.778879,0.63414634,0.28571429,0.21773221,40,0.6375,10,common 2024–2025 development cohort; replicate-median weekly performance
F14,M2,Spline,2025,8,45,12.939394,0.6,0.14285714,0.24479689,45,0.57777778,10,common 2024–2025 development cohort; replicate-median weekly performance
F14,M2,Spline,2025,9,36,12.486094,0.77777778,0.4,0.15948627,34,0.47058824,10,common 2024–2025 development cohort; replicate-median weekly performance
F14,M2,Spline,2025,10,42,12.329982,0.70238095,0.38461538,0.20929095,42,0.5,10,common 2024–2025 development cohort; replicate-median weekly performance
F14,M2,Spline,2025,11,35,12.952483,0.62857143,0.15384615,0.22286762,35,0.51428571,10,common 2024–2025 development cohort; replicate-median weekly performance
F14,M2,Spline,2025,12,42,14.14204,0.72619048,0.25,0.16881472,42,0.45238095,10,common 2024–2025 development cohort; replicate-median weekly performance
F14,M2,Spline,2025,13,42,13.908494,0.69047619,0.2,0.18380844,42,0.48809524,10,common 2024–2025 development cohort; replicate-median weekly performance
F14,M2,Spline,2025,14,48,12.381968,0.75,0.35714286,0.18272963,44,0.5,10,common 2024–2025 development cohort; replicate-median weekly performance
F14,M2,Spline,2025,15,8,12.530125,0.4375,0,0.24456366,8,0.5,10,common 2024–2025 development cohort; replicate-median weekly performance
F14,M2,Spline,2025,16,1,16.313955,1,,0.023160833,1,0,10,common 2024–2025 development cohort; replicate-median weekly performance
F14,M3,Random forest,2024,1,27,16.844455,0.66666667,0,0.17440663,27,0.48148148,3,common 2024–2025 development cohort; replicate-median weekly performance
F14,M3,Random forest,2024,2,40,16.056644,0.65,0.26666667,0.21169173,39,0.51282051,3,common 2024–2025 development cohort; replicate-median weekly performance
F14,M3,Random forest,2024,3,45,15.673176,0.77777778,0.44444444,0.15316766,44,0.38636364,3,common 2024–2025 development cohort; replicate-median weekly performance
F14,M3,Random forest,2024,4,46,13.874575,0.69565217,0.25,0.17535003,46,0.47826087,3,common 2024–2025 development cohort; replicate-median weekly performance
F14,M3,Random forest,2024,5,44,11.053465,0.75,0.42857143,0.18614426,42,0.5,3,common 2024–2025 development cohort; replicate-median weekly performance
F14,M3,Random forest,2024,6,39,11.313225,0.66666667,0.090909091,0.20396606,38,0.57894737,3,common 2024–2025 development cohort; replicate-median weekly performance
F14,M3,Random forest,2024,7,47,12.31162,0.72340426,0.33333333,0.18575749,45,0.48888889,3,common 2024–2025 development cohort; replicate-median weekly performance
F14,M3,Random forest,2024,8,51,12.332753,0.60784314,0.13333333,0.21213339,50,0.44,3,common 2024–2025 development cohort; replicate-median weekly performance
F14,M3,Random forest,2024,9,45,11.84465,0.84444444,0.4,0.15643593,43,0.51162791,3,common 2024–2025 development cohort; replicate-median weekly performance
F14,M3,Random forest,2024,10,39,13.489469,0.64102564,0.125,0.25868319,38,0.55263158,3,common 2024–2025 development cohort; replicate-median weekly performance
F14,M3,Random forest,2024,11,42,12.379345,0.76190476,0.27272727,0.18959712,41,0.3902439,3,common 2024–2025 development cohort; replicate-median weekly performance
F14,M3,Random forest,2024,12,44,11.663479,0.75,0.18181818,0.16942741,44,0.47727273,3,common 2024–2025 development cohort; replicate-median weekly performance
F14,M3,Random forest,2024,13,52,12.090636,0.75,0.3125,0.16997268,52,0.57692308,3,common 2024–2025 development cohort; replicate-median weekly performance
F14,M3,Random forest,2024,14,57,12.418593,0.71929825,0.1875,0.20259364,55,0.4,3,common 2024–2025 development cohort; replicate-median weekly performance
F14,M3,Random forest,2024,15,7,19.934754,0.57142857,0.4,0.25733542,7,0.42857143,3,common 2024–2025 development cohort; replicate-median weekly performance
F14,M3,Random forest,2024,16,1,25.386885,0,0,0.46819657,1,0,3,common 2024–2025 development cohort; replicate-median weekly performance
F14,M3,Random forest,2025,1,30,11.175415,0.7,0.2,0.17698306,30,0.66666667,3,common 2024–2025 development cohort; replicate-median weekly performance
F14,M3,Random forest,2025,2,38,13.192223,0.81578947,0.44444444,0.16045329,36,0.58333333,3,common 2024–2025 development cohort; replicate-median weekly performance
F14,M3,Random forest,2025,3,34,12.179427,0.76470588,0.3,0.15662037,34,0.70588235,3,common 2024–2025 development cohort; replicate-median weekly performance
F14,M3,Random forest,2025,4,36,12.511147,0.66666667,0.2,0.19799994,35,0.57142857,3,common 2024–2025 development cohort; replicate-median weekly performance
F14,M3,Random forest,2025,5,38,10.221451,0.65789474,0,0.20600972,37,0.48648649,3,common 2024–2025 development cohort; replicate-median weekly performance
F14,M3,Random forest,2025,6,37,12.172164,0.72972973,0.14285714,0.19149224,37,0.35135135,3,common 2024–2025 development cohort; replicate-median weekly performance
F14,M3,Random forest,2025,7,41,12.654743,0.63414634,0.071428571,0.21148643,40,0.5,3,common 2024–2025 development cohort; replicate-median weekly performance
F14,M3,Random forest,2025,8,45,11.748157,0.73333333,0.21428571,0.20552695,45,0.66666667,3,common 2024–2025 development cohort; replicate-median weekly performance
F14,M3,Random forest,2025,9,36,11.906694,0.77777778,0.3,0.15640017,34,0.38235294,3,common 2024–2025 development cohort; replicate-median weekly performance
F14,M3,Random forest,2025,10,42,12.595284,0.64285714,0.076923077,0.2068236,42,0.42857143,3,common 2024–2025 development cohort; replicate-median weekly performance
F14,M3,Random forest,2025,11,35,11.444818,0.71428571,0.23076923,0.20593209,35,0.62857143,3,common 2024–2025 development cohort; replicate-median weekly performance
F14,M3,Random forest,2025,12,42,13.046319,0.76190476,0,0.15361512,42,0.33333333,3,common 2024–2025 development cohort; replicate-median weekly performance
F14,M3,Random forest,2025,13,42,13.738227,0.73809524,0,0.1625704,42,0.54761905,3,common 2024–2025 development cohort; replicate-median weekly performance
F14,M3,Random forest,2025,14,48,11.854754,0.72916667,0.28571429,0.17746236,44,0.59090909,3,common 2024–2025 development cohort; replicate-median weekly performance
F14,M3,Random forest,2025,15,8,13.193062,0.5,0,0.24820804,8,0.375,3,common 2024–2025 development cohort; replicate-median weekly performance
F14,M3,Random forest,2025,16,1,13.884725,1,,0.034577556,1,0,3,common 2024–2025 development cohort; replicate-median weekly performance
F14,M4,Boosted trees,2024,1,27,17.097456,0.68518519,0.125,0.17459623,27,0.46296296,10,common 2024–2025 development cohort; replicate-median weekly performance
F14,M4,Boosted trees,2024,2,40,15.836039,0.6625,0.33333333,0.20442596,39,0.57692308,10,common 2024–2025 development cohort; replicate-median weekly performance
F14,M4,Boosted trees,2024,3,45,16.043552,0.75555556,0.38888889,0.16527187,44,0.38636364,10,common 2024–2025 development cohort; replicate-median weekly performance
F14,M4,Boosted trees,2024,4,46,14.40895,0.63043478,0.25,0.18843556,46,0.43478261,10,common 2024–2025 development cohort; replicate-median weekly performance
F14,M4,Boosted trees,2024,5,44,11.99401,0.76136364,0.5,0.19445908,42,0.45238095,10,common 2024–2025 development cohort; replicate-median weekly performance
F14,M4,Boosted trees,2024,6,39,11.441776,0.67948718,0.22727273,0.2119584,38,0.55263158,10,common 2024–2025 development cohort; replicate-median weekly performance
F14,M4,Boosted trees,2024,7,47,12.375495,0.70212766,0.29166667,0.18911531,45,0.48888889,10,common 2024–2025 development cohort; replicate-median weekly performance
F14,M4,Boosted trees,2024,8,51,12.371227,0.59803922,0.13333333,0.21530704,50,0.4,10,common 2024–2025 development cohort; replicate-median weekly performance
F14,M4,Boosted trees,2024,9,45,11.959322,0.76666667,0.2,0.1614809,43,0.5,10,common 2024–2025 development cohort; replicate-median weekly performance
F14,M4,Boosted trees,2024,10,39,13.420492,0.58974359,0.15625,0.26019332,38,0.55263158,10,common 2024–2025 development cohort; replicate-median weekly performance
F14,M4,Boosted trees,2024,11,42,13.063186,0.76190476,0.31818182,0.20433017,41,0.3902439,10,common 2024–2025 development cohort; replicate-median weekly performance
F14,M4,Boosted trees,2024,12,44,11.67614,0.72727273,0.090909091,0.16870935,44,0.51136364,10,common 2024–2025 development cohort; replicate-median weekly performance
F14,M4,Boosted trees,2024,13,52,12.182628,0.73076923,0.3125,0.17051288,52,0.625,10,common 2024–2025 development cohort; replicate-median weekly performance
F14,M4,Boosted trees,2024,14,57,12.66046,0.68421053,0.1875,0.20890238,55,0.43636364,10,common 2024–2025 development cohort; replicate-median weekly performance
F14,M4,Boosted trees,2024,15,7,19.931281,0.5,0.3,0.25766055,7,0.57142857,10,common 2024–2025 development cohort; replicate-median weekly performance
F14,M4,Boosted trees,2024,16,1,23.716423,0,0,0.4174411,1,1,10,common 2024–2025 development cohort; replicate-median weekly performance
F14,M4,Boosted trees,2025,1,30,11.182231,0.73333333,0.4,0.17262118,30,0.7,10,common 2024–2025 development cohort; replicate-median weekly performance
F14,M4,Boosted trees,2025,2,38,13.280172,0.81578947,0.44444444,0.15611669,36,0.56944444,10,common 2024–2025 development cohort; replicate-median weekly performance
F14,M4,Boosted trees,2025,3,34,12.928784,0.76470588,0.3,0.16270442,34,0.61764706,10,common 2024–2025 development cohort; replicate-median weekly performance
F14,M4,Boosted trees,2025,4,36,13.232005,0.66666667,0.25,0.20637849,35,0.48571429,10,common 2024–2025 development cohort; replicate-median weekly performance
F14,M4,Boosted trees,2025,5,38,10.239588,0.68421053,0.11111111,0.20200401,37,0.54054054,10,common 2024–2025 development cohort; replicate-median weekly performance
F14,M4,Boosted trees,2025,6,37,12.047201,0.71621622,0.14285714,0.18948228,37,0.40540541,10,common 2024–2025 development cohort; replicate-median weekly performance
F14,M4,Boosted trees,2025,7,41,12.96011,0.63414634,0.071428571,0.21521922,40,0.4875,10,common 2024–2025 development cohort; replicate-median weekly performance
F14,M4,Boosted trees,2025,8,45,12.331995,0.71111111,0.21428571,0.2065667,45,0.57777778,10,common 2024–2025 development cohort; replicate-median weekly performance
F14,M4,Boosted trees,2025,9,36,12.208411,0.77777778,0.3,0.15897405,34,0.44117647,10,common 2024–2025 development cohort; replicate-median weekly performance
F14,M4,Boosted trees,2025,10,42,12.190012,0.66666667,0.11538462,0.2030978,42,0.45238095,10,common 2024–2025 development cohort; replicate-median weekly performance
F14,M4,Boosted trees,2025,11,35,11.512784,0.65714286,0.15384615,0.20442002,35,0.58571429,10,common 2024–2025 development cohort; replicate-median weekly performance
F14,M4,Boosted trees,2025,12,42,13.203301,0.78571429,0.125,0.15820294,42,0.4047619,10,common 2024–2025 development cohort; replicate-median weekly performance
F14,M4,Boosted trees,2025,13,42,14.050438,0.71428571,0.1,0.17380919,42,0.42857143,10,common 2024–2025 development cohort; replicate-median weekly performance
F14,M4,Boosted trees,2025,14,48,12.760152,0.72916667,0.35714286,0.19460826,44,0.48863636,10,common 2024–2025 development cohort; replicate-median weekly performance
F14,M4,Boosted trees,2025,15,8,13.015939,0.5,0,0.2532299,8,0.375,10,common 2024–2025 development cohort; replicate-median weekly performance
F14,M4,Boosted trees,2025,16,1,14.066972,1,,0.031919003,1,0,10,common 2024–2025 development cohort; replicate-median weekly performance
F14,M5,Neural net,2024,1,27,18.070584,0.66666667,0.125,0.19672171,27,0.48148148,3,common 2024–2025 development cohort; replicate-median weekly performance
F14,M5,Neural net,2024,2,40,19.391285,0.625,0.4,0.24308829,39,0.43589744,3,common 2024–2025 development cohort; replicate-median weekly performance
F14,M5,Neural net,2024,3,45,18.249831,0.73333333,0.22222222,0.19346213,44,0.40909091,3,common 2024–2025 development cohort; replicate-median weekly performance
F14,M5,Neural net,2024,4,46,15.731743,0.69565217,0.41666667,0.19625839,46,0.5,3,common 2024–2025 development cohort; replicate-median weekly performance
F14,M5,Neural net,2024,5,44,14.950334,0.59090909,0.21428571,0.2623527,42,0.5,3,common 2024–2025 development cohort; replicate-median weekly performance
F14,M5,Neural net,2024,6,39,13.465772,0.66666667,0.27272727,0.220341,38,0.47368421,3,common 2024–2025 development cohort; replicate-median weekly performance
F14,M5,Neural net,2024,7,47,14.875319,0.68085106,0.41666667,0.21745509,45,0.42222222,3,common 2024–2025 development cohort; replicate-median weekly performance
F14,M5,Neural net,2024,8,51,14.072609,0.54901961,0.2,0.25796508,50,0.46,3,common 2024–2025 development cohort; replicate-median weekly performance
F14,M5,Neural net,2024,9,45,13.548734,0.68888889,0.1,0.19097981,43,0.51162791,3,common 2024–2025 development cohort; replicate-median weekly performance
F14,M5,Neural net,2024,10,39,16.229572,0.51282051,0.25,0.28489906,38,0.44736842,3,common 2024–2025 development cohort; replicate-median weekly performance
F14,M5,Neural net,2024,11,42,15.710839,0.61904762,0.36363636,0.2354611,41,0.43902439,3,common 2024–2025 development cohort; replicate-median weekly performance
F14,M5,Neural net,2024,12,44,12.838749,0.70454545,0.27272727,0.18166374,43,0.52272727,3,common 2024–2025 development cohort; replicate-median weekly performance
F14,M5,Neural net,2024,13,52,14.137408,0.67307692,0.4375,0.19976475,52,0.51923077,3,common 2024–2025 development cohort; replicate-median weekly performance
F14,M5,Neural net,2024,14,57,15.71053,0.54385965,0.1875,0.25319066,55,0.38181818,3,common 2024–2025 development cohort; replicate-median weekly performance
F14,M5,Neural net,2024,15,7,24.79448,0.42857143,0.4,0.24311395,7,0.57142857,3,common 2024–2025 development cohort; replicate-median weekly performance
F14,M5,Neural net,2024,16,1,19.956213,0,0,0.28311504,1,1,3,common 2024–2025 development cohort; replicate-median weekly performance
F14,M5,Neural net,2025,1,30,12.793901,0.66666667,0.4,0.19929722,30,0.56666667,3,common 2024–2025 development cohort; replicate-median weekly performance
F14,M5,Neural net,2025,2,38,13.639356,0.71052632,0.44444444,0.1576632,36,0.61111111,3,common 2024–2025 development cohort; replicate-median weekly performance
F14,M5,Neural net,2025,3,34,13.963441,0.70588235,0.3,0.19214376,34,0.55882353,3,common 2024–2025 development cohort; replicate-median weekly performance
F14,M5,Neural net,2025,4,36,12.178404,0.63888889,0.2,0.21225152,35,0.57142857,3,common 2024–2025 development cohort; replicate-median weekly performance
F14,M5,Neural net,2025,5,38,13.570448,0.60526316,0.33333333,0.24232929,37,0.40540541,3,common 2024–2025 development cohort; replicate-median weekly performance
F14,M5,Neural net,2025,6,37,14.898784,0.64864865,0.14285714,0.23571894,37,0.48648649,3,common 2024–2025 development cohort; replicate-median weekly performance
F14,M5,Neural net,2025,7,41,14.446675,0.6097561,0.21428571,0.23773423,40,0.575,3,common 2024–2025 development cohort; replicate-median weekly performance
F14,M5,Neural net,2025,8,45,14.011412,0.55555556,0.14285714,0.25094471,45,0.51111111,3,common 2024–2025 development cohort; replicate-median weekly performance
F14,M5,Neural net,2025,9,36,13.128179,0.69444444,0.4,0.18336541,34,0.55882353,3,common 2024–2025 development cohort; replicate-median weekly performance
F14,M5,Neural net,2025,10,42,14.446161,0.61904762,0.38461538,0.23803882,42,0.45238095,3,common 2024–2025 development cohort; replicate-median weekly performance
F14,M5,Neural net,2025,11,35,14.482368,0.57142857,0.076923077,0.25933262,35,0.51428571,3,common 2024–2025 development cohort; replicate-median weekly performance
F14,M5,Neural net,2025,12,42,14.041646,0.69047619,0.375,0.18964038,42,0.45238095,3,common 2024–2025 development cohort; replicate-median weekly performance
F14,M5,Neural net,2025,13,42,16.656828,0.69047619,0.3,0.21843655,42,0.4047619,3,common 2024–2025 development cohort; replicate-median weekly performance
F14,M5,Neural net,2025,14,48,13.850521,0.66666667,0.42857143,0.20551106,44,0.45454545,3,common 2024–2025 development cohort; replicate-median weekly performance
F14,M5,Neural net,2025,15,8,13.113034,0.625,0.66666667,0.24011893,8,0.375,3,common 2024–2025 development cohort; replicate-median weekly performance
F14,M5,Neural net,2025,16,1,10.410677,1,,0.070069204,1,0,3,common 2024–2025 development cohort; replicate-median weekly performance
F15,M1,Linear,2024,1,27,19.089072,0.66666667,0,0.20915875,27,0.2962963,3,common 2024–2025 development cohort; replicate-median weekly performance
F15,M1,Linear,2024,2,40,16.611461,0.65,0.26666667,0.22480798,39,0.46153846,3,common 2024–2025 development cohort; replicate-median weekly performance
F15,M1,Linear,2024,3,45,15.452617,0.71111111,0.33333333,0.1541854,44,0.45454545,3,common 2024–2025 development cohort; replicate-median weekly performance
F15,M1,Linear,2024,4,46,13.979955,0.76086957,0.25,0.16057342,46,0.45652174,3,common 2024–2025 development cohort; replicate-median weekly performance
F15,M1,Linear,2024,5,44,12.207192,0.70454545,0.42857143,0.18864647,42,0.47619048,3,common 2024–2025 development cohort; replicate-median weekly performance
F15,M1,Linear,2024,6,39,12.19226,0.64102564,0.27272727,0.20232009,38,0.52631579,3,common 2024–2025 development cohort; replicate-median weekly performance
F15,M1,Linear,2024,7,47,12.239513,0.70212766,0.33333333,0.19017011,45,0.46666667,3,common 2024–2025 development cohort; replicate-median weekly performance
F15,M1,Linear,2024,8,51,12.193036,0.62745098,0.2,0.20723905,50,0.48,3,common 2024–2025 development cohort; replicate-median weekly performance
F15,M1,Linear,2024,9,45,10.715305,0.84444444,0.4,0.13881505,43,0.53488372,3,common 2024–2025 development cohort; replicate-median weekly performance
F15,M1,Linear,2024,10,39,13.417139,0.61538462,0.25,0.24376403,38,0.55263158,3,common 2024–2025 development cohort; replicate-median weekly performance
F15,M1,Linear,2024,11,42,12.163712,0.71428571,0.090909091,0.18561166,41,0.48780488,3,common 2024–2025 development cohort; replicate-median weekly performance
F15,M1,Linear,2024,12,44,11.086008,0.77272727,0.27272727,0.15281698,44,0.52272727,3,common 2024–2025 development cohort; replicate-median weekly performance
F15,M1,Linear,2024,13,52,12.470611,0.67307692,0.25,0.18027938,52,0.55769231,3,common 2024–2025 development cohort; replicate-median weekly performance
F15,M1,Linear,2024,14,57,12.551626,0.64912281,0.1875,0.21179312,55,0.50909091,3,common 2024–2025 development cohort; replicate-median weekly performance
F15,M1,Linear,2024,15,7,21.072834,0.42857143,0.2,0.28957481,7,0.57142857,3,common 2024–2025 development cohort; replicate-median weekly performance
F15,M1,Linear,2024,16,1,25.963425,0,0,0.48497648,1,0,3,common 2024–2025 development cohort; replicate-median weekly performance
F15,M1,Linear,2025,1,30,11.449078,0.7,0.4,0.18216781,30,0.76666667,3,common 2024–2025 development cohort; replicate-median weekly performance
F15,M1,Linear,2025,2,38,12.77222,0.84210526,0.44444444,0.14524219,36,0.63888889,3,common 2024–2025 development cohort; replicate-median weekly performance
F15,M1,Linear,2025,3,34,12.862418,0.73529412,0.2,0.17382696,34,0.5,3,common 2024–2025 development cohort; replicate-median weekly performance
F15,M1,Linear,2025,4,36,12.669937,0.63888889,0.1,0.20080126,35,0.62857143,3,common 2024–2025 development cohort; replicate-median weekly performance
F15,M1,Linear,2025,5,38,10.303901,0.68421053,0.22222222,0.20823309,37,0.51351351,3,common 2024–2025 development cohort; replicate-median weekly performance
F15,M1,Linear,2025,6,37,11.504408,0.7027027,0,0.19292524,37,0.51351351,3,common 2024–2025 development cohort; replicate-median weekly performance
F15,M1,Linear,2025,7,41,11.9191,0.65853659,0.071428571,0.20806515,40,0.6,3,common 2024–2025 development cohort; replicate-median weekly performance
F15,M1,Linear,2025,8,45,12.165693,0.64444444,0.21428571,0.2067395,45,0.55555556,3,common 2024–2025 development cohort; replicate-median weekly performance
F15,M1,Linear,2025,9,36,12.038256,0.77777778,0.3,0.15877754,34,0.41176471,3,common 2024–2025 development cohort; replicate-median weekly performance
F15,M1,Linear,2025,10,42,12.499287,0.71428571,0.23076923,0.205237,42,0.42857143,3,common 2024–2025 development cohort; replicate-median weekly performance
F15,M1,Linear,2025,11,35,11.638353,0.65714286,0.076923077,0.20349338,35,0.65714286,3,common 2024–2025 development cohort; replicate-median weekly performance
F15,M1,Linear,2025,12,42,12.656965,0.76190476,0.125,0.15191955,42,0.42857143,3,common 2024–2025 development cohort; replicate-median weekly performance
F15,M1,Linear,2025,13,42,13.350165,0.71428571,0,0.16006958,42,0.57142857,3,common 2024–2025 development cohort; replicate-median weekly performance
F15,M1,Linear,2025,14,48,12.006316,0.8125,0.5,0.17416253,44,0.5,3,common 2024–2025 development cohort; replicate-median weekly performance
F15,M1,Linear,2025,15,8,12.408894,0.625,0,0.22459414,8,0.5,3,common 2024–2025 development cohort; replicate-median weekly performance
F15,M1,Linear,2025,16,1,11.756945,1,,0.047539686,1,0,3,common 2024–2025 development cohort; replicate-median weekly performance
F15,M10,KNN,2024,1,27,17.787037,0.66666667,0.125,0.18123633,27,0.40740741,3,common 2024–2025 development cohort; replicate-median weekly performance
F15,M10,KNN,2024,2,40,15.82,0.675,0.4,0.19074238,39,0.51282051,3,common 2024–2025 development cohort; replicate-median weekly performance
F15,M10,KNN,2024,3,45,17.148889,0.66666667,0.11111111,0.18415594,44,0.43181818,3,common 2024–2025 development cohort; replicate-median weekly performance
F15,M10,KNN,2024,4,46,13.51413,0.7826087,0.41666667,0.15825271,46,0.56521739,3,common 2024–2025 development cohort; replicate-median weekly performance
F15,M10,KNN,2024,5,44,13.735227,0.63636364,0.21428571,0.21858857,42,0.42857143,3,common 2024–2025 development cohort; replicate-median weekly performance
F15,M10,KNN,2024,6,39,11.501282,0.74358974,0.27272727,0.1879896,38,0.65789474,3,common 2024–2025 development cohort; replicate-median weekly performance
F15,M10,KNN,2024,7,47,14.057447,0.65957447,0.41666667,0.21462738,45,0.51111111,3,common 2024–2025 development cohort; replicate-median weekly performance
F15,M10,KNN,2024,8,51,12.507843,0.58823529,0.26666667,0.22147872,50,0.52,3,common 2024–2025 development cohort; replicate-median weekly performance
F15,M10,KNN,2024,9,45,11.042222,0.77777778,0.4,0.15885548,43,0.62790698,3,common 2024–2025 development cohort; replicate-median weekly performance
F15,M10,KNN,2024,10,39,14.979487,0.48717949,0.1875,0.28095624,38,0.44736842,3,common 2024–2025 development cohort; replicate-median weekly performance
F15,M10,KNN,2024,11,42,13.877381,0.57142857,0.45454545,0.22073035,41,0.51219512,3,common 2024–2025 development cohort; replicate-median weekly performance
F15,M10,KNN,2024,12,44,11.206818,0.77272727,0.27272727,0.16730023,44,0.68181818,3,common 2024–2025 development cohort; replicate-median weekly performance
F15,M10,KNN,2024,13,52,13.163462,0.69230769,0.3125,0.19068894,51,0.50980392,3,common 2024–2025 development cohort; replicate-median weekly performance
F15,M10,KNN,2024,14,57,14.739474,0.59649123,0.1875,0.24435958,55,0.4,3,common 2024–2025 development cohort; replicate-median weekly performance
F15,M10,KNN,2024,15,7,18.242857,0.42857143,0.2,0.23156755,6,0.66666667,3,common 2024–2025 development cohort; replicate-median weekly performance
F15,M10,KNN,2024,16,1,24.65,0,0,0.38088759,1,0,3,common 2024–2025 development cohort; replicate-median weekly performance
F15,M10,KNN,2025,1,30,11.016667,0.7,0.4,0.16860173,30,0.73333333,3,common 2024–2025 development cohort; replicate-median weekly performance
F15,M10,KNN,2025,2,38,14.523684,0.76315789,0.44444444,0.17928801,36,0.52777778,3,common 2024–2025 development cohort; replicate-median weekly performance
F15,M10,KNN,2025,3,34,11.982353,0.70588235,0.5,0.17633368,34,0.58823529,3,common 2024–2025 development cohort; replicate-median weekly performance
F15,M10,KNN,2025,4,36,12.355556,0.63888889,0.2,0.2116456,35,0.57142857,3,common 2024–2025 development cohort; replicate-median weekly performance
F15,M10,KNN,2025,5,38,10.986842,0.71052632,0.11111111,0.21148833,36,0.38888889,3,common 2024–2025 development cohort; replicate-median weekly performance
F15,M10,KNN,2025,6,37,12.412162,0.7027027,0.28571429,0.20505682,37,0.51351351,3,common 2024–2025 development cohort; replicate-median weekly performance
F15,M10,KNN,2025,7,41,12.460976,0.73170732,0.42857143,0.19841466,40,0.475,3,common 2024–2025 development cohort; replicate-median weekly performance
F15,M10,KNN,2025,8,45,14.47,0.64444444,0.21428571,0.23580119,45,0.4,3,common 2024–2025 development cohort; replicate-median weekly performance
F15,M10,KNN,2025,9,36,12.069444,0.75,0.4,0.17932126,34,0.47058824,3,common 2024–2025 development cohort; replicate-median weekly performance
F15,M10,KNN,2025,10,42,14.455952,0.5952381,0.23076923,0.23338781,41,0.41463415,3,common 2024–2025 development cohort; replicate-median weekly performance
F15,M10,KNN,2025,11,35,12.212857,0.65714286,0.23076923,0.21069444,35,0.54285714,3,common 2024–2025 development cohort; replicate-median weekly performance
F15,M10,KNN,2025,12,42,14.509524,0.71428571,0.125,0.1951365,42,0.42857143,3,common 2024–2025 development cohort; replicate-median weekly performance
F15,M10,KNN,2025,13,42,14.157143,0.71428571,0.2,0.1716154,42,0.57142857,3,common 2024–2025 development cohort; replicate-median weekly performance
F15,M10,KNN,2025,14,48,14.964583,0.64583333,0.35714286,0.23206419,44,0.38636364,3,common 2024–2025 development cohort; replicate-median weekly performance
F15,M10,KNN,2025,15,8,15.025,0.375,0,0.30504515,8,0.375,3,common 2024–2025 development cohort; replicate-median weekly performance
F15,M10,KNN,2025,16,1,14.75,1,,0.040997883,1,0,3,common 2024–2025 development cohort; replicate-median weekly performance
F15,M2,Spline,2024,1,27,18.434276,0.62962963,0.125,0.206544,27,0.37037037,10,common 2024–2025 development cohort; replicate-median weekly performance
F15,M2,Spline,2024,2,40,17.028489,0.6375,0.26666667,0.21354778,39,0.43589744,10,common 2024–2025 development cohort; replicate-median weekly performance
F15,M2,Spline,2024,3,45,16.047763,0.75555556,0.27777778,0.16532578,44,0.47727273,10,common 2024–2025 development cohort; replicate-median weekly performance
F15,M2,Spline,2024,4,46,14.3887,0.73913043,0.29166667,0.17431758,46,0.45652174,10,common 2024–2025 development cohort; replicate-median weekly performance
F15,M2,Spline,2024,5,44,12.195801,0.71590909,0.42857143,0.19528204,42,0.5,10,common 2024–2025 development cohort; replicate-median weekly performance
F15,M2,Spline,2024,6,39,12.52018,0.67948718,0.27272727,0.2084759,38,0.5,10,common 2024–2025 development cohort; replicate-median weekly performance
F15,M2,Spline,2024,7,47,13.517281,0.69148936,0.25,0.21416584,45,0.44444444,10,common 2024–2025 development cohort; replicate-median weekly performance
F15,M2,Spline,2024,8,51,13.288136,0.58823529,0.16666667,0.22783627,50,0.49,10,common 2024–2025 development cohort; replicate-median weekly performance
F15,M2,Spline,2024,9,45,11.610143,0.77777778,0.3,0.15059518,43,0.58139535,10,common 2024–2025 development cohort; replicate-median weekly performance
F15,M2,Spline,2024,10,39,14.139659,0.58974359,0.3125,0.25190857,38,0.47368421,10,common 2024–2025 development cohort; replicate-median weekly performance
F15,M2,Spline,2024,11,42,12.907203,0.63095238,0.13636364,0.21758743,41,0.47560976,10,common 2024–2025 development cohort; replicate-median weekly performance
F15,M2,Spline,2024,12,44,11.465901,0.76136364,0.27272727,0.15905665,44,0.59090909,10,common 2024–2025 development cohort; replicate-median weekly performance
F15,M2,Spline,2024,13,52,13.205692,0.67307692,0.34375,0.19464353,52,0.50961538,10,common 2024–2025 development cohort; replicate-median weekly performance
F15,M2,Spline,2024,14,57,14.843406,0.62280702,0.125,0.23894795,55,0.43636364,10,common 2024–2025 development cohort; replicate-median weekly performance
F15,M2,Spline,2024,15,7,21.458756,0.57142857,0.4,0.2745841,7,0.57142857,10,common 2024–2025 development cohort; replicate-median weekly performance
F15,M2,Spline,2024,16,1,33.580603,0,0,0.68188524,1,0,10,common 2024–2025 development cohort; replicate-median weekly performance
F15,M2,Spline,2025,1,30,12.964268,0.71666667,0.4,0.18206264,30,0.66666667,10,common 2024–2025 development cohort; replicate-median weekly performance
F15,M2,Spline,2025,2,38,14.997504,0.73684211,0.33333333,0.18537879,36,0.61111111,10,common 2024–2025 development cohort; replicate-median weekly performance
F15,M2,Spline,2025,3,34,12.464713,0.76470588,0.5,0.16162062,34,0.52941176,10,common 2024–2025 development cohort; replicate-median weekly performance
F15,M2,Spline,2025,4,36,12.18291,0.68055556,0.1,0.20316187,35,0.6,10,common 2024–2025 development cohort; replicate-median weekly performance
F15,M2,Spline,2025,5,38,11.297689,0.63157895,0.22222222,0.22303514,37,0.47297297,10,common 2024–2025 development cohort; replicate-median weekly performance
F15,M2,Spline,2025,6,37,12.386988,0.77027027,0.14285714,0.18822081,37,0.47297297,10,common 2024–2025 development cohort; replicate-median weekly performance
F15,M2,Spline,2025,7,41,12.91631,0.63414634,0.21428571,0.21879363,40,0.625,10,common 2024–2025 development cohort; replicate-median weekly performance
F15,M2,Spline,2025,8,45,12.981002,0.61111111,0.14285714,0.24437456,45,0.57777778,10,common 2024–2025 development cohort; replicate-median weekly performance
F15,M2,Spline,2025,9,36,12.458753,0.79166667,0.4,0.15869942,34,0.47058824,10,common 2024–2025 development cohort; replicate-median weekly performance
F15,M2,Spline,2025,10,42,12.385349,0.69047619,0.38461538,0.21184648,42,0.47619048,10,common 2024–2025 development cohort; replicate-median weekly performance
F15,M2,Spline,2025,11,35,13.109166,0.6,0.15384615,0.2258743,35,0.51428571,10,common 2024–2025 development cohort; replicate-median weekly performance
F15,M2,Spline,2025,12,42,14.210004,0.73809524,0.25,0.16971801,42,0.47619048,10,common 2024–2025 development cohort; replicate-median weekly performance
F15,M2,Spline,2025,13,42,14.037224,0.67857143,0.2,0.18219366,42,0.48809524,10,common 2024–2025 development cohort; replicate-median weekly performance
F15,M2,Spline,2025,14,48,12.436,0.75,0.35714286,0.18276294,44,0.52272727,10,common 2024–2025 development cohort; replicate-median weekly performance
F15,M2,Spline,2025,15,8,12.627377,0.5,0,0.24402543,8,0.4375,10,common 2024–2025 development cohort; replicate-median weekly performance
F15,M2,Spline,2025,16,1,16.648223,1,,0.021699326,1,0,10,common 2024–2025 development cohort; replicate-median weekly performance
F15,M3,Random forest,2024,1,27,17.03958,0.66666667,0,0.17421049,27,0.48148148,3,common 2024–2025 development cohort; replicate-median weekly performance
F15,M3,Random forest,2024,2,40,16.093982,0.65,0.26666667,0.21180065,39,0.51282051,3,common 2024–2025 development cohort; replicate-median weekly performance
F15,M3,Random forest,2024,3,45,15.602272,0.77777778,0.44444444,0.15401304,44,0.40909091,3,common 2024–2025 development cohort; replicate-median weekly performance
F15,M3,Random forest,2024,4,46,13.805107,0.7173913,0.33333333,0.17487487,46,0.5,3,common 2024–2025 development cohort; replicate-median weekly performance
F15,M3,Random forest,2024,5,44,11.006204,0.75,0.42857143,0.18418374,42,0.52380952,3,common 2024–2025 development cohort; replicate-median weekly performance
F15,M3,Random forest,2024,6,39,11.364961,0.69230769,0.090909091,0.20321658,38,0.60526316,3,common 2024–2025 development cohort; replicate-median weekly performance
F15,M3,Random forest,2024,7,47,12.376858,0.72340426,0.33333333,0.18743211,45,0.48888889,3,common 2024–2025 development cohort; replicate-median weekly performance
F15,M3,Random forest,2024,8,51,12.313212,0.58823529,0.066666667,0.2111735,50,0.44,3,common 2024–2025 development cohort; replicate-median weekly performance
F15,M3,Random forest,2024,9,45,11.709169,0.84444444,0.4,0.15475484,43,0.51162791,3,common 2024–2025 development cohort; replicate-median weekly performance
F15,M3,Random forest,2024,10,39,13.430347,0.61538462,0.125,0.25947609,38,0.57894737,3,common 2024–2025 development cohort; replicate-median weekly performance
F15,M3,Random forest,2024,11,42,12.306196,0.73809524,0.27272727,0.19057023,41,0.3902439,3,common 2024–2025 development cohort; replicate-median weekly performance
F15,M3,Random forest,2024,12,44,11.600806,0.75,0.18181818,0.16771568,44,0.52272727,3,common 2024–2025 development cohort; replicate-median weekly performance
F15,M3,Random forest,2024,13,52,12.101451,0.75,0.3125,0.17139289,52,0.59615385,3,common 2024–2025 development cohort; replicate-median weekly performance
F15,M3,Random forest,2024,14,57,12.377645,0.70175439,0.1875,0.20234058,55,0.43636364,3,common 2024–2025 development cohort; replicate-median weekly performance
F15,M3,Random forest,2024,15,7,20.095203,0.57142857,0.4,0.26124376,7,0.42857143,3,common 2024–2025 development cohort; replicate-median weekly performance
F15,M3,Random forest,2024,16,1,26.378064,0,0,0.50550234,1,0,3,common 2024–2025 development cohort; replicate-median weekly performance
F15,M3,Random forest,2025,1,30,11.12354,0.73333333,0.2,0.17839938,30,0.66666667,3,common 2024–2025 development cohort; replicate-median weekly performance
F15,M3,Random forest,2025,2,38,13.216345,0.78947368,0.44444444,0.1601238,36,0.58333333,3,common 2024–2025 development cohort; replicate-median weekly performance
F15,M3,Random forest,2025,3,34,12.147406,0.76470588,0.3,0.15801587,34,0.70588235,3,common 2024–2025 development cohort; replicate-median weekly performance
F15,M3,Random forest,2025,4,36,12.610989,0.66666667,0.2,0.20125323,35,0.6,3,common 2024–2025 development cohort; replicate-median weekly performance
F15,M3,Random forest,2025,5,38,10.200968,0.63157895,0,0.20544297,37,0.48648649,3,common 2024–2025 development cohort; replicate-median weekly performance
F15,M3,Random forest,2025,6,37,12.251099,0.7027027,0.14285714,0.19184117,37,0.37837838,3,common 2024–2025 development cohort; replicate-median weekly performance
F15,M3,Random forest,2025,7,41,12.672237,0.6097561,0.071428571,0.20917709,40,0.525,3,common 2024–2025 development cohort; replicate-median weekly performance
F15,M3,Random forest,2025,8,45,11.839949,0.71111111,0.21428571,0.20699375,45,0.62222222,3,common 2024–2025 development cohort; replicate-median weekly performance
F15,M3,Random forest,2025,9,36,11.947128,0.77777778,0.2,0.15436718,34,0.38235294,3,common 2024–2025 development cohort; replicate-median weekly performance
F15,M3,Random forest,2025,10,42,12.640465,0.64285714,0.076923077,0.20773833,42,0.42857143,3,common 2024–2025 development cohort; replicate-median weekly performance
F15,M3,Random forest,2025,11,35,11.503445,0.71428571,0.23076923,0.20653003,35,0.62857143,3,common 2024–2025 development cohort; replicate-median weekly performance
F15,M3,Random forest,2025,12,42,13.041998,0.76190476,0,0.15414845,42,0.33333333,3,common 2024–2025 development cohort; replicate-median weekly performance
F15,M3,Random forest,2025,13,42,13.777488,0.76190476,0.1,0.16276623,42,0.54761905,3,common 2024–2025 development cohort; replicate-median weekly performance
F15,M3,Random forest,2025,14,48,11.968525,0.72916667,0.28571429,0.17810317,44,0.56818182,3,common 2024–2025 development cohort; replicate-median weekly performance
F15,M3,Random forest,2025,15,8,13.056763,0.5,0,0.24566369,8,0.375,3,common 2024–2025 development cohort; replicate-median weekly performance
F15,M3,Random forest,2025,16,1,13.347829,1,,0.038288044,1,0,3,common 2024–2025 development cohort; replicate-median weekly performance
F15,M4,Boosted trees,2024,1,27,16.858436,0.66666667,0.0625,0.17022346,27,0.48148148,10,common 2024–2025 development cohort; replicate-median weekly performance
F15,M4,Boosted trees,2024,2,40,15.875251,0.675,0.33333333,0.20405376,39,0.55128205,10,common 2024–2025 development cohort; replicate-median weekly performance
F15,M4,Boosted trees,2024,3,45,16.032109,0.77777778,0.44444444,0.1653545,44,0.38636364,10,common 2024–2025 development cohort; replicate-median weekly performance
F15,M4,Boosted trees,2024,4,46,14.169235,0.65217391,0.16666667,0.18904544,46,0.43478261,10,common 2024–2025 development cohort; replicate-median weekly performance
F15,M4,Boosted trees,2024,5,44,12.034252,0.75,0.5,0.19424075,42,0.45238095,10,common 2024–2025 development cohort; replicate-median weekly performance
F15,M4,Boosted trees,2024,6,39,11.559965,0.67948718,0.18181818,0.21291216,38,0.55263158,10,common 2024–2025 development cohort; replicate-median weekly performance
F15,M4,Boosted trees,2024,7,47,12.393692,0.69148936,0.29166667,0.18645797,45,0.48888889,10,common 2024–2025 development cohort; replicate-median weekly performance
F15,M4,Boosted trees,2024,8,51,12.356969,0.58823529,0.1,0.21507282,50,0.45,10,common 2024–2025 development cohort; replicate-median weekly performance
F15,M4,Boosted trees,2024,9,45,11.901151,0.77777778,0.25,0.15533889,43,0.48837209,10,common 2024–2025 development cohort; replicate-median weekly performance
F15,M4,Boosted trees,2024,10,39,13.525784,0.61538462,0.1875,0.26163077,38,0.53947368,10,common 2024–2025 development cohort; replicate-median weekly performance
F15,M4,Boosted trees,2024,11,42,12.818194,0.73809524,0.36363636,0.20315151,41,0.40243902,10,common 2024–2025 development cohort; replicate-median weekly performance
F15,M4,Boosted trees,2024,12,44,11.577862,0.72727273,0.090909091,0.16874388,44,0.52272727,10,common 2024–2025 development cohort; replicate-median weekly performance
F15,M4,Boosted trees,2024,13,52,11.894254,0.74038462,0.3125,0.16866044,52,0.61538462,10,common 2024–2025 development cohort; replicate-median weekly performance
F15,M4,Boosted trees,2024,14,57,12.651581,0.68421053,0.1875,0.20842764,55,0.43636364,10,common 2024–2025 development cohort; replicate-median weekly performance
F15,M4,Boosted trees,2024,15,7,19.810378,0.5,0.4,0.25495349,7,0.57142857,10,common 2024–2025 development cohort; replicate-median weekly performance
F15,M4,Boosted trees,2024,16,1,24.586437,0,0,0.44877913,1,0.5,10,common 2024–2025 development cohort; replicate-median weekly performance
F15,M4,Boosted trees,2025,1,30,11.233253,0.73333333,0.4,0.17355327,30,0.7,10,common 2024–2025 development cohort; replicate-median weekly performance
F15,M4,Boosted trees,2025,2,38,13.113333,0.81578947,0.44444444,0.15585049,36,0.58333333,10,common 2024–2025 development cohort; replicate-median weekly performance
F15,M4,Boosted trees,2025,3,34,12.961606,0.75,0.25,0.16615177,34,0.58823529,10,common 2024–2025 development cohort; replicate-median weekly performance
F15,M4,Boosted trees,2025,4,36,13.213201,0.63888889,0.15,0.20890921,35,0.5,10,common 2024–2025 development cohort; replicate-median weekly performance
F15,M4,Boosted trees,2025,5,38,10.556906,0.68421053,0.055555556,0.20661532,37,0.52702703,10,common 2024–2025 development cohort; replicate-median weekly performance
F15,M4,Boosted trees,2025,6,37,12.08756,0.72972973,0.14285714,0.18655498,37,0.41891892,10,common 2024–2025 development cohort; replicate-median weekly performance
F15,M4,Boosted trees,2025,7,41,12.936076,0.63414634,0.14285714,0.21544962,40,0.4875,10,common 2024–2025 development cohort; replicate-median weekly performance
F15,M4,Boosted trees,2025,8,45,12.12902,0.71111111,0.21428571,0.20706298,45,0.58888889,10,common 2024–2025 development cohort; replicate-median weekly performance
F15,M4,Boosted trees,2025,9,36,12.128482,0.77777778,0.3,0.15804442,34,0.44117647,10,common 2024–2025 development cohort; replicate-median weekly performance
F15,M4,Boosted trees,2025,10,42,12.222421,0.66666667,0.15384615,0.20198235,42,0.47619048,10,common 2024–2025 development cohort; replicate-median weekly performance
F15,M4,Boosted trees,2025,11,35,11.649401,0.68571429,0.15384615,0.2019124,35,0.57142857,10,common 2024–2025 development cohort; replicate-median weekly performance
F15,M4,Boosted trees,2025,12,42,13.1367,0.77380952,0.125,0.15823011,42,0.4047619,10,common 2024–2025 development cohort; replicate-median weekly performance
F15,M4,Boosted trees,2025,13,42,14.145758,0.72619048,0.1,0.1714072,42,0.45238095,10,common 2024–2025 development cohort; replicate-median weekly performance
F15,M4,Boosted trees,2025,14,48,12.573647,0.73958333,0.35714286,0.19048418,44,0.52272727,10,common 2024–2025 development cohort; replicate-median weekly performance
F15,M4,Boosted trees,2025,15,8,13.081828,0.5625,0,0.25371841,8,0.375,10,common 2024–2025 development cohort; replicate-median weekly performance
F15,M4,Boosted trees,2025,16,1,14.557032,1,,0.029283611,1,0,10,common 2024–2025 development cohort; replicate-median weekly performance
F15,M5,Neural net,2024,1,27,18.54844,0.7037037,0.125,0.19360376,27,0.44444444,3,common 2024–2025 development cohort; replicate-median weekly performance
F15,M5,Neural net,2024,2,40,18.29675,0.7,0.46666667,0.2329122,39,0.46153846,3,common 2024–2025 development cohort; replicate-median weekly performance
F15,M5,Neural net,2024,3,45,17.240487,0.75555556,0.44444444,0.18946615,44,0.45454545,3,common 2024–2025 development cohort; replicate-median weekly performance
F15,M5,Neural net,2024,4,46,15.6714,0.67391304,0.33333333,0.20136493,46,0.52173913,3,common 2024–2025 development cohort; replicate-median weekly performance
F15,M5,Neural net,2024,5,44,14.804042,0.59090909,0.21428571,0.25244905,42,0.5,3,common 2024–2025 development cohort; replicate-median weekly performance
F15,M5,Neural net,2024,6,39,13.414249,0.58974359,0.27272727,0.22741316,38,0.44736842,3,common 2024–2025 development cohort; replicate-median weekly performance
F15,M5,Neural net,2024,7,47,14.471079,0.61702128,0.33333333,0.22533792,45,0.48888889,3,common 2024–2025 development cohort; replicate-median weekly performance
F15,M5,Neural net,2024,8,51,13.757415,0.60784314,0.26666667,0.24016995,50,0.44,3,common 2024–2025 development cohort; replicate-median weekly performance
F15,M5,Neural net,2024,9,45,13.849269,0.71111111,0.2,0.18620952,43,0.44186047,3,common 2024–2025 development cohort; replicate-median weekly performance
F15,M5,Neural net,2024,10,39,15.606605,0.48717949,0.1875,0.28815013,38,0.44736842,3,common 2024–2025 development cohort; replicate-median weekly performance
F15,M5,Neural net,2024,11,42,15.852958,0.61904762,0.18181818,0.23922795,41,0.41463415,3,common 2024–2025 development cohort; replicate-median weekly performance
F15,M5,Neural net,2024,12,44,13.386135,0.70454545,0.27272727,0.18746627,43,0.51162791,3,common 2024–2025 development cohort; replicate-median weekly performance
F15,M5,Neural net,2024,13,52,12.887431,0.73076923,0.5,0.17592865,52,0.48076923,3,common 2024–2025 development cohort; replicate-median weekly performance
F15,M5,Neural net,2024,14,57,14.489592,0.64912281,0.3125,0.22806786,55,0.43636364,3,common 2024–2025 development cohort; replicate-median weekly performance
F15,M5,Neural net,2024,15,7,25.895427,0.42857143,0.2,0.29519476,7,0.57142857,3,common 2024–2025 development cohort; replicate-median weekly performance
F15,M5,Neural net,2024,16,1,24.293157,0,0,0.43360016,1,1,3,common 2024–2025 development cohort; replicate-median weekly performance
F15,M5,Neural net,2025,1,30,14.353712,0.7,0.6,0.22330008,30,0.56666667,3,common 2024–2025 development cohort; replicate-median weekly performance
F15,M5,Neural net,2025,2,38,14.215432,0.73684211,0.44444444,0.15124108,36,0.66666667,3,common 2024–2025 development cohort; replicate-median weekly performance
F15,M5,Neural net,2025,3,34,13.075149,0.67647059,0.3,0.17529857,34,0.55882353,3,common 2024–2025 development cohort; replicate-median weekly performance
F15,M5,Neural net,2025,4,36,13.466893,0.63888889,0.4,0.21630761,35,0.65714286,3,common 2024–2025 development cohort; replicate-median weekly performance
F15,M5,Neural net,2025,5,38,13.435626,0.63157895,0.33333333,0.24239457,37,0.45945946,3,common 2024–2025 development cohort; replicate-median weekly performance
F15,M5,Neural net,2025,6,37,15.000802,0.56756757,0.14285714,0.23812508,37,0.43243243,3,common 2024–2025 development cohort; replicate-median weekly performance
F15,M5,Neural net,2025,7,41,13.92768,0.6097561,0.14285714,0.22005283,40,0.575,3,common 2024–2025 development cohort; replicate-median weekly performance
F15,M5,Neural net,2025,8,45,13.737356,0.57777778,0.21428571,0.25010441,45,0.53333333,3,common 2024–2025 development cohort; replicate-median weekly performance
F15,M5,Neural net,2025,9,36,13.021893,0.69444444,0.4,0.19017695,34,0.52941176,3,common 2024–2025 development cohort; replicate-median weekly performance
F15,M5,Neural net,2025,10,42,14.185527,0.64285714,0.38461538,0.23022744,42,0.5,3,common 2024–2025 development cohort; replicate-median weekly performance
F15,M5,Neural net,2025,11,35,15.069113,0.57142857,0.23076923,0.26711104,35,0.48571429,3,common 2024–2025 development cohort; replicate-median weekly performance
F15,M5,Neural net,2025,12,42,14.63925,0.66666667,0.125,0.20372554,42,0.5,3,common 2024–2025 development cohort; replicate-median weekly performance
F15,M5,Neural net,2025,13,42,15.393706,0.66666667,0.2,0.20421669,42,0.42857143,3,common 2024–2025 development cohort; replicate-median weekly performance
F15,M5,Neural net,2025,14,48,14.343028,0.64583333,0.5,0.2128092,44,0.47727273,3,common 2024–2025 development cohort; replicate-median weekly performance
F15,M5,Neural net,2025,15,8,14.501638,0.625,0.66666667,0.27722902,8,0.5,3,common 2024–2025 development cohort; replicate-median weekly performance
F15,M5,Neural net,2025,16,1,1.6498824,0,,0.24660857,1,1,3,common 2024–2025 development cohort; replicate-median weekly performance
F16,M1,Linear,2024,1,27,19.328361,0.66666667,0,0.21690551,27,0.25925926,3,common 2024–2025 development cohort; replicate-median weekly performance
F16,M1,Linear,2024,2,40,16.537776,0.675,0.33333333,0.22221812,39,0.46153846,3,common 2024–2025 development cohort; replicate-median weekly performance
F16,M1,Linear,2024,3,45,15.513532,0.71111111,0.33333333,0.15332518,44,0.40909091,3,common 2024–2025 development cohort; replicate-median weekly performance
F16,M1,Linear,2024,4,46,13.944998,0.76086957,0.25,0.1612512,46,0.43478261,3,common 2024–2025 development cohort; replicate-median weekly performance
F16,M1,Linear,2024,5,44,12.181575,0.72727273,0.42857143,0.18646231,42,0.47619048,3,common 2024–2025 development cohort; replicate-median weekly performance
F16,M1,Linear,2024,6,39,12.033921,0.64102564,0.27272727,0.20031003,38,0.55263158,3,common 2024–2025 development cohort; replicate-median weekly performance
F16,M1,Linear,2024,7,47,12.129778,0.70212766,0.33333333,0.18904154,45,0.48888889,3,common 2024–2025 development cohort; replicate-median weekly performance
F16,M1,Linear,2024,8,51,12.227632,0.62745098,0.2,0.20816852,50,0.48,3,common 2024–2025 development cohort; replicate-median weekly performance
F16,M1,Linear,2024,9,45,10.735168,0.84444444,0.4,0.13811732,43,0.53488372,3,common 2024–2025 development cohort; replicate-median weekly performance
F16,M1,Linear,2024,10,39,13.439637,0.61538462,0.25,0.24294418,38,0.52631579,3,common 2024–2025 development cohort; replicate-median weekly performance
F16,M1,Linear,2024,11,42,12.074954,0.71428571,0.090909091,0.18414418,41,0.46341463,3,common 2024–2025 development cohort; replicate-median weekly performance
F16,M1,Linear,2024,12,44,11.050694,0.77272727,0.27272727,0.15361902,44,0.52272727,3,common 2024–2025 development cohort; replicate-median weekly performance
F16,M1,Linear,2024,13,52,12.532838,0.67307692,0.25,0.18102078,52,0.51923077,3,common 2024–2025 development cohort; replicate-median weekly performance
F16,M1,Linear,2024,14,57,12.652292,0.63157895,0.1875,0.21252855,55,0.47272727,3,common 2024–2025 development cohort; replicate-median weekly performance
F16,M1,Linear,2024,15,7,21.239198,0.42857143,0.2,0.29197781,7,0.57142857,3,common 2024–2025 development cohort; replicate-median weekly performance
F16,M1,Linear,2024,16,1,24.828837,0,0,0.44584997,1,0,3,common 2024–2025 development cohort; replicate-median weekly performance
F16,M1,Linear,2025,1,30,11.445924,0.7,0.4,0.18525125,30,0.76666667,3,common 2024–2025 development cohort; replicate-median weekly performance
F16,M1,Linear,2025,2,38,12.810778,0.84210526,0.44444444,0.14890791,36,0.66666667,3,common 2024–2025 development cohort; replicate-median weekly performance
F16,M1,Linear,2025,3,34,12.851514,0.73529412,0.2,0.17423026,34,0.47058824,3,common 2024–2025 development cohort; replicate-median weekly performance
F16,M1,Linear,2025,4,36,12.525156,0.63888889,0.1,0.19556607,35,0.62857143,3,common 2024–2025 development cohort; replicate-median weekly performance
F16,M1,Linear,2025,5,38,10.349703,0.68421053,0.22222222,0.2075594,37,0.54054054,3,common 2024–2025 development cohort; replicate-median weekly performance
F16,M1,Linear,2025,6,37,11.577169,0.7027027,0,0.19363978,37,0.54054054,3,common 2024–2025 development cohort; replicate-median weekly performance
F16,M1,Linear,2025,7,41,12.084334,0.65853659,0.071428571,0.20973128,40,0.575,3,common 2024–2025 development cohort; replicate-median weekly performance
F16,M1,Linear,2025,8,45,12.207965,0.64444444,0.21428571,0.20797245,45,0.55555556,3,common 2024–2025 development cohort; replicate-median weekly performance
F16,M1,Linear,2025,9,36,12.039318,0.77777778,0.3,0.15783568,34,0.38235294,3,common 2024–2025 development cohort; replicate-median weekly performance
F16,M1,Linear,2025,10,42,12.449436,0.76190476,0.30769231,0.20446193,42,0.45238095,3,common 2024–2025 development cohort; replicate-median weekly performance
F16,M1,Linear,2025,11,35,11.562954,0.65714286,0.076923077,0.20316585,35,0.62857143,3,common 2024–2025 development cohort; replicate-median weekly performance
F16,M1,Linear,2025,12,42,12.683826,0.76190476,0.125,0.15265261,42,0.42857143,3,common 2024–2025 development cohort; replicate-median weekly performance
F16,M1,Linear,2025,13,42,13.407389,0.73809524,0,0.16214468,42,0.57142857,3,common 2024–2025 development cohort; replicate-median weekly performance
F16,M1,Linear,2025,14,48,11.981896,0.79166667,0.42857143,0.17352222,44,0.5,3,common 2024–2025 development cohort; replicate-median weekly performance
F16,M1,Linear,2025,15,8,12.414155,0.625,0,0.22457317,8,0.375,3,common 2024–2025 development cohort; replicate-median weekly performance
F16,M1,Linear,2025,16,1,11.425372,1,,0.050992095,1,0,3,common 2024–2025 development cohort; replicate-median weekly performance
F16,M10,KNN,2024,1,27,17.975926,0.62962963,0.125,0.18213618,27,0.44444444,3,common 2024–2025 development cohort; replicate-median weekly performance
F16,M10,KNN,2024,2,40,15.56875,0.7,0.46666667,0.18772164,39,0.53846154,3,common 2024–2025 development cohort; replicate-median weekly performance
F16,M10,KNN,2024,3,45,17.246667,0.66666667,0.11111111,0.18233213,44,0.36363636,3,common 2024–2025 development cohort; replicate-median weekly performance
F16,M10,KNN,2024,4,46,13.628261,0.80434783,0.5,0.15916762,45,0.55555556,3,common 2024–2025 development cohort; replicate-median weekly performance
F16,M10,KNN,2024,5,44,13.342045,0.65909091,0.21428571,0.21766326,42,0.4047619,3,common 2024–2025 development cohort; replicate-median weekly performance
F16,M10,KNN,2024,6,39,11.225641,0.74358974,0.36363636,0.19126242,38,0.65789474,3,common 2024–2025 development cohort; replicate-median weekly performance
F16,M10,KNN,2024,7,47,14.290426,0.59574468,0.33333333,0.22793246,45,0.55555556,3,common 2024–2025 development cohort; replicate-median weekly performance
F16,M10,KNN,2024,8,51,12.67451,0.56862745,0.2,0.22852864,50,0.5,3,common 2024–2025 development cohort; replicate-median weekly performance
F16,M10,KNN,2024,9,45,10.915556,0.77777778,0.4,0.15894453,43,0.60465116,3,common 2024–2025 development cohort; replicate-median weekly performance
F16,M10,KNN,2024,10,39,15.051282,0.48717949,0.1875,0.28326922,38,0.39473684,3,common 2024–2025 development cohort; replicate-median weekly performance
F16,M10,KNN,2024,11,42,13.933333,0.61904762,0.36363636,0.21877591,40,0.425,3,common 2024–2025 development cohort; replicate-median weekly performance
F16,M10,KNN,2024,12,44,10.798864,0.77272727,0.27272727,0.16514923,43,0.62790698,3,common 2024–2025 development cohort; replicate-median weekly performance
F16,M10,KNN,2024,13,52,12.978846,0.73076923,0.4375,0.18333121,52,0.5,3,common 2024–2025 development cohort; replicate-median weekly performance
F16,M10,KNN,2024,14,57,14.750877,0.63157895,0.1875,0.23598012,55,0.4,3,common 2024–2025 development cohort; replicate-median weekly performance
F16,M10,KNN,2024,15,7,17.971429,0.57142857,0.4,0.23506986,7,0.71428571,3,common 2024–2025 development cohort; replicate-median weekly performance
F16,M10,KNN,2024,16,1,22.1,0,0,0.3199368,1,1,3,common 2024–2025 development cohort; replicate-median weekly performance
F16,M10,KNN,2025,1,30,10.866667,0.7,0.4,0.16846776,29,0.68965517,3,common 2024–2025 development cohort; replicate-median weekly performance
F16,M10,KNN,2025,2,38,15.294737,0.73684211,0.44444444,0.1873068,36,0.55555556,3,common 2024–2025 development cohort; replicate-median weekly performance
F16,M10,KNN,2025,3,34,12.032353,0.73529412,0.5,0.1734744,34,0.58823529,3,common 2024–2025 development cohort; replicate-median weekly performance
F16,M10,KNN,2025,4,36,12.309722,0.69444444,0.3,0.20402838,35,0.54285714,3,common 2024–2025 development cohort; replicate-median weekly performance
F16,M10,KNN,2025,5,38,11.221053,0.65789474,0.11111111,0.208634,37,0.43243243,3,common 2024–2025 development cohort; replicate-median weekly performance
F16,M10,KNN,2025,6,37,12.448649,0.75675676,0.28571429,0.19614319,37,0.54054054,3,common 2024–2025 development cohort; replicate-median weekly performance
F16,M10,KNN,2025,7,41,12.087805,0.73170732,0.42857143,0.19145132,40,0.525,3,common 2024–2025 development cohort; replicate-median weekly performance
F16,M10,KNN,2025,8,45,14.593333,0.62222222,0.21428571,0.23558663,45,0.4,3,common 2024–2025 development cohort; replicate-median weekly performance
F16,M10,KNN,2025,9,36,11.759722,0.77777778,0.4,0.17194716,34,0.5,3,common 2024–2025 development cohort; replicate-median weekly performance
F16,M10,KNN,2025,10,42,14.847619,0.5952381,0.23076923,0.24322728,42,0.45238095,3,common 2024–2025 development cohort; replicate-median weekly performance
F16,M10,KNN,2025,11,35,12.774286,0.68571429,0.30769231,0.21575922,34,0.55882353,3,common 2024–2025 development cohort; replicate-median weekly performance
F16,M10,KNN,2025,12,42,14.552381,0.69047619,0.125,0.20075645,42,0.42857143,3,common 2024–2025 development cohort; replicate-median weekly performance
F16,M10,KNN,2025,13,42,13.74881,0.73809524,0.3,0.16297281,42,0.54761905,3,common 2024–2025 development cohort; replicate-median weekly performance
F16,M10,KNN,2025,14,48,14.672917,0.64583333,0.35714286,0.22871677,44,0.43181818,3,common 2024–2025 development cohort; replicate-median weekly performance
F16,M10,KNN,2025,15,8,14.93125,0.5,0.33333333,0.30357957,8,0.375,3,common 2024–2025 development cohort; replicate-median weekly performance
F16,M10,KNN,2025,16,1,12.4,1,,0.060152511,1,0,3,common 2024–2025 development cohort; replicate-median weekly performance
F16,M2,Spline,2024,1,27,18.492454,0.59259259,0,0.21604912,27,0.33333333,10,common 2024–2025 development cohort; replicate-median weekly performance
F16,M2,Spline,2024,2,40,17.053124,0.6375,0.33333333,0.21201434,39,0.44871795,10,common 2024–2025 development cohort; replicate-median weekly performance
F16,M2,Spline,2024,3,45,16.077523,0.75555556,0.22222222,0.1640922,44,0.43181818,10,common 2024–2025 development cohort; replicate-median weekly performance
F16,M2,Spline,2024,4,46,14.319725,0.72826087,0.25,0.17614114,46,0.47826087,10,common 2024–2025 development cohort; replicate-median weekly performance
F16,M2,Spline,2024,5,44,12.060928,0.72727273,0.42857143,0.1940734,42,0.5,10,common 2024–2025 development cohort; replicate-median weekly performance
F16,M2,Spline,2024,6,39,12.506011,0.67948718,0.27272727,0.2102087,38,0.51315789,10,common 2024–2025 development cohort; replicate-median weekly performance
F16,M2,Spline,2024,7,47,13.547212,0.68085106,0.25,0.21329132,45,0.43333333,10,common 2024–2025 development cohort; replicate-median weekly performance
F16,M2,Spline,2024,8,51,13.286091,0.58823529,0.13333333,0.22813357,50,0.52,10,common 2024–2025 development cohort; replicate-median weekly performance
F16,M2,Spline,2024,9,45,11.570648,0.76666667,0.3,0.15117526,43,0.58139535,10,common 2024–2025 development cohort; replicate-median weekly performance
F16,M2,Spline,2024,10,39,14.219488,0.6025641,0.28125,0.25201905,38,0.5,10,common 2024–2025 development cohort; replicate-median weekly performance
F16,M2,Spline,2024,11,42,12.825076,0.6547619,0.090909091,0.2145109,41,0.48780488,10,common 2024–2025 development cohort; replicate-median weekly performance
F16,M2,Spline,2024,12,44,11.567464,0.75,0.27272727,0.16035837,44,0.61363636,10,common 2024–2025 development cohort; replicate-median weekly performance
F16,M2,Spline,2024,13,52,13.249423,0.66346154,0.3125,0.19647673,52,0.49038462,10,common 2024–2025 development cohort; replicate-median weekly performance
F16,M2,Spline,2024,14,57,14.960992,0.61403509,0.15625,0.23889522,55,0.45454545,10,common 2024–2025 development cohort; replicate-median weekly performance
F16,M2,Spline,2024,15,7,21.49207,0.57142857,0.4,0.2758172,7,0.57142857,10,common 2024–2025 development cohort; replicate-median weekly performance
F16,M2,Spline,2024,16,1,32.37395,0,0,0.65648494,1,0,10,common 2024–2025 development cohort; replicate-median weekly performance
F16,M2,Spline,2025,1,30,12.78428,0.73333333,0.5,0.18450598,30,0.68333333,10,common 2024–2025 development cohort; replicate-median weekly performance
F16,M2,Spline,2025,2,38,15.194439,0.72368421,0.33333333,0.18827018,36,0.625,10,common 2024–2025 development cohort; replicate-median weekly performance
F16,M2,Spline,2025,3,34,12.627292,0.76470588,0.5,0.16165802,34,0.54411765,10,common 2024–2025 development cohort; replicate-median weekly performance
F16,M2,Spline,2025,4,36,12.146837,0.69444444,0.1,0.19921779,35,0.62857143,10,common 2024–2025 development cohort; replicate-median weekly performance
F16,M2,Spline,2025,5,38,11.375161,0.63157895,0.22222222,0.22208791,37,0.45945946,10,common 2024–2025 development cohort; replicate-median weekly performance
F16,M2,Spline,2025,6,37,12.44871,0.78378378,0.14285714,0.19035458,37,0.44594595,10,common 2024–2025 development cohort; replicate-median weekly performance
F16,M2,Spline,2025,7,41,12.90018,0.63414634,0.25,0.22023711,40,0.625,10,common 2024–2025 development cohort; replicate-median weekly performance
F16,M2,Spline,2025,8,45,12.951755,0.6,0.14285714,0.24439899,45,0.56666667,10,common 2024–2025 development cohort; replicate-median weekly performance
F16,M2,Spline,2025,9,36,12.394024,0.79166667,0.4,0.15704728,34,0.5,10,common 2024–2025 development cohort; replicate-median weekly performance
F16,M2,Spline,2025,10,42,12.366303,0.67857143,0.38461538,0.21085669,42,0.51190476,10,common 2024–2025 development cohort; replicate-median weekly performance
F16,M2,Spline,2025,11,35,12.945686,0.61428571,0.15384615,0.22470881,35,0.51428571,10,common 2024–2025 development cohort; replicate-median weekly performance
F16,M2,Spline,2025,12,42,14.165762,0.72619048,0.25,0.17179878,42,0.47619048,10,common 2024–2025 development cohort; replicate-median weekly performance
F16,M2,Spline,2025,13,42,14.00719,0.66666667,0.2,0.18374534,42,0.42857143,10,common 2024–2025 development cohort; replicate-median weekly performance
F16,M2,Spline,2025,14,48,12.419724,0.75,0.35714286,0.1814373,44,0.51136364,10,common 2024–2025 development cohort; replicate-median weekly performance
F16,M2,Spline,2025,15,8,12.630788,0.5,0,0.24322703,8,0.5,10,common 2024–2025 development cohort; replicate-median weekly performance
F16,M2,Spline,2025,16,1,16.277019,1,,0.022130168,1,0,10,common 2024–2025 development cohort; replicate-median weekly performance
F16,M3,Random forest,2024,1,27,17.086012,0.66666667,0,0.17707141,27,0.44444444,3,common 2024–2025 development cohort; replicate-median weekly performance
F16,M3,Random forest,2024,2,40,16.08042,0.65,0.26666667,0.21234627,39,0.51282051,3,common 2024–2025 development cohort; replicate-median weekly performance
F16,M3,Random forest,2024,3,45,15.663545,0.75555556,0.44444444,0.15403817,44,0.38636364,3,common 2024–2025 development cohort; replicate-median weekly performance
F16,M3,Random forest,2024,4,46,13.835229,0.69565217,0.33333333,0.17540897,46,0.47826087,3,common 2024–2025 development cohort; replicate-median weekly performance
F16,M3,Random forest,2024,5,44,11.021866,0.75,0.42857143,0.18523479,42,0.52380952,3,common 2024–2025 development cohort; replicate-median weekly performance
F16,M3,Random forest,2024,6,39,11.410747,0.69230769,0.090909091,0.20422004,38,0.57894737,3,common 2024–2025 development cohort; replicate-median weekly performance
F16,M3,Random forest,2024,7,47,12.302047,0.74468085,0.41666667,0.18727743,45,0.51111111,3,common 2024–2025 development cohort; replicate-median weekly performance
F16,M3,Random forest,2024,8,51,12.279132,0.60784314,0.066666667,0.21073553,50,0.42,3,common 2024–2025 development cohort; replicate-median weekly performance
F16,M3,Random forest,2024,9,45,11.800365,0.82222222,0.4,0.15725984,43,0.51162791,3,common 2024–2025 development cohort; replicate-median weekly performance
F16,M3,Random forest,2024,10,39,13.532069,0.64102564,0.125,0.26018904,38,0.55263158,3,common 2024–2025 development cohort; replicate-median weekly performance
F16,M3,Random forest,2024,11,42,12.258272,0.76190476,0.36363636,0.1905944,41,0.3902439,3,common 2024–2025 development cohort; replicate-median weekly performance
F16,M3,Random forest,2024,12,44,11.655456,0.75,0.18181818,0.16889327,44,0.52272727,3,common 2024–2025 development cohort; replicate-median weekly performance
F16,M3,Random forest,2024,13,52,12.077591,0.75,0.3125,0.1715274,52,0.55769231,3,common 2024–2025 development cohort; replicate-median weekly performance
F16,M3,Random forest,2024,14,57,12.444301,0.70175439,0.1875,0.20208324,55,0.41818182,3,common 2024–2025 development cohort; replicate-median weekly performance
F16,M3,Random forest,2024,15,7,19.844223,0.57142857,0.4,0.25379949,7,0.57142857,3,common 2024–2025 development cohort; replicate-median weekly performance
F16,M3,Random forest,2024,16,1,25.268163,0,0,0.46819657,1,0,3,common 2024–2025 development cohort; replicate-median weekly performance
F16,M3,Random forest,2025,1,30,11.127022,0.7,0.2,0.17860453,30,0.66666667,3,common 2024–2025 development cohort; replicate-median weekly performance
F16,M3,Random forest,2025,2,38,13.299497,0.78947368,0.44444444,0.16068702,36,0.58333333,3,common 2024–2025 development cohort; replicate-median weekly performance
F16,M3,Random forest,2025,3,34,12.138069,0.76470588,0.3,0.15723932,34,0.67647059,3,common 2024–2025 development cohort; replicate-median weekly performance
F16,M3,Random forest,2025,4,36,12.535683,0.72222222,0.3,0.19660058,35,0.6,3,common 2024–2025 development cohort; replicate-median weekly performance
F16,M3,Random forest,2025,5,38,10.137915,0.63157895,0,0.20536811,37,0.48648649,3,common 2024–2025 development cohort; replicate-median weekly performance
F16,M3,Random forest,2025,6,37,12.256191,0.7027027,0.14285714,0.19235254,37,0.37837838,3,common 2024–2025 development cohort; replicate-median weekly performance
F16,M3,Random forest,2025,7,41,12.699508,0.63414634,0.071428571,0.21185312,40,0.475,3,common 2024–2025 development cohort; replicate-median weekly performance
F16,M3,Random forest,2025,8,45,11.794675,0.71111111,0.21428571,0.20688148,45,0.64444444,3,common 2024–2025 development cohort; replicate-median weekly performance
F16,M3,Random forest,2025,9,36,11.896921,0.77777778,0.2,0.15442238,34,0.41176471,3,common 2024–2025 development cohort; replicate-median weekly performance
F16,M3,Random forest,2025,10,42,12.619458,0.64285714,0.076923077,0.20509387,42,0.42857143,3,common 2024–2025 development cohort; replicate-median weekly performance
F16,M3,Random forest,2025,11,35,11.522514,0.71428571,0.23076923,0.20750774,35,0.6,3,common 2024–2025 development cohort; replicate-median weekly performance
F16,M3,Random forest,2025,12,42,13.028524,0.73809524,0,0.15385318,42,0.35714286,3,common 2024–2025 development cohort; replicate-median weekly performance
F16,M3,Random forest,2025,13,42,13.738419,0.76190476,0.1,0.16187233,42,0.54761905,3,common 2024–2025 development cohort; replicate-median weekly performance
F16,M3,Random forest,2025,14,48,11.967632,0.72916667,0.28571429,0.1785174,44,0.56818182,3,common 2024–2025 development cohort; replicate-median weekly performance
F16,M3,Random forest,2025,15,8,13.251745,0.5,0,0.24776236,8,0.375,3,common 2024–2025 development cohort; replicate-median weekly performance
F16,M3,Random forest,2025,16,1,13.861754,1,,0.035122076,1,0,3,common 2024–2025 development cohort; replicate-median weekly performance
F16,M4,Boosted trees,2024,1,27,16.989334,0.7037037,0.125,0.17714018,27,0.46296296,10,common 2024–2025 development cohort; replicate-median weekly performance
F16,M4,Boosted trees,2024,2,40,15.746682,0.6625,0.33333333,0.2047563,39,0.53846154,10,common 2024–2025 development cohort; replicate-median weekly performance
F16,M4,Boosted trees,2024,3,45,16.096993,0.75555556,0.44444444,0.16539859,44,0.375,10,common 2024–2025 development cohort; replicate-median weekly performance
F16,M4,Boosted trees,2024,4,46,14.26015,0.63043478,0.20833333,0.19037349,46,0.43478261,10,common 2024–2025 development cohort; replicate-median weekly performance
F16,M4,Boosted trees,2024,5,44,12.020856,0.76136364,0.5,0.19498442,42,0.44047619,10,common 2024–2025 development cohort; replicate-median weekly performance
F16,M4,Boosted trees,2024,6,39,11.565298,0.69230769,0.18181818,0.21033241,38,0.53947368,10,common 2024–2025 development cohort; replicate-median weekly performance
F16,M4,Boosted trees,2024,7,47,12.349022,0.68085106,0.25,0.19015842,45,0.46666667,10,common 2024–2025 development cohort; replicate-median weekly performance
F16,M4,Boosted trees,2024,8,51,12.343857,0.60784314,0.13333333,0.21475728,50,0.43,10,common 2024–2025 development cohort; replicate-median weekly performance
F16,M4,Boosted trees,2024,9,45,11.93068,0.77777778,0.3,0.15764831,43,0.5,10,common 2024–2025 development cohort; replicate-median weekly performance
F16,M4,Boosted trees,2024,10,39,13.609681,0.61538462,0.15625,0.26025008,38,0.53947368,10,common 2024–2025 development cohort; replicate-median weekly performance
F16,M4,Boosted trees,2024,11,42,12.739272,0.73809524,0.36363636,0.20167625,41,0.41463415,10,common 2024–2025 development cohort; replicate-median weekly performance
F16,M4,Boosted trees,2024,12,44,11.463074,0.72727273,0.090909091,0.1654115,44,0.52272727,10,common 2024–2025 development cohort; replicate-median weekly performance
F16,M4,Boosted trees,2024,13,52,12.007662,0.75,0.3125,0.17136858,52,0.625,10,common 2024–2025 development cohort; replicate-median weekly performance
F16,M4,Boosted trees,2024,14,57,12.685987,0.66666667,0.1875,0.21065324,55,0.40909091,10,common 2024–2025 development cohort; replicate-median weekly performance
F16,M4,Boosted trees,2024,15,7,20.501039,0.57142857,0.4,0.2644077,7,0.42857143,10,common 2024–2025 development cohort; replicate-median weekly performance
F16,M4,Boosted trees,2024,16,1,23.858299,0,0,0.42120548,1,1,10,common 2024–2025 development cohort; replicate-median weekly performance
F16,M4,Boosted trees,2025,1,30,11.187736,0.71666667,0.4,0.17517418,30,0.71666667,10,common 2024–2025 development cohort; replicate-median weekly performance
F16,M4,Boosted trees,2025,2,38,13.324517,0.81578947,0.44444444,0.15632785,36,0.58333333,10,common 2024–2025 development cohort; replicate-median weekly performance
F16,M4,Boosted trees,2025,3,34,13.012265,0.76470588,0.3,0.16257909,34,0.61764706,10,common 2024–2025 development cohort; replicate-median weekly performance
F16,M4,Boosted trees,2025,4,36,13.305539,0.68055556,0.25,0.20867535,35,0.5,10,common 2024–2025 development cohort; replicate-median weekly performance
F16,M4,Boosted trees,2025,5,38,10.462982,0.68421053,0.11111111,0.20536066,37,0.52702703,10,common 2024–2025 development cohort; replicate-median weekly performance
F16,M4,Boosted trees,2025,6,37,11.901619,0.72972973,0.14285714,0.18497145,37,0.43243243,10,common 2024–2025 development cohort; replicate-median weekly performance
F16,M4,Boosted trees,2025,7,41,12.862305,0.63414634,0.10714286,0.21518395,40,0.475,10,common 2024–2025 development cohort; replicate-median weekly performance
F16,M4,Boosted trees,2025,8,45,12.145849,0.71111111,0.21428571,0.20590585,45,0.55555556,10,common 2024–2025 development cohort; replicate-median weekly performance
F16,M4,Boosted trees,2025,9,36,12.103624,0.77777778,0.35,0.16003586,34,0.42647059,10,common 2024–2025 development cohort; replicate-median weekly performance
F16,M4,Boosted trees,2025,10,42,12.308264,0.66666667,0.11538462,0.20414625,42,0.46428571,10,common 2024–2025 development cohort; replicate-median weekly performance
F16,M4,Boosted trees,2025,11,35,11.598386,0.65714286,0.15384615,0.20258515,35,0.6,10,common 2024–2025 development cohort; replicate-median weekly performance
F16,M4,Boosted trees,2025,12,42,13.132494,0.77380952,0.125,0.15725219,42,0.42857143,10,common 2024–2025 development cohort; replicate-median weekly performance
F16,M4,Boosted trees,2025,13,42,14.077347,0.72619048,0.1,0.17455872,42,0.47619048,10,common 2024–2025 development cohort; replicate-median weekly performance
F16,M4,Boosted trees,2025,14,48,12.442071,0.75,0.35714286,0.18963098,44,0.53409091,10,common 2024–2025 development cohort; replicate-median weekly performance
F16,M4,Boosted trees,2025,15,8,13.117349,0.625,0,0.25382721,8,0.375,10,common 2024–2025 development cohort; replicate-median weekly performance
F16,M4,Boosted trees,2025,16,1,15.031857,1,,0.02684107,1,0,10,common 2024–2025 development cohort; replicate-median weekly performance
F16,M5,Neural net,2024,1,27,18.229505,0.7037037,0.25,0.19446349,27,0.44444444,3,common 2024–2025 development cohort; replicate-median weekly performance
F16,M5,Neural net,2024,2,40,18.527913,0.65,0.4,0.24037529,39,0.48717949,3,common 2024–2025 development cohort; replicate-median weekly performance
F16,M5,Neural net,2024,3,45,16.943879,0.77777778,0.44444444,0.17455267,44,0.47727273,3,common 2024–2025 development cohort; replicate-median weekly performance
F16,M5,Neural net,2024,4,46,15.367784,0.65217391,0.25,0.19892469,46,0.47826087,3,common 2024–2025 development cohort; replicate-median weekly performance
F16,M5,Neural net,2024,5,44,14.136549,0.59090909,0.28571429,0.23336164,42,0.47619048,3,common 2024–2025 development cohort; replicate-median weekly performance
F16,M5,Neural net,2024,6,39,13.013032,0.66666667,0.27272727,0.21707187,38,0.47368421,3,common 2024–2025 development cohort; replicate-median weekly performance
F16,M5,Neural net,2024,7,47,14.826782,0.63829787,0.33333333,0.2261231,45,0.44444444,3,common 2024–2025 development cohort; replicate-median weekly performance
F16,M5,Neural net,2024,8,51,13.593631,0.62745098,0.33333333,0.238099,50,0.38,3,common 2024–2025 development cohort; replicate-median weekly performance
F16,M5,Neural net,2024,9,45,12.652574,0.73333333,0.1,0.17894443,43,0.53488372,3,common 2024–2025 development cohort; replicate-median weekly performance
F16,M5,Neural net,2024,10,39,14.7334,0.53846154,0.25,0.27610327,38,0.47368421,3,common 2024–2025 development cohort; replicate-median weekly performance
F16,M5,Neural net,2024,11,42,15.465625,0.54761905,0.18181818,0.23948248,41,0.36585366,3,common 2024–2025 development cohort; replicate-median weekly performance
F16,M5,Neural net,2024,12,44,12.799441,0.72727273,0.36363636,0.18700851,43,0.55813953,3,common 2024–2025 development cohort; replicate-median weekly performance
F16,M5,Neural net,2024,13,52,14.349419,0.67307692,0.5,0.20311958,52,0.46153846,3,common 2024–2025 development cohort; replicate-median weekly performance
F16,M5,Neural net,2024,14,57,15.333826,0.59649123,0.25,0.24413852,55,0.38181818,3,common 2024–2025 development cohort; replicate-median weekly performance
F16,M5,Neural net,2024,15,7,25.606753,0.42857143,0.2,0.27806594,7,0.42857143,3,common 2024–2025 development cohort; replicate-median weekly performance
F16,M5,Neural net,2024,16,1,22.039337,0,0,0.36898094,1,1,3,common 2024–2025 development cohort; replicate-median weekly performance
F16,M5,Neural net,2025,1,30,13.653485,0.66666667,0.4,0.20829258,30,0.6,3,common 2024–2025 development cohort; replicate-median weekly performance
F16,M5,Neural net,2025,2,38,14.335828,0.78947368,0.33333333,0.15844957,36,0.61111111,3,common 2024–2025 development cohort; replicate-median weekly performance
F16,M5,Neural net,2025,3,34,13.405868,0.67647059,0.3,0.17582994,34,0.52941176,3,common 2024–2025 development cohort; replicate-median weekly performance
F16,M5,Neural net,2025,4,36,13.033873,0.69444444,0.2,0.21357817,35,0.54285714,3,common 2024–2025 development cohort; replicate-median weekly performance
F16,M5,Neural net,2025,5,38,12.813212,0.57894737,0.33333333,0.23010887,37,0.48648649,3,common 2024–2025 development cohort; replicate-median weekly performance
F16,M5,Neural net,2025,6,37,15.127522,0.56756757,0,0.24568471,37,0.40540541,3,common 2024–2025 development cohort; replicate-median weekly performance
F16,M5,Neural net,2025,7,41,15.160799,0.58536585,0.14285714,0.24109634,40,0.525,3,common 2024–2025 development cohort; replicate-median weekly performance
F16,M5,Neural net,2025,8,45,13.256934,0.6,0.21428571,0.22539248,45,0.51111111,3,common 2024–2025 development cohort; replicate-median weekly performance
F16,M5,Neural net,2025,9,36,11.986013,0.72222222,0.5,0.16985365,34,0.58823529,3,common 2024–2025 development cohort; replicate-median weekly performance
F16,M5,Neural net,2025,10,42,14.563065,0.64285714,0.38461538,0.23244639,42,0.52380952,3,common 2024–2025 development cohort; replicate-median weekly performance
F16,M5,Neural net,2025,11,35,14.835124,0.6,0.30769231,0.26809882,35,0.42857143,3,common 2024–2025 development cohort; replicate-median weekly performance
F16,M5,Neural net,2025,12,42,15.052861,0.69047619,0.375,0.2045581,42,0.5,3,common 2024–2025 development cohort; replicate-median weekly performance
F16,M5,Neural net,2025,13,42,15.138375,0.69047619,0.1,0.20726057,42,0.42857143,3,common 2024–2025 development cohort; replicate-median weekly performance
F16,M5,Neural net,2025,14,48,14.05731,0.6875,0.57142857,0.20666114,44,0.52272727,3,common 2024–2025 development cohort; replicate-median weekly performance
F16,M5,Neural net,2025,15,8,13.897955,0.625,0.66666667,0.26214653,8,0.5,3,common 2024–2025 development cohort; replicate-median weekly performance
F16,M5,Neural net,2025,16,1,5.834909,1,,0.11530927,1,0,3,common 2024–2025 development cohort; replicate-median weekly performance
F17_market,M1,Linear,2024,1,27,16.851457,0.7037037,0,0.19143745,27,0.51851852,3,common 2024–2025 development cohort; replicate-median weekly performance
F17_market,M1,Linear,2024,2,40,14.847796,0.675,0.2,0.18640967,39,0.51282051,3,common 2024–2025 development cohort; replicate-median weekly performance
F17_market,M1,Linear,2024,3,45,14.887781,0.75555556,0,0.1423979,44,0.45454545,3,common 2024–2025 development cohort; replicate-median weekly performance
F17_market,M1,Linear,2024,4,46,13.170427,0.7173913,0,0.1624818,46,0.5,3,common 2024–2025 development cohort; replicate-median weekly performance
F17_market,M1,Linear,2024,5,44,11.712226,0.65909091,0.071428571,0.18988158,42,0.47619048,3,common 2024–2025 development cohort; replicate-median weekly performance
F17_market,M1,Linear,2024,6,39,11.452121,0.69230769,0.18181818,0.19405665,38,0.63157895,3,common 2024–2025 development cohort; replicate-median weekly performance
F17_market,M1,Linear,2024,7,47,10.92998,0.72340426,0.083333333,0.18010147,45,0.53333333,3,common 2024–2025 development cohort; replicate-median weekly performance
F17_market,M1,Linear,2024,8,51,11.749091,0.62745098,0.066666667,0.20002279,50,0.48,3,common 2024–2025 development cohort; replicate-median weekly performance
F17_market,M1,Linear,2024,9,45,10.809981,0.8,0.2,0.13749034,43,0.60465116,3,common 2024–2025 development cohort; replicate-median weekly performance
F17_market,M1,Linear,2024,10,39,13.417469,0.61538462,0.0625,0.25057172,38,0.55263158,3,common 2024–2025 development cohort; replicate-median weekly performance
F17_market,M1,Linear,2024,11,42,11.26952,0.73809524,0.090909091,0.16164192,41,0.51219512,3,common 2024–2025 development cohort; replicate-median weekly performance
F17_market,M1,Linear,2024,12,44,11.041457,0.75,0.18181818,0.15322157,44,0.61363636,3,common 2024–2025 development cohort; replicate-median weekly performance
F17_market,M1,Linear,2024,13,52,12.476658,0.73076923,0.125,0.18346222,52,0.61538462,3,common 2024–2025 development cohort; replicate-median weekly performance
F17_market,M1,Linear,2024,14,57,11.636906,0.68421053,0,0.19514396,55,0.50909091,3,common 2024–2025 development cohort; replicate-median weekly performance
F17_market,M1,Linear,2024,15,7,21.265482,0.42857143,0.2,0.28505544,7,0.57142857,3,common 2024–2025 development cohort; replicate-median weekly performance
F17_market,M1,Linear,2024,16,1,21.314882,0,0,0.35900895,1,1,3,common 2024–2025 development cohort; replicate-median weekly performance
F17_market,M1,Linear,2025,1,30,11.301684,0.8,0,0.15431293,30,0.6,3,common 2024–2025 development cohort; replicate-median weekly performance
F17_market,M1,Linear,2025,2,38,12.381865,0.76315789,0.11111111,0.15391957,36,0.5,3,common 2024–2025 development cohort; replicate-median weekly performance
F17_market,M1,Linear,2025,3,34,11.835014,0.67647059,0.1,0.16789074,34,0.52941176,3,common 2024–2025 development cohort; replicate-median weekly performance
F17_market,M1,Linear,2025,4,36,11.826973,0.72222222,0,0.20452934,35,0.54285714,3,common 2024–2025 development cohort; replicate-median weekly performance
F17_market,M1,Linear,2025,5,38,9.4144783,0.68421053,0,0.19389827,37,0.54054054,3,common 2024–2025 development cohort; replicate-median weekly performance
F17_market,M1,Linear,2025,6,37,10.882133,0.78378378,0,0.17804662,37,0.37837838,3,common 2024–2025 development cohort; replicate-median weekly performance
F17_market,M1,Linear,2025,7,41,12.70291,0.63414634,0.071428571,0.22120692,40,0.6,3,common 2024–2025 development cohort; replicate-median weekly performance
F17_market,M1,Linear,2025,8,45,12.095482,0.66666667,0,0.21298561,45,0.57777778,3,common 2024–2025 development cohort; replicate-median weekly performance
F17_market,M1,Linear,2025,9,36,12.175928,0.72222222,0,0.16678144,34,0.41176471,3,common 2024–2025 development cohort; replicate-median weekly performance
F17_market,M1,Linear,2025,10,42,11.877318,0.71428571,0.076923077,0.20131418,42,0.54761905,3,common 2024–2025 development cohort; replicate-median weekly performance
F17_market,M1,Linear,2025,11,35,11.553102,0.65714286,0.076923077,0.21999916,35,0.51428571,3,common 2024–2025 development cohort; replicate-median weekly performance
F17_market,M1,Linear,2025,12,42,12.155666,0.83333333,0.125,0.14433137,42,0.52380952,3,common 2024–2025 development cohort; replicate-median weekly performance
F17_market,M1,Linear,2025,13,42,13.685588,0.76190476,0,0.16320301,42,0.4047619,3,common 2024–2025 development cohort; replicate-median weekly performance
F17_market,M1,Linear,2025,14,48,12.393887,0.75,0.14285714,0.17437143,44,0.43181818,3,common 2024–2025 development cohort; replicate-median weekly performance
F17_market,M1,Linear,2025,15,8,10.50337,0.625,0,0.17659596,8,0.75,3,common 2024–2025 development cohort; replicate-median weekly performance
F17_market,M1,Linear,2025,16,1,6.6777833,1,,0.08895299,1,0,3,common 2024–2025 development cohort; replicate-median weekly performance
F17_market,M10,KNN,2024,1,27,18.209259,0.59259259,0,0.19437664,27,0.37037037,3,common 2024–2025 development cohort; replicate-median weekly performance
F17_market,M10,KNN,2024,2,40,15.48,0.725,0.46666667,0.18964994,39,0.53846154,3,common 2024–2025 development cohort; replicate-median weekly performance
F17_market,M10,KNN,2024,3,45,16.474444,0.68888889,0.11111111,0.1686451,44,0.38636364,3,common 2024–2025 development cohort; replicate-median weekly performance
F17_market,M10,KNN,2024,4,46,13.846739,0.76086957,0.33333333,0.16512349,46,0.58695652,3,common 2024–2025 development cohort; replicate-median weekly performance
F17_market,M10,KNN,2024,5,44,13.163636,0.63636364,0.14285714,0.20464853,42,0.5,3,common 2024–2025 development cohort; replicate-median weekly performance
F17_market,M10,KNN,2024,6,39,10.994872,0.71794872,0.090909091,0.1996101,38,0.68421053,3,common 2024–2025 development cohort; replicate-median weekly performance
F17_market,M10,KNN,2024,7,47,13.528723,0.68085106,0.5,0.2207553,45,0.48888889,3,common 2024–2025 development cohort; replicate-median weekly performance
F17_market,M10,KNN,2024,8,51,13.148039,0.54901961,0.13333333,0.2345365,49,0.44897959,3,common 2024–2025 development cohort; replicate-median weekly performance
F17_market,M10,KNN,2024,9,45,11.376667,0.75555556,0.3,0.16219002,43,0.53488372,3,common 2024–2025 development cohort; replicate-median weekly performance
F17_market,M10,KNN,2024,10,39,14.861538,0.46153846,0.125,0.27400494,38,0.44736842,3,common 2024–2025 development cohort; replicate-median weekly performance
F17_market,M10,KNN,2024,11,42,13.55,0.61904762,0.36363636,0.21481678,41,0.51219512,3,common 2024–2025 development cohort; replicate-median weekly performance
F17_market,M10,KNN,2024,12,44,11.155682,0.79545455,0.27272727,0.15953133,44,0.63636364,3,common 2024–2025 development cohort; replicate-median weekly performance
F17_market,M10,KNN,2024,13,52,12.306731,0.71153846,0.3125,0.18611571,52,0.57692308,3,common 2024–2025 development cohort; replicate-median weekly performance
F17_market,M10,KNN,2024,14,57,14.312281,0.66666667,0.25,0.22805827,55,0.43636364,3,common 2024–2025 development cohort; replicate-median weekly performance
F17_market,M10,KNN,2024,15,7,20.042857,0.42857143,0.2,0.26564354,7,0.71428571,3,common 2024–2025 development cohort; replicate-median weekly performance
F17_market,M10,KNN,2024,16,1,24.45,0,0,0.39054904,1,1,3,common 2024–2025 development cohort; replicate-median weekly performance
F17_market,M10,KNN,2025,1,30,10.28,0.7,0.4,0.15868066,30,0.7,3,common 2024–2025 development cohort; replicate-median weekly performance
F17_market,M10,KNN,2025,2,38,15.009211,0.73684211,0.44444444,0.18254102,36,0.55555556,3,common 2024–2025 development cohort; replicate-median weekly performance
F17_market,M10,KNN,2025,3,34,11.925,0.73529412,0.4,0.16323206,34,0.55882353,3,common 2024–2025 development cohort; replicate-median weekly performance
F17_market,M10,KNN,2025,4,36,12.091667,0.63888889,0.2,0.20455468,35,0.51428571,3,common 2024–2025 development cohort; replicate-median weekly performance
F17_market,M10,KNN,2025,5,38,10.660526,0.68421053,0.11111111,0.19894165,37,0.51351351,3,common 2024–2025 development cohort; replicate-median weekly performance
F17_market,M10,KNN,2025,6,37,11.568919,0.75675676,0.28571429,0.18247905,37,0.48648649,3,common 2024–2025 development cohort; replicate-median weekly performance
F17_market,M10,KNN,2025,7,41,11.987805,0.68292683,0.42857143,0.18813457,40,0.525,3,common 2024–2025 development cohort; replicate-median weekly performance
F17_market,M10,KNN,2025,8,45,14.522222,0.64444444,0.21428571,0.23636769,45,0.35555556,3,common 2024–2025 development cohort; replicate-median weekly performance
F17_market,M10,KNN,2025,9,36,11.679167,0.72222222,0.3,0.16913425,33,0.45454545,3,common 2024–2025 development cohort; replicate-median weekly performance
F17_market,M10,KNN,2025,10,42,14.339286,0.5952381,0.23076923,0.2412646,42,0.42857143,3,common 2024–2025 development cohort; replicate-median weekly performance
F17_market,M10,KNN,2025,11,35,12.844286,0.68571429,0.23076923,0.21371923,35,0.48571429,3,common 2024–2025 development cohort; replicate-median weekly performance
F17_market,M10,KNN,2025,12,42,13.578571,0.73809524,0.125,0.18454514,42,0.5,3,common 2024–2025 development cohort; replicate-median weekly performance
F17_market,M10,KNN,2025,13,42,13.660714,0.78571429,0.3,0.15504551,42,0.61904762,3,common 2024–2025 development cohort; replicate-median weekly performance
F17_market,M10,KNN,2025,14,48,14.490625,0.66666667,0.42857143,0.21269454,44,0.43181818,3,common 2024–2025 development cohort; replicate-median weekly performance
F17_market,M10,KNN,2025,15,8,15.2125,0.375,0,0.31473804,8,0.25,3,common 2024–2025 development cohort; replicate-median weekly performance
F17_market,M10,KNN,2025,16,1,11.2,1,,0.071102469,1,0,3,common 2024–2025 development cohort; replicate-median weekly performance
F17_market,M2,Spline,2024,1,27,15.778369,0.61111111,0,0.2004926,27,0.42592593,10,common 2024–2025 development cohort; replicate-median weekly performance
F17_market,M2,Spline,2024,2,40,16.189898,0.6625,0.3,0.19588265,39,0.46153846,10,common 2024–2025 development cohort; replicate-median weekly performance
F17_market,M2,Spline,2024,3,45,15.524249,0.75555556,0.11111111,0.15053773,44,0.45454545,10,common 2024–2025 development cohort; replicate-median weekly performance
F17_market,M2,Spline,2024,4,46,13.569356,0.7173913,0.29166667,0.17427416,46,0.44565217,10,common 2024–2025 development cohort; replicate-median weekly performance
F17_market,M2,Spline,2024,5,44,11.619428,0.70454545,0.32142857,0.18826163,42,0.53571429,10,common 2024–2025 development cohort; replicate-median weekly performance
F17_market,M2,Spline,2024,6,39,12.247768,0.66666667,0.18181818,0.19976522,38,0.52631579,10,common 2024–2025 development cohort; replicate-median weekly performance
F17_market,M2,Spline,2024,7,47,12.450654,0.63829787,0.16666667,0.21225364,45,0.48888889,10,common 2024–2025 development cohort; replicate-median weekly performance
F17_market,M2,Spline,2024,8,51,12.901464,0.58823529,0.13333333,0.22270186,50,0.49,10,common 2024–2025 development cohort; replicate-median weekly performance
F17_market,M2,Spline,2024,9,45,10.89504,0.77777778,0.3,0.14767692,43,0.56976744,10,common 2024–2025 development cohort; replicate-median weekly performance
F17_market,M2,Spline,2024,10,39,14.937796,0.52564103,0.125,0.26617555,38,0.5,10,common 2024–2025 development cohort; replicate-median weekly performance
F17_market,M2,Spline,2024,11,42,12.336721,0.66666667,0.18181818,0.19873877,41,0.46341463,10,common 2024–2025 development cohort; replicate-median weekly performance
F17_market,M2,Spline,2024,12,44,11.179244,0.78409091,0.31818182,0.15547262,44,0.61363636,10,common 2024–2025 development cohort; replicate-median weekly performance
F17_market,M2,Spline,2024,13,52,13.343006,0.68269231,0.3125,0.20083358,52,0.46153846,10,common 2024–2025 development cohort; replicate-median weekly performance
F17_market,M2,Spline,2024,14,57,14.089577,0.64035088,0.125,0.22928807,55,0.42727273,10,common 2024–2025 development cohort; replicate-median weekly performance
F17_market,M2,Spline,2024,15,7,21.116947,0.57142857,0.4,0.25376792,7,0.57142857,10,common 2024–2025 development cohort; replicate-median weekly performance
F17_market,M2,Spline,2024,16,1,27.824904,0,0,0.52557466,1,0,10,common 2024–2025 development cohort; replicate-median weekly performance
F17_market,M2,Spline,2025,1,30,11.60145,0.76666667,0.4,0.15195527,30,0.6,10,common 2024–2025 development cohort; replicate-median weekly performance
F17_market,M2,Spline,2025,2,38,13.92933,0.73684211,0.27777778,0.17494293,36,0.61111111,10,common 2024–2025 development cohort; replicate-median weekly performance
F17_market,M2,Spline,2025,3,34,12.419917,0.73529412,0.5,0.15919096,34,0.52941176,10,common 2024–2025 development cohort; replicate-median weekly performance
F17_market,M2,Spline,2025,4,36,12.024457,0.68055556,0.05,0.20892036,35,0.61428571,10,common 2024–2025 development cohort; replicate-median weekly performance
F17_market,M2,Spline,2025,5,38,10.579716,0.63157895,0.11111111,0.2188204,37,0.47297297,10,common 2024–2025 development cohort; replicate-median weekly performance
F17_market,M2,Spline,2025,6,37,11.963863,0.75675676,0.14285714,0.18543702,37,0.45945946,10,common 2024–2025 development cohort; replicate-median weekly performance
F17_market,M2,Spline,2025,7,41,13.356005,0.65853659,0.32142857,0.23160181,40,0.625,10,common 2024–2025 development cohort; replicate-median weekly performance
F17_market,M2,Spline,2025,8,45,13.066917,0.57777778,0.071428571,0.24654015,45,0.55555556,10,common 2024–2025 development cohort; replicate-median weekly performance
F17_market,M2,Spline,2025,9,36,12.202107,0.79166667,0.4,0.16076507,34,0.5,10,common 2024–2025 development cohort; replicate-median weekly performance
F17_market,M2,Spline,2025,10,42,12.17654,0.69047619,0.30769231,0.20312378,42,0.54761905,10,common 2024–2025 development cohort; replicate-median weekly performance
F17_market,M2,Spline,2025,11,35,12.276672,0.58571429,0.11538462,0.2290937,35,0.52857143,10,common 2024–2025 development cohort; replicate-median weekly performance
F17_market,M2,Spline,2025,12,42,13.876549,0.75,0.25,0.16304009,42,0.53571429,10,common 2024–2025 development cohort; replicate-median weekly performance
F17_market,M2,Spline,2025,13,42,14.091585,0.69047619,0.2,0.18212389,42,0.4047619,10,common 2024–2025 development cohort; replicate-median weekly performance
F17_market,M2,Spline,2025,14,48,12.641855,0.76041667,0.32142857,0.17997805,44,0.46590909,10,common 2024–2025 development cohort; replicate-median weekly performance
F17_market,M2,Spline,2025,15,8,11.373103,0.625,0.33333333,0.21753272,8,0.625,10,common 2024–2025 development cohort; replicate-median weekly performance
F17_market,M2,Spline,2025,16,1,13.73533,1,,0.032708132,1,0,10,common 2024–2025 development cohort; replicate-median weekly performance
F17_market,M3,Random forest,2024,1,27,16.333118,0.66666667,0,0.1794957,27,0.48148148,3,common 2024–2025 development cohort; replicate-median weekly performance
F17_market,M3,Random forest,2024,2,40,14.605619,0.65,0.13333333,0.18997319,39,0.53846154,3,common 2024–2025 development cohort; replicate-median weekly performance
F17_market,M3,Random forest,2024,3,45,14.211044,0.8,0.11111111,0.12742615,44,0.5,3,common 2024–2025 development cohort; replicate-median weekly performance
F17_market,M3,Random forest,2024,4,46,13.590666,0.65217391,0.083333333,0.17292779,46,0.43478261,3,common 2024–2025 development cohort; replicate-median weekly performance
F17_market,M3,Random forest,2024,5,44,11.139553,0.70454545,0.14285714,0.18825044,42,0.61904762,3,common 2024–2025 development cohort; replicate-median weekly performance
F17_market,M3,Random forest,2024,6,39,11.814533,0.69230769,0.090909091,0.20603011,38,0.52631579,3,common 2024–2025 development cohort; replicate-median weekly performance
F17_market,M3,Random forest,2024,7,47,11.024626,0.72340426,0.083333333,0.17837409,45,0.57777778,3,common 2024–2025 development cohort; replicate-median weekly performance
F17_market,M3,Random forest,2024,8,51,11.485314,0.64705882,0,0.19362114,50,0.48,3,common 2024–2025 development cohort; replicate-median weekly performance
F17_market,M3,Random forest,2024,9,45,11.216426,0.82222222,0.3,0.14462849,43,0.53488372,3,common 2024–2025 development cohort; replicate-median weekly performance
F17_market,M3,Random forest,2024,10,39,13.853398,0.56410256,0,0.26746128,38,0.44736842,3,common 2024–2025 development cohort; replicate-median weekly performance
F17_market,M3,Random forest,2024,11,42,11.531835,0.71428571,0,0.16814785,41,0.43902439,3,common 2024–2025 development cohort; replicate-median weekly performance
F17_market,M3,Random forest,2024,12,44,11.236373,0.75,0.18181818,0.15818942,44,0.5,3,common 2024–2025 development cohort; replicate-median weekly performance
F17_market,M3,Random forest,2024,13,52,12.073612,0.75,0.25,0.17290394,52,0.61538462,3,common 2024–2025 development cohort; replicate-median weekly performance
F17_market,M3,Random forest,2024,14,57,11.873069,0.66666667,0.0625,0.19435539,55,0.38181818,3,common 2024–2025 development cohort; replicate-median weekly performance
F17_market,M3,Random forest,2024,15,7,20.675441,0.57142857,0.4,0.26778232,7,0.71428571,3,common 2024–2025 development cohort; replicate-median weekly performance
F17_market,M3,Random forest,2024,16,1,25.736736,0,0,0.49381879,1,0,3,common 2024–2025 development cohort; replicate-median weekly performance
F17_market,M3,Random forest,2025,1,30,10.751622,0.8,0.2,0.1609937,30,0.63333333,3,common 2024–2025 development cohort; replicate-median weekly performance
F17_market,M3,Random forest,2025,2,38,11.673958,0.84210526,0.33333333,0.13977183,36,0.63888889,3,common 2024–2025 development cohort; replicate-median weekly performance
F17_market,M3,Random forest,2025,3,34,11.702326,0.67647059,0.1,0.16421238,34,0.52941176,3,common 2024–2025 development cohort; replicate-median weekly performance
F17_market,M3,Random forest,2025,4,36,11.232232,0.72222222,0.1,0.20197123,35,0.65714286,3,common 2024–2025 development cohort; replicate-median weekly performance
F17_market,M3,Random forest,2025,5,38,9.4449683,0.71052632,0,0.18588444,37,0.40540541,3,common 2024–2025 development cohort; replicate-median weekly performance
F17_market,M3,Random forest,2025,6,37,10.860424,0.75675676,0,0.18213899,37,0.40540541,3,common 2024–2025 development cohort; replicate-median weekly performance
F17_market,M3,Random forest,2025,7,41,12.630044,0.65853659,0.071428571,0.21672031,40,0.475,3,common 2024–2025 development cohort; replicate-median weekly performance
F17_market,M3,Random forest,2025,8,45,12.061278,0.71111111,0.14285714,0.21578538,45,0.57777778,3,common 2024–2025 development cohort; replicate-median weekly performance
F17_market,M3,Random forest,2025,9,36,11.504841,0.77777778,0.3,0.15224816,34,0.64705882,3,common 2024–2025 development cohort; replicate-median weekly performance
F17_market,M3,Random forest,2025,10,42,11.63792,0.66666667,0,0.20019587,42,0.61904762,3,common 2024–2025 development cohort; replicate-median weekly performance
F17_market,M3,Random forest,2025,11,35,11.518284,0.68571429,0.15384615,0.21131262,35,0.57142857,3,common 2024–2025 development cohort; replicate-median weekly performance
F17_market,M3,Random forest,2025,12,42,12.596514,0.76190476,0,0.15312034,42,0.35714286,3,common 2024–2025 development cohort; replicate-median weekly performance
F17_market,M3,Random forest,2025,13,42,13.271249,0.80952381,0.2,0.14948904,42,0.52380952,3,common 2024–2025 development cohort; replicate-median weekly performance
F17_market,M3,Random forest,2025,14,48,12.170174,0.75,0.28571429,0.17043546,44,0.52272727,3,common 2024–2025 development cohort; replicate-median weekly performance
F17_market,M3,Random forest,2025,15,8,11.24331,0.625,0,0.19739408,8,0.5,3,common 2024–2025 development cohort; replicate-median weekly performance
F17_market,M3,Random forest,2025,16,1,8.4188596,1,,0.068279189,1,0,3,common 2024–2025 development cohort; replicate-median weekly performance
F17_market,M4,Boosted trees,2024,1,27,15.633111,0.7037037,0.0625,0.1774466,27,0.51851852,10,common 2024–2025 development cohort; replicate-median weekly performance
F17_market,M4,Boosted trees,2024,2,40,14.360355,0.675,0.2,0.18330869,39,0.55128205,10,common 2024–2025 development cohort; replicate-median weekly performance
F17_market,M4,Boosted trees,2024,3,45,13.963608,0.82222222,0.16666667,0.12856806,44,0.53409091,10,common 2024–2025 development cohort; replicate-median weekly performance
F17_market,M4,Boosted trees,2024,4,46,13.307417,0.68478261,0.083333333,0.17277527,46,0.42391304,10,common 2024–2025 development cohort; replicate-median weekly performance
F17_market,M4,Boosted trees,2024,5,44,11.211203,0.71590909,0.21428571,0.19073999,42,0.58333333,10,common 2024–2025 development cohort; replicate-median weekly performance
F17_market,M4,Boosted trees,2024,6,39,11.731235,0.67948718,0.090909091,0.20483396,38,0.51315789,10,common 2024–2025 development cohort; replicate-median weekly performance
F17_market,M4,Boosted trees,2024,7,47,11.149475,0.70212766,0,0.18872794,45,0.53333333,10,common 2024–2025 development cohort; replicate-median weekly performance
F17_market,M4,Boosted trees,2024,8,51,11.632137,0.66666667,0.066666667,0.19205682,50,0.52,10,common 2024–2025 development cohort; replicate-median weekly performance
F17_market,M4,Boosted trees,2024,9,45,10.924639,0.8,0.2,0.14758963,43,0.62790698,10,common 2024–2025 development cohort; replicate-median weekly performance
F17_market,M4,Boosted trees,2024,10,39,13.74454,0.51282051,0,0.26460354,38,0.48684211,10,common 2024–2025 development cohort; replicate-median weekly performance
F17_market,M4,Boosted trees,2024,11,42,11.535388,0.69047619,0.18181818,0.17026991,41,0.43902439,10,common 2024–2025 development cohort; replicate-median weekly performance
F17_market,M4,Boosted trees,2024,12,44,10.948729,0.76136364,0.13636364,0.16203004,44,0.57954545,10,common 2024–2025 development cohort; replicate-median weekly performance
F17_market,M4,Boosted trees,2024,13,52,12.176774,0.73076923,0.25,0.1759639,52,0.56730769,10,common 2024–2025 development cohort; replicate-median weekly performance
F17_market,M4,Boosted trees,2024,14,57,12.211932,0.71052632,0.125,0.19189946,55,0.4,10,common 2024–2025 development cohort; replicate-median weekly performance
F17_market,M4,Boosted trees,2024,15,7,21.055438,0.42857143,0.2,0.2823689,7,0.57142857,10,common 2024–2025 development cohort; replicate-median weekly performance
F17_market,M4,Boosted trees,2024,16,1,23.862746,0,0,0.43201812,1,1,10,common 2024–2025 development cohort; replicate-median weekly performance
F17_market,M4,Boosted trees,2025,1,30,10.497258,0.73333333,0,0.15886673,30,0.65,10,common 2024–2025 development cohort; replicate-median weekly performance
F17_market,M4,Boosted trees,2025,2,38,11.27894,0.78947368,0.22222222,0.14389865,36,0.70833333,10,common 2024–2025 development cohort; replicate-median weekly performance
F17_market,M4,Boosted trees,2025,3,34,11.962236,0.70588235,0.1,0.16720688,34,0.48529412,10,common 2024–2025 development cohort; replicate-median weekly performance
F17_market,M4,Boosted trees,2025,4,36,11.273462,0.73611111,0.1,0.20273063,35,0.55714286,10,common 2024–2025 development cohort; replicate-median weekly performance
F17_market,M4,Boosted trees,2025,5,38,9.7117861,0.72368421,0,0.18886442,37,0.48648649,10,common 2024–2025 development cohort; replicate-median weekly performance
F17_market,M4,Boosted trees,2025,6,37,11.417504,0.7027027,0,0.18883787,37,0.37837838,10,common 2024–2025 development cohort; replicate-median weekly performance
F17_market,M4,Boosted trees,2025,7,41,12.90301,0.63414634,0.071428571,0.22276215,40,0.5375,10,common 2024–2025 development cohort; replicate-median weekly performance
F17_market,M4,Boosted trees,2025,8,45,12.305185,0.68888889,0.14285714,0.21394619,45,0.53333333,10,common 2024–2025 development cohort; replicate-median weekly performance
F17_market,M4,Boosted trees,2025,9,36,11.266722,0.77777778,0.25,0.15140079,34,0.58823529,10,common 2024–2025 development cohort; replicate-median weekly performance
F17_market,M4,Boosted trees,2025,10,42,11.817837,0.66666667,0,0.20455772,42,0.54761905,10,common 2024–2025 development cohort; replicate-median weekly performance
F17_market,M4,Boosted trees,2025,11,35,11.653469,0.65714286,0.15384615,0.21292487,35,0.54285714,10,common 2024–2025 development cohort; replicate-median weekly performance
F17_market,M4,Boosted trees,2025,12,42,12.417792,0.79761905,0,0.15172791,42,0.39285714,10,common 2024–2025 development cohort; replicate-median weekly performance
F17_market,M4,Boosted trees,2025,13,42,13.492279,0.73809524,0.15,0.15668275,42,0.5,10,common 2024–2025 development cohort; replicate-median weekly performance
F17_market,M4,Boosted trees,2025,14,48,12.61814,0.72916667,0.21428571,0.18279641,44,0.5,10,common 2024–2025 development cohort; replicate-median weekly performance
F17_market,M4,Boosted trees,2025,15,8,10.891959,0.625,0.33333333,0.18655721,8,0.625,10,common 2024–2025 development cohort; replicate-median weekly performance
F17_market,M4,Boosted trees,2025,16,1,7.9211595,1,,0.077888645,1,0,10,common 2024–2025 development cohort; replicate-median weekly performance
F17_market,M5,Neural net,2024,1,27,18.12586,0.66666667,0.125,0.18730033,27,0.44444444,3,common 2024–2025 development cohort; replicate-median weekly performance
F17_market,M5,Neural net,2024,2,40,17.136318,0.7,0.4,0.20013743,39,0.51282051,3,common 2024–2025 development cohort; replicate-median weekly performance
F17_market,M5,Neural net,2024,3,45,15.477761,0.77777778,0.22222222,0.16047471,44,0.45454545,3,common 2024–2025 development cohort; replicate-median weekly performance
F17_market,M5,Neural net,2024,4,46,16.25455,0.63043478,0.16666667,0.21207266,46,0.45652174,3,common 2024–2025 development cohort; replicate-median weekly performance
F17_market,M5,Neural net,2024,5,44,15.073372,0.59090909,0.21428571,0.25017813,42,0.45238095,3,common 2024–2025 development cohort; replicate-median weekly performance
F17_market,M5,Neural net,2024,6,39,12.893344,0.58974359,0.27272727,0.20522242,38,0.47368421,3,common 2024–2025 development cohort; replicate-median weekly performance
F17_market,M5,Neural net,2024,7,47,13.213834,0.59574468,0.16666667,0.22046608,45,0.51111111,3,common 2024–2025 development cohort; replicate-median weekly performance
F17_market,M5,Neural net,2024,8,51,14.484902,0.58823529,0.2,0.23240632,50,0.48,3,common 2024–2025 development cohort; replicate-median weekly performance
F17_market,M5,Neural net,2024,9,45,12.171519,0.82222222,0.4,0.17580955,43,0.55813953,3,common 2024–2025 development cohort; replicate-median weekly performance
F17_market,M5,Neural net,2024,10,39,15.048075,0.53846154,0.3125,0.270373,38,0.47368421,3,common 2024–2025 development cohort; replicate-median weekly performance
F17_market,M5,Neural net,2024,11,42,14.507204,0.66666667,0.27272727,0.22497393,41,0.46341463,3,common 2024–2025 development cohort; replicate-median weekly performance
F17_market,M5,Neural net,2024,12,44,12.829897,0.72727273,0.27272727,0.18930797,44,0.59090909,3,common 2024–2025 development cohort; replicate-median weekly performance
F17_market,M5,Neural net,2024,13,52,14.383083,0.63461538,0.4375,0.20715687,52,0.48076923,3,common 2024–2025 development cohort; replicate-median weekly performance
F17_market,M5,Neural net,2024,14,57,14.494576,0.59649123,0.1875,0.21719721,55,0.4,3,common 2024–2025 development cohort; replicate-median weekly performance
F17_market,M5,Neural net,2024,15,7,24.196541,0.42857143,0.2,0.26113376,7,0.57142857,3,common 2024–2025 development cohort; replicate-median weekly performance
F17_market,M5,Neural net,2024,16,1,20.99863,0,0,0.38933474,1,1,3,common 2024–2025 development cohort; replicate-median weekly performance
F17_market,M5,Neural net,2025,1,30,14.099454,0.66666667,0.2,0.18501013,30,0.43333333,3,common 2024–2025 development cohort; replicate-median weekly performance
F17_market,M5,Neural net,2025,2,38,12.525406,0.76315789,0.22222222,0.15542173,36,0.66666667,3,common 2024–2025 development cohort; replicate-median weekly performance
F17_market,M5,Neural net,2025,3,34,13.043078,0.64705882,0.2,0.18785934,34,0.52941176,3,common 2024–2025 development cohort; replicate-median weekly performance
F17_market,M5,Neural net,2025,4,36,12.748771,0.61111111,0.2,0.21636255,35,0.65714286,3,common 2024–2025 development cohort; replicate-median weekly performance
F17_market,M5,Neural net,2025,5,38,12.466563,0.57894737,0.11111111,0.23502322,37,0.54054054,3,common 2024–2025 development cohort; replicate-median weekly performance
F17_market,M5,Neural net,2025,6,37,14.053427,0.7027027,0,0.20170496,37,0.45945946,3,common 2024–2025 development cohort; replicate-median weekly performance
F17_market,M5,Neural net,2025,7,41,14.710908,0.6097561,0.14285714,0.23179863,40,0.525,3,common 2024–2025 development cohort; replicate-median weekly performance
F17_market,M5,Neural net,2025,8,45,15.013329,0.55555556,0,0.25386183,45,0.51111111,3,common 2024–2025 development cohort; replicate-median weekly performance
F17_market,M5,Neural net,2025,9,36,12.866933,0.72222222,0.5,0.18136088,34,0.58823529,3,common 2024–2025 development cohort; replicate-median weekly performance
F17_market,M5,Neural net,2025,10,42,14.755708,0.61904762,0.38461538,0.23487235,42,0.47619048,3,common 2024–2025 development cohort; replicate-median weekly performance
F17_market,M5,Neural net,2025,11,35,13.640232,0.6,0.23076923,0.24683775,35,0.48571429,3,common 2024–2025 development cohort; replicate-median weekly performance
F17_market,M5,Neural net,2025,12,42,13.789282,0.71428571,0.125,0.1811218,42,0.5,3,common 2024–2025 development cohort; replicate-median weekly performance
F17_market,M5,Neural net,2025,13,42,14.974263,0.66666667,0.2,0.19430609,42,0.47619048,3,common 2024–2025 development cohort; replicate-median weekly performance
F17_market,M5,Neural net,2025,14,48,14.112619,0.70833333,0.42857143,0.19428838,44,0.43181818,3,common 2024–2025 development cohort; replicate-median weekly performance
F17_market,M5,Neural net,2025,15,8,12.384,0.75,0.66666667,0.21954664,8,0.5,3,common 2024–2025 development cohort; replicate-median weekly performance
F17_market,M5,Neural net,2025,16,1,1.4414866,1,,0.20025299,1,1,3,common 2024–2025 development cohort; replicate-median weekly performance
