stage,model,model_label,season,week,n_games,margin_mae,winner_accuracy,upset_recall,brier_score,ats_games,ats_accuracy,aggregation
F09,M1,Linear,2024,1,27,19.52606,0.59259259,0,0.21238591,27,0.40740741,within-architecture mean forecast across saved fits
F09,M1,Linear,2024,2,67,17.764933,0.59701493,0.13043478,0.22152405,66,0.40909091,within-architecture mean forecast across saved fits
F09,M1,Linear,2024,3,112,16.626101,0.6875,0.21875,0.19206117,110,0.45454545,within-architecture mean forecast across saved fits
F09,M1,Linear,2024,4,158,15.818787,0.71518987,0.25,0.18495262,156,0.46794872,within-architecture mean forecast across saved fits
F09,M1,Linear,2024,5,202,15.073765,0.71782178,0.29310345,0.18689228,198,0.44949495,within-architecture mean forecast across saved fits
F09,M1,Linear,2024,6,241,14.517858,0.7219917,0.30434783,0.18810063,236,0.46610169,within-architecture mean forecast across saved fits
F09,M1,Linear,2024,7,288,14.102243,0.72222222,0.32098765,0.18780574,281,0.46619217,within-architecture mean forecast across saved fits
F09,M1,Linear,2024,8,339,13.847739,0.7079646,0.3125,0.19165149,331,0.45619335,within-architecture mean forecast across saved fits
F09,M1,Linear,2024,9,384,13.498673,0.72135417,0.31132075,0.18615222,374,0.47326203,within-architecture mean forecast across saved fits
F09,M1,Linear,2024,10,423,13.475264,0.71158392,0.29508197,0.19161412,412,0.47815534,within-architecture mean forecast across saved fits
F09,M1,Linear,2024,11,465,13.346747,0.71397849,0.29323308,0.1911096,453,0.47240618,within-architecture mean forecast across saved fits
F09,M1,Linear,2024,12,509,13.167856,0.71905697,0.29166667,0.18822528,497,0.47484909,within-architecture mean forecast across saved fits
F09,M1,Linear,2024,13,561,13.085544,0.72192513,0.29375,0.187352,549,0.48816029,within-architecture mean forecast across saved fits
F09,M1,Linear,2024,14,618,13.01759,0.71197411,0.27840909,0.18994244,604,0.4884106,within-architecture mean forecast across saved fits
F09,M1,Linear,2024,15,625,13.096323,0.7088,0.27624309,0.1907973,611,0.4893617,within-architecture mean forecast across saved fits
F09,M1,Linear,2024,16,626,13.120442,0.70766773,0.27472527,0.19136191,612,0.48856209,within-architecture mean forecast across saved fits
F09,M1,Linear,2025,1,30,11.85827,0.73333333,0.4,0.19110664,30,0.76666667,within-architecture mean forecast across saved fits
F09,M1,Linear,2025,2,68,12.237857,0.82352941,0.5,0.16034028,66,0.6969697,within-architecture mean forecast across saved fits
F09,M1,Linear,2025,3,102,12.425421,0.79411765,0.375,0.16512146,100,0.63,within-architecture mean forecast across saved fits
F09,M1,Linear,2025,4,138,12.383878,0.76086957,0.32352941,0.17189642,135,0.61481481,within-architecture mean forecast across saved fits
F09,M1,Linear,2025,5,176,12.051653,0.75,0.30232558,0.1803801,172,0.58139535,within-architecture mean forecast across saved fits
F09,M1,Linear,2025,6,213,12.033451,0.74647887,0.28,0.18279291,209,0.5645933,within-architecture mean forecast across saved fits
F09,M1,Linear,2025,7,254,12.042992,0.72834646,0.234375,0.18662372,249,0.55421687,within-architecture mean forecast across saved fits
F09,M1,Linear,2025,8,299,12.062439,0.72240803,0.23076923,0.18886316,294,0.56122449,within-architecture mean forecast across saved fits
F09,M1,Linear,2025,9,335,12.065322,0.72835821,0.23863636,0.18576439,328,0.55182927,within-architecture mean forecast across saved fits
F09,M1,Linear,2025,10,377,12.156446,0.72679045,0.23762376,0.18833238,370,0.53783784,within-architecture mean forecast across saved fits
F09,M1,Linear,2025,11,412,12.15617,0.72330097,0.22807018,0.19053163,405,0.54074074,within-architecture mean forecast across saved fits
F09,M1,Linear,2025,12,454,12.204517,0.73127753,0.22131148,0.18698625,447,0.53914989,within-architecture mean forecast across saved fits
F09,M1,Linear,2025,13,496,12.305679,0.72983871,0.20454545,0.18478317,489,0.5398773,within-architecture mean forecast across saved fits
F09,M1,Linear,2025,14,544,12.306773,0.73713235,0.23287671,0.18397685,533,0.54596623,within-architecture mean forecast across saved fits
F09,M1,Linear,2025,15,552,12.314177,0.73550725,0.22818792,0.18467083,541,0.54343808,within-architecture mean forecast across saved fits
F09,M1,Linear,2025,16,553,12.314455,0.73598553,0.22818792,0.18441462,542,0.54243542,within-architecture mean forecast across saved fits
F09,M10,KNN,2024,1,27,21.214815,0.51851852,0,0.21592189,27,0.37037037,within-architecture mean forecast across saved fits
F09,M10,KNN,2024,2,67,18.499254,0.59701493,0.2173913,0.22279637,66,0.42424242,within-architecture mean forecast across saved fits
F09,M10,KNN,2024,3,112,18.342857,0.625,0.25,0.21618779,110,0.42727273,within-architecture mean forecast across saved fits
F09,M10,KNN,2024,4,158,17.080696,0.67088608,0.29545455,0.20153074,156,0.45512821,within-architecture mean forecast across saved fits
F09,M10,KNN,2024,5,202,16.17995,0.66831683,0.29310345,0.20547156,197,0.45685279,within-architecture mean forecast across saved fits
F09,M10,KNN,2024,6,241,15.503527,0.6846473,0.28985507,0.20126208,235,0.4893617,within-architecture mean forecast across saved fits
F09,M10,KNN,2024,7,288,15.413715,0.67361111,0.2962963,0.20559597,280,0.49285714,within-architecture mean forecast across saved fits
F09,M10,KNN,2024,8,339,15.206637,0.65781711,0.29166667,0.21114849,330,0.48787879,within-architecture mean forecast across saved fits
F09,M10,KNN,2024,9,384,14.826693,0.66145833,0.27358491,0.20833114,373,0.48793566,within-architecture mean forecast across saved fits
F09,M10,KNN,2024,10,423,14.939007,0.64539007,0.26229508,0.21641788,411,0.48418491,within-architecture mean forecast across saved fits
F09,M10,KNN,2024,11,465,14.829032,0.64086022,0.27819549,0.21557078,452,0.48451327,within-architecture mean forecast across saved fits
F09,M10,KNN,2024,12,509,14.491061,0.6502947,0.27777778,0.2116277,496,0.50403226,within-architecture mean forecast across saved fits
F09,M10,KNN,2024,13,561,14.435561,0.65775401,0.29375,0.20945635,548,0.51459854,within-architecture mean forecast across saved fits
F09,M10,KNN,2024,14,618,14.420793,0.65695793,0.28409091,0.21151901,603,0.50912106,within-architecture mean forecast across saved fits
F09,M10,KNN,2024,15,625,14.4744,0.6544,0.28176796,0.21190021,610,0.50819672,within-architecture mean forecast across saved fits
F09,M10,KNN,2024,16,626,14.499042,0.65335463,0.28021978,0.21233103,611,0.50736498,within-architecture mean forecast across saved fits
F09,M10,KNN,2025,1,30,11.451667,0.7,0.4,0.17627285,30,0.76666667,within-architecture mean forecast across saved fits
F09,M10,KNN,2025,2,68,13.634559,0.72058824,0.42857143,0.19466078,66,0.66666667,within-architecture mean forecast across saved fits
F09,M10,KNN,2025,3,102,13.384314,0.73529412,0.45833333,0.18681525,100,0.63,within-architecture mean forecast across saved fits
F09,M10,KNN,2025,4,138,13.556159,0.71014493,0.41176471,0.19494785,135,0.6,within-architecture mean forecast across saved fits
F09,M10,KNN,2025,5,176,13.264773,0.68181818,0.3255814,0.20333575,172,0.54651163,within-architecture mean forecast across saved fits
F09,M10,KNN,2025,6,213,13.33615,0.68544601,0.32,0.20746194,208,0.51923077,within-architecture mean forecast across saved fits
F09,M10,KNN,2025,7,254,13.439567,0.68503937,0.34375,0.20923266,248,0.5,within-architecture mean forecast across saved fits
F09,M10,KNN,2025,8,299,13.581438,0.68561873,0.32051282,0.21244646,293,0.49146758,within-architecture mean forecast across saved fits
F09,M10,KNN,2025,9,335,13.358806,0.69253731,0.31818182,0.20696829,327,0.50152905,within-architecture mean forecast across saved fits
F09,M10,KNN,2025,10,377,13.445093,0.68700265,0.31683168,0.20867086,369,0.49322493,within-architecture mean forecast across saved fits
F09,M10,KNN,2025,11,412,13.540291,0.68203883,0.31578947,0.21068011,404,0.4950495,within-architecture mean forecast across saved fits
F09,M10,KNN,2025,12,454,13.561013,0.68722467,0.30327869,0.20826817,446,0.4955157,within-architecture mean forecast across saved fits
F09,M10,KNN,2025,13,496,13.587298,0.69556452,0.3030303,0.20565211,488,0.49385246,within-architecture mean forecast across saved fits
F09,M10,KNN,2025,14,544,13.73989,0.69117647,0.30821918,0.20724339,532,0.4906015,within-architecture mean forecast across saved fits
F09,M10,KNN,2025,15,552,13.735598,0.6884058,0.30201342,0.20823236,540,0.49074074,within-architecture mean forecast across saved fits
F09,M10,KNN,2025,16,553,13.746203,0.68896926,0.30201342,0.20790306,541,0.48983364,within-architecture mean forecast across saved fits
F09,M2,Spline,2024,1,27,19.573652,0.55555556,0,0.21186485,27,0.37037037,within-architecture mean forecast across saved fits
F09,M2,Spline,2024,2,67,18.286585,0.58208955,0.13043478,0.22091719,66,0.34848485,within-architecture mean forecast across saved fits
F09,M2,Spline,2024,3,112,17.304531,0.66071429,0.1875,0.19323115,110,0.39090909,within-architecture mean forecast across saved fits
F09,M2,Spline,2024,4,158,16.166559,0.68987342,0.25,0.18442652,156,0.42948718,within-architecture mean forecast across saved fits
F09,M2,Spline,2024,5,202,15.165831,0.69306931,0.27586207,0.18808078,198,0.43939394,within-architecture mean forecast across saved fits
F09,M2,Spline,2024,6,241,14.66192,0.69294606,0.27536232,0.18925945,236,0.45762712,within-architecture mean forecast across saved fits
F09,M2,Spline,2024,7,288,14.345574,0.6875,0.27160494,0.19097731,281,0.44483986,within-architecture mean forecast across saved fits
F09,M2,Spline,2024,8,339,14.137694,0.66961652,0.23958333,0.19651192,331,0.44410876,within-architecture mean forecast across saved fits
F09,M2,Spline,2024,9,384,13.781946,0.6875,0.25471698,0.19058662,374,0.45989305,within-architecture mean forecast across saved fits
F09,M2,Spline,2024,10,423,13.830692,0.678487,0.25409836,0.19649332,412,0.45873786,within-architecture mean forecast across saved fits
F09,M2,Spline,2024,11,465,13.651775,0.68387097,0.2481203,0.19600796,453,0.46136865,within-architecture mean forecast across saved fits
F09,M2,Spline,2024,12,509,13.441048,0.69155206,0.24305556,0.1931831,497,0.46881288,within-architecture mean forecast across saved fits
F09,M2,Spline,2024,13,561,13.394693,0.69340463,0.25625,0.19284099,549,0.47176685,within-architecture mean forecast across saved fits
F09,M2,Spline,2024,14,618,13.420978,0.68608414,0.23863636,0.19650191,604,0.46688742,within-architecture mean forecast across saved fits
F09,M2,Spline,2024,15,625,13.485589,0.6848,0.24309392,0.19709905,611,0.46808511,within-architecture mean forecast across saved fits
F09,M2,Spline,2024,16,626,13.521335,0.68370607,0.24175824,0.19791111,612,0.46732026,within-architecture mean forecast across saved fits
F09,M2,Spline,2025,1,30,12.277998,0.7,0.4,0.19642097,30,0.7,within-architecture mean forecast across saved fits
F09,M2,Spline,2025,2,68,12.954801,0.72058824,0.35714286,0.17885699,66,0.68181818,within-architecture mean forecast across saved fits
F09,M2,Spline,2025,3,102,13.136085,0.71568627,0.33333333,0.17384327,100,0.61,within-architecture mean forecast across saved fits
F09,M2,Spline,2025,4,138,12.819592,0.71014493,0.32352941,0.17925764,135,0.59259259,within-architecture mean forecast across saved fits
F09,M2,Spline,2025,5,176,12.52444,0.69318182,0.27906977,0.18696745,172,0.5755814,within-architecture mean forecast across saved fits
F09,M2,Spline,2025,6,213,12.496371,0.70892019,0.26,0.18799351,209,0.55023923,within-architecture mean forecast across saved fits
F09,M2,Spline,2025,7,254,12.561411,0.69291339,0.25,0.19245287,249,0.54216867,within-architecture mean forecast across saved fits
F09,M2,Spline,2025,8,299,12.540766,0.68896321,0.25641026,0.19557323,294,0.54081633,within-architecture mean forecast across saved fits
F09,M2,Spline,2025,9,335,12.483331,0.70149254,0.27272727,0.19096237,328,0.53353659,within-architecture mean forecast across saved fits
F09,M2,Spline,2025,10,377,12.493833,0.70291777,0.26732673,0.19272029,370,0.51891892,within-architecture mean forecast across saved fits
F09,M2,Spline,2025,11,412,12.537079,0.69660194,0.25438596,0.1961726,405,0.52098765,within-architecture mean forecast across saved fits
F09,M2,Spline,2025,12,454,12.591258,0.70044053,0.23770492,0.19373537,447,0.51677852,within-architecture mean forecast across saved fits
F09,M2,Spline,2025,13,496,12.672479,0.7016129,0.22727273,0.19202397,489,0.51533742,within-architecture mean forecast across saved fits
F09,M2,Spline,2025,14,544,12.630018,0.70772059,0.24657534,0.1910299,533,0.52532833,within-architecture mean forecast across saved fits
F09,M2,Spline,2025,15,552,12.647067,0.70471014,0.24161074,0.19197073,541,0.52310536,within-architecture mean forecast across saved fits
F09,M2,Spline,2025,16,553,12.65355,0.70524412,0.24161074,0.19166982,542,0.52214022,within-architecture mean forecast across saved fits
F09,M3,Random forest,2024,1,27,17.656975,0.66666667,0,0.18443888,27,0.37037037,within-architecture mean forecast across saved fits
F09,M3,Random forest,2024,2,67,16.826904,0.6119403,0.17391304,0.2071096,66,0.40909091,within-architecture mean forecast across saved fits
F09,M3,Random forest,2024,3,112,16.397719,0.67857143,0.25,0.18402849,110,0.43636364,within-architecture mean forecast across saved fits
F09,M3,Random forest,2024,4,158,15.684908,0.6835443,0.27272727,0.18186571,156,0.44230769,within-architecture mean forecast across saved fits
F09,M3,Random forest,2024,5,202,14.74608,0.7029703,0.32758621,0.18289179,198,0.44444444,within-architecture mean forecast across saved fits
F09,M3,Random forest,2024,6,241,14.139504,0.70539419,0.30434783,0.18446852,236,0.48305085,within-architecture mean forecast across saved fits
F09,M3,Random forest,2024,7,288,13.850807,0.70486111,0.2962963,0.18470789,281,0.48398577,within-architecture mean forecast across saved fits
F09,M3,Random forest,2024,8,339,13.626934,0.69321534,0.26041667,0.18861693,331,0.47432024,within-architecture mean forecast across saved fits
F09,M3,Random forest,2024,9,384,13.35755,0.70833333,0.25471698,0.18484983,374,0.48395722,within-architecture mean forecast across saved fits
F09,M3,Random forest,2024,10,423,13.401983,0.70212766,0.23770492,0.19204938,412,0.48786408,within-architecture mean forecast across saved fits
F09,M3,Random forest,2024,11,465,13.289591,0.70967742,0.2481203,0.19129222,453,0.48344371,within-architecture mean forecast across saved fits
F09,M3,Random forest,2024,12,509,13.142301,0.71119843,0.23611111,0.18954384,497,0.49295775,within-architecture mean forecast across saved fits
F09,M3,Random forest,2024,13,561,13.081738,0.71301248,0.2375,0.18825794,549,0.49544627,within-architecture mean forecast across saved fits
F09,M3,Random forest,2024,14,618,13.032941,0.70873786,0.23295455,0.18973346,604,0.48675497,within-architecture mean forecast across saved fits
F09,M3,Random forest,2024,15,625,13.109327,0.7072,0.23756906,0.19043248,611,0.48608838,within-architecture mean forecast across saved fits
F09,M3,Random forest,2024,16,626,13.132512,0.70607029,0.23626374,0.19095915,612,0.48529412,within-architecture mean forecast across saved fits
F09,M3,Random forest,2025,1,30,11.500413,0.73333333,0.4,0.17639568,30,0.73333333,within-architecture mean forecast across saved fits
F09,M3,Random forest,2025,2,68,12.340045,0.79411765,0.42857143,0.16949051,66,0.66666667,within-architecture mean forecast across saved fits
F09,M3,Random forest,2025,3,102,12.321731,0.7745098,0.375,0.1665596,100,0.65,within-architecture mean forecast across saved fits
F09,M3,Random forest,2025,4,138,12.393898,0.75362319,0.35294118,0.17347696,135,0.63703704,within-architecture mean forecast across saved fits
F09,M3,Random forest,2025,5,176,11.982081,0.73295455,0.27906977,0.18267462,172,0.61627907,within-architecture mean forecast across saved fits
F09,M3,Random forest,2025,6,213,12.090467,0.72769953,0.26,0.18460353,209,0.56937799,within-architecture mean forecast across saved fits
F09,M3,Random forest,2025,7,254,12.181982,0.71259843,0.234375,0.18919183,249,0.55823293,within-architecture mean forecast across saved fits
F09,M3,Random forest,2025,8,299,12.083032,0.71237458,0.23076923,0.19096597,294,0.56462585,within-architecture mean forecast across saved fits
F09,M3,Random forest,2025,9,335,12.053883,0.72238806,0.23863636,0.18692342,328,0.55182927,within-architecture mean forecast across saved fits
F09,M3,Random forest,2025,10,377,12.13968,0.70557029,0.20792079,0.18905543,370,0.54324324,within-architecture mean forecast across saved fits
F09,M3,Random forest,2025,11,412,12.134432,0.70631068,0.21052632,0.1911005,405,0.55061728,within-architecture mean forecast across saved fits
F09,M3,Random forest,2025,12,454,12.220558,0.7092511,0.19672131,0.18801759,447,0.53691275,within-architecture mean forecast across saved fits
F09,M3,Random forest,2025,13,496,12.351297,0.71169355,0.18181818,0.18635522,489,0.54396728,within-architecture mean forecast across saved fits
F09,M3,Random forest,2025,14,544,12.329044,0.71323529,0.19178082,0.18549976,533,0.54033771,within-architecture mean forecast across saved fits
F09,M3,Random forest,2025,15,552,12.339083,0.71014493,0.18791946,0.18638575,541,0.53789279,within-architecture mean forecast across saved fits
F09,M3,Random forest,2025,16,553,12.338317,0.71066908,0.18791946,0.18613673,542,0.53690037,within-architecture mean forecast across saved fits
F09,M4,Boosted trees,2024,1,27,17.32886,0.66666667,0,0.16945682,27,0.44444444,within-architecture mean forecast across saved fits
F09,M4,Boosted trees,2024,2,67,16.379554,0.64179104,0.13043478,0.198569,66,0.48484848,within-architecture mean forecast across saved fits
F09,M4,Boosted trees,2024,3,112,16.166358,0.69642857,0.1875,0.1844568,110,0.45454545,within-architecture mean forecast across saved fits
F09,M4,Boosted trees,2024,4,158,15.667594,0.67721519,0.20454545,0.18444948,156,0.44871795,within-architecture mean forecast across saved fits
F09,M4,Boosted trees,2024,5,202,14.772706,0.6980198,0.27586207,0.18533086,198,0.45959596,within-architecture mean forecast across saved fits
F09,M4,Boosted trees,2024,6,241,14.169296,0.70124481,0.24637681,0.18759284,236,0.49152542,within-architecture mean forecast across saved fits
F09,M4,Boosted trees,2024,7,288,13.859822,0.70138889,0.24691358,0.18772022,281,0.4911032,within-architecture mean forecast across saved fits
F09,M4,Boosted trees,2024,8,339,13.640496,0.68141593,0.21875,0.19157978,331,0.47734139,within-architecture mean forecast across saved fits
F09,M4,Boosted trees,2024,9,384,13.377522,0.69010417,0.21698113,0.1875747,374,0.48128342,within-architecture mean forecast across saved fits
F09,M4,Boosted trees,2024,10,423,13.409689,0.68321513,0.20491803,0.19425357,412,0.48543689,within-architecture mean forecast across saved fits
F09,M4,Boosted trees,2024,11,465,13.348005,0.68817204,0.21052632,0.19434257,453,0.48344371,within-architecture mean forecast across saved fits
F09,M4,Boosted trees,2024,12,509,13.178742,0.6935167,0.20138889,0.19210182,497,0.48490946,within-architecture mean forecast across saved fits
F09,M4,Boosted trees,2024,13,561,13.115419,0.70053476,0.21875,0.19051963,549,0.49726776,within-architecture mean forecast across saved fits
F09,M4,Boosted trees,2024,14,618,13.060443,0.69902913,0.21022727,0.19221923,604,0.49172185,within-architecture mean forecast across saved fits
F09,M4,Boosted trees,2024,15,625,13.136772,0.696,0.20994475,0.19289443,611,0.49263502,within-architecture mean forecast across saved fits
F09,M4,Boosted trees,2024,16,626,13.162221,0.69488818,0.20879121,0.19346706,612,0.49183007,within-architecture mean forecast across saved fits
F09,M4,Boosted trees,2025,1,30,11.432583,0.76666667,0.4,0.17159893,30,0.7,within-architecture mean forecast across saved fits
F09,M4,Boosted trees,2025,2,68,12.224551,0.80882353,0.42857143,0.16358801,66,0.65151515,within-architecture mean forecast across saved fits
F09,M4,Boosted trees,2025,3,102,12.487377,0.78431373,0.33333333,0.1634449,100,0.62,within-architecture mean forecast across saved fits
F09,M4,Boosted trees,2025,4,138,12.566399,0.76086957,0.32352941,0.17140488,135,0.60740741,within-architecture mean forecast across saved fits
F09,M4,Boosted trees,2025,5,176,12.195212,0.73295455,0.25581395,0.18163939,172,0.59302326,within-architecture mean forecast across saved fits
F09,M4,Boosted trees,2025,6,213,12.187861,0.73239437,0.24,0.1835689,209,0.55502392,within-architecture mean forecast across saved fits
F09,M4,Boosted trees,2025,7,254,12.271932,0.71259843,0.21875,0.18856743,249,0.54216867,within-architecture mean forecast across saved fits
F09,M4,Boosted trees,2025,8,299,12.201707,0.71571906,0.21794872,0.19036204,294,0.55442177,within-architecture mean forecast across saved fits
F09,M4,Boosted trees,2025,9,335,12.160861,0.71940299,0.21590909,0.18658574,328,0.54878049,within-architecture mean forecast across saved fits
F09,M4,Boosted trees,2025,10,377,12.220174,0.70822281,0.1980198,0.18839986,370,0.53783784,within-architecture mean forecast across saved fits
F09,M4,Boosted trees,2025,11,412,12.196828,0.70631068,0.19298246,0.19018592,405,0.54814815,within-architecture mean forecast across saved fits
F09,M4,Boosted trees,2025,12,454,12.267142,0.71365639,0.18032787,0.18741994,447,0.53691275,within-architecture mean forecast across saved fits
F09,M4,Boosted trees,2025,13,496,12.40885,0.71370968,0.16666667,0.18592705,489,0.53169734,within-architecture mean forecast across saved fits
F09,M4,Boosted trees,2025,14,544,12.434365,0.71507353,0.17808219,0.1861247,533,0.52908068,within-architecture mean forecast across saved fits
F09,M4,Boosted trees,2025,15,552,12.442732,0.71195652,0.17449664,0.18708282,541,0.52495379,within-architecture mean forecast across saved fits
F09,M4,Boosted trees,2025,16,553,12.444705,0.7124774,0.17449664,0.18681709,542,0.52398524,within-architecture mean forecast across saved fits
F09,M5,Neural net,2024,1,27,18.041514,0.62962963,0,0.20461218,27,0.48148148,within-architecture mean forecast across saved fits
F09,M5,Neural net,2024,2,67,18.774977,0.59701493,0.2173913,0.22756229,66,0.46969697,within-architecture mean forecast across saved fits
F09,M5,Neural net,2024,3,112,18.141634,0.64285714,0.28125,0.21257015,110,0.44545455,within-architecture mean forecast across saved fits
F09,M5,Neural net,2024,4,158,17.303592,0.63924051,0.34090909,0.2057348,156,0.46794872,within-architecture mean forecast across saved fits
F09,M5,Neural net,2024,5,202,16.591866,0.63861386,0.34482759,0.21312203,198,0.47979798,within-architecture mean forecast across saved fits
F09,M5,Neural net,2024,6,241,15.865615,0.6473029,0.33333333,0.21172263,236,0.47881356,within-architecture mean forecast across saved fits
F09,M5,Neural net,2024,7,288,15.621253,0.64583333,0.34567901,0.21153726,281,0.46263345,within-architecture mean forecast across saved fits
F09,M5,Neural net,2024,8,339,15.339307,0.62831858,0.32291667,0.2174735,331,0.45619335,within-architecture mean forecast across saved fits
F09,M5,Neural net,2024,9,384,15.003847,0.6328125,0.29245283,0.21204604,374,0.48128342,within-architecture mean forecast across saved fits
F09,M5,Neural net,2024,10,423,14.973594,0.62884161,0.29508197,0.2175235,412,0.48058252,within-architecture mean forecast across saved fits
F09,M5,Neural net,2024,11,465,14.93994,0.63225806,0.28571429,0.21867353,453,0.47461369,within-architecture mean forecast across saved fits
F09,M5,Neural net,2024,12,509,14.69302,0.64243615,0.29166667,0.21485081,496,0.48387097,within-architecture mean forecast across saved fits
F09,M5,Neural net,2024,13,561,14.615798,0.64171123,0.29375,0.21332542,548,0.48175182,within-architecture mean forecast across saved fits
F09,M5,Neural net,2024,14,618,14.680358,0.63754045,0.28409091,0.21668022,603,0.47263682,within-architecture mean forecast across saved fits
F09,M5,Neural net,2024,15,625,14.713385,0.64,0.29834254,0.21665278,610,0.47540984,within-architecture mean forecast across saved fits
F09,M5,Neural net,2024,16,626,14.748424,0.63897764,0.2967033,0.21749504,611,0.47463175,within-architecture mean forecast across saved fits
F09,M5,Neural net,2025,1,30,12.624342,0.66666667,0.4,0.20886893,30,0.63333333,within-architecture mean forecast across saved fits
F09,M5,Neural net,2025,2,68,14.381731,0.67647059,0.35714286,0.19205734,66,0.59090909,within-architecture mean forecast across saved fits
F09,M5,Neural net,2025,3,102,14.483253,0.68627451,0.375,0.18943321,100,0.56,within-architecture mean forecast across saved fits
F09,M5,Neural net,2025,4,138,13.894159,0.69565217,0.38235294,0.19566823,135,0.55555556,within-architecture mean forecast across saved fits
F09,M5,Neural net,2025,5,176,13.484489,0.70454545,0.37209302,0.19670345,172,0.54651163,within-architecture mean forecast across saved fits
F09,M5,Neural net,2025,6,213,13.592586,0.69483568,0.32,0.20065693,209,0.51196172,within-architecture mean forecast across saved fits
F09,M5,Neural net,2025,7,254,13.798527,0.67716535,0.28125,0.2055214,249,0.51807229,within-architecture mean forecast across saved fits
F09,M5,Neural net,2025,8,299,13.704159,0.66889632,0.29487179,0.2076989,294,0.52380952,within-architecture mean forecast across saved fits
F09,M5,Neural net,2025,9,335,13.628954,0.68059701,0.32954545,0.20352891,328,0.51829268,within-architecture mean forecast across saved fits
F09,M5,Neural net,2025,10,377,13.629787,0.67374005,0.33663366,0.20676803,370,0.51081081,within-architecture mean forecast across saved fits
F09,M5,Neural net,2025,11,412,13.642766,0.67961165,0.34210526,0.20948036,405,0.51111111,within-architecture mean forecast across saved fits
F09,M5,Neural net,2025,12,454,13.880167,0.67400881,0.33606557,0.21021296,447,0.50111857,within-architecture mean forecast across saved fits
F09,M5,Neural net,2025,13,496,13.951182,0.67741935,0.33333333,0.20870456,489,0.49284254,within-architecture mean forecast across saved fits
F09,M5,Neural net,2025,14,544,13.859521,0.68382353,0.35616438,0.20606633,533,0.49530957,within-architecture mean forecast across saved fits
F09,M5,Neural net,2025,15,552,13.821875,0.68297101,0.3557047,0.20645173,541,0.4935305,within-architecture mean forecast across saved fits
F09,M5,Neural net,2025,16,553,13.823299,0.6835443,0.3557047,0.20613664,542,0.49261993,within-architecture mean forecast across saved fits
F10,M1,Linear,2024,1,27,19.221298,0.66666667,0,0.20913703,27,0.37037037,within-architecture mean forecast across saved fits
F10,M1,Linear,2024,2,67,17.728897,0.65671642,0.17391304,0.22044384,66,0.39393939,within-architecture mean forecast across saved fits
F10,M1,Linear,2024,3,112,16.708336,0.69642857,0.25,0.19450095,110,0.40909091,within-architecture mean forecast across saved fits
F10,M1,Linear,2024,4,158,15.906198,0.71518987,0.25,0.18532189,156,0.45512821,within-architecture mean forecast across saved fits
F10,M1,Linear,2024,5,202,15.141076,0.71287129,0.29310345,0.18618597,198,0.45454545,within-architecture mean forecast across saved fits
F10,M1,Linear,2024,6,241,14.647571,0.70954357,0.30434783,0.18889619,236,0.46610169,within-architecture mean forecast across saved fits
F10,M1,Linear,2024,7,288,14.227708,0.70486111,0.30864198,0.18895192,281,0.47330961,within-architecture mean forecast across saved fits
F10,M1,Linear,2024,8,339,13.959133,0.69321534,0.30208333,0.19255735,331,0.47734139,within-architecture mean forecast across saved fits
F10,M1,Linear,2024,9,384,13.577465,0.7109375,0.31132075,0.1864293,374,0.49197861,within-architecture mean forecast across saved fits
F10,M1,Linear,2024,10,423,13.541084,0.69976359,0.29508197,0.19185712,412,0.5,within-architecture mean forecast across saved fits
F10,M1,Linear,2024,11,465,13.38131,0.70322581,0.28571429,0.19091421,453,0.49006623,within-architecture mean forecast across saved fits
F10,M1,Linear,2024,12,509,13.184563,0.70923379,0.28472222,0.18797531,497,0.49496982,within-architecture mean forecast across saved fits
F10,M1,Linear,2024,13,561,13.112212,0.71122995,0.28125,0.18727945,549,0.49544627,within-architecture mean forecast across saved fits
F10,M1,Linear,2024,14,618,13.070846,0.70226537,0.27272727,0.18974635,604,0.49668874,within-architecture mean forecast across saved fits
F10,M1,Linear,2024,15,625,13.160655,0.6992,0.27071823,0.19091486,611,0.49590835,within-architecture mean forecast across saved fits
F10,M1,Linear,2024,16,626,13.182671,0.69808307,0.26923077,0.19142625,612,0.49509804,within-architecture mean forecast across saved fits
F10,M1,Linear,2025,1,30,11.547161,0.73333333,0.4,0.18311965,30,0.73333333,within-architecture mean forecast across saved fits
F10,M1,Linear,2025,2,68,11.999219,0.79411765,0.42857143,0.15960507,66,0.6969697,within-architecture mean forecast across saved fits
F10,M1,Linear,2025,3,102,12.175508,0.7745098,0.33333333,0.16282889,100,0.65,within-architecture mean forecast across saved fits
F10,M1,Linear,2025,4,138,12.258485,0.74637681,0.26470588,0.17215182,135,0.63703704,within-architecture mean forecast across saved fits
F10,M1,Linear,2025,5,176,11.9086,0.72159091,0.25581395,0.18059813,172,0.59302326,within-architecture mean forecast across saved fits
F10,M1,Linear,2025,6,213,11.824636,0.72300469,0.24,0.18213302,209,0.57894737,within-architecture mean forecast across saved fits
F10,M1,Linear,2025,7,254,11.865714,0.71259843,0.203125,0.18680269,249,0.57429719,within-architecture mean forecast across saved fits
F10,M1,Linear,2025,8,299,11.855683,0.70568562,0.20512821,0.18855509,294,0.57482993,within-architecture mean forecast across saved fits
F10,M1,Linear,2025,9,335,11.912021,0.71343284,0.21590909,0.18555266,328,0.55487805,within-architecture mean forecast across saved fits
F10,M1,Linear,2025,10,377,11.975921,0.71352785,0.21782178,0.1876909,370,0.54054054,within-architecture mean forecast across saved fits
F10,M1,Linear,2025,11,412,11.961136,0.70873786,0.20175439,0.18966439,405,0.54320988,within-architecture mean forecast across saved fits
F10,M1,Linear,2025,12,454,12.040119,0.71585903,0.19672131,0.18620825,447,0.53243848,within-architecture mean forecast across saved fits
F10,M1,Linear,2025,13,496,12.171162,0.71774194,0.18939394,0.18421055,489,0.53169734,within-architecture mean forecast across saved fits
F10,M1,Linear,2025,14,544,12.16313,0.72610294,0.21917808,0.18309222,533,0.54033771,within-architecture mean forecast across saved fits
F10,M1,Linear,2025,15,552,12.167706,0.72463768,0.2147651,0.18380762,541,0.53604436,within-architecture mean forecast across saved fits
F10,M1,Linear,2025,16,553,12.168633,0.72513562,0.2147651,0.18354974,542,0.53505535,within-architecture mean forecast across saved fits
F10,M10,KNN,2024,1,27,17.772222,0.7037037,0.125,0.18470734,27,0.40740741,within-architecture mean forecast across saved fits
F10,M10,KNN,2024,2,67,16.961194,0.68656716,0.34782609,0.19966053,65,0.49230769,within-architecture mean forecast across saved fits
F10,M10,KNN,2024,3,112,16.935714,0.71428571,0.34375,0.19124783,109,0.46788991,within-architecture mean forecast across saved fits
F10,M10,KNN,2024,4,158,15.943671,0.74683544,0.38636364,0.18367185,155,0.48387097,within-architecture mean forecast across saved fits
F10,M10,KNN,2024,5,202,15.47203,0.73267327,0.36206897,0.1916697,197,0.47208122,within-architecture mean forecast across saved fits
F10,M10,KNN,2024,6,241,14.844606,0.73029046,0.33333333,0.19255248,235,0.50638298,within-architecture mean forecast across saved fits
F10,M10,KNN,2024,7,288,14.810764,0.70486111,0.33333333,0.19911517,279,0.50179211,within-architecture mean forecast across saved fits
F10,M10,KNN,2024,8,339,14.536578,0.68436578,0.32291667,0.20363739,329,0.49240122,within-architecture mean forecast across saved fits
F10,M10,KNN,2024,9,384,14.214323,0.6953125,0.33962264,0.20140626,372,0.50537634,within-architecture mean forecast across saved fits
F10,M10,KNN,2024,10,423,14.241017,0.678487,0.31967213,0.20829174,410,0.5,within-architecture mean forecast across saved fits
F10,M10,KNN,2024,11,465,14.211183,0.6688172,0.31578947,0.20924214,451,0.49889135,within-architecture mean forecast across saved fits
F10,M10,KNN,2024,12,509,13.962279,0.67976424,0.31944444,0.20496321,495,0.50909091,within-architecture mean forecast across saved fits
F10,M10,KNN,2024,13,561,13.877094,0.68270945,0.325,0.20303594,547,0.51919561,within-architecture mean forecast across saved fits
F10,M10,KNN,2024,14,618,13.910356,0.67799353,0.3125,0.20544392,602,0.51328904,within-architecture mean forecast across saved fits
F10,M10,KNN,2024,15,625,13.94712,0.6752,0.30939227,0.20533191,609,0.51724138,within-architecture mean forecast across saved fits
F10,M10,KNN,2024,16,626,13.960463,0.67412141,0.30769231,0.20549325,610,0.51803279,within-architecture mean forecast across saved fits
F10,M10,KNN,2025,1,30,11.255,0.66666667,0.4,0.17179475,30,0.63333333,within-architecture mean forecast across saved fits
F10,M10,KNN,2025,2,68,13.65,0.72058824,0.42857143,0.18772187,66,0.57575758,within-architecture mean forecast across saved fits
F10,M10,KNN,2025,3,102,13.133824,0.73529412,0.41666667,0.18472821,100,0.58,within-architecture mean forecast across saved fits
F10,M10,KNN,2025,4,138,13.057971,0.7173913,0.35294118,0.19165553,134,0.58208955,within-architecture mean forecast across saved fits
F10,M10,KNN,2025,5,176,12.763636,0.70454545,0.27906977,0.2013172,170,0.54705882,within-architecture mean forecast across saved fits
F10,M10,KNN,2025,6,213,12.578638,0.70892019,0.26,0.20097453,207,0.56521739,within-architecture mean forecast across saved fits
F10,M10,KNN,2025,7,254,12.66122,0.70866142,0.296875,0.20230877,246,0.54878049,within-architecture mean forecast across saved fits
F10,M10,KNN,2025,8,299,12.990635,0.69565217,0.28205128,0.20798622,291,0.53608247,within-architecture mean forecast across saved fits
F10,M10,KNN,2025,9,335,12.906119,0.69552239,0.28409091,0.20538876,325,0.52615385,within-architecture mean forecast across saved fits
F10,M10,KNN,2025,10,377,12.97122,0.68700265,0.28712871,0.20713927,367,0.52861035,within-architecture mean forecast across saved fits
F10,M10,KNN,2025,11,412,13.029854,0.6868932,0.28070175,0.20888957,402,0.5199005,within-architecture mean forecast across saved fits
F10,M10,KNN,2025,12,454,13.128524,0.68942731,0.2704918,0.20693097,444,0.51351351,within-architecture mean forecast across saved fits
F10,M10,KNN,2025,13,496,13.202923,0.69153226,0.26515152,0.20374561,486,0.51440329,within-architecture mean forecast across saved fits
F10,M10,KNN,2025,14,544,13.318934,0.6875,0.2739726,0.20514567,529,0.50661626,within-architecture mean forecast across saved fits
F10,M10,KNN,2025,15,552,13.322011,0.68478261,0.26845638,0.20617655,537,0.50465549,within-architecture mean forecast across saved fits
F10,M10,KNN,2025,16,553,13.323689,0.68535262,0.26845638,0.205892,538,0.50371747,within-architecture mean forecast across saved fits
F10,M2,Spline,2024,1,27,17.777264,0.66666667,0.125,0.18830401,27,0.40740741,within-architecture mean forecast across saved fits
F10,M2,Spline,2024,2,67,17.521136,0.64179104,0.2173913,0.203842,66,0.40909091,within-architecture mean forecast across saved fits
F10,M2,Spline,2024,3,112,16.658156,0.6875,0.1875,0.1835221,110,0.43636364,within-architecture mean forecast across saved fits
F10,M2,Spline,2024,4,158,15.904438,0.70886076,0.22727273,0.17865616,156,0.44871795,within-architecture mean forecast across saved fits
F10,M2,Spline,2024,5,202,14.981147,0.71287129,0.27586207,0.18144022,198,0.46464646,within-architecture mean forecast across saved fits
F10,M2,Spline,2024,6,241,14.522306,0.70954357,0.28985507,0.18435723,236,0.46186441,within-architecture mean forecast across saved fits
F10,M2,Spline,2024,7,288,14.294524,0.70486111,0.28395062,0.18691948,281,0.4519573,within-architecture mean forecast across saved fits
F10,M2,Spline,2024,8,339,14.107133,0.68436578,0.25,0.19373509,331,0.45317221,within-architecture mean forecast across saved fits
F10,M2,Spline,2024,9,384,13.766669,0.70052083,0.26415094,0.18854987,374,0.47326203,within-architecture mean forecast across saved fits
F10,M2,Spline,2024,10,423,13.791855,0.69503546,0.27868852,0.1945857,412,0.47087379,within-architecture mean forecast across saved fits
F10,M2,Spline,2024,11,465,13.663285,0.69462366,0.26315789,0.19520422,453,0.47682119,within-architecture mean forecast across saved fits
F10,M2,Spline,2024,12,509,13.449035,0.70137525,0.26388889,0.19215372,497,0.49094567,within-architecture mean forecast across saved fits
F10,M2,Spline,2024,13,561,13.417162,0.69875223,0.26875,0.19228316,549,0.49726776,within-architecture mean forecast across saved fits
F10,M2,Spline,2024,14,618,13.464924,0.69093851,0.25,0.19614437,604,0.49006623,within-architecture mean forecast across saved fits
F10,M2,Spline,2024,15,625,13.533347,0.6912,0.25966851,0.19681507,611,0.49263502,within-architecture mean forecast across saved fits
F10,M2,Spline,2024,16,626,13.566029,0.69009585,0.25824176,0.19757805,612,0.49183007,within-architecture mean forecast across saved fits
F10,M2,Spline,2025,1,30,12.030558,0.73333333,0.4,0.17964668,30,0.6,within-architecture mean forecast across saved fits
F10,M2,Spline,2025,2,68,13.505903,0.75,0.42857143,0.18129486,66,0.63636364,within-architecture mean forecast across saved fits
F10,M2,Spline,2025,3,102,13.164817,0.73529412,0.41666667,0.17309391,100,0.6,within-architecture mean forecast across saved fits
F10,M2,Spline,2025,4,138,12.903344,0.73913043,0.35294118,0.180671,135,0.59259259,within-architecture mean forecast across saved fits
F10,M2,Spline,2025,5,176,12.480789,0.72159091,0.3255814,0.18871354,172,0.55813953,within-architecture mean forecast across saved fits
F10,M2,Spline,2025,6,213,12.368289,0.73239437,0.3,0.18779878,209,0.54066986,within-architecture mean forecast across saved fits
F10,M2,Spline,2025,7,254,12.451919,0.71259843,0.28125,0.19276855,249,0.5502008,within-architecture mean forecast across saved fits
F10,M2,Spline,2025,8,299,12.436171,0.70568562,0.26923077,0.19764634,294,0.57142857,within-architecture mean forecast across saved fits
F10,M2,Spline,2025,9,335,12.430317,0.72238806,0.29545455,0.19296165,328,0.55487805,within-architecture mean forecast across saved fits
F10,M2,Spline,2025,10,377,12.423817,0.72148541,0.30693069,0.19485675,370,0.54864865,within-architecture mean forecast across saved fits
F10,M2,Spline,2025,11,412,12.408323,0.71116505,0.28070175,0.19716294,405,0.54567901,within-architecture mean forecast across saved fits
F10,M2,Spline,2025,12,454,12.549982,0.71365639,0.2704918,0.19516259,447,0.53691275,within-architecture mean forecast across saved fits
F10,M2,Spline,2025,13,496,12.703399,0.71370968,0.26515152,0.19404062,489,0.52556237,within-architecture mean forecast across saved fits
F10,M2,Spline,2025,14,544,12.662635,0.72058824,0.28767123,0.19322104,533,0.53658537,within-architecture mean forecast across saved fits
F10,M2,Spline,2025,15,552,12.656657,0.7192029,0.2885906,0.19376652,541,0.53604436,within-architecture mean forecast across saved fits
F10,M2,Spline,2025,16,553,12.669242,0.71971067,0.2885906,0.19344154,542,0.53505535,within-architecture mean forecast across saved fits
F10,M3,Random forest,2024,1,27,16.867146,0.66666667,0,0.17352901,27,0.48148148,within-architecture mean forecast across saved fits
F10,M3,Random forest,2024,2,67,16.451814,0.65671642,0.17391304,0.19942176,66,0.5,within-architecture mean forecast across saved fits
F10,M3,Random forest,2024,3,112,16.005681,0.71428571,0.25,0.1799975,110,0.49090909,within-architecture mean forecast across saved fits
F10,M3,Random forest,2024,4,158,15.381153,0.70886076,0.25,0.1794642,156,0.48717949,within-architecture mean forecast across saved fits
F10,M3,Random forest,2024,5,202,14.460955,0.71782178,0.29310345,0.18082609,198,0.49494949,within-architecture mean forecast across saved fits
F10,M3,Random forest,2024,6,241,13.949004,0.71369295,0.27536232,0.18421445,236,0.51271186,within-architecture mean forecast across saved fits
F10,M3,Random forest,2024,7,288,13.686022,0.71527778,0.28395062,0.1843657,281,0.50533808,within-architecture mean forecast across saved fits
F10,M3,Random forest,2024,8,339,13.490592,0.69911504,0.25,0.18824822,331,0.49244713,within-architecture mean forecast across saved fits
F10,M3,Random forest,2024,9,384,13.287209,0.7109375,0.25471698,0.18470642,374,0.49465241,within-architecture mean forecast across saved fits
F10,M3,Random forest,2024,10,423,13.299512,0.70449173,0.23770492,0.19162955,412,0.5,within-architecture mean forecast across saved fits
F10,M3,Random forest,2024,11,465,13.211676,0.70967742,0.2481203,0.19162068,453,0.49448124,within-architecture mean forecast across saved fits
F10,M3,Random forest,2024,12,509,13.069368,0.71316306,0.24305556,0.18949613,497,0.49899396,within-architecture mean forecast across saved fits
F10,M3,Random forest,2024,13,561,12.979331,0.71657754,0.25,0.18771687,549,0.50637523,within-architecture mean forecast across saved fits
F10,M3,Random forest,2024,14,618,12.921591,0.71521036,0.24431818,0.18896272,604,0.5,within-architecture mean forecast across saved fits
F10,M3,Random forest,2024,15,625,13.001702,0.7136,0.24861878,0.18977268,611,0.50081833,within-architecture mean forecast across saved fits
F10,M3,Random forest,2024,16,626,13.021754,0.71246006,0.24725275,0.19021993,612,0.5,within-architecture mean forecast across saved fits
F10,M3,Random forest,2025,1,30,11.34523,0.73333333,0.4,0.17477984,30,0.63333333,within-architecture mean forecast across saved fits
F10,M3,Random forest,2025,2,68,12.30127,0.76470588,0.42857143,0.16639219,66,0.63636364,within-architecture mean forecast across saved fits
F10,M3,Random forest,2025,3,102,12.241891,0.7745098,0.41666667,0.1632211,100,0.65,within-architecture mean forecast across saved fits
F10,M3,Random forest,2025,4,138,12.334357,0.76086957,0.38235294,0.17225632,135,0.62962963,within-architecture mean forecast across saved fits
F10,M3,Random forest,2025,5,176,11.894761,0.73863636,0.30232558,0.1798999,172,0.61046512,within-architecture mean forecast across saved fits
F10,M3,Random forest,2025,6,213,11.958845,0.73239437,0.28,0.18192734,209,0.57416268,within-architecture mean forecast across saved fits
F10,M3,Random forest,2025,7,254,12.086327,0.71259843,0.234375,0.18692607,249,0.56626506,within-architecture mean forecast across saved fits
F10,M3,Random forest,2025,8,299,12.00899,0.71237458,0.23076923,0.18926005,294,0.58163265,within-architecture mean forecast across saved fits
F10,M3,Random forest,2025,9,335,11.994562,0.71940299,0.22727273,0.18564801,328,0.56402439,within-architecture mean forecast across saved fits
F10,M3,Random forest,2025,10,377,12.048131,0.71618037,0.21782178,0.1880012,370,0.55405405,within-architecture mean forecast across saved fits
F10,M3,Random forest,2025,11,412,12.00646,0.71601942,0.21929825,0.18990242,405,0.55802469,within-architecture mean forecast across saved fits
F10,M3,Random forest,2025,12,454,12.106412,0.72026432,0.20491803,0.18663465,447,0.54362416,within-architecture mean forecast across saved fits
F10,M3,Random forest,2025,13,496,12.251775,0.72379032,0.1969697,0.18468726,489,0.54601227,within-architecture mean forecast across saved fits
F10,M3,Random forest,2025,14,544,12.239895,0.72426471,0.20547945,0.18427934,533,0.54596623,within-architecture mean forecast across saved fits
F10,M3,Random forest,2025,15,552,12.251276,0.72101449,0.20134228,0.18521134,541,0.54343808,within-architecture mean forecast across saved fits
F10,M3,Random forest,2025,16,553,12.253316,0.72151899,0.20134228,0.18494204,542,0.54243542,within-architecture mean forecast across saved fits
F10,M4,Boosted trees,2024,1,27,17.03836,0.66666667,0,0.17441732,27,0.48148148,within-architecture mean forecast across saved fits
F10,M4,Boosted trees,2024,2,67,16.25612,0.67164179,0.2173913,0.1939541,66,0.53030303,within-architecture mean forecast across saved fits
F10,M4,Boosted trees,2024,3,112,16.002415,0.71428571,0.28125,0.18245528,110,0.47272727,within-architecture mean forecast across saved fits
F10,M4,Boosted trees,2024,4,158,15.491102,0.68987342,0.25,0.18307951,156,0.48076923,within-architecture mean forecast across saved fits
F10,M4,Boosted trees,2024,5,202,14.709395,0.6980198,0.31034483,0.18496643,198,0.46969697,within-architecture mean forecast across saved fits
F10,M4,Boosted trees,2024,6,241,14.142195,0.69294606,0.28985507,0.18854635,236,0.48728814,within-architecture mean forecast across saved fits
F10,M4,Boosted trees,2024,7,288,13.823456,0.69791667,0.2962963,0.18761728,281,0.48754448,within-architecture mean forecast across saved fits
F10,M4,Boosted trees,2024,8,339,13.617783,0.67846608,0.26041667,0.19217752,331,0.47734139,within-architecture mean forecast across saved fits
F10,M4,Boosted trees,2024,9,384,13.445756,0.6875,0.25471698,0.1886978,374,0.46791444,within-architecture mean forecast across saved fits
F10,M4,Boosted trees,2024,10,423,13.430977,0.68321513,0.25409836,0.19491921,412,0.47815534,within-architecture mean forecast across saved fits
F10,M4,Boosted trees,2024,11,465,13.37975,0.69032258,0.26315789,0.19535856,453,0.46799117,within-architecture mean forecast across saved fits
F10,M4,Boosted trees,2024,12,509,13.232433,0.6935167,0.25,0.19266461,497,0.46881288,within-architecture mean forecast across saved fits
F10,M4,Boosted trees,2024,13,561,13.149643,0.6969697,0.25,0.19069592,549,0.48087432,within-architecture mean forecast across saved fits
F10,M4,Boosted trees,2024,14,618,13.087521,0.69417476,0.24431818,0.19204591,604,0.47682119,within-architecture mean forecast across saved fits
F10,M4,Boosted trees,2024,15,625,13.161986,0.6928,0.24861878,0.19271295,611,0.4811784,within-architecture mean forecast across saved fits
F10,M4,Boosted trees,2024,16,626,13.181711,0.69169329,0.24725275,0.19315143,612,0.48039216,within-architecture mean forecast across saved fits
F10,M4,Boosted trees,2025,1,30,11.20275,0.73333333,0.4,0.17276448,30,0.73333333,within-architecture mean forecast across saved fits
F10,M4,Boosted trees,2025,2,68,12.192106,0.77941176,0.42857143,0.16235614,66,0.63636364,within-architecture mean forecast across saved fits
F10,M4,Boosted trees,2025,3,102,12.344004,0.7745098,0.375,0.16154384,100,0.64,within-architecture mean forecast across saved fits
F10,M4,Boosted trees,2025,4,138,12.555319,0.76086957,0.35294118,0.17289904,135,0.62222222,within-architecture mean forecast across saved fits
F10,M4,Boosted trees,2025,5,176,12.068377,0.73863636,0.27906977,0.17907279,172,0.60465116,within-architecture mean forecast across saved fits
F10,M4,Boosted trees,2025,6,213,12.050557,0.74178404,0.26,0.18045332,209,0.5645933,within-architecture mean forecast across saved fits
F10,M4,Boosted trees,2025,7,254,12.209199,0.72440945,0.21875,0.18616004,249,0.54618474,within-architecture mean forecast across saved fits
F10,M4,Boosted trees,2025,8,299,12.142564,0.72575251,0.21794872,0.18820967,294,0.55782313,within-architecture mean forecast across saved fits
F10,M4,Boosted trees,2025,9,335,12.110392,0.73432836,0.22727273,0.1848936,328,0.54268293,within-architecture mean forecast across saved fits
F10,M4,Boosted trees,2025,10,377,12.115574,0.72413793,0.21782178,0.18686911,370,0.53513514,within-architecture mean forecast across saved fits
F10,M4,Boosted trees,2025,11,412,12.045236,0.72087379,0.21052632,0.1881248,405,0.53333333,within-architecture mean forecast across saved fits
F10,M4,Boosted trees,2025,12,454,12.145345,0.7246696,0.19672131,0.18557687,447,0.51454139,within-architecture mean forecast across saved fits
F10,M4,Boosted trees,2025,13,496,12.290934,0.72782258,0.1969697,0.18401433,489,0.51124744,within-architecture mean forecast across saved fits
F10,M4,Boosted trees,2025,14,544,12.323055,0.72794118,0.21232877,0.18455957,533,0.51031895,within-architecture mean forecast across saved fits
F10,M4,Boosted trees,2025,15,552,12.329049,0.72463768,0.20805369,0.1854545,541,0.50831793,within-architecture mean forecast across saved fits
F10,M4,Boosted trees,2025,16,553,12.33142,0.72513562,0.20805369,0.18518348,542,0.50738007,within-architecture mean forecast across saved fits
F10,M5,Neural net,2024,1,27,17.196083,0.7037037,0,0.18495041,27,0.55555556,within-architecture mean forecast across saved fits
F10,M5,Neural net,2024,2,67,18.075131,0.68656716,0.39130435,0.21028059,66,0.45454545,within-architecture mean forecast across saved fits
F10,M5,Neural net,2024,3,112,17.545451,0.67857143,0.3125,0.19869954,110,0.42727273,within-architecture mean forecast across saved fits
F10,M5,Neural net,2024,4,158,16.905155,0.6835443,0.29545455,0.19525556,156,0.43589744,within-architecture mean forecast across saved fits
F10,M5,Neural net,2024,5,202,16.504497,0.65841584,0.31034483,0.20610573,198,0.45454545,within-architecture mean forecast across saved fits
F10,M5,Neural net,2024,6,241,15.892365,0.65975104,0.28985507,0.20778403,236,0.45762712,within-architecture mean forecast across saved fits
F10,M5,Neural net,2024,7,288,15.523911,0.65972222,0.30864198,0.20694969,281,0.4519573,within-architecture mean forecast across saved fits
F10,M5,Neural net,2024,8,339,15.132948,0.65781711,0.3125,0.20996833,331,0.46223565,within-architecture mean forecast across saved fits
F10,M5,Neural net,2024,9,384,14.798047,0.66927083,0.31132075,0.20463158,374,0.47326203,within-architecture mean forecast across saved fits
F10,M5,Neural net,2024,10,423,14.811602,0.65484634,0.29508197,0.21135547,412,0.4684466,within-architecture mean forecast across saved fits
F10,M5,Neural net,2024,11,465,14.783263,0.65806452,0.28571429,0.21079518,453,0.46578366,within-architecture mean forecast across saved fits
F10,M5,Neural net,2024,12,509,14.620412,0.66208251,0.29166667,0.20821407,496,0.47379032,within-architecture mean forecast across saved fits
F10,M5,Neural net,2024,13,561,14.502648,0.66488414,0.30625,0.20535856,548,0.47992701,within-architecture mean forecast across saved fits
F10,M5,Neural net,2024,14,618,14.561436,0.65857605,0.30113636,0.20860493,603,0.47263682,within-architecture mean forecast across saved fits
F10,M5,Neural net,2024,15,625,14.651545,0.656,0.3038674,0.20896419,610,0.47213115,within-architecture mean forecast across saved fits
F10,M5,Neural net,2024,16,626,14.662054,0.65495208,0.3021978,0.2092014,611,0.47299509,within-architecture mean forecast across saved fits
F10,M5,Neural net,2025,1,30,11.592356,0.56666667,0,0.18938908,30,0.66666667,within-architecture mean forecast across saved fits
F10,M5,Neural net,2025,2,68,13.454777,0.67647059,0.28571429,0.17763189,66,0.65151515,within-architecture mean forecast across saved fits
F10,M5,Neural net,2025,3,102,13.036248,0.67647059,0.29166667,0.17510967,100,0.63,within-architecture mean forecast across saved fits
F10,M5,Neural net,2025,4,138,13.238522,0.68115942,0.32352941,0.18364042,135,0.61481481,within-architecture mean forecast across saved fits
F10,M5,Neural net,2025,5,176,13.295647,0.67613636,0.30232558,0.19444753,172,0.55813953,within-architecture mean forecast across saved fits
F10,M5,Neural net,2025,6,213,13.428847,0.66666667,0.26,0.20077785,209,0.54066986,within-architecture mean forecast across saved fits
F10,M5,Neural net,2025,7,254,13.569404,0.65748031,0.25,0.20613648,249,0.53413655,within-architecture mean forecast across saved fits
F10,M5,Neural net,2025,8,299,13.675488,0.64214047,0.24358974,0.21356286,294,0.52040816,within-architecture mean forecast across saved fits
F10,M5,Neural net,2025,9,335,13.584154,0.64776119,0.26136364,0.20922647,328,0.5152439,within-architecture mean forecast across saved fits
F10,M5,Neural net,2025,10,377,13.811731,0.64721485,0.28712871,0.21350018,370,0.51081081,within-architecture mean forecast across saved fits
F10,M5,Neural net,2025,11,412,13.776199,0.64563107,0.27192982,0.21609188,405,0.51604938,within-architecture mean forecast across saved fits
F10,M5,Neural net,2025,12,454,13.93773,0.64096916,0.25409836,0.2163685,447,0.50559284,within-architecture mean forecast across saved fits
F10,M5,Neural net,2025,13,496,14.149718,0.64112903,0.25,0.21586648,489,0.49284254,within-architecture mean forecast across saved fits
F10,M5,Neural net,2025,14,544,14.093197,0.65073529,0.28082192,0.21317015,533,0.49530957,within-architecture mean forecast across saved fits
F10,M5,Neural net,2025,15,552,14.130254,0.64673913,0.28187919,0.21455145,541,0.4935305,within-architecture mean forecast across saved fits
F10,M5,Neural net,2025,16,553,14.126113,0.64737794,0.28187919,0.21425674,542,0.49261993,within-architecture mean forecast across saved fits
F11,M1,Linear,2024,1,27,19.031802,0.66666667,0,0.20774205,27,0.40740741,within-architecture mean forecast across saved fits
F11,M1,Linear,2024,2,67,17.688313,0.64179104,0.17391304,0.22042072,66,0.40909091,within-architecture mean forecast across saved fits
F11,M1,Linear,2024,3,112,16.666861,0.67857143,0.21875,0.19158109,110,0.42727273,within-architecture mean forecast across saved fits
F11,M1,Linear,2024,4,158,15.87389,0.70253165,0.22727273,0.18239285,156,0.45512821,within-architecture mean forecast across saved fits
F11,M1,Linear,2024,5,202,15.063916,0.70792079,0.27586207,0.18323079,198,0.45959596,within-architecture mean forecast across saved fits
F11,M1,Linear,2024,6,241,14.570036,0.70124481,0.27536232,0.18622849,236,0.47457627,within-architecture mean forecast across saved fits
F11,M1,Linear,2024,7,288,14.158387,0.70138889,0.28395062,0.18678256,281,0.47686833,within-architecture mean forecast across saved fits
F11,M1,Linear,2024,8,339,13.866985,0.69026549,0.27083333,0.19025274,331,0.47734139,within-architecture mean forecast across saved fits
F11,M1,Linear,2024,9,384,13.481099,0.70833333,0.28301887,0.18429071,374,0.48930481,within-architecture mean forecast across saved fits
F11,M1,Linear,2024,10,423,13.473379,0.69739953,0.27868852,0.18994108,412,0.49757282,within-architecture mean forecast across saved fits
F11,M1,Linear,2024,11,465,13.344787,0.69677419,0.26315789,0.18936976,453,0.49227373,within-architecture mean forecast across saved fits
F11,M1,Linear,2024,12,509,13.156616,0.70137525,0.26388889,0.18645635,497,0.49496982,within-architecture mean forecast across saved fits
F11,M1,Linear,2024,13,561,13.081263,0.70053476,0.2625,0.18575395,549,0.49544627,within-architecture mean forecast across saved fits
F11,M1,Linear,2024,14,618,13.035317,0.69417476,0.25568182,0.18815292,604,0.49668874,within-architecture mean forecast across saved fits
F11,M1,Linear,2024,15,625,13.122425,0.6912,0.25414365,0.18923719,611,0.49754501,within-architecture mean forecast across saved fits
F11,M1,Linear,2024,16,626,13.143871,0.69009585,0.25274725,0.1897303,612,0.49673203,within-architecture mean forecast across saved fits
F11,M1,Linear,2025,1,30,11.243432,0.73333333,0.4,0.18215656,30,0.76666667,within-architecture mean forecast across saved fits
F11,M1,Linear,2025,2,68,11.996113,0.79411765,0.42857143,0.16078998,66,0.71212121,within-architecture mean forecast across saved fits
F11,M1,Linear,2025,3,102,12.227617,0.7745098,0.33333333,0.16431958,100,0.65,within-architecture mean forecast across saved fits
F11,M1,Linear,2025,4,138,12.347125,0.73913043,0.26470588,0.1732753,135,0.63703704,within-architecture mean forecast across saved fits
F11,M1,Linear,2025,5,176,11.920347,0.72159091,0.25581395,0.18036994,172,0.60465116,within-architecture mean forecast across saved fits
F11,M1,Linear,2025,6,213,11.832284,0.71830986,0.22,0.18194172,209,0.59330144,within-architecture mean forecast across saved fits
F11,M1,Linear,2025,7,254,11.866274,0.70866142,0.1875,0.18645625,249,0.57831325,within-architecture mean forecast across saved fits
F11,M1,Linear,2025,8,299,11.888859,0.70234114,0.19230769,0.18904841,294,0.57482993,within-architecture mean forecast across saved fits
F11,M1,Linear,2025,9,335,11.913124,0.71044776,0.20454545,0.18607717,328,0.55182927,within-architecture mean forecast across saved fits
F11,M1,Linear,2025,10,377,11.974252,0.71087533,0.20792079,0.18811998,370,0.53783784,within-architecture mean forecast across saved fits
F11,M1,Linear,2025,11,412,11.939195,0.70631068,0.19298246,0.18910295,405,0.54814815,within-architecture mean forecast across saved fits
F11,M1,Linear,2025,12,454,12.002869,0.71145374,0.18852459,0.18569373,447,0.54362416,within-architecture mean forecast across saved fits
F11,M1,Linear,2025,13,496,12.112921,0.71169355,0.17424242,0.18332111,489,0.54805726,within-architecture mean forecast across saved fits
F11,M1,Linear,2025,14,544,12.114614,0.72058824,0.20547945,0.18270489,533,0.55159475,within-architecture mean forecast across saved fits
F11,M1,Linear,2025,15,552,12.114226,0.7192029,0.20134228,0.18322681,541,0.54898336,within-architecture mean forecast across saved fits
F11,M1,Linear,2025,16,553,12.111996,0.71971067,0.20134228,0.18298928,542,0.54797048,within-architecture mean forecast across saved fits
F11,M10,KNN,2024,1,27,18.27963,0.66666667,0,0.19351954,27,0.37037037,within-architecture mean forecast across saved fits
F11,M10,KNN,2024,2,67,17.119403,0.67164179,0.26086957,0.19867917,66,0.45454545,within-architecture mean forecast across saved fits
F11,M10,KNN,2024,3,112,17.182589,0.6875,0.25,0.19508957,110,0.44545455,within-architecture mean forecast across saved fits
F11,M10,KNN,2024,4,158,16.102532,0.70886076,0.27272727,0.18621873,156,0.46794872,within-architecture mean forecast across saved fits
F11,M10,KNN,2024,5,202,15.638614,0.6980198,0.27586207,0.1944988,198,0.46464646,within-architecture mean forecast across saved fits
F11,M10,KNN,2024,6,241,15.028838,0.69709544,0.26086957,0.19479889,236,0.50423729,within-architecture mean forecast across saved fits
F11,M10,KNN,2024,7,288,14.948785,0.67361111,0.25925926,0.2010045,281,0.50533808,within-architecture mean forecast across saved fits
F11,M10,KNN,2024,8,339,14.614602,0.65486726,0.23958333,0.20386942,331,0.50755287,within-architecture mean forecast across saved fits
F11,M10,KNN,2024,9,384,14.281901,0.66927083,0.25471698,0.20173806,374,0.51336898,within-architecture mean forecast across saved fits
F11,M10,KNN,2024,10,423,14.298818,0.6501182,0.24590164,0.20824945,412,0.51699029,within-architecture mean forecast across saved fits
F11,M10,KNN,2024,11,465,14.273871,0.64731183,0.2556391,0.20934488,453,0.50993377,within-architecture mean forecast across saved fits
F11,M10,KNN,2024,12,509,13.977014,0.66208251,0.26388889,0.20437684,497,0.52515091,within-architecture mean forecast across saved fits
F11,M10,KNN,2024,13,561,13.891979,0.6684492,0.28125,0.20252729,549,0.53369763,within-architecture mean forecast across saved fits
F11,M10,KNN,2024,14,618,13.958495,0.66343042,0.27272727,0.20678494,604,0.52317881,within-architecture mean forecast across saved fits
F11,M10,KNN,2024,15,625,13.99632,0.6624,0.27624309,0.206802,611,0.52536825,within-architecture mean forecast across saved fits
F11,M10,KNN,2024,16,626,14.009185,0.66134185,0.27472527,0.20695928,612,0.52614379,within-architecture mean forecast across saved fits
F11,M10,KNN,2025,1,30,11.311667,0.66666667,0.4,0.16811896,30,0.63333333,within-architecture mean forecast across saved fits
F11,M10,KNN,2025,2,68,13.314706,0.70588235,0.42857143,0.17860414,66,0.60606061,within-architecture mean forecast across saved fits
F11,M10,KNN,2025,3,102,12.944118,0.71568627,0.41666667,0.17699759,100,0.6,within-architecture mean forecast across saved fits
F11,M10,KNN,2025,4,138,12.950725,0.70289855,0.35294118,0.18532714,135,0.58518519,within-architecture mean forecast across saved fits
F11,M10,KNN,2025,5,176,12.761648,0.69318182,0.30232558,0.19525197,172,0.53488372,within-architecture mean forecast across saved fits
F11,M10,KNN,2025,6,213,12.587089,0.69953052,0.28,0.19591544,209,0.54545455,within-architecture mean forecast across saved fits
F11,M10,KNN,2025,7,254,12.731299,0.70472441,0.3125,0.19921623,249,0.53413655,within-architecture mean forecast across saved fits
F11,M10,KNN,2025,8,299,12.991973,0.69899666,0.30769231,0.20432922,294,0.52380952,within-architecture mean forecast across saved fits
F11,M10,KNN,2025,9,335,12.894776,0.70447761,0.31818182,0.20300592,328,0.52134146,within-architecture mean forecast across saved fits
F11,M10,KNN,2025,10,377,13.007958,0.69230769,0.30693069,0.20523681,370,0.52702703,within-architecture mean forecast across saved fits
F11,M10,KNN,2025,11,412,13.072694,0.69417476,0.30701754,0.20765609,405,0.52345679,within-architecture mean forecast across saved fits
F11,M10,KNN,2025,12,454,13.137115,0.70044053,0.29508197,0.20542434,447,0.51006711,within-architecture mean forecast across saved fits
F11,M10,KNN,2025,13,496,13.23881,0.7016129,0.28787879,0.20345108,489,0.50715746,within-architecture mean forecast across saved fits
F11,M10,KNN,2025,14,544,13.335938,0.69485294,0.29452055,0.20471949,533,0.51219512,within-architecture mean forecast across saved fits
F11,M10,KNN,2025,15,552,13.341667,0.69202899,0.2885906,0.20588032,541,0.51386322,within-architecture mean forecast across saved fits
F11,M10,KNN,2025,16,553,13.337613,0.6925859,0.2885906,0.2056481,542,0.51291513,within-architecture mean forecast across saved fits
F11,M2,Spline,2024,1,27,17.7648,0.66666667,0.125,0.1905917,27,0.37037037,within-architecture mean forecast across saved fits
F11,M2,Spline,2024,2,67,17.62179,0.64179104,0.2173913,0.20483652,66,0.37878788,within-architecture mean forecast across saved fits
F11,M2,Spline,2024,3,112,16.691181,0.6875,0.1875,0.18253257,110,0.43636364,within-architecture mean forecast across saved fits
F11,M2,Spline,2024,4,158,15.898508,0.70886076,0.22727273,0.17788193,156,0.44871795,within-architecture mean forecast across saved fits
F11,M2,Spline,2024,5,202,14.917556,0.71287129,0.27586207,0.17981289,198,0.46969697,within-architecture mean forecast across saved fits
F11,M2,Spline,2024,6,241,14.445231,0.70954357,0.28985507,0.18297097,236,0.46610169,within-architecture mean forecast across saved fits
F11,M2,Spline,2024,7,288,14.225254,0.71180556,0.28395062,0.1858471,281,0.46263345,within-architecture mean forecast across saved fits
F11,M2,Spline,2024,8,339,14.027038,0.69911504,0.27083333,0.19253078,331,0.46223565,within-architecture mean forecast across saved fits
F11,M2,Spline,2024,9,384,13.694953,0.71354167,0.28301887,0.18748558,374,0.48128342,within-architecture mean forecast across saved fits
F11,M2,Spline,2024,10,423,13.763419,0.70212766,0.28688525,0.19382917,412,0.48058252,within-architecture mean forecast across saved fits
F11,M2,Spline,2024,11,465,13.637276,0.69892473,0.27067669,0.1946957,453,0.48344371,within-architecture mean forecast across saved fits
F11,M2,Spline,2024,12,509,13.440302,0.70333988,0.27083333,0.1917346,497,0.49295775,within-architecture mean forecast across saved fits
F11,M2,Spline,2024,13,561,13.402559,0.70409982,0.28125,0.19171042,549,0.49726776,within-architecture mean forecast across saved fits
F11,M2,Spline,2024,14,618,13.451151,0.69579288,0.26136364,0.19565242,604,0.49006623,within-architecture mean forecast across saved fits
F11,M2,Spline,2024,15,625,13.521708,0.696,0.27071823,0.19636422,611,0.49263502,within-architecture mean forecast across saved fits
F11,M2,Spline,2024,16,626,13.555292,0.69488818,0.26923077,0.19713776,612,0.49183007,within-architecture mean forecast across saved fits
F11,M2,Spline,2025,1,30,11.712254,0.73333333,0.4,0.17672898,30,0.56666667,within-architecture mean forecast across saved fits
F11,M2,Spline,2025,2,68,13.261508,0.75,0.42857143,0.17918479,66,0.62121212,within-architecture mean forecast across saved fits
F11,M2,Spline,2025,3,102,12.973476,0.73529412,0.41666667,0.17257475,100,0.58,within-architecture mean forecast across saved fits
F11,M2,Spline,2025,4,138,12.834432,0.72463768,0.29411765,0.18107361,135,0.57777778,within-architecture mean forecast across saved fits
F11,M2,Spline,2025,5,176,12.452494,0.71022727,0.27906977,0.1887477,172,0.54069767,within-architecture mean forecast across saved fits
F11,M2,Spline,2025,6,213,12.329002,0.72300469,0.26,0.18736512,209,0.51674641,within-architecture mean forecast across saved fits
F11,M2,Spline,2025,7,254,12.432151,0.70472441,0.25,0.19220811,249,0.52610442,within-architecture mean forecast across saved fits
F11,M2,Spline,2025,8,299,12.437356,0.69899666,0.24358974,0.19789142,294,0.54761905,within-architecture mean forecast across saved fits
F11,M2,Spline,2025,9,335,12.413203,0.71641791,0.27272727,0.19325054,328,0.53658537,within-architecture mean forecast across saved fits
F11,M2,Spline,2025,10,377,12.401134,0.71618037,0.28712871,0.19508576,370,0.52972973,within-architecture mean forecast across saved fits
F11,M2,Spline,2025,11,412,12.382714,0.70873786,0.26315789,0.19719383,405,0.53333333,within-architecture mean forecast across saved fits
F11,M2,Spline,2025,12,454,12.501922,0.71365639,0.25409836,0.19465465,447,0.52796421,within-architecture mean forecast across saved fits
F11,M2,Spline,2025,13,496,12.643476,0.71169355,0.24242424,0.19336885,489,0.5194274,within-architecture mean forecast across saved fits
F11,M2,Spline,2025,14,544,12.590996,0.71875,0.26712329,0.19264896,533,0.52532833,within-architecture mean forecast across saved fits
F11,M2,Spline,2025,15,552,12.589846,0.71557971,0.26845638,0.19321998,541,0.52495379,within-architecture mean forecast across saved fits
F11,M2,Spline,2025,16,553,12.598737,0.71609403,0.26845638,0.19290516,542,0.52398524,within-architecture mean forecast across saved fits
F11,M3,Random forest,2024,1,27,16.842544,0.66666667,0,0.17320043,27,0.48148148,within-architecture mean forecast across saved fits
F11,M3,Random forest,2024,2,67,16.421279,0.65671642,0.17391304,0.19821459,66,0.5,within-architecture mean forecast across saved fits
F11,M3,Random forest,2024,3,112,16.004387,0.71428571,0.25,0.17912335,110,0.47272727,within-architecture mean forecast across saved fits
F11,M3,Random forest,2024,4,158,15.388662,0.71518987,0.29545455,0.17821002,156,0.47435897,within-architecture mean forecast across saved fits
F11,M3,Random forest,2024,5,202,14.475198,0.72277228,0.32758621,0.1796751,198,0.47979798,within-architecture mean forecast across saved fits
F11,M3,Random forest,2024,6,241,13.957212,0.70954357,0.28985507,0.18319282,236,0.5,within-architecture mean forecast across saved fits
F11,M3,Random forest,2024,7,288,13.699533,0.71180556,0.30864198,0.18369704,281,0.49466192,within-architecture mean forecast across saved fits
F11,M3,Random forest,2024,8,339,13.494089,0.69911504,0.28125,0.18766971,331,0.48338369,within-architecture mean forecast across saved fits
F11,M3,Random forest,2024,9,384,13.276081,0.71614583,0.28301887,0.1838921,374,0.48663102,within-architecture mean forecast across saved fits
F11,M3,Random forest,2024,10,423,13.28815,0.70921986,0.26229508,0.19080023,412,0.49271845,within-architecture mean forecast across saved fits
F11,M3,Random forest,2024,11,465,13.206824,0.71182796,0.26315789,0.19083861,453,0.48344371,within-architecture mean forecast across saved fits
F11,M3,Random forest,2024,12,509,13.073307,0.7151277,0.25694444,0.18891116,497,0.48692153,within-architecture mean forecast across saved fits
F11,M3,Random forest,2024,13,561,12.974415,0.71836007,0.2625,0.18719329,549,0.49544627,within-architecture mean forecast across saved fits
F11,M3,Random forest,2024,14,618,12.922714,0.71682848,0.25568182,0.18860584,604,0.4884106,within-architecture mean forecast across saved fits
F11,M3,Random forest,2024,15,625,13.002795,0.7152,0.25966851,0.18939761,611,0.48772504,within-architecture mean forecast across saved fits
F11,M3,Random forest,2024,16,626,13.024025,0.71405751,0.25824176,0.18989046,612,0.4869281,within-architecture mean forecast across saved fits
F11,M3,Random forest,2025,1,30,11.148211,0.7,0.2,0.17315221,30,0.63333333,within-architecture mean forecast across saved fits
F11,M3,Random forest,2025,2,68,12.282013,0.75,0.35714286,0.16578928,66,0.63636364,within-architecture mean forecast across saved fits
F11,M3,Random forest,2025,3,102,12.191571,0.76470588,0.375,0.16237095,100,0.65,within-architecture mean forecast across saved fits
F11,M3,Random forest,2025,4,138,12.301218,0.75362319,0.35294118,0.171251,135,0.62962963,within-architecture mean forecast across saved fits
F11,M3,Random forest,2025,5,176,11.858529,0.73295455,0.27906977,0.17900185,172,0.61046512,within-architecture mean forecast across saved fits
F11,M3,Random forest,2025,6,213,11.912866,0.72769953,0.26,0.18080642,209,0.57416268,within-architecture mean forecast across saved fits
F11,M3,Random forest,2025,7,254,12.030133,0.71259843,0.21875,0.18553886,249,0.56626506,within-architecture mean forecast across saved fits
F11,M3,Random forest,2025,8,299,11.984677,0.71237458,0.21794872,0.18848718,294,0.57823129,within-architecture mean forecast across saved fits
F11,M3,Random forest,2025,9,335,11.969684,0.72238806,0.22727273,0.18492978,328,0.56097561,within-architecture mean forecast across saved fits
F11,M3,Random forest,2025,10,377,12.033596,0.71352785,0.20792079,0.18733953,370,0.55135135,within-architecture mean forecast across saved fits
F11,M3,Random forest,2025,11,412,11.992882,0.71359223,0.21052632,0.18910755,405,0.55308642,within-architecture mean forecast across saved fits
F11,M3,Random forest,2025,12,454,12.089151,0.71806167,0.19672131,0.18597171,447,0.53243848,within-architecture mean forecast across saved fits
F11,M3,Random forest,2025,13,496,12.228531,0.71975806,0.18181818,0.18399521,489,0.53578732,within-architecture mean forecast across saved fits
F11,M3,Random forest,2025,14,544,12.206884,0.71875,0.19178082,0.18358465,533,0.53658537,within-architecture mean forecast across saved fits
F11,M3,Random forest,2025,15,552,12.219422,0.71557971,0.18791946,0.18453726,541,0.53419593,within-architecture mean forecast across saved fits
F11,M3,Random forest,2025,16,553,12.220552,0.71609403,0.18791946,0.184275,542,0.53321033,within-architecture mean forecast across saved fits
F11,M4,Boosted trees,2024,1,27,16.878848,0.66666667,0,0.17416735,27,0.44444444,within-architecture mean forecast across saved fits
F11,M4,Boosted trees,2024,2,67,16.211327,0.65671642,0.17391304,0.19335935,66,0.53030303,within-architecture mean forecast across saved fits
F11,M4,Boosted trees,2024,3,112,15.933015,0.70535714,0.25,0.18109854,110,0.48181818,within-architecture mean forecast across saved fits
F11,M4,Boosted trees,2024,4,158,15.468703,0.67721519,0.20454545,0.18247404,156,0.47435897,within-architecture mean forecast across saved fits
F11,M4,Boosted trees,2024,5,202,14.719052,0.69306931,0.27586207,0.18446118,198,0.45959596,within-architecture mean forecast across saved fits
F11,M4,Boosted trees,2024,6,241,14.174869,0.68879668,0.26086957,0.18838228,236,0.47457627,within-architecture mean forecast across saved fits
F11,M4,Boosted trees,2024,7,288,13.844938,0.69097222,0.27160494,0.18744869,281,0.47686833,within-architecture mean forecast across saved fits
F11,M4,Boosted trees,2024,8,339,13.633408,0.67256637,0.23958333,0.19187608,331,0.4652568,within-architecture mean forecast across saved fits
F11,M4,Boosted trees,2024,9,384,13.4116,0.68489583,0.23584906,0.18763565,374,0.46524064,within-architecture mean forecast across saved fits
F11,M4,Boosted trees,2024,10,423,13.413939,0.678487,0.22131148,0.19406161,412,0.47087379,within-architecture mean forecast across saved fits
F11,M4,Boosted trees,2024,11,465,13.353271,0.68602151,0.23308271,0.19455865,453,0.45916115,within-architecture mean forecast across saved fits
F11,M4,Boosted trees,2024,12,509,13.187097,0.68762279,0.22222222,0.19179131,497,0.46478873,within-architecture mean forecast across saved fits
F11,M4,Boosted trees,2024,13,561,13.086869,0.69340463,0.23125,0.18982854,549,0.48087432,within-architecture mean forecast across saved fits
F11,M4,Boosted trees,2024,14,618,13.031714,0.69093851,0.22727273,0.19124619,604,0.47516556,within-architecture mean forecast across saved fits
F11,M4,Boosted trees,2024,15,625,13.108828,0.6896,0.2320442,0.19196513,611,0.47790507,within-architecture mean forecast across saved fits
F11,M4,Boosted trees,2024,16,626,13.128822,0.6884984,0.23076923,0.19241386,612,0.47712418,within-architecture mean forecast across saved fits
F11,M4,Boosted trees,2025,1,30,11.062363,0.73333333,0.4,0.17224986,30,0.73333333,within-architecture mean forecast across saved fits
F11,M4,Boosted trees,2025,2,68,12.017887,0.77941176,0.42857143,0.16035768,66,0.68181818,within-architecture mean forecast across saved fits
F11,M4,Boosted trees,2025,3,102,12.200822,0.7745098,0.375,0.15998689,100,0.68,within-architecture mean forecast across saved fits
F11,M4,Boosted trees,2025,4,138,12.457323,0.75362319,0.35294118,0.17148459,135,0.65185185,within-architecture mean forecast across saved fits
F11,M4,Boosted trees,2025,5,176,11.991047,0.73863636,0.27906977,0.17724044,172,0.62209302,within-architecture mean forecast across saved fits
F11,M4,Boosted trees,2025,6,213,11.996717,0.72769953,0.26,0.17901167,209,0.57894737,within-architecture mean forecast across saved fits
F11,M4,Boosted trees,2025,7,254,12.156622,0.71259843,0.21875,0.18481616,249,0.562249,within-architecture mean forecast across saved fits
F11,M4,Boosted trees,2025,8,299,12.112058,0.71571906,0.21794872,0.18752138,294,0.57823129,within-architecture mean forecast across saved fits
F11,M4,Boosted trees,2025,9,335,12.099811,0.72238806,0.22727273,0.18440268,328,0.55792683,within-architecture mean forecast across saved fits
F11,M4,Boosted trees,2025,10,377,12.106629,0.71352785,0.21782178,0.18654807,370,0.54594595,within-architecture mean forecast across saved fits
F11,M4,Boosted trees,2025,11,412,12.056096,0.71116505,0.21052632,0.18802958,405,0.54814815,within-architecture mean forecast across saved fits
F11,M4,Boosted trees,2025,12,454,12.151958,0.71806167,0.20491803,0.18541086,447,0.53020134,within-architecture mean forecast across saved fits
F11,M4,Boosted trees,2025,13,496,12.293041,0.71975806,0.1969697,0.18380277,489,0.52351738,within-architecture mean forecast across saved fits
F11,M4,Boosted trees,2025,14,544,12.325227,0.72058824,0.21232877,0.18451122,533,0.51969981,within-architecture mean forecast across saved fits
F11,M4,Boosted trees,2025,15,552,12.325908,0.7173913,0.20805369,0.18532945,541,0.51756007,within-architecture mean forecast across saved fits
F11,M4,Boosted trees,2025,16,553,12.327563,0.71790235,0.20805369,0.18506293,542,0.51660517,within-architecture mean forecast across saved fits
F11,M5,Neural net,2024,1,27,17.038888,0.7037037,0.125,0.18659595,27,0.55555556,within-architecture mean forecast across saved fits
F11,M5,Neural net,2024,2,67,18.609688,0.65671642,0.34782609,0.22206069,66,0.51515152,within-architecture mean forecast across saved fits
F11,M5,Neural net,2024,3,112,17.653059,0.70535714,0.34375,0.19935568,110,0.5,within-architecture mean forecast across saved fits
F11,M5,Neural net,2024,4,158,17.160625,0.70886076,0.34090909,0.19709025,156,0.5,within-architecture mean forecast across saved fits
F11,M5,Neural net,2024,5,202,16.534799,0.68811881,0.34482759,0.20541608,198,0.48989899,within-architecture mean forecast across saved fits
F11,M5,Neural net,2024,6,241,16.004201,0.68049793,0.33333333,0.20715765,236,0.47881356,within-architecture mean forecast across saved fits
F11,M5,Neural net,2024,7,288,15.69772,0.67708333,0.34567901,0.2088728,281,0.47330961,within-architecture mean forecast across saved fits
F11,M5,Neural net,2024,8,339,15.344575,0.67256637,0.35416667,0.21425412,331,0.4652568,within-architecture mean forecast across saved fits
F11,M5,Neural net,2024,9,384,15.13546,0.67708333,0.33018868,0.21063488,374,0.46791444,within-architecture mean forecast across saved fits
F11,M5,Neural net,2024,10,423,15.117958,0.66193853,0.31147541,0.2172598,412,0.47330097,within-architecture mean forecast across saved fits
F11,M5,Neural net,2024,11,465,15.027081,0.66236559,0.30075188,0.21692293,453,0.46357616,within-architecture mean forecast across saved fits
F11,M5,Neural net,2024,12,509,14.865447,0.66797642,0.29861111,0.21445428,497,0.45875252,within-architecture mean forecast across saved fits
F11,M5,Neural net,2024,13,561,14.698268,0.67557932,0.3125,0.21078488,549,0.46448087,within-architecture mean forecast across saved fits
F11,M5,Neural net,2024,14,618,14.787772,0.66504854,0.30113636,0.21439078,604,0.45364238,within-architecture mean forecast across saved fits
F11,M5,Neural net,2024,15,625,14.892568,0.6608,0.3038674,0.21514269,611,0.45335516,within-architecture mean forecast across saved fits
F11,M5,Neural net,2024,16,626,14.907354,0.65974441,0.3021978,0.21546935,612,0.45424837,within-architecture mean forecast across saved fits
F11,M5,Neural net,2025,1,30,11.018999,0.73333333,0.4,0.18001562,30,0.7,within-architecture mean forecast across saved fits
F11,M5,Neural net,2025,2,68,12.713392,0.73529412,0.35714286,0.17034551,66,0.66666667,within-architecture mean forecast across saved fits
F11,M5,Neural net,2025,3,102,12.506039,0.7254902,0.33333333,0.16815585,100,0.62,within-architecture mean forecast across saved fits
F11,M5,Neural net,2025,4,138,12.691162,0.68115942,0.26470588,0.18064739,135,0.61481481,within-architecture mean forecast across saved fits
F11,M5,Neural net,2025,5,176,12.872157,0.67613636,0.27906977,0.19200736,172,0.55813953,within-architecture mean forecast across saved fits
F11,M5,Neural net,2025,6,213,13.11799,0.66197183,0.26,0.199445,209,0.5215311,within-architecture mean forecast across saved fits
F11,M5,Neural net,2025,7,254,13.33054,0.6496063,0.21875,0.20285644,249,0.53012048,within-architecture mean forecast across saved fits
F11,M5,Neural net,2025,8,299,13.405923,0.63879599,0.20512821,0.21005195,294,0.53401361,within-architecture mean forecast across saved fits
F11,M5,Neural net,2025,9,335,13.381952,0.65074627,0.22727273,0.20647511,328,0.53353659,within-architecture mean forecast across saved fits
F11,M5,Neural net,2025,10,377,13.624989,0.65251989,0.25742574,0.20999668,370,0.52972973,within-architecture mean forecast across saved fits
F11,M5,Neural net,2025,11,412,13.647753,0.64805825,0.25438596,0.21316242,405,0.52345679,within-architecture mean forecast across saved fits
F11,M5,Neural net,2025,12,454,13.69532,0.64317181,0.23770492,0.2120571,447,0.51901566,within-architecture mean forecast across saved fits
F11,M5,Neural net,2025,13,496,13.947635,0.64314516,0.23484848,0.2116913,489,0.51124744,within-architecture mean forecast across saved fits
F11,M5,Neural net,2025,14,544,13.903133,0.65073529,0.26712329,0.21100914,533,0.51594747,within-architecture mean forecast across saved fits
F11,M5,Neural net,2025,15,552,13.929692,0.64855072,0.26845638,0.21213943,541,0.51386322,within-architecture mean forecast across saved fits
F11,M5,Neural net,2025,16,553,13.928596,0.64918626,0.26845638,0.21182853,542,0.51291513,within-architecture mean forecast across saved fits
F12_corrected,M1,Linear,2024,1,27,18.984057,0.66666667,0,0.20539734,27,0.37037037,within-architecture mean forecast across saved fits
F12_corrected,M1,Linear,2024,2,67,17.729469,0.64179104,0.17391304,0.22049531,66,0.40909091,within-architecture mean forecast across saved fits
F12_corrected,M1,Linear,2024,3,112,16.723646,0.66964286,0.21875,0.19257206,110,0.42727273,within-architecture mean forecast across saved fits
F12_corrected,M1,Linear,2024,4,158,15.930345,0.68987342,0.22727273,0.18349871,156,0.44230769,within-architecture mean forecast across saved fits
F12_corrected,M1,Linear,2024,5,202,15.118992,0.6980198,0.27586207,0.18413857,198,0.44444444,within-architecture mean forecast across saved fits
F12_corrected,M1,Linear,2024,6,241,14.645866,0.68879668,0.27536232,0.18713742,236,0.45338983,within-architecture mean forecast across saved fits
F12_corrected,M1,Linear,2024,7,288,14.243703,0.69097222,0.28395062,0.18761909,281,0.45907473,within-architecture mean forecast across saved fits
F12_corrected,M1,Linear,2024,8,339,13.930301,0.68141593,0.27083333,0.19068969,331,0.46827795,within-architecture mean forecast across saved fits
F12_corrected,M1,Linear,2024,9,384,13.539702,0.70052083,0.28301887,0.18455606,374,0.47860963,within-architecture mean forecast across saved fits
F12_corrected,M1,Linear,2024,10,423,13.539095,0.69267139,0.27868852,0.19026846,412,0.49029126,within-architecture mean forecast across saved fits
F12_corrected,M1,Linear,2024,11,465,13.416292,0.69247312,0.26315789,0.18982427,453,0.48565121,within-architecture mean forecast across saved fits
F12_corrected,M1,Linear,2024,12,509,13.215713,0.69941061,0.26388889,0.18658875,497,0.4889336,within-architecture mean forecast across saved fits
F12_corrected,M1,Linear,2024,13,561,13.130031,0.69875223,0.2625,0.18579281,549,0.49180328,within-architecture mean forecast across saved fits
F12_corrected,M1,Linear,2024,14,618,13.082966,0.69093851,0.25568182,0.18829707,604,0.49172185,within-architecture mean forecast across saved fits
F12_corrected,M1,Linear,2024,15,625,13.169548,0.688,0.25414365,0.1893686,611,0.49263502,within-architecture mean forecast across saved fits
F12_corrected,M1,Linear,2024,16,626,13.190648,0.68690096,0.25274725,0.18985385,612,0.49183007,within-architecture mean forecast across saved fits
F12_corrected,M1,Linear,2025,1,30,11.451875,0.73333333,0.4,0.18271139,30,0.76666667,within-architecture mean forecast across saved fits
F12_corrected,M1,Linear,2025,2,68,12.07693,0.79411765,0.42857143,0.16076488,66,0.71212121,within-architecture mean forecast across saved fits
F12_corrected,M1,Linear,2025,3,102,12.283486,0.7745098,0.33333333,0.16450059,100,0.63,within-architecture mean forecast across saved fits
F12_corrected,M1,Linear,2025,4,138,12.395166,0.73913043,0.26470588,0.17343913,135,0.62962963,within-architecture mean forecast across saved fits
F12_corrected,M1,Linear,2025,5,176,11.958284,0.72159091,0.25581395,0.18095632,172,0.59883721,within-architecture mean forecast across saved fits
F12_corrected,M1,Linear,2025,6,213,11.870749,0.72300469,0.24,0.18273227,209,0.58851675,within-architecture mean forecast across saved fits
F12_corrected,M1,Linear,2025,7,254,11.886698,0.71259843,0.203125,0.18701199,249,0.58634538,within-architecture mean forecast across saved fits
F12_corrected,M1,Linear,2025,8,299,11.914462,0.70568562,0.20512821,0.18956389,294,0.57823129,within-architecture mean forecast across saved fits
F12_corrected,M1,Linear,2025,9,335,11.931361,0.71343284,0.21590909,0.18651355,328,0.56097561,within-architecture mean forecast across saved fits
F12_corrected,M1,Linear,2025,10,377,11.991602,0.71352785,0.21782178,0.18863175,370,0.54594595,within-architecture mean forecast across saved fits
F12_corrected,M1,Linear,2025,11,412,11.953157,0.70873786,0.20175439,0.18967475,405,0.55308642,within-architecture mean forecast across saved fits
F12_corrected,M1,Linear,2025,12,454,12.01891,0.71365639,0.19672131,0.18633666,447,0.5458613,within-architecture mean forecast across saved fits
F12_corrected,M1,Linear,2025,13,496,12.13698,0.71370968,0.18181818,0.18402298,489,0.55010225,within-architecture mean forecast across saved fits
F12_corrected,M1,Linear,2025,14,544,12.131369,0.72426471,0.21232877,0.18317952,533,0.5478424,within-architecture mean forecast across saved fits
F12_corrected,M1,Linear,2025,15,552,12.1327,0.72282609,0.20805369,0.18370946,541,0.54528651,within-architecture mean forecast across saved fits
F12_corrected,M1,Linear,2025,16,553,12.130079,0.72332731,0.20805369,0.18347429,542,0.54428044,within-architecture mean forecast across saved fits
F12_corrected,M10,KNN,2024,1,27,17.711111,0.62962963,0,0.18880038,27,0.33333333,within-architecture mean forecast across saved fits
F12_corrected,M10,KNN,2024,2,67,16.707463,0.64179104,0.26086957,0.19341104,66,0.45454545,within-architecture mean forecast across saved fits
F12_corrected,M10,KNN,2024,3,112,17.142857,0.65178571,0.21875,0.19455032,110,0.43636364,within-architecture mean forecast across saved fits
F12_corrected,M10,KNN,2024,4,158,15.969937,0.68987342,0.27272727,0.18454737,156,0.46794872,within-architecture mean forecast across saved fits
F12_corrected,M10,KNN,2024,5,202,15.47302,0.68316832,0.27586207,0.1928614,198,0.46464646,within-architecture mean forecast across saved fits
F12_corrected,M10,KNN,2024,6,241,14.81556,0.68879668,0.27536232,0.19297514,236,0.49152542,within-architecture mean forecast across saved fits
F12_corrected,M10,KNN,2024,7,288,14.711979,0.67013889,0.28395062,0.19748299,281,0.48754448,within-architecture mean forecast across saved fits
F12_corrected,M10,KNN,2024,8,339,14.381563,0.65781711,0.28125,0.2014664,331,0.49546828,within-architecture mean forecast across saved fits
F12_corrected,M10,KNN,2024,9,384,14.078385,0.671875,0.29245283,0.19842735,374,0.51069519,within-architecture mean forecast across saved fits
F12_corrected,M10,KNN,2024,10,423,14.168913,0.65484634,0.27868852,0.20752039,411,0.50851582,within-architecture mean forecast across saved fits
F12_corrected,M10,KNN,2024,11,465,14.115699,0.64516129,0.27819549,0.20803462,452,0.50884956,within-architecture mean forecast across saved fits
F12_corrected,M10,KNN,2024,12,509,13.844204,0.66011788,0.28472222,0.20326365,496,0.53024194,within-architecture mean forecast across saved fits
F12_corrected,M10,KNN,2024,13,561,13.721123,0.67201426,0.30625,0.20095388,548,0.53649635,within-architecture mean forecast across saved fits
F12_corrected,M10,KNN,2024,14,618,13.78843,0.66990291,0.29545455,0.20478144,603,0.52238806,within-architecture mean forecast across saved fits
F12_corrected,M10,KNN,2024,15,625,13.82032,0.6688,0.29834254,0.20474167,610,0.52622951,within-architecture mean forecast across saved fits
F12_corrected,M10,KNN,2024,16,626,13.836901,0.66773163,0.2967033,0.20500404,611,0.52700491,within-architecture mean forecast across saved fits
F12_corrected,M10,KNN,2025,1,30,11.625,0.66666667,0.4,0.17402466,30,0.6,within-architecture mean forecast across saved fits
F12_corrected,M10,KNN,2025,2,68,13.760294,0.69117647,0.42857143,0.18635331,66,0.56060606,within-architecture mean forecast across saved fits
F12_corrected,M10,KNN,2025,3,102,13.191667,0.71568627,0.45833333,0.17918756,100,0.56,within-architecture mean forecast across saved fits
F12_corrected,M10,KNN,2025,4,138,13.161594,0.70289855,0.41176471,0.18684209,135,0.55555556,within-architecture mean forecast across saved fits
F12_corrected,M10,KNN,2025,5,176,12.860795,0.69886364,0.37209302,0.19543678,172,0.51162791,within-architecture mean forecast across saved fits
F12_corrected,M10,KNN,2025,6,213,12.629343,0.70422535,0.36,0.19448914,209,0.5215311,within-architecture mean forecast across saved fits
F12_corrected,M10,KNN,2025,7,254,12.596457,0.71653543,0.375,0.19401794,249,0.51807229,within-architecture mean forecast across saved fits
F12_corrected,M10,KNN,2025,8,299,12.891806,0.70568562,0.34615385,0.19961196,294,0.50680272,within-architecture mean forecast across saved fits
F12_corrected,M10,KNN,2025,9,335,12.76194,0.70746269,0.34090909,0.19707557,328,0.5,within-architecture mean forecast across saved fits
F12_corrected,M10,KNN,2025,10,377,12.909814,0.68965517,0.32673267,0.2014899,370,0.4972973,within-architecture mean forecast across saved fits
F12_corrected,M10,KNN,2025,11,412,12.944417,0.6868932,0.31578947,0.20348392,405,0.50123457,within-architecture mean forecast across saved fits
F12_corrected,M10,KNN,2025,12,454,13.109471,0.6938326,0.30327869,0.20232749,446,0.49103139,within-architecture mean forecast across saved fits
F12_corrected,M10,KNN,2025,13,496,13.161895,0.69556452,0.29545455,0.1997477,488,0.49180328,within-architecture mean forecast across saved fits
F12_corrected,M10,KNN,2025,14,544,13.256158,0.6875,0.30136986,0.20175556,532,0.4943609,within-architecture mean forecast across saved fits
F12_corrected,M10,KNN,2025,15,552,13.267844,0.68478261,0.30201342,0.20293743,540,0.49259259,within-architecture mean forecast across saved fits
F12_corrected,M10,KNN,2025,16,553,13.266998,0.68535262,0.30201342,0.20267411,541,0.49168207,within-architecture mean forecast across saved fits
F12_corrected,M2,Spline,2024,1,27,17.930061,0.62962963,0.125,0.1939733,27,0.40740741,within-architecture mean forecast across saved fits
F12_corrected,M2,Spline,2024,2,67,17.467983,0.62686567,0.2173913,0.20383827,66,0.39393939,within-architecture mean forecast across saved fits
F12_corrected,M2,Spline,2024,3,112,16.666582,0.67857143,0.21875,0.18393022,110,0.42727273,within-architecture mean forecast across saved fits
F12_corrected,M2,Spline,2024,4,158,15.823749,0.70253165,0.25,0.17903503,156,0.44871795,within-architecture mean forecast across saved fits
F12_corrected,M2,Spline,2024,5,202,14.957118,0.7029703,0.27586207,0.18176633,198,0.46464646,within-architecture mean forecast across saved fits
F12_corrected,M2,Spline,2024,6,241,14.527575,0.69709544,0.27536232,0.18496753,236,0.47457627,within-architecture mean forecast across saved fits
F12_corrected,M2,Spline,2024,7,288,14.319279,0.69097222,0.25925926,0.1880296,281,0.47330961,within-architecture mean forecast across saved fits
F12_corrected,M2,Spline,2024,8,339,14.083838,0.67256637,0.22916667,0.19376358,331,0.48036254,within-architecture mean forecast across saved fits
F12_corrected,M2,Spline,2024,9,384,13.738046,0.6875,0.23584906,0.18833034,374,0.4973262,within-architecture mean forecast across saved fits
F12_corrected,M2,Spline,2024,10,423,13.803885,0.67612293,0.23770492,0.19448301,412,0.49514563,within-architecture mean forecast across saved fits
F12_corrected,M2,Spline,2024,11,465,13.694899,0.67311828,0.22556391,0.19550537,453,0.49448124,within-architecture mean forecast across saved fits
F12_corrected,M2,Spline,2024,12,509,13.473386,0.68172888,0.22916667,0.19206371,497,0.50301811,within-architecture mean forecast across saved fits
F12_corrected,M2,Spline,2024,13,561,13.43147,0.67914439,0.2375,0.19228566,549,0.50637523,within-architecture mean forecast across saved fits
F12_corrected,M2,Spline,2024,14,618,13.496188,0.67475728,0.22727273,0.19635391,604,0.49668874,within-architecture mean forecast across saved fits
F12_corrected,M2,Spline,2024,15,625,13.572414,0.6736,0.2320442,0.19696307,611,0.49918167,within-architecture mean forecast across saved fits
F12_corrected,M2,Spline,2024,16,626,13.605844,0.67252396,0.23076923,0.1977354,612,0.49836601,within-architecture mean forecast across saved fits
F12_corrected,M2,Spline,2025,1,30,12.36205,0.73333333,0.4,0.17930914,30,0.6,within-architecture mean forecast across saved fits
F12_corrected,M2,Spline,2025,2,68,13.610976,0.75,0.42857143,0.17940683,66,0.65151515,within-architecture mean forecast across saved fits
F12_corrected,M2,Spline,2025,3,102,13.175735,0.73529412,0.41666667,0.1724832,100,0.59,within-architecture mean forecast across saved fits
F12_corrected,M2,Spline,2025,4,138,12.871868,0.73188406,0.32352941,0.17976982,135,0.6,within-architecture mean forecast across saved fits
F12_corrected,M2,Spline,2025,5,176,12.507121,0.71022727,0.30232558,0.18846594,172,0.56976744,within-architecture mean forecast across saved fits
F12_corrected,M2,Spline,2025,6,213,12.363042,0.72300469,0.28,0.18748716,209,0.54545455,within-architecture mean forecast across saved fits
F12_corrected,M2,Spline,2025,7,254,12.424582,0.70866142,0.265625,0.19213483,249,0.55421687,within-architecture mean forecast across saved fits
F12_corrected,M2,Spline,2025,8,299,12.449238,0.69565217,0.23076923,0.19830257,294,0.57142857,within-architecture mean forecast across saved fits
F12_corrected,M2,Spline,2025,9,335,12.409221,0.70746269,0.25,0.19375541,328,0.56097561,within-architecture mean forecast across saved fits
F12_corrected,M2,Spline,2025,10,377,12.398901,0.71087533,0.26732673,0.19533357,370,0.55405405,within-architecture mean forecast across saved fits
F12_corrected,M2,Spline,2025,11,412,12.359119,0.70145631,0.24561404,0.19740079,405,0.55555556,within-architecture mean forecast across saved fits
F12_corrected,M2,Spline,2025,12,454,12.495677,0.70704846,0.24590164,0.19475745,447,0.54809843,within-architecture mean forecast across saved fits
F12_corrected,M2,Spline,2025,13,496,12.64204,0.70564516,0.23484848,0.19341726,489,0.5398773,within-architecture mean forecast across saved fits
F12_corrected,M2,Spline,2025,14,544,12.590085,0.71139706,0.25342466,0.19246687,533,0.54596623,within-architecture mean forecast across saved fits
F12_corrected,M2,Spline,2025,15,552,12.598337,0.70652174,0.24832215,0.19320569,541,0.54528651,within-architecture mean forecast across saved fits
F12_corrected,M2,Spline,2025,16,553,12.609046,0.70705244,0.24832215,0.19288742,542,0.54428044,within-architecture mean forecast across saved fits
F12_corrected,M3,Random forest,2024,1,27,16.872979,0.7037037,0.125,0.17379039,27,0.44444444,within-architecture mean forecast across saved fits
F12_corrected,M3,Random forest,2024,2,67,16.457646,0.67164179,0.2173913,0.19930736,66,0.48484848,within-architecture mean forecast across saved fits
F12_corrected,M3,Random forest,2024,3,112,16.042537,0.71428571,0.28125,0.17989686,110,0.46363636,within-architecture mean forecast across saved fits
F12_corrected,M3,Random forest,2024,4,158,15.414596,0.72151899,0.31818182,0.17884517,156,0.46794872,within-architecture mean forecast across saved fits
F12_corrected,M3,Random forest,2024,5,202,14.485339,0.72772277,0.34482759,0.17994791,198,0.48484848,within-architecture mean forecast across saved fits
F12_corrected,M3,Random forest,2024,6,241,13.973063,0.71369295,0.30434783,0.18360375,236,0.49576271,within-architecture mean forecast across saved fits
F12_corrected,M3,Random forest,2024,7,288,13.713148,0.71180556,0.30864198,0.184273,281,0.49466192,within-architecture mean forecast across saved fits
F12_corrected,M3,Random forest,2024,8,339,13.502509,0.69616519,0.27083333,0.18805202,331,0.48338369,within-architecture mean forecast across saved fits
F12_corrected,M3,Random forest,2024,9,384,13.293473,0.71354167,0.27358491,0.18432739,374,0.48663102,within-architecture mean forecast across saved fits
F12_corrected,M3,Random forest,2024,10,423,13.308601,0.70921986,0.26229508,0.1912764,412,0.49514563,within-architecture mean forecast across saved fits
F12_corrected,M3,Random forest,2024,11,465,13.227616,0.71182796,0.26315789,0.1912012,453,0.48565121,within-architecture mean forecast across saved fits
F12_corrected,M3,Random forest,2024,12,509,13.087539,0.7151277,0.25694444,0.18913726,497,0.48490946,within-architecture mean forecast across saved fits
F12_corrected,M3,Random forest,2024,13,561,12.994781,0.71836007,0.2625,0.18744737,549,0.49362477,within-architecture mean forecast across saved fits
F12_corrected,M3,Random forest,2024,14,618,12.952079,0.71682848,0.25568182,0.18892082,604,0.48509934,within-architecture mean forecast across saved fits
F12_corrected,M3,Random forest,2024,15,625,13.030338,0.7152,0.25966851,0.18968714,611,0.48445172,within-architecture mean forecast across saved fits
F12_corrected,M3,Random forest,2024,16,626,13.051084,0.71405751,0.25824176,0.19016318,612,0.48366013,within-architecture mean forecast across saved fits
F12_corrected,M3,Random forest,2025,1,30,11.209978,0.7,0.2,0.17542344,30,0.63333333,within-architecture mean forecast across saved fits
F12_corrected,M3,Random forest,2025,2,68,12.276864,0.76470588,0.35714286,0.16629391,66,0.63636364,within-architecture mean forecast across saved fits
F12_corrected,M3,Random forest,2025,3,102,12.171629,0.7745098,0.375,0.16237092,100,0.64,within-architecture mean forecast across saved fits
F12_corrected,M3,Random forest,2025,4,138,12.272988,0.76086957,0.35294118,0.17145091,135,0.62222222,within-architecture mean forecast across saved fits
F12_corrected,M3,Random forest,2025,5,176,11.82138,0.73863636,0.27906977,0.17874417,172,0.60465116,within-architecture mean forecast across saved fits
F12_corrected,M3,Random forest,2025,6,213,11.883763,0.7370892,0.26,0.18056084,209,0.57416268,within-architecture mean forecast across saved fits
F12_corrected,M3,Random forest,2025,7,254,12.008183,0.72047244,0.21875,0.18537974,249,0.562249,within-architecture mean forecast across saved fits
F12_corrected,M3,Random forest,2025,8,299,11.967141,0.71906355,0.21794872,0.18836309,294,0.57142857,within-architecture mean forecast across saved fits
F12_corrected,M3,Random forest,2025,9,335,11.943991,0.73134328,0.23863636,0.18464505,328,0.55487805,within-architecture mean forecast across saved fits
F12_corrected,M3,Random forest,2025,10,377,12.012819,0.72148541,0.21782178,0.18700497,370,0.54594595,within-architecture mean forecast across saved fits
F12_corrected,M3,Random forest,2025,11,412,11.968495,0.72087379,0.21929825,0.18870294,405,0.55061728,within-architecture mean forecast across saved fits
F12_corrected,M3,Random forest,2025,12,454,12.065098,0.7246696,0.20491803,0.18564063,447,0.53243848,within-architecture mean forecast across saved fits
F12_corrected,M3,Random forest,2025,13,496,12.212875,0.72782258,0.1969697,0.18363328,489,0.53374233,within-architecture mean forecast across saved fits
F12_corrected,M3,Random forest,2025,14,544,12.18844,0.72794118,0.20547945,0.18314029,533,0.53470919,within-architecture mean forecast across saved fits
F12_corrected,M3,Random forest,2025,15,552,12.201823,0.72463768,0.20134228,0.18409443,541,0.5323475,within-architecture mean forecast across saved fits
F12_corrected,M3,Random forest,2025,16,553,12.202347,0.72513562,0.20134228,0.18383614,542,0.53136531,within-architecture mean forecast across saved fits
F12_corrected,M4,Boosted trees,2024,1,27,16.739592,0.66666667,0,0.17158395,27,0.48148148,within-architecture mean forecast across saved fits
F12_corrected,M4,Boosted trees,2024,2,67,16.066659,0.65671642,0.17391304,0.19114443,66,0.54545455,within-architecture mean forecast across saved fits
F12_corrected,M4,Boosted trees,2024,3,112,15.861641,0.69642857,0.25,0.18002918,110,0.49090909,within-architecture mean forecast across saved fits
F12_corrected,M4,Boosted trees,2024,4,158,15.375297,0.6835443,0.22727273,0.18115915,156,0.49358974,within-architecture mean forecast across saved fits
F12_corrected,M4,Boosted trees,2024,5,202,14.628499,0.6980198,0.29310345,0.18291232,198,0.48484848,within-architecture mean forecast across saved fits
F12_corrected,M4,Boosted trees,2024,6,241,14.121369,0.69294606,0.27536232,0.18751891,236,0.5,within-architecture mean forecast across saved fits
F12_corrected,M4,Boosted trees,2024,7,288,13.808828,0.69444444,0.28395062,0.1867597,281,0.49822064,within-architecture mean forecast across saved fits
F12_corrected,M4,Boosted trees,2024,8,339,13.595896,0.67551622,0.25,0.19079187,331,0.48338369,within-architecture mean forecast across saved fits
F12_corrected,M4,Boosted trees,2024,9,384,13.397765,0.6875,0.24528302,0.18719374,374,0.48128342,within-architecture mean forecast across saved fits
F12_corrected,M4,Boosted trees,2024,10,423,13.399204,0.68085106,0.2295082,0.19346689,412,0.48300971,within-architecture mean forecast across saved fits
F12_corrected,M4,Boosted trees,2024,11,465,13.334703,0.68817204,0.2406015,0.19391904,453,0.47019868,within-architecture mean forecast across saved fits
F12_corrected,M4,Boosted trees,2024,12,509,13.169445,0.68958743,0.22916667,0.1913915,497,0.47283702,within-architecture mean forecast across saved fits
F12_corrected,M4,Boosted trees,2024,13,561,13.069978,0.69340463,0.23125,0.18942333,549,0.49180328,within-architecture mean forecast across saved fits
F12_corrected,M4,Boosted trees,2024,14,618,13.028821,0.69093851,0.22727273,0.19110103,604,0.48509934,within-architecture mean forecast across saved fits
F12_corrected,M4,Boosted trees,2024,15,625,13.102852,0.6896,0.2320442,0.19173035,611,0.48772504,within-architecture mean forecast across saved fits
F12_corrected,M4,Boosted trees,2024,16,626,13.1225,0.6884984,0.23076923,0.1921687,612,0.4869281,within-architecture mean forecast across saved fits
F12_corrected,M4,Boosted trees,2025,1,30,10.927485,0.73333333,0.4,0.16943193,30,0.7,within-architecture mean forecast across saved fits
F12_corrected,M4,Boosted trees,2025,2,68,12.015804,0.77941176,0.42857143,0.16029798,66,0.66666667,within-architecture mean forecast across saved fits
F12_corrected,M4,Boosted trees,2025,3,102,12.239433,0.7745098,0.375,0.16043343,100,0.66,within-architecture mean forecast across saved fits
F12_corrected,M4,Boosted trees,2025,4,138,12.505102,0.76086957,0.35294118,0.17230139,135,0.62962963,within-architecture mean forecast across saved fits
F12_corrected,M4,Boosted trees,2025,5,176,12.03622,0.74431818,0.27906977,0.17795943,172,0.59883721,within-architecture mean forecast across saved fits
F12_corrected,M4,Boosted trees,2025,6,213,11.975084,0.7370892,0.26,0.17943026,209,0.56937799,within-architecture mean forecast across saved fits
F12_corrected,M4,Boosted trees,2025,7,254,12.125532,0.72047244,0.21875,0.18506014,249,0.54618474,within-architecture mean forecast across saved fits
F12_corrected,M4,Boosted trees,2025,8,299,12.09092,0.72240803,0.21794872,0.18771331,294,0.56122449,within-architecture mean forecast across saved fits
F12_corrected,M4,Boosted trees,2025,9,335,12.086789,0.72537313,0.21590909,0.18475338,328,0.54573171,within-architecture mean forecast across saved fits
F12_corrected,M4,Boosted trees,2025,10,377,12.090325,0.71883289,0.20792079,0.18662044,370,0.54054054,within-architecture mean forecast across saved fits
F12_corrected,M4,Boosted trees,2025,11,412,12.03651,0.71359223,0.20175439,0.18799629,405,0.54567901,within-architecture mean forecast across saved fits
F12_corrected,M4,Boosted trees,2025,12,454,12.142844,0.71806167,0.18852459,0.18541761,447,0.52572707,within-architecture mean forecast across saved fits
F12_corrected,M4,Boosted trees,2025,13,496,12.289505,0.71975806,0.18181818,0.18382387,489,0.52556237,within-architecture mean forecast across saved fits
F12_corrected,M4,Boosted trees,2025,14,544,12.314248,0.72242647,0.19863014,0.18444832,533,0.52157598,within-architecture mean forecast across saved fits
F12_corrected,M4,Boosted trees,2025,15,552,12.314758,0.7192029,0.19463087,0.18523806,541,0.52125693,within-architecture mean forecast across saved fits
F12_corrected,M4,Boosted trees,2025,16,553,12.316887,0.71971067,0.19463087,0.18496793,542,0.5202952,within-architecture mean forecast across saved fits
F12_corrected,M5,Neural net,2024,1,27,17.221889,0.66666667,0.125,0.17942246,27,0.51851852,within-architecture mean forecast across saved fits
F12_corrected,M5,Neural net,2024,2,67,17.786445,0.64179104,0.34782609,0.2087718,66,0.51515152,within-architecture mean forecast across saved fits
F12_corrected,M5,Neural net,2024,3,112,17.018599,0.69642857,0.34375,0.19041397,110,0.5,within-architecture mean forecast across saved fits
F12_corrected,M5,Neural net,2024,4,158,16.666487,0.68987342,0.34090909,0.19287552,156,0.50641026,within-architecture mean forecast across saved fits
F12_corrected,M5,Neural net,2024,5,202,16.169384,0.66831683,0.34482759,0.2039783,198,0.51010101,within-architecture mean forecast across saved fits
F12_corrected,M5,Neural net,2024,6,241,15.588593,0.67634855,0.33333333,0.20342994,236,0.49576271,within-architecture mean forecast across saved fits
F12_corrected,M5,Neural net,2024,7,288,15.35194,0.68055556,0.34567901,0.20632646,281,0.48754448,within-architecture mean forecast across saved fits
F12_corrected,M5,Neural net,2024,8,339,15.096136,0.66666667,0.33333333,0.21261941,331,0.48640483,within-architecture mean forecast across saved fits
F12_corrected,M5,Neural net,2024,9,384,14.863972,0.671875,0.31132075,0.20896117,374,0.49465241,within-architecture mean forecast across saved fits
F12_corrected,M5,Neural net,2024,10,423,14.936912,0.65484634,0.28688525,0.2150759,412,0.49514563,within-architecture mean forecast across saved fits
F12_corrected,M5,Neural net,2024,11,465,14.976893,0.65376344,0.27067669,0.21680139,453,0.4812362,within-architecture mean forecast across saved fits
F12_corrected,M5,Neural net,2024,12,509,14.790686,0.66011788,0.27777778,0.21367039,497,0.48289738,within-architecture mean forecast across saved fits
F12_corrected,M5,Neural net,2024,13,561,14.748199,0.66131907,0.29375,0.21217287,549,0.48087432,within-architecture mean forecast across saved fits
F12_corrected,M5,Neural net,2024,14,618,14.802697,0.65048544,0.27840909,0.21578073,604,0.46688742,within-architecture mean forecast across saved fits
F12_corrected,M5,Neural net,2024,15,625,14.899193,0.6496,0.28729282,0.21607745,611,0.46644845,within-architecture mean forecast across saved fits
F12_corrected,M5,Neural net,2024,16,626,14.916584,0.6485623,0.28571429,0.21646329,612,0.46568627,within-architecture mean forecast across saved fits
F12_corrected,M5,Neural net,2025,1,30,13.822167,0.66666667,0.4,0.20040135,30,0.53333333,within-architecture mean forecast across saved fits
F12_corrected,M5,Neural net,2025,2,68,14.303894,0.69117647,0.28571429,0.17994141,66,0.56060606,within-architecture mean forecast across saved fits
F12_corrected,M5,Neural net,2025,3,102,13.464332,0.71568627,0.375,0.17226221,100,0.57,within-architecture mean forecast across saved fits
F12_corrected,M5,Neural net,2025,4,138,13.031055,0.69565217,0.32352941,0.18068724,135,0.57037037,within-architecture mean forecast across saved fits
F12_corrected,M5,Neural net,2025,5,176,12.916525,0.69318182,0.3255814,0.18855119,172,0.55232558,within-architecture mean forecast across saved fits
F12_corrected,M5,Neural net,2025,6,213,13.259463,0.67605634,0.3,0.19826228,209,0.51674641,within-architecture mean forecast across saved fits
F12_corrected,M5,Neural net,2025,7,254,13.463815,0.65354331,0.234375,0.20397533,249,0.52610442,within-architecture mean forecast across saved fits
F12_corrected,M5,Neural net,2025,8,299,13.479553,0.64882943,0.21794872,0.21107248,294,0.52040816,within-architecture mean forecast across saved fits
F12_corrected,M5,Neural net,2025,9,335,13.404172,0.66268657,0.25,0.20760183,328,0.5152439,within-architecture mean forecast across saved fits
F12_corrected,M5,Neural net,2025,10,377,13.530181,0.65782493,0.27722772,0.21040509,370,0.51081081,within-architecture mean forecast across saved fits
F12_corrected,M5,Neural net,2025,11,412,13.552841,0.64805825,0.25438596,0.21431639,405,0.50864198,within-architecture mean forecast across saved fits
F12_corrected,M5,Neural net,2025,12,454,13.657314,0.65418502,0.25409836,0.21160182,447,0.50782998,within-architecture mean forecast across saved fits
F12_corrected,M5,Neural net,2025,13,496,13.872485,0.65725806,0.25,0.21143775,489,0.49693252,within-architecture mean forecast across saved fits
F12_corrected,M5,Neural net,2025,14,544,13.772666,0.66176471,0.28767123,0.20994283,533,0.49718574,within-architecture mean forecast across saved fits
F12_corrected,M5,Neural net,2025,15,552,13.794693,0.66123188,0.29530201,0.21108951,541,0.49722736,within-architecture mean forecast across saved fits
F12_corrected,M5,Neural net,2025,16,553,13.785042,0.66184448,0.29530201,0.21086242,542,0.49630996,within-architecture mean forecast across saved fits
F13,M1,Linear,2024,1,27,19.084871,0.66666667,0,0.20908278,27,0.2962963,within-architecture mean forecast across saved fits
F13,M1,Linear,2024,2,67,17.608448,0.65671642,0.17391304,0.21853221,66,0.39393939,within-architecture mean forecast across saved fits
F13,M1,Linear,2024,3,112,16.743656,0.67857143,0.21875,0.19260847,110,0.41818182,within-architecture mean forecast across saved fits
F13,M1,Linear,2024,4,158,15.937957,0.70253165,0.22727273,0.18327922,156,0.42948718,within-architecture mean forecast across saved fits
F13,M1,Linear,2024,5,202,15.124177,0.7029703,0.27586207,0.18443231,198,0.43939394,within-architecture mean forecast across saved fits
F13,M1,Linear,2024,6,241,14.650323,0.69294606,0.27536232,0.18732985,236,0.45338983,within-architecture mean forecast across saved fits
F13,M1,Linear,2024,7,288,14.257118,0.69444444,0.28395062,0.18778764,281,0.45551601,within-architecture mean forecast across saved fits
F13,M1,Linear,2024,8,339,13.946947,0.68436578,0.27083333,0.19070948,331,0.4592145,within-architecture mean forecast across saved fits
F13,M1,Linear,2024,9,384,13.568108,0.703125,0.28301887,0.18464239,374,0.46791444,within-architecture mean forecast across saved fits
F13,M1,Linear,2024,10,423,13.554138,0.69503546,0.27868852,0.19007194,412,0.47572816,within-architecture mean forecast across saved fits
F13,M1,Linear,2024,11,465,13.42888,0.69677419,0.26315789,0.18966272,453,0.47682119,within-architecture mean forecast across saved fits
F13,M1,Linear,2024,12,509,13.226725,0.70333988,0.26388889,0.18647308,497,0.48088531,within-architecture mean forecast across saved fits
F13,M1,Linear,2024,13,561,13.15775,0.70053476,0.2625,0.18590761,549,0.48816029,within-architecture mean forecast across saved fits
F13,M1,Linear,2024,14,618,13.102073,0.69579288,0.25568182,0.18829599,604,0.49006623,within-architecture mean forecast across saved fits
F13,M1,Linear,2024,15,625,13.19143,0.6928,0.25414365,0.18943291,611,0.49099836,within-architecture mean forecast across saved fits
F13,M1,Linear,2024,16,626,13.211927,0.69169329,0.25274725,0.18990611,612,0.49019608,within-architecture mean forecast across saved fits
F13,M1,Linear,2025,1,30,11.451441,0.7,0.4,0.18201928,30,0.76666667,within-architecture mean forecast across saved fits
F13,M1,Linear,2025,2,68,12.190939,0.77941176,0.42857143,0.16153385,66,0.6969697,within-architecture mean forecast across saved fits
F13,M1,Linear,2025,3,102,12.414646,0.76470588,0.33333333,0.16567301,100,0.63,within-architecture mean forecast across saved fits
F13,M1,Linear,2025,4,138,12.481463,0.73188406,0.26470588,0.17484657,135,0.62962963,within-architecture mean forecast across saved fits
F13,M1,Linear,2025,5,176,12.011794,0.72159091,0.25581395,0.18203627,172,0.60465116,within-architecture mean forecast across saved fits
F13,M1,Linear,2025,6,213,11.922885,0.71830986,0.22,0.18390301,209,0.58851675,within-architecture mean forecast across saved fits
F13,M1,Linear,2025,7,254,11.921993,0.70866142,0.1875,0.18778815,249,0.59036145,within-architecture mean forecast across saved fits
F13,M1,Linear,2025,8,299,11.957641,0.69899666,0.19230769,0.19065141,294,0.58503401,within-architecture mean forecast across saved fits
F13,M1,Linear,2025,9,335,11.96568,0.70746269,0.20454545,0.18723783,328,0.56707317,within-architecture mean forecast across saved fits
F13,M1,Linear,2025,10,377,12.025017,0.70822281,0.20792079,0.18925579,370,0.55135135,within-architecture mean forecast across saved fits
F13,M1,Linear,2025,11,412,11.991768,0.7038835,0.19298246,0.19046757,405,0.56049383,within-architecture mean forecast across saved fits
F13,M1,Linear,2025,12,454,12.053903,0.7092511,0.18852459,0.186911,447,0.54809843,within-architecture mean forecast across saved fits
F13,M1,Linear,2025,13,496,12.163669,0.70967742,0.17424242,0.18463712,489,0.55010225,within-architecture mean forecast across saved fits
F13,M1,Linear,2025,14,544,12.149873,0.71875,0.20547945,0.18371375,533,0.54596623,within-architecture mean forecast across saved fits
F13,M1,Linear,2025,15,552,12.153628,0.7173913,0.20134228,0.18430524,541,0.54528651,within-architecture mean forecast across saved fits
F13,M1,Linear,2025,16,553,12.152905,0.71790235,0.20134228,0.18405792,542,0.54428044,within-architecture mean forecast across saved fits
F13,M10,KNN,2024,1,27,17.996296,0.66666667,0,0.18613326,27,0.33333333,within-architecture mean forecast across saved fits
F13,M10,KNN,2024,2,67,16.773134,0.64179104,0.26086957,0.18960806,66,0.43939394,within-architecture mean forecast across saved fits
F13,M10,KNN,2024,3,112,17.096429,0.64285714,0.1875,0.1906234,110,0.40909091,within-architecture mean forecast across saved fits
F13,M10,KNN,2024,4,158,16.04019,0.68987342,0.27272727,0.18175949,156,0.44871795,within-architecture mean forecast across saved fits
F13,M10,KNN,2024,5,202,15.580693,0.67821782,0.25862069,0.19361532,198,0.45959596,within-architecture mean forecast across saved fits
F13,M10,KNN,2024,6,241,14.8861,0.68879668,0.26086957,0.1924165,235,0.4893617,within-architecture mean forecast across saved fits
F13,M10,KNN,2024,7,288,14.740104,0.67013889,0.27160494,0.19679317,280,0.49642857,within-architecture mean forecast across saved fits
F13,M10,KNN,2024,8,339,14.441888,0.6519174,0.26041667,0.20186732,330,0.5,within-architecture mean forecast across saved fits
F13,M10,KNN,2024,9,384,14.106641,0.66666667,0.27358491,0.1978947,372,0.51344086,within-architecture mean forecast across saved fits
F13,M10,KNN,2024,10,423,14.186643,0.64775414,0.25409836,0.20717655,410,0.5097561,within-architecture mean forecast across saved fits
F13,M10,KNN,2024,11,465,14.122796,0.64086022,0.2556391,0.20733022,451,0.50554324,within-architecture mean forecast across saved fits
F13,M10,KNN,2024,12,509,13.865521,0.65225933,0.25694444,0.20294756,495,0.52121212,within-architecture mean forecast across saved fits
F13,M10,KNN,2024,13,561,13.806774,0.66131907,0.26875,0.20105794,546,0.52747253,within-architecture mean forecast across saved fits
F13,M10,KNN,2024,14,618,13.904045,0.65857605,0.26704545,0.20520419,601,0.51580699,within-architecture mean forecast across saved fits
F13,M10,KNN,2024,15,625,13.93912,0.656,0.26519337,0.20534395,608,0.51973684,within-architecture mean forecast across saved fits
F13,M10,KNN,2024,16,626,13.959744,0.65495208,0.26373626,0.20573126,609,0.51888342,within-architecture mean forecast across saved fits
F13,M10,KNN,2025,1,30,11.425,0.66666667,0.4,0.1685371,30,0.6,within-architecture mean forecast across saved fits
F13,M10,KNN,2025,2,68,13.160294,0.70588235,0.42857143,0.17721626,66,0.57575758,within-architecture mean forecast across saved fits
F13,M10,KNN,2025,3,102,12.677941,0.73529412,0.45833333,0.17374708,100,0.59,within-architecture mean forecast across saved fits
F13,M10,KNN,2025,4,138,12.830797,0.71014493,0.38235294,0.18503756,134,0.58208955,within-architecture mean forecast across saved fits
F13,M10,KNN,2025,5,176,12.500852,0.70454545,0.3255814,0.19262614,171,0.54385965,within-architecture mean forecast across saved fits
F13,M10,KNN,2025,6,213,12.385681,0.71361502,0.32,0.19248686,207,0.53623188,within-architecture mean forecast across saved fits
F13,M10,KNN,2025,7,254,12.42874,0.72047244,0.34375,0.19332485,247,0.52631579,within-architecture mean forecast across saved fits
F13,M10,KNN,2025,8,299,12.73612,0.71237458,0.33333333,0.19852,291,0.51546392,within-architecture mean forecast across saved fits
F13,M10,KNN,2025,9,335,12.663134,0.71940299,0.34090909,0.19627129,325,0.50769231,within-architecture mean forecast across saved fits
F13,M10,KNN,2025,10,377,12.862467,0.70026525,0.32673267,0.2011118,366,0.5,within-architecture mean forecast across saved fits
F13,M10,KNN,2025,11,412,12.864563,0.69660194,0.31578947,0.20188635,401,0.50374065,within-architecture mean forecast across saved fits
F13,M10,KNN,2025,12,454,12.984912,0.70044053,0.30327869,0.2000528,443,0.49209932,within-architecture mean forecast across saved fits
F13,M10,KNN,2025,13,496,13.038407,0.70564516,0.3030303,0.19705857,485,0.49896907,within-architecture mean forecast across saved fits
F13,M10,KNN,2025,14,544,13.165993,0.69852941,0.31506849,0.19942659,529,0.49716446,within-architecture mean forecast across saved fits
F13,M10,KNN,2025,15,552,13.176087,0.69565217,0.31543624,0.20066102,537,0.49534451,within-architecture mean forecast across saved fits
F13,M10,KNN,2025,16,553,13.181284,0.69620253,0.31543624,0.20035971,538,0.49442379,within-architecture mean forecast across saved fits
F13,M2,Spline,2024,1,27,18.057422,0.62962963,0.125,0.19922087,27,0.40740741,within-architecture mean forecast across saved fits
F13,M2,Spline,2024,2,67,17.328834,0.64179104,0.26086957,0.20168229,66,0.39393939,within-architecture mean forecast across saved fits
F13,M2,Spline,2024,3,112,16.674539,0.6875,0.25,0.18397291,110,0.41818182,within-architecture mean forecast across saved fits
F13,M2,Spline,2024,4,158,15.828335,0.71518987,0.29545455,0.17824938,156,0.43589744,within-architecture mean forecast across saved fits
F13,M2,Spline,2024,5,202,14.973105,0.71287129,0.31034483,0.18137706,198,0.44444444,within-architecture mean forecast across saved fits
F13,M2,Spline,2024,6,241,14.524145,0.70539419,0.28985507,0.1848351,236,0.45338983,within-architecture mean forecast across saved fits
F13,M2,Spline,2024,7,288,14.317821,0.70486111,0.28395062,0.18797324,281,0.44839858,within-architecture mean forecast across saved fits
F13,M2,Spline,2024,8,339,14.066821,0.68436578,0.25,0.19345,331,0.4592145,within-architecture mean forecast across saved fits
F13,M2,Spline,2024,9,384,13.746302,0.69791667,0.25471698,0.18822414,374,0.47326203,within-architecture mean forecast across saved fits
F13,M2,Spline,2024,10,423,13.805762,0.69030733,0.26229508,0.19419077,412,0.47087379,within-architecture mean forecast across saved fits
F13,M2,Spline,2024,11,465,13.700273,0.68387097,0.2481203,0.19526761,453,0.47019868,within-architecture mean forecast across saved fits
F13,M2,Spline,2024,12,509,13.472259,0.69155206,0.25,0.19188551,497,0.48088531,within-architecture mean forecast across saved fits
F13,M2,Spline,2024,13,561,13.451337,0.68805704,0.25625,0.19231192,549,0.4863388,within-architecture mean forecast across saved fits
F13,M2,Spline,2024,14,618,13.525291,0.68122977,0.24431818,0.19628897,604,0.48509934,within-architecture mean forecast across saved fits
F13,M2,Spline,2024,15,625,13.600077,0.68,0.24861878,0.1968972,611,0.48772504,within-architecture mean forecast across saved fits
F13,M2,Spline,2024,16,626,13.629686,0.67891374,0.24725275,0.19759116,612,0.4869281,within-architecture mean forecast across saved fits
F13,M2,Spline,2025,1,30,12.368958,0.7,0.4,0.17772747,30,0.66666667,within-architecture mean forecast across saved fits
F13,M2,Spline,2025,2,68,13.709151,0.73529412,0.42857143,0.1805868,66,0.66666667,within-architecture mean forecast across saved fits
F13,M2,Spline,2025,3,102,13.22344,0.7254902,0.41666667,0.17339687,100,0.6,within-architecture mean forecast across saved fits
F13,M2,Spline,2025,4,138,12.918244,0.7173913,0.29411765,0.18023727,135,0.60740741,within-architecture mean forecast across saved fits
F13,M2,Spline,2025,5,176,12.480772,0.70454545,0.27906977,0.1877891,172,0.5755814,within-architecture mean forecast across saved fits
F13,M2,Spline,2025,6,213,12.337564,0.71361502,0.26,0.18708444,209,0.5645933,within-architecture mean forecast across saved fits
F13,M2,Spline,2025,7,254,12.378141,0.69685039,0.25,0.19141409,249,0.57831325,within-architecture mean forecast across saved fits
F13,M2,Spline,2025,8,299,12.432492,0.68561873,0.23076923,0.19814726,294,0.58843537,within-architecture mean forecast across saved fits
F13,M2,Spline,2025,9,335,12.391106,0.69850746,0.25,0.19349115,328,0.57621951,within-architecture mean forecast across saved fits
F13,M2,Spline,2025,10,377,12.369084,0.70291777,0.26732673,0.19482227,370,0.56756757,within-architecture mean forecast across saved fits
F13,M2,Spline,2025,11,412,12.367106,0.69660194,0.24561404,0.19695072,405,0.5654321,within-architecture mean forecast across saved fits
F13,M2,Spline,2025,12,454,12.516451,0.69603524,0.23770492,0.19443815,447,0.55480984,within-architecture mean forecast across saved fits
F13,M2,Spline,2025,13,496,12.648259,0.69354839,0.22727273,0.19304393,489,0.55214724,within-architecture mean forecast across saved fits
F13,M2,Spline,2025,14,544,12.599305,0.70036765,0.24657534,0.19206496,533,0.55722326,within-architecture mean forecast across saved fits
F13,M2,Spline,2025,15,552,12.613607,0.69565217,0.24161074,0.19296094,541,0.55452865,within-architecture mean forecast across saved fits
F13,M2,Spline,2025,16,553,12.622947,0.69620253,0.24161074,0.19264785,542,0.55350554,within-architecture mean forecast across saved fits
F13,M3,Random forest,2024,1,27,16.929489,0.7037037,0.125,0.17339155,27,0.48148148,within-architecture mean forecast across saved fits
F13,M3,Random forest,2024,2,67,16.444191,0.67164179,0.2173913,0.19747993,66,0.51515152,within-architecture mean forecast across saved fits
F13,M3,Random forest,2024,3,112,16.105425,0.70535714,0.28125,0.17991961,110,0.47272727,within-architecture mean forecast across saved fits
F13,M3,Random forest,2024,4,158,15.43588,0.70886076,0.29545455,0.17850104,156,0.47435897,within-architecture mean forecast across saved fits
F13,M3,Random forest,2024,5,202,14.475458,0.71782178,0.32758621,0.17999196,198,0.47979798,within-architecture mean forecast across saved fits
F13,M3,Random forest,2024,6,241,13.965027,0.71369295,0.28985507,0.18403284,236,0.49576271,within-architecture mean forecast across saved fits
F13,M3,Random forest,2024,7,288,13.711091,0.71180556,0.2962963,0.18431227,281,0.4911032,within-architecture mean forecast across saved fits
F13,M3,Random forest,2024,8,339,13.503533,0.69321534,0.26041667,0.18833273,331,0.48036254,within-architecture mean forecast across saved fits
F13,M3,Random forest,2024,9,384,13.296008,0.7109375,0.27358491,0.18448359,374,0.48128342,within-architecture mean forecast across saved fits
F13,M3,Random forest,2024,10,423,13.313646,0.70449173,0.25409836,0.19134473,412,0.49029126,within-architecture mean forecast across saved fits
F13,M3,Random forest,2024,11,465,13.226317,0.70752688,0.2556391,0.19120864,453,0.4812362,within-architecture mean forecast across saved fits
F13,M3,Random forest,2024,12,509,13.086647,0.71119843,0.25,0.18924675,497,0.48088531,within-architecture mean forecast across saved fits
F13,M3,Random forest,2024,13,561,12.996881,0.71479501,0.25625,0.18755465,549,0.48816029,within-architecture mean forecast across saved fits
F13,M3,Random forest,2024,14,618,12.94117,0.71521036,0.25,0.18878262,604,0.48013245,within-architecture mean forecast across saved fits
F13,M3,Random forest,2024,15,625,13.021028,0.7136,0.25414365,0.1895897,611,0.47954173,within-architecture mean forecast across saved fits
F13,M3,Random forest,2024,16,626,13.04158,0.71246006,0.25274725,0.19006264,612,0.47875817,within-architecture mean forecast across saved fits
F13,M3,Random forest,2025,1,30,11.196425,0.7,0.2,0.17750969,30,0.63333333,within-architecture mean forecast across saved fits
F13,M3,Random forest,2025,2,68,12.277238,0.76470588,0.35714286,0.1673237,66,0.60606061,within-architecture mean forecast across saved fits
F13,M3,Random forest,2025,3,102,12.217856,0.76470588,0.33333333,0.16356033,100,0.63,within-architecture mean forecast across saved fits
F13,M3,Random forest,2025,4,138,12.310913,0.75362319,0.32352941,0.1726291,135,0.61481481,within-architecture mean forecast across saved fits
F13,M3,Random forest,2025,5,176,11.844609,0.73295455,0.25581395,0.17997562,172,0.58139535,within-architecture mean forecast across saved fits
F13,M3,Random forest,2025,6,213,11.914217,0.72300469,0.24,0.18221656,209,0.54066986,within-architecture mean forecast across saved fits
F13,M3,Random forest,2025,7,254,12.018054,0.70866142,0.203125,0.18644996,249,0.53815261,within-architecture mean forecast across saved fits
F13,M3,Random forest,2025,8,299,11.975699,0.7090301,0.20512821,0.18947065,294,0.55442177,within-architecture mean forecast across saved fits
F13,M3,Random forest,2025,9,335,11.965878,0.71641791,0.20454545,0.18582462,328,0.53963415,within-architecture mean forecast across saved fits
F13,M3,Random forest,2025,10,377,12.026794,0.70822281,0.18811881,0.18806135,370,0.52702703,within-architecture mean forecast across saved fits
F13,M3,Random forest,2025,11,412,11.977405,0.71116505,0.20175439,0.18951086,405,0.53580247,within-architecture mean forecast across saved fits
F13,M3,Random forest,2025,12,454,12.07739,0.71585903,0.18852459,0.18624419,447,0.51677852,within-architecture mean forecast across saved fits
F13,M3,Random forest,2025,13,496,12.217934,0.71774194,0.17424242,0.18416412,489,0.5194274,within-architecture mean forecast across saved fits
F13,M3,Random forest,2025,14,544,12.189291,0.71875,0.18493151,0.18359183,533,0.52345216,within-architecture mean forecast across saved fits
F13,M3,Random forest,2025,15,552,12.206828,0.71557971,0.18120805,0.1846063,541,0.5194085,within-architecture mean forecast across saved fits
F13,M3,Random forest,2025,16,553,12.208905,0.71609403,0.18120805,0.1843408,542,0.51845018,within-architecture mean forecast across saved fits
F13,M4,Boosted trees,2024,1,27,17.012269,0.66666667,0,0.17340806,27,0.48148148,within-architecture mean forecast across saved fits
F13,M4,Boosted trees,2024,2,67,16.200046,0.67164179,0.2173913,0.19229177,66,0.53030303,within-architecture mean forecast across saved fits
F13,M4,Boosted trees,2024,3,112,16.095805,0.71428571,0.28125,0.18140341,110,0.47272727,within-architecture mean forecast across saved fits
F13,M4,Boosted trees,2024,4,158,15.544462,0.68987342,0.25,0.18221801,156,0.46794872,within-architecture mean forecast across saved fits
F13,M4,Boosted trees,2024,5,202,14.750554,0.7029703,0.31034483,0.18436839,198,0.45454545,within-architecture mean forecast across saved fits
F13,M4,Boosted trees,2024,6,241,14.20701,0.69709544,0.28985507,0.188818,236,0.46610169,within-architecture mean forecast across saved fits
F13,M4,Boosted trees,2024,7,288,13.903219,0.69791667,0.2962963,0.18884936,281,0.47330961,within-architecture mean forecast across saved fits
F13,M4,Boosted trees,2024,8,339,13.6704,0.68436578,0.26041667,0.19265172,331,0.4652568,within-architecture mean forecast across saved fits
F13,M4,Boosted trees,2024,9,384,13.45547,0.6953125,0.25471698,0.18871769,374,0.47326203,within-architecture mean forecast across saved fits
F13,M4,Boosted trees,2024,10,423,13.442706,0.69030733,0.24590164,0.19495174,412,0.48786408,within-architecture mean forecast across saved fits
F13,M4,Boosted trees,2024,11,465,13.391672,0.69677419,0.2556391,0.19534053,453,0.4790287,within-architecture mean forecast across saved fits
F13,M4,Boosted trees,2024,12,509,13.231935,0.69744597,0.24305556,0.19298438,497,0.47887324,within-architecture mean forecast across saved fits
F13,M4,Boosted trees,2024,13,561,13.133994,0.70231729,0.25,0.19088226,549,0.48998179,within-architecture mean forecast across saved fits
F13,M4,Boosted trees,2024,14,618,13.085989,0.69902913,0.24431818,0.19254932,604,0.48013245,within-architecture mean forecast across saved fits
F13,M4,Boosted trees,2024,15,625,13.167179,0.696,0.24309392,0.19336598,611,0.4811784,within-architecture mean forecast across saved fits
F13,M4,Boosted trees,2024,16,626,13.185132,0.69488818,0.24175824,0.19376269,612,0.48202614,within-architecture mean forecast across saved fits
F13,M4,Boosted trees,2025,1,30,11.089984,0.73333333,0.4,0.17291559,30,0.73333333,within-architecture mean forecast across saved fits
F13,M4,Boosted trees,2025,2,68,12.251124,0.77941176,0.42857143,0.16293382,66,0.65151515,within-architecture mean forecast across saved fits
F13,M4,Boosted trees,2025,3,102,12.450465,0.7745098,0.375,0.16262095,100,0.63,within-architecture mean forecast across saved fits
F13,M4,Boosted trees,2025,4,138,12.658906,0.75362319,0.35294118,0.17436865,135,0.61481481,within-architecture mean forecast across saved fits
F13,M4,Boosted trees,2025,5,176,12.150025,0.73863636,0.27906977,0.18048393,172,0.59883721,within-architecture mean forecast across saved fits
F13,M4,Boosted trees,2025,6,213,12.121349,0.7370892,0.26,0.18169223,209,0.5645933,within-architecture mean forecast across saved fits
F13,M4,Boosted trees,2025,7,254,12.26705,0.72047244,0.21875,0.1871076,249,0.54216867,within-architecture mean forecast across saved fits
F13,M4,Boosted trees,2025,8,299,12.234974,0.72575251,0.21794872,0.18960996,294,0.54421769,within-architecture mean forecast across saved fits
F13,M4,Boosted trees,2025,9,335,12.211415,0.73134328,0.22727273,0.18636422,328,0.52439024,within-architecture mean forecast across saved fits
F13,M4,Boosted trees,2025,10,377,12.22124,0.72148541,0.20792079,0.18838501,370,0.51621622,within-architecture mean forecast across saved fits
F13,M4,Boosted trees,2025,11,412,12.162231,0.7184466,0.20175439,0.18960054,405,0.52345679,within-architecture mean forecast across saved fits
F13,M4,Boosted trees,2025,12,454,12.244775,0.72687225,0.20491803,0.18652394,447,0.51006711,within-architecture mean forecast across saved fits
F13,M4,Boosted trees,2025,13,496,12.398098,0.72782258,0.1969697,0.18500573,489,0.50511247,within-architecture mean forecast across saved fits
F13,M4,Boosted trees,2025,14,544,12.416599,0.72977941,0.21232877,0.18556273,533,0.50469043,within-architecture mean forecast across saved fits
F13,M4,Boosted trees,2025,15,552,12.421292,0.72644928,0.20805369,0.18644268,541,0.50462107,within-architecture mean forecast across saved fits
F13,M4,Boosted trees,2025,16,553,12.424502,0.72694394,0.20805369,0.18616388,542,0.50369004,within-architecture mean forecast across saved fits
F13,M5,Neural net,2024,1,27,17.682564,0.7037037,0.125,0.1876486,27,0.37037037,within-architecture mean forecast across saved fits
F13,M5,Neural net,2024,2,67,18.078087,0.62686567,0.26086957,0.21557367,66,0.42424242,within-architecture mean forecast across saved fits
F13,M5,Neural net,2024,3,112,17.361518,0.66964286,0.25,0.19805437,110,0.42727273,within-architecture mean forecast across saved fits
F13,M5,Neural net,2024,4,158,16.940115,0.66455696,0.25,0.19838813,156,0.48076923,within-architecture mean forecast across saved fits
F13,M5,Neural net,2024,5,202,16.403469,0.64356436,0.24137931,0.2083939,198,0.48989899,within-architecture mean forecast across saved fits
F13,M5,Neural net,2024,6,241,15.844484,0.63900415,0.23188406,0.20827174,236,0.48728814,within-architecture mean forecast across saved fits
F13,M5,Neural net,2024,7,288,15.582456,0.64236111,0.2345679,0.20905164,281,0.47686833,within-architecture mean forecast across saved fits
F13,M5,Neural net,2024,8,339,15.239913,0.64011799,0.26041667,0.21362352,331,0.46827795,within-architecture mean forecast across saved fits
F13,M5,Neural net,2024,9,384,14.920317,0.65625,0.26415094,0.20867302,374,0.47593583,within-architecture mean forecast across saved fits
F13,M5,Neural net,2024,10,423,14.963384,0.64539007,0.26229508,0.21501518,412,0.47815534,within-architecture mean forecast across saved fits
F13,M5,Neural net,2024,11,465,14.978043,0.64516129,0.2556391,0.21614305,453,0.46799117,within-architecture mean forecast across saved fits
F13,M5,Neural net,2024,12,509,14.72486,0.65618861,0.26388889,0.21261336,497,0.47082495,within-architecture mean forecast across saved fits
F13,M5,Neural net,2024,13,561,14.645168,0.65597148,0.275,0.21095521,549,0.47176685,within-architecture mean forecast across saved fits
F13,M5,Neural net,2024,14,618,14.72722,0.65048544,0.27272727,0.21396195,604,0.4602649,within-architecture mean forecast across saved fits
F13,M5,Neural net,2024,15,625,14.831419,0.6496,0.28176796,0.21445981,611,0.4599018,within-architecture mean forecast across saved fits
F13,M5,Neural net,2024,16,626,14.846537,0.6485623,0.28021978,0.2147953,612,0.46078431,within-architecture mean forecast across saved fits
F13,M5,Neural net,2025,1,30,12.675293,0.7,0.4,0.20086868,30,0.66666667,within-architecture mean forecast across saved fits
F13,M5,Neural net,2025,2,68,13.540538,0.75,0.35714286,0.1790803,66,0.63636364,within-architecture mean forecast across saved fits
F13,M5,Neural net,2025,3,102,13.22694,0.7254902,0.29166667,0.17573972,100,0.63,within-architecture mean forecast across saved fits
F13,M5,Neural net,2025,4,138,12.975855,0.6884058,0.23529412,0.18401021,135,0.62222222,within-architecture mean forecast across saved fits
F13,M5,Neural net,2025,5,176,12.877488,0.67613636,0.25581395,0.19165702,172,0.58139535,within-architecture mean forecast across saved fits
F13,M5,Neural net,2025,6,213,13.121662,0.66666667,0.24,0.1974635,209,0.54545455,within-architecture mean forecast across saved fits
F13,M5,Neural net,2025,7,254,13.202607,0.65748031,0.21875,0.20032196,249,0.54618474,within-architecture mean forecast across saved fits
F13,M5,Neural net,2025,8,299,13.365208,0.64214047,0.19230769,0.20881021,294,0.52721088,within-architecture mean forecast across saved fits
F13,M5,Neural net,2025,9,335,13.315511,0.65373134,0.22727273,0.20483049,328,0.52439024,within-architecture mean forecast across saved fits
F13,M5,Neural net,2025,10,377,13.449268,0.64721485,0.23762376,0.2081559,370,0.52432432,within-architecture mean forecast across saved fits
F13,M5,Neural net,2025,11,412,13.519099,0.63834951,0.21929825,0.21241531,405,0.52098765,within-architecture mean forecast across saved fits
F13,M5,Neural net,2025,12,454,13.610687,0.64096916,0.20491803,0.21082876,447,0.51901566,within-architecture mean forecast across saved fits
F13,M5,Neural net,2025,13,496,13.891493,0.6391129,0.1969697,0.2115219,489,0.50715746,within-architecture mean forecast across saved fits
F13,M5,Neural net,2025,14,544,13.870294,0.64705882,0.23972603,0.21122514,533,0.50469043,within-architecture mean forecast across saved fits
F13,M5,Neural net,2025,15,552,13.891231,0.64673913,0.24832215,0.21240621,541,0.50462107,within-architecture mean forecast across saved fits
F13,M5,Neural net,2025,16,553,13.884984,0.64737794,0.24832215,0.2121442,542,0.50369004,within-architecture mean forecast across saved fits
F14,M1,Linear,2024,1,27,19.090061,0.66666667,0,0.20930954,27,0.2962963,within-architecture mean forecast across saved fits
F14,M1,Linear,2024,2,67,17.612296,0.65671642,0.17391304,0.21857402,66,0.39393939,within-architecture mean forecast across saved fits
F14,M1,Linear,2024,3,112,16.747547,0.67857143,0.21875,0.19266295,110,0.41818182,within-architecture mean forecast across saved fits
F14,M1,Linear,2024,4,158,15.942207,0.70253165,0.22727273,0.18329134,156,0.42948718,within-architecture mean forecast across saved fits
F14,M1,Linear,2024,5,202,15.128015,0.7029703,0.27586207,0.18442999,198,0.43939394,within-architecture mean forecast across saved fits
F14,M1,Linear,2024,6,241,14.652839,0.69294606,0.27536232,0.18731177,236,0.45338983,within-architecture mean forecast across saved fits
F14,M1,Linear,2024,7,288,14.258718,0.69444444,0.28395062,0.18776969,281,0.45551601,within-architecture mean forecast across saved fits
F14,M1,Linear,2024,8,339,13.947615,0.68436578,0.27083333,0.19068713,331,0.4592145,within-architecture mean forecast across saved fits
F14,M1,Linear,2024,9,384,13.568484,0.703125,0.28301887,0.18460588,374,0.46791444,within-architecture mean forecast across saved fits
F14,M1,Linear,2024,10,423,13.554631,0.69503546,0.27868852,0.19004329,412,0.47572816,within-architecture mean forecast across saved fits
F14,M1,Linear,2024,11,465,13.428732,0.69677419,0.26315789,0.1896357,453,0.47682119,within-architecture mean forecast across saved fits
F14,M1,Linear,2024,12,509,13.226434,0.70333988,0.26388889,0.18645218,497,0.48088531,within-architecture mean forecast across saved fits
F14,M1,Linear,2024,13,561,13.156422,0.70053476,0.2625,0.18587356,549,0.48816029,within-architecture mean forecast across saved fits
F14,M1,Linear,2024,14,618,13.100699,0.69579288,0.25568182,0.18826445,604,0.49006623,within-architecture mean forecast across saved fits
F14,M1,Linear,2024,15,625,13.189952,0.6928,0.25414365,0.18939347,611,0.49099836,within-architecture mean forecast across saved fits
F14,M1,Linear,2024,16,626,13.210384,0.69169329,0.25274725,0.18986673,612,0.49019608,within-architecture mean forecast across saved fits
F14,M1,Linear,2025,1,30,11.453165,0.7,0.4,0.18212215,30,0.76666667,within-architecture mean forecast across saved fits
F14,M1,Linear,2025,2,68,12.189919,0.77941176,0.42857143,0.16153185,66,0.6969697,within-architecture mean forecast across saved fits
F14,M1,Linear,2025,3,102,12.413482,0.76470588,0.33333333,0.16571444,100,0.63,within-architecture mean forecast across saved fits
F14,M1,Linear,2025,4,138,12.480563,0.73188406,0.26470588,0.17488484,135,0.62962963,within-architecture mean forecast across saved fits
F14,M1,Linear,2025,5,176,12.010464,0.72159091,0.25581395,0.18208124,172,0.60465116,within-architecture mean forecast across saved fits
F14,M1,Linear,2025,6,213,11.922026,0.71830986,0.22,0.18395641,209,0.58851675,within-architecture mean forecast across saved fits
F14,M1,Linear,2025,7,254,11.921217,0.70866142,0.1875,0.18784205,249,0.59036145,within-architecture mean forecast across saved fits
F14,M1,Linear,2025,8,299,11.957693,0.69899666,0.19230769,0.19068488,294,0.58503401,within-architecture mean forecast across saved fits
F14,M1,Linear,2025,9,335,11.966255,0.70746269,0.20454545,0.18725403,328,0.56707317,within-architecture mean forecast across saved fits
F14,M1,Linear,2025,10,377,12.025173,0.70822281,0.20792079,0.18925462,370,0.55135135,within-architecture mean forecast across saved fits
F14,M1,Linear,2025,11,412,11.992474,0.7038835,0.19298246,0.19046299,405,0.56049383,within-architecture mean forecast across saved fits
F14,M1,Linear,2025,12,454,12.054231,0.7092511,0.18852459,0.1869004,447,0.54809843,within-architecture mean forecast across saved fits
F14,M1,Linear,2025,13,496,12.164051,0.70967742,0.17424242,0.18463496,489,0.55010225,within-architecture mean forecast across saved fits
F14,M1,Linear,2025,14,544,12.149942,0.71875,0.20547945,0.18370801,533,0.54596623,within-architecture mean forecast across saved fits
F14,M1,Linear,2025,15,552,12.153634,0.7173913,0.20134228,0.18430131,541,0.54528651,within-architecture mean forecast across saved fits
F14,M1,Linear,2025,16,553,12.152876,0.71790235,0.20134228,0.18405438,542,0.54428044,within-architecture mean forecast across saved fits
F14,M10,KNN,2024,1,27,18.198148,0.66666667,0,0.18893858,27,0.33333333,within-architecture mean forecast across saved fits
F14,M10,KNN,2024,2,67,16.670149,0.67164179,0.26086957,0.18576991,66,0.5,within-architecture mean forecast across saved fits
F14,M10,KNN,2024,3,112,16.886161,0.66964286,0.21875,0.1859609,109,0.46788991,within-architecture mean forecast across saved fits
F14,M10,KNN,2024,4,158,15.901582,0.70253165,0.27272727,0.17808509,155,0.49032258,within-architecture mean forecast across saved fits
F14,M10,KNN,2024,5,202,15.428218,0.69306931,0.27586207,0.1884678,197,0.4822335,within-architecture mean forecast across saved fits
F14,M10,KNN,2024,6,241,14.842324,0.69709544,0.27536232,0.19011613,234,0.51282051,within-architecture mean forecast across saved fits
F14,M10,KNN,2024,7,288,14.704167,0.68055556,0.2962963,0.19431801,279,0.50896057,within-architecture mean forecast across saved fits
F14,M10,KNN,2024,8,339,14.377434,0.66666667,0.28125,0.19803126,329,0.50759878,within-architecture mean forecast across saved fits
F14,M10,KNN,2024,9,384,14.033984,0.68229167,0.29245283,0.19430264,371,0.52291105,within-architecture mean forecast across saved fits
F14,M10,KNN,2024,10,423,14.099882,0.6643026,0.2704918,0.20315653,409,0.52322738,within-architecture mean forecast across saved fits
F14,M10,KNN,2024,11,465,14.039032,0.65806452,0.27067669,0.20400742,450,0.52,within-architecture mean forecast across saved fits
F14,M10,KNN,2024,12,509,13.75668,0.66994106,0.27083333,0.19969105,494,0.53441296,within-architecture mean forecast across saved fits
F14,M10,KNN,2024,13,561,13.700089,0.67201426,0.28125,0.19831126,546,0.53296703,within-architecture mean forecast across saved fits
F14,M10,KNN,2024,14,618,13.78568,0.66990291,0.27272727,0.20226867,600,0.52,within-architecture mean forecast across saved fits
F14,M10,KNN,2024,15,625,13.834,0.6672,0.27071823,0.20262022,607,0.52224053,within-architecture mean forecast across saved fits
F14,M10,KNN,2024,16,626,13.852316,0.66613419,0.26923077,0.20294098,608,0.52138158,within-architecture mean forecast across saved fits
F14,M10,KNN,2025,1,30,11.535,0.66666667,0.4,0.17393162,30,0.66666667,within-architecture mean forecast across saved fits
F14,M10,KNN,2025,2,68,13.290441,0.70588235,0.42857143,0.18037382,66,0.62121212,within-architecture mean forecast across saved fits
F14,M10,KNN,2025,3,102,12.891667,0.73529412,0.45833333,0.17736023,100,0.61,within-architecture mean forecast across saved fits
F14,M10,KNN,2025,4,138,13.01087,0.70289855,0.38235294,0.18820274,135,0.57777778,within-architecture mean forecast across saved fits
F14,M10,KNN,2025,5,176,12.673864,0.69886364,0.3255814,0.19468228,172,0.54069767,within-architecture mean forecast across saved fits
F14,M10,KNN,2025,6,213,12.56338,0.69953052,0.32,0.19540677,209,0.53110048,within-architecture mean forecast across saved fits
F14,M10,KNN,2025,7,254,12.535236,0.70472441,0.34375,0.1945512,249,0.52208835,within-architecture mean forecast across saved fits
F14,M10,KNN,2025,8,299,12.836288,0.70234114,0.33333333,0.20008323,293,0.51194539,within-architecture mean forecast across saved fits
F14,M10,KNN,2025,9,335,12.70209,0.71044776,0.32954545,0.19698898,327,0.51070336,within-architecture mean forecast across saved fits
F14,M10,KNN,2025,10,377,12.887401,0.69496021,0.32673267,0.20146645,369,0.50135501,within-architecture mean forecast across saved fits
F14,M10,KNN,2025,11,412,12.890655,0.69174757,0.31578947,0.20310122,404,0.4950495,within-architecture mean forecast across saved fits
F14,M10,KNN,2025,12,454,13.034141,0.6938326,0.30327869,0.20172739,446,0.49103139,within-architecture mean forecast across saved fits
F14,M10,KNN,2025,13,496,13.090524,0.69758065,0.3030303,0.19881742,488,0.49385246,within-architecture mean forecast across saved fits
F14,M10,KNN,2025,14,544,13.241085,0.69117647,0.31506849,0.20155286,532,0.4887218,within-architecture mean forecast across saved fits
F14,M10,KNN,2025,15,552,13.251721,0.69021739,0.31543624,0.20274683,540,0.48888889,within-architecture mean forecast across saved fits
F14,M10,KNN,2025,16,553,13.25217,0.69077758,0.31543624,0.20247202,541,0.48798521,within-architecture mean forecast across saved fits
F14,M2,Spline,2024,1,27,18.312925,0.62962963,0.125,0.20332582,27,0.2962963,within-architecture mean forecast across saved fits
F14,M2,Spline,2024,2,67,17.51819,0.62686567,0.2173913,0.2051174,66,0.36363636,within-architecture mean forecast across saved fits
F14,M2,Spline,2024,3,112,16.832286,0.67857143,0.21875,0.18683605,110,0.40909091,within-architecture mean forecast across saved fits
F14,M2,Spline,2024,4,158,15.981084,0.70253165,0.25,0.18133526,156,0.43589744,within-architecture mean forecast across saved fits
F14,M2,Spline,2024,5,202,15.093495,0.7029703,0.27586207,0.18419387,198,0.43939394,within-architecture mean forecast across saved fits
F14,M2,Spline,2024,6,241,14.66358,0.69709544,0.26086957,0.18757188,236,0.44491525,within-architecture mean forecast across saved fits
F14,M2,Spline,2024,7,288,14.437341,0.69444444,0.25925926,0.19028131,281,0.44839858,within-architecture mean forecast across saved fits
F14,M2,Spline,2024,8,339,14.192825,0.67551622,0.22916667,0.19553152,331,0.45317221,within-architecture mean forecast across saved fits
F14,M2,Spline,2024,9,384,13.86511,0.69010417,0.23584906,0.19018146,374,0.47058824,within-architecture mean forecast across saved fits
F14,M2,Spline,2024,10,423,13.901665,0.68321513,0.24590164,0.19578706,412,0.47087379,within-architecture mean forecast across saved fits
F14,M2,Spline,2024,11,465,13.798357,0.67741935,0.23308271,0.1970176,453,0.47682119,within-architecture mean forecast across saved fits
F14,M2,Spline,2024,12,509,13.56714,0.68172888,0.22916667,0.19349767,497,0.48692153,within-architecture mean forecast across saved fits
F14,M2,Spline,2024,13,561,13.53725,0.67736185,0.23125,0.19374735,549,0.4863388,within-architecture mean forecast across saved fits
F14,M2,Spline,2024,14,618,13.6083,0.67152104,0.22159091,0.19758154,604,0.4884106,within-architecture mean forecast across saved fits
F14,M2,Spline,2024,15,625,13.683947,0.6704,0.22651934,0.19824273,611,0.4893617,within-architecture mean forecast across saved fits
F14,M2,Spline,2024,16,626,13.713824,0.66932907,0.22527473,0.19893813,612,0.48856209,within-architecture mean forecast across saved fits
F14,M2,Spline,2025,1,30,12.511981,0.7,0.4,0.17740953,30,0.63333333,within-architecture mean forecast across saved fits
F14,M2,Spline,2025,2,68,13.752898,0.73529412,0.42857143,0.18056534,66,0.66666667,within-architecture mean forecast across saved fits
F14,M2,Spline,2025,3,102,13.226164,0.7254902,0.41666667,0.17257202,100,0.61,within-architecture mean forecast across saved fits
F14,M2,Spline,2025,4,138,12.869586,0.7173913,0.29411765,0.17959142,135,0.61481481,within-architecture mean forecast across saved fits
F14,M2,Spline,2025,5,176,12.433925,0.69886364,0.27906977,0.18802097,172,0.5872093,within-architecture mean forecast across saved fits
F14,M2,Spline,2025,6,213,12.314494,0.70892019,0.26,0.18755102,209,0.56937799,within-architecture mean forecast across saved fits
F14,M2,Spline,2025,7,254,12.348585,0.69291339,0.25,0.19163841,249,0.58232932,within-architecture mean forecast across saved fits
F14,M2,Spline,2025,8,299,12.431843,0.68227425,0.23076923,0.19858287,294,0.59183673,within-architecture mean forecast across saved fits
F14,M2,Spline,2025,9,335,12.42353,0.69253731,0.25,0.1940002,328,0.57926829,within-architecture mean forecast across saved fits
F14,M2,Spline,2025,10,377,12.392164,0.69761273,0.26732673,0.19530549,370,0.57297297,within-architecture mean forecast across saved fits
F14,M2,Spline,2025,11,412,12.397795,0.68932039,0.24561404,0.19753381,405,0.56790123,within-architecture mean forecast across saved fits
F14,M2,Spline,2025,12,454,12.532951,0.6938326,0.24590164,0.19479246,447,0.55928412,within-architecture mean forecast across saved fits
F14,M2,Spline,2025,13,496,12.652556,0.69758065,0.25,0.19349088,489,0.55623722,within-architecture mean forecast across saved fits
F14,M2,Spline,2025,14,544,12.621373,0.70588235,0.2739726,0.19252746,533,0.55159475,within-architecture mean forecast across saved fits
F14,M2,Spline,2025,15,552,12.632453,0.70108696,0.26845638,0.19339136,541,0.55083179,within-architecture mean forecast across saved fits
F14,M2,Spline,2025,16,553,12.638907,0.70162749,0.26845638,0.19308668,542,0.5498155,within-architecture mean forecast across saved fits
F14,M3,Random forest,2024,1,27,16.868277,0.66666667,0,0.17408168,27,0.48148148,within-architecture mean forecast across saved fits
F14,M3,Random forest,2024,2,67,16.409376,0.65671642,0.17391304,0.19721026,66,0.5,within-architecture mean forecast across saved fits
F14,M3,Random forest,2024,3,112,16.113087,0.70535714,0.25,0.17980704,110,0.46363636,within-architecture mean forecast across saved fits
F14,M3,Random forest,2024,4,158,15.453638,0.70886076,0.27272727,0.17856381,156,0.46794872,within-architecture mean forecast across saved fits
F14,M3,Random forest,2024,5,202,14.497396,0.71782178,0.31034483,0.18005101,198,0.47474747,within-architecture mean forecast across saved fits
F14,M3,Random forest,2024,6,241,13.983999,0.71369295,0.27536232,0.1838335,236,0.48728814,within-architecture mean forecast across saved fits
F14,M3,Random forest,2024,7,288,13.714369,0.71875,0.2962963,0.18419051,281,0.48754448,within-architecture mean forecast across saved fits
F14,M3,Random forest,2024,8,339,13.504807,0.7020649,0.27083333,0.18835153,331,0.48036254,within-architecture mean forecast across saved fits
F14,M3,Random forest,2024,9,384,13.310535,0.71875,0.28301887,0.18459996,374,0.48395722,within-architecture mean forecast across saved fits
F14,M3,Random forest,2024,10,423,13.327437,0.71158392,0.26229508,0.19145627,412,0.49271845,within-architecture mean forecast across saved fits
F14,M3,Random forest,2024,11,465,13.240281,0.71612903,0.26315789,0.19127187,453,0.48565121,within-architecture mean forecast across saved fits
F14,M3,Random forest,2024,12,509,13.103414,0.71905697,0.25694444,0.18937837,497,0.48490946,within-architecture mean forecast across saved fits
F14,M3,Random forest,2024,13,561,13.008959,0.72192513,0.2625,0.18755822,549,0.49544627,within-architecture mean forecast across saved fits
F14,M3,Random forest,2024,14,618,12.955531,0.72006472,0.25568182,0.18892845,604,0.4884106,within-architecture mean forecast across saved fits
F14,M3,Random forest,2024,15,625,13.033746,0.7184,0.25966851,0.18970399,611,0.48772504,within-architecture mean forecast across saved fits
F14,M3,Random forest,2024,16,626,13.053799,0.7172524,0.25824176,0.19016274,612,0.4869281,within-architecture mean forecast across saved fits
F14,M3,Random forest,2025,1,30,11.148614,0.7,0.2,0.1766236,30,0.7,within-architecture mean forecast across saved fits
F14,M3,Random forest,2025,2,68,12.317532,0.76470588,0.35714286,0.16784934,66,0.63636364,within-architecture mean forecast across saved fits
F14,M3,Random forest,2025,3,102,12.249378,0.76470588,0.33333333,0.1640785,100,0.66,within-architecture mean forecast across saved fits
F14,M3,Random forest,2025,4,138,12.320287,0.75362319,0.32352941,0.17302137,135,0.64444444,within-architecture mean forecast across saved fits
F14,M3,Random forest,2025,5,176,11.866013,0.72727273,0.25581395,0.18023683,172,0.60465116,within-architecture mean forecast across saved fits
F14,M3,Random forest,2025,6,213,11.927565,0.72769953,0.24,0.18222407,209,0.55980861,within-architecture mean forecast across saved fits
F14,M3,Random forest,2025,7,254,12.045378,0.71259843,0.203125,0.18690439,249,0.54618474,within-architecture mean forecast across saved fits
F14,M3,Random forest,2025,8,299,12.001949,0.71571906,0.20512821,0.18970805,294,0.56462585,within-architecture mean forecast across saved fits
F14,M3,Random forest,2025,9,335,11.995459,0.72537313,0.21590909,0.1861284,328,0.54878049,within-architecture mean forecast across saved fits
F14,M3,Random forest,2025,10,377,12.063668,0.71618037,0.1980198,0.18839159,370,0.53513514,within-architecture mean forecast across saved fits
F14,M3,Random forest,2025,11,412,12.014022,0.71601942,0.20175439,0.18991468,405,0.54320988,within-architecture mean forecast across saved fits
F14,M3,Random forest,2025,12,454,12.111326,0.72026432,0.18852459,0.18658355,447,0.52348993,within-architecture mean forecast across saved fits
F14,M3,Random forest,2025,13,496,12.248741,0.72177419,0.17424242,0.18453878,489,0.52556237,within-architecture mean forecast across saved fits
F14,M3,Random forest,2025,14,544,12.217424,0.72242647,0.18493151,0.1838978,533,0.53095685,within-architecture mean forecast across saved fits
F14,M3,Random forest,2025,15,552,12.231405,0.7192029,0.18120805,0.18481917,541,0.52865065,within-architecture mean forecast across saved fits
F14,M3,Random forest,2025,16,553,12.234031,0.71971067,0.18120805,0.18454924,542,0.52767528,within-architecture mean forecast across saved fits
F14,M4,Boosted trees,2024,1,27,17.035845,0.66666667,0,0.17371283,27,0.48148148,within-architecture mean forecast across saved fits
F14,M4,Boosted trees,2024,2,67,16.222628,0.65671642,0.2173913,0.19160279,66,0.53030303,within-architecture mean forecast across saved fits
F14,M4,Boosted trees,2024,3,112,16.093076,0.70535714,0.28125,0.18014169,110,0.47272727,within-architecture mean forecast across saved fits
F14,M4,Boosted trees,2024,4,158,15.557729,0.6835443,0.25,0.18213715,156,0.46794872,within-architecture mean forecast across saved fits
F14,M4,Boosted trees,2024,5,202,14.747992,0.7029703,0.31034483,0.18439125,198,0.45959596,within-architecture mean forecast across saved fits
F14,M4,Boosted trees,2024,6,241,14.201432,0.70124481,0.30434783,0.18862459,236,0.47033898,within-architecture mean forecast across saved fits
F14,M4,Boosted trees,2024,7,288,13.880687,0.69791667,0.2962963,0.18854309,281,0.47330961,within-architecture mean forecast across saved fits
F14,M4,Boosted trees,2024,8,339,13.637238,0.67846608,0.26041667,0.19223853,331,0.4652568,within-architecture mean forecast across saved fits
F14,M4,Boosted trees,2024,9,384,13.436787,0.6875,0.25471698,0.18841583,374,0.46524064,within-architecture mean forecast across saved fits
F14,M4,Boosted trees,2024,10,423,13.434926,0.68321513,0.24590164,0.1948489,412,0.47330097,within-architecture mean forecast across saved fits
F14,M4,Boosted trees,2024,11,465,13.380668,0.69247312,0.2556391,0.19534298,453,0.46578366,within-architecture mean forecast across saved fits
F14,M4,Boosted trees,2024,12,509,13.226375,0.69548134,0.24305556,0.19303524,497,0.46881288,within-architecture mean forecast across saved fits
F14,M4,Boosted trees,2024,13,561,13.12356,0.70231729,0.25625,0.190914,549,0.48087432,within-architecture mean forecast across saved fits
F14,M4,Boosted trees,2024,14,618,13.073914,0.69902913,0.25,0.19250965,604,0.4718543,within-architecture mean forecast across saved fits
F14,M4,Boosted trees,2024,15,625,13.153553,0.696,0.24861878,0.19327912,611,0.47299509,within-architecture mean forecast across saved fits
F14,M4,Boosted trees,2024,16,626,13.169963,0.69488818,0.24725275,0.19363178,612,0.47385621,within-architecture mean forecast across saved fits
F14,M4,Boosted trees,2025,1,30,10.922157,0.76666667,0.4,0.17058521,30,0.73333333,within-architecture mean forecast across saved fits
F14,M4,Boosted trees,2025,2,68,12.154831,0.79411765,0.42857143,0.16145027,66,0.65151515,within-architecture mean forecast across saved fits
F14,M4,Boosted trees,2025,3,102,12.383965,0.78431373,0.375,0.16104236,100,0.64,within-architecture mean forecast across saved fits
F14,M4,Boosted trees,2025,4,138,12.572775,0.76086957,0.35294118,0.17240667,135,0.61481481,within-architecture mean forecast across saved fits
F14,M4,Boosted trees,2025,5,176,12.057734,0.73863636,0.27906977,0.17865182,172,0.59302326,within-architecture mean forecast across saved fits
F14,M4,Boosted trees,2025,6,213,12.064024,0.74178404,0.26,0.18036194,209,0.55502392,within-architecture mean forecast across saved fits
F14,M4,Boosted trees,2025,7,254,12.175738,0.72440945,0.21875,0.18536743,249,0.54216867,within-architecture mean forecast across saved fits
F14,M4,Boosted trees,2025,8,299,12.17331,0.72909699,0.21794872,0.18852773,294,0.53741497,within-architecture mean forecast across saved fits
F14,M4,Boosted trees,2025,9,335,12.163883,0.73432836,0.22727273,0.18536313,328,0.52134146,within-architecture mean forecast across saved fits
F14,M4,Boosted trees,2025,10,377,12.167384,0.72679045,0.20792079,0.18714127,370,0.51621622,within-architecture mean forecast across saved fits
F14,M4,Boosted trees,2025,11,412,12.10177,0.72330097,0.20175439,0.18838903,405,0.52098765,within-architecture mean forecast across saved fits
F14,M4,Boosted trees,2025,12,454,12.197909,0.72687225,0.18852459,0.18542044,447,0.5033557,within-architecture mean forecast across saved fits
F14,M4,Boosted trees,2025,13,496,12.359009,0.72782258,0.18181818,0.1841542,489,0.49693252,within-architecture mean forecast across saved fits
F14,M4,Boosted trees,2025,14,544,12.378063,0.72977941,0.19863014,0.18486449,533,0.49530957,within-architecture mean forecast across saved fits
F14,M4,Boosted trees,2025,15,552,12.386362,0.72644928,0.19463087,0.18583095,541,0.4935305,within-architecture mean forecast across saved fits
F14,M4,Boosted trees,2025,16,553,12.389837,0.72694394,0.19463087,0.18555278,542,0.49261993,within-architecture mean forecast across saved fits
F14,M5,Neural net,2024,1,27,17.957125,0.62962963,0,0.19740964,27,0.51851852,within-architecture mean forecast across saved fits
F14,M5,Neural net,2024,2,67,18.683194,0.6119403,0.2173913,0.22259891,66,0.45454545,within-architecture mean forecast across saved fits
F14,M5,Neural net,2024,3,112,18.084737,0.67857143,0.25,0.20453263,110,0.42727273,within-architecture mean forecast across saved fits
F14,M5,Neural net,2024,4,158,17.322951,0.6835443,0.27272727,0.20108497,156,0.45512821,within-architecture mean forecast across saved fits
F14,M5,Neural net,2024,5,202,16.669059,0.66336634,0.25862069,0.21233588,198,0.45959596,within-architecture mean forecast across saved fits
F14,M5,Neural net,2024,6,241,16.116181,0.66390041,0.27536232,0.21207764,236,0.45762712,within-architecture mean forecast across saved fits
F14,M5,Neural net,2024,7,288,15.875804,0.66319444,0.28395062,0.21295959,281,0.4519573,within-architecture mean forecast across saved fits
F14,M5,Neural net,2024,8,339,15.508105,0.6519174,0.29166667,0.21784685,331,0.44712991,within-architecture mean forecast across saved fits
F14,M5,Neural net,2024,9,384,15.258716,0.65885417,0.27358491,0.2142038,374,0.45721925,within-architecture mean forecast across saved fits
F14,M5,Neural net,2024,10,423,15.302199,0.64539007,0.2704918,0.21997401,412,0.44902913,within-architecture mean forecast across saved fits
F14,M5,Neural net,2024,11,465,15.300214,0.64301075,0.27819549,0.22072135,453,0.44591611,within-architecture mean forecast across saved fits
F14,M5,Neural net,2024,12,509,15.06294,0.6502947,0.27777778,0.21684929,497,0.45674044,within-architecture mean forecast across saved fits
F14,M5,Neural net,2024,13,561,14.957843,0.65418895,0.29375,0.21499278,549,0.4571949,within-architecture mean forecast across saved fits
F14,M5,Neural net,2024,14,618,15.014854,0.64886731,0.28977273,0.2179222,604,0.4486755,within-architecture mean forecast across saved fits
F14,M5,Neural net,2024,15,625,15.122202,0.6496,0.29834254,0.21811766,611,0.45008183,within-architecture mean forecast across saved fits
F14,M5,Neural net,2024,16,626,15.134346,0.6485623,0.2967033,0.218335,612,0.45098039,within-architecture mean forecast across saved fits
F14,M5,Neural net,2025,1,30,12.701523,0.66666667,0.4,0.20154283,30,0.56666667,within-architecture mean forecast across saved fits
F14,M5,Neural net,2025,2,68,13.393639,0.72058824,0.35714286,0.17539979,66,0.60606061,within-architecture mean forecast across saved fits
F14,M5,Neural net,2025,3,102,13.456651,0.70588235,0.29166667,0.18100649,100,0.6,within-architecture mean forecast across saved fits
F14,M5,Neural net,2025,4,138,12.909824,0.6884058,0.26470588,0.18672257,135,0.60740741,within-architecture mean forecast across saved fits
F14,M5,Neural net,2025,5,176,13.023558,0.65909091,0.27906977,0.19793636,172,0.55813953,within-architecture mean forecast across saved fits
F14,M5,Neural net,2025,6,213,13.256914,0.65258216,0.26,0.20330693,209,0.53110048,within-architecture mean forecast across saved fits
F14,M5,Neural net,2025,7,254,13.394513,0.63779528,0.234375,0.20752164,249,0.53413655,within-architecture mean forecast across saved fits
F14,M5,Neural net,2025,8,299,13.465373,0.62207358,0.21794872,0.21327557,294,0.53061224,within-architecture mean forecast across saved fits
F14,M5,Neural net,2025,9,335,13.398849,0.62985075,0.23863636,0.21011054,328,0.52743902,within-architecture mean forecast across saved fits
F14,M5,Neural net,2025,10,377,13.52213,0.62864721,0.25742574,0.21259171,370,0.52162162,within-architecture mean forecast across saved fits
F14,M5,Neural net,2025,11,412,13.579451,0.63106796,0.26315789,0.21599191,405,0.52592593,within-architecture mean forecast across saved fits
F14,M5,Neural net,2025,12,454,13.630142,0.63876652,0.26229508,0.21318509,447,0.5212528,within-architecture mean forecast across saved fits
F14,M5,Neural net,2025,13,496,13.863628,0.64516129,0.25757576,0.21316237,489,0.51124744,within-architecture mean forecast across saved fits
F14,M5,Neural net,2025,14,544,13.877511,0.65073529,0.28082192,0.21245522,533,0.50469043,within-architecture mean forecast across saved fits
F14,M5,Neural net,2025,15,552,13.864915,0.65036232,0.2885906,0.21303703,541,0.50462107,within-architecture mean forecast across saved fits
F14,M5,Neural net,2025,16,553,13.857524,0.65099458,0.2885906,0.21278037,542,0.50369004,within-architecture mean forecast across saved fits
F15,M1,Linear,2024,1,27,19.089072,0.66666667,0,0.20915875,27,0.2962963,within-architecture mean forecast across saved fits
F15,M1,Linear,2024,2,67,17.609901,0.65671642,0.17391304,0.21850158,66,0.39393939,within-architecture mean forecast across saved fits
F15,M1,Linear,2024,3,112,16.743135,0.67857143,0.21875,0.19266026,110,0.41818182,within-architecture mean forecast across saved fits
F15,M1,Linear,2024,4,158,15.938665,0.70253165,0.22727273,0.18331852,156,0.42948718,within-architecture mean forecast across saved fits
F15,M1,Linear,2024,5,202,15.125869,0.7029703,0.27586207,0.18447906,198,0.43939394,within-architecture mean forecast across saved fits
F15,M1,Linear,2024,6,241,14.651136,0.69294606,0.27536232,0.1873662,236,0.45338983,within-architecture mean forecast across saved fits
F15,M1,Linear,2024,7,288,14.257572,0.69444444,0.28395062,0.18782378,281,0.45551601,within-architecture mean forecast across saved fits
F15,M1,Linear,2024,8,339,13.946978,0.68436578,0.27083333,0.19074466,331,0.4592145,within-architecture mean forecast across saved fits
F15,M1,Linear,2024,9,384,13.568267,0.703125,0.28301887,0.18465916,374,0.46791444,within-architecture mean forecast across saved fits
F15,M1,Linear,2024,10,423,13.554333,0.69503546,0.27868852,0.19010855,412,0.47572816,within-architecture mean forecast across saved fits
F15,M1,Linear,2024,11,465,13.428728,0.69677419,0.26315789,0.18970238,453,0.47682119,within-architecture mean forecast across saved fits
F15,M1,Linear,2024,12,509,13.226214,0.70333988,0.26388889,0.18651386,497,0.48088531,within-architecture mean forecast across saved fits
F15,M1,Linear,2024,13,561,13.156176,0.70053476,0.2625,0.18593597,549,0.48816029,within-architecture mean forecast across saved fits
F15,M1,Linear,2024,14,618,13.100417,0.69579288,0.25568182,0.18832085,604,0.49006623,within-architecture mean forecast across saved fits
F15,M1,Linear,2024,15,625,13.189708,0.6928,0.25414365,0.1894549,611,0.49099836,within-architecture mean forecast across saved fits
F15,M1,Linear,2024,16,626,13.210113,0.69169329,0.25274725,0.18992698,612,0.49019608,within-architecture mean forecast across saved fits
F15,M1,Linear,2025,1,30,11.449078,0.7,0.4,0.18216781,30,0.76666667,within-architecture mean forecast across saved fits
F15,M1,Linear,2025,2,68,12.188481,0.77941176,0.42857143,0.16153291,66,0.6969697,within-architecture mean forecast across saved fits
F15,M1,Linear,2025,3,102,12.413127,0.76470588,0.33333333,0.16563092,100,0.63,within-architecture mean forecast across saved fits
F15,M1,Linear,2025,4,138,12.480121,0.73188406,0.26470588,0.17480579,135,0.62962963,within-architecture mean forecast across saved fits
F15,M1,Linear,2025,5,176,12.010255,0.72159091,0.25581395,0.18202305,172,0.60465116,within-architecture mean forecast across saved fits
F15,M1,Linear,2025,6,213,11.922385,0.71830986,0.22,0.18391686,209,0.58851675,within-architecture mean forecast across saved fits
F15,M1,Linear,2025,7,254,11.921855,0.70866142,0.1875,0.18781481,249,0.59036145,within-architecture mean forecast across saved fits
F15,M1,Linear,2025,8,299,11.958553,0.69899666,0.19230769,0.19066301,294,0.58503401,within-architecture mean forecast across saved fits
F15,M1,Linear,2025,9,335,11.967118,0.70746269,0.20454545,0.18723651,328,0.56707317,within-architecture mean forecast across saved fits
F15,M1,Linear,2025,10,377,12.026405,0.70822281,0.20792079,0.18924187,370,0.55135135,within-architecture mean forecast across saved fits
F15,M1,Linear,2025,11,412,11.993439,0.7038835,0.19298246,0.19045256,405,0.56049383,within-architecture mean forecast across saved fits
F15,M1,Linear,2025,12,454,12.054823,0.7092511,0.18852459,0.18688783,447,0.54809843,within-architecture mean forecast across saved fits
F15,M1,Linear,2025,13,496,12.164509,0.70967742,0.17424242,0.18461693,489,0.55010225,within-architecture mean forecast across saved fits
F15,M1,Linear,2025,14,544,12.150551,0.71875,0.20547945,0.18369448,533,0.54596623,within-architecture mean forecast across saved fits
F15,M1,Linear,2025,15,552,12.154295,0.7173913,0.20134228,0.18428723,541,0.54528651,within-architecture mean forecast across saved fits
F15,M1,Linear,2025,16,553,12.153576,0.71790235,0.20134228,0.18403995,542,0.54428044,within-architecture mean forecast across saved fits
F15,M10,KNN,2024,1,27,17.787037,0.66666667,0.125,0.18123633,27,0.40740741,within-architecture mean forecast across saved fits
F15,M10,KNN,2024,2,67,16.612687,0.67164179,0.30434783,0.18691158,66,0.46969697,within-architecture mean forecast across saved fits
F15,M10,KNN,2024,3,112,16.828125,0.66964286,0.25,0.1858044,110,0.45454545,within-architecture mean forecast across saved fits
F15,M10,KNN,2024,4,158,15.863291,0.70253165,0.29545455,0.17778303,156,0.48717949,within-architecture mean forecast across saved fits
F15,M10,KNN,2024,5,202,15.399752,0.68811881,0.27586207,0.18667136,198,0.47474747,within-architecture mean forecast across saved fits
F15,M10,KNN,2024,6,241,14.76888,0.69709544,0.27536232,0.18688469,236,0.50423729,within-architecture mean forecast across saved fits
F15,M10,KNN,2024,7,288,14.652778,0.69097222,0.2962963,0.19141214,281,0.50533808,within-architecture mean forecast across saved fits
F15,M10,KNN,2024,8,339,14.330088,0.67551622,0.29166667,0.19593543,331,0.50755287,within-architecture mean forecast across saved fits
F15,M10,KNN,2024,9,384,13.944792,0.6875,0.30188679,0.19159012,374,0.52139037,within-architecture mean forecast across saved fits
F15,M10,KNN,2024,10,423,14.040189,0.66903073,0.28688525,0.19982955,412,0.51456311,within-architecture mean forecast across saved fits
F15,M10,KNN,2024,11,465,14.025484,0.66021505,0.30075188,0.20171737,453,0.51434879,within-architecture mean forecast across saved fits
F15,M10,KNN,2024,12,509,13.781827,0.66994106,0.29861111,0.19874221,497,0.52917505,within-architecture mean forecast across saved fits
F15,M10,KNN,2024,13,561,13.72451,0.67201426,0.3,0.19799574,548,0.52737226,within-architecture mean forecast across saved fits
F15,M10,KNN,2024,14,618,13.818123,0.66504854,0.28977273,0.20227202,603,0.51575456,within-architecture mean forecast across saved fits
F15,M10,KNN,2024,15,625,13.86768,0.6624,0.28729282,0.20260013,609,0.51724138,within-architecture mean forecast across saved fits
F15,M10,KNN,2024,16,626,13.884904,0.66134185,0.28571429,0.20288493,610,0.51639344,within-architecture mean forecast across saved fits
F15,M10,KNN,2025,1,30,11.016667,0.7,0.4,0.16860173,30,0.73333333,within-architecture mean forecast across saved fits
F15,M10,KNN,2025,2,68,12.976471,0.73529412,0.42857143,0.17457347,66,0.62121212,within-architecture mean forecast across saved fits
F15,M10,KNN,2025,3,102,12.645098,0.7254902,0.45833333,0.17516021,100,0.61,within-architecture mean forecast across saved fits
F15,M10,KNN,2025,4,138,12.569565,0.70289855,0.38235294,0.18467814,135,0.6,within-architecture mean forecast across saved fits
F15,M10,KNN,2025,5,176,12.227841,0.70454545,0.3255814,0.1904667,171,0.55555556,within-architecture mean forecast across saved fits
F15,M10,KNN,2025,6,213,12.259859,0.70422535,0.32,0.19300114,208,0.54807692,within-architecture mean forecast across saved fits
F15,M10,KNN,2025,7,254,12.292323,0.70866142,0.34375,0.19387497,248,0.53629032,within-architecture mean forecast across saved fits
F15,M10,KNN,2025,8,299,12.620067,0.69899666,0.32051282,0.20018494,293,0.51535836,within-architecture mean forecast across saved fits
F15,M10,KNN,2025,9,335,12.560896,0.70447761,0.32954545,0.19794287,327,0.51070336,within-architecture mean forecast across saved fits
F15,M10,KNN,2025,10,377,12.772016,0.69230769,0.31683168,0.20189164,368,0.5,within-architecture mean forecast across saved fits
F15,M10,KNN,2025,11,412,12.724515,0.68932039,0.30701754,0.20263945,403,0.50372208,within-architecture mean forecast across saved fits
F15,M10,KNN,2025,12,454,12.889648,0.69162996,0.29508197,0.20194535,445,0.49662921,within-architecture mean forecast across saved fits
F15,M10,KNN,2025,13,496,12.996976,0.69354839,0.28787879,0.19937709,487,0.50308008,within-architecture mean forecast across saved fits
F15,M10,KNN,2025,14,544,13.170588,0.68933824,0.29452055,0.20226124,531,0.49340866,within-architecture mean forecast across saved fits
F15,M10,KNN,2025,15,552,13.197464,0.68478261,0.2885906,0.20375086,539,0.49165121,within-architecture mean forecast across saved fits
F15,M10,KNN,2025,16,553,13.200271,0.68535262,0.2885906,0.20345656,540,0.49074074,within-architecture mean forecast across saved fits
F15,M2,Spline,2024,1,27,18.343266,0.62962963,0.125,0.20396664,27,0.33333333,within-architecture mean forecast across saved fits
F15,M2,Spline,2024,2,67,17.630192,0.6119403,0.2173913,0.20556741,66,0.36363636,within-architecture mean forecast across saved fits
F15,M2,Spline,2024,3,112,16.880389,0.66964286,0.21875,0.18716917,110,0.40909091,within-architecture mean forecast across saved fits
F15,M2,Spline,2024,4,158,16.065126,0.68987342,0.22727273,0.18288587,156,0.43589744,within-architecture mean forecast across saved fits
F15,M2,Spline,2024,5,202,15.162706,0.69306931,0.25862069,0.18532126,198,0.44444444,within-architecture mean forecast across saved fits
F15,M2,Spline,2024,6,241,14.741018,0.68879668,0.24637681,0.18892788,236,0.45762712,within-architecture mean forecast across saved fits
F15,M2,Spline,2024,7,288,14.502546,0.68402778,0.24691358,0.19162272,281,0.45907473,within-architecture mean forecast across saved fits
F15,M2,Spline,2024,8,339,14.265512,0.66666667,0.22916667,0.19657942,331,0.4652568,within-architecture mean forecast across saved fits
F15,M2,Spline,2024,9,384,13.910914,0.68229167,0.23584906,0.19076083,374,0.48128342,within-architecture mean forecast across saved fits
F15,M2,Spline,2024,10,423,13.929192,0.67375887,0.23770492,0.19604801,412,0.48058252,within-architecture mean forecast across saved fits
F15,M2,Spline,2024,11,465,13.814983,0.6688172,0.22556391,0.19730644,453,0.48565121,within-architecture mean forecast across saved fits
F15,M2,Spline,2024,12,509,13.584595,0.67779961,0.22916667,0.19381509,497,0.49698189,within-architecture mean forecast across saved fits
F15,M2,Spline,2024,13,561,13.554038,0.67379679,0.23125,0.19388372,549,0.49726776,within-architecture mean forecast across saved fits
F15,M2,Spline,2024,14,618,13.635165,0.66666667,0.21590909,0.19747285,604,0.49503311,within-architecture mean forecast across saved fits
F15,M2,Spline,2024,15,625,13.714111,0.6656,0.22099448,0.19818668,611,0.49590835,within-architecture mean forecast across saved fits
F15,M2,Spline,2024,16,626,13.745251,0.66453674,0.21978022,0.19890292,612,0.49509804,within-architecture mean forecast across saved fits
F15,M2,Spline,2025,1,30,12.554507,0.66666667,0.4,0.17919633,30,0.66666667,within-architecture mean forecast across saved fits
F15,M2,Spline,2025,2,68,13.796567,0.72058824,0.42857143,0.18056308,66,0.6969697,within-architecture mean forecast across saved fits
F15,M2,Spline,2025,3,102,13.235887,0.71568627,0.41666667,0.17170384,100,0.63,within-architecture mean forecast across saved fits
F15,M2,Spline,2025,4,138,12.867465,0.7173913,0.32352941,0.17896427,135,0.62962963,within-architecture mean forecast across saved fits
F15,M2,Spline,2025,5,176,12.442506,0.69318182,0.30232558,0.18750413,172,0.59302326,within-architecture mean forecast across saved fits
F15,M2,Spline,2025,6,213,12.327535,0.70422535,0.28,0.18734193,209,0.57894737,within-architecture mean forecast across saved fits
F15,M2,Spline,2025,7,254,12.370205,0.68897638,0.265625,0.19174593,249,0.58232932,within-architecture mean forecast across saved fits
F15,M2,Spline,2025,8,299,12.462146,0.68227425,0.24358974,0.1987317,294,0.59183673,within-architecture mean forecast across saved fits
F15,M2,Spline,2025,9,335,12.441873,0.69552239,0.26136364,0.1940292,328,0.57926829,within-architecture mean forecast across saved fits
F15,M2,Spline,2025,10,377,12.422607,0.70026525,0.27722772,0.19559992,370,0.56756757,within-architecture mean forecast across saved fits
F15,M2,Spline,2025,11,412,12.444241,0.69174757,0.25438596,0.19808344,405,0.56049383,within-architecture mean forecast across saved fits
F15,M2,Spline,2025,12,454,12.574312,0.69603524,0.25409836,0.19544445,447,0.55257271,within-architecture mean forecast across saved fits
F15,M2,Spline,2025,13,496,12.697532,0.69959677,0.25757576,0.19407158,489,0.54805726,within-architecture mean forecast across saved fits
F15,M2,Spline,2025,14,544,12.667662,0.70588235,0.26712329,0.19303093,533,0.54409006,within-architecture mean forecast across saved fits
F15,M2,Spline,2025,15,552,12.67714,0.70108696,0.26174497,0.19387922,541,0.54343808,within-architecture mean forecast across saved fits
F15,M2,Spline,2025,16,553,12.684452,0.70162749,0.26174497,0.19357111,542,0.54243542,within-architecture mean forecast across saved fits
F15,M3,Random forest,2024,1,27,17.020472,0.66666667,0,0.1744411,27,0.48148148,within-architecture mean forecast across saved fits
F15,M3,Random forest,2024,2,67,16.478209,0.65671642,0.17391304,0.19712043,66,0.5,within-architecture mean forecast across saved fits
F15,M3,Random forest,2024,3,112,16.12824,0.70535714,0.25,0.17997548,110,0.45454545,within-architecture mean forecast across saved fits
F15,M3,Random forest,2024,4,158,15.446704,0.70886076,0.27272727,0.17865663,156,0.46794872,within-architecture mean forecast across saved fits
F15,M3,Random forest,2024,5,202,14.486459,0.71782178,0.31034483,0.17995396,198,0.47979798,within-architecture mean forecast across saved fits
F15,M3,Random forest,2024,6,241,13.974273,0.71369295,0.27536232,0.18374072,236,0.5,within-architecture mean forecast across saved fits
F15,M3,Random forest,2024,7,288,13.716072,0.71875,0.2962963,0.18439221,281,0.49466192,within-architecture mean forecast across saved fits
F15,M3,Random forest,2024,8,339,13.504314,0.69911504,0.26041667,0.18838042,331,0.48338369,within-architecture mean forecast across saved fits
F15,M3,Random forest,2024,9,384,13.294011,0.71614583,0.27358491,0.18447047,374,0.48663102,within-architecture mean forecast across saved fits
F15,M3,Random forest,2024,10,423,13.307504,0.70921986,0.25409836,0.19131642,412,0.49514563,within-architecture mean forecast across saved fits
F15,M3,Random forest,2024,11,465,13.218317,0.71182796,0.2556391,0.19122782,453,0.48785872,within-architecture mean forecast across saved fits
F15,M3,Random forest,2024,12,509,13.077913,0.7151277,0.25,0.18926738,497,0.49094567,within-architecture mean forecast across saved fits
F15,M3,Random forest,2024,13,561,12.988977,0.71836007,0.25625,0.18756011,549,0.50091075,within-architecture mean forecast across saved fits
F15,M3,Random forest,2024,14,618,12.933455,0.71682848,0.25,0.18885908,604,0.49668874,within-architecture mean forecast across saved fits
F15,M3,Random forest,2024,15,625,13.014056,0.7152,0.25414365,0.18968187,611,0.49590835,within-architecture mean forecast across saved fits
F15,M3,Random forest,2024,16,626,13.035547,0.71405751,0.25274725,0.19019227,612,0.49509804,within-architecture mean forecast across saved fits
F15,M3,Random forest,2025,1,30,11.120422,0.7,0.2,0.1778564,30,0.66666667,within-architecture mean forecast across saved fits
F15,M3,Random forest,2025,2,68,12.300518,0.75,0.35714286,0.16823226,66,0.62121212,within-architecture mean forecast across saved fits
F15,M3,Random forest,2025,3,102,12.249037,0.75490196,0.33333333,0.16491774,100,0.64,within-architecture mean forecast across saved fits
F15,M3,Random forest,2025,4,138,12.348285,0.73188406,0.29411765,0.1743159,135,0.62962963,within-architecture mean forecast across saved fits
F15,M3,Random forest,2025,5,176,11.886597,0.71022727,0.23255814,0.18118273,172,0.59883721,within-architecture mean forecast across saved fits
F15,M3,Random forest,2025,6,213,11.948721,0.70892019,0.22,0.1830224,209,0.55502392,within-architecture mean forecast across saved fits
F15,M3,Random forest,2025,7,254,12.060044,0.69291339,0.1875,0.18716748,249,0.5502008,within-architecture mean forecast across saved fits
F15,M3,Random forest,2025,8,299,12.025458,0.69565217,0.19230769,0.19015841,294,0.56802721,within-architecture mean forecast across saved fits
F15,M3,Random forest,2025,9,335,12.014842,0.70447761,0.19318182,0.18629124,328,0.55182927,within-architecture mean forecast across saved fits
F15,M3,Random forest,2025,10,377,12.085636,0.69761273,0.17821782,0.18873483,370,0.53783784,within-architecture mean forecast across saved fits
F15,M3,Random forest,2025,11,412,12.033189,0.69902913,0.18421053,0.19021268,405,0.54814815,within-architecture mean forecast across saved fits
F15,M3,Random forest,2025,12,454,12.126081,0.70484581,0.17213115,0.18690557,447,0.52796421,within-architecture mean forecast across saved fits
F15,M3,Random forest,2025,13,496,12.264027,0.70967742,0.16666667,0.18487207,489,0.52965235,within-architecture mean forecast across saved fits
F15,M3,Random forest,2025,14,544,12.23436,0.71139706,0.17808219,0.18425384,533,0.53283302,within-architecture mean forecast across saved fits
F15,M3,Random forest,2025,15,552,12.247047,0.70833333,0.17449664,0.18516533,541,0.53049908,within-architecture mean forecast across saved fits
F15,M3,Random forest,2025,16,553,12.248866,0.70886076,0.17449664,0.18489984,542,0.5295203,within-architecture mean forecast across saved fits
F15,M4,Boosted trees,2024,1,27,16.909875,0.66666667,0,0.16967346,27,0.51851852,within-architecture mean forecast across saved fits
F15,M4,Boosted trees,2024,2,67,16.210317,0.65671642,0.2173913,0.18966941,66,0.54545455,within-architecture mean forecast across saved fits
F15,M4,Boosted trees,2024,3,112,16.098109,0.70535714,0.28125,0.17932964,110,0.48181818,within-architecture mean forecast across saved fits
F15,M4,Boosted trees,2024,4,158,15.540209,0.6835443,0.25,0.18157778,156,0.48076923,within-architecture mean forecast across saved fits
F15,M4,Boosted trees,2024,5,202,14.741299,0.7029703,0.31034483,0.18382287,198,0.46969697,within-architecture mean forecast across saved fits
F15,M4,Boosted trees,2024,6,241,14.194514,0.70124481,0.28985507,0.187931,236,0.47457627,within-architecture mean forecast across saved fits
F15,M4,Boosted trees,2024,7,288,13.880743,0.70138889,0.2962963,0.18788336,281,0.47686833,within-architecture mean forecast across saved fits
F15,M4,Boosted trees,2024,8,339,13.634364,0.68141593,0.26041667,0.19161688,331,0.46827795,within-architecture mean forecast across saved fits
F15,M4,Boosted trees,2024,9,384,13.411938,0.6953125,0.25471698,0.18746253,374,0.47058824,within-architecture mean forecast across saved fits
F15,M4,Boosted trees,2024,10,423,13.42074,0.69030733,0.24590164,0.19404657,412,0.47087379,within-architecture mean forecast across saved fits
F15,M4,Boosted trees,2024,11,465,13.362574,0.69892473,0.2556391,0.19465162,453,0.46578366,within-architecture mean forecast across saved fits
F15,M4,Boosted trees,2024,12,509,13.204962,0.70137525,0.24305556,0.19236806,497,0.46881288,within-architecture mean forecast across saved fits
F15,M4,Boosted trees,2024,13,561,13.092735,0.70588235,0.25,0.19021482,549,0.48087432,within-architecture mean forecast across saved fits
F15,M4,Boosted trees,2024,14,618,13.039854,0.70226537,0.23863636,0.19174837,604,0.47516556,within-architecture mean forecast across saved fits
F15,M4,Boosted trees,2024,15,625,13.119581,0.7008,0.24309392,0.19253391,611,0.47463175,within-architecture mean forecast across saved fits
F15,M4,Boosted trees,2024,16,626,13.137961,0.69968051,0.24175824,0.19294262,612,0.47385621,within-architecture mean forecast across saved fits
F15,M4,Boosted trees,2025,1,30,11.127396,0.76666667,0.4,0.1737826,30,0.7,within-architecture mean forecast across saved fits
F15,M4,Boosted trees,2025,2,68,12.2842,0.79411765,0.42857143,0.16295824,66,0.63636364,within-architecture mean forecast across saved fits
F15,M4,Boosted trees,2025,3,102,12.488286,0.78431373,0.375,0.16310904,100,0.63,within-architecture mean forecast across saved fits
F15,M4,Boosted trees,2025,4,138,12.658868,0.76086957,0.35294118,0.17420558,135,0.6,within-architecture mean forecast across saved fits
F15,M4,Boosted trees,2025,5,176,12.1583,0.74431818,0.27906977,0.18029736,172,0.58139535,within-architecture mean forecast across saved fits
F15,M4,Boosted trees,2025,6,213,12.136045,0.74178404,0.26,0.18126233,209,0.55023923,within-architecture mean forecast across saved fits
F15,M4,Boosted trees,2025,7,254,12.245434,0.72834646,0.234375,0.18615406,249,0.52610442,within-architecture mean forecast across saved fits
F15,M4,Boosted trees,2025,8,299,12.211841,0.73244147,0.23076923,0.18891156,294,0.53061224,within-architecture mean forecast across saved fits
F15,M4,Boosted trees,2025,9,335,12.193586,0.73731343,0.23863636,0.18565317,328,0.5152439,within-architecture mean forecast across saved fits
F15,M4,Boosted trees,2025,10,377,12.190729,0.72679045,0.21782178,0.18736994,370,0.51081081,within-architecture mean forecast across saved fits
F15,M4,Boosted trees,2025,11,412,12.123882,0.72330097,0.21052632,0.18847583,405,0.51851852,within-architecture mean forecast across saved fits
F15,M4,Boosted trees,2025,12,454,12.215972,0.72907489,0.20491803,0.18556021,447,0.50559284,within-architecture mean forecast across saved fits
F15,M4,Boosted trees,2025,13,496,12.372458,0.72983871,0.1969697,0.18419754,489,0.50306748,within-architecture mean forecast across saved fits
F15,M4,Boosted trees,2025,14,544,12.37733,0.73161765,0.21232877,0.18462425,533,0.50281426,within-architecture mean forecast across saved fits
F15,M4,Boosted trees,2025,15,552,12.386168,0.72826087,0.20805369,0.18560855,541,0.50092421,within-architecture mean forecast across saved fits
F15,M4,Boosted trees,2025,16,553,12.390515,0.72875226,0.20805369,0.18532656,542,0.5,within-architecture mean forecast across saved fits
F15,M5,Neural net,2024,1,27,18.479162,0.7037037,0.125,0.19214188,27,0.44444444,within-architecture mean forecast across saved fits
F15,M5,Neural net,2024,2,67,18.299862,0.65671642,0.30434783,0.21512025,66,0.43939394,within-architecture mean forecast across saved fits
F15,M5,Neural net,2024,3,112,17.766477,0.71428571,0.34375,0.20142064,110,0.44545455,within-architecture mean forecast across saved fits
F15,M5,Neural net,2024,4,158,17.063605,0.70253165,0.34090909,0.20097391,156,0.48717949,within-architecture mean forecast across saved fits
F15,M5,Neural net,2024,5,202,16.453885,0.67326733,0.32758621,0.2113215,198,0.47979798,within-architecture mean forecast across saved fits
F15,M5,Neural net,2024,6,241,16.001964,0.66804979,0.31884058,0.21385356,236,0.46610169,within-architecture mean forecast across saved fits
F15,M5,Neural net,2024,7,288,15.708406,0.65972222,0.32098765,0.21501157,281,0.46263345,within-architecture mean forecast across saved fits
F15,M5,Neural net,2024,8,339,15.335307,0.6519174,0.3125,0.21882955,331,0.45015106,within-architecture mean forecast across saved fits
F15,M5,Neural net,2024,9,384,15.13519,0.66145833,0.29245283,0.21485106,374,0.45454545,within-architecture mean forecast across saved fits
F15,M5,Neural net,2024,10,423,15.16924,0.64775414,0.27868852,0.22101955,412,0.45145631,within-architecture mean forecast across saved fits
F15,M5,Neural net,2024,11,465,15.178608,0.64516129,0.27067669,0.22219483,453,0.44812362,within-architecture mean forecast across saved fits
F15,M5,Neural net,2024,12,509,14.99843,0.65618861,0.27083333,0.21897256,496,0.45564516,within-architecture mean forecast across saved fits
F15,M5,Neural net,2024,13,561,14.823603,0.65953654,0.29375,0.21539488,548,0.4580292,within-architecture mean forecast across saved fits
F15,M5,Neural net,2024,14,618,14.749539,0.66019417,0.30113636,0.2164518,603,0.45107794,within-architecture mean forecast across saved fits
F15,M5,Neural net,2024,15,625,14.868155,0.6576,0.29834254,0.21726222,610,0.45081967,within-architecture mean forecast across saved fits
F15,M5,Neural net,2024,16,626,14.881829,0.65654952,0.2967033,0.21754846,611,0.45171849,within-architecture mean forecast across saved fits
F15,M5,Neural net,2025,1,30,13.951348,0.66666667,0.6,0.21789038,30,0.6,within-architecture mean forecast across saved fits
F15,M5,Neural net,2025,2,68,13.754146,0.75,0.5,0.17987385,66,0.63636364,within-architecture mean forecast across saved fits
F15,M5,Neural net,2025,3,102,13.187867,0.73529412,0.41666667,0.17820788,100,0.63,within-architecture mean forecast across saved fits
F15,M5,Neural net,2025,4,138,13.032295,0.70289855,0.32352941,0.18504753,135,0.65185185,within-architecture mean forecast across saved fits
F15,M5,Neural net,2025,5,176,13.075706,0.68181818,0.3255814,0.19684107,172,0.60465116,within-architecture mean forecast across saved fits
F15,M5,Neural net,2025,6,213,13.331119,0.66197183,0.3,0.20323187,209,0.57416268,within-architecture mean forecast across saved fits
F15,M5,Neural net,2025,7,254,13.43123,0.6496063,0.25,0.2057558,249,0.56626506,within-architecture mean forecast across saved fits
F15,M5,Neural net,2025,8,299,13.416582,0.63210702,0.23076923,0.21150171,294,0.55782313,within-architecture mean forecast across saved fits
F15,M5,Neural net,2025,9,335,13.345633,0.63880597,0.25,0.20859247,328,0.54878049,within-architecture mean forecast across saved fits
F15,M5,Neural net,2025,10,377,13.410671,0.64190981,0.26732673,0.21046445,370,0.54594595,within-architecture mean forecast across saved fits
F15,M5,Neural net,2025,11,412,13.526097,0.63834951,0.26315789,0.21512422,405,0.5382716,within-architecture mean forecast across saved fits
F15,M5,Neural net,2025,12,454,13.603683,0.63656388,0.25409836,0.21335151,447,0.53020134,within-architecture mean forecast across saved fits
F15,M5,Neural net,2025,13,496,13.728896,0.64112903,0.24242424,0.21228274,489,0.52351738,within-architecture mean forecast across saved fits
F15,M5,Neural net,2025,14,544,13.754173,0.64338235,0.26712329,0.21177339,533,0.51782364,within-architecture mean forecast across saved fits
F15,M5,Neural net,2025,15,552,13.760395,0.64311594,0.27516779,0.21272462,541,0.51756007,within-architecture mean forecast across saved fits
F15,M5,Neural net,2025,16,553,13.737305,0.6437613,0.27516779,0.21276122,542,0.51845018,within-architecture mean forecast across saved fits
F16,M1,Linear,2024,1,27,19.328361,0.66666667,0,0.21690551,27,0.25925926,within-architecture mean forecast across saved fits
F16,M1,Linear,2024,2,67,17.66234,0.67164179,0.2173913,0.22007722,66,0.37878788,within-architecture mean forecast across saved fits
F16,M1,Linear,2024,3,112,16.79898,0.6875,0.25,0.1932572,110,0.39090909,within-architecture mean forecast across saved fits
F16,M1,Linear,2024,4,158,15.968074,0.70886076,0.25,0.183939,156,0.40384615,within-architecture mean forecast across saved fits
F16,M1,Linear,2024,5,202,15.143292,0.71287129,0.29310345,0.18448863,198,0.41919192,within-architecture mean forecast across saved fits
F16,M1,Linear,2024,6,241,14.640116,0.70124481,0.28985507,0.18704894,236,0.44067797,within-architecture mean forecast across saved fits
F16,M1,Linear,2024,7,288,14.230443,0.70138889,0.2962963,0.18737412,281,0.44839858,within-architecture mean forecast across saved fits
F16,M1,Linear,2024,8,339,13.929135,0.69026549,0.28125,0.19050248,331,0.45317221,within-architecture mean forecast across saved fits
F16,M1,Linear,2024,9,384,13.554842,0.70833333,0.29245283,0.1843636,374,0.46256684,within-architecture mean forecast across saved fits
F16,M1,Linear,2024,10,423,13.54422,0.69976359,0.28688525,0.18976464,412,0.4684466,within-architecture mean forecast across saved fits
F16,M1,Linear,2024,11,465,13.411512,0.70107527,0.27067669,0.18925699,453,0.46799117,within-architecture mean forecast across saved fits
F16,M1,Linear,2024,12,509,13.207434,0.70726916,0.27083333,0.1861763,497,0.47283702,within-architecture mean forecast across saved fits
F16,M1,Linear,2024,13,561,13.144904,0.70409982,0.26875,0.18569843,549,0.47723133,within-architecture mean forecast across saved fits
F16,M1,Linear,2024,14,618,13.099469,0.697411,0.26136364,0.18817305,604,0.47682119,within-architecture mean forecast across saved fits
F16,M1,Linear,2024,15,625,13.190634,0.6944,0.25966851,0.18933566,611,0.47790507,within-architecture mean forecast across saved fits
F16,M1,Linear,2024,16,626,13.209225,0.69329073,0.25824176,0.18974543,612,0.47712418,within-architecture mean forecast across saved fits
F16,M1,Linear,2025,1,30,11.445924,0.7,0.4,0.18525125,30,0.76666667,within-architecture mean forecast across saved fits
F16,M1,Linear,2025,2,68,12.208637,0.77941176,0.42857143,0.16494174,66,0.71212121,within-architecture mean forecast across saved fits
F16,M1,Linear,2025,3,102,12.422929,0.76470588,0.33333333,0.16803791,100,0.63,within-architecture mean forecast across saved fits
F16,M1,Linear,2025,4,138,12.449597,0.73188406,0.26470588,0.17521917,135,0.62962963,within-architecture mean forecast across saved fits
F16,M1,Linear,2025,5,176,11.996211,0.72159091,0.25581395,0.18220172,172,0.61046512,within-architecture mean forecast across saved fits
F16,M1,Linear,2025,6,213,11.92342,0.71830986,0.22,0.18418862,209,0.59808612,within-architecture mean forecast across saved fits
F16,M1,Linear,2025,7,254,11.949394,0.70866142,0.1875,0.18831164,249,0.59437751,within-architecture mean forecast across saved fits
F16,M1,Linear,2025,8,299,11.988309,0.69899666,0.19230769,0.19127063,294,0.58843537,within-architecture mean forecast across saved fits
F16,M1,Linear,2025,9,335,11.993791,0.70746269,0.20454545,0.18767762,328,0.56707317,within-architecture mean forecast across saved fits
F16,M1,Linear,2025,10,377,12.044552,0.71352785,0.21782178,0.18954749,370,0.55405405,within-architecture mean forecast across saved fits
F16,M1,Linear,2025,11,412,12.00364,0.70873786,0.20175439,0.19070439,405,0.56049383,within-architecture mean forecast across saved fits
F16,M1,Linear,2025,12,454,12.066565,0.71365639,0.19672131,0.18718418,447,0.54809843,within-architecture mean forecast across saved fits
F16,M1,Linear,2025,13,496,12.180102,0.71572581,0.18181818,0.1850639,489,0.55010225,within-architecture mean forecast across saved fits
F16,M1,Linear,2025,14,544,12.162613,0.72242647,0.20547945,0.18404552,533,0.54596623,within-architecture mean forecast across saved fits
F16,M1,Linear,2025,15,552,12.166259,0.72101449,0.20134228,0.18463287,541,0.54343808,within-architecture mean forecast across saved fits
F16,M1,Linear,2025,16,553,12.164919,0.72151899,0.20134228,0.18439121,542,0.54243542,within-architecture mean forecast across saved fits
F16,M10,KNN,2024,1,27,17.975926,0.62962963,0.125,0.18213618,27,0.44444444,within-architecture mean forecast across saved fits
F16,M10,KNN,2024,2,67,16.538806,0.67164179,0.34782609,0.18547078,66,0.5,within-architecture mean forecast across saved fits
F16,M10,KNN,2024,3,112,16.823214,0.66964286,0.28125,0.18420972,110,0.44545455,within-architecture mean forecast across saved fits
F16,M10,KNN,2024,4,158,15.893038,0.70886076,0.34090909,0.17691898,155,0.47741935,within-architecture mean forecast across saved fits
F16,M10,KNN,2024,5,202,15.337376,0.6980198,0.31034483,0.18579397,197,0.46192893,within-architecture mean forecast across saved fits
F16,M10,KNN,2024,6,241,14.671992,0.70539419,0.31884058,0.18667891,235,0.49361702,within-architecture mean forecast across saved fits
F16,M10,KNN,2024,7,288,14.609722,0.6875,0.32098765,0.19341126,280,0.50357143,within-architecture mean forecast across saved fits
F16,M10,KNN,2024,8,339,14.318584,0.66961652,0.30208333,0.1986944,330,0.5030303,within-architecture mean forecast across saved fits
F16,M10,KNN,2024,9,384,13.919792,0.68229167,0.31132075,0.19403621,373,0.51474531,within-architecture mean forecast across saved fits
F16,M10,KNN,2024,10,423,14.024113,0.6643026,0.29508197,0.20226337,411,0.50364964,within-architecture mean forecast across saved fits
F16,M10,KNN,2024,11,465,14.015914,0.66021505,0.30075188,0.20375483,451,0.49667406,within-architecture mean forecast across saved fits
F16,M10,KNN,2024,12,509,13.737819,0.66994106,0.29861111,0.2004176,494,0.50809717,within-architecture mean forecast across saved fits
F16,M10,KNN,2024,13,561,13.667469,0.67557932,0.3125,0.19883384,546,0.50732601,within-architecture mean forecast across saved fits
F16,M10,KNN,2024,14,618,13.767395,0.67152104,0.30113636,0.20225995,601,0.49750416,within-architecture mean forecast across saved fits
F16,M10,KNN,2024,15,625,13.81448,0.6704,0.3038674,0.20262742,608,0.5,within-architecture mean forecast across saved fits
F16,M10,KNN,2024,16,626,13.827716,0.66932907,0.3021978,0.20281482,609,0.50082102,within-architecture mean forecast across saved fits
F16,M10,KNN,2025,1,30,10.866667,0.7,0.4,0.16846776,29,0.68965517,within-architecture mean forecast across saved fits
F16,M10,KNN,2025,2,68,13.341176,0.72058824,0.42857143,0.17899546,65,0.61538462,within-architecture mean forecast across saved fits
F16,M10,KNN,2025,3,102,12.904902,0.7254902,0.45833333,0.17715511,99,0.60606061,within-architecture mean forecast across saved fits
F16,M10,KNN,2025,4,138,12.749638,0.7173913,0.41176471,0.18416552,134,0.58955224,within-architecture mean forecast across saved fits
F16,M10,KNN,2025,5,176,12.419602,0.70454545,0.34883721,0.18944849,171,0.55555556,within-architecture mean forecast across saved fits
F16,M10,KNN,2025,6,213,12.424648,0.71361502,0.34,0.19061142,208,0.55288462,within-architecture mean forecast across saved fits
F16,M10,KNN,2025,7,254,12.370276,0.71653543,0.359375,0.19074699,248,0.5483871,within-architecture mean forecast across saved fits
F16,M10,KNN,2025,8,299,12.704849,0.70234114,0.33333333,0.19749543,293,0.52559727,within-architecture mean forecast across saved fits
F16,M10,KNN,2025,9,335,12.603284,0.71044776,0.34090909,0.19474995,327,0.52293578,within-architecture mean forecast across saved fits
F16,M10,KNN,2025,10,377,12.853316,0.69761273,0.32673267,0.20015061,369,0.51490515,within-architecture mean forecast across saved fits
F16,M10,KNN,2025,11,412,12.846602,0.69660194,0.3245614,0.20147658,403,0.51861042,within-architecture mean forecast across saved fits
F16,M10,KNN,2025,12,454,13.004405,0.69603524,0.31147541,0.20140996,445,0.51011236,within-architecture mean forecast across saved fits
F16,M10,KNN,2025,13,496,13.06744,0.69959677,0.31060606,0.1981552,487,0.51334702,within-architecture mean forecast across saved fits
F16,M10,KNN,2025,14,544,13.209099,0.69485294,0.31506849,0.20085181,531,0.50659134,within-architecture mean forecast across saved fits
F16,M10,KNN,2025,15,552,13.234058,0.69202899,0.31543624,0.20234062,539,0.50463822,within-architecture mean forecast across saved fits
F16,M10,KNN,2025,16,553,13.23255,0.6925859,0.31543624,0.2020835,540,0.5037037,within-architecture mean forecast across saved fits
F16,M2,Spline,2024,1,27,18.40599,0.55555556,0,0.20988247,27,0.33333333,within-architecture mean forecast across saved fits
F16,M2,Spline,2024,2,67,17.676075,0.58208955,0.17391304,0.20671013,66,0.36363636,within-architecture mean forecast across saved fits
F16,M2,Spline,2024,3,112,16.920951,0.65178571,0.15625,0.18702329,110,0.4,within-architecture mean forecast across saved fits
F16,M2,Spline,2024,4,158,16.092562,0.67088608,0.18181818,0.18352301,156,0.42948718,within-architecture mean forecast across saved fits
F16,M2,Spline,2024,5,202,15.151409,0.67821782,0.22413793,0.18537124,198,0.44444444,within-architecture mean forecast across saved fits
F16,M2,Spline,2024,6,241,14.723795,0.67634855,0.2173913,0.18879916,236,0.44915254,within-architecture mean forecast across saved fits
F16,M2,Spline,2024,7,288,14.498718,0.67361111,0.22222222,0.19147492,281,0.44839858,within-architecture mean forecast across saved fits
F16,M2,Spline,2024,8,339,14.265976,0.65781711,0.19791667,0.19650868,331,0.45619335,within-architecture mean forecast across saved fits
F16,M2,Spline,2024,9,384,13.907315,0.67447917,0.20754717,0.19081426,374,0.47326203,within-architecture mean forecast across saved fits
F16,M2,Spline,2024,10,423,13.933803,0.66666667,0.22131148,0.19614483,412,0.47330097,within-architecture mean forecast across saved fits
F16,M2,Spline,2024,11,465,13.81481,0.66451613,0.21052632,0.19719123,453,0.4790287,within-architecture mean forecast across saved fits
F16,M2,Spline,2024,12,509,13.588399,0.67387033,0.21527778,0.19377923,497,0.4889336,within-architecture mean forecast across saved fits
F16,M2,Spline,2024,13,561,13.561906,0.67023173,0.21875,0.19398004,549,0.48998179,within-architecture mean forecast across saved fits
F16,M2,Spline,2024,14,618,13.650302,0.66343042,0.20454545,0.1975599,604,0.48509934,within-architecture mean forecast across saved fits
F16,M2,Spline,2024,15,625,13.732201,0.6624,0.20994475,0.19829052,611,0.48608838,within-architecture mean forecast across saved fits
F16,M2,Spline,2024,16,626,13.761642,0.66134185,0.20879121,0.1989642,612,0.48529412,within-architecture mean forecast across saved fits
F16,M2,Spline,2025,1,30,12.412346,0.66666667,0.4,0.18147107,30,0.73333333,within-architecture mean forecast across saved fits
F16,M2,Spline,2025,2,68,13.867871,0.72058824,0.42857143,0.18277732,66,0.71212121,within-architecture mean forecast across saved fits
F16,M2,Spline,2025,3,102,13.321173,0.71568627,0.41666667,0.17342476,100,0.64,within-architecture mean forecast across saved fits
F16,M2,Spline,2025,4,138,12.920562,0.7173913,0.32352941,0.17931284,135,0.62962963,within-architecture mean forecast across saved fits
F16,M2,Spline,2025,5,176,12.500316,0.69318182,0.30232558,0.18771611,172,0.59302326,within-architecture mean forecast across saved fits
F16,M2,Spline,2025,6,213,12.400327,0.70422535,0.28,0.1878374,209,0.5645933,within-architecture mean forecast across saved fits
F16,M2,Spline,2025,7,254,12.420206,0.69291339,0.28125,0.19226147,249,0.57429719,within-architecture mean forecast across saved fits
F16,M2,Spline,2025,8,299,12.49603,0.68227425,0.24358974,0.19909184,294,0.58163265,within-architecture mean forecast across saved fits
F16,M2,Spline,2025,9,335,12.466859,0.69552239,0.26136364,0.19417259,328,0.57012195,within-architecture mean forecast across saved fits
F16,M2,Spline,2025,10,377,12.43717,0.69761273,0.27722772,0.19566259,370,0.55675676,within-architecture mean forecast across saved fits
F16,M2,Spline,2025,11,412,12.453622,0.68932039,0.25438596,0.19805787,405,0.55061728,within-architecture mean forecast across saved fits
F16,M2,Spline,2025,12,454,12.582243,0.6938326,0.25409836,0.19553928,447,0.54809843,within-architecture mean forecast across saved fits
F16,M2,Spline,2025,13,496,12.710218,0.69354839,0.25,0.19427337,489,0.53783231,within-architecture mean forecast across saved fits
F16,M2,Spline,2025,14,544,12.676005,0.70036765,0.26027397,0.19308274,533,0.53658537,within-architecture mean forecast across saved fits
F16,M2,Spline,2025,15,552,12.684953,0.69565217,0.25503356,0.19390694,541,0.53419593,within-architecture mean forecast across saved fits
F16,M2,Spline,2025,16,553,12.691914,0.69620253,0.25503356,0.19360113,542,0.53321033,within-architecture mean forecast across saved fits
F16,M3,Random forest,2024,1,27,17.088969,0.66666667,0,0.1771846,27,0.44444444,within-architecture mean forecast across saved fits
F16,M3,Random forest,2024,2,67,16.485326,0.65671642,0.17391304,0.19817566,66,0.48484848,within-architecture mean forecast across saved fits
F16,M3,Random forest,2024,3,112,16.151625,0.70535714,0.25,0.18037906,110,0.44545455,within-architecture mean forecast across saved fits
F16,M3,Random forest,2024,4,158,15.482049,0.70886076,0.27272727,0.17912521,156,0.45512821,within-architecture mean forecast across saved fits
F16,M3,Random forest,2024,5,202,14.513995,0.71782178,0.31034483,0.18041619,198,0.46969697,within-architecture mean forecast across saved fits
F16,M3,Random forest,2024,6,241,14.000942,0.71369295,0.27536232,0.18429315,236,0.48728814,within-architecture mean forecast across saved fits
F16,M3,Random forest,2024,7,288,13.725943,0.71527778,0.28395062,0.18470902,281,0.48754448,within-architecture mean forecast across saved fits
F16,M3,Random forest,2024,8,339,13.511236,0.69616519,0.25,0.1886359,331,0.47734139,within-architecture mean forecast across saved fits
F16,M3,Random forest,2024,9,384,13.307755,0.71354167,0.26415094,0.18495389,374,0.48128342,within-architecture mean forecast across saved fits
F16,M3,Random forest,2024,10,423,13.327926,0.70449173,0.24590164,0.19185479,412,0.48543689,within-architecture mean forecast across saved fits
F16,M3,Random forest,2024,11,465,13.230138,0.70752688,0.2481203,0.19167315,453,0.47682119,within-architecture mean forecast across saved fits
F16,M3,Random forest,2024,12,509,13.093434,0.71119843,0.24305556,0.18969417,497,0.48088531,within-architecture mean forecast across saved fits
F16,M3,Random forest,2024,13,561,13.000309,0.71479501,0.25,0.188006,549,0.48998179,within-architecture mean forecast across saved fits
F16,M3,Random forest,2024,14,618,12.947688,0.71197411,0.24431818,0.1892871,604,0.48344371,within-architecture mean forecast across saved fits
F16,M3,Random forest,2024,15,625,13.025372,0.7104,0.24861878,0.19003202,611,0.48281506,within-architecture mean forecast across saved fits
F16,M3,Random forest,2024,16,626,13.044972,0.70926518,0.24725275,0.19047249,612,0.48202614,within-architecture mean forecast across saved fits
F16,M3,Random forest,2025,1,30,11.152361,0.7,0.2,0.17892695,30,0.7,within-architecture mean forecast across saved fits
F16,M3,Random forest,2025,2,68,12.349977,0.75,0.35714286,0.16838246,66,0.63636364,within-architecture mean forecast across saved fits
F16,M3,Random forest,2025,3,102,12.270926,0.75490196,0.33333333,0.16476001,100,0.65,within-architecture mean forecast across saved fits
F16,M3,Random forest,2025,4,138,12.334245,0.74637681,0.32352941,0.1731622,135,0.62962963,within-architecture mean forecast across saved fits
F16,M3,Random forest,2025,5,176,11.862112,0.72159091,0.25581395,0.18012022,172,0.60465116,within-architecture mean forecast across saved fits
F16,M3,Random forest,2025,6,213,11.934423,0.71830986,0.24,0.18223175,209,0.55980861,within-architecture mean forecast across saved fits
F16,M3,Random forest,2025,7,254,12.048137,0.70472441,0.203125,0.18673001,249,0.54618474,within-architecture mean forecast across saved fits
F16,M3,Random forest,2025,8,299,12.005096,0.70568562,0.20512821,0.18981602,294,0.56122449,within-architecture mean forecast across saved fits
F16,M3,Random forest,2025,9,335,11.994939,0.71641791,0.21590909,0.18604294,328,0.54573171,within-architecture mean forecast across saved fits
F16,M3,Random forest,2025,10,377,12.067125,0.70822281,0.1980198,0.18831061,370,0.53243243,within-architecture mean forecast across saved fits
F16,M3,Random forest,2025,11,412,12.018446,0.70873786,0.20175439,0.18994742,405,0.54074074,within-architecture mean forecast across saved fits
F16,M3,Random forest,2025,12,454,12.112315,0.71365639,0.18852459,0.18659945,447,0.52572707,within-architecture mean forecast across saved fits
F16,M3,Random forest,2025,13,496,12.248205,0.71774194,0.18181818,0.18451513,489,0.52760736,within-architecture mean forecast across saved fits
F16,M3,Random forest,2025,14,544,12.221522,0.71875,0.19178082,0.18396662,533,0.53095685,within-architecture mean forecast across saved fits
F16,M3,Random forest,2025,15,552,12.235984,0.71557971,0.18791946,0.18490509,541,0.52865065,within-architecture mean forecast across saved fits
F16,M3,Random forest,2025,16,553,12.238817,0.71609403,0.18791946,0.18463457,542,0.52767528,within-architecture mean forecast across saved fits
F16,M4,Boosted trees,2024,1,27,17.125344,0.66666667,0,0.17608267,27,0.40740741,within-architecture mean forecast across saved fits
F16,M4,Boosted trees,2024,2,67,16.308906,0.67164179,0.2173913,0.19314383,66,0.5,within-architecture mean forecast across saved fits
F16,M4,Boosted trees,2024,3,112,16.19714,0.71428571,0.28125,0.18180539,110,0.44545455,within-architecture mean forecast across saved fits
F16,M4,Boosted trees,2024,4,158,15.614119,0.69620253,0.25,0.18372557,156,0.44871795,within-architecture mean forecast across saved fits
F16,M4,Boosted trees,2024,5,202,14.794184,0.71287129,0.31034483,0.18589255,198,0.44949495,within-architecture mean forecast across saved fits
F16,M4,Boosted trees,2024,6,241,14.239778,0.70954357,0.28985507,0.1896376,236,0.45762712,within-architecture mean forecast across saved fits
F16,M4,Boosted trees,2024,7,288,13.910963,0.70486111,0.28395062,0.18920562,281,0.45907473,within-architecture mean forecast across saved fits
F16,M4,Boosted trees,2024,8,339,13.668525,0.68436578,0.25,0.192694,331,0.45015106,within-architecture mean forecast across saved fits
F16,M4,Boosted trees,2024,9,384,13.454383,0.69270833,0.24528302,0.18857605,374,0.44919786,within-architecture mean forecast across saved fits
F16,M4,Boosted trees,2024,10,423,13.462926,0.6855792,0.2295082,0.19516777,412,0.45631068,within-architecture mean forecast across saved fits
F16,M4,Boosted trees,2024,11,465,13.393273,0.69462366,0.2406015,0.19535381,453,0.45033113,within-architecture mean forecast across saved fits
F16,M4,Boosted trees,2024,12,509,13.237026,0.69548134,0.22916667,0.1928723,497,0.4527163,within-architecture mean forecast across saved fits
F16,M4,Boosted trees,2024,13,561,13.125771,0.70053476,0.2375,0.19082745,549,0.46812386,within-architecture mean forecast across saved fits
F16,M4,Boosted trees,2024,14,618,13.075453,0.69902913,0.23295455,0.19246743,604,0.4602649,within-architecture mean forecast across saved fits
F16,M4,Boosted trees,2024,15,625,13.157362,0.696,0.2320442,0.19330366,611,0.4599018,within-architecture mean forecast across saved fits
F16,M4,Boosted trees,2024,16,626,13.175115,0.69488818,0.23076923,0.19369223,612,0.46078431,within-architecture mean forecast across saved fits
F16,M4,Boosted trees,2025,1,30,11.012999,0.73333333,0.4,0.17354472,30,0.73333333,within-architecture mean forecast across saved fits
F16,M4,Boosted trees,2025,2,68,12.254945,0.77941176,0.42857143,0.16319906,66,0.63636364,within-architecture mean forecast across saved fits
F16,M4,Boosted trees,2025,3,102,12.460579,0.7745098,0.375,0.16275444,100,0.64,within-architecture mean forecast across saved fits
F16,M4,Boosted trees,2025,4,138,12.656547,0.76086957,0.35294118,0.17404747,135,0.6,within-architecture mean forecast across saved fits
F16,M4,Boosted trees,2025,5,176,12.137629,0.74431818,0.27906977,0.17995753,172,0.58139535,within-architecture mean forecast across saved fits
F16,M4,Boosted trees,2025,6,213,12.101038,0.74178404,0.26,0.18082501,209,0.55023923,within-architecture mean forecast across saved fits
F16,M4,Boosted trees,2025,7,254,12.22702,0.72834646,0.234375,0.18628391,249,0.53012048,within-architecture mean forecast across saved fits
F16,M4,Boosted trees,2025,8,299,12.196104,0.73244147,0.23076923,0.18909398,294,0.53741497,within-architecture mean forecast across saved fits
F16,M4,Boosted trees,2025,9,335,12.179575,0.73731343,0.23863636,0.1857307,328,0.52134146,within-architecture mean forecast across saved fits
F16,M4,Boosted trees,2025,10,377,12.193075,0.72679045,0.21782178,0.18759454,370,0.51081081,within-architecture mean forecast across saved fits
F16,M4,Boosted trees,2025,11,412,12.122281,0.72330097,0.21052632,0.18870158,405,0.51851852,within-architecture mean forecast across saved fits
F16,M4,Boosted trees,2025,12,454,12.216482,0.72687225,0.20491803,0.18587551,447,0.50782998,within-architecture mean forecast across saved fits
F16,M4,Boosted trees,2025,13,496,12.369212,0.72782258,0.1969697,0.18458248,489,0.50511247,within-architecture mean forecast across saved fits
F16,M4,Boosted trees,2025,14,544,12.370721,0.72977941,0.21232877,0.18477058,533,0.50281426,within-architecture mean forecast across saved fits
F16,M4,Boosted trees,2025,15,552,12.379681,0.72644928,0.20805369,0.18573692,541,0.50092421,within-architecture mean forecast across saved fits
F16,M4,Boosted trees,2025,16,553,12.383732,0.72694394,0.20805369,0.18545801,542,0.5,within-architecture mean forecast across saved fits
F16,M5,Neural net,2024,1,27,18.23933,0.7037037,0.125,0.18920035,27,0.44444444,within-architecture mean forecast across saved fits
F16,M5,Neural net,2024,2,67,18.222298,0.70149254,0.39130435,0.21796341,66,0.45454545,within-architecture mean forecast across saved fits
F16,M5,Neural net,2024,3,112,17.60232,0.72321429,0.34375,0.20014642,110,0.46363636,within-architecture mean forecast across saved fits
F16,M5,Neural net,2024,4,158,16.881267,0.70886076,0.34090909,0.19809513,156,0.46153846,within-architecture mean forecast across saved fits
F16,M5,Neural net,2024,5,202,16.237566,0.69306931,0.32758621,0.20458061,198,0.46464646,within-architecture mean forecast across saved fits
F16,M5,Neural net,2024,6,241,15.678679,0.69709544,0.31884058,0.20595681,236,0.45762712,within-architecture mean forecast across saved fits
F16,M5,Neural net,2024,7,288,15.534459,0.6875,0.33333333,0.20883468,281,0.46263345,within-architecture mean forecast across saved fits
F16,M5,Neural net,2024,8,339,15.236487,0.67551622,0.33333333,0.21244065,331,0.45619335,within-architecture mean forecast across saved fits
F16,M5,Neural net,2024,9,384,14.950177,0.6796875,0.31132075,0.20848272,374,0.45989305,within-architecture mean forecast across saved fits
F16,M5,Neural net,2024,10,423,14.892792,0.67375887,0.31147541,0.21436858,412,0.45873786,within-architecture mean forecast across saved fits
F16,M5,Neural net,2024,11,465,14.947193,0.66451613,0.30827068,0.21665138,453,0.45033113,within-architecture mean forecast across saved fits
F16,M5,Neural net,2024,12,509,14.726398,0.66797642,0.30555556,0.21428037,497,0.4527163,within-architecture mean forecast across saved fits
F16,M5,Neural net,2024,13,561,14.648755,0.66666667,0.31875,0.2127126,549,0.45901639,within-architecture mean forecast across saved fits
F16,M5,Neural net,2024,14,618,14.687896,0.6618123,0.30681818,0.21505216,604,0.4486755,within-architecture mean forecast across saved fits
F16,M5,Neural net,2024,15,625,14.805398,0.6592,0.3038674,0.21571373,611,0.44844517,within-architecture mean forecast across saved fits
F16,M5,Neural net,2024,16,626,14.814215,0.65814696,0.3021978,0.21588198,612,0.44934641,within-architecture mean forecast across saved fits
F16,M5,Neural net,2025,1,30,13.252794,0.7,0.6,0.20213767,30,0.6,within-architecture mean forecast across saved fits
F16,M5,Neural net,2025,2,68,13.570143,0.75,0.42857143,0.17518541,66,0.59090909,within-architecture mean forecast across saved fits
F16,M5,Neural net,2025,3,102,13.34216,0.7254902,0.33333333,0.17548526,100,0.55,within-architecture mean forecast across saved fits
F16,M5,Neural net,2025,4,138,13.240095,0.7173913,0.26470588,0.18415904,135,0.57037037,within-architecture mean forecast across saved fits
F16,M5,Neural net,2025,5,176,13.030662,0.70454545,0.27906977,0.19397568,172,0.55813953,within-architecture mean forecast across saved fits
F16,M5,Neural net,2025,6,213,13.340561,0.69014085,0.24,0.20238321,209,0.53110048,within-architecture mean forecast across saved fits
F16,M5,Neural net,2025,7,254,13.556168,0.67716535,0.21875,0.20700247,249,0.53012048,within-architecture mean forecast across saved fits
F16,M5,Neural net,2025,8,299,13.427801,0.66555184,0.21794872,0.21005215,294,0.53741497,within-architecture mean forecast across saved fits
F16,M5,Neural net,2025,9,335,13.274925,0.67462687,0.23863636,0.2056177,328,0.54268293,within-architecture mean forecast across saved fits
F16,M5,Neural net,2025,10,377,13.407342,0.67108753,0.25742574,0.20863,370,0.54054054,within-architecture mean forecast across saved fits
F16,M5,Neural net,2025,11,412,13.47771,0.66504854,0.25438596,0.21268672,405,0.5382716,within-architecture mean forecast across saved fits
F16,M5,Neural net,2025,12,454,13.584884,0.66740088,0.2704918,0.21141756,447,0.53020134,within-architecture mean forecast across saved fits
F16,M5,Neural net,2025,13,496,13.724958,0.67137097,0.25757576,0.21027968,489,0.52351738,within-architecture mean forecast across saved fits
F16,M5,Neural net,2025,14,544,13.729421,0.67463235,0.28767123,0.20947546,533,0.51969981,within-architecture mean forecast across saved fits
F16,M5,Neural net,2025,15,552,13.747492,0.67391304,0.29530201,0.21048706,541,0.5194085,within-architecture mean forecast across saved fits
F16,M5,Neural net,2025,16,553,13.733348,0.67450271,0.29530201,0.21032583,542,0.51845018,within-architecture mean forecast across saved fits
F17_market,M1,Linear,2024,1,27,16.851457,0.7037037,0,0.19143745,27,0.51851852,within-architecture mean forecast across saved fits
F17_market,M1,Linear,2024,2,67,15.655242,0.68656716,0.13043478,0.18843579,66,0.51515152,within-architecture mean forecast across saved fits
F17_market,M1,Linear,2024,3,112,15.346887,0.71428571,0.09375,0.16993842,110,0.49090909,within-architecture mean forecast across saved fits
F17_market,M1,Linear,2024,4,158,14.713234,0.71518987,0.068181818,0.16776751,156,0.49358974,within-architecture mean forecast across saved fits
F17_market,M1,Linear,2024,5,202,14.059549,0.7029703,0.068965517,0.17258443,198,0.48989899,within-architecture mean forecast across saved fits
F17_market,M1,Linear,2024,6,241,13.6376,0.70124481,0.086956522,0.17605919,236,0.51271186,within-architecture mean forecast across saved fits
F17_market,M1,Linear,2024,7,288,13.195732,0.70486111,0.086419753,0.17671887,281,0.51601423,within-architecture mean forecast across saved fits
F17_market,M1,Linear,2024,8,339,12.978096,0.69321534,0.083333333,0.18022477,331,0.51057402,within-architecture mean forecast across saved fits
F17_market,M1,Linear,2024,9,384,12.72402,0.70572917,0.094339623,0.17521683,374,0.52139037,within-architecture mean forecast across saved fits
F17_market,M1,Linear,2024,10,423,12.787955,0.69739953,0.090163934,0.18216444,412,0.52427184,within-architecture mean forecast across saved fits
F17_market,M1,Linear,2024,11,465,12.650806,0.70107527,0.090225564,0.18031079,453,0.52317881,within-architecture mean forecast across saved fits
F17_market,M1,Linear,2024,12,509,12.511687,0.70530452,0.097222222,0.17796909,497,0.53118712,within-architecture mean forecast across saved fits
F17_market,M1,Linear,2024,13,561,12.50844,0.70766488,0.1,0.17847826,549,0.53916211,within-architecture mean forecast across saved fits
F17_market,M1,Linear,2024,14,618,12.428056,0.70550162,0.090909091,0.18001539,604,0.53642384,within-architecture mean forecast across saved fits
F17_market,M1,Linear,2024,15,625,12.527035,0.7024,0.093922652,0.18119184,611,0.53682488,within-architecture mean forecast across saved fits
F17_market,M1,Linear,2024,16,626,12.541073,0.70127796,0.093406593,0.18147589,612,0.5375817,within-architecture mean forecast across saved fits
F17_market,M1,Linear,2025,1,30,11.301684,0.8,0,0.15431293,30,0.6,within-architecture mean forecast across saved fits
F17_market,M1,Linear,2025,2,68,11.905315,0.77941176,0.071428571,0.15409311,66,0.54545455,within-architecture mean forecast across saved fits
F17_market,M1,Linear,2025,3,102,11.881881,0.74509804,0.083333333,0.15869232,100,0.54,within-architecture mean forecast across saved fits
F17_market,M1,Linear,2025,4,138,11.867557,0.73913043,0.058823529,0.17064981,135,0.54074074,within-architecture mean forecast across saved fits
F17_market,M1,Linear,2025,5,176,11.337915,0.72727273,0.046511628,0.17566936,172,0.54069767,within-architecture mean forecast across saved fits
F17_market,M1,Linear,2025,6,213,11.258742,0.7370892,0.04,0.17608231,209,0.51196172,within-architecture mean forecast across saved fits
F17_market,M1,Linear,2025,7,254,11.491855,0.72047244,0.046875,0.18336621,249,0.52610442,within-architecture mean forecast across saved fits
F17_market,M1,Linear,2025,8,299,11.582702,0.71237458,0.038461538,0.18782398,294,0.53401361,within-architecture mean forecast across saved fits
F17_market,M1,Linear,2025,9,335,11.646452,0.71343284,0.034090909,0.18556269,328,0.52134146,within-architecture mean forecast across saved fits
F17_market,M1,Linear,2025,10,377,11.672172,0.71352785,0.03960396,0.1873175,370,0.52432432,within-architecture mean forecast across saved fits
F17_market,M1,Linear,2025,11,412,11.662057,0.70873786,0.043859649,0.19009385,405,0.52345679,within-architecture mean forecast across saved fits
F17_market,M1,Linear,2025,12,454,11.707721,0.72026432,0.049180328,0.18586032,447,0.52348993,within-architecture mean forecast across saved fits
F17_market,M1,Linear,2025,13,496,11.875202,0.72379032,0.045454545,0.18394176,489,0.51329243,within-architecture mean forecast across saved fits
F17_market,M1,Linear,2025,14,544,11.920968,0.72610294,0.054794521,0.18309732,533,0.5065666,within-architecture mean forecast across saved fits
F17_market,M1,Linear,2025,15,552,11.900423,0.72463768,0.053691275,0.18300309,541,0.51016636,within-architecture mean forecast across saved fits
F17_market,M1,Linear,2025,16,553,11.890979,0.72513562,0.053691275,0.18283302,542,0.50922509,within-architecture mean forecast across saved fits
F17_market,M10,KNN,2024,1,27,18.209259,0.59259259,0,0.19437664,27,0.37037037,within-architecture mean forecast across saved fits
F17_market,M10,KNN,2024,2,67,16.579851,0.67164179,0.30434783,0.19155473,66,0.46969697,within-architecture mean forecast across saved fits
F17_market,M10,KNN,2024,3,112,16.5375,0.67857143,0.25,0.18234997,110,0.43636364,within-architecture mean forecast across saved fits
F17_market,M10,KNN,2024,4,158,15.754114,0.70253165,0.27272727,0.17733466,156,0.48076923,within-architecture mean forecast across saved fits
F17_market,M10,KNN,2024,5,202,15.189851,0.68811881,0.24137931,0.18328422,198,0.48484848,within-architecture mean forecast across saved fits
F17_market,M10,KNN,2024,6,241,14.510996,0.69294606,0.2173913,0.18592617,236,0.51694915,within-architecture mean forecast across saved fits
F17_market,M10,KNN,2024,7,288,14.350694,0.69097222,0.25925926,0.19161009,281,0.51245552,within-architecture mean forecast across saved fits
F17_market,M10,KNN,2024,8,339,14.169764,0.66961652,0.23958333,0.19806804,330,0.5030303,within-architecture mean forecast across saved fits
F17_market,M10,KNN,2024,9,384,13.842448,0.6796875,0.24528302,0.19386359,373,0.50670241,within-architecture mean forecast across saved fits
F17_market,M10,KNN,2024,10,423,13.936407,0.65957447,0.2295082,0.2012525,411,0.50121655,within-architecture mean forecast across saved fits
F17_market,M10,KNN,2024,11,465,13.901505,0.65591398,0.2406015,0.20247767,452,0.50221239,within-architecture mean forecast across saved fits
F17_market,M10,KNN,2024,12,509,13.664145,0.66797642,0.24305556,0.19876521,496,0.5141129,within-architecture mean forecast across saved fits
F17_market,M10,KNN,2024,13,561,13.538324,0.67201426,0.25,0.19759271,548,0.52007299,within-architecture mean forecast across saved fits
F17_market,M10,KNN,2024,14,618,13.609709,0.67152104,0.25,0.20040264,603,0.51243781,within-architecture mean forecast across saved fits
F17_market,M10,KNN,2024,15,625,13.68176,0.6688,0.24861878,0.20113334,610,0.5147541,within-architecture mean forecast across saved fits
F17_market,M10,KNN,2024,16,626,13.698962,0.66773163,0.24725275,0.20143592,611,0.51554828,within-architecture mean forecast across saved fits
F17_market,M10,KNN,2025,1,30,10.28,0.7,0.4,0.15868066,30,0.7,within-architecture mean forecast across saved fits
F17_market,M10,KNN,2025,2,68,12.922794,0.72058824,0.42857143,0.17201439,66,0.62121212,within-architecture mean forecast across saved fits
F17_market,M10,KNN,2025,3,102,12.590196,0.7254902,0.41666667,0.16908695,100,0.6,within-architecture mean forecast across saved fits
F17_market,M10,KNN,2025,4,138,12.460145,0.70289855,0.35294118,0.1783394,135,0.57777778,within-architecture mean forecast across saved fits
F17_market,M10,KNN,2025,5,176,12.071591,0.69886364,0.30232558,0.18278761,172,0.56395349,within-architecture mean forecast across saved fits
F17_market,M10,KNN,2025,6,213,11.984272,0.70892019,0.3,0.18273401,209,0.55023923,within-architecture mean forecast across saved fits
F17_market,M10,KNN,2025,7,254,11.984843,0.70472441,0.328125,0.18360576,249,0.54618474,within-architecture mean forecast across saved fits
F17_market,M10,KNN,2025,8,299,12.366722,0.69565217,0.30769231,0.19154652,294,0.5170068,within-architecture mean forecast across saved fits
F17_market,M10,KNN,2025,9,335,12.292836,0.69850746,0.30681818,0.18913803,327,0.51070336,within-architecture mean forecast across saved fits
F17_market,M10,KNN,2025,10,377,12.520822,0.68700265,0.2970297,0.19494524,369,0.50135501,within-architecture mean forecast across saved fits
F17_market,M10,KNN,2025,11,412,12.548301,0.6868932,0.28947368,0.19654012,404,0.5,within-architecture mean forecast across saved fits
F17_market,M10,KNN,2025,12,454,12.643612,0.69162996,0.27868852,0.19543045,446,0.5,within-architecture mean forecast across saved fits
F17_market,M10,KNN,2025,13,496,12.729738,0.69959677,0.28030303,0.19201076,488,0.5102459,within-architecture mean forecast across saved fits
F17_market,M10,KNN,2025,14,544,12.88511,0.69669118,0.29452055,0.1938358,532,0.5037594,within-architecture mean forecast across saved fits
F17_market,M10,KNN,2025,15,552,12.918841,0.69202899,0.2885906,0.195588,540,0.5,within-architecture mean forecast across saved fits
F17_market,M10,KNN,2025,16,553,12.915732,0.6925859,0.2885906,0.19536289,541,0.49907579,within-architecture mean forecast across saved fits
F17_market,M2,Spline,2024,1,27,15.919247,0.59259259,0,0.19710895,27,0.40740741,within-architecture mean forecast across saved fits
F17_market,M2,Spline,2024,2,67,15.733618,0.64179104,0.2173913,0.18918804,66,0.43939394,within-architecture mean forecast across saved fits
F17_market,M2,Spline,2024,3,112,15.456393,0.6875,0.15625,0.17105841,110,0.48181818,within-architecture mean forecast across saved fits
F17_market,M2,Spline,2024,4,158,14.877586,0.69620253,0.20454545,0.17137185,156,0.45512821,within-architecture mean forecast across saved fits
F17_market,M2,Spline,2024,5,202,14.084004,0.6980198,0.22413793,0.17427842,198,0.46969697,within-architecture mean forecast across saved fits
F17_market,M2,Spline,2024,6,241,13.773983,0.69294606,0.20289855,0.17806193,236,0.47881356,within-architecture mean forecast across saved fits
F17_market,M2,Spline,2024,7,288,13.514105,0.68402778,0.19753086,0.18207786,281,0.47686833,within-architecture mean forecast across saved fits
F17_market,M2,Spline,2024,8,339,13.380335,0.66961652,0.17708333,0.18752627,331,0.47734139,within-architecture mean forecast across saved fits
F17_market,M2,Spline,2024,9,384,13.031919,0.6875,0.19811321,0.18231825,374,0.4973262,within-architecture mean forecast across saved fits
F17_market,M2,Spline,2024,10,423,13.198372,0.6713948,0.18032787,0.18953115,412,0.49757282,within-architecture mean forecast across saved fits
F17_market,M2,Spline,2024,11,465,13.111419,0.67526882,0.18045113,0.18994309,453,0.49889625,within-architecture mean forecast across saved fits
F17_market,M2,Spline,2024,12,509,12.921491,0.68762279,0.19444444,0.18662877,497,0.50704225,within-architecture mean forecast across saved fits
F17_market,M2,Spline,2024,13,561,12.968974,0.68270945,0.20625,0.18757785,549,0.50273224,within-architecture mean forecast across saved fits
F17_market,M2,Spline,2024,14,618,13.045324,0.67961165,0.19318182,0.19097411,604,0.50165563,within-architecture mean forecast across saved fits
F17_market,M2,Spline,2024,15,625,13.125967,0.6784,0.19889503,0.19156316,611,0.50245499,within-architecture mean forecast across saved fits
F17_market,M2,Spline,2024,16,626,13.150246,0.67731629,0.1978022,0.19210231,612,0.50163399,within-architecture mean forecast across saved fits
F17_market,M2,Spline,2025,1,30,11.067207,0.8,0.4,0.15018052,30,0.6,within-architecture mean forecast across saved fits
F17_market,M2,Spline,2025,2,68,12.588255,0.77941176,0.28571429,0.16198161,66,0.59090909,within-architecture mean forecast across saved fits
F17_market,M2,Spline,2025,3,102,12.399046,0.75490196,0.375,0.15851021,100,0.57,within-architecture mean forecast across saved fits
F17_market,M2,Spline,2025,4,138,12.143234,0.73188406,0.26470588,0.17187419,135,0.56296296,within-architecture mean forecast across saved fits
F17_market,M2,Spline,2025,5,176,11.731449,0.71022727,0.23255814,0.18138411,172,0.54069767,within-architecture mean forecast across saved fits
F17_market,M2,Spline,2025,6,213,11.692535,0.72300469,0.22,0.18190172,209,0.53110048,within-architecture mean forecast across saved fits
F17_market,M2,Spline,2025,7,254,11.885952,0.71259843,0.234375,0.18844463,249,0.55421687,within-architecture mean forecast across saved fits
F17_market,M2,Spline,2025,8,299,12.096861,0.69565217,0.20512821,0.19630527,294,0.54761905,within-architecture mean forecast across saved fits
F17_market,M2,Spline,2025,9,335,12.062478,0.71044776,0.22727273,0.1920999,328,0.54573171,within-architecture mean forecast across saved fits
F17_market,M2,Spline,2025,10,377,12.048438,0.71352785,0.24752475,0.19296314,370,0.54324324,within-architecture mean forecast across saved fits
F17_market,M2,Spline,2025,11,412,12.04264,0.69902913,0.22807018,0.19595346,405,0.53333333,within-architecture mean forecast across saved fits
F17_market,M2,Spline,2025,12,454,12.179889,0.70044053,0.2295082,0.19287884,447,0.52796421,within-architecture mean forecast across saved fits
F17_market,M2,Spline,2025,13,496,12.357605,0.7016129,0.22727273,0.19183086,489,0.51533742,within-architecture mean forecast across saved fits
F17_market,M2,Spline,2025,14,544,12.409668,0.70588235,0.23287671,0.19082072,533,0.50844278,within-architecture mean forecast across saved fits
F17_market,M2,Spline,2025,15,552,12.402512,0.70289855,0.23489933,0.19125732,541,0.51016636,within-architecture mean forecast across saved fits
F17_market,M2,Spline,2025,16,553,12.405037,0.7034358,0.23489933,0.1909776,542,0.50922509,within-architecture mean forecast across saved fits
F17_market,M3,Random forest,2024,1,27,16.348862,0.66666667,0,0.17968957,27,0.44444444,within-architecture mean forecast across saved fits
F17_market,M3,Random forest,2024,2,67,15.301485,0.67164179,0.13043478,0.18592978,66,0.53030303,within-architecture mean forecast across saved fits
F17_market,M3,Random forest,2024,3,112,14.876235,0.73214286,0.125,0.16236211,110,0.51818182,within-architecture mean forecast across saved fits
F17_market,M3,Random forest,2024,4,158,14.497064,0.70886076,0.11363636,0.16535625,156,0.48717949,within-architecture mean forecast across saved fits
F17_market,M3,Random forest,2024,5,202,13.765398,0.7029703,0.12068966,0.17033962,198,0.51515152,within-architecture mean forecast across saved fits
F17_market,M3,Random forest,2024,6,241,13.443033,0.69709544,0.11594203,0.17599144,236,0.51694915,within-architecture mean forecast across saved fits
F17_market,M3,Random forest,2024,7,288,13.046833,0.70486111,0.11111111,0.17645743,281,0.53024911,within-architecture mean forecast across saved fits
F17_market,M3,Random forest,2024,8,339,12.812107,0.69616519,0.09375,0.17907799,331,0.52567976,within-architecture mean forecast across saved fits
F17_market,M3,Random forest,2024,9,384,12.623713,0.7109375,0.11320755,0.17497556,374,0.52941176,within-architecture mean forecast across saved fits
F17_market,M3,Random forest,2024,10,423,12.736706,0.69739953,0.098360656,0.18348374,412,0.51941748,within-architecture mean forecast across saved fits
F17_market,M3,Random forest,2024,11,465,12.628854,0.69892473,0.090225564,0.18213827,453,0.51214128,within-architecture mean forecast across saved fits
F17_market,M3,Random forest,2024,12,509,12.506134,0.70137525,0.090277778,0.18008106,497,0.50905433,within-architecture mean forecast across saved fits
F17_market,M3,Random forest,2024,13,561,12.468421,0.70588235,0.10625,0.17946054,549,0.51730419,within-architecture mean forecast across saved fits
F17_market,M3,Random forest,2024,14,618,12.411687,0.7038835,0.10227273,0.18084778,604,0.50331126,within-architecture mean forecast across saved fits
F17_market,M3,Random forest,2024,15,625,12.503358,0.7024,0.11049724,0.18181508,611,0.50572831,within-architecture mean forecast across saved fits
F17_market,M3,Random forest,2024,16,626,12.524629,0.70127796,0.10989011,0.18231386,612,0.50490196,within-architecture mean forecast across saved fits
F17_market,M3,Random forest,2025,1,30,10.741894,0.8,0.2,0.16182959,30,0.63333333,within-architecture mean forecast across saved fits
F17_market,M3,Random forest,2025,2,68,11.25992,0.83823529,0.35714286,0.14917564,66,0.65151515,within-architecture mean forecast across saved fits
F17_market,M3,Random forest,2025,3,102,11.406257,0.78431373,0.25,0.15413528,100,0.62,within-architecture mean forecast across saved fits
F17_market,M3,Random forest,2025,4,138,11.35651,0.76811594,0.20588235,0.16656987,135,0.63703704,within-architecture mean forecast across saved fits
F17_market,M3,Random forest,2025,5,176,10.945174,0.75568182,0.1627907,0.17069069,172,0.59302326,within-architecture mean forecast across saved fits
F17_market,M3,Random forest,2025,6,213,10.934396,0.75586854,0.14,0.17271843,209,0.55980861,within-architecture mean forecast across saved fits
F17_market,M3,Random forest,2025,7,254,11.212851,0.73622047,0.109375,0.1797854,249,0.54618474,within-architecture mean forecast across saved fits
F17_market,M3,Random forest,2025,8,299,11.343156,0.73244147,0.11538462,0.18515528,294,0.56462585,within-architecture mean forecast across saved fits
F17_market,M3,Random forest,2025,9,335,11.361031,0.74029851,0.13636364,0.18160359,328,0.56707317,within-architecture mean forecast across saved fits
F17_market,M3,Random forest,2025,10,377,11.393732,0.73209549,0.11881188,0.18367495,370,0.57027027,within-architecture mean forecast across saved fits
F17_market,M3,Random forest,2025,11,412,11.401686,0.72815534,0.12280702,0.18604599,405,0.56790123,within-architecture mean forecast across saved fits
F17_market,M3,Random forest,2025,12,454,11.51576,0.73127753,0.1147541,0.18303394,447,0.5458613,within-architecture mean forecast across saved fits
F17_market,M3,Random forest,2025,13,496,11.662012,0.73387097,0.11363636,0.18019601,489,0.54192229,within-architecture mean forecast across saved fits
F17_market,M3,Random forest,2025,14,544,11.705232,0.73529412,0.13013699,0.1793589,533,0.54033771,within-architecture mean forecast across saved fits
F17_market,M3,Random forest,2025,15,552,11.701416,0.73369565,0.12751678,0.17965156,541,0.53974122,within-architecture mean forecast across saved fits
F17_market,M3,Random forest,2025,16,553,11.695438,0.73417722,0.12751678,0.17944925,542,0.53874539,within-architecture mean forecast across saved fits
F17_market,M4,Boosted trees,2024,1,27,15.593176,0.7037037,0,0.1779246,27,0.55555556,within-architecture mean forecast across saved fits
F17_market,M4,Boosted trees,2024,2,67,14.778844,0.68656716,0.13043478,0.18139578,66,0.56060606,within-architecture mean forecast across saved fits
F17_market,M4,Boosted trees,2024,3,112,14.44281,0.74107143,0.125,0.16026546,110,0.52727273,within-architecture mean forecast across saved fits
F17_market,M4,Boosted trees,2024,4,158,14.098329,0.7278481,0.13636364,0.16387269,156,0.49358974,within-architecture mean forecast across saved fits
F17_market,M4,Boosted trees,2024,5,202,13.43973,0.72772277,0.15517241,0.16910431,198,0.51010101,within-architecture mean forecast across saved fits
F17_market,M4,Boosted trees,2024,6,241,13.155517,0.7219917,0.14492754,0.17475706,236,0.52118644,within-architecture mean forecast across saved fits
F17_market,M4,Boosted trees,2024,7,288,12.817273,0.72222222,0.12345679,0.17643235,281,0.52669039,within-architecture mean forecast across saved fits
F17_market,M4,Boosted trees,2024,8,339,12.625411,0.71386431,0.11458333,0.17881419,331,0.53172205,within-architecture mean forecast across saved fits
F17_market,M4,Boosted trees,2024,9,384,12.413234,0.72395833,0.12264151,0.17512665,374,0.55080214,within-architecture mean forecast across saved fits
F17_market,M4,Boosted trees,2024,10,423,12.540791,0.70685579,0.10655738,0.18347039,412,0.5461165,within-architecture mean forecast across saved fits
F17_market,M4,Boosted trees,2024,11,465,12.446947,0.70752688,0.10526316,0.18225812,453,0.54083885,within-architecture mean forecast across saved fits
F17_market,M4,Boosted trees,2024,12,509,12.309953,0.71316306,0.11111111,0.18030714,497,0.54527163,within-architecture mean forecast across saved fits
F17_market,M4,Boosted trees,2024,13,561,12.290855,0.71657754,0.125,0.17975749,549,0.54462659,within-architecture mean forecast across saved fits
F17_market,M4,Boosted trees,2024,14,618,12.277621,0.7184466,0.125,0.18086898,604,0.5281457,within-architecture mean forecast across saved fits
F17_market,M4,Boosted trees,2024,15,625,12.376255,0.7152,0.12707182,0.18199658,611,0.52864157,within-architecture mean forecast across saved fits
F17_market,M4,Boosted trees,2024,16,626,12.394815,0.71405751,0.12637363,0.18239585,612,0.52941176,within-architecture mean forecast across saved fits
F17_market,M4,Boosted trees,2025,1,30,10.232379,0.73333333,0,0.15797301,30,0.66666667,within-architecture mean forecast across saved fits
F17_market,M4,Boosted trees,2025,2,68,10.766918,0.77941176,0.14285714,0.14967985,66,0.6969697,within-architecture mean forecast across saved fits
F17_market,M4,Boosted trees,2025,3,102,11.135975,0.74509804,0.125,0.15496946,100,0.61,within-architecture mean forecast across saved fits
F17_market,M4,Boosted trees,2025,4,138,11.152088,0.74637681,0.11764706,0.16703423,135,0.60740741,within-architecture mean forecast across saved fits
F17_market,M4,Boosted trees,2025,5,176,10.820363,0.73863636,0.093023256,0.17179874,172,0.58139535,within-architecture mean forecast across saved fits
F17_market,M4,Boosted trees,2025,6,213,10.91595,0.7370892,0.08,0.17451745,209,0.55502392,within-architecture mean forecast across saved fits
F17_market,M4,Boosted trees,2025,7,254,11.215664,0.71653543,0.0625,0.18181909,249,0.562249,within-architecture mean forecast across saved fits
F17_market,M4,Boosted trees,2025,8,299,11.380072,0.71571906,0.076923077,0.18656519,294,0.55782313,within-architecture mean forecast across saved fits
F17_market,M4,Boosted trees,2025,9,335,11.368432,0.72537313,0.10227273,0.1826868,328,0.56402439,within-architecture mean forecast across saved fits
F17_market,M4,Boosted trees,2025,10,377,11.411935,0.71883289,0.089108911,0.18495387,370,0.56486486,within-architecture mean forecast across saved fits
F17_market,M4,Boosted trees,2025,11,412,11.427434,0.71601942,0.096491228,0.18723938,405,0.56296296,within-architecture mean forecast across saved fits
F17_market,M4,Boosted trees,2025,12,454,11.512686,0.7246696,0.090163934,0.18393425,447,0.54362416,within-architecture mean forecast across saved fits
F17_market,M4,Boosted trees,2025,13,496,11.678993,0.72580645,0.090909091,0.18166734,489,0.5398773,within-architecture mean forecast across saved fits
F17_market,M4,Boosted trees,2025,14,544,11.760019,0.72610294,0.10273973,0.18174868,533,0.53658537,within-architecture mean forecast across saved fits
F17_market,M4,Boosted trees,2025,15,552,11.744634,0.72463768,0.10738255,0.18181037,541,0.53974122,within-architecture mean forecast across saved fits
F17_market,M4,Boosted trees,2025,16,553,11.738132,0.72513562,0.10738255,0.18161725,542,0.53874539,within-architecture mean forecast across saved fits
F17_market,M5,Neural net,2024,1,27,18.321763,0.62962963,0,0.18987955,27,0.44444444,within-architecture mean forecast across saved fits
F17_market,M5,Neural net,2024,2,67,17.41597,0.64179104,0.2173913,0.19522732,66,0.45454545,within-architecture mean forecast across saved fits
F17_market,M5,Neural net,2024,3,112,16.470452,0.69642857,0.21875,0.17794372,110,0.47272727,within-architecture mean forecast across saved fits
F17_market,M5,Neural net,2024,4,158,16.130555,0.67721519,0.20454545,0.18338481,156,0.45512821,within-architecture mean forecast across saved fits
F17_market,M5,Neural net,2024,5,202,15.800393,0.65346535,0.20689655,0.19521262,198,0.45454545,within-architecture mean forecast across saved fits
F17_market,M5,Neural net,2024,6,241,15.251567,0.6473029,0.2173913,0.19607033,236,0.47033898,within-architecture mean forecast across saved fits
F17_market,M5,Neural net,2024,7,288,14.880011,0.63888889,0.20987654,0.19997002,281,0.46619217,within-architecture mean forecast across saved fits
F17_market,M5,Neural net,2024,8,339,14.762418,0.63126844,0.19791667,0.20437918,331,0.4652568,within-architecture mean forecast across saved fits
F17_market,M5,Neural net,2024,9,384,14.402359,0.6484375,0.19811321,0.20045091,374,0.47593583,within-architecture mean forecast across saved fits
F17_market,M5,Neural net,2024,10,423,14.436769,0.63593381,0.20491803,0.20677818,412,0.47572816,within-architecture mean forecast across saved fits
F17_market,M5,Neural net,2024,11,465,14.426878,0.64086022,0.21052632,0.20783118,453,0.47682119,within-architecture mean forecast across saved fits
F17_market,M5,Neural net,2024,12,509,14.250544,0.6502947,0.21527778,0.20599723,497,0.48692153,within-architecture mean forecast across saved fits
F17_market,M5,Neural net,2024,13,561,14.237921,0.65062389,0.23125,0.20570854,549,0.4845173,within-architecture mean forecast across saved fits
F17_market,M5,Neural net,2024,14,618,14.265609,0.64401294,0.22159091,0.20734064,604,0.4718543,within-architecture mean forecast across saved fits
F17_market,M5,Neural net,2024,15,625,14.377809,0.6416,0.22099448,0.20790212,611,0.47135843,within-architecture mean forecast across saved fits
F17_market,M5,Neural net,2024,16,626,14.391776,0.64057508,0.21978022,0.20818197,612,0.47222222,within-architecture mean forecast across saved fits
F17_market,M5,Neural net,2025,1,30,13.981774,0.7,0,0.19022587,30,0.36666667,within-architecture mean forecast across saved fits
F17_market,M5,Neural net,2025,2,68,13.260285,0.73529412,0.071428571,0.168404,66,0.5,within-architecture mean forecast across saved fits
F17_market,M5,Neural net,2025,3,102,13.152794,0.70588235,0.125,0.17290984,100,0.53,within-architecture mean forecast across saved fits
F17_market,M5,Neural net,2025,4,138,12.954892,0.70289855,0.14705882,0.18342613,135,0.54814815,within-architecture mean forecast across saved fits
F17_market,M5,Neural net,2025,5,176,12.733064,0.6875,0.1627907,0.19340721,172,0.51744186,within-architecture mean forecast across saved fits
F17_market,M5,Neural net,2025,6,213,12.83142,0.68544601,0.14,0.19530779,209,0.50239234,within-architecture mean forecast across saved fits
F17_market,M5,Neural net,2025,7,254,13.140198,0.67716535,0.140625,0.19978935,249,0.49799197,within-architecture mean forecast across saved fits
F17_market,M5,Neural net,2025,8,299,13.320715,0.65551839,0.12820513,0.20710442,294,0.51020408,within-architecture mean forecast across saved fits
F17_market,M5,Neural net,2025,9,335,13.191247,0.66268657,0.18181818,0.20361305,328,0.51219512,within-architecture mean forecast across saved fits
F17_market,M5,Neural net,2025,10,377,13.279735,0.66047745,0.1980198,0.20553787,370,0.51081081,within-architecture mean forecast across saved fits
F17_market,M5,Neural net,2025,11,412,13.273067,0.66019417,0.21052632,0.20861119,405,0.51111111,within-architecture mean forecast across saved fits
F17_market,M5,Neural net,2025,12,454,13.293131,0.66740088,0.20491803,0.20595621,447,0.50782998,within-architecture mean forecast across saved fits
F17_market,M5,Neural net,2025,13,496,13.43638,0.66733871,0.1969697,0.20448158,489,0.50715746,within-architecture mean forecast across saved fits
F17_market,M5,Neural net,2025,14,544,13.515309,0.66911765,0.21232877,0.20335956,533,0.49718574,within-architecture mean forecast across saved fits
F17_market,M5,Neural net,2025,15,552,13.499206,0.66847826,0.22147651,0.20351362,541,0.49537893,within-architecture mean forecast across saved fits
F17_market,M5,Neural net,2025,16,553,13.477529,0.66907776,0.22147651,0.20346107,542,0.49630996,within-architecture mean forecast across saved fits
